  0
SECTION
  2
HEADER
  9
$ANGBASE
  50
0.0
  9
$ANGDIR
  70
1
  9
$MEASUREMENT
  70
0
  0
ENDSEC
  0
SECTION
  2
TABLES
  0
TABLE
  2
LTYPE
  70
4
  0
LTYPE
  5
40F
  2
CONTINUOUS
  70
0
  3
Solid line
  72
65
  73
0
  40
0.0
  0
LTYPE
  5
410
  2
DASHDOT
 70
0
  3
Dash Dot ____ _ ____ _
 72
65
 73
4
 40
2.0
 49
1.25
 49
-0.25
 49
0.25
 49
-0.25
  0
LTYPE
  5
411
  2
DASHED
 70
0
  3
Dashed __ __ __ __ __
 72
65
 73
2
 40
0.75
 49
0.5
 49
-0.25
  0
LTYPE
  5
43B
  2
DOTTED
 70
0
  3
Dotted .  .  .  .
 72
65
 73
2
 40
0.2
 49
0.0
 49
-0.2
  0
ENDTAB
  0
TABLE
  2
STYLE
  70
4
  0
STYLE
  2
KICAD
  70
0
  40
0
  41
1
  42
1
  50
0
  71
0
  3
isocp.shx
  0
STYLE
  2
KICADB
  70
0
  40
0
  41
1
  42
1
  50
0
  71
0
  3
isocp.shx
  0
STYLE
  2
KICADI
  70
0
  40
0
  41
1
  42
1
  50
15
  71
0
  3
isocp.shx
  0
STYLE
  2
KICADBI
  70
0
  40
0
  41
1
  42
1
  50
15
  71
0
  3
isocp.shx
  0
ENDTAB
  0
TABLE
  2
LAYER
  70
1
  0
LAYER
  2
BLACK
  70
0
  62
7
  6
CONTINUOUS
  0
ENDTAB
  0
ENDSEC
  0
SECTION
  2
ENTITIES
0
LINE
8
BLACK
6
CONTINUOUS
10
9.4010277165354328
20
-6.2784301968503939
11
9.4039015354330715
21
-6.2803504330708657
0
LINE
8
BLACK
6
CONTINUOUS
10
9.4039015354330715
20
-6.2803504330708657
11
9.4058217716535424
21
-6.2832242519685035
0
LINE
8
BLACK
6
CONTINUOUS
10
9.4058217716535424
20
-6.2832242519685035
11
9.4064960629921259
21
-6.2866141732283465
0
LINE
8
BLACK
6
CONTINUOUS
10
9.4064960629921259
20
-6.2866141732283465
11
9.4064960629921259
21
-6.3062992125984252
0
LINE
8
BLACK
6
CONTINUOUS
10
9.4064960629921259
20
-6.3062992125984252
11
9.4058217716535424
21
-6.3096891338582672
0
LINE
8
BLACK
6
CONTINUOUS
10
9.4058217716535424
20
-6.3096891338582672
11
9.4039015354330715
21
-6.3125629527559051
0
LINE
8
BLACK
6
CONTINUOUS
10
9.4039015354330715
20
-6.3125629527559051
11
9.4010277165354328
21
-6.3144831889763777
0
LINE
8
BLACK
6
CONTINUOUS
10
9.4010277165354328
20
-6.3144831889763777
11
9.3976377952755907
21
-6.3151574803149604
0
LINE
8
BLACK
6
CONTINUOUS
10
9.3976377952755907
20
-6.3151574803149604
11
9.3799212598425203
21
-6.3151574803149604
0
LINE
8
BLACK
6
CONTINUOUS
10
9.3799212598425203
20
-6.3151574803149604
11
9.3765313385826765
21
-6.3144831889763777
0
LINE
8
BLACK
6
CONTINUOUS
10
9.3765313385826765
20
-6.3144831889763777
11
9.3736575196850396
21
-6.3125629527559051
0
LINE
8
BLACK
6
CONTINUOUS
10
9.3736575196850396
20
-6.3125629527559051
11
9.3717372834645669
21
-6.3096891338582672
0
LINE
8
BLACK
6
CONTINUOUS
10
9.3717372834645669
20
-6.3096891338582672
11
9.3710629921259834
21
-6.3062992125984252
0
LINE
8
BLACK
6
CONTINUOUS
10
9.3710629921259834
20
-6.3062992125984252
11
9.3710629921259834
21
-6.2866141732283465
0
LINE
8
BLACK
6
CONTINUOUS
10
9.3710629921259834
20
-6.2866141732283465
11
9.3717372834645669
21
-6.2832242519685035
0
LINE
8
BLACK
6
CONTINUOUS
10
9.3717372834645669
20
-6.2832242519685035
11
9.3736575196850396
21
-6.2803504330708657
0
LINE
8
BLACK
6
CONTINUOUS
10
9.3736575196850396
20
-6.2803504330708657
11
9.3765313385826765
21
-6.2784301968503939
0
LINE
8
BLACK
6
CONTINUOUS
10
9.3765313385826765
20
-6.2784301968503939
11
9.3799212598425203
21
-6.2777559055118113
0
LINE
8
BLACK
6
CONTINUOUS
10
9.3799212598425203
20
-6.2777559055118113
11
9.3976377952755907
21
-6.2777559055118113
0
LINE
8
BLACK
6
CONTINUOUS
10
9.3976377952755907
20
-6.2777559055118113
11
9.4010277165354328
21
-6.2784301968503939
0
LINE
8
BLACK
6
CONTINUOUS
10
9.4620513385826772
20
-6.2784301968503939
11
9.4649251574803142
21
-6.2803504330708657
0
LINE
8
BLACK
6
CONTINUOUS
10
9.4649251574803142
20
-6.2803504330708657
11
9.4668453937007868
21
-6.2832242519685035
0
LINE
8
BLACK
6
CONTINUOUS
10
9.4668453937007868
20
-6.2832242519685035
11
9.4675196850393704
21
-6.2866141732283465
0
LINE
8
BLACK
6
CONTINUOUS
10
9.4675196850393704
20
-6.2866141732283465
11
9.4675196850393704
21
-6.3062992125984252
0
LINE
8
BLACK
6
CONTINUOUS
10
9.4675196850393704
20
-6.3062992125984252
11
9.4668453937007868
21
-6.3096891338582672
0
LINE
8
BLACK
6
CONTINUOUS
10
9.4668453937007868
20
-6.3096891338582672
11
9.4649251574803142
21
-6.3125629527559051
0
LINE
8
BLACK
6
CONTINUOUS
10
9.4649251574803142
20
-6.3125629527559051
11
9.4620513385826772
21
-6.3144831889763777
0
LINE
8
BLACK
6
CONTINUOUS
10
9.4620513385826772
20
-6.3144831889763777
11
9.4586614173228352
21
-6.3151574803149604
0
LINE
8
BLACK
6
CONTINUOUS
10
9.4586614173228352
20
-6.3151574803149604
11
9.440944881889763
21
-6.3151574803149604
0
LINE
8
BLACK
6
CONTINUOUS
10
9.440944881889763
20
-6.3151574803149604
11
9.4375549606299209
21
-6.3144831889763777
0
LINE
8
BLACK
6
CONTINUOUS
10
9.4375549606299209
20
-6.3144831889763777
11
9.434681141732284
21
-6.3125629527559051
0
LINE
8
BLACK
6
CONTINUOUS
10
9.434681141732284
20
-6.3125629527559051
11
9.4327609055118113
21
-6.3096891338582672
0
LINE
8
BLACK
6
CONTINUOUS
10
9.4327609055118113
20
-6.3096891338582672
11
9.4320866141732278
21
-6.3062992125984252
0
LINE
8
BLACK
6
CONTINUOUS
10
9.4320866141732278
20
-6.3062992125984252
11
9.4320866141732278
21
-6.2866141732283465
0
LINE
8
BLACK
6
CONTINUOUS
10
9.4320866141732278
20
-6.2866141732283465
11
9.4327609055118113
21
-6.2832242519685035
0
LINE
8
BLACK
6
CONTINUOUS
10
9.4327609055118113
20
-6.2832242519685035
11
9.434681141732284
21
-6.2803504330708657
0
LINE
8
BLACK
6
CONTINUOUS
10
9.434681141732284
20
-6.2803504330708657
11
9.4375549606299209
21
-6.2784301968503939
0
LINE
8
BLACK
6
CONTINUOUS
10
9.4375549606299209
20
-6.2784301968503939
11
9.440944881889763
21
-6.2777559055118113
0
LINE
8
BLACK
6
CONTINUOUS
10
9.440944881889763
20
-6.2777559055118113
11
9.4586614173228352
21
-6.2777559055118113
0
LINE
8
BLACK
6
CONTINUOUS
10
9.4586614173228352
20
-6.2777559055118113
11
9.4620513385826772
21
-6.2784301968503939
0
LINE
8
BLACK
6
CONTINUOUS
10
8.0927429527559056
20
-5.9225996062992126
11
8.0959361023622041
21
-5.9247331889763775
0
LINE
8
BLACK
6
CONTINUOUS
10
8.0959361023622041
20
-5.9247331889763775
11
8.0980696850393699
21
-5.9279263385826768
0
LINE
8
BLACK
6
CONTINUOUS
10
8.0980696850393699
20
-5.9279263385826768
11
8.0988188976377948
21
-5.9316929133858265
0
LINE
8
BLACK
6
CONTINUOUS
10
8.0988188976377948
20
-5.9316929133858265
11
8.0988188976377948
21
-5.9690944881889765
0
LINE
8
BLACK
6
CONTINUOUS
10
8.0988188976377948
20
-5.9690944881889765
11
8.0980696850393699
21
-5.9728610629921262
0
LINE
8
BLACK
6
CONTINUOUS
10
8.0980696850393699
20
-5.9728610629921262
11
8.0959361023622041
21
-5.9760542125984246
0
LINE
8
BLACK
6
CONTINUOUS
10
8.0959361023622041
20
-5.9760542125984246
11
8.0927429527559056
21
-5.9781877952755904
0
LINE
8
BLACK
6
CONTINUOUS
10
8.0927429527559056
20
-5.9781877952755904
11
8.0889763779527559
21
-5.9789370078740154
0
LINE
8
BLACK
6
CONTINUOUS
10
8.0889763779527559
20
-5.9789370078740154
11
8.0692913385826763
21
-5.9789370078740154
0
LINE
8
BLACK
6
CONTINUOUS
10
8.0692913385826763
20
-5.9789370078740154
11
8.0655247637795267
21
-5.9781877952755904
0
LINE
8
BLACK
6
CONTINUOUS
10
8.0655247637795267
20
-5.9781877952755904
11
8.0623316141732282
21
-5.9760542125984246
0
LINE
8
BLACK
6
CONTINUOUS
10
8.0623316141732282
20
-5.9760542125984246
11
8.0601980314960624
21
-5.9728610629921262
0
LINE
8
BLACK
6
CONTINUOUS
10
8.0601980314960624
20
-5.9728610629921262
11
8.0594488188976374
21
-5.9690944881889765
0
LINE
8
BLACK
6
CONTINUOUS
10
8.0594488188976374
20
-5.9690944881889765
11
8.0594488188976374
21
-5.9316929133858265
0
LINE
8
BLACK
6
CONTINUOUS
10
8.0594488188976374
20
-5.9316929133858265
11
8.0601980314960624
21
-5.9279263385826768
0
LINE
8
BLACK
6
CONTINUOUS
10
8.0601980314960624
20
-5.9279263385826768
11
8.0623316141732282
21
-5.9247331889763775
0
LINE
8
BLACK
6
CONTINUOUS
10
8.0623316141732282
20
-5.9247331889763775
11
8.0655247637795267
21
-5.9225996062992126
0
LINE
8
BLACK
6
CONTINUOUS
10
8.0655247637795267
20
-5.9225996062992126
11
8.0692913385826763
21
-5.9218503937007876
0
LINE
8
BLACK
6
CONTINUOUS
10
8.0692913385826763
20
-5.9218503937007876
11
8.0889763779527559
21
-5.9218503937007876
0
LINE
8
BLACK
6
CONTINUOUS
10
8.0889763779527559
20
-5.9218503937007876
11
8.0927429527559056
21
-5.9225996062992126
0
LINE
8
BLACK
6
CONTINUOUS
10
8.1675461023622038
20
-5.9225996062992126
11
8.170739251968504
21
-5.9247331889763775
0
LINE
8
BLACK
6
CONTINUOUS
10
8.170739251968504
20
-5.9247331889763775
11
8.1728728346456698
21
-5.9279263385826768
0
LINE
8
BLACK
6
CONTINUOUS
10
8.1728728346456698
20
-5.9279263385826768
11
8.1736220472440948
21
-5.9316929133858265
0
LINE
8
BLACK
6
CONTINUOUS
10
8.1736220472440948
20
-5.9316929133858265
11
8.1736220472440948
21
-5.9690944881889765
0
LINE
8
BLACK
6
CONTINUOUS
10
8.1736220472440948
20
-5.9690944881889765
11
8.1728728346456698
21
-5.9728610629921262
0
LINE
8
BLACK
6
CONTINUOUS
10
8.1728728346456698
20
-5.9728610629921262
11
8.170739251968504
21
-5.9760542125984246
0
LINE
8
BLACK
6
CONTINUOUS
10
8.170739251968504
20
-5.9760542125984246
11
8.1675461023622038
21
-5.9781877952755904
0
LINE
8
BLACK
6
CONTINUOUS
10
8.1675461023622038
20
-5.9781877952755904
11
8.1637795275590541
21
-5.9789370078740154
0
LINE
8
BLACK
6
CONTINUOUS
10
8.1637795275590541
20
-5.9789370078740154
11
8.1440944881889763
21
-5.9789370078740154
0
LINE
8
BLACK
6
CONTINUOUS
10
8.1440944881889763
20
-5.9789370078740154
11
8.1403279133858266
21
-5.9781877952755904
0
LINE
8
BLACK
6
CONTINUOUS
10
8.1403279133858266
20
-5.9781877952755904
11
8.1371347637795282
21
-5.9760542125984246
0
LINE
8
BLACK
6
CONTINUOUS
10
8.1371347637795282
20
-5.9760542125984246
11
8.1350011811023624
21
-5.9728610629921262
0
LINE
8
BLACK
6
CONTINUOUS
10
8.1350011811023624
20
-5.9728610629921262
11
8.1342519685039374
21
-5.9690944881889765
0
LINE
8
BLACK
6
CONTINUOUS
10
8.1342519685039374
20
-5.9690944881889765
11
8.1342519685039374
21
-5.9316929133858265
0
LINE
8
BLACK
6
CONTINUOUS
10
8.1342519685039374
20
-5.9316929133858265
11
8.1350011811023624
21
-5.9279263385826768
0
LINE
8
BLACK
6
CONTINUOUS
10
8.1350011811023624
20
-5.9279263385826768
11
8.1371347637795282
21
-5.9247331889763775
0
LINE
8
BLACK
6
CONTINUOUS
10
8.1371347637795282
20
-5.9247331889763775
11
8.1403279133858266
21
-5.9225996062992126
0
LINE
8
BLACK
6
CONTINUOUS
10
8.1403279133858266
20
-5.9225996062992126
11
8.1440944881889763
21
-5.9218503937007876
0
LINE
8
BLACK
6
CONTINUOUS
10
8.1440944881889763
20
-5.9218503937007876
11
8.1637795275590541
21
-5.9218503937007876
0
LINE
8
BLACK
6
CONTINUOUS
10
8.1637795275590541
20
-5.9218503937007876
11
8.1675461023622038
21
-5.9225996062992126
0
LINE
8
BLACK
6
CONTINUOUS
10
3.8130912992125983
20
-5.7418262598425196
11
3.8260042125984253
21
-5.7447735433070868
0
LINE
8
BLACK
6
CONTINUOUS
10
3.8260042125984253
20
-5.7447735433070868
11
3.8385059055118109
21
-5.7491480708661413
0
LINE
8
BLACK
6
CONTINUOUS
10
3.8385059055118109
20
-5.7491480708661413
11
3.850439251968504
21
-5.7548948818897641
0
LINE
8
BLACK
6
CONTINUOUS
10
3.850439251968504
20
-5.7548948818897641
11
3.861654094488189
21
-5.761941614173228
0
LINE
8
BLACK
6
CONTINUOUS
10
3.861654094488189
20
-5.761941614173228
11
3.8720094488188974
21
-5.7701997637795275
0
LINE
8
BLACK
6
CONTINUOUS
10
3.8720094488188974
20
-5.7701997637795275
11
3.8813750393700786
21
-5.7795653543307086
0
LINE
8
BLACK
6
CONTINUOUS
10
3.8813750393700786
20
-5.7795653543307086
11
3.889633188976378
21
-5.7899207086614171
0
LINE
8
BLACK
6
CONTINUOUS
10
3.889633188976378
20
-5.7899207086614171
11
3.8966799212598424
21
-5.801135551181102
0
LINE
8
BLACK
6
CONTINUOUS
10
3.8966799212598424
20
-5.801135551181102
11
3.9024267322834643
21
-5.8130688976377956
0
LINE
8
BLACK
6
CONTINUOUS
10
3.9024267322834643
20
-5.8130688976377956
11
3.9068012598425197
21
-5.8255705905511812
0
LINE
8
BLACK
6
CONTINUOUS
10
3.9068012598425197
20
-5.8255705905511812
11
3.9097485433070864
21
-5.8384835039370078
0
LINE
8
BLACK
6
CONTINUOUS
10
3.9097485433070864
20
-5.8384835039370078
11
3.9112314960629919
21
-5.8516452362204721
0
LINE
8
BLACK
6
CONTINUOUS
10
3.9112314960629919
20
-5.8516452362204721
11
3.9112314960629919
21
-5.8648901968503937
0
LINE
8
BLACK
6
CONTINUOUS
10
3.9112314960629919
20
-5.8648901968503937
11
3.9097485433070864
21
-5.878051929133858
0
LINE
8
BLACK
6
CONTINUOUS
10
3.9097485433070864
20
-5.878051929133858
11
3.9068012598425197
21
-5.8909648425196846
0
LINE
8
BLACK
6
CONTINUOUS
10
3.9068012598425197
20
-5.8909648425196846
11
3.9024267322834643
21
-5.9034665354330711
0
LINE
8
BLACK
6
CONTINUOUS
10
3.9024267322834643
20
-5.9034665354330711
11
3.8966799212598424
21
-5.9153998818897637
0
LINE
8
BLACK
6
CONTINUOUS
10
3.8966799212598424
20
-5.9153998818897637
11
3.889633188976378
21
-5.9266147244094487
0
LINE
8
BLACK
6
CONTINUOUS
10
3.889633188976378
20
-5.9266147244094487
11
3.8813750393700786
21
-5.9369700787401571
0
LINE
8
BLACK
6
CONTINUOUS
10
3.8813750393700786
20
-5.9369700787401571
11
3.8720094488188974
21
-5.9463356692913383
0
LINE
8
BLACK
6
CONTINUOUS
10
3.8720094488188974
20
-5.9463356692913383
11
3.861654094488189
21
-5.9545938188976377
0
LINE
8
BLACK
6
CONTINUOUS
10
3.861654094488189
20
-5.9545938188976377
11
3.850439251968504
21
-5.9616405511811026
0
LINE
8
BLACK
6
CONTINUOUS
10
3.850439251968504
20
-5.9616405511811026
11
3.8385059055118109
21
-5.9673873622047244
0
LINE
8
BLACK
6
CONTINUOUS
10
3.8385059055118109
20
-5.9673873622047244
11
3.8260042125984253
21
-5.971761889763779
0
LINE
8
BLACK
6
CONTINUOUS
10
3.8260042125984253
20
-5.971761889763779
11
3.8130912992125983
21
-5.9747091732283462
0
LINE
8
BLACK
6
CONTINUOUS
10
3.8130912992125983
20
-5.9747091732283462
11
3.799929566929134
21
-5.9761921259842516
0
LINE
8
BLACK
6
CONTINUOUS
10
3.799929566929134
20
-5.9761921259842516
11
3.7866846062992123
21
-5.9761921259842516
0
LINE
8
BLACK
6
CONTINUOUS
10
3.7866846062992123
20
-5.9761921259842516
11
3.773522874015748
21
-5.9747091732283462
0
LINE
8
BLACK
6
CONTINUOUS
10
3.773522874015748
20
-5.9747091732283462
11
3.760609960629921
21
-5.971761889763779
0
LINE
8
BLACK
6
CONTINUOUS
10
3.760609960629921
20
-5.971761889763779
11
3.7481082677165354
21
-5.9673873622047244
0
LINE
8
BLACK
6
CONTINUOUS
10
3.7481082677165354
20
-5.9673873622047244
11
3.7361749212598423
21
-5.9616405511811026
0
LINE
8
BLACK
6
CONTINUOUS
10
3.7361749212598423
20
-5.9616405511811026
11
3.7249600787401573
21
-5.9545938188976377
0
LINE
8
BLACK
6
CONTINUOUS
10
3.7249600787401573
20
-5.9545938188976377
11
3.7146047244094489
21
-5.9463356692913383
0
LINE
8
BLACK
6
CONTINUOUS
10
3.7146047244094489
20
-5.9463356692913383
11
3.7052391338582678
21
-5.9369700787401571
0
LINE
8
BLACK
6
CONTINUOUS
10
3.7052391338582678
20
-5.9369700787401571
11
3.6969809842519683
21
-5.9266147244094487
0
LINE
8
BLACK
6
CONTINUOUS
10
3.6969809842519683
20
-5.9266147244094487
11
3.6899342519685039
21
-5.9153998818897637
0
LINE
8
BLACK
6
CONTINUOUS
10
3.6899342519685039
20
-5.9153998818897637
11
3.6841874409448816
21
-5.9034665354330711
0
LINE
8
BLACK
6
CONTINUOUS
10
3.6841874409448816
20
-5.9034665354330711
11
3.6798129133858266
21
-5.8909648425196846
0
LINE
8
BLACK
6
CONTINUOUS
10
3.6798129133858266
20
-5.8909648425196846
11
3.6768656299212599
21
-5.878051929133858
0
LINE
8
BLACK
6
CONTINUOUS
10
3.6768656299212599
20
-5.878051929133858
11
3.6753826771653544
21
-5.8648901968503937
0
LINE
8
BLACK
6
CONTINUOUS
10
3.6753826771653544
20
-5.8648901968503937
11
3.6753826771653544
21
-5.8516452362204721
0
LINE
8
BLACK
6
CONTINUOUS
10
3.6753826771653544
20
-5.8516452362204721
11
3.6768656299212599
21
-5.8384835039370078
0
LINE
8
BLACK
6
CONTINUOUS
10
3.6768656299212599
20
-5.8384835039370078
11
3.6798129133858266
21
-5.8255705905511812
0
LINE
8
BLACK
6
CONTINUOUS
10
3.6798129133858266
20
-5.8255705905511812
11
3.6841874409448816
21
-5.8130688976377956
0
LINE
8
BLACK
6
CONTINUOUS
10
3.6841874409448816
20
-5.8130688976377956
11
3.6899342519685039
21
-5.801135551181102
0
LINE
8
BLACK
6
CONTINUOUS
10
3.6899342519685039
20
-5.801135551181102
11
3.6969809842519683
21
-5.7899207086614171
0
LINE
8
BLACK
6
CONTINUOUS
10
3.6969809842519683
20
-5.7899207086614171
11
3.7052391338582678
21
-5.7795653543307086
0
LINE
8
BLACK
6
CONTINUOUS
10
3.7052391338582678
20
-5.7795653543307086
11
3.7146047244094489
21
-5.7701997637795275
0
LINE
8
BLACK
6
CONTINUOUS
10
3.7146047244094489
20
-5.7701997637795275
11
3.7249600787401573
21
-5.761941614173228
0
LINE
8
BLACK
6
CONTINUOUS
10
3.7249600787401573
20
-5.761941614173228
11
3.7361749212598423
21
-5.7548948818897641
0
LINE
8
BLACK
6
CONTINUOUS
10
3.7361749212598423
20
-5.7548948818897641
11
3.7481082677165354
21
-5.7491480708661413
0
LINE
8
BLACK
6
CONTINUOUS
10
3.7481082677165354
20
-5.7491480708661413
11
3.760609960629921
21
-5.7447735433070868
0
LINE
8
BLACK
6
CONTINUOUS
10
3.760609960629921
20
-5.7447735433070868
11
3.773522874015748
21
-5.7418262598425196
0
LINE
8
BLACK
6
CONTINUOUS
10
3.773522874015748
20
-5.7418262598425196
11
3.7866846062992123
21
-5.7403433070866141
0
LINE
8
BLACK
6
CONTINUOUS
10
3.7866846062992123
20
-5.7403433070866141
11
3.799929566929134
21
-5.7403433070866141
0
LINE
8
BLACK
6
CONTINUOUS
10
3.799929566929134
20
-5.7403433070866141
11
3.8130912992125983
21
-5.7418262598425196
0
LINE
8
BLACK
6
CONTINUOUS
10
7.3563983858267719
20
-5.7418262598425196
11
7.3693112992125984
21
-5.7447735433070868
0
LINE
8
BLACK
6
CONTINUOUS
10
7.3693112992125984
20
-5.7447735433070868
11
7.3818129921259841
21
-5.7491480708661413
0
LINE
8
BLACK
6
CONTINUOUS
10
7.3818129921259841
20
-5.7491480708661413
11
7.3937463385826767
21
-5.7548948818897641
0
LINE
8
BLACK
6
CONTINUOUS
10
7.3937463385826767
20
-5.7548948818897641
11
7.4049611811023617
21
-5.761941614173228
0
LINE
8
BLACK
6
CONTINUOUS
10
7.4049611811023617
20
-5.761941614173228
11
7.415316535433071
21
-5.7701997637795275
0
LINE
8
BLACK
6
CONTINUOUS
10
7.415316535433071
20
-5.7701997637795275
11
7.4246821259842521
21
-5.7795653543307086
0
LINE
8
BLACK
6
CONTINUOUS
10
7.4246821259842521
20
-5.7795653543307086
11
7.4329402755905507
21
-5.7899207086614171
0
LINE
8
BLACK
6
CONTINUOUS
10
7.4329402755905507
20
-5.7899207086614171
11
7.4399870078740156
21
-5.801135551181102
0
LINE
8
BLACK
6
CONTINUOUS
10
7.4399870078740156
20
-5.801135551181102
11
7.4457338188976374
21
-5.8130688976377956
0
LINE
8
BLACK
6
CONTINUOUS
10
7.4457338188976374
20
-5.8130688976377956
11
7.4501083464566928
21
-5.8255705905511812
0
LINE
8
BLACK
6
CONTINUOUS
10
7.4501083464566928
20
-5.8255705905511812
11
7.45305562992126
21
-5.8384835039370078
0
LINE
8
BLACK
6
CONTINUOUS
10
7.45305562992126
20
-5.8384835039370078
11
7.4545385826771655
21
-5.8516452362204721
0
LINE
8
BLACK
6
CONTINUOUS
10
7.4545385826771655
20
-5.8516452362204721
11
7.4545385826771655
21
-5.8648901968503937
0
LINE
8
BLACK
6
CONTINUOUS
10
7.4545385826771655
20
-5.8648901968503937
11
7.45305562992126
21
-5.878051929133858
0
LINE
8
BLACK
6
CONTINUOUS
10
7.45305562992126
20
-5.878051929133858
11
7.4501083464566928
21
-5.8909648425196846
0
LINE
8
BLACK
6
CONTINUOUS
10
7.4501083464566928
20
-5.8909648425196846
11
7.4457338188976374
21
-5.9034665354330711
0
LINE
8
BLACK
6
CONTINUOUS
10
7.4457338188976374
20
-5.9034665354330711
11
7.4399870078740156
21
-5.9153998818897637
0
LINE
8
BLACK
6
CONTINUOUS
10
7.4399870078740156
20
-5.9153998818897637
11
7.4329402755905507
21
-5.9266147244094487
0
LINE
8
BLACK
6
CONTINUOUS
10
7.4329402755905507
20
-5.9266147244094487
11
7.4246821259842521
21
-5.9369700787401571
0
LINE
8
BLACK
6
CONTINUOUS
10
7.4246821259842521
20
-5.9369700787401571
11
7.415316535433071
21
-5.9463356692913383
0
LINE
8
BLACK
6
CONTINUOUS
10
7.415316535433071
20
-5.9463356692913383
11
7.4049611811023617
21
-5.9545938188976377
0
LINE
8
BLACK
6
CONTINUOUS
10
7.4049611811023617
20
-5.9545938188976377
11
7.3937463385826767
21
-5.9616405511811026
0
LINE
8
BLACK
6
CONTINUOUS
10
7.3937463385826767
20
-5.9616405511811026
11
7.3818129921259841
21
-5.9673873622047244
0
LINE
8
BLACK
6
CONTINUOUS
10
7.3818129921259841
20
-5.9673873622047244
11
7.3693112992125984
21
-5.971761889763779
0
LINE
8
BLACK
6
CONTINUOUS
10
7.3693112992125984
20
-5.971761889763779
11
7.3563983858267719
21
-5.9747091732283462
0
LINE
8
BLACK
6
CONTINUOUS
10
7.3563983858267719
20
-5.9747091732283462
11
7.3432366535433067
21
-5.9761921259842516
0
LINE
8
BLACK
6
CONTINUOUS
10
7.3432366535433067
20
-5.9761921259842516
11
7.3299916929133859
21
-5.9761921259842516
0
LINE
8
BLACK
6
CONTINUOUS
10
7.3299916929133859
20
-5.9761921259842516
11
7.3168299606299207
21
-5.9747091732283462
0
LINE
8
BLACK
6
CONTINUOUS
10
7.3168299606299207
20
-5.9747091732283462
11
7.3039170472440942
21
-5.971761889763779
0
LINE
8
BLACK
6
CONTINUOUS
10
7.3039170472440942
20
-5.971761889763779
11
7.2914153543307085
21
-5.9673873622047244
0
LINE
8
BLACK
6
CONTINUOUS
10
7.2914153543307085
20
-5.9673873622047244
11
7.2794820078740159
21
-5.9616405511811026
0
LINE
8
BLACK
6
CONTINUOUS
10
7.2794820078740159
20
-5.9616405511811026
11
7.2682671653543309
21
-5.9545938188976377
0
LINE
8
BLACK
6
CONTINUOUS
10
7.2682671653543309
20
-5.9545938188976377
11
7.2579118110236216
21
-5.9463356692913383
0
LINE
8
BLACK
6
CONTINUOUS
10
7.2579118110236216
20
-5.9463356692913383
11
7.2485462204724405
21
-5.9369700787401571
0
LINE
8
BLACK
6
CONTINUOUS
10
7.2485462204724405
20
-5.9369700787401571
11
7.2402880708661419
21
-5.9266147244094487
0
LINE
8
BLACK
6
CONTINUOUS
10
7.2402880708661419
20
-5.9266147244094487
11
7.233241338582677
21
-5.9153998818897637
0
LINE
8
BLACK
6
CONTINUOUS
10
7.233241338582677
20
-5.9153998818897637
11
7.2274945275590552
21
-5.9034665354330711
0
LINE
8
BLACK
6
CONTINUOUS
10
7.2274945275590552
20
-5.9034665354330711
11
7.2231199999999998
21
-5.8909648425196846
0
LINE
8
BLACK
6
CONTINUOUS
10
7.2231199999999998
20
-5.8909648425196846
11
7.2201727165354326
21
-5.878051929133858
0
LINE
8
BLACK
6
CONTINUOUS
10
7.2201727165354326
20
-5.878051929133858
11
7.2186897637795271
21
-5.8648901968503937
0
LINE
8
BLACK
6
CONTINUOUS
10
7.2186897637795271
20
-5.8648901968503937
11
7.2186897637795271
21
-5.8516452362204721
0
LINE
8
BLACK
6
CONTINUOUS
10
7.2186897637795271
20
-5.8516452362204721
11
7.2201727165354326
21
-5.8384835039370078
0
LINE
8
BLACK
6
CONTINUOUS
10
7.2201727165354326
20
-5.8384835039370078
11
7.2231199999999998
21
-5.8255705905511812
0
LINE
8
BLACK
6
CONTINUOUS
10
7.2231199999999998
20
-5.8255705905511812
11
7.2274945275590552
21
-5.8130688976377956
0
LINE
8
BLACK
6
CONTINUOUS
10
7.2274945275590552
20
-5.8130688976377956
11
7.233241338582677
21
-5.801135551181102
0
LINE
8
BLACK
6
CONTINUOUS
10
7.233241338582677
20
-5.801135551181102
11
7.2402880708661419
21
-5.7899207086614171
0
LINE
8
BLACK
6
CONTINUOUS
10
7.2402880708661419
20
-5.7899207086614171
11
7.2485462204724405
21
-5.7795653543307086
0
LINE
8
BLACK
6
CONTINUOUS
10
7.2485462204724405
20
-5.7795653543307086
11
7.2579118110236216
21
-5.7701997637795275
0
LINE
8
BLACK
6
CONTINUOUS
10
7.2579118110236216
20
-5.7701997637795275
11
7.2682671653543309
21
-5.761941614173228
0
LINE
8
BLACK
6
CONTINUOUS
10
7.2682671653543309
20
-5.761941614173228
11
7.2794820078740159
21
-5.7548948818897641
0
LINE
8
BLACK
6
CONTINUOUS
10
7.2794820078740159
20
-5.7548948818897641
11
7.2914153543307085
21
-5.7491480708661413
0
LINE
8
BLACK
6
CONTINUOUS
10
7.2914153543307085
20
-5.7491480708661413
11
7.3039170472440942
21
-5.7447735433070868
0
LINE
8
BLACK
6
CONTINUOUS
10
7.3039170472440942
20
-5.7447735433070868
11
7.3168299606299207
21
-5.7418262598425196
0
LINE
8
BLACK
6
CONTINUOUS
10
7.3168299606299207
20
-5.7418262598425196
11
7.3299916929133859
21
-5.7403433070866141
0
LINE
8
BLACK
6
CONTINUOUS
10
7.3299916929133859
20
-5.7403433070866141
11
7.3432366535433067
21
-5.7403433070866141
0
LINE
8
BLACK
6
CONTINUOUS
10
7.3432366535433067
20
-5.7403433070866141
11
7.3563983858267719
21
-5.7418262598425196
0
LINE
8
BLACK
6
CONTINUOUS
10
8.0927429527559056
20
-5.8040956692913381
11
8.0959361023622041
21
-5.8062292519685039
0
LINE
8
BLACK
6
CONTINUOUS
10
8.0959361023622041
20
-5.8062292519685039
11
8.0980696850393699
21
-5.8094224015748033
0
LINE
8
BLACK
6
CONTINUOUS
10
8.0980696850393699
20
-5.8094224015748033
11
8.0988188976377948
21
-5.813188976377953
0
LINE
8
BLACK
6
CONTINUOUS
10
8.0988188976377948
20
-5.813188976377953
11
8.0988188976377948
21
-5.8505905511811021
0
LINE
8
BLACK
6
CONTINUOUS
10
8.0988188976377948
20
-5.8505905511811021
11
8.0980696850393699
21
-5.8543571259842517
0
LINE
8
BLACK
6
CONTINUOUS
10
8.0980696850393699
20
-5.8543571259842517
11
8.0959361023622041
21
-5.8575502755905511
0
LINE
8
BLACK
6
CONTINUOUS
10
8.0959361023622041
20
-5.8575502755905511
11
8.0927429527559056
21
-5.859683858267716
0
LINE
8
BLACK
6
CONTINUOUS
10
8.0927429527559056
20
-5.859683858267716
11
8.0889763779527559
21
-5.8604330708661418
0
LINE
8
BLACK
6
CONTINUOUS
10
8.0889763779527559
20
-5.8604330708661418
11
8.0692913385826763
21
-5.8604330708661418
0
LINE
8
BLACK
6
CONTINUOUS
10
8.0692913385826763
20
-5.8604330708661418
11
8.0655247637795267
21
-5.859683858267716
0
LINE
8
BLACK
6
CONTINUOUS
10
8.0655247637795267
20
-5.859683858267716
11
8.0623316141732282
21
-5.8575502755905511
0
LINE
8
BLACK
6
CONTINUOUS
10
8.0623316141732282
20
-5.8575502755905511
11
8.0601980314960624
21
-5.8543571259842517
0
LINE
8
BLACK
6
CONTINUOUS
10
8.0601980314960624
20
-5.8543571259842517
11
8.0594488188976374
21
-5.8505905511811021
0
LINE
8
BLACK
6
CONTINUOUS
10
8.0594488188976374
20
-5.8505905511811021
11
8.0594488188976374
21
-5.813188976377953
0
LINE
8
BLACK
6
CONTINUOUS
10
8.0594488188976374
20
-5.813188976377953
11
8.0601980314960624
21
-5.8094224015748033
0
LINE
8
BLACK
6
CONTINUOUS
10
8.0601980314960624
20
-5.8094224015748033
11
8.0623316141732282
21
-5.8062292519685039
0
LINE
8
BLACK
6
CONTINUOUS
10
8.0623316141732282
20
-5.8062292519685039
11
8.0655247637795267
21
-5.8040956692913381
0
LINE
8
BLACK
6
CONTINUOUS
10
8.0655247637795267
20
-5.8040956692913381
11
8.0692913385826763
21
-5.8033464566929132
0
LINE
8
BLACK
6
CONTINUOUS
10
8.0692913385826763
20
-5.8033464566929132
11
8.0889763779527559
21
-5.8033464566929132
0
LINE
8
BLACK
6
CONTINUOUS
10
8.0889763779527559
20
-5.8033464566929132
11
8.0927429527559056
21
-5.8040956692913381
0
LINE
8
BLACK
6
CONTINUOUS
10
8.1675461023622038
20
-5.8040956692913381
11
8.170739251968504
21
-5.8062292519685039
0
LINE
8
BLACK
6
CONTINUOUS
10
8.170739251968504
20
-5.8062292519685039
11
8.1728728346456698
21
-5.8094224015748033
0
LINE
8
BLACK
6
CONTINUOUS
10
8.1728728346456698
20
-5.8094224015748033
11
8.1736220472440948
21
-5.813188976377953
0
LINE
8
BLACK
6
CONTINUOUS
10
8.1736220472440948
20
-5.813188976377953
11
8.1736220472440948
21
-5.8505905511811021
0
LINE
8
BLACK
6
CONTINUOUS
10
8.1736220472440948
20
-5.8505905511811021
11
8.1728728346456698
21
-5.8543571259842517
0
LINE
8
BLACK
6
CONTINUOUS
10
8.1728728346456698
20
-5.8543571259842517
11
8.170739251968504
21
-5.8575502755905511
0
LINE
8
BLACK
6
CONTINUOUS
10
8.170739251968504
20
-5.8575502755905511
11
8.1675461023622038
21
-5.859683858267716
0
LINE
8
BLACK
6
CONTINUOUS
10
8.1675461023622038
20
-5.859683858267716
11
8.1637795275590541
21
-5.8604330708661418
0
LINE
8
BLACK
6
CONTINUOUS
10
8.1637795275590541
20
-5.8604330708661418
11
8.1440944881889763
21
-5.8604330708661418
0
LINE
8
BLACK
6
CONTINUOUS
10
8.1440944881889763
20
-5.8604330708661418
11
8.1403279133858266
21
-5.859683858267716
0
LINE
8
BLACK
6
CONTINUOUS
10
8.1403279133858266
20
-5.859683858267716
11
8.1371347637795282
21
-5.8575502755905511
0
LINE
8
BLACK
6
CONTINUOUS
10
8.1371347637795282
20
-5.8575502755905511
11
8.1350011811023624
21
-5.8543571259842517
0
LINE
8
BLACK
6
CONTINUOUS
10
8.1350011811023624
20
-5.8543571259842517
11
8.1342519685039374
21
-5.8505905511811021
0
LINE
8
BLACK
6
CONTINUOUS
10
8.1342519685039374
20
-5.8505905511811021
11
8.1342519685039374
21
-5.813188976377953
0
LINE
8
BLACK
6
CONTINUOUS
10
8.1342519685039374
20
-5.813188976377953
11
8.1350011811023624
21
-5.8094224015748033
0
LINE
8
BLACK
6
CONTINUOUS
10
8.1350011811023624
20
-5.8094224015748033
11
8.1371347637795282
21
-5.8062292519685039
0
LINE
8
BLACK
6
CONTINUOUS
10
8.1371347637795282
20
-5.8062292519685039
11
8.1403279133858266
21
-5.8040956692913381
0
LINE
8
BLACK
6
CONTINUOUS
10
8.1403279133858266
20
-5.8040956692913381
11
8.1440944881889763
21
-5.8033464566929132
0
LINE
8
BLACK
6
CONTINUOUS
10
8.1440944881889763
20
-5.8033464566929132
11
8.1637795275590541
21
-5.8033464566929132
0
LINE
8
BLACK
6
CONTINUOUS
10
8.1637795275590541
20
-5.8033464566929132
11
8.1675461023622038
21
-5.8040956692913381
0
LINE
8
BLACK
6
CONTINUOUS
10
8.0927429527559056
20
-5.6855917322834646
11
8.0959361023622041
21
-5.6877253149606295
0
LINE
8
BLACK
6
CONTINUOUS
10
8.0959361023622041
20
-5.6877253149606295
11
8.0980696850393699
21
-5.6909184645669288
0
LINE
8
BLACK
6
CONTINUOUS
10
8.0980696850393699
20
-5.6909184645669288
11
8.0988188976377948
21
-5.6946850393700785
0
LINE
8
BLACK
6
CONTINUOUS
10
8.0988188976377948
20
-5.6946850393700785
11
8.0988188976377948
21
-5.7320866141732285
0
LINE
8
BLACK
6
CONTINUOUS
10
8.0988188976377948
20
-5.7320866141732285
11
8.0980696850393699
21
-5.7358531889763782
0
LINE
8
BLACK
6
CONTINUOUS
10
8.0980696850393699
20
-5.7358531889763782
11
8.0959361023622041
21
-5.7390463385826767
0
LINE
8
BLACK
6
CONTINUOUS
10
8.0959361023622041
20
-5.7390463385826767
11
8.0927429527559056
21
-5.7411799212598424
0
LINE
8
BLACK
6
CONTINUOUS
10
8.0927429527559056
20
-5.7411799212598424
11
8.0889763779527559
21
-5.7419291338582674
0
LINE
8
BLACK
6
CONTINUOUS
10
8.0889763779527559
20
-5.7419291338582674
11
8.0692913385826763
21
-5.7419291338582674
0
LINE
8
BLACK
6
CONTINUOUS
10
8.0692913385826763
20
-5.7419291338582674
11
8.0655247637795267
21
-5.7411799212598424
0
LINE
8
BLACK
6
CONTINUOUS
10
8.0655247637795267
20
-5.7411799212598424
11
8.0623316141732282
21
-5.7390463385826767
0
LINE
8
BLACK
6
CONTINUOUS
10
8.0623316141732282
20
-5.7390463385826767
11
8.0601980314960624
21
-5.7358531889763782
0
LINE
8
BLACK
6
CONTINUOUS
10
8.0601980314960624
20
-5.7358531889763782
11
8.0594488188976374
21
-5.7320866141732285
0
LINE
8
BLACK
6
CONTINUOUS
10
8.0594488188976374
20
-5.7320866141732285
11
8.0594488188976374
21
-5.6946850393700785
0
LINE
8
BLACK
6
CONTINUOUS
10
8.0594488188976374
20
-5.6946850393700785
11
8.0601980314960624
21
-5.6909184645669288
0
LINE
8
BLACK
6
CONTINUOUS
10
8.0601980314960624
20
-5.6909184645669288
11
8.0623316141732282
21
-5.6877253149606295
0
LINE
8
BLACK
6
CONTINUOUS
10
8.0623316141732282
20
-5.6877253149606295
11
8.0655247637795267
21
-5.6855917322834646
0
LINE
8
BLACK
6
CONTINUOUS
10
8.0655247637795267
20
-5.6855917322834646
11
8.0692913385826763
21
-5.6848425196850396
0
LINE
8
BLACK
6
CONTINUOUS
10
8.0692913385826763
20
-5.6848425196850396
11
8.0889763779527559
21
-5.6848425196850396
0
LINE
8
BLACK
6
CONTINUOUS
10
8.0889763779527559
20
-5.6848425196850396
11
8.0927429527559056
21
-5.6855917322834646
0
LINE
8
BLACK
6
CONTINUOUS
10
8.1675461023622038
20
-5.6855917322834646
11
8.170739251968504
21
-5.6877253149606295
0
LINE
8
BLACK
6
CONTINUOUS
10
8.170739251968504
20
-5.6877253149606295
11
8.1728728346456698
21
-5.6909184645669288
0
LINE
8
BLACK
6
CONTINUOUS
10
8.1728728346456698
20
-5.6909184645669288
11
8.1736220472440948
21
-5.6946850393700785
0
LINE
8
BLACK
6
CONTINUOUS
10
8.1736220472440948
20
-5.6946850393700785
11
8.1736220472440948
21
-5.7320866141732285
0
LINE
8
BLACK
6
CONTINUOUS
10
8.1736220472440948
20
-5.7320866141732285
11
8.1728728346456698
21
-5.7358531889763782
0
LINE
8
BLACK
6
CONTINUOUS
10
8.1728728346456698
20
-5.7358531889763782
11
8.170739251968504
21
-5.7390463385826767
0
LINE
8
BLACK
6
CONTINUOUS
10
8.170739251968504
20
-5.7390463385826767
11
8.1675461023622038
21
-5.7411799212598424
0
LINE
8
BLACK
6
CONTINUOUS
10
8.1675461023622038
20
-5.7411799212598424
11
8.1637795275590541
21
-5.7419291338582674
0
LINE
8
BLACK
6
CONTINUOUS
10
8.1637795275590541
20
-5.7419291338582674
11
8.1440944881889763
21
-5.7419291338582674
0
LINE
8
BLACK
6
CONTINUOUS
10
8.1440944881889763
20
-5.7419291338582674
11
8.1403279133858266
21
-5.7411799212598424
0
LINE
8
BLACK
6
CONTINUOUS
10
8.1403279133858266
20
-5.7411799212598424
11
8.1371347637795282
21
-5.7390463385826767
0
LINE
8
BLACK
6
CONTINUOUS
10
8.1371347637795282
20
-5.7390463385826767
11
8.1350011811023624
21
-5.7358531889763782
0
LINE
8
BLACK
6
CONTINUOUS
10
8.1350011811023624
20
-5.7358531889763782
11
8.1342519685039374
21
-5.7320866141732285
0
LINE
8
BLACK
6
CONTINUOUS
10
8.1342519685039374
20
-5.7320866141732285
11
8.1342519685039374
21
-5.6946850393700785
0
LINE
8
BLACK
6
CONTINUOUS
10
8.1342519685039374
20
-5.6946850393700785
11
8.1350011811023624
21
-5.6909184645669288
0
LINE
8
BLACK
6
CONTINUOUS
10
8.1350011811023624
20
-5.6909184645669288
11
8.1371347637795282
21
-5.6877253149606295
0
LINE
8
BLACK
6
CONTINUOUS
10
8.1371347637795282
20
-5.6877253149606295
11
8.1403279133858266
21
-5.6855917322834646
0
LINE
8
BLACK
6
CONTINUOUS
10
8.1403279133858266
20
-5.6855917322834646
11
8.1440944881889763
21
-5.6848425196850396
0
LINE
8
BLACK
6
CONTINUOUS
10
8.1440944881889763
20
-5.6848425196850396
11
8.1637795275590541
21
-5.6848425196850396
0
LINE
8
BLACK
6
CONTINUOUS
10
8.1637795275590541
20
-5.6848425196850396
11
8.1675461023622038
21
-5.6855917322834646
0
LINE
8
BLACK
6
CONTINUOUS
10
4.6315672047244094
20
-5.5756707874015747
11
4.6389115748031493
21
-5.5780571259842517
0
LINE
8
BLACK
6
CONTINUOUS
10
4.6389115748031493
20
-5.5780571259842517
11
4.6457922440944879
21
-5.5815629921259839
0
LINE
8
BLACK
6
CONTINUOUS
10
4.6457922440944879
20
-5.5815629921259839
11
4.6520397637795279
21
-5.5861020866141731
0
LINE
8
BLACK
6
CONTINUOUS
10
4.6520397637795279
20
-5.5861020866141731
11
4.657500275590551
21
-5.5915625984251971
0
LINE
8
BLACK
6
CONTINUOUS
10
4.657500275590551
20
-5.5915625984251971
11
4.6620393700787401
21
-5.5978101181102362
0
LINE
8
BLACK
6
CONTINUOUS
10
4.6620393700787401
20
-5.5978101181102362
11
4.6655452362204723
21
-5.6046907874015748
0
LINE
8
BLACK
6
CONTINUOUS
10
4.6655452362204723
20
-5.6046907874015748
11
4.6679315748031494
21
-5.6120351574803147
0
LINE
8
BLACK
6
CONTINUOUS
10
4.6679315748031494
20
-5.6120351574803147
11
4.6691396456692909
21
-5.6196624409448814
0
LINE
8
BLACK
6
CONTINUOUS
10
4.6691396456692909
20
-5.6196624409448814
11
4.6691396456692909
21
-5.6273848031496065
0
LINE
8
BLACK
6
CONTINUOUS
10
4.6691396456692909
20
-5.6273848031496065
11
4.6679315748031494
21
-5.6350120866141733
0
LINE
8
BLACK
6
CONTINUOUS
10
4.6679315748031494
20
-5.6350120866141733
11
4.6655452362204723
21
-5.6423564566929132
0
LINE
8
BLACK
6
CONTINUOUS
10
4.6655452362204723
20
-5.6423564566929132
11
4.6620393700787401
21
-5.6492371259842518
0
LINE
8
BLACK
6
CONTINUOUS
10
4.6620393700787401
20
-5.6492371259842518
11
4.657500275590551
21
-5.6554846456692909
0
LINE
8
BLACK
6
CONTINUOUS
10
4.657500275590551
20
-5.6554846456692909
11
4.6520397637795279
21
-5.6609451574803149
0
LINE
8
BLACK
6
CONTINUOUS
10
4.6520397637795279
20
-5.6609451574803149
11
4.6457922440944879
21
-5.665484251968504
0
LINE
8
BLACK
6
CONTINUOUS
10
4.6457922440944879
20
-5.665484251968504
11
4.6389115748031493
21
-5.6689901181102362
0
LINE
8
BLACK
6
CONTINUOUS
10
4.6389115748031493
20
-5.6689901181102362
11
4.6315672047244094
21
-5.6713764566929132
0
LINE
8
BLACK
6
CONTINUOUS
10
4.6315672047244094
20
-5.6713764566929132
11
4.6239399212598427
21
-5.6725845275590547
0
LINE
8
BLACK
6
CONTINUOUS
10
4.6239399212598427
20
-5.6725845275590547
11
4.6162175590551184
21
-5.6725845275590547
0
LINE
8
BLACK
6
CONTINUOUS
10
4.6162175590551184
20
-5.6725845275590547
11
4.6085902755905508
21
-5.6713764566929132
0
LINE
8
BLACK
6
CONTINUOUS
10
4.6085902755905508
20
-5.6713764566929132
11
4.6012459055118109
21
-5.6689901181102362
0
LINE
8
BLACK
6
CONTINUOUS
10
4.6012459055118109
20
-5.6689901181102362
11
4.5943652362204723
21
-5.665484251968504
0
LINE
8
BLACK
6
CONTINUOUS
10
4.5943652362204723
20
-5.665484251968504
11
4.5881177165354332
21
-5.6609451574803149
0
LINE
8
BLACK
6
CONTINUOUS
10
4.5881177165354332
20
-5.6609451574803149
11
4.5826572047244092
21
-5.6554846456692909
0
LINE
8
BLACK
6
CONTINUOUS
10
4.5826572047244092
20
-5.6554846456692909
11
4.5781181102362201
21
-5.6492371259842518
0
LINE
8
BLACK
6
CONTINUOUS
10
4.5781181102362201
20
-5.6492371259842518
11
4.5746122440944879
21
-5.6423564566929132
0
LINE
8
BLACK
6
CONTINUOUS
10
4.5746122440944879
20
-5.6423564566929132
11
4.5722259055118109
21
-5.6350120866141733
0
LINE
8
BLACK
6
CONTINUOUS
10
4.5722259055118109
20
-5.6350120866141733
11
4.5710178346456694
21
-5.6273848031496065
0
LINE
8
BLACK
6
CONTINUOUS
10
4.5710178346456694
20
-5.6273848031496065
11
4.5710178346456694
21
-5.6196624409448814
0
LINE
8
BLACK
6
CONTINUOUS
10
4.5710178346456694
20
-5.6196624409448814
11
4.5722259055118109
21
-5.6120351574803147
0
LINE
8
BLACK
6
CONTINUOUS
10
4.5722259055118109
20
-5.6120351574803147
11
4.5746122440944879
21
-5.6046907874015748
0
LINE
8
BLACK
6
CONTINUOUS
10
4.5746122440944879
20
-5.6046907874015748
11
4.5781181102362201
21
-5.5978101181102362
0
LINE
8
BLACK
6
CONTINUOUS
10
4.5781181102362201
20
-5.5978101181102362
11
4.5826572047244092
21
-5.5915625984251971
0
LINE
8
BLACK
6
CONTINUOUS
10
4.5826572047244092
20
-5.5915625984251971
11
4.5881177165354332
21
-5.5861020866141731
0
LINE
8
BLACK
6
CONTINUOUS
10
4.5881177165354332
20
-5.5861020866141731
11
4.5943652362204723
21
-5.5815629921259839
0
LINE
8
BLACK
6
CONTINUOUS
10
4.5943652362204723
20
-5.5815629921259839
11
4.6012459055118109
21
-5.5780571259842517
0
LINE
8
BLACK
6
CONTINUOUS
10
4.6012459055118109
20
-5.5780571259842517
11
4.6085902755905508
21
-5.5756707874015747
0
LINE
8
BLACK
6
CONTINUOUS
10
4.6085902755905508
20
-5.5756707874015747
11
4.6162175590551184
21
-5.5744627165354332
0
LINE
8
BLACK
6
CONTINUOUS
10
4.6162175590551184
20
-5.5744627165354332
11
4.6239399212598427
21
-5.5744627165354332
0
LINE
8
BLACK
6
CONTINUOUS
10
4.6239399212598427
20
-5.5744627165354332
11
4.6315672047244094
21
-5.5756707874015747
0
LINE
8
BLACK
6
CONTINUOUS
10
3.7598491338582676
20
-5.4716120078740156
11
3.7686624015748031
21
-5.47447562992126
0
LINE
8
BLACK
6
CONTINUOUS
10
3.7686624015748031
20
-5.47447562992126
11
3.776919212598425
21
-5.4786826771653541
0
LINE
8
BLACK
6
CONTINUOUS
10
3.776919212598425
20
-5.4786826771653541
11
3.784416220472441
21
-5.4841295669291341
0
LINE
8
BLACK
6
CONTINUOUS
10
3.784416220472441
20
-5.4841295669291341
11
3.7909688582677163
21
-5.4906822047244095
0
LINE
8
BLACK
6
CONTINUOUS
10
3.7909688582677163
20
-5.4906822047244095
11
3.796415748031496
21
-5.4981792125984255
0
LINE
8
BLACK
6
CONTINUOUS
10
3.796415748031496
20
-5.4981792125984255
11
3.8006227952755904
21
-5.5064360236220473
0
LINE
8
BLACK
6
CONTINUOUS
10
3.8006227952755904
20
-5.5064360236220473
11
3.8034864173228344
21
-5.5152492913385824
0
LINE
8
BLACK
6
CONTINUOUS
10
3.8034864173228344
20
-5.5152492913385824
11
3.8049360629921258
21
-5.5244020078740155
0
LINE
8
BLACK
6
CONTINUOUS
10
3.8049360629921258
20
-5.5244020078740155
11
3.8051181102362204
21
-5.5290354330708658
0
LINE
8
BLACK
6
CONTINUOUS
10
3.8051181102362204
20
-5.5290354330708658
11
3.8051181102362204
21
-5.6077755905511806
0
LINE
8
BLACK
6
CONTINUOUS
10
3.8051181102362204
20
-5.6077755905511806
11
3.8049360629921258
21
-5.6124090157480317
0
LINE
8
BLACK
6
CONTINUOUS
10
3.8049360629921258
20
-5.6124090157480317
11
3.8034864173228344
21
-5.6215617322834648
0
LINE
8
BLACK
6
CONTINUOUS
10
3.8034864173228344
20
-5.6215617322834648
11
3.8006227952755904
21
-5.6303749999999999
0
LINE
8
BLACK
6
CONTINUOUS
10
3.8006227952755904
20
-5.6303749999999999
11
3.796415748031496
21
-5.6386318110236218
0
LINE
8
BLACK
6
CONTINUOUS
10
3.796415748031496
20
-5.6386318110236218
11
3.7909688582677163
21
-5.6461288188976377
0
LINE
8
BLACK
6
CONTINUOUS
10
3.7909688582677163
20
-5.6461288188976377
11
3.784416220472441
21
-5.6526814566929131
0
LINE
8
BLACK
6
CONTINUOUS
10
3.784416220472441
20
-5.6526814566929131
11
3.776919212598425
21
-5.6581283464566932
0
LINE
8
BLACK
6
CONTINUOUS
10
3.776919212598425
20
-5.6581283464566932
11
3.7686624015748031
21
-5.6623353937007872
0
LINE
8
BLACK
6
CONTINUOUS
10
3.7686624015748031
20
-5.6623353937007872
11
3.7598491338582676
21
-5.6651990157480316
0
LINE
8
BLACK
6
CONTINUOUS
10
3.7598491338582676
20
-5.6651990157480316
11
3.7506964173228345
21
-5.666648661417323
0
LINE
8
BLACK
6
CONTINUOUS
10
3.7506964173228345
20
-5.666648661417323
11
3.741429566929134
21
-5.666648661417323
0
LINE
8
BLACK
6
CONTINUOUS
10
3.741429566929134
20
-5.666648661417323
11
3.7322768503937005
21
-5.6651990157480316
0
LINE
8
BLACK
6
CONTINUOUS
10
3.7322768503937005
20
-5.6651990157480316
11
3.7234635826771654
21
-5.6623353937007872
0
LINE
8
BLACK
6
CONTINUOUS
10
3.7234635826771654
20
-5.6623353937007872
11
3.7152067716535431
21
-5.6581283464566932
0
LINE
8
BLACK
6
CONTINUOUS
10
3.7152067716535431
20
-5.6581283464566932
11
3.7077097637795275
21
-5.6526814566929131
0
LINE
8
BLACK
6
CONTINUOUS
10
3.7077097637795275
20
-5.6526814566929131
11
3.7011571259842517
21
-5.6461288188976377
0
LINE
8
BLACK
6
CONTINUOUS
10
3.7011571259842517
20
-5.6461288188976377
11
3.6957102362204726
21
-5.6386318110236218
0
LINE
8
BLACK
6
CONTINUOUS
10
3.6957102362204726
20
-5.6386318110236218
11
3.6915031889763781
21
-5.6303749999999999
0
LINE
8
BLACK
6
CONTINUOUS
10
3.6915031889763781
20
-5.6303749999999999
11
3.6886395669291336
21
-5.6215617322834648
0
LINE
8
BLACK
6
CONTINUOUS
10
3.6886395669291336
20
-5.6215617322834648
11
3.6871899212598422
21
-5.6124090157480317
0
LINE
8
BLACK
6
CONTINUOUS
10
3.6871899212598422
20
-5.6124090157480317
11
3.6870078740157481
21
-5.6077755905511806
0
LINE
8
BLACK
6
CONTINUOUS
10
3.6870078740157481
20
-5.6077755905511806
11
3.6870078740157481
21
-5.5290354330708658
0
LINE
8
BLACK
6
CONTINUOUS
10
3.6870078740157481
20
-5.5290354330708658
11
3.6871899212598422
21
-5.5244020078740155
0
LINE
8
BLACK
6
CONTINUOUS
10
3.6871899212598422
20
-5.5244020078740155
11
3.6886395669291336
21
-5.5152492913385824
0
LINE
8
BLACK
6
CONTINUOUS
10
3.6886395669291336
20
-5.5152492913385824
11
3.6915031889763781
21
-5.5064360236220473
0
LINE
8
BLACK
6
CONTINUOUS
10
3.6915031889763781
20
-5.5064360236220473
11
3.6957102362204726
21
-5.4981792125984255
0
LINE
8
BLACK
6
CONTINUOUS
10
3.6957102362204726
20
-5.4981792125984255
11
3.7011571259842517
21
-5.4906822047244095
0
LINE
8
BLACK
6
CONTINUOUS
10
3.7011571259842517
20
-5.4906822047244095
11
3.7077097637795275
21
-5.4841295669291341
0
LINE
8
BLACK
6
CONTINUOUS
10
3.7077097637795275
20
-5.4841295669291341
11
3.7152067716535431
21
-5.4786826771653541
0
LINE
8
BLACK
6
CONTINUOUS
10
3.7152067716535431
20
-5.4786826771653541
11
3.7234635826771654
21
-5.47447562992126
0
LINE
8
BLACK
6
CONTINUOUS
10
3.7234635826771654
20
-5.47447562992126
11
3.7322768503937005
21
-5.4716120078740156
0
LINE
8
BLACK
6
CONTINUOUS
10
3.7322768503937005
20
-5.4716120078740156
11
3.741429566929134
21
-5.4701623622047242
0
LINE
8
BLACK
6
CONTINUOUS
10
3.741429566929134
20
-5.4701623622047242
11
3.7506964173228345
21
-5.4701623622047242
0
LINE
8
BLACK
6
CONTINUOUS
10
3.7506964173228345
20
-5.4701623622047242
11
3.7598491338582676
21
-5.4716120078740156
0
LINE
8
BLACK
6
CONTINUOUS
10
8.0927429527559056
20
-5.5670877952755902
11
8.0959361023622041
21
-5.569221377952756
0
LINE
8
BLACK
6
CONTINUOUS
10
8.0959361023622041
20
-5.569221377952756
11
8.0980696850393699
21
-5.5724145275590553
0
LINE
8
BLACK
6
CONTINUOUS
10
8.0980696850393699
20
-5.5724145275590553
11
8.0988188976377948
21
-5.576181102362205
0
LINE
8
BLACK
6
CONTINUOUS
10
8.0988188976377948
20
-5.576181102362205
11
8.0988188976377948
21
-5.6135826771653541
0
LINE
8
BLACK
6
CONTINUOUS
10
8.0988188976377948
20
-5.6135826771653541
11
8.0980696850393699
21
-5.6173492519685038
0
LINE
8
BLACK
6
CONTINUOUS
10
8.0980696850393699
20
-5.6173492519685038
11
8.0959361023622041
21
-5.6205424015748031
0
LINE
8
BLACK
6
CONTINUOUS
10
8.0959361023622041
20
-5.6205424015748031
11
8.0927429527559056
21
-5.622675984251968
0
LINE
8
BLACK
6
CONTINUOUS
10
8.0927429527559056
20
-5.622675984251968
11
8.0889763779527559
21
-5.6234251968503939
0
LINE
8
BLACK
6
CONTINUOUS
10
8.0889763779527559
20
-5.6234251968503939
11
8.0692913385826763
21
-5.6234251968503939
0
LINE
8
BLACK
6
CONTINUOUS
10
8.0692913385826763
20
-5.6234251968503939
11
8.0655247637795267
21
-5.622675984251968
0
LINE
8
BLACK
6
CONTINUOUS
10
8.0655247637795267
20
-5.622675984251968
11
8.0623316141732282
21
-5.6205424015748031
0
LINE
8
BLACK
6
CONTINUOUS
10
8.0623316141732282
20
-5.6205424015748031
11
8.0601980314960624
21
-5.6173492519685038
0
LINE
8
BLACK
6
CONTINUOUS
10
8.0601980314960624
20
-5.6173492519685038
11
8.0594488188976374
21
-5.6135826771653541
0
LINE
8
BLACK
6
CONTINUOUS
10
8.0594488188976374
20
-5.6135826771653541
11
8.0594488188976374
21
-5.576181102362205
0
LINE
8
BLACK
6
CONTINUOUS
10
8.0594488188976374
20
-5.576181102362205
11
8.0601980314960624
21
-5.5724145275590553
0
LINE
8
BLACK
6
CONTINUOUS
10
8.0601980314960624
20
-5.5724145275590553
11
8.0623316141732282
21
-5.569221377952756
0
LINE
8
BLACK
6
CONTINUOUS
10
8.0623316141732282
20
-5.569221377952756
11
8.0655247637795267
21
-5.5670877952755902
0
LINE
8
BLACK
6
CONTINUOUS
10
8.0655247637795267
20
-5.5670877952755902
11
8.0692913385826763
21
-5.5663385826771652
0
LINE
8
BLACK
6
CONTINUOUS
10
8.0692913385826763
20
-5.5663385826771652
11
8.0889763779527559
21
-5.5663385826771652
0
LINE
8
BLACK
6
CONTINUOUS
10
8.0889763779527559
20
-5.5663385826771652
11
8.0927429527559056
21
-5.5670877952755902
0
LINE
8
BLACK
6
CONTINUOUS
10
8.1675461023622038
20
-5.5670877952755902
11
8.170739251968504
21
-5.569221377952756
0
LINE
8
BLACK
6
CONTINUOUS
10
8.170739251968504
20
-5.569221377952756
11
8.1728728346456698
21
-5.5724145275590553
0
LINE
8
BLACK
6
CONTINUOUS
10
8.1728728346456698
20
-5.5724145275590553
11
8.1736220472440948
21
-5.576181102362205
0
LINE
8
BLACK
6
CONTINUOUS
10
8.1736220472440948
20
-5.576181102362205
11
8.1736220472440948
21
-5.6135826771653541
0
LINE
8
BLACK
6
CONTINUOUS
10
8.1736220472440948
20
-5.6135826771653541
11
8.1728728346456698
21
-5.6173492519685038
0
LINE
8
BLACK
6
CONTINUOUS
10
8.1728728346456698
20
-5.6173492519685038
11
8.170739251968504
21
-5.6205424015748031
0
LINE
8
BLACK
6
CONTINUOUS
10
8.170739251968504
20
-5.6205424015748031
11
8.1675461023622038
21
-5.622675984251968
0
LINE
8
BLACK
6
CONTINUOUS
10
8.1675461023622038
20
-5.622675984251968
11
8.1637795275590541
21
-5.6234251968503939
0
LINE
8
BLACK
6
CONTINUOUS
10
8.1637795275590541
20
-5.6234251968503939
11
8.1440944881889763
21
-5.6234251968503939
0
LINE
8
BLACK
6
CONTINUOUS
10
8.1440944881889763
20
-5.6234251968503939
11
8.1403279133858266
21
-5.622675984251968
0
LINE
8
BLACK
6
CONTINUOUS
10
8.1403279133858266
20
-5.622675984251968
11
8.1371347637795282
21
-5.6205424015748031
0
LINE
8
BLACK
6
CONTINUOUS
10
8.1371347637795282
20
-5.6205424015748031
11
8.1350011811023624
21
-5.6173492519685038
0
LINE
8
BLACK
6
CONTINUOUS
10
8.1350011811023624
20
-5.6173492519685038
11
8.1342519685039374
21
-5.6135826771653541
0
LINE
8
BLACK
6
CONTINUOUS
10
8.1342519685039374
20
-5.6135826771653541
11
8.1342519685039374
21
-5.576181102362205
0
LINE
8
BLACK
6
CONTINUOUS
10
8.1342519685039374
20
-5.576181102362205
11
8.1350011811023624
21
-5.5724145275590553
0
LINE
8
BLACK
6
CONTINUOUS
10
8.1350011811023624
20
-5.5724145275590553
11
8.1371347637795282
21
-5.569221377952756
0
LINE
8
BLACK
6
CONTINUOUS
10
8.1371347637795282
20
-5.569221377952756
11
8.1403279133858266
21
-5.5670877952755902
0
LINE
8
BLACK
6
CONTINUOUS
10
8.1403279133858266
20
-5.5670877952755902
11
8.1440944881889763
21
-5.5663385826771652
0
LINE
8
BLACK
6
CONTINUOUS
10
8.1440944881889763
20
-5.5663385826771652
11
8.1637795275590541
21
-5.5663385826771652
0
LINE
8
BLACK
6
CONTINUOUS
10
8.1637795275590541
20
-5.5663385826771652
11
8.1675461023622038
21
-5.5670877952755902
0
LINE
8
BLACK
6
CONTINUOUS
10
4.4795341732283465
20
-5.3003521653543304
11
4.4883474409448816
21
-5.3032157874015748
0
LINE
8
BLACK
6
CONTINUOUS
10
4.4883474409448816
20
-5.3032157874015748
11
4.4966042519685034
21
-5.3074228346456689
0
LINE
8
BLACK
6
CONTINUOUS
10
4.4966042519685034
20
-5.3074228346456689
11
4.5041012598425194
21
-5.3128697244094489
0
LINE
8
BLACK
6
CONTINUOUS
10
4.5041012598425194
20
-5.3128697244094489
11
4.5106538976377948
21
-5.3194223622047243
0
LINE
8
BLACK
6
CONTINUOUS
10
4.5106538976377948
20
-5.3194223622047243
11
4.5161007874015748
21
-5.3269193700787403
0
LINE
8
BLACK
6
CONTINUOUS
10
4.5161007874015748
20
-5.3269193700787403
11
4.5203078346456689
21
-5.3351761811023621
0
LINE
8
BLACK
6
CONTINUOUS
10
4.5203078346456689
20
-5.3351761811023621
11
4.5231714566929133
21
-5.3439894488188973
0
LINE
8
BLACK
6
CONTINUOUS
10
4.5231714566929133
20
-5.3439894488188973
11
4.5246211023622047
21
-5.3531421653543303
0
LINE
8
BLACK
6
CONTINUOUS
10
4.5246211023622047
20
-5.3531421653543303
11
4.5248031496062993
21
-5.3577755905511806
0
LINE
8
BLACK
6
CONTINUOUS
10
4.5248031496062993
20
-5.3577755905511806
11
4.5248031496062993
21
-5.4955708661417324
0
LINE
8
BLACK
6
CONTINUOUS
10
4.5248031496062993
20
-5.4955708661417324
11
4.5246211023622047
21
-5.5002042913385827
0
LINE
8
BLACK
6
CONTINUOUS
10
4.5246211023622047
20
-5.5002042913385827
11
4.5231714566929133
21
-5.5093570078740157
0
LINE
8
BLACK
6
CONTINUOUS
10
4.5231714566929133
20
-5.5093570078740157
11
4.5203078346456689
21
-5.5181702755905508
0
LINE
8
BLACK
6
CONTINUOUS
10
4.5203078346456689
20
-5.5181702755905508
11
4.5161007874015748
21
-5.5264270866141727
0
LINE
8
BLACK
6
CONTINUOUS
10
4.5161007874015748
20
-5.5264270866141727
11
4.5106538976377948
21
-5.5339240944881887
0
LINE
8
BLACK
6
CONTINUOUS
10
4.5106538976377948
20
-5.5339240944881887
11
4.5041012598425194
21
-5.540476732283464
0
LINE
8
BLACK
6
CONTINUOUS
10
4.5041012598425194
20
-5.540476732283464
11
4.4966042519685034
21
-5.5459236220472441
0
LINE
8
BLACK
6
CONTINUOUS
10
4.4966042519685034
20
-5.5459236220472441
11
4.4883474409448816
21
-5.5501306692913381
0
LINE
8
BLACK
6
CONTINUOUS
10
4.4883474409448816
20
-5.5501306692913381
11
4.4795341732283465
21
-5.5529942913385826
0
LINE
8
BLACK
6
CONTINUOUS
10
4.4795341732283465
20
-5.5529942913385826
11
4.4703814566929134
21
-5.554443937007874
0
LINE
8
BLACK
6
CONTINUOUS
10
4.4703814566929134
20
-5.554443937007874
11
4.4611146062992129
21
-5.554443937007874
0
LINE
8
BLACK
6
CONTINUOUS
10
4.4611146062992129
20
-5.554443937007874
11
4.4519618897637798
21
-5.5529942913385826
0
LINE
8
BLACK
6
CONTINUOUS
10
4.4519618897637798
20
-5.5529942913385826
11
4.4431486220472438
21
-5.5501306692913381
0
LINE
8
BLACK
6
CONTINUOUS
10
4.4431486220472438
20
-5.5501306692913381
11
4.434891811023622
21
-5.5459236220472441
0
LINE
8
BLACK
6
CONTINUOUS
10
4.434891811023622
20
-5.5459236220472441
11
4.427394803149606
21
-5.540476732283464
0
LINE
8
BLACK
6
CONTINUOUS
10
4.427394803149606
20
-5.540476732283464
11
4.4208421653543306
21
-5.5339240944881887
0
LINE
8
BLACK
6
CONTINUOUS
10
4.4208421653543306
20
-5.5339240944881887
11
4.4153952755905514
21
-5.5264270866141727
0
LINE
8
BLACK
6
CONTINUOUS
10
4.4153952755905514
20
-5.5264270866141727
11
4.4111882283464565
21
-5.5181702755905508
0
LINE
8
BLACK
6
CONTINUOUS
10
4.4111882283464565
20
-5.5181702755905508
11
4.4083246062992121
21
-5.5093570078740157
0
LINE
8
BLACK
6
CONTINUOUS
10
4.4083246062992121
20
-5.5093570078740157
11
4.4068749606299216
21
-5.5002042913385827
0
LINE
8
BLACK
6
CONTINUOUS
10
4.4068749606299216
20
-5.5002042913385827
11
4.406692913385827
21
-5.4955708661417324
0
LINE
8
BLACK
6
CONTINUOUS
10
4.406692913385827
20
-5.4955708661417324
11
4.406692913385827
21
-5.3577755905511806
0
LINE
8
BLACK
6
CONTINUOUS
10
4.406692913385827
20
-5.3577755905511806
11
4.4068749606299216
21
-5.3531421653543303
0
LINE
8
BLACK
6
CONTINUOUS
10
4.4068749606299216
20
-5.3531421653543303
11
4.4083246062992121
21
-5.3439894488188973
0
LINE
8
BLACK
6
CONTINUOUS
10
4.4083246062992121
20
-5.3439894488188973
11
4.4111882283464565
21
-5.3351761811023621
0
LINE
8
BLACK
6
CONTINUOUS
10
4.4111882283464565
20
-5.3351761811023621
11
4.4153952755905514
21
-5.3269193700787403
0
LINE
8
BLACK
6
CONTINUOUS
10
4.4153952755905514
20
-5.3269193700787403
11
4.4208421653543306
21
-5.3194223622047243
0
LINE
8
BLACK
6
CONTINUOUS
10
4.4208421653543306
20
-5.3194223622047243
11
4.427394803149606
21
-5.3128697244094489
0
LINE
8
BLACK
6
CONTINUOUS
10
4.427394803149606
20
-5.3128697244094489
11
4.434891811023622
21
-5.3074228346456689
0
LINE
8
BLACK
6
CONTINUOUS
10
4.434891811023622
20
-5.3074228346456689
11
4.4431486220472438
21
-5.3032157874015748
0
LINE
8
BLACK
6
CONTINUOUS
10
4.4431486220472438
20
-5.3032157874015748
11
4.4519618897637798
21
-5.3003521653543304
0
LINE
8
BLACK
6
CONTINUOUS
10
4.4519618897637798
20
-5.3003521653543304
11
4.4611146062992129
21
-5.298902519685039
0
LINE
8
BLACK
6
CONTINUOUS
10
4.4611146062992129
20
-5.298902519685039
11
4.4703814566929134
21
-5.298902519685039
0
LINE
8
BLACK
6
CONTINUOUS
10
4.4703814566929134
20
-5.298902519685039
11
4.4795341732283465
21
-5.3003521653543304
0
LINE
8
BLACK
6
CONTINUOUS
10
5.511783503937008
20
-5.2466506692913386
11
5.5170199999999996
21
-5.2487156692913386
0
LINE
8
BLACK
6
CONTINUOUS
10
5.5170199999999996
20
-5.2487156692913386
11
5.5215051574803145
21
-5.2521168897637791
0
LINE
8
BLACK
6
CONTINUOUS
10
5.5215051574803145
20
-5.2521168897637791
11
5.5249063779527559
21
-5.256602047244094
0
LINE
8
BLACK
6
CONTINUOUS
10
5.5249063779527559
20
-5.256602047244094
11
5.5269713779527558
21
-5.2618385433070864
0
LINE
8
BLACK
6
CONTINUOUS
10
5.5269713779527558
20
-5.2618385433070864
11
5.5275590551181102
21
-5.2667322834645667
0
LINE
8
BLACK
6
CONTINUOUS
10
5.5275590551181102
20
-5.2667322834645667
11
5.5275590551181102
21
-5.3631889763779528
0
LINE
8
BLACK
6
CONTINUOUS
10
5.5275590551181102
20
-5.3631889763779528
11
5.5269713779527558
21
-5.368082716535433
0
LINE
8
BLACK
6
CONTINUOUS
10
5.5269713779527558
20
-5.368082716535433
11
5.5249063779527559
21
-5.3733192125984255
0
LINE
8
BLACK
6
CONTINUOUS
10
5.5249063779527559
20
-5.3733192125984255
11
5.5215051574803145
21
-5.3778043700787403
0
LINE
8
BLACK
6
CONTINUOUS
10
5.5215051574803145
20
-5.3778043700787403
11
5.5170199999999996
21
-5.3812055905511809
0
LINE
8
BLACK
6
CONTINUOUS
10
5.5170199999999996
20
-5.3812055905511809
11
5.511783503937008
21
-5.3832705905511808
0
LINE
8
BLACK
6
CONTINUOUS
10
5.511783503937008
20
-5.3832705905511808
11
5.5068897637795278
21
-5.3838582677165352
0
LINE
8
BLACK
6
CONTINUOUS
10
5.5068897637795278
20
-5.3838582677165352
11
5.4025590551181102
21
-5.3838582677165352
0
LINE
8
BLACK
6
CONTINUOUS
10
5.4025590551181102
20
-5.3838582677165352
11
5.39766531496063
21
-5.3832705905511808
0
LINE
8
BLACK
6
CONTINUOUS
10
5.39766531496063
20
-5.3832705905511808
11
5.3924288188976375
21
-5.3812055905511809
0
LINE
8
BLACK
6
CONTINUOUS
10
5.3924288188976375
20
-5.3812055905511809
11
5.3879436614173226
21
-5.3778043700787403
0
LINE
8
BLACK
6
CONTINUOUS
10
5.3879436614173226
20
-5.3778043700787403
11
5.3845424409448821
21
-5.3733192125984255
0
LINE
8
BLACK
6
CONTINUOUS
10
5.3845424409448821
20
-5.3733192125984255
11
5.3824774409448821
21
-5.368082716535433
0
LINE
8
BLACK
6
CONTINUOUS
10
5.3824774409448821
20
-5.368082716535433
11
5.3818897637795278
21
-5.3631889763779528
0
LINE
8
BLACK
6
CONTINUOUS
10
5.3818897637795278
20
-5.3631889763779528
11
5.3818897637795278
21
-5.2667322834645667
0
LINE
8
BLACK
6
CONTINUOUS
10
5.3818897637795278
20
-5.2667322834645667
11
5.3824774409448821
21
-5.2618385433070864
0
LINE
8
BLACK
6
CONTINUOUS
10
5.3824774409448821
20
-5.2618385433070864
11
5.3845424409448821
21
-5.256602047244094
0
LINE
8
BLACK
6
CONTINUOUS
10
5.3845424409448821
20
-5.256602047244094
11
5.3879436614173226
21
-5.2521168897637791
0
LINE
8
BLACK
6
CONTINUOUS
10
5.3879436614173226
20
-5.2521168897637791
11
5.3924288188976375
21
-5.2487156692913386
0
LINE
8
BLACK
6
CONTINUOUS
10
5.3924288188976375
20
-5.2487156692913386
11
5.39766531496063
21
-5.2466506692913386
0
LINE
8
BLACK
6
CONTINUOUS
10
5.39766531496063
20
-5.2466506692913386
11
5.4025590551181102
21
-5.2460629921259843
0
LINE
8
BLACK
6
CONTINUOUS
10
5.4025590551181102
20
-5.2460629921259843
11
5.5068897637795278
21
-5.2460629921259843
0
LINE
8
BLACK
6
CONTINUOUS
10
5.5068897637795278
20
-5.2460629921259843
11
5.511783503937008
21
-5.2466506692913386
0
LINE
8
BLACK
6
CONTINUOUS
10
3.7598491338582676
20
-5.1763364173228341
11
3.7686624015748031
21
-5.1792000393700786
0
LINE
8
BLACK
6
CONTINUOUS
10
3.7686624015748031
20
-5.1792000393700786
11
3.776919212598425
21
-5.1834070866141735
0
LINE
8
BLACK
6
CONTINUOUS
10
3.776919212598425
20
-5.1834070866141735
11
3.784416220472441
21
-5.1888539763779526
0
LINE
8
BLACK
6
CONTINUOUS
10
3.784416220472441
20
-5.1888539763779526
11
3.7909688582677163
21
-5.195406614173228
0
LINE
8
BLACK
6
CONTINUOUS
10
3.7909688582677163
20
-5.195406614173228
11
3.796415748031496
21
-5.202903622047244
0
LINE
8
BLACK
6
CONTINUOUS
10
3.796415748031496
20
-5.202903622047244
11
3.8006227952755904
21
-5.2111604330708658
0
LINE
8
BLACK
6
CONTINUOUS
10
3.8006227952755904
20
-5.2111604330708658
11
3.8034864173228344
21
-5.2199737007874019
0
LINE
8
BLACK
6
CONTINUOUS
10
3.8034864173228344
20
-5.2199737007874019
11
3.8049360629921258
21
-5.2291264173228349
0
LINE
8
BLACK
6
CONTINUOUS
10
3.8049360629921258
20
-5.2291264173228349
11
3.8051181102362204
21
-5.2337598425196852
0
LINE
8
BLACK
6
CONTINUOUS
10
3.8051181102362204
20
-5.2337598425196852
11
3.8051181102362204
21
-5.3125
0
LINE
8
BLACK
6
CONTINUOUS
10
3.8051181102362204
20
-5.3125
11
3.8049360629921258
21
-5.3171334251968503
0
LINE
8
BLACK
6
CONTINUOUS
10
3.8049360629921258
20
-5.3171334251968503
11
3.8034864173228344
21
-5.3262861417322833
0
LINE
8
BLACK
6
CONTINUOUS
10
3.8034864173228344
20
-5.3262861417322833
11
3.8006227952755904
21
-5.3350994094488184
0
LINE
8
BLACK
6
CONTINUOUS
10
3.8006227952755904
20
-5.3350994094488184
11
3.796415748031496
21
-5.3433562204724412
0
LINE
8
BLACK
6
CONTINUOUS
10
3.796415748031496
20
-5.3433562204724412
11
3.7909688582677163
21
-5.3508532283464563
0
LINE
8
BLACK
6
CONTINUOUS
10
3.7909688582677163
20
-5.3508532283464563
11
3.784416220472441
21
-5.3574058661417325
0
LINE
8
BLACK
6
CONTINUOUS
10
3.784416220472441
20
-5.3574058661417325
11
3.776919212598425
21
-5.3628527559055117
0
LINE
8
BLACK
6
CONTINUOUS
10
3.776919212598425
20
-5.3628527559055117
11
3.7686624015748031
21
-5.3670598031496057
0
LINE
8
BLACK
6
CONTINUOUS
10
3.7686624015748031
20
-5.3670598031496057
11
3.7598491338582676
21
-5.3699234251968502
0
LINE
8
BLACK
6
CONTINUOUS
10
3.7598491338582676
20
-5.3699234251968502
11
3.7506964173228345
21
-5.3713730708661416
0
LINE
8
BLACK
6
CONTINUOUS
10
3.7506964173228345
20
-5.3713730708661416
11
3.741429566929134
21
-5.3713730708661416
0
LINE
8
BLACK
6
CONTINUOUS
10
3.741429566929134
20
-5.3713730708661416
11
3.7322768503937005
21
-5.3699234251968502
0
LINE
8
BLACK
6
CONTINUOUS
10
3.7322768503937005
20
-5.3699234251968502
11
3.7234635826771654
21
-5.3670598031496057
0
LINE
8
BLACK
6
CONTINUOUS
10
3.7234635826771654
20
-5.3670598031496057
11
3.7152067716535431
21
-5.3628527559055117
0
LINE
8
BLACK
6
CONTINUOUS
10
3.7152067716535431
20
-5.3628527559055117
11
3.7077097637795275
21
-5.3574058661417325
0
LINE
8
BLACK
6
CONTINUOUS
10
3.7077097637795275
20
-5.3574058661417325
11
3.7011571259842517
21
-5.3508532283464563
0
LINE
8
BLACK
6
CONTINUOUS
10
3.7011571259842517
20
-5.3508532283464563
11
3.6957102362204726
21
-5.3433562204724412
0
LINE
8
BLACK
6
CONTINUOUS
10
3.6957102362204726
20
-5.3433562204724412
11
3.6915031889763781
21
-5.3350994094488184
0
LINE
8
BLACK
6
CONTINUOUS
10
3.6915031889763781
20
-5.3350994094488184
11
3.6886395669291336
21
-5.3262861417322833
0
LINE
8
BLACK
6
CONTINUOUS
10
3.6886395669291336
20
-5.3262861417322833
11
3.6871899212598422
21
-5.3171334251968503
0
LINE
8
BLACK
6
CONTINUOUS
10
3.6871899212598422
20
-5.3171334251968503
11
3.6870078740157481
21
-5.3125
0
LINE
8
BLACK
6
CONTINUOUS
10
3.6870078740157481
20
-5.3125
11
3.6870078740157481
21
-5.2337598425196852
0
LINE
8
BLACK
6
CONTINUOUS
10
3.6870078740157481
20
-5.2337598425196852
11
3.6871899212598422
21
-5.2291264173228349
0
LINE
8
BLACK
6
CONTINUOUS
10
3.6871899212598422
20
-5.2291264173228349
11
3.6886395669291336
21
-5.2199737007874019
0
LINE
8
BLACK
6
CONTINUOUS
10
3.6886395669291336
20
-5.2199737007874019
11
3.6915031889763781
21
-5.2111604330708658
0
LINE
8
BLACK
6
CONTINUOUS
10
3.6915031889763781
20
-5.2111604330708658
11
3.6957102362204726
21
-5.202903622047244
0
LINE
8
BLACK
6
CONTINUOUS
10
3.6957102362204726
20
-5.202903622047244
11
3.7011571259842517
21
-5.195406614173228
0
LINE
8
BLACK
6
CONTINUOUS
10
3.7011571259842517
20
-5.195406614173228
11
3.7077097637795275
21
-5.1888539763779526
0
LINE
8
BLACK
6
CONTINUOUS
10
3.7077097637795275
20
-5.1888539763779526
11
3.7152067716535431
21
-5.1834070866141735
0
LINE
8
BLACK
6
CONTINUOUS
10
3.7152067716535431
20
-5.1834070866141735
11
3.7234635826771654
21
-5.1792000393700786
0
LINE
8
BLACK
6
CONTINUOUS
10
3.7234635826771654
20
-5.1792000393700786
11
3.7322768503937005
21
-5.1763364173228341
0
LINE
8
BLACK
6
CONTINUOUS
10
3.7322768503937005
20
-5.1763364173228341
11
3.741429566929134
21
-5.1748867716535436
0
LINE
8
BLACK
6
CONTINUOUS
10
3.741429566929134
20
-5.1748867716535436
11
3.7506964173228345
21
-5.1748867716535436
0
LINE
8
BLACK
6
CONTINUOUS
10
3.7506964173228345
20
-5.1748867716535436
11
3.7598491338582676
21
-5.1763364173228341
0
LINE
8
BLACK
6
CONTINUOUS
10
10.0996668110236225
20
-5.2870166929133857
11
10.1022212992125979
21
-5.2887235826771652
0
LINE
8
BLACK
6
CONTINUOUS
10
10.1022212992125979
20
-5.2887235826771652
11
10.1039281889763775
21
-5.2912780708661415
0
LINE
8
BLACK
6
CONTINUOUS
10
10.1039281889763775
20
-5.2912780708661415
11
10.1045275590551178
21
-5.2942913385826769
0
LINE
8
BLACK
6
CONTINUOUS
10
10.1045275590551178
20
-5.2942913385826769
11
10.1045275590551178
21
-5.3159448818897639
0
LINE
8
BLACK
6
CONTINUOUS
10
10.1045275590551178
20
-5.3159448818897639
11
10.1039281889763775
21
-5.3189581496062992
0
LINE
8
BLACK
6
CONTINUOUS
10
10.1039281889763775
20
-5.3189581496062992
11
10.1022212992125979
21
-5.3215126377952755
0
LINE
8
BLACK
6
CONTINUOUS
10
10.1022212992125979
20
-5.3215126377952755
11
10.0996668110236225
21
-5.323219527559055
0
LINE
8
BLACK
6
CONTINUOUS
10
10.0996668110236225
20
-5.323219527559055
11
10.0966535433070863
21
-5.3238188976377954
0
LINE
8
BLACK
6
CONTINUOUS
10
10.0966535433070863
20
-5.3238188976377954
11
10.0809055118110233
21
-5.3238188976377954
0
LINE
8
BLACK
6
CONTINUOUS
10
10.0809055118110233
20
-5.3238188976377954
11
10.0778922440944871
21
-5.323219527559055
0
LINE
8
BLACK
6
CONTINUOUS
10
10.0778922440944871
20
-5.323219527559055
11
10.0753377559055117
21
-5.3215126377952755
0
LINE
8
BLACK
6
CONTINUOUS
10
10.0753377559055117
20
-5.3215126377952755
11
10.0736308661417322
21
-5.3189581496062992
0
LINE
8
BLACK
6
CONTINUOUS
10
10.0736308661417322
20
-5.3189581496062992
11
10.0730314960629919
21
-5.3159448818897639
0
LINE
8
BLACK
6
CONTINUOUS
10
10.0730314960629919
20
-5.3159448818897639
11
10.0730314960629919
21
-5.2942913385826769
0
LINE
8
BLACK
6
CONTINUOUS
10
10.0730314960629919
20
-5.2942913385826769
11
10.0736308661417322
21
-5.2912780708661415
0
LINE
8
BLACK
6
CONTINUOUS
10
10.0736308661417322
20
-5.2912780708661415
11
10.0753377559055117
21
-5.2887235826771652
0
LINE
8
BLACK
6
CONTINUOUS
10
10.0753377559055117
20
-5.2887235826771652
11
10.0778922440944871
21
-5.2870166929133857
0
LINE
8
BLACK
6
CONTINUOUS
10
10.0778922440944871
20
-5.2870166929133857
11
10.0809055118110233
21
-5.2864173228346454
0
LINE
8
BLACK
6
CONTINUOUS
10
10.0809055118110233
20
-5.2864173228346454
11
10.0966535433070863
21
-5.2864173228346454
0
LINE
8
BLACK
6
CONTINUOUS
10
10.0966535433070863
20
-5.2864173228346454
11
10.0996668110236225
21
-5.2870166929133857
0
LINE
8
BLACK
6
CONTINUOUS
10
10.1646274409448818
20
-5.2870166929133857
11
10.1671819291338572
21
-5.2887235826771652
0
LINE
8
BLACK
6
CONTINUOUS
10
10.1671819291338572
20
-5.2887235826771652
11
10.1688888188976367
21
-5.2912780708661415
0
LINE
8
BLACK
6
CONTINUOUS
10
10.1688888188976367
20
-5.2912780708661415
11
10.1694881889763771
21
-5.2942913385826769
0
LINE
8
BLACK
6
CONTINUOUS
10
10.1694881889763771
20
-5.2942913385826769
11
10.1694881889763771
21
-5.3159448818897639
0
LINE
8
BLACK
6
CONTINUOUS
10
10.1694881889763771
20
-5.3159448818897639
11
10.1688888188976367
21
-5.3189581496062992
0
LINE
8
BLACK
6
CONTINUOUS
10
10.1688888188976367
20
-5.3189581496062992
11
10.1671819291338572
21
-5.3215126377952755
0
LINE
8
BLACK
6
CONTINUOUS
10
10.1671819291338572
20
-5.3215126377952755
11
10.1646274409448818
21
-5.323219527559055
0
LINE
8
BLACK
6
CONTINUOUS
10
10.1646274409448818
20
-5.323219527559055
11
10.1616141732283456
21
-5.3238188976377954
0
LINE
8
BLACK
6
CONTINUOUS
10
10.1616141732283456
20
-5.3238188976377954
11
10.1458661417322826
21
-5.3238188976377954
0
LINE
8
BLACK
6
CONTINUOUS
10
10.1458661417322826
20
-5.3238188976377954
11
10.1428528740157482
21
-5.323219527559055
0
LINE
8
BLACK
6
CONTINUOUS
10
10.1428528740157482
20
-5.323219527559055
11
10.140298385826771
21
-5.3215126377952755
0
LINE
8
BLACK
6
CONTINUOUS
10
10.140298385826771
20
-5.3215126377952755
11
10.1385914960629915
21
-5.3189581496062992
0
LINE
8
BLACK
6
CONTINUOUS
10
10.1385914960629915
20
-5.3189581496062992
11
10.1379921259842511
21
-5.3159448818897639
0
LINE
8
BLACK
6
CONTINUOUS
10
10.1379921259842511
20
-5.3159448818897639
11
10.1379921259842511
21
-5.2942913385826769
0
LINE
8
BLACK
6
CONTINUOUS
10
10.1379921259842511
20
-5.2942913385826769
11
10.1385914960629915
21
-5.2912780708661415
0
LINE
8
BLACK
6
CONTINUOUS
10
10.1385914960629915
20
-5.2912780708661415
11
10.140298385826771
21
-5.2887235826771652
0
LINE
8
BLACK
6
CONTINUOUS
10
10.140298385826771
20
-5.2887235826771652
11
10.1428528740157482
21
-5.2870166929133857
0
LINE
8
BLACK
6
CONTINUOUS
10
10.1428528740157482
20
-5.2870166929133857
11
10.1458661417322826
21
-5.2864173228346454
0
LINE
8
BLACK
6
CONTINUOUS
10
10.1458661417322826
20
-5.2864173228346454
11
10.1616141732283456
21
-5.2864173228346454
0
LINE
8
BLACK
6
CONTINUOUS
10
10.1616141732283456
20
-5.2864173228346454
11
10.1646274409448818
21
-5.2870166929133857
0
LINE
8
BLACK
6
CONTINUOUS
10
4.4795341732283465
20
-4.9893285433070869
11
4.4883474409448816
21
-4.9921921653543304
0
LINE
8
BLACK
6
CONTINUOUS
10
4.4883474409448816
20
-4.9921921653543304
11
4.4966042519685034
21
-4.9963992125984253
0
LINE
8
BLACK
6
CONTINUOUS
10
4.4966042519685034
20
-4.9963992125984253
11
4.5041012598425194
21
-5.0018461023622045
0
LINE
8
BLACK
6
CONTINUOUS
10
4.5041012598425194
20
-5.0018461023622045
11
4.5106538976377948
21
-5.0083987401574799
0
LINE
8
BLACK
6
CONTINUOUS
10
4.5106538976377948
20
-5.0083987401574799
11
4.5161007874015748
21
-5.0158957480314958
0
LINE
8
BLACK
6
CONTINUOUS
10
4.5161007874015748
20
-5.0158957480314958
11
4.5203078346456689
21
-5.0241525590551177
0
LINE
8
BLACK
6
CONTINUOUS
10
4.5203078346456689
20
-5.0241525590551177
11
4.5231714566929133
21
-5.0329658267716537
0
LINE
8
BLACK
6
CONTINUOUS
10
4.5231714566929133
20
-5.0329658267716537
11
4.5246211023622047
21
-5.0421185433070868
0
LINE
8
BLACK
6
CONTINUOUS
10
4.5246211023622047
20
-5.0421185433070868
11
4.5248031496062993
21
-5.046751968503937
0
LINE
8
BLACK
6
CONTINUOUS
10
4.5248031496062993
20
-5.046751968503937
11
4.5248031496062993
21
-5.184547244094488
0
LINE
8
BLACK
6
CONTINUOUS
10
4.5248031496062993
20
-5.184547244094488
11
4.5246211023622047
21
-5.1891806692913383
0
LINE
8
BLACK
6
CONTINUOUS
10
4.5246211023622047
20
-5.1891806692913383
11
4.5231714566929133
21
-5.1983333858267713
0
LINE
8
BLACK
6
CONTINUOUS
10
4.5231714566929133
20
-5.1983333858267713
11
4.5203078346456689
21
-5.2071466535433073
0
LINE
8
BLACK
6
CONTINUOUS
10
4.5203078346456689
20
-5.2071466535433073
11
4.5161007874015748
21
-5.2154034645669292
0
LINE
8
BLACK
6
CONTINUOUS
10
4.5161007874015748
20
-5.2154034645669292
11
4.5106538976377948
21
-5.2229004724409451
0
LINE
8
BLACK
6
CONTINUOUS
10
4.5106538976377948
20
-5.2229004724409451
11
4.5041012598425194
21
-5.2294531102362205
0
LINE
8
BLACK
6
CONTINUOUS
10
4.5041012598425194
20
-5.2294531102362205
11
4.4966042519685034
21
-5.2348999999999997
0
LINE
8
BLACK
6
CONTINUOUS
10
4.4966042519685034
20
-5.2348999999999997
11
4.4883474409448816
21
-5.2391070472440946
0
LINE
8
BLACK
6
CONTINUOUS
10
4.4883474409448816
20
-5.2391070472440946
11
4.4795341732283465
21
-5.2419706692913381
0
LINE
8
BLACK
6
CONTINUOUS
10
4.4795341732283465
20
-5.2419706692913381
11
4.4703814566929134
21
-5.2434203149606295
0
LINE
8
BLACK
6
CONTINUOUS
10
4.4703814566929134
20
-5.2434203149606295
11
4.4611146062992129
21
-5.2434203149606295
0
LINE
8
BLACK
6
CONTINUOUS
10
4.4611146062992129
20
-5.2434203149606295
11
4.4519618897637798
21
-5.2419706692913381
0
LINE
8
BLACK
6
CONTINUOUS
10
4.4519618897637798
20
-5.2419706692913381
11
4.4431486220472438
21
-5.2391070472440946
0
LINE
8
BLACK
6
CONTINUOUS
10
4.4431486220472438
20
-5.2391070472440946
11
4.434891811023622
21
-5.2348999999999997
0
LINE
8
BLACK
6
CONTINUOUS
10
4.434891811023622
20
-5.2348999999999997
11
4.427394803149606
21
-5.2294531102362205
0
LINE
8
BLACK
6
CONTINUOUS
10
4.427394803149606
20
-5.2294531102362205
11
4.4208421653543306
21
-5.2229004724409451
0
LINE
8
BLACK
6
CONTINUOUS
10
4.4208421653543306
20
-5.2229004724409451
11
4.4153952755905514
21
-5.2154034645669292
0
LINE
8
BLACK
6
CONTINUOUS
10
4.4153952755905514
20
-5.2154034645669292
11
4.4111882283464565
21
-5.2071466535433073
0
LINE
8
BLACK
6
CONTINUOUS
10
4.4111882283464565
20
-5.2071466535433073
11
4.4083246062992121
21
-5.1983333858267713
0
LINE
8
BLACK
6
CONTINUOUS
10
4.4083246062992121
20
-5.1983333858267713
11
4.4068749606299216
21
-5.1891806692913383
0
LINE
8
BLACK
6
CONTINUOUS
10
4.4068749606299216
20
-5.1891806692913383
11
4.406692913385827
21
-5.184547244094488
0
LINE
8
BLACK
6
CONTINUOUS
10
4.406692913385827
20
-5.184547244094488
11
4.406692913385827
21
-5.046751968503937
0
LINE
8
BLACK
6
CONTINUOUS
10
4.406692913385827
20
-5.046751968503937
11
4.4068749606299216
21
-5.0421185433070868
0
LINE
8
BLACK
6
CONTINUOUS
10
4.4068749606299216
20
-5.0421185433070868
11
4.4083246062992121
21
-5.0329658267716537
0
LINE
8
BLACK
6
CONTINUOUS
10
4.4083246062992121
20
-5.0329658267716537
11
4.4111882283464565
21
-5.0241525590551177
0
LINE
8
BLACK
6
CONTINUOUS
10
4.4111882283464565
20
-5.0241525590551177
11
4.4153952755905514
21
-5.0158957480314958
0
LINE
8
BLACK
6
CONTINUOUS
10
4.4153952755905514
20
-5.0158957480314958
11
4.4208421653543306
21
-5.0083987401574799
0
LINE
8
BLACK
6
CONTINUOUS
10
4.4208421653543306
20
-5.0083987401574799
11
4.427394803149606
21
-5.0018461023622045
0
LINE
8
BLACK
6
CONTINUOUS
10
4.427394803149606
20
-5.0018461023622045
11
4.434891811023622
21
-4.9963992125984253
0
LINE
8
BLACK
6
CONTINUOUS
10
4.434891811023622
20
-4.9963992125984253
11
4.4431486220472438
21
-4.9921921653543304
0
LINE
8
BLACK
6
CONTINUOUS
10
4.4431486220472438
20
-4.9921921653543304
11
4.4519618897637798
21
-4.9893285433070869
0
LINE
8
BLACK
6
CONTINUOUS
10
4.4519618897637798
20
-4.9893285433070869
11
4.4611146062992129
21
-4.9878788976377955
0
LINE
8
BLACK
6
CONTINUOUS
10
4.4611146062992129
20
-4.9878788976377955
11
4.4703814566929134
21
-4.9878788976377955
0
LINE
8
BLACK
6
CONTINUOUS
10
4.4703814566929134
20
-4.9878788976377955
11
4.4795341732283465
21
-4.9893285433070869
0
LINE
8
BLACK
6
CONTINUOUS
10
10.0996668110236225
20
-5.1708749606299209
11
10.1022212992125979
21
-5.1725818503937004
0
LINE
8
BLACK
6
CONTINUOUS
10
10.1022212992125979
20
-5.1725818503937004
11
10.1039281889763775
21
-5.1751363385826767
0
LINE
8
BLACK
6
CONTINUOUS
10
10.1039281889763775
20
-5.1751363385826767
11
10.1045275590551178
21
-5.1781496062992121
0
LINE
8
BLACK
6
CONTINUOUS
10
10.1045275590551178
20
-5.1781496062992121
11
10.1045275590551178
21
-5.1998031496062991
0
LINE
8
BLACK
6
CONTINUOUS
10
10.1045275590551178
20
-5.1998031496062991
11
10.1039281889763775
21
-5.2028164173228344
0
LINE
8
BLACK
6
CONTINUOUS
10
10.1039281889763775
20
-5.2028164173228344
11
10.1022212992125979
21
-5.2053709055118107
0
LINE
8
BLACK
6
CONTINUOUS
10
10.1022212992125979
20
-5.2053709055118107
11
10.0996668110236225
21
-5.2070777952755902
0
LINE
8
BLACK
6
CONTINUOUS
10
10.0996668110236225
20
-5.2070777952755902
11
10.0966535433070863
21
-5.2076771653543306
0
LINE
8
BLACK
6
CONTINUOUS
10
10.0966535433070863
20
-5.2076771653543306
11
10.0809055118110233
21
-5.2076771653543306
0
LINE
8
BLACK
6
CONTINUOUS
10
10.0809055118110233
20
-5.2076771653543306
11
10.0778922440944871
21
-5.2070777952755902
0
LINE
8
BLACK
6
CONTINUOUS
10
10.0778922440944871
20
-5.2070777952755902
11
10.0753377559055117
21
-5.2053709055118107
0
LINE
8
BLACK
6
CONTINUOUS
10
10.0753377559055117
20
-5.2053709055118107
11
10.0736308661417322
21
-5.2028164173228344
0
LINE
8
BLACK
6
CONTINUOUS
10
10.0736308661417322
20
-5.2028164173228344
11
10.0730314960629919
21
-5.1998031496062991
0
LINE
8
BLACK
6
CONTINUOUS
10
10.0730314960629919
20
-5.1998031496062991
11
10.0730314960629919
21
-5.1781496062992121
0
LINE
8
BLACK
6
CONTINUOUS
10
10.0730314960629919
20
-5.1781496062992121
11
10.0736308661417322
21
-5.1751363385826767
0
LINE
8
BLACK
6
CONTINUOUS
10
10.0736308661417322
20
-5.1751363385826767
11
10.0753377559055117
21
-5.1725818503937004
0
LINE
8
BLACK
6
CONTINUOUS
10
10.0753377559055117
20
-5.1725818503937004
11
10.0778922440944871
21
-5.1708749606299209
0
LINE
8
BLACK
6
CONTINUOUS
10
10.0778922440944871
20
-5.1708749606299209
11
10.0809055118110233
21
-5.1702755905511806
0
LINE
8
BLACK
6
CONTINUOUS
10
10.0809055118110233
20
-5.1702755905511806
11
10.0966535433070863
21
-5.1702755905511806
0
LINE
8
BLACK
6
CONTINUOUS
10
10.0966535433070863
20
-5.1702755905511806
11
10.0996668110236225
21
-5.1708749606299209
0
LINE
8
BLACK
6
CONTINUOUS
10
10.1646274409448818
20
-5.1708749606299209
11
10.1671819291338572
21
-5.1725818503937004
0
LINE
8
BLACK
6
CONTINUOUS
10
10.1671819291338572
20
-5.1725818503937004
11
10.1688888188976367
21
-5.1751363385826767
0
LINE
8
BLACK
6
CONTINUOUS
10
10.1688888188976367
20
-5.1751363385826767
11
10.1694881889763771
21
-5.1781496062992121
0
LINE
8
BLACK
6
CONTINUOUS
10
10.1694881889763771
20
-5.1781496062992121
11
10.1694881889763771
21
-5.1998031496062991
0
LINE
8
BLACK
6
CONTINUOUS
10
10.1694881889763771
20
-5.1998031496062991
11
10.1688888188976367
21
-5.2028164173228344
0
LINE
8
BLACK
6
CONTINUOUS
10
10.1688888188976367
20
-5.2028164173228344
11
10.1671819291338572
21
-5.2053709055118107
0
LINE
8
BLACK
6
CONTINUOUS
10
10.1671819291338572
20
-5.2053709055118107
11
10.1646274409448818
21
-5.2070777952755902
0
LINE
8
BLACK
6
CONTINUOUS
10
10.1646274409448818
20
-5.2070777952755902
11
10.1616141732283456
21
-5.2076771653543306
0
LINE
8
BLACK
6
CONTINUOUS
10
10.1616141732283456
20
-5.2076771653543306
11
10.1458661417322826
21
-5.2076771653543306
0
LINE
8
BLACK
6
CONTINUOUS
10
10.1458661417322826
20
-5.2076771653543306
11
10.1428528740157482
21
-5.2070777952755902
0
LINE
8
BLACK
6
CONTINUOUS
10
10.1428528740157482
20
-5.2070777952755902
11
10.140298385826771
21
-5.2053709055118107
0
LINE
8
BLACK
6
CONTINUOUS
10
10.140298385826771
20
-5.2053709055118107
11
10.1385914960629915
21
-5.2028164173228344
0
LINE
8
BLACK
6
CONTINUOUS
10
10.1385914960629915
20
-5.2028164173228344
11
10.1379921259842511
21
-5.1998031496062991
0
LINE
8
BLACK
6
CONTINUOUS
10
10.1379921259842511
20
-5.1998031496062991
11
10.1379921259842511
21
-5.1781496062992121
0
LINE
8
BLACK
6
CONTINUOUS
10
10.1379921259842511
20
-5.1781496062992121
11
10.1385914960629915
21
-5.1751363385826767
0
LINE
8
BLACK
6
CONTINUOUS
10
10.1385914960629915
20
-5.1751363385826767
11
10.140298385826771
21
-5.1725818503937004
0
LINE
8
BLACK
6
CONTINUOUS
10
10.140298385826771
20
-5.1725818503937004
11
10.1428528740157482
21
-5.1708749606299209
0
LINE
8
BLACK
6
CONTINUOUS
10
10.1428528740157482
20
-5.1708749606299209
11
10.1458661417322826
21
-5.1702755905511806
0
LINE
8
BLACK
6
CONTINUOUS
10
10.1458661417322826
20
-5.1702755905511806
11
10.1616141732283456
21
-5.1702755905511806
0
LINE
8
BLACK
6
CONTINUOUS
10
10.1616141732283456
20
-5.1702755905511806
11
10.1646274409448818
21
-5.1708749606299209
0
LINE
8
BLACK
6
CONTINUOUS
10
5.1810748425196849
20
-5.0655483070866136
11
5.1863113385826773
21
-5.0676133070866136
0
LINE
8
BLACK
6
CONTINUOUS
10
5.1863113385826773
20
-5.0676133070866136
11
5.1907964960629922
21
-5.071014527559055
0
LINE
8
BLACK
6
CONTINUOUS
10
5.1907964960629922
20
-5.071014527559055
11
5.1941977165354327
21
-5.0754996850393699
0
LINE
8
BLACK
6
CONTINUOUS
10
5.1941977165354327
20
-5.0754996850393699
11
5.1962627165354327
21
-5.0807361811023624
0
LINE
8
BLACK
6
CONTINUOUS
10
5.1962627165354327
20
-5.0807361811023624
11
5.1968503937007871
21
-5.0856299212598426
0
LINE
8
BLACK
6
CONTINUOUS
10
5.1968503937007871
20
-5.0856299212598426
11
5.1968503937007871
21
-5.1820866141732278
0
LINE
8
BLACK
6
CONTINUOUS
10
5.1968503937007871
20
-5.1820866141732278
11
5.1962627165354327
21
-5.1869803543307089
0
LINE
8
BLACK
6
CONTINUOUS
10
5.1962627165354327
20
-5.1869803543307089
11
5.1941977165354327
21
-5.1922168503937005
0
LINE
8
BLACK
6
CONTINUOUS
10
5.1941977165354327
20
-5.1922168503937005
11
5.1907964960629922
21
-5.1967020078740154
0
LINE
8
BLACK
6
CONTINUOUS
10
5.1907964960629922
20
-5.1967020078740154
11
5.1863113385826773
21
-5.2001032283464568
0
LINE
8
BLACK
6
CONTINUOUS
10
5.1863113385826773
20
-5.2001032283464568
11
5.1810748425196849
21
-5.2021682283464568
0
LINE
8
BLACK
6
CONTINUOUS
10
5.1810748425196849
20
-5.2021682283464568
11
5.1761811023622046
21
-5.2027559055118111
0
LINE
8
BLACK
6
CONTINUOUS
10
5.1761811023622046
20
-5.2027559055118111
11
5.0718503937007871
21
-5.2027559055118111
0
LINE
8
BLACK
6
CONTINUOUS
10
5.0718503937007871
20
-5.2027559055118111
11
5.0669566535433068
21
-5.2021682283464568
0
LINE
8
BLACK
6
CONTINUOUS
10
5.0669566535433068
20
-5.2021682283464568
11
5.0617201574803152
21
-5.2001032283464568
0
LINE
8
BLACK
6
CONTINUOUS
10
5.0617201574803152
20
-5.2001032283464568
11
5.0572349999999995
21
-5.1967020078740154
0
LINE
8
BLACK
6
CONTINUOUS
10
5.0572349999999995
20
-5.1967020078740154
11
5.053833779527559
21
-5.1922168503937005
0
LINE
8
BLACK
6
CONTINUOUS
10
5.053833779527559
20
-5.1922168503937005
11
5.051768779527559
21
-5.1869803543307089
0
LINE
8
BLACK
6
CONTINUOUS
10
5.051768779527559
20
-5.1869803543307089
11
5.0511811023622046
21
-5.1820866141732278
0
LINE
8
BLACK
6
CONTINUOUS
10
5.0511811023622046
20
-5.1820866141732278
11
5.0511811023622046
21
-5.0856299212598426
0
LINE
8
BLACK
6
CONTINUOUS
10
5.0511811023622046
20
-5.0856299212598426
11
5.051768779527559
21
-5.0807361811023624
0
LINE
8
BLACK
6
CONTINUOUS
10
5.051768779527559
20
-5.0807361811023624
11
5.053833779527559
21
-5.0754996850393699
0
LINE
8
BLACK
6
CONTINUOUS
10
5.053833779527559
20
-5.0754996850393699
11
5.0572349999999995
21
-5.071014527559055
0
LINE
8
BLACK
6
CONTINUOUS
10
5.0572349999999995
20
-5.071014527559055
11
5.0617201574803152
21
-5.0676133070866136
0
LINE
8
BLACK
6
CONTINUOUS
10
5.0617201574803152
20
-5.0676133070866136
11
5.0669566535433068
21
-5.0655483070866136
0
LINE
8
BLACK
6
CONTINUOUS
10
5.0669566535433068
20
-5.0655483070866136
11
5.0718503937007871
21
-5.0649606299212602
0
LINE
8
BLACK
6
CONTINUOUS
10
5.0718503937007871
20
-5.0649606299212602
11
5.1761811023622046
21
-5.0649606299212602
0
LINE
8
BLACK
6
CONTINUOUS
10
5.1761811023622046
20
-5.0649606299212602
11
5.1810748425196849
21
-5.0655483070866136
0
LINE
8
BLACK
6
CONTINUOUS
10
5.496035472440945
20
-5.0655483070866136
11
5.5012719685039366
21
-5.0676133070866136
0
LINE
8
BLACK
6
CONTINUOUS
10
5.5012719685039366
20
-5.0676133070866136
11
5.5057571259842515
21
-5.071014527559055
0
LINE
8
BLACK
6
CONTINUOUS
10
5.5057571259842515
20
-5.071014527559055
11
5.5091583464566929
21
-5.0754996850393699
0
LINE
8
BLACK
6
CONTINUOUS
10
5.5091583464566929
20
-5.0754996850393699
11
5.5112233464566929
21
-5.0807361811023624
0
LINE
8
BLACK
6
CONTINUOUS
10
5.5112233464566929
20
-5.0807361811023624
11
5.5118110236220472
21
-5.0856299212598426
0
LINE
8
BLACK
6
CONTINUOUS
10
5.5118110236220472
20
-5.0856299212598426
11
5.5118110236220472
21
-5.1820866141732278
0
LINE
8
BLACK
6
CONTINUOUS
10
5.5118110236220472
20
-5.1820866141732278
11
5.5112233464566929
21
-5.1869803543307089
0
LINE
8
BLACK
6
CONTINUOUS
10
5.5112233464566929
20
-5.1869803543307089
11
5.5091583464566929
21
-5.1922168503937005
0
LINE
8
BLACK
6
CONTINUOUS
10
5.5091583464566929
20
-5.1922168503937005
11
5.5057571259842515
21
-5.1967020078740154
0
LINE
8
BLACK
6
CONTINUOUS
10
5.5057571259842515
20
-5.1967020078740154
11
5.5012719685039366
21
-5.2001032283464568
0
LINE
8
BLACK
6
CONTINUOUS
10
5.5012719685039366
20
-5.2001032283464568
11
5.496035472440945
21
-5.2021682283464568
0
LINE
8
BLACK
6
CONTINUOUS
10
5.496035472440945
20
-5.2021682283464568
11
5.4911417322834648
21
-5.2027559055118111
0
LINE
8
BLACK
6
CONTINUOUS
10
5.4911417322834648
20
-5.2027559055118111
11
5.3868110236220472
21
-5.2027559055118111
0
LINE
8
BLACK
6
CONTINUOUS
10
5.3868110236220472
20
-5.2027559055118111
11
5.381917283464567
21
-5.2021682283464568
0
LINE
8
BLACK
6
CONTINUOUS
10
5.381917283464567
20
-5.2021682283464568
11
5.3766807874015745
21
-5.2001032283464568
0
LINE
8
BLACK
6
CONTINUOUS
10
5.3766807874015745
20
-5.2001032283464568
11
5.3721956299212597
21
-5.1967020078740154
0
LINE
8
BLACK
6
CONTINUOUS
10
5.3721956299212597
20
-5.1967020078740154
11
5.3687944094488191
21
-5.1922168503937005
0
LINE
8
BLACK
6
CONTINUOUS
10
5.3687944094488191
20
-5.1922168503937005
11
5.3667294094488192
21
-5.1869803543307089
0
LINE
8
BLACK
6
CONTINUOUS
10
5.3667294094488192
20
-5.1869803543307089
11
5.3661417322834648
21
-5.1820866141732278
0
LINE
8
BLACK
6
CONTINUOUS
10
5.3661417322834648
20
-5.1820866141732278
11
5.3661417322834648
21
-5.0856299212598426
0
LINE
8
BLACK
6
CONTINUOUS
10
5.3661417322834648
20
-5.0856299212598426
11
5.3667294094488192
21
-5.0807361811023624
0
LINE
8
BLACK
6
CONTINUOUS
10
5.3667294094488192
20
-5.0807361811023624
11
5.3687944094488191
21
-5.0754996850393699
0
LINE
8
BLACK
6
CONTINUOUS
10
5.3687944094488191
20
-5.0754996850393699
11
5.3721956299212597
21
-5.071014527559055
0
LINE
8
BLACK
6
CONTINUOUS
10
5.3721956299212597
20
-5.071014527559055
11
5.3766807874015745
21
-5.0676133070866136
0
LINE
8
BLACK
6
CONTINUOUS
10
5.3766807874015745
20
-5.0676133070866136
11
5.381917283464567
21
-5.0655483070866136
0
LINE
8
BLACK
6
CONTINUOUS
10
5.381917283464567
20
-5.0655483070866136
11
5.3868110236220472
21
-5.0649606299212602
0
LINE
8
BLACK
6
CONTINUOUS
10
5.3868110236220472
20
-5.0649606299212602
11
5.4911417322834648
21
-5.0649606299212602
0
LINE
8
BLACK
6
CONTINUOUS
10
5.4911417322834648
20
-5.0649606299212602
11
5.496035472440945
21
-5.0655483070866136
0
LINE
8
BLACK
6
CONTINUOUS
10
6.6456417716535432
20
-5.0419262598425192
11
6.6508782677165357
21
-5.0439912598425192
0
LINE
8
BLACK
6
CONTINUOUS
10
6.6508782677165357
20
-5.0439912598425192
11
6.6553634251968505
21
-5.0473924803149606
0
LINE
8
BLACK
6
CONTINUOUS
10
6.6553634251968505
20
-5.0473924803149606
11
6.658764645669291
21
-5.0518776377952754
0
LINE
8
BLACK
6
CONTINUOUS
10
6.658764645669291
20
-5.0518776377952754
11
6.660829645669291
21
-5.0571141338582679
0
LINE
8
BLACK
6
CONTINUOUS
10
6.660829645669291
20
-5.0571141338582679
11
6.6614173228346454
21
-5.0620078740157481
0
LINE
8
BLACK
6
CONTINUOUS
10
6.6614173228346454
20
-5.0620078740157481
11
6.6614173228346454
21
-5.1663385826771648
0
LINE
8
BLACK
6
CONTINUOUS
10
6.6614173228346454
20
-5.1663385826771648
11
6.660829645669291
21
-5.171232322834646
0
LINE
8
BLACK
6
CONTINUOUS
10
6.660829645669291
20
-5.171232322834646
11
6.658764645669291
21
-5.1764688188976375
0
LINE
8
BLACK
6
CONTINUOUS
10
6.658764645669291
20
-5.1764688188976375
11
6.6553634251968505
21
-5.1809539763779524
0
LINE
8
BLACK
6
CONTINUOUS
10
6.6553634251968505
20
-5.1809539763779524
11
6.6508782677165357
21
-5.1843551968503938
0
LINE
8
BLACK
6
CONTINUOUS
10
6.6508782677165357
20
-5.1843551968503938
11
6.6456417716535432
21
-5.1864201968503938
0
LINE
8
BLACK
6
CONTINUOUS
10
6.6456417716535432
20
-5.1864201968503938
11
6.640748031496063
21
-5.1870078740157481
0
LINE
8
BLACK
6
CONTINUOUS
10
6.640748031496063
20
-5.1870078740157481
11
6.5442913385826769
21
-5.1870078740157481
0
LINE
8
BLACK
6
CONTINUOUS
10
6.5442913385826769
20
-5.1870078740157481
11
6.5393975984251966
21
-5.1864201968503938
0
LINE
8
BLACK
6
CONTINUOUS
10
6.5393975984251966
20
-5.1864201968503938
11
6.5341611023622042
21
-5.1843551968503938
0
LINE
8
BLACK
6
CONTINUOUS
10
6.5341611023622042
20
-5.1843551968503938
11
6.5296759448818893
21
-5.1809539763779524
0
LINE
8
BLACK
6
CONTINUOUS
10
6.5296759448818893
20
-5.1809539763779524
11
6.5262747244094488
21
-5.1764688188976375
0
LINE
8
BLACK
6
CONTINUOUS
10
6.5262747244094488
20
-5.1764688188976375
11
6.5242097244094488
21
-5.171232322834646
0
LINE
8
BLACK
6
CONTINUOUS
10
6.5242097244094488
20
-5.171232322834646
11
6.5236220472440944
21
-5.1663385826771648
0
LINE
8
BLACK
6
CONTINUOUS
10
6.5236220472440944
20
-5.1663385826771648
11
6.5236220472440944
21
-5.0620078740157481
0
LINE
8
BLACK
6
CONTINUOUS
10
6.5236220472440944
20
-5.0620078740157481
11
6.5242097244094488
21
-5.0571141338582679
0
LINE
8
BLACK
6
CONTINUOUS
10
6.5242097244094488
20
-5.0571141338582679
11
6.5262747244094488
21
-5.0518776377952754
0
LINE
8
BLACK
6
CONTINUOUS
10
6.5262747244094488
20
-5.0518776377952754
11
6.5296759448818893
21
-5.0473924803149606
0
LINE
8
BLACK
6
CONTINUOUS
10
6.5296759448818893
20
-5.0473924803149606
11
6.5341611023622042
21
-5.0439912598425192
0
LINE
8
BLACK
6
CONTINUOUS
10
6.5341611023622042
20
-5.0439912598425192
11
6.5393975984251966
21
-5.0419262598425192
0
LINE
8
BLACK
6
CONTINUOUS
10
6.5393975984251966
20
-5.0419262598425192
11
6.5442913385826769
21
-5.0413385826771648
0
LINE
8
BLACK
6
CONTINUOUS
10
6.5442913385826769
20
-5.0413385826771648
11
6.640748031496063
21
-5.0413385826771648
0
LINE
8
BLACK
6
CONTINUOUS
10
6.640748031496063
20
-5.0413385826771648
11
6.6456417716535432
21
-5.0419262598425192
0
LINE
8
BLACK
6
CONTINUOUS
10
6.7952480708661414
20
-5.0419262598425192
11
6.8004845669291338
21
-5.0439912598425192
0
LINE
8
BLACK
6
CONTINUOUS
10
6.8004845669291338
20
-5.0439912598425192
11
6.8049697244094487
21
-5.0473924803149606
0
LINE
8
BLACK
6
CONTINUOUS
10
6.8049697244094487
20
-5.0473924803149606
11
6.8083709448818892
21
-5.0518776377952754
0
LINE
8
BLACK
6
CONTINUOUS
10
6.8083709448818892
20
-5.0518776377952754
11
6.8104359448818892
21
-5.0571141338582679
0
LINE
8
BLACK
6
CONTINUOUS
10
6.8104359448818892
20
-5.0571141338582679
11
6.8110236220472435
21
-5.0620078740157481
0
LINE
8
BLACK
6
CONTINUOUS
10
6.8110236220472435
20
-5.0620078740157481
11
6.8110236220472435
21
-5.1663385826771648
0
LINE
8
BLACK
6
CONTINUOUS
10
6.8110236220472435
20
-5.1663385826771648
11
6.8104359448818892
21
-5.171232322834646
0
LINE
8
BLACK
6
CONTINUOUS
10
6.8104359448818892
20
-5.171232322834646
11
6.8083709448818892
21
-5.1764688188976375
0
LINE
8
BLACK
6
CONTINUOUS
10
6.8083709448818892
20
-5.1764688188976375
11
6.8049697244094487
21
-5.1809539763779524
0
LINE
8
BLACK
6
CONTINUOUS
10
6.8049697244094487
20
-5.1809539763779524
11
6.8004845669291338
21
-5.1843551968503938
0
LINE
8
BLACK
6
CONTINUOUS
10
6.8004845669291338
20
-5.1843551968503938
11
6.7952480708661414
21
-5.1864201968503938
0
LINE
8
BLACK
6
CONTINUOUS
10
6.7952480708661414
20
-5.1864201968503938
11
6.7903543307086611
21
-5.1870078740157481
0
LINE
8
BLACK
6
CONTINUOUS
10
6.7903543307086611
20
-5.1870078740157481
11
6.693897637795275
21
-5.1870078740157481
0
LINE
8
BLACK
6
CONTINUOUS
10
6.693897637795275
20
-5.1870078740157481
11
6.6890038976377948
21
-5.1864201968503938
0
LINE
8
BLACK
6
CONTINUOUS
10
6.6890038976377948
20
-5.1864201968503938
11
6.6837674015748032
21
-5.1843551968503938
0
LINE
8
BLACK
6
CONTINUOUS
10
6.6837674015748032
20
-5.1843551968503938
11
6.6792822440944883
21
-5.1809539763779524
0
LINE
8
BLACK
6
CONTINUOUS
10
6.6792822440944883
20
-5.1809539763779524
11
6.6758810236220469
21
-5.1764688188976375
0
LINE
8
BLACK
6
CONTINUOUS
10
6.6758810236220469
20
-5.1764688188976375
11
6.673816023622047
21
-5.171232322834646
0
LINE
8
BLACK
6
CONTINUOUS
10
6.673816023622047
20
-5.171232322834646
11
6.6732283464566926
21
-5.1663385826771648
0
LINE
8
BLACK
6
CONTINUOUS
10
6.6732283464566926
20
-5.1663385826771648
11
6.6732283464566926
21
-5.0620078740157481
0
LINE
8
BLACK
6
CONTINUOUS
10
6.6732283464566926
20
-5.0620078740157481
11
6.673816023622047
21
-5.0571141338582679
0
LINE
8
BLACK
6
CONTINUOUS
10
6.673816023622047
20
-5.0571141338582679
11
6.6758810236220469
21
-5.0518776377952754
0
LINE
8
BLACK
6
CONTINUOUS
10
6.6758810236220469
20
-5.0518776377952754
11
6.6792822440944883
21
-5.0473924803149606
0
LINE
8
BLACK
6
CONTINUOUS
10
6.6792822440944883
20
-5.0473924803149606
11
6.6837674015748032
21
-5.0439912598425192
0
LINE
8
BLACK
6
CONTINUOUS
10
6.6837674015748032
20
-5.0439912598425192
11
6.6890038976377948
21
-5.0419262598425192
0
LINE
8
BLACK
6
CONTINUOUS
10
6.6890038976377948
20
-5.0419262598425192
11
6.693897637795275
21
-5.0413385826771648
0
LINE
8
BLACK
6
CONTINUOUS
10
6.693897637795275
20
-5.0413385826771648
11
6.7903543307086611
21
-5.0413385826771648
0
LINE
8
BLACK
6
CONTINUOUS
10
6.7903543307086611
20
-5.0413385826771648
11
6.7952480708661414
21
-5.0419262598425192
0
LINE
8
BLACK
6
CONTINUOUS
10
6.9448543700787404
20
-5.0419262598425192
11
6.950090866141732
21
-5.0439912598425192
0
LINE
8
BLACK
6
CONTINUOUS
10
6.950090866141732
20
-5.0439912598425192
11
6.9545760236220469
21
-5.0473924803149606
0
LINE
8
BLACK
6
CONTINUOUS
10
6.9545760236220469
20
-5.0473924803149606
11
6.9579772440944883
21
-5.0518776377952754
0
LINE
8
BLACK
6
CONTINUOUS
10
6.9579772440944883
20
-5.0518776377952754
11
6.9600422440944882
21
-5.0571141338582679
0
LINE
8
BLACK
6
CONTINUOUS
10
6.9600422440944882
20
-5.0571141338582679
11
6.9606299212598426
21
-5.0620078740157481
0
LINE
8
BLACK
6
CONTINUOUS
10
6.9606299212598426
20
-5.0620078740157481
11
6.9606299212598426
21
-5.1663385826771648
0
LINE
8
BLACK
6
CONTINUOUS
10
6.9606299212598426
20
-5.1663385826771648
11
6.9600422440944882
21
-5.171232322834646
0
LINE
8
BLACK
6
CONTINUOUS
10
6.9600422440944882
20
-5.171232322834646
11
6.9579772440944883
21
-5.1764688188976375
0
LINE
8
BLACK
6
CONTINUOUS
10
6.9579772440944883
20
-5.1764688188976375
11
6.9545760236220469
21
-5.1809539763779524
0
LINE
8
BLACK
6
CONTINUOUS
10
6.9545760236220469
20
-5.1809539763779524
11
6.950090866141732
21
-5.1843551968503938
0
LINE
8
BLACK
6
CONTINUOUS
10
6.950090866141732
20
-5.1843551968503938
11
6.9448543700787404
21
-5.1864201968503938
0
LINE
8
BLACK
6
CONTINUOUS
10
6.9448543700787404
20
-5.1864201968503938
11
6.9399606299212593
21
-5.1870078740157481
0
LINE
8
BLACK
6
CONTINUOUS
10
6.9399606299212593
20
-5.1870078740157481
11
6.8435039370078741
21
-5.1870078740157481
0
LINE
8
BLACK
6
CONTINUOUS
10
6.8435039370078741
20
-5.1870078740157481
11
6.8386101968503938
21
-5.1864201968503938
0
LINE
8
BLACK
6
CONTINUOUS
10
6.8386101968503938
20
-5.1864201968503938
11
6.8333737007874014
21
-5.1843551968503938
0
LINE
8
BLACK
6
CONTINUOUS
10
6.8333737007874014
20
-5.1843551968503938
11
6.8288885433070865
21
-5.1809539763779524
0
LINE
8
BLACK
6
CONTINUOUS
10
6.8288885433070865
20
-5.1809539763779524
11
6.8254873228346451
21
-5.1764688188976375
0
LINE
8
BLACK
6
CONTINUOUS
10
6.8254873228346451
20
-5.1764688188976375
11
6.8234223228346451
21
-5.171232322834646
0
LINE
8
BLACK
6
CONTINUOUS
10
6.8234223228346451
20
-5.171232322834646
11
6.8228346456692908
21
-5.1663385826771648
0
LINE
8
BLACK
6
CONTINUOUS
10
6.8228346456692908
20
-5.1663385826771648
11
6.8228346456692908
21
-5.0620078740157481
0
LINE
8
BLACK
6
CONTINUOUS
10
6.8228346456692908
20
-5.0620078740157481
11
6.8234223228346451
21
-5.0571141338582679
0
LINE
8
BLACK
6
CONTINUOUS
10
6.8234223228346451
20
-5.0571141338582679
11
6.8254873228346451
21
-5.0518776377952754
0
LINE
8
BLACK
6
CONTINUOUS
10
6.8254873228346451
20
-5.0518776377952754
11
6.8288885433070865
21
-5.0473924803149606
0
LINE
8
BLACK
6
CONTINUOUS
10
6.8288885433070865
20
-5.0473924803149606
11
6.8333737007874014
21
-5.0439912598425192
0
LINE
8
BLACK
6
CONTINUOUS
10
6.8333737007874014
20
-5.0439912598425192
11
6.8386101968503938
21
-5.0419262598425192
0
LINE
8
BLACK
6
CONTINUOUS
10
6.8386101968503938
20
-5.0419262598425192
11
6.8435039370078741
21
-5.0413385826771648
0
LINE
8
BLACK
6
CONTINUOUS
10
6.8435039370078741
20
-5.0413385826771648
11
6.9399606299212593
21
-5.0413385826771648
0
LINE
8
BLACK
6
CONTINUOUS
10
6.9399606299212593
20
-5.0413385826771648
11
6.9448543700787404
21
-5.0419262598425192
0
LINE
8
BLACK
6
CONTINUOUS
10
10.0996668110236225
20
-5.054733228346457
11
10.1022212992125979
21
-5.0564401181102365
0
LINE
8
BLACK
6
CONTINUOUS
10
10.1022212992125979
20
-5.0564401181102365
11
10.1039281889763775
21
-5.0589946062992128
0
LINE
8
BLACK
6
CONTINUOUS
10
10.1039281889763775
20
-5.0589946062992128
11
10.1045275590551178
21
-5.0620078740157481
0
LINE
8
BLACK
6
CONTINUOUS
10
10.1045275590551178
20
-5.0620078740157481
11
10.1045275590551178
21
-5.0836614173228343
0
LINE
8
BLACK
6
CONTINUOUS
10
10.1045275590551178
20
-5.0836614173228343
11
10.1039281889763775
21
-5.0866746850393696
0
LINE
8
BLACK
6
CONTINUOUS
10
10.1039281889763775
20
-5.0866746850393696
11
10.1022212992125979
21
-5.0892291732283468
0
LINE
8
BLACK
6
CONTINUOUS
10
10.1022212992125979
20
-5.0892291732283468
11
10.0996668110236225
21
-5.0909360629921263
0
LINE
8
BLACK
6
CONTINUOUS
10
10.0996668110236225
20
-5.0909360629921263
11
10.0966535433070863
21
-5.0915354330708658
0
LINE
8
BLACK
6
CONTINUOUS
10
10.0966535433070863
20
-5.0915354330708658
11
10.0809055118110233
21
-5.0915354330708658
0
LINE
8
BLACK
6
CONTINUOUS
10
10.0809055118110233
20
-5.0915354330708658
11
10.0778922440944871
21
-5.0909360629921263
0
LINE
8
BLACK
6
CONTINUOUS
10
10.0778922440944871
20
-5.0909360629921263
11
10.0753377559055117
21
-5.0892291732283468
0
LINE
8
BLACK
6
CONTINUOUS
10
10.0753377559055117
20
-5.0892291732283468
11
10.0736308661417322
21
-5.0866746850393696
0
LINE
8
BLACK
6
CONTINUOUS
10
10.0736308661417322
20
-5.0866746850393696
11
10.0730314960629919
21
-5.0836614173228343
0
LINE
8
BLACK
6
CONTINUOUS
10
10.0730314960629919
20
-5.0836614173228343
11
10.0730314960629919
21
-5.0620078740157481
0
LINE
8
BLACK
6
CONTINUOUS
10
10.0730314960629919
20
-5.0620078740157481
11
10.0736308661417322
21
-5.0589946062992128
0
LINE
8
BLACK
6
CONTINUOUS
10
10.0736308661417322
20
-5.0589946062992128
11
10.0753377559055117
21
-5.0564401181102365
0
LINE
8
BLACK
6
CONTINUOUS
10
10.0753377559055117
20
-5.0564401181102365
11
10.0778922440944871
21
-5.054733228346457
0
LINE
8
BLACK
6
CONTINUOUS
10
10.0778922440944871
20
-5.054733228346457
11
10.0809055118110233
21
-5.0541338582677167
0
LINE
8
BLACK
6
CONTINUOUS
10
10.0809055118110233
20
-5.0541338582677167
11
10.0966535433070863
21
-5.0541338582677167
0
LINE
8
BLACK
6
CONTINUOUS
10
10.0966535433070863
20
-5.0541338582677167
11
10.0996668110236225
21
-5.054733228346457
0
LINE
8
BLACK
6
CONTINUOUS
10
10.1646274409448818
20
-5.054733228346457
11
10.1671819291338572
21
-5.0564401181102365
0
LINE
8
BLACK
6
CONTINUOUS
10
10.1671819291338572
20
-5.0564401181102365
11
10.1688888188976367
21
-5.0589946062992128
0
LINE
8
BLACK
6
CONTINUOUS
10
10.1688888188976367
20
-5.0589946062992128
11
10.1694881889763771
21
-5.0620078740157481
0
LINE
8
BLACK
6
CONTINUOUS
10
10.1694881889763771
20
-5.0620078740157481
11
10.1694881889763771
21
-5.0836614173228343
0
LINE
8
BLACK
6
CONTINUOUS
10
10.1694881889763771
20
-5.0836614173228343
11
10.1688888188976367
21
-5.0866746850393696
0
LINE
8
BLACK
6
CONTINUOUS
10
10.1688888188976367
20
-5.0866746850393696
11
10.1671819291338572
21
-5.0892291732283468
0
LINE
8
BLACK
6
CONTINUOUS
10
10.1671819291338572
20
-5.0892291732283468
11
10.1646274409448818
21
-5.0909360629921263
0
LINE
8
BLACK
6
CONTINUOUS
10
10.1646274409448818
20
-5.0909360629921263
11
10.1616141732283456
21
-5.0915354330708658
0
LINE
8
BLACK
6
CONTINUOUS
10
10.1616141732283456
20
-5.0915354330708658
11
10.1458661417322826
21
-5.0915354330708658
0
LINE
8
BLACK
6
CONTINUOUS
10
10.1458661417322826
20
-5.0915354330708658
11
10.1428528740157482
21
-5.0909360629921263
0
LINE
8
BLACK
6
CONTINUOUS
10
10.1428528740157482
20
-5.0909360629921263
11
10.140298385826771
21
-5.0892291732283468
0
LINE
8
BLACK
6
CONTINUOUS
10
10.140298385826771
20
-5.0892291732283468
11
10.1385914960629915
21
-5.0866746850393696
0
LINE
8
BLACK
6
CONTINUOUS
10
10.1385914960629915
20
-5.0866746850393696
11
10.1379921259842511
21
-5.0836614173228343
0
LINE
8
BLACK
6
CONTINUOUS
10
10.1379921259842511
20
-5.0836614173228343
11
10.1379921259842511
21
-5.0620078740157481
0
LINE
8
BLACK
6
CONTINUOUS
10
10.1379921259842511
20
-5.0620078740157481
11
10.1385914960629915
21
-5.0589946062992128
0
LINE
8
BLACK
6
CONTINUOUS
10
10.1385914960629915
20
-5.0589946062992128
11
10.140298385826771
21
-5.0564401181102365
0
LINE
8
BLACK
6
CONTINUOUS
10
10.140298385826771
20
-5.0564401181102365
11
10.1428528740157482
21
-5.054733228346457
0
LINE
8
BLACK
6
CONTINUOUS
10
10.1428528740157482
20
-5.054733228346457
11
10.1458661417322826
21
-5.0541338582677167
0
LINE
8
BLACK
6
CONTINUOUS
10
10.1458661417322826
20
-5.0541338582677167
11
10.1616141732283456
21
-5.0541338582677167
0
LINE
8
BLACK
6
CONTINUOUS
10
10.1616141732283456
20
-5.0541338582677167
11
10.1646274409448818
21
-5.054733228346457
0
LINE
8
BLACK
6
CONTINUOUS
10
3.7598491338582676
20
-4.8731868110236221
11
3.7686624015748031
21
-4.8760504330708656
0
LINE
8
BLACK
6
CONTINUOUS
10
3.7686624015748031
20
-4.8760504330708656
11
3.776919212598425
21
-4.8802574803149605
0
LINE
8
BLACK
6
CONTINUOUS
10
3.776919212598425
20
-4.8802574803149605
11
3.784416220472441
21
-4.8857043700787397
0
LINE
8
BLACK
6
CONTINUOUS
10
3.784416220472441
20
-4.8857043700787397
11
3.7909688582677163
21
-4.892257007874016
0
LINE
8
BLACK
6
CONTINUOUS
10
3.7909688582677163
20
-4.892257007874016
11
3.796415748031496
21
-4.899754015748031
0
LINE
8
BLACK
6
CONTINUOUS
10
3.796415748031496
20
-4.899754015748031
11
3.8006227952755904
21
-4.9080108267716538
0
LINE
8
BLACK
6
CONTINUOUS
10
3.8006227952755904
20
-4.9080108267716538
11
3.8034864173228344
21
-4.9168240944881889
0
LINE
8
BLACK
6
CONTINUOUS
10
3.8034864173228344
20
-4.9168240944881889
11
3.8049360629921258
21
-4.9259768110236219
0
LINE
8
BLACK
6
CONTINUOUS
10
3.8049360629921258
20
-4.9259768110236219
11
3.8051181102362204
21
-4.9306102362204722
0
LINE
8
BLACK
6
CONTINUOUS
10
3.8051181102362204
20
-4.9306102362204722
11
3.8051181102362204
21
-5.0093503937007871
0
LINE
8
BLACK
6
CONTINUOUS
10
3.8051181102362204
20
-5.0093503937007871
11
3.8049360629921258
21
-5.0139838188976373
0
LINE
8
BLACK
6
CONTINUOUS
10
3.8049360629921258
20
-5.0139838188976373
11
3.8034864173228344
21
-5.0231365354330704
0
LINE
8
BLACK
6
CONTINUOUS
10
3.8034864173228344
20
-5.0231365354330704
11
3.8006227952755904
21
-5.0319498031496064
0
LINE
8
BLACK
6
CONTINUOUS
10
3.8006227952755904
20
-5.0319498031496064
11
3.796415748031496
21
-5.0402066141732282
0
LINE
8
BLACK
6
CONTINUOUS
10
3.796415748031496
20
-5.0402066141732282
11
3.7909688582677163
21
-5.0477036220472442
0
LINE
8
BLACK
6
CONTINUOUS
10
3.7909688582677163
20
-5.0477036220472442
11
3.784416220472441
21
-5.0542562598425196
0
LINE
8
BLACK
6
CONTINUOUS
10
3.784416220472441
20
-5.0542562598425196
11
3.776919212598425
21
-5.0597031496062987
0
LINE
8
BLACK
6
CONTINUOUS
10
3.776919212598425
20
-5.0597031496062987
11
3.7686624015748031
21
-5.0639101968503937
0
LINE
8
BLACK
6
CONTINUOUS
10
3.7686624015748031
20
-5.0639101968503937
11
3.7598491338582676
21
-5.0667738188976381
0
LINE
8
BLACK
6
CONTINUOUS
10
3.7598491338582676
20
-5.0667738188976381
11
3.7506964173228345
21
-5.0682234645669286
0
LINE
8
BLACK
6
CONTINUOUS
10
3.7506964173228345
20
-5.0682234645669286
11
3.741429566929134
21
-5.0682234645669286
0
LINE
8
BLACK
6
CONTINUOUS
10
3.741429566929134
20
-5.0682234645669286
11
3.7322768503937005
21
-5.0667738188976381
0
LINE
8
BLACK
6
CONTINUOUS
10
3.7322768503937005
20
-5.0667738188976381
11
3.7234635826771654
21
-5.0639101968503937
0
LINE
8
BLACK
6
CONTINUOUS
10
3.7234635826771654
20
-5.0639101968503937
11
3.7152067716535431
21
-5.0597031496062987
0
LINE
8
BLACK
6
CONTINUOUS
10
3.7152067716535431
20
-5.0597031496062987
11
3.7077097637795275
21
-5.0542562598425196
0
LINE
8
BLACK
6
CONTINUOUS
10
3.7077097637795275
20
-5.0542562598425196
11
3.7011571259842517
21
-5.0477036220472442
0
LINE
8
BLACK
6
CONTINUOUS
10
3.7011571259842517
20
-5.0477036220472442
11
3.6957102362204726
21
-5.0402066141732282
0
LINE
8
BLACK
6
CONTINUOUS
10
3.6957102362204726
20
-5.0402066141732282
11
3.6915031889763781
21
-5.0319498031496064
0
LINE
8
BLACK
6
CONTINUOUS
10
3.6915031889763781
20
-5.0319498031496064
11
3.6886395669291336
21
-5.0231365354330704
0
LINE
8
BLACK
6
CONTINUOUS
10
3.6886395669291336
20
-5.0231365354330704
11
3.6871899212598422
21
-5.0139838188976373
0
LINE
8
BLACK
6
CONTINUOUS
10
3.6871899212598422
20
-5.0139838188976373
11
3.6870078740157481
21
-5.0093503937007871
0
LINE
8
BLACK
6
CONTINUOUS
10
3.6870078740157481
20
-5.0093503937007871
11
3.6870078740157481
21
-4.9306102362204722
0
LINE
8
BLACK
6
CONTINUOUS
10
3.6870078740157481
20
-4.9306102362204722
11
3.6871899212598422
21
-4.9259768110236219
0
LINE
8
BLACK
6
CONTINUOUS
10
3.6871899212598422
20
-4.9259768110236219
11
3.6886395669291336
21
-4.9168240944881889
0
LINE
8
BLACK
6
CONTINUOUS
10
3.6886395669291336
20
-4.9168240944881889
11
3.6915031889763781
21
-4.9080108267716538
0
LINE
8
BLACK
6
CONTINUOUS
10
3.6915031889763781
20
-4.9080108267716538
11
3.6957102362204726
21
-4.899754015748031
0
LINE
8
BLACK
6
CONTINUOUS
10
3.6957102362204726
20
-4.899754015748031
11
3.7011571259842517
21
-4.892257007874016
0
LINE
8
BLACK
6
CONTINUOUS
10
3.7011571259842517
20
-4.892257007874016
11
3.7077097637795275
21
-4.8857043700787397
0
LINE
8
BLACK
6
CONTINUOUS
10
3.7077097637795275
20
-4.8857043700787397
11
3.7152067716535431
21
-4.8802574803149605
0
LINE
8
BLACK
6
CONTINUOUS
10
3.7152067716535431
20
-4.8802574803149605
11
3.7234635826771654
21
-4.8760504330708656
0
LINE
8
BLACK
6
CONTINUOUS
10
3.7234635826771654
20
-4.8760504330708656
11
3.7322768503937005
21
-4.8731868110236221
0
LINE
8
BLACK
6
CONTINUOUS
10
3.7322768503937005
20
-4.8731868110236221
11
3.741429566929134
21
-4.8717371653543307
0
LINE
8
BLACK
6
CONTINUOUS
10
3.741429566929134
20
-4.8717371653543307
11
3.7506964173228345
21
-4.8717371653543307
0
LINE
8
BLACK
6
CONTINUOUS
10
3.7506964173228345
20
-4.8717371653543307
11
3.7598491338582676
21
-4.8731868110236221
0
LINE
8
BLACK
6
CONTINUOUS
10
5.7322559448818895
20
-4.9120049999999997
11
5.737492440944882
21
-4.9140699999999997
0
LINE
8
BLACK
6
CONTINUOUS
10
5.737492440944882
20
-4.9140699999999997
11
5.7419775984251968
21
-4.9174712204724411
0
LINE
8
BLACK
6
CONTINUOUS
10
5.7419775984251968
20
-4.9174712204724411
11
5.7453788188976374
21
-4.921956377952756
0
LINE
8
BLACK
6
CONTINUOUS
10
5.7453788188976374
20
-4.921956377952756
11
5.7474438188976373
21
-4.9271928740157476
0
LINE
8
BLACK
6
CONTINUOUS
10
5.7474438188976373
20
-4.9271928740157476
11
5.7480314960629917
21
-4.9320866141732278
0
LINE
8
BLACK
6
CONTINUOUS
10
5.7480314960629917
20
-4.9320866141732278
11
5.7480314960629917
21
-5.0364173228346454
0
LINE
8
BLACK
6
CONTINUOUS
10
5.7480314960629917
20
-5.0364173228346454
11
5.7474438188976373
21
-5.0413110629921256
0
LINE
8
BLACK
6
CONTINUOUS
10
5.7474438188976373
20
-5.0413110629921256
11
5.7453788188976374
21
-5.0465475590551181
0
LINE
8
BLACK
6
CONTINUOUS
10
5.7453788188976374
20
-5.0465475590551181
11
5.7419775984251968
21
-5.051032716535433
0
LINE
8
BLACK
6
CONTINUOUS
10
5.7419775984251968
20
-5.051032716535433
11
5.737492440944882
21
-5.0544339370078735
0
LINE
8
BLACK
6
CONTINUOUS
10
5.737492440944882
20
-5.0544339370078735
11
5.7322559448818895
21
-5.0564989370078743
0
LINE
8
BLACK
6
CONTINUOUS
10
5.7322559448818895
20
-5.0564989370078743
11
5.7273622047244093
21
-5.0570866141732278
0
LINE
8
BLACK
6
CONTINUOUS
10
5.7273622047244093
20
-5.0570866141732278
11
5.6309055118110232
21
-5.0570866141732278
0
LINE
8
BLACK
6
CONTINUOUS
10
5.6309055118110232
20
-5.0570866141732278
11
5.6260117716535429
21
-5.0564989370078743
0
LINE
8
BLACK
6
CONTINUOUS
10
5.6260117716535429
20
-5.0564989370078743
11
5.6207752755905513
21
-5.0544339370078735
0
LINE
8
BLACK
6
CONTINUOUS
10
5.6207752755905513
20
-5.0544339370078735
11
5.6162901181102365
21
-5.051032716535433
0
LINE
8
BLACK
6
CONTINUOUS
10
5.6162901181102365
20
-5.051032716535433
11
5.6128888976377951
21
-5.0465475590551181
0
LINE
8
BLACK
6
CONTINUOUS
10
5.6128888976377951
20
-5.0465475590551181
11
5.6108238976377951
21
-5.0413110629921256
0
LINE
8
BLACK
6
CONTINUOUS
10
5.6108238976377951
20
-5.0413110629921256
11
5.6102362204724407
21
-5.0364173228346454
0
LINE
8
BLACK
6
CONTINUOUS
10
5.6102362204724407
20
-5.0364173228346454
11
5.6102362204724407
21
-4.9320866141732278
0
LINE
8
BLACK
6
CONTINUOUS
10
5.6102362204724407
20
-4.9320866141732278
11
5.6108238976377951
21
-4.9271928740157476
0
LINE
8
BLACK
6
CONTINUOUS
10
5.6108238976377951
20
-4.9271928740157476
11
5.6128888976377951
21
-4.921956377952756
0
LINE
8
BLACK
6
CONTINUOUS
10
5.6128888976377951
20
-4.921956377952756
11
5.6162901181102365
21
-4.9174712204724411
0
LINE
8
BLACK
6
CONTINUOUS
10
5.6162901181102365
20
-4.9174712204724411
11
5.6207752755905513
21
-4.9140699999999997
0
LINE
8
BLACK
6
CONTINUOUS
10
5.6207752755905513
20
-4.9140699999999997
11
5.6260117716535429
21
-4.9120049999999997
0
LINE
8
BLACK
6
CONTINUOUS
10
5.6260117716535429
20
-4.9120049999999997
11
5.6309055118110232
21
-4.9114173228346454
0
LINE
8
BLACK
6
CONTINUOUS
10
5.6309055118110232
20
-4.9114173228346454
11
5.7273622047244093
21
-4.9114173228346454
0
LINE
8
BLACK
6
CONTINUOUS
10
5.7273622047244093
20
-4.9114173228346454
11
5.7322559448818895
21
-4.9120049999999997
0
LINE
8
BLACK
6
CONTINUOUS
10
5.8818622440944877
20
-4.9120049999999997
11
5.8870987401574801
21
-4.9140699999999997
0
LINE
8
BLACK
6
CONTINUOUS
10
5.8870987401574801
20
-4.9140699999999997
11
5.891583897637795
21
-4.9174712204724411
0
LINE
8
BLACK
6
CONTINUOUS
10
5.891583897637795
20
-4.9174712204724411
11
5.8949851181102364
21
-4.921956377952756
0
LINE
8
BLACK
6
CONTINUOUS
10
5.8949851181102364
20
-4.921956377952756
11
5.8970501181102364
21
-4.9271928740157476
0
LINE
8
BLACK
6
CONTINUOUS
10
5.8970501181102364
20
-4.9271928740157476
11
5.8976377952755907
21
-4.9320866141732278
0
LINE
8
BLACK
6
CONTINUOUS
10
5.8976377952755907
20
-4.9320866141732278
11
5.8976377952755907
21
-5.0364173228346454
0
LINE
8
BLACK
6
CONTINUOUS
10
5.8976377952755907
20
-5.0364173228346454
11
5.8970501181102364
21
-5.0413110629921256
0
LINE
8
BLACK
6
CONTINUOUS
10
5.8970501181102364
20
-5.0413110629921256
11
5.8949851181102364
21
-5.0465475590551181
0
LINE
8
BLACK
6
CONTINUOUS
10
5.8949851181102364
20
-5.0465475590551181
11
5.891583897637795
21
-5.051032716535433
0
LINE
8
BLACK
6
CONTINUOUS
10
5.891583897637795
20
-5.051032716535433
11
5.8870987401574801
21
-5.0544339370078735
0
LINE
8
BLACK
6
CONTINUOUS
10
5.8870987401574801
20
-5.0544339370078735
11
5.8818622440944877
21
-5.0564989370078743
0
LINE
8
BLACK
6
CONTINUOUS
10
5.8818622440944877
20
-5.0564989370078743
11
5.8769685039370074
21
-5.0570866141732278
0
LINE
8
BLACK
6
CONTINUOUS
10
5.8769685039370074
20
-5.0570866141732278
11
5.7805118110236222
21
-5.0570866141732278
0
LINE
8
BLACK
6
CONTINUOUS
10
5.7805118110236222
20
-5.0570866141732278
11
5.775618070866142
21
-5.0564989370078743
0
LINE
8
BLACK
6
CONTINUOUS
10
5.775618070866142
20
-5.0564989370078743
11
5.7703815748031495
21
-5.0544339370078735
0
LINE
8
BLACK
6
CONTINUOUS
10
5.7703815748031495
20
-5.0544339370078735
11
5.7658964173228346
21
-5.051032716535433
0
LINE
8
BLACK
6
CONTINUOUS
10
5.7658964173228346
20
-5.051032716535433
11
5.7624951968503932
21
-5.0465475590551181
0
LINE
8
BLACK
6
CONTINUOUS
10
5.7624951968503932
20
-5.0465475590551181
11
5.7604301968503933
21
-5.0413110629921256
0
LINE
8
BLACK
6
CONTINUOUS
10
5.7604301968503933
20
-5.0413110629921256
11
5.7598425196850389
21
-5.0364173228346454
0
LINE
8
BLACK
6
CONTINUOUS
10
5.7598425196850389
20
-5.0364173228346454
11
5.7598425196850389
21
-4.9320866141732278
0
LINE
8
BLACK
6
CONTINUOUS
10
5.7598425196850389
20
-4.9320866141732278
11
5.7604301968503933
21
-4.9271928740157476
0
LINE
8
BLACK
6
CONTINUOUS
10
5.7604301968503933
20
-4.9271928740157476
11
5.7624951968503932
21
-4.921956377952756
0
LINE
8
BLACK
6
CONTINUOUS
10
5.7624951968503932
20
-4.921956377952756
11
5.7658964173228346
21
-4.9174712204724411
0
LINE
8
BLACK
6
CONTINUOUS
10
5.7658964173228346
20
-4.9174712204724411
11
5.7703815748031495
21
-4.9140699999999997
0
LINE
8
BLACK
6
CONTINUOUS
10
5.7703815748031495
20
-4.9140699999999997
11
5.775618070866142
21
-4.9120049999999997
0
LINE
8
BLACK
6
CONTINUOUS
10
5.775618070866142
20
-4.9120049999999997
11
5.7805118110236222
21
-4.9114173228346454
0
LINE
8
BLACK
6
CONTINUOUS
10
5.7805118110236222
20
-4.9114173228346454
11
5.8769685039370074
21
-4.9114173228346454
0
LINE
8
BLACK
6
CONTINUOUS
10
5.8769685039370074
20
-4.9114173228346454
11
5.8818622440944877
21
-4.9120049999999997
0
LINE
8
BLACK
6
CONTINUOUS
10
6.0314685433070867
20
-4.9120049999999997
11
6.0367050393700783
21
-4.9140699999999997
0
LINE
8
BLACK
6
CONTINUOUS
10
6.0367050393700783
20
-4.9140699999999997
11
6.0411901968503932
21
-4.9174712204724411
0
LINE
8
BLACK
6
CONTINUOUS
10
6.0411901968503932
20
-4.9174712204724411
11
6.0445914173228346
21
-4.921956377952756
0
LINE
8
BLACK
6
CONTINUOUS
10
6.0445914173228346
20
-4.921956377952756
11
6.0466564173228345
21
-4.9271928740157476
0
LINE
8
BLACK
6
CONTINUOUS
10
6.0466564173228345
20
-4.9271928740157476
11
6.0472440944881889
21
-4.9320866141732278
0
LINE
8
BLACK
6
CONTINUOUS
10
6.0472440944881889
20
-4.9320866141732278
11
6.0472440944881889
21
-5.0364173228346454
0
LINE
8
BLACK
6
CONTINUOUS
10
6.0472440944881889
20
-5.0364173228346454
11
6.0466564173228345
21
-5.0413110629921256
0
LINE
8
BLACK
6
CONTINUOUS
10
6.0466564173228345
20
-5.0413110629921256
11
6.0445914173228346
21
-5.0465475590551181
0
LINE
8
BLACK
6
CONTINUOUS
10
6.0445914173228346
20
-5.0465475590551181
11
6.0411901968503932
21
-5.051032716535433
0
LINE
8
BLACK
6
CONTINUOUS
10
6.0411901968503932
20
-5.051032716535433
11
6.0367050393700783
21
-5.0544339370078735
0
LINE
8
BLACK
6
CONTINUOUS
10
6.0367050393700783
20
-5.0544339370078735
11
6.0314685433070867
21
-5.0564989370078743
0
LINE
8
BLACK
6
CONTINUOUS
10
6.0314685433070867
20
-5.0564989370078743
11
6.0265748031496065
21
-5.0570866141732278
0
LINE
8
BLACK
6
CONTINUOUS
10
6.0265748031496065
20
-5.0570866141732278
11
5.9301181102362204
21
-5.0570866141732278
0
LINE
8
BLACK
6
CONTINUOUS
10
5.9301181102362204
20
-5.0570866141732278
11
5.9252243700787401
21
-5.0564989370078743
0
LINE
8
BLACK
6
CONTINUOUS
10
5.9252243700787401
20
-5.0564989370078743
11
5.9199878740157477
21
-5.0544339370078735
0
LINE
8
BLACK
6
CONTINUOUS
10
5.9199878740157477
20
-5.0544339370078735
11
5.9155027165354328
21
-5.051032716535433
0
LINE
8
BLACK
6
CONTINUOUS
10
5.9155027165354328
20
-5.051032716535433
11
5.9121014960629923
21
-5.0465475590551181
0
LINE
8
BLACK
6
CONTINUOUS
10
5.9121014960629923
20
-5.0465475590551181
11
5.9100364960629923
21
-5.0413110629921256
0
LINE
8
BLACK
6
CONTINUOUS
10
5.9100364960629923
20
-5.0413110629921256
11
5.909448818897638
21
-5.0364173228346454
0
LINE
8
BLACK
6
CONTINUOUS
10
5.909448818897638
20
-5.0364173228346454
11
5.909448818897638
21
-4.9320866141732278
0
LINE
8
BLACK
6
CONTINUOUS
10
5.909448818897638
20
-4.9320866141732278
11
5.9100364960629923
21
-4.9271928740157476
0
LINE
8
BLACK
6
CONTINUOUS
10
5.9100364960629923
20
-4.9271928740157476
11
5.9121014960629923
21
-4.921956377952756
0
LINE
8
BLACK
6
CONTINUOUS
10
5.9121014960629923
20
-4.921956377952756
11
5.9155027165354328
21
-4.9174712204724411
0
LINE
8
BLACK
6
CONTINUOUS
10
5.9155027165354328
20
-4.9174712204724411
11
5.9199878740157477
21
-4.9140699999999997
0
LINE
8
BLACK
6
CONTINUOUS
10
5.9199878740157477
20
-4.9140699999999997
11
5.9252243700787401
21
-4.9120049999999997
0
LINE
8
BLACK
6
CONTINUOUS
10
5.9252243700787401
20
-4.9120049999999997
11
5.9301181102362204
21
-4.9114173228346454
0
LINE
8
BLACK
6
CONTINUOUS
10
5.9301181102362204
20
-4.9114173228346454
11
6.0265748031496065
21
-4.9114173228346454
0
LINE
8
BLACK
6
CONTINUOUS
10
6.0265748031496065
20
-4.9114173228346454
11
6.0314685433070867
21
-4.9120049999999997
0
LINE
8
BLACK
6
CONTINUOUS
10
5.1810748425196849
20
-4.9159420078740155
11
5.1863113385826773
21
-4.9180070078740155
0
LINE
8
BLACK
6
CONTINUOUS
10
5.1863113385826773
20
-4.9180070078740155
11
5.1907964960629922
21
-4.9214082283464569
0
LINE
8
BLACK
6
CONTINUOUS
10
5.1907964960629922
20
-4.9214082283464569
11
5.1941977165354327
21
-4.9258933858267717
0
LINE
8
BLACK
6
CONTINUOUS
10
5.1941977165354327
20
-4.9258933858267717
11
5.1962627165354327
21
-4.9311298818897633
0
LINE
8
BLACK
6
CONTINUOUS
10
5.1962627165354327
20
-4.9311298818897633
11
5.1968503937007871
21
-4.9360236220472435
0
LINE
8
BLACK
6
CONTINUOUS
10
5.1968503937007871
20
-4.9360236220472435
11
5.1968503937007871
21
-5.0324803149606296
0
LINE
8
BLACK
6
CONTINUOUS
10
5.1968503937007871
20
-5.0324803149606296
11
5.1962627165354327
21
-5.0373740551181099
0
LINE
8
BLACK
6
CONTINUOUS
10
5.1962627165354327
20
-5.0373740551181099
11
5.1941977165354327
21
-5.0426105511811024
0
LINE
8
BLACK
6
CONTINUOUS
10
5.1941977165354327
20
-5.0426105511811024
11
5.1907964960629922
21
-5.0470957086614172
0
LINE
8
BLACK
6
CONTINUOUS
10
5.1907964960629922
20
-5.0470957086614172
11
5.1863113385826773
21
-5.0504969291338577
0
LINE
8
BLACK
6
CONTINUOUS
10
5.1863113385826773
20
-5.0504969291338577
11
5.1810748425196849
21
-5.0525619291338577
0
LINE
8
BLACK
6
CONTINUOUS
10
5.1810748425196849
20
-5.0525619291338577
11
5.1761811023622046
21
-5.0531496062992121
0
LINE
8
BLACK
6
CONTINUOUS
10
5.1761811023622046
20
-5.0531496062992121
11
5.0718503937007871
21
-5.0531496062992121
0
LINE
8
BLACK
6
CONTINUOUS
10
5.0718503937007871
20
-5.0531496062992121
11
5.0669566535433068
21
-5.0525619291338577
0
LINE
8
BLACK
6
CONTINUOUS
10
5.0669566535433068
20
-5.0525619291338577
11
5.0617201574803152
21
-5.0504969291338577
0
LINE
8
BLACK
6
CONTINUOUS
10
5.0617201574803152
20
-5.0504969291338577
11
5.0572349999999995
21
-5.0470957086614172
0
LINE
8
BLACK
6
CONTINUOUS
10
5.0572349999999995
20
-5.0470957086614172
11
5.053833779527559
21
-5.0426105511811024
0
LINE
8
BLACK
6
CONTINUOUS
10
5.053833779527559
20
-5.0426105511811024
11
5.051768779527559
21
-5.0373740551181099
0
LINE
8
BLACK
6
CONTINUOUS
10
5.051768779527559
20
-5.0373740551181099
11
5.0511811023622046
21
-5.0324803149606296
0
LINE
8
BLACK
6
CONTINUOUS
10
5.0511811023622046
20
-5.0324803149606296
11
5.0511811023622046
21
-4.9360236220472435
0
LINE
8
BLACK
6
CONTINUOUS
10
5.0511811023622046
20
-4.9360236220472435
11
5.051768779527559
21
-4.9311298818897633
0
LINE
8
BLACK
6
CONTINUOUS
10
5.051768779527559
20
-4.9311298818897633
11
5.053833779527559
21
-4.9258933858267717
0
LINE
8
BLACK
6
CONTINUOUS
10
5.053833779527559
20
-4.9258933858267717
11
5.0572349999999995
21
-4.9214082283464569
0
LINE
8
BLACK
6
CONTINUOUS
10
5.0572349999999995
20
-4.9214082283464569
11
5.0617201574803152
21
-4.9180070078740155
0
LINE
8
BLACK
6
CONTINUOUS
10
5.0617201574803152
20
-4.9180070078740155
11
5.0669566535433068
21
-4.9159420078740155
0
LINE
8
BLACK
6
CONTINUOUS
10
5.0669566535433068
20
-4.9159420078740155
11
5.0718503937007871
21
-4.9153543307086611
0
LINE
8
BLACK
6
CONTINUOUS
10
5.0718503937007871
20
-4.9153543307086611
11
5.1761811023622046
21
-4.9153543307086611
0
LINE
8
BLACK
6
CONTINUOUS
10
5.1761811023622046
20
-4.9153543307086611
11
5.1810748425196849
21
-4.9159420078740155
0
LINE
8
BLACK
6
CONTINUOUS
10
5.496035472440945
20
-4.9159420078740155
11
5.5012719685039366
21
-4.9180070078740155
0
LINE
8
BLACK
6
CONTINUOUS
10
5.5012719685039366
20
-4.9180070078740155
11
5.5057571259842515
21
-4.9214082283464569
0
LINE
8
BLACK
6
CONTINUOUS
10
5.5057571259842515
20
-4.9214082283464569
11
5.5091583464566929
21
-4.9258933858267717
0
LINE
8
BLACK
6
CONTINUOUS
10
5.5091583464566929
20
-4.9258933858267717
11
5.5112233464566929
21
-4.9311298818897633
0
LINE
8
BLACK
6
CONTINUOUS
10
5.5112233464566929
20
-4.9311298818897633
11
5.5118110236220472
21
-4.9360236220472435
0
LINE
8
BLACK
6
CONTINUOUS
10
5.5118110236220472
20
-4.9360236220472435
11
5.5118110236220472
21
-5.0324803149606296
0
LINE
8
BLACK
6
CONTINUOUS
10
5.5118110236220472
20
-5.0324803149606296
11
5.5112233464566929
21
-5.0373740551181099
0
LINE
8
BLACK
6
CONTINUOUS
10
5.5112233464566929
20
-5.0373740551181099
11
5.5091583464566929
21
-5.0426105511811024
0
LINE
8
BLACK
6
CONTINUOUS
10
5.5091583464566929
20
-5.0426105511811024
11
5.5057571259842515
21
-5.0470957086614172
0
LINE
8
BLACK
6
CONTINUOUS
10
5.5057571259842515
20
-5.0470957086614172
11
5.5012719685039366
21
-5.0504969291338577
0
LINE
8
BLACK
6
CONTINUOUS
10
5.5012719685039366
20
-5.0504969291338577
11
5.496035472440945
21
-5.0525619291338577
0
LINE
8
BLACK
6
CONTINUOUS
10
5.496035472440945
20
-5.0525619291338577
11
5.4911417322834648
21
-5.0531496062992121
0
LINE
8
BLACK
6
CONTINUOUS
10
5.4911417322834648
20
-5.0531496062992121
11
5.3868110236220472
21
-5.0531496062992121
0
LINE
8
BLACK
6
CONTINUOUS
10
5.3868110236220472
20
-5.0531496062992121
11
5.381917283464567
21
-5.0525619291338577
0
LINE
8
BLACK
6
CONTINUOUS
10
5.381917283464567
20
-5.0525619291338577
11
5.3766807874015745
21
-5.0504969291338577
0
LINE
8
BLACK
6
CONTINUOUS
10
5.3766807874015745
20
-5.0504969291338577
11
5.3721956299212597
21
-5.0470957086614172
0
LINE
8
BLACK
6
CONTINUOUS
10
5.3721956299212597
20
-5.0470957086614172
11
5.3687944094488191
21
-5.0426105511811024
0
LINE
8
BLACK
6
CONTINUOUS
10
5.3687944094488191
20
-5.0426105511811024
11
5.3667294094488192
21
-5.0373740551181099
0
LINE
8
BLACK
6
CONTINUOUS
10
5.3667294094488192
20
-5.0373740551181099
11
5.3661417322834648
21
-5.0324803149606296
0
LINE
8
BLACK
6
CONTINUOUS
10
5.3661417322834648
20
-5.0324803149606296
11
5.3661417322834648
21
-4.9360236220472435
0
LINE
8
BLACK
6
CONTINUOUS
10
5.3661417322834648
20
-4.9360236220472435
11
5.3667294094488192
21
-4.9311298818897633
0
LINE
8
BLACK
6
CONTINUOUS
10
5.3667294094488192
20
-4.9311298818897633
11
5.3687944094488191
21
-4.9258933858267717
0
LINE
8
BLACK
6
CONTINUOUS
10
5.3687944094488191
20
-4.9258933858267717
11
5.3721956299212597
21
-4.9214082283464569
0
LINE
8
BLACK
6
CONTINUOUS
10
5.3721956299212597
20
-4.9214082283464569
11
5.3766807874015745
21
-4.9180070078740155
0
LINE
8
BLACK
6
CONTINUOUS
10
5.3766807874015745
20
-4.9180070078740155
11
5.381917283464567
21
-4.9159420078740155
0
LINE
8
BLACK
6
CONTINUOUS
10
5.381917283464567
20
-4.9159420078740155
11
5.3868110236220472
21
-4.9153543307086611
0
LINE
8
BLACK
6
CONTINUOUS
10
5.3868110236220472
20
-4.9153543307086611
11
5.4911417322834648
21
-4.9153543307086611
0
LINE
8
BLACK
6
CONTINUOUS
10
5.4911417322834648
20
-4.9153543307086611
11
5.496035472440945
21
-4.9159420078740155
0
LINE
8
BLACK
6
CONTINUOUS
10
4.6315672047244094
20
-4.8709463779527562
11
4.6389115748031493
21
-4.8733327165354332
0
LINE
8
BLACK
6
CONTINUOUS
10
4.6389115748031493
20
-4.8733327165354332
11
4.6457922440944879
21
-4.8768385826771654
0
LINE
8
BLACK
6
CONTINUOUS
10
4.6457922440944879
20
-4.8768385826771654
11
4.6520397637795279
21
-4.8813776771653545
0
LINE
8
BLACK
6
CONTINUOUS
10
4.6520397637795279
20
-4.8813776771653545
11
4.657500275590551
21
-4.8868381889763777
0
LINE
8
BLACK
6
CONTINUOUS
10
4.657500275590551
20
-4.8868381889763777
11
4.6620393700787401
21
-4.8930857086614168
0
LINE
8
BLACK
6
CONTINUOUS
10
4.6620393700787401
20
-4.8930857086614168
11
4.6655452362204723
21
-4.8999663779527554
0
LINE
8
BLACK
6
CONTINUOUS
10
4.6655452362204723
20
-4.8999663779527554
11
4.6679315748031494
21
-4.9073107480314961
0
LINE
8
BLACK
6
CONTINUOUS
10
4.6679315748031494
20
-4.9073107480314961
11
4.6691396456692909
21
-4.9149380314960629
0
LINE
8
BLACK
6
CONTINUOUS
10
4.6691396456692909
20
-4.9149380314960629
11
4.6691396456692909
21
-4.9226603937007871
0
LINE
8
BLACK
6
CONTINUOUS
10
4.6691396456692909
20
-4.9226603937007871
11
4.6679315748031494
21
-4.9302876771653539
0
LINE
8
BLACK
6
CONTINUOUS
10
4.6679315748031494
20
-4.9302876771653539
11
4.6655452362204723
21
-4.9376320472440947
0
LINE
8
BLACK
6
CONTINUOUS
10
4.6655452362204723
20
-4.9376320472440947
11
4.6620393700787401
21
-4.9445127165354332
0
LINE
8
BLACK
6
CONTINUOUS
10
4.6620393700787401
20
-4.9445127165354332
11
4.657500275590551
21
-4.9507602362204723
0
LINE
8
BLACK
6
CONTINUOUS
10
4.657500275590551
20
-4.9507602362204723
11
4.6520397637795279
21
-4.9562207480314964
0
LINE
8
BLACK
6
CONTINUOUS
10
4.6520397637795279
20
-4.9562207480314964
11
4.6457922440944879
21
-4.9607598425196846
0
LINE
8
BLACK
6
CONTINUOUS
10
4.6457922440944879
20
-4.9607598425196846
11
4.6389115748031493
21
-4.9642657086614168
0
LINE
8
BLACK
6
CONTINUOUS
10
4.6389115748031493
20
-4.9642657086614168
11
4.6315672047244094
21
-4.9666520472440947
0
LINE
8
BLACK
6
CONTINUOUS
10
4.6315672047244094
20
-4.9666520472440947
11
4.6239399212598427
21
-4.9678601181102362
0
LINE
8
BLACK
6
CONTINUOUS
10
4.6239399212598427
20
-4.9678601181102362
11
4.6162175590551184
21
-4.9678601181102362
0
LINE
8
BLACK
6
CONTINUOUS
10
4.6162175590551184
20
-4.9678601181102362
11
4.6085902755905508
21
-4.9666520472440947
0
LINE
8
BLACK
6
CONTINUOUS
10
4.6085902755905508
20
-4.9666520472440947
11
4.6012459055118109
21
-4.9642657086614168
0
LINE
8
BLACK
6
CONTINUOUS
10
4.6012459055118109
20
-4.9642657086614168
11
4.5943652362204723
21
-4.9607598425196846
0
LINE
8
BLACK
6
CONTINUOUS
10
4.5943652362204723
20
-4.9607598425196846
11
4.5881177165354332
21
-4.9562207480314964
0
LINE
8
BLACK
6
CONTINUOUS
10
4.5881177165354332
20
-4.9562207480314964
11
4.5826572047244092
21
-4.9507602362204723
0
LINE
8
BLACK
6
CONTINUOUS
10
4.5826572047244092
20
-4.9507602362204723
11
4.5781181102362201
21
-4.9445127165354332
0
LINE
8
BLACK
6
CONTINUOUS
10
4.5781181102362201
20
-4.9445127165354332
11
4.5746122440944879
21
-4.9376320472440947
0
LINE
8
BLACK
6
CONTINUOUS
10
4.5746122440944879
20
-4.9376320472440947
11
4.5722259055118109
21
-4.9302876771653539
0
LINE
8
BLACK
6
CONTINUOUS
10
4.5722259055118109
20
-4.9302876771653539
11
4.5710178346456694
21
-4.9226603937007871
0
LINE
8
BLACK
6
CONTINUOUS
10
4.5710178346456694
20
-4.9226603937007871
11
4.5710178346456694
21
-4.9149380314960629
0
LINE
8
BLACK
6
CONTINUOUS
10
4.5710178346456694
20
-4.9149380314960629
11
4.5722259055118109
21
-4.9073107480314961
0
LINE
8
BLACK
6
CONTINUOUS
10
4.5722259055118109
20
-4.9073107480314961
11
4.5746122440944879
21
-4.8999663779527554
0
LINE
8
BLACK
6
CONTINUOUS
10
4.5746122440944879
20
-4.8999663779527554
11
4.5781181102362201
21
-4.8930857086614168
0
LINE
8
BLACK
6
CONTINUOUS
10
4.5781181102362201
20
-4.8930857086614168
11
4.5826572047244092
21
-4.8868381889763777
0
LINE
8
BLACK
6
CONTINUOUS
10
4.5826572047244092
20
-4.8868381889763777
11
4.5881177165354332
21
-4.8813776771653545
0
LINE
8
BLACK
6
CONTINUOUS
10
4.5881177165354332
20
-4.8813776771653545
11
4.5943652362204723
21
-4.8768385826771654
0
LINE
8
BLACK
6
CONTINUOUS
10
4.5943652362204723
20
-4.8768385826771654
11
4.6012459055118109
21
-4.8733327165354332
0
LINE
8
BLACK
6
CONTINUOUS
10
4.6012459055118109
20
-4.8733327165354332
11
4.6085902755905508
21
-4.8709463779527562
0
LINE
8
BLACK
6
CONTINUOUS
10
4.6085902755905508
20
-4.8709463779527562
11
4.6162175590551184
21
-4.8697383070866138
0
LINE
8
BLACK
6
CONTINUOUS
10
4.6162175590551184
20
-4.8697383070866138
11
4.6239399212598427
21
-4.8697383070866138
0
LINE
8
BLACK
6
CONTINUOUS
10
4.6239399212598427
20
-4.8697383070866138
11
4.6315672047244094
21
-4.8709463779527562
0
LINE
8
BLACK
6
CONTINUOUS
10
5.1810748425196849
20
-4.7663357086614173
11
5.1863113385826773
21
-4.7684007086614173
0
LINE
8
BLACK
6
CONTINUOUS
10
5.1863113385826773
20
-4.7684007086614173
11
5.1907964960629922
21
-4.7718019291338578
0
LINE
8
BLACK
6
CONTINUOUS
10
5.1907964960629922
20
-4.7718019291338578
11
5.1941977165354327
21
-4.7762870866141736
0
LINE
8
BLACK
6
CONTINUOUS
10
5.1941977165354327
20
-4.7762870866141736
11
5.1962627165354327
21
-4.7815235826771652
0
LINE
8
BLACK
6
CONTINUOUS
10
5.1962627165354327
20
-4.7815235826771652
11
5.1968503937007871
21
-4.7864173228346454
0
LINE
8
BLACK
6
CONTINUOUS
10
5.1968503937007871
20
-4.7864173228346454
11
5.1968503937007871
21
-4.8828740157480315
0
LINE
8
BLACK
6
CONTINUOUS
10
5.1968503937007871
20
-4.8828740157480315
11
5.1962627165354327
21
-4.8877677559055117
0
LINE
8
BLACK
6
CONTINUOUS
10
5.1962627165354327
20
-4.8877677559055117
11
5.1941977165354327
21
-4.8930042519685042
0
LINE
8
BLACK
6
CONTINUOUS
10
5.1941977165354327
20
-4.8930042519685042
11
5.1907964960629922
21
-4.8974894094488191
0
LINE
8
BLACK
6
CONTINUOUS
10
5.1907964960629922
20
-4.8974894094488191
11
5.1863113385826773
21
-4.9008906299212596
0
LINE
8
BLACK
6
CONTINUOUS
10
5.1863113385826773
20
-4.9008906299212596
11
5.1810748425196849
21
-4.9029556299212596
0
LINE
8
BLACK
6
CONTINUOUS
10
5.1810748425196849
20
-4.9029556299212596
11
5.1761811023622046
21
-4.9035433070866139
0
LINE
8
BLACK
6
CONTINUOUS
10
5.1761811023622046
20
-4.9035433070866139
11
5.0718503937007871
21
-4.9035433070866139
0
LINE
8
BLACK
6
CONTINUOUS
10
5.0718503937007871
20
-4.9035433070866139
11
5.0669566535433068
21
-4.9029556299212596
0
LINE
8
BLACK
6
CONTINUOUS
10
5.0669566535433068
20
-4.9029556299212596
11
5.0617201574803152
21
-4.9008906299212596
0
LINE
8
BLACK
6
CONTINUOUS
10
5.0617201574803152
20
-4.9008906299212596
11
5.0572349999999995
21
-4.8974894094488191
0
LINE
8
BLACK
6
CONTINUOUS
10
5.0572349999999995
20
-4.8974894094488191
11
5.053833779527559
21
-4.8930042519685042
0
LINE
8
BLACK
6
CONTINUOUS
10
5.053833779527559
20
-4.8930042519685042
11
5.051768779527559
21
-4.8877677559055117
0
LINE
8
BLACK
6
CONTINUOUS
10
5.051768779527559
20
-4.8877677559055117
11
5.0511811023622046
21
-4.8828740157480315
0
LINE
8
BLACK
6
CONTINUOUS
10
5.0511811023622046
20
-4.8828740157480315
11
5.0511811023622046
21
-4.7864173228346454
0
LINE
8
BLACK
6
CONTINUOUS
10
5.0511811023622046
20
-4.7864173228346454
11
5.051768779527559
21
-4.7815235826771652
0
LINE
8
BLACK
6
CONTINUOUS
10
5.051768779527559
20
-4.7815235826771652
11
5.053833779527559
21
-4.7762870866141736
0
LINE
8
BLACK
6
CONTINUOUS
10
5.053833779527559
20
-4.7762870866141736
11
5.0572349999999995
21
-4.7718019291338578
0
LINE
8
BLACK
6
CONTINUOUS
10
5.0572349999999995
20
-4.7718019291338578
11
5.0617201574803152
21
-4.7684007086614173
0
LINE
8
BLACK
6
CONTINUOUS
10
5.0617201574803152
20
-4.7684007086614173
11
5.0669566535433068
21
-4.7663357086614173
0
LINE
8
BLACK
6
CONTINUOUS
10
5.0669566535433068
20
-4.7663357086614173
11
5.0718503937007871
21
-4.765748031496063
0
LINE
8
BLACK
6
CONTINUOUS
10
5.0718503937007871
20
-4.765748031496063
11
5.1761811023622046
21
-4.765748031496063
0
LINE
8
BLACK
6
CONTINUOUS
10
5.1761811023622046
20
-4.765748031496063
11
5.1810748425196849
21
-4.7663357086614173
0
LINE
8
BLACK
6
CONTINUOUS
10
5.496035472440945
20
-4.7663357086614173
11
5.5012719685039366
21
-4.7684007086614173
0
LINE
8
BLACK
6
CONTINUOUS
10
5.5012719685039366
20
-4.7684007086614173
11
5.5057571259842515
21
-4.7718019291338578
0
LINE
8
BLACK
6
CONTINUOUS
10
5.5057571259842515
20
-4.7718019291338578
11
5.5091583464566929
21
-4.7762870866141736
0
LINE
8
BLACK
6
CONTINUOUS
10
5.5091583464566929
20
-4.7762870866141736
11
5.5112233464566929
21
-4.7815235826771652
0
LINE
8
BLACK
6
CONTINUOUS
10
5.5112233464566929
20
-4.7815235826771652
11
5.5118110236220472
21
-4.7864173228346454
0
LINE
8
BLACK
6
CONTINUOUS
10
5.5118110236220472
20
-4.7864173228346454
11
5.5118110236220472
21
-4.8828740157480315
0
LINE
8
BLACK
6
CONTINUOUS
10
5.5118110236220472
20
-4.8828740157480315
11
5.5112233464566929
21
-4.8877677559055117
0
LINE
8
BLACK
6
CONTINUOUS
10
5.5112233464566929
20
-4.8877677559055117
11
5.5091583464566929
21
-4.8930042519685042
0
LINE
8
BLACK
6
CONTINUOUS
10
5.5091583464566929
20
-4.8930042519685042
11
5.5057571259842515
21
-4.8974894094488191
0
LINE
8
BLACK
6
CONTINUOUS
10
5.5057571259842515
20
-4.8974894094488191
11
5.5012719685039366
21
-4.9008906299212596
0
LINE
8
BLACK
6
CONTINUOUS
10
5.5012719685039366
20
-4.9008906299212596
11
5.496035472440945
21
-4.9029556299212596
0
LINE
8
BLACK
6
CONTINUOUS
10
5.496035472440945
20
-4.9029556299212596
11
5.4911417322834648
21
-4.9035433070866139
0
LINE
8
BLACK
6
CONTINUOUS
10
5.4911417322834648
20
-4.9035433070866139
11
5.3868110236220472
21
-4.9035433070866139
0
LINE
8
BLACK
6
CONTINUOUS
10
5.3868110236220472
20
-4.9035433070866139
11
5.381917283464567
21
-4.9029556299212596
0
LINE
8
BLACK
6
CONTINUOUS
10
5.381917283464567
20
-4.9029556299212596
11
5.3766807874015745
21
-4.9008906299212596
0
LINE
8
BLACK
6
CONTINUOUS
10
5.3766807874015745
20
-4.9008906299212596
11
5.3721956299212597
21
-4.8974894094488191
0
LINE
8
BLACK
6
CONTINUOUS
10
5.3721956299212597
20
-4.8974894094488191
11
5.3687944094488191
21
-4.8930042519685042
0
LINE
8
BLACK
6
CONTINUOUS
10
5.3687944094488191
20
-4.8930042519685042
11
5.3667294094488192
21
-4.8877677559055117
0
LINE
8
BLACK
6
CONTINUOUS
10
5.3667294094488192
20
-4.8877677559055117
11
5.3661417322834648
21
-4.8828740157480315
0
LINE
8
BLACK
6
CONTINUOUS
10
5.3661417322834648
20
-4.8828740157480315
11
5.3661417322834648
21
-4.7864173228346454
0
LINE
8
BLACK
6
CONTINUOUS
10
5.3661417322834648
20
-4.7864173228346454
11
5.3667294094488192
21
-4.7815235826771652
0
LINE
8
BLACK
6
CONTINUOUS
10
5.3667294094488192
20
-4.7815235826771652
11
5.3687944094488191
21
-4.7762870866141736
0
LINE
8
BLACK
6
CONTINUOUS
10
5.3687944094488191
20
-4.7762870866141736
11
5.3721956299212597
21
-4.7718019291338578
0
LINE
8
BLACK
6
CONTINUOUS
10
5.3721956299212597
20
-4.7718019291338578
11
5.3766807874015745
21
-4.7684007086614173
0
LINE
8
BLACK
6
CONTINUOUS
10
5.3766807874015745
20
-4.7684007086614173
11
5.381917283464567
21
-4.7663357086614173
0
LINE
8
BLACK
6
CONTINUOUS
10
5.381917283464567
20
-4.7663357086614173
11
5.3868110236220472
21
-4.765748031496063
0
LINE
8
BLACK
6
CONTINUOUS
10
5.3868110236220472
20
-4.765748031496063
11
5.4911417322834648
21
-4.765748031496063
0
LINE
8
BLACK
6
CONTINUOUS
10
5.4911417322834648
20
-4.765748031496063
11
5.496035472440945
21
-4.7663357086614173
0
LINE
8
BLACK
6
CONTINUOUS
10
6.6456417716535432
20
-4.7269656299212599
11
6.6508782677165357
21
-4.7290306299212599
0
LINE
8
BLACK
6
CONTINUOUS
10
6.6508782677165357
20
-4.7290306299212599
11
6.6553634251968505
21
-4.7324318503937004
0
LINE
8
BLACK
6
CONTINUOUS
10
6.6553634251968505
20
-4.7324318503937004
11
6.658764645669291
21
-4.7369170078740153
0
LINE
8
BLACK
6
CONTINUOUS
10
6.658764645669291
20
-4.7369170078740153
11
6.660829645669291
21
-4.7421535039370077
0
LINE
8
BLACK
6
CONTINUOUS
10
6.660829645669291
20
-4.7421535039370077
11
6.6614173228346454
21
-4.747047244094488
0
LINE
8
BLACK
6
CONTINUOUS
10
6.6614173228346454
20
-4.747047244094488
11
6.6614173228346454
21
-4.8513779527559056
0
LINE
8
BLACK
6
CONTINUOUS
10
6.6614173228346454
20
-4.8513779527559056
11
6.660829645669291
21
-4.8562716929133858
0
LINE
8
BLACK
6
CONTINUOUS
10
6.660829645669291
20
-4.8562716929133858
11
6.658764645669291
21
-4.8615081889763783
0
LINE
8
BLACK
6
CONTINUOUS
10
6.658764645669291
20
-4.8615081889763783
11
6.6553634251968505
21
-4.8659933464566931
0
LINE
8
BLACK
6
CONTINUOUS
10
6.6553634251968505
20
-4.8659933464566931
11
6.6508782677165357
21
-4.8693945669291336
0
LINE
8
BLACK
6
CONTINUOUS
10
6.6508782677165357
20
-4.8693945669291336
11
6.6456417716535432
21
-4.8714595669291336
0
LINE
8
BLACK
6
CONTINUOUS
10
6.6456417716535432
20
-4.8714595669291336
11
6.640748031496063
21
-4.872047244094488
0
LINE
8
BLACK
6
CONTINUOUS
10
6.640748031496063
20
-4.872047244094488
11
6.5442913385826769
21
-4.872047244094488
0
LINE
8
BLACK
6
CONTINUOUS
10
6.5442913385826769
20
-4.872047244094488
11
6.5393975984251966
21
-4.8714595669291336
0
LINE
8
BLACK
6
CONTINUOUS
10
6.5393975984251966
20
-4.8714595669291336
11
6.5341611023622042
21
-4.8693945669291336
0
LINE
8
BLACK
6
CONTINUOUS
10
6.5341611023622042
20
-4.8693945669291336
11
6.5296759448818893
21
-4.8659933464566931
0
LINE
8
BLACK
6
CONTINUOUS
10
6.5296759448818893
20
-4.8659933464566931
11
6.5262747244094488
21
-4.8615081889763783
0
LINE
8
BLACK
6
CONTINUOUS
10
6.5262747244094488
20
-4.8615081889763783
11
6.5242097244094488
21
-4.8562716929133858
0
LINE
8
BLACK
6
CONTINUOUS
10
6.5242097244094488
20
-4.8562716929133858
11
6.5236220472440944
21
-4.8513779527559056
0
LINE
8
BLACK
6
CONTINUOUS
10
6.5236220472440944
20
-4.8513779527559056
11
6.5236220472440944
21
-4.747047244094488
0
LINE
8
BLACK
6
CONTINUOUS
10
6.5236220472440944
20
-4.747047244094488
11
6.5242097244094488
21
-4.7421535039370077
0
LINE
8
BLACK
6
CONTINUOUS
10
6.5242097244094488
20
-4.7421535039370077
11
6.5262747244094488
21
-4.7369170078740153
0
LINE
8
BLACK
6
CONTINUOUS
10
6.5262747244094488
20
-4.7369170078740153
11
6.5296759448818893
21
-4.7324318503937004
0
LINE
8
BLACK
6
CONTINUOUS
10
6.5296759448818893
20
-4.7324318503937004
11
6.5341611023622042
21
-4.7290306299212599
0
LINE
8
BLACK
6
CONTINUOUS
10
6.5341611023622042
20
-4.7290306299212599
11
6.5393975984251966
21
-4.7269656299212599
0
LINE
8
BLACK
6
CONTINUOUS
10
6.5393975984251966
20
-4.7269656299212599
11
6.5442913385826769
21
-4.7263779527559056
0
LINE
8
BLACK
6
CONTINUOUS
10
6.5442913385826769
20
-4.7263779527559056
11
6.640748031496063
21
-4.7263779527559056
0
LINE
8
BLACK
6
CONTINUOUS
10
6.640748031496063
20
-4.7263779527559056
11
6.6456417716535432
21
-4.7269656299212599
0
LINE
8
BLACK
6
CONTINUOUS
10
6.7952480708661414
20
-4.7269656299212599
11
6.8004845669291338
21
-4.7290306299212599
0
LINE
8
BLACK
6
CONTINUOUS
10
6.8004845669291338
20
-4.7290306299212599
11
6.8049697244094487
21
-4.7324318503937004
0
LINE
8
BLACK
6
CONTINUOUS
10
6.8049697244094487
20
-4.7324318503937004
11
6.8083709448818892
21
-4.7369170078740153
0
LINE
8
BLACK
6
CONTINUOUS
10
6.8083709448818892
20
-4.7369170078740153
11
6.8104359448818892
21
-4.7421535039370077
0
LINE
8
BLACK
6
CONTINUOUS
10
6.8104359448818892
20
-4.7421535039370077
11
6.8110236220472435
21
-4.747047244094488
0
LINE
8
BLACK
6
CONTINUOUS
10
6.8110236220472435
20
-4.747047244094488
11
6.8110236220472435
21
-4.8513779527559056
0
LINE
8
BLACK
6
CONTINUOUS
10
6.8110236220472435
20
-4.8513779527559056
11
6.8104359448818892
21
-4.8562716929133858
0
LINE
8
BLACK
6
CONTINUOUS
10
6.8104359448818892
20
-4.8562716929133858
11
6.8083709448818892
21
-4.8615081889763783
0
LINE
8
BLACK
6
CONTINUOUS
10
6.8083709448818892
20
-4.8615081889763783
11
6.8049697244094487
21
-4.8659933464566931
0
LINE
8
BLACK
6
CONTINUOUS
10
6.8049697244094487
20
-4.8659933464566931
11
6.8004845669291338
21
-4.8693945669291336
0
LINE
8
BLACK
6
CONTINUOUS
10
6.8004845669291338
20
-4.8693945669291336
11
6.7952480708661414
21
-4.8714595669291336
0
LINE
8
BLACK
6
CONTINUOUS
10
6.7952480708661414
20
-4.8714595669291336
11
6.7903543307086611
21
-4.872047244094488
0
LINE
8
BLACK
6
CONTINUOUS
10
6.7903543307086611
20
-4.872047244094488
11
6.693897637795275
21
-4.872047244094488
0
LINE
8
BLACK
6
CONTINUOUS
10
6.693897637795275
20
-4.872047244094488
11
6.6890038976377948
21
-4.8714595669291336
0
LINE
8
BLACK
6
CONTINUOUS
10
6.6890038976377948
20
-4.8714595669291336
11
6.6837674015748032
21
-4.8693945669291336
0
LINE
8
BLACK
6
CONTINUOUS
10
6.6837674015748032
20
-4.8693945669291336
11
6.6792822440944883
21
-4.8659933464566931
0
LINE
8
BLACK
6
CONTINUOUS
10
6.6792822440944883
20
-4.8659933464566931
11
6.6758810236220469
21
-4.8615081889763783
0
LINE
8
BLACK
6
CONTINUOUS
10
6.6758810236220469
20
-4.8615081889763783
11
6.673816023622047
21
-4.8562716929133858
0
LINE
8
BLACK
6
CONTINUOUS
10
6.673816023622047
20
-4.8562716929133858
11
6.6732283464566926
21
-4.8513779527559056
0
LINE
8
BLACK
6
CONTINUOUS
10
6.6732283464566926
20
-4.8513779527559056
11
6.6732283464566926
21
-4.747047244094488
0
LINE
8
BLACK
6
CONTINUOUS
10
6.6732283464566926
20
-4.747047244094488
11
6.673816023622047
21
-4.7421535039370077
0
LINE
8
BLACK
6
CONTINUOUS
10
6.673816023622047
20
-4.7421535039370077
11
6.6758810236220469
21
-4.7369170078740153
0
LINE
8
BLACK
6
CONTINUOUS
10
6.6758810236220469
20
-4.7369170078740153
11
6.6792822440944883
21
-4.7324318503937004
0
LINE
8
BLACK
6
CONTINUOUS
10
6.6792822440944883
20
-4.7324318503937004
11
6.6837674015748032
21
-4.7290306299212599
0
LINE
8
BLACK
6
CONTINUOUS
10
6.6837674015748032
20
-4.7290306299212599
11
6.6890038976377948
21
-4.7269656299212599
0
LINE
8
BLACK
6
CONTINUOUS
10
6.6890038976377948
20
-4.7269656299212599
11
6.693897637795275
21
-4.7263779527559056
0
LINE
8
BLACK
6
CONTINUOUS
10
6.693897637795275
20
-4.7263779527559056
11
6.7903543307086611
21
-4.7263779527559056
0
LINE
8
BLACK
6
CONTINUOUS
10
6.7903543307086611
20
-4.7263779527559056
11
6.7952480708661414
21
-4.7269656299212599
0
LINE
8
BLACK
6
CONTINUOUS
10
6.9448543700787404
20
-4.7269656299212599
11
6.950090866141732
21
-4.7290306299212599
0
LINE
8
BLACK
6
CONTINUOUS
10
6.950090866141732
20
-4.7290306299212599
11
6.9545760236220469
21
-4.7324318503937004
0
LINE
8
BLACK
6
CONTINUOUS
10
6.9545760236220469
20
-4.7324318503937004
11
6.9579772440944883
21
-4.7369170078740153
0
LINE
8
BLACK
6
CONTINUOUS
10
6.9579772440944883
20
-4.7369170078740153
11
6.9600422440944882
21
-4.7421535039370077
0
LINE
8
BLACK
6
CONTINUOUS
10
6.9600422440944882
20
-4.7421535039370077
11
6.9606299212598426
21
-4.747047244094488
0
LINE
8
BLACK
6
CONTINUOUS
10
6.9606299212598426
20
-4.747047244094488
11
6.9606299212598426
21
-4.8513779527559056
0
LINE
8
BLACK
6
CONTINUOUS
10
6.9606299212598426
20
-4.8513779527559056
11
6.9600422440944882
21
-4.8562716929133858
0
LINE
8
BLACK
6
CONTINUOUS
10
6.9600422440944882
20
-4.8562716929133858
11
6.9579772440944883
21
-4.8615081889763783
0
LINE
8
BLACK
6
CONTINUOUS
10
6.9579772440944883
20
-4.8615081889763783
11
6.9545760236220469
21
-4.8659933464566931
0
LINE
8
BLACK
6
CONTINUOUS
10
6.9545760236220469
20
-4.8659933464566931
11
6.950090866141732
21
-4.8693945669291336
0
LINE
8
BLACK
6
CONTINUOUS
10
6.950090866141732
20
-4.8693945669291336
11
6.9448543700787404
21
-4.8714595669291336
0
LINE
8
BLACK
6
CONTINUOUS
10
6.9448543700787404
20
-4.8714595669291336
11
6.9399606299212593
21
-4.872047244094488
0
LINE
8
BLACK
6
CONTINUOUS
10
6.9399606299212593
20
-4.872047244094488
11
6.8435039370078741
21
-4.872047244094488
0
LINE
8
BLACK
6
CONTINUOUS
10
6.8435039370078741
20
-4.872047244094488
11
6.8386101968503938
21
-4.8714595669291336
0
LINE
8
BLACK
6
CONTINUOUS
10
6.8386101968503938
20
-4.8714595669291336
11
6.8333737007874014
21
-4.8693945669291336
0
LINE
8
BLACK
6
CONTINUOUS
10
6.8333737007874014
20
-4.8693945669291336
11
6.8288885433070865
21
-4.8659933464566931
0
LINE
8
BLACK
6
CONTINUOUS
10
6.8288885433070865
20
-4.8659933464566931
11
6.8254873228346451
21
-4.8615081889763783
0
LINE
8
BLACK
6
CONTINUOUS
10
6.8254873228346451
20
-4.8615081889763783
11
6.8234223228346451
21
-4.8562716929133858
0
LINE
8
BLACK
6
CONTINUOUS
10
6.8234223228346451
20
-4.8562716929133858
11
6.8228346456692908
21
-4.8513779527559056
0
LINE
8
BLACK
6
CONTINUOUS
10
6.8228346456692908
20
-4.8513779527559056
11
6.8228346456692908
21
-4.747047244094488
0
LINE
8
BLACK
6
CONTINUOUS
10
6.8228346456692908
20
-4.747047244094488
11
6.8234223228346451
21
-4.7421535039370077
0
LINE
8
BLACK
6
CONTINUOUS
10
6.8234223228346451
20
-4.7421535039370077
11
6.8254873228346451
21
-4.7369170078740153
0
LINE
8
BLACK
6
CONTINUOUS
10
6.8254873228346451
20
-4.7369170078740153
11
6.8288885433070865
21
-4.7324318503937004
0
LINE
8
BLACK
6
CONTINUOUS
10
6.8288885433070865
20
-4.7324318503937004
11
6.8333737007874014
21
-4.7290306299212599
0
LINE
8
BLACK
6
CONTINUOUS
10
6.8333737007874014
20
-4.7290306299212599
11
6.8386101968503938
21
-4.7269656299212599
0
LINE
8
BLACK
6
CONTINUOUS
10
6.8386101968503938
20
-4.7269656299212599
11
6.8435039370078741
21
-4.7263779527559056
0
LINE
8
BLACK
6
CONTINUOUS
10
6.8435039370078741
20
-4.7263779527559056
11
6.9399606299212593
21
-4.7263779527559056
0
LINE
8
BLACK
6
CONTINUOUS
10
6.9399606299212593
20
-4.7263779527559056
11
6.9448543700787404
21
-4.7269656299212599
0
LINE
8
BLACK
6
CONTINUOUS
10
6.4645394094488191
20
-4.7112175984251969
11
6.4697759055118107
21
-4.7132825984251969
0
LINE
8
BLACK
6
CONTINUOUS
10
6.4697759055118107
20
-4.7132825984251969
11
6.4742610629921256
21
-4.7166838188976374
0
LINE
8
BLACK
6
CONTINUOUS
10
6.4742610629921256
20
-4.7166838188976374
11
6.477662283464567
21
-4.7211689763779523
0
LINE
8
BLACK
6
CONTINUOUS
10
6.477662283464567
20
-4.7211689763779523
11
6.4797272834645669
21
-4.7264054724409448
0
LINE
8
BLACK
6
CONTINUOUS
10
6.4797272834645669
20
-4.7264054724409448
11
6.4803149606299213
21
-4.731299212598425
0
LINE
8
BLACK
6
CONTINUOUS
10
6.4803149606299213
20
-4.731299212598425
11
6.4803149606299213
21
-4.8356299212598426
0
LINE
8
BLACK
6
CONTINUOUS
10
6.4803149606299213
20
-4.8356299212598426
11
6.4797272834645669
21
-4.8405236614173228
0
LINE
8
BLACK
6
CONTINUOUS
10
6.4797272834645669
20
-4.8405236614173228
11
6.477662283464567
21
-4.8457601574803144
0
LINE
8
BLACK
6
CONTINUOUS
10
6.477662283464567
20
-4.8457601574803144
11
6.4742610629921256
21
-4.8502453149606302
0
LINE
8
BLACK
6
CONTINUOUS
10
6.4742610629921256
20
-4.8502453149606302
11
6.4697759055118107
21
-4.8536465354330707
0
LINE
8
BLACK
6
CONTINUOUS
10
6.4697759055118107
20
-4.8536465354330707
11
6.4645394094488191
21
-4.8557115354330707
0
LINE
8
BLACK
6
CONTINUOUS
10
6.4645394094488191
20
-4.8557115354330707
11
6.4596456692913389
21
-4.856299212598425
0
LINE
8
BLACK
6
CONTINUOUS
10
6.4596456692913389
20
-4.856299212598425
11
6.3631889763779528
21
-4.856299212598425
0
LINE
8
BLACK
6
CONTINUOUS
10
6.3631889763779528
20
-4.856299212598425
11
6.3582952362204725
21
-4.8557115354330707
0
LINE
8
BLACK
6
CONTINUOUS
10
6.3582952362204725
20
-4.8557115354330707
11
6.3530587401574801
21
-4.8536465354330707
0
LINE
8
BLACK
6
CONTINUOUS
10
6.3530587401574801
20
-4.8536465354330707
11
6.3485735826771652
21
-4.8502453149606302
0
LINE
8
BLACK
6
CONTINUOUS
10
6.3485735826771652
20
-4.8502453149606302
11
6.3451723622047247
21
-4.8457601574803144
0
LINE
8
BLACK
6
CONTINUOUS
10
6.3451723622047247
20
-4.8457601574803144
11
6.3431073622047247
21
-4.8405236614173228
0
LINE
8
BLACK
6
CONTINUOUS
10
6.3431073622047247
20
-4.8405236614173228
11
6.3425196850393704
21
-4.8356299212598426
0
LINE
8
BLACK
6
CONTINUOUS
10
6.3425196850393704
20
-4.8356299212598426
11
6.3425196850393704
21
-4.731299212598425
0
LINE
8
BLACK
6
CONTINUOUS
10
6.3425196850393704
20
-4.731299212598425
11
6.3431073622047247
21
-4.7264054724409448
0
LINE
8
BLACK
6
CONTINUOUS
10
6.3431073622047247
20
-4.7264054724409448
11
6.3451723622047247
21
-4.7211689763779523
0
LINE
8
BLACK
6
CONTINUOUS
10
6.3451723622047247
20
-4.7211689763779523
11
6.3485735826771652
21
-4.7166838188976374
0
LINE
8
BLACK
6
CONTINUOUS
10
6.3485735826771652
20
-4.7166838188976374
11
6.3530587401574801
21
-4.7132825984251969
0
LINE
8
BLACK
6
CONTINUOUS
10
6.3530587401574801
20
-4.7132825984251969
11
6.3582952362204725
21
-4.7112175984251969
0
LINE
8
BLACK
6
CONTINUOUS
10
6.3582952362204725
20
-4.7112175984251969
11
6.3631889763779528
21
-4.7106299212598426
0
LINE
8
BLACK
6
CONTINUOUS
10
6.3631889763779528
20
-4.7106299212598426
11
6.4596456692913389
21
-4.7106299212598426
0
LINE
8
BLACK
6
CONTINUOUS
10
6.4596456692913389
20
-4.7106299212598426
11
6.4645394094488191
21
-4.7112175984251969
0
LINE
8
BLACK
6
CONTINUOUS
10
7.1259567322834645
20
-4.7112175984251969
11
7.131193228346457
21
-4.7132825984251969
0
LINE
8
BLACK
6
CONTINUOUS
10
7.131193228346457
20
-4.7132825984251969
11
7.1356783858267718
21
-4.7166838188976374
0
LINE
8
BLACK
6
CONTINUOUS
10
7.1356783858267718
20
-4.7166838188976374
11
7.1390796062992123
21
-4.7211689763779523
0
LINE
8
BLACK
6
CONTINUOUS
10
7.1390796062992123
20
-4.7211689763779523
11
7.1411446062992123
21
-4.7264054724409448
0
LINE
8
BLACK
6
CONTINUOUS
10
7.1411446062992123
20
-4.7264054724409448
11
7.1417322834645667
21
-4.731299212598425
0
LINE
8
BLACK
6
CONTINUOUS
10
7.1417322834645667
20
-4.731299212598425
11
7.1417322834645667
21
-4.8356299212598426
0
LINE
8
BLACK
6
CONTINUOUS
10
7.1417322834645667
20
-4.8356299212598426
11
7.1411446062992123
21
-4.8405236614173228
0
LINE
8
BLACK
6
CONTINUOUS
10
7.1411446062992123
20
-4.8405236614173228
11
7.1390796062992123
21
-4.8457601574803144
0
LINE
8
BLACK
6
CONTINUOUS
10
7.1390796062992123
20
-4.8457601574803144
11
7.1356783858267718
21
-4.8502453149606302
0
LINE
8
BLACK
6
CONTINUOUS
10
7.1356783858267718
20
-4.8502453149606302
11
7.131193228346457
21
-4.8536465354330707
0
LINE
8
BLACK
6
CONTINUOUS
10
7.131193228346457
20
-4.8536465354330707
11
7.1259567322834645
21
-4.8557115354330707
0
LINE
8
BLACK
6
CONTINUOUS
10
7.1259567322834645
20
-4.8557115354330707
11
7.1210629921259843
21
-4.856299212598425
0
LINE
8
BLACK
6
CONTINUOUS
10
7.1210629921259843
20
-4.856299212598425
11
7.0246062992125982
21
-4.856299212598425
0
LINE
8
BLACK
6
CONTINUOUS
10
7.0246062992125982
20
-4.856299212598425
11
7.0197125590551179
21
-4.8557115354330707
0
LINE
8
BLACK
6
CONTINUOUS
10
7.0197125590551179
20
-4.8557115354330707
11
7.0144760629921254
21
-4.8536465354330707
0
LINE
8
BLACK
6
CONTINUOUS
10
7.0144760629921254
20
-4.8536465354330707
11
7.0099909055118106
21
-4.8502453149606302
0
LINE
8
BLACK
6
CONTINUOUS
10
7.0099909055118106
20
-4.8502453149606302
11
7.0065896850393701
21
-4.8457601574803144
0
LINE
8
BLACK
6
CONTINUOUS
10
7.0065896850393701
20
-4.8457601574803144
11
7.0045246850393701
21
-4.8405236614173228
0
LINE
8
BLACK
6
CONTINUOUS
10
7.0045246850393701
20
-4.8405236614173228
11
7.0039370078740157
21
-4.8356299212598426
0
LINE
8
BLACK
6
CONTINUOUS
10
7.0039370078740157
20
-4.8356299212598426
11
7.0039370078740157
21
-4.731299212598425
0
LINE
8
BLACK
6
CONTINUOUS
10
7.0039370078740157
20
-4.731299212598425
11
7.0045246850393701
21
-4.7264054724409448
0
LINE
8
BLACK
6
CONTINUOUS
10
7.0045246850393701
20
-4.7264054724409448
11
7.0065896850393701
21
-4.7211689763779523
0
LINE
8
BLACK
6
CONTINUOUS
10
7.0065896850393701
20
-4.7211689763779523
11
7.0099909055118106
21
-4.7166838188976374
0
LINE
8
BLACK
6
CONTINUOUS
10
7.0099909055118106
20
-4.7166838188976374
11
7.0144760629921254
21
-4.7132825984251969
0
LINE
8
BLACK
6
CONTINUOUS
10
7.0144760629921254
20
-4.7132825984251969
11
7.0197125590551179
21
-4.7112175984251969
0
LINE
8
BLACK
6
CONTINUOUS
10
7.0197125590551179
20
-4.7112175984251969
11
7.0246062992125982
21
-4.7106299212598426
0
LINE
8
BLACK
6
CONTINUOUS
10
7.0246062992125982
20
-4.7106299212598426
11
7.1210629921259843
21
-4.7106299212598426
0
LINE
8
BLACK
6
CONTINUOUS
10
7.1210629921259843
20
-4.7106299212598426
11
7.1259567322834645
21
-4.7112175984251969
0
LINE
8
BLACK
6
CONTINUOUS
10
5.511783503937008
20
-4.5852333464566932
11
5.5170199999999996
21
-4.5872983464566932
0
LINE
8
BLACK
6
CONTINUOUS
10
5.5170199999999996
20
-4.5872983464566932
11
5.5215051574803145
21
-4.5906995669291337
0
LINE
8
BLACK
6
CONTINUOUS
10
5.5215051574803145
20
-4.5906995669291337
11
5.5249063779527559
21
-4.5951847244094486
0
LINE
8
BLACK
6
CONTINUOUS
10
5.5249063779527559
20
-4.5951847244094486
11
5.5269713779527558
21
-4.6004212204724411
0
LINE
8
BLACK
6
CONTINUOUS
10
5.5269713779527558
20
-4.6004212204724411
11
5.5275590551181102
21
-4.6053149606299213
0
LINE
8
BLACK
6
CONTINUOUS
10
5.5275590551181102
20
-4.6053149606299213
11
5.5275590551181102
21
-4.7017716535433074
0
LINE
8
BLACK
6
CONTINUOUS
10
5.5275590551181102
20
-4.7017716535433074
11
5.5269713779527558
21
-4.7066653937007876
0
LINE
8
BLACK
6
CONTINUOUS
10
5.5269713779527558
20
-4.7066653937007876
11
5.5249063779527559
21
-4.7119018897637792
0
LINE
8
BLACK
6
CONTINUOUS
10
5.5249063779527559
20
-4.7119018897637792
11
5.5215051574803145
21
-4.7163870472440941
0
LINE
8
BLACK
6
CONTINUOUS
10
5.5215051574803145
20
-4.7163870472440941
11
5.5170199999999996
21
-4.7197882677165355
0
LINE
8
BLACK
6
CONTINUOUS
10
5.5170199999999996
20
-4.7197882677165355
11
5.511783503937008
21
-4.7218532677165355
0
LINE
8
BLACK
6
CONTINUOUS
10
5.511783503937008
20
-4.7218532677165355
11
5.5068897637795278
21
-4.7224409448818898
0
LINE
8
BLACK
6
CONTINUOUS
10
5.5068897637795278
20
-4.7224409448818898
11
5.4025590551181102
21
-4.7224409448818898
0
LINE
8
BLACK
6
CONTINUOUS
10
5.4025590551181102
20
-4.7224409448818898
11
5.39766531496063
21
-4.7218532677165355
0
LINE
8
BLACK
6
CONTINUOUS
10
5.39766531496063
20
-4.7218532677165355
11
5.3924288188976375
21
-4.7197882677165355
0
LINE
8
BLACK
6
CONTINUOUS
10
5.3924288188976375
20
-4.7197882677165355
11
5.3879436614173226
21
-4.7163870472440941
0
LINE
8
BLACK
6
CONTINUOUS
10
5.3879436614173226
20
-4.7163870472440941
11
5.3845424409448821
21
-4.7119018897637792
0
LINE
8
BLACK
6
CONTINUOUS
10
5.3845424409448821
20
-4.7119018897637792
11
5.3824774409448821
21
-4.7066653937007876
0
LINE
8
BLACK
6
CONTINUOUS
10
5.3824774409448821
20
-4.7066653937007876
11
5.3818897637795278
21
-4.7017716535433074
0
LINE
8
BLACK
6
CONTINUOUS
10
5.3818897637795278
20
-4.7017716535433074
11
5.3818897637795278
21
-4.6053149606299213
0
LINE
8
BLACK
6
CONTINUOUS
10
5.3818897637795278
20
-4.6053149606299213
11
5.3824774409448821
21
-4.6004212204724411
0
LINE
8
BLACK
6
CONTINUOUS
10
5.3824774409448821
20
-4.6004212204724411
11
5.3845424409448821
21
-4.5951847244094486
0
LINE
8
BLACK
6
CONTINUOUS
10
5.3845424409448821
20
-4.5951847244094486
11
5.3879436614173226
21
-4.5906995669291337
0
LINE
8
BLACK
6
CONTINUOUS
10
5.3879436614173226
20
-4.5906995669291337
11
5.3924288188976375
21
-4.5872983464566932
0
LINE
8
BLACK
6
CONTINUOUS
10
5.3924288188976375
20
-4.5872983464566932
11
5.39766531496063
21
-4.5852333464566932
0
LINE
8
BLACK
6
CONTINUOUS
10
5.39766531496063
20
-4.5852333464566932
11
5.4025590551181102
21
-4.5846456692913389
0
LINE
8
BLACK
6
CONTINUOUS
10
5.4025590551181102
20
-4.5846456692913389
11
5.5068897637795278
21
-4.5846456692913389
0
LINE
8
BLACK
6
CONTINUOUS
10
5.5068897637795278
20
-4.5846456692913389
11
5.511783503937008
21
-4.5852333464566932
0
LINE
8
BLACK
6
CONTINUOUS
10
6.7991850787401571
20
-4.4907451574803146
11
6.8044215748031496
21
-4.4928101574803145
0
LINE
8
BLACK
6
CONTINUOUS
10
6.8044215748031496
20
-4.4928101574803145
11
6.8089067322834644
21
-4.4962113779527559
0
LINE
8
BLACK
6
CONTINUOUS
10
6.8089067322834644
20
-4.4962113779527559
11
6.8123079527559049
21
-4.5006965354330708
0
LINE
8
BLACK
6
CONTINUOUS
10
6.8123079527559049
20
-4.5006965354330708
11
6.8143729527559049
21
-4.5059330314960633
0
LINE
8
BLACK
6
CONTINUOUS
10
6.8143729527559049
20
-4.5059330314960633
11
6.8149606299212593
21
-4.5108267716535435
0
LINE
8
BLACK
6
CONTINUOUS
10
6.8149606299212593
20
-4.5108267716535435
11
6.8149606299212593
21
-4.6072834645669287
0
LINE
8
BLACK
6
CONTINUOUS
10
6.8149606299212593
20
-4.6072834645669287
11
6.8143729527559049
21
-4.612177204724409
0
LINE
8
BLACK
6
CONTINUOUS
10
6.8143729527559049
20
-4.612177204724409
11
6.8123079527559049
21
-4.6174137007874014
0
LINE
8
BLACK
6
CONTINUOUS
10
6.8123079527559049
20
-4.6174137007874014
11
6.8089067322834644
21
-4.6218988582677163
0
LINE
8
BLACK
6
CONTINUOUS
10
6.8089067322834644
20
-4.6218988582677163
11
6.8044215748031496
21
-4.6253000787401577
0
LINE
8
BLACK
6
CONTINUOUS
10
6.8044215748031496
20
-4.6253000787401577
11
6.7991850787401571
21
-4.6273650787401577
0
LINE
8
BLACK
6
CONTINUOUS
10
6.7991850787401571
20
-4.6273650787401577
11
6.7942913385826769
21
-4.627952755905512
0
LINE
8
BLACK
6
CONTINUOUS
10
6.7942913385826769
20
-4.627952755905512
11
6.6899606299212593
21
-4.627952755905512
0
LINE
8
BLACK
6
CONTINUOUS
10
6.6899606299212593
20
-4.627952755905512
11
6.6850668897637791
21
-4.6273650787401577
0
LINE
8
BLACK
6
CONTINUOUS
10
6.6850668897637791
20
-4.6273650787401577
11
6.6798303937007875
21
-4.6253000787401577
0
LINE
8
BLACK
6
CONTINUOUS
10
6.6798303937007875
20
-4.6253000787401577
11
6.6753452362204726
21
-4.6218988582677163
0
LINE
8
BLACK
6
CONTINUOUS
10
6.6753452362204726
20
-4.6218988582677163
11
6.6719440157480312
21
-4.6174137007874014
0
LINE
8
BLACK
6
CONTINUOUS
10
6.6719440157480312
20
-4.6174137007874014
11
6.6698790157480312
21
-4.612177204724409
0
LINE
8
BLACK
6
CONTINUOUS
10
6.6698790157480312
20
-4.612177204724409
11
6.6692913385826769
21
-4.6072834645669287
0
LINE
8
BLACK
6
CONTINUOUS
10
6.6692913385826769
20
-4.6072834645669287
11
6.6692913385826769
21
-4.5108267716535435
0
LINE
8
BLACK
6
CONTINUOUS
10
6.6692913385826769
20
-4.5108267716535435
11
6.6698790157480312
21
-4.5059330314960633
0
LINE
8
BLACK
6
CONTINUOUS
10
6.6698790157480312
20
-4.5059330314960633
11
6.6719440157480312
21
-4.5006965354330708
0
LINE
8
BLACK
6
CONTINUOUS
10
6.6719440157480312
20
-4.5006965354330708
11
6.6753452362204726
21
-4.4962113779527559
0
LINE
8
BLACK
6
CONTINUOUS
10
6.6753452362204726
20
-4.4962113779527559
11
6.6798303937007875
21
-4.4928101574803145
0
LINE
8
BLACK
6
CONTINUOUS
10
6.6798303937007875
20
-4.4928101574803145
11
6.6850668897637791
21
-4.4907451574803146
0
LINE
8
BLACK
6
CONTINUOUS
10
6.6850668897637791
20
-4.4907451574803146
11
6.6899606299212593
21
-4.4901574803149602
0
LINE
8
BLACK
6
CONTINUOUS
10
6.6899606299212593
20
-4.4901574803149602
11
6.7942913385826769
21
-4.4901574803149602
0
LINE
8
BLACK
6
CONTINUOUS
10
6.7942913385826769
20
-4.4901574803149602
11
6.7991850787401571
21
-4.4907451574803146
0
LINE
8
BLACK
6
CONTINUOUS
10
4.8044253149606302
20
-4.5457251181102363
11
4.8063411811023622
21
-4.5470052755905508
0
LINE
8
BLACK
6
CONTINUOUS
10
4.8063411811023622
20
-4.5470052755905508
11
4.8076213385826767
21
-4.5489211417322837
0
LINE
8
BLACK
6
CONTINUOUS
10
4.8076213385826767
20
-4.5489211417322837
11
4.8080708661417324
21
-4.5511811023622046
0
LINE
8
BLACK
6
CONTINUOUS
10
4.8080708661417324
20
-4.5511811023622046
11
4.8080708661417324
21
-4.5629921259842519
0
LINE
8
BLACK
6
CONTINUOUS
10
4.8080708661417324
20
-4.5629921259842519
11
4.8076213385826767
21
-4.5652520866141728
0
LINE
8
BLACK
6
CONTINUOUS
10
4.8076213385826767
20
-4.5652520866141728
11
4.8063411811023622
21
-4.5671679527559057
0
LINE
8
BLACK
6
CONTINUOUS
10
4.8063411811023622
20
-4.5671679527559057
11
4.8044253149606302
21
-4.5684481102362202
0
LINE
8
BLACK
6
CONTINUOUS
10
4.8044253149606302
20
-4.5684481102362202
11
4.8021653543307083
21
-4.5688976377952759
0
LINE
8
BLACK
6
CONTINUOUS
10
4.8021653543307083
20
-4.5688976377952759
11
4.7618110236220472
21
-4.5688976377952759
0
LINE
8
BLACK
6
CONTINUOUS
10
4.7618110236220472
20
-4.5688976377952759
11
4.7595510629921263
21
-4.5684481102362202
0
LINE
8
BLACK
6
CONTINUOUS
10
4.7595510629921263
20
-4.5684481102362202
11
4.7576351968503934
21
-4.5671679527559057
0
LINE
8
BLACK
6
CONTINUOUS
10
4.7576351968503934
20
-4.5671679527559057
11
4.7563550393700789
21
-4.5652520866141728
0
LINE
8
BLACK
6
CONTINUOUS
10
4.7563550393700789
20
-4.5652520866141728
11
4.7559055118110232
21
-4.5629921259842519
0
LINE
8
BLACK
6
CONTINUOUS
10
4.7559055118110232
20
-4.5629921259842519
11
4.7559055118110232
21
-4.5511811023622046
0
LINE
8
BLACK
6
CONTINUOUS
10
4.7559055118110232
20
-4.5511811023622046
11
4.7563550393700789
21
-4.5489211417322837
0
LINE
8
BLACK
6
CONTINUOUS
10
4.7563550393700789
20
-4.5489211417322837
11
4.7576351968503934
21
-4.5470052755905508
0
LINE
8
BLACK
6
CONTINUOUS
10
4.7576351968503934
20
-4.5470052755905508
11
4.7595510629921263
21
-4.5457251181102363
0
LINE
8
BLACK
6
CONTINUOUS
10
4.7595510629921263
20
-4.5457251181102363
11
4.7618110236220472
21
-4.5452755905511806
0
LINE
8
BLACK
6
CONTINUOUS
10
4.7618110236220472
20
-4.5452755905511806
11
4.8021653543307083
21
-4.5452755905511806
0
LINE
8
BLACK
6
CONTINUOUS
10
4.8021653543307083
20
-4.5452755905511806
11
4.8044253149606302
21
-4.5457251181102363
0
LINE
8
BLACK
6
CONTINUOUS
10
4.8939922440944885
20
-4.5457251181102363
11
4.8959081102362205
21
-4.5470052755905508
0
LINE
8
BLACK
6
CONTINUOUS
10
4.8959081102362205
20
-4.5470052755905508
11
4.897188267716535
21
-4.5489211417322837
0
LINE
8
BLACK
6
CONTINUOUS
10
4.897188267716535
20
-4.5489211417322837
11
4.8976377952755907
21
-4.5511811023622046
0
LINE
8
BLACK
6
CONTINUOUS
10
4.8976377952755907
20
-4.5511811023622046
11
4.8976377952755907
21
-4.5629921259842519
0
LINE
8
BLACK
6
CONTINUOUS
10
4.8976377952755907
20
-4.5629921259842519
11
4.897188267716535
21
-4.5652520866141728
0
LINE
8
BLACK
6
CONTINUOUS
10
4.897188267716535
20
-4.5652520866141728
11
4.8959081102362205
21
-4.5671679527559057
0
LINE
8
BLACK
6
CONTINUOUS
10
4.8959081102362205
20
-4.5671679527559057
11
4.8939922440944885
21
-4.5684481102362202
0
LINE
8
BLACK
6
CONTINUOUS
10
4.8939922440944885
20
-4.5684481102362202
11
4.8917322834645667
21
-4.5688976377952759
0
LINE
8
BLACK
6
CONTINUOUS
10
4.8917322834645667
20
-4.5688976377952759
11
4.8513779527559056
21
-4.5688976377952759
0
LINE
8
BLACK
6
CONTINUOUS
10
4.8513779527559056
20
-4.5688976377952759
11
4.8491179921259837
21
-4.5684481102362202
0
LINE
8
BLACK
6
CONTINUOUS
10
4.8491179921259837
20
-4.5684481102362202
11
4.8472021259842517
21
-4.5671679527559057
0
LINE
8
BLACK
6
CONTINUOUS
10
4.8472021259842517
20
-4.5671679527559057
11
4.8459219685039372
21
-4.5652520866141728
0
LINE
8
BLACK
6
CONTINUOUS
10
4.8459219685039372
20
-4.5652520866141728
11
4.8454724409448815
21
-4.5629921259842519
0
LINE
8
BLACK
6
CONTINUOUS
10
4.8454724409448815
20
-4.5629921259842519
11
4.8454724409448815
21
-4.5511811023622046
0
LINE
8
BLACK
6
CONTINUOUS
10
4.8454724409448815
20
-4.5511811023622046
11
4.8459219685039372
21
-4.5489211417322837
0
LINE
8
BLACK
6
CONTINUOUS
10
4.8459219685039372
20
-4.5489211417322837
11
4.8472021259842517
21
-4.5470052755905508
0
LINE
8
BLACK
6
CONTINUOUS
10
4.8472021259842517
20
-4.5470052755905508
11
4.8491179921259837
21
-4.5457251181102363
0
LINE
8
BLACK
6
CONTINUOUS
10
4.8491179921259837
20
-4.5457251181102363
11
4.8513779527559056
21
-4.5452755905511806
0
LINE
8
BLACK
6
CONTINUOUS
10
4.8513779527559056
20
-4.5452755905511806
11
4.8917322834645667
21
-4.5452755905511806
0
LINE
8
BLACK
6
CONTINUOUS
10
4.8917322834645667
20
-4.5452755905511806
11
4.8939922440944885
21
-4.5457251181102363
0
LINE
8
BLACK
6
CONTINUOUS
10
4.8044253149606302
20
-4.5083235433070863
11
4.8063411811023622
21
-4.5096037007874017
0
LINE
8
BLACK
6
CONTINUOUS
10
4.8063411811023622
20
-4.5096037007874017
11
4.8076213385826767
21
-4.5115195669291337
0
LINE
8
BLACK
6
CONTINUOUS
10
4.8076213385826767
20
-4.5115195669291337
11
4.8080708661417324
21
-4.5137795275590546
0
LINE
8
BLACK
6
CONTINUOUS
10
4.8080708661417324
20
-4.5137795275590546
11
4.8080708661417324
21
-4.5255905511811019
0
LINE
8
BLACK
6
CONTINUOUS
10
4.8080708661417324
20
-4.5255905511811019
11
4.8076213385826767
21
-4.5278505118110237
0
LINE
8
BLACK
6
CONTINUOUS
10
4.8076213385826767
20
-4.5278505118110237
11
4.8063411811023622
21
-4.5297663779527557
0
LINE
8
BLACK
6
CONTINUOUS
10
4.8063411811023622
20
-4.5297663779527557
11
4.8044253149606302
21
-4.5310465354330711
0
LINE
8
BLACK
6
CONTINUOUS
10
4.8044253149606302
20
-4.5310465354330711
11
4.8021653543307083
21
-4.5314960629921259
0
LINE
8
BLACK
6
CONTINUOUS
10
4.8021653543307083
20
-4.5314960629921259
11
4.7618110236220472
21
-4.5314960629921259
0
LINE
8
BLACK
6
CONTINUOUS
10
4.7618110236220472
20
-4.5314960629921259
11
4.7595510629921263
21
-4.5310465354330711
0
LINE
8
BLACK
6
CONTINUOUS
10
4.7595510629921263
20
-4.5310465354330711
11
4.7576351968503934
21
-4.5297663779527557
0
LINE
8
BLACK
6
CONTINUOUS
10
4.7576351968503934
20
-4.5297663779527557
11
4.7563550393700789
21
-4.5278505118110237
0
LINE
8
BLACK
6
CONTINUOUS
10
4.7563550393700789
20
-4.5278505118110237
11
4.7559055118110232
21
-4.5255905511811019
0
LINE
8
BLACK
6
CONTINUOUS
10
4.7559055118110232
20
-4.5255905511811019
11
4.7559055118110232
21
-4.5137795275590546
0
LINE
8
BLACK
6
CONTINUOUS
10
4.7559055118110232
20
-4.5137795275590546
11
4.7563550393700789
21
-4.5115195669291337
0
LINE
8
BLACK
6
CONTINUOUS
10
4.7563550393700789
20
-4.5115195669291337
11
4.7576351968503934
21
-4.5096037007874017
0
LINE
8
BLACK
6
CONTINUOUS
10
4.7576351968503934
20
-4.5096037007874017
11
4.7595510629921263
21
-4.5083235433070863
0
LINE
8
BLACK
6
CONTINUOUS
10
4.7595510629921263
20
-4.5083235433070863
11
4.7618110236220472
21
-4.5078740157480315
0
LINE
8
BLACK
6
CONTINUOUS
10
4.7618110236220472
20
-4.5078740157480315
11
4.8021653543307083
21
-4.5078740157480315
0
LINE
8
BLACK
6
CONTINUOUS
10
4.8021653543307083
20
-4.5078740157480315
11
4.8044253149606302
21
-4.5083235433070863
0
LINE
8
BLACK
6
CONTINUOUS
10
4.8939922440944885
20
-4.5083235433070863
11
4.8959081102362205
21
-4.5096037007874017
0
LINE
8
BLACK
6
CONTINUOUS
10
4.8959081102362205
20
-4.5096037007874017
11
4.897188267716535
21
-4.5115195669291337
0
LINE
8
BLACK
6
CONTINUOUS
10
4.897188267716535
20
-4.5115195669291337
11
4.8976377952755907
21
-4.5137795275590546
0
LINE
8
BLACK
6
CONTINUOUS
10
4.8976377952755907
20
-4.5137795275590546
11
4.8976377952755907
21
-4.5255905511811019
0
LINE
8
BLACK
6
CONTINUOUS
10
4.8976377952755907
20
-4.5255905511811019
11
4.897188267716535
21
-4.5278505118110237
0
LINE
8
BLACK
6
CONTINUOUS
10
4.897188267716535
20
-4.5278505118110237
11
4.8959081102362205
21
-4.5297663779527557
0
LINE
8
BLACK
6
CONTINUOUS
10
4.8959081102362205
20
-4.5297663779527557
11
4.8939922440944885
21
-4.5310465354330711
0
LINE
8
BLACK
6
CONTINUOUS
10
4.8939922440944885
20
-4.5310465354330711
11
4.8917322834645667
21
-4.5314960629921259
0
LINE
8
BLACK
6
CONTINUOUS
10
4.8917322834645667
20
-4.5314960629921259
11
4.8513779527559056
21
-4.5314960629921259
0
LINE
8
BLACK
6
CONTINUOUS
10
4.8513779527559056
20
-4.5314960629921259
11
4.8491179921259837
21
-4.5310465354330711
0
LINE
8
BLACK
6
CONTINUOUS
10
4.8491179921259837
20
-4.5310465354330711
11
4.8472021259842517
21
-4.5297663779527557
0
LINE
8
BLACK
6
CONTINUOUS
10
4.8472021259842517
20
-4.5297663779527557
11
4.8459219685039372
21
-4.5278505118110237
0
LINE
8
BLACK
6
CONTINUOUS
10
4.8459219685039372
20
-4.5278505118110237
11
4.8454724409448815
21
-4.5255905511811019
0
LINE
8
BLACK
6
CONTINUOUS
10
4.8454724409448815
20
-4.5255905511811019
11
4.8454724409448815
21
-4.5137795275590546
0
LINE
8
BLACK
6
CONTINUOUS
10
4.8454724409448815
20
-4.5137795275590546
11
4.8459219685039372
21
-4.5115195669291337
0
LINE
8
BLACK
6
CONTINUOUS
10
4.8459219685039372
20
-4.5115195669291337
11
4.8472021259842517
21
-4.5096037007874017
0
LINE
8
BLACK
6
CONTINUOUS
10
4.8472021259842517
20
-4.5096037007874017
11
4.8491179921259837
21
-4.5083235433070863
0
LINE
8
BLACK
6
CONTINUOUS
10
4.8491179921259837
20
-4.5083235433070863
11
4.8513779527559056
21
-4.5078740157480315
0
LINE
8
BLACK
6
CONTINUOUS
10
4.8513779527559056
20
-4.5078740157480315
11
4.8917322834645667
21
-4.5078740157480315
0
LINE
8
BLACK
6
CONTINUOUS
10
4.8917322834645667
20
-4.5078740157480315
11
4.8939922440944885
21
-4.5083235433070863
0
LINE
8
BLACK
6
CONTINUOUS
10
4.8044253149606302
20
-4.4709219685039372
11
4.8063411811023622
21
-4.4722021259842517
0
LINE
8
BLACK
6
CONTINUOUS
10
4.8063411811023622
20
-4.4722021259842517
11
4.8076213385826767
21
-4.4741179921259837
0
LINE
8
BLACK
6
CONTINUOUS
10
4.8076213385826767
20
-4.4741179921259837
11
4.8080708661417324
21
-4.4763779527559056
0
LINE
8
BLACK
6
CONTINUOUS
10
4.8080708661417324
20
-4.4763779527559056
11
4.8080708661417324
21
-4.4881889763779528
0
LINE
8
BLACK
6
CONTINUOUS
10
4.8080708661417324
20
-4.4881889763779528
11
4.8076213385826767
21
-4.4904489370078737
0
LINE
8
BLACK
6
CONTINUOUS
10
4.8076213385826767
20
-4.4904489370078737
11
4.8063411811023622
21
-4.4923648031496066
0
LINE
8
BLACK
6
CONTINUOUS
10
4.8063411811023622
20
-4.4923648031496066
11
4.8044253149606302
21
-4.4936449606299211
0
LINE
8
BLACK
6
CONTINUOUS
10
4.8044253149606302
20
-4.4936449606299211
11
4.8021653543307083
21
-4.4940944881889759
0
LINE
8
BLACK
6
CONTINUOUS
10
4.8021653543307083
20
-4.4940944881889759
11
4.7618110236220472
21
-4.4940944881889759
0
LINE
8
BLACK
6
CONTINUOUS
10
4.7618110236220472
20
-4.4940944881889759
11
4.7595510629921263
21
-4.4936449606299211
0
LINE
8
BLACK
6
CONTINUOUS
10
4.7595510629921263
20
-4.4936449606299211
11
4.7576351968503934
21
-4.4923648031496066
0
LINE
8
BLACK
6
CONTINUOUS
10
4.7576351968503934
20
-4.4923648031496066
11
4.7563550393700789
21
-4.4904489370078737
0
LINE
8
BLACK
6
CONTINUOUS
10
4.7563550393700789
20
-4.4904489370078737
11
4.7559055118110232
21
-4.4881889763779528
0
LINE
8
BLACK
6
CONTINUOUS
10
4.7559055118110232
20
-4.4881889763779528
11
4.7559055118110232
21
-4.4763779527559056
0
LINE
8
BLACK
6
CONTINUOUS
10
4.7559055118110232
20
-4.4763779527559056
11
4.7563550393700789
21
-4.4741179921259837
0
LINE
8
BLACK
6
CONTINUOUS
10
4.7563550393700789
20
-4.4741179921259837
11
4.7576351968503934
21
-4.4722021259842517
0
LINE
8
BLACK
6
CONTINUOUS
10
4.7576351968503934
20
-4.4722021259842517
11
4.7595510629921263
21
-4.4709219685039372
0
LINE
8
BLACK
6
CONTINUOUS
10
4.7595510629921263
20
-4.4709219685039372
11
4.7618110236220472
21
-4.4704724409448815
0
LINE
8
BLACK
6
CONTINUOUS
10
4.7618110236220472
20
-4.4704724409448815
11
4.8021653543307083
21
-4.4704724409448815
0
LINE
8
BLACK
6
CONTINUOUS
10
4.8021653543307083
20
-4.4704724409448815
11
4.8044253149606302
21
-4.4709219685039372
0
LINE
8
BLACK
6
CONTINUOUS
10
4.8939922440944885
20
-4.4709219685039372
11
4.8959081102362205
21
-4.4722021259842517
0
LINE
8
BLACK
6
CONTINUOUS
10
4.8959081102362205
20
-4.4722021259842517
11
4.897188267716535
21
-4.4741179921259837
0
LINE
8
BLACK
6
CONTINUOUS
10
4.897188267716535
20
-4.4741179921259837
11
4.8976377952755907
21
-4.4763779527559056
0
LINE
8
BLACK
6
CONTINUOUS
10
4.8976377952755907
20
-4.4763779527559056
11
4.8976377952755907
21
-4.4881889763779528
0
LINE
8
BLACK
6
CONTINUOUS
10
4.8976377952755907
20
-4.4881889763779528
11
4.897188267716535
21
-4.4904489370078737
0
LINE
8
BLACK
6
CONTINUOUS
10
4.897188267716535
20
-4.4904489370078737
11
4.8959081102362205
21
-4.4923648031496066
0
LINE
8
BLACK
6
CONTINUOUS
10
4.8959081102362205
20
-4.4923648031496066
11
4.8939922440944885
21
-4.4936449606299211
0
LINE
8
BLACK
6
CONTINUOUS
10
4.8939922440944885
20
-4.4936449606299211
11
4.8917322834645667
21
-4.4940944881889759
0
LINE
8
BLACK
6
CONTINUOUS
10
4.8917322834645667
20
-4.4940944881889759
11
4.8513779527559056
21
-4.4940944881889759
0
LINE
8
BLACK
6
CONTINUOUS
10
4.8513779527559056
20
-4.4940944881889759
11
4.8491179921259837
21
-4.4936449606299211
0
LINE
8
BLACK
6
CONTINUOUS
10
4.8491179921259837
20
-4.4936449606299211
11
4.8472021259842517
21
-4.4923648031496066
0
LINE
8
BLACK
6
CONTINUOUS
10
4.8472021259842517
20
-4.4923648031496066
11
4.8459219685039372
21
-4.4904489370078737
0
LINE
8
BLACK
6
CONTINUOUS
10
4.8459219685039372
20
-4.4904489370078737
11
4.8454724409448815
21
-4.4881889763779528
0
LINE
8
BLACK
6
CONTINUOUS
10
4.8454724409448815
20
-4.4881889763779528
11
4.8454724409448815
21
-4.4763779527559056
0
LINE
8
BLACK
6
CONTINUOUS
10
4.8454724409448815
20
-4.4763779527559056
11
4.8459219685039372
21
-4.4741179921259837
0
LINE
8
BLACK
6
CONTINUOUS
10
4.8459219685039372
20
-4.4741179921259837
11
4.8472021259842517
21
-4.4722021259842517
0
LINE
8
BLACK
6
CONTINUOUS
10
4.8472021259842517
20
-4.4722021259842517
11
4.8491179921259837
21
-4.4709219685039372
0
LINE
8
BLACK
6
CONTINUOUS
10
4.8491179921259837
20
-4.4709219685039372
11
4.8513779527559056
21
-4.4704724409448815
0
LINE
8
BLACK
6
CONTINUOUS
10
4.8513779527559056
20
-4.4704724409448815
11
4.8917322834645667
21
-4.4704724409448815
0
LINE
8
BLACK
6
CONTINUOUS
10
4.8917322834645667
20
-4.4704724409448815
11
4.8939922440944885
21
-4.4709219685039372
0
LINE
8
BLACK
6
CONTINUOUS
10
4.6315672047244094
20
-4.3911235433070868
11
4.6389115748031493
21
-4.3935098818897638
0
LINE
8
BLACK
6
CONTINUOUS
10
4.6389115748031493
20
-4.3935098818897638
11
4.6457922440944879
21
-4.397015748031496
0
LINE
8
BLACK
6
CONTINUOUS
10
4.6457922440944879
20
-4.397015748031496
11
4.6520397637795279
21
-4.4015548425196851
0
LINE
8
BLACK
6
CONTINUOUS
10
4.6520397637795279
20
-4.4015548425196851
11
4.657500275590551
21
-4.4070153543307082
0
LINE
8
BLACK
6
CONTINUOUS
10
4.657500275590551
20
-4.4070153543307082
11
4.6620393700787401
21
-4.4132628740157482
0
LINE
8
BLACK
6
CONTINUOUS
10
4.6620393700787401
20
-4.4132628740157482
11
4.6655452362204723
21
-4.4201435433070868
0
LINE
8
BLACK
6
CONTINUOUS
10
4.6655452362204723
20
-4.4201435433070868
11
4.6679315748031494
21
-4.4274879133858267
0
LINE
8
BLACK
6
CONTINUOUS
10
4.6679315748031494
20
-4.4274879133858267
11
4.6691396456692909
21
-4.4351151968503935
0
LINE
8
BLACK
6
CONTINUOUS
10
4.6691396456692909
20
-4.4351151968503935
11
4.6691396456692909
21
-4.4428375590551177
0
LINE
8
BLACK
6
CONTINUOUS
10
4.6691396456692909
20
-4.4428375590551177
11
4.6679315748031494
21
-4.4504648425196853
0
LINE
8
BLACK
6
CONTINUOUS
10
4.6679315748031494
20
-4.4504648425196853
11
4.6655452362204723
21
-4.4578092125984252
0
LINE
8
BLACK
6
CONTINUOUS
10
4.6655452362204723
20
-4.4578092125984252
11
4.6620393700787401
21
-4.4646898818897638
0
LINE
8
BLACK
6
CONTINUOUS
10
4.6620393700787401
20
-4.4646898818897638
11
4.657500275590551
21
-4.4709374015748029
0
LINE
8
BLACK
6
CONTINUOUS
10
4.657500275590551
20
-4.4709374015748029
11
4.6520397637795279
21
-4.4763979133858269
0
LINE
8
BLACK
6
CONTINUOUS
10
4.6520397637795279
20
-4.4763979133858269
11
4.6457922440944879
21
-4.4809370078740161
0
LINE
8
BLACK
6
CONTINUOUS
10
4.6457922440944879
20
-4.4809370078740161
11
4.6389115748031493
21
-4.4844428740157483
0
LINE
8
BLACK
6
CONTINUOUS
10
4.6389115748031493
20
-4.4844428740157483
11
4.6315672047244094
21
-4.4868292125984253
0
LINE
8
BLACK
6
CONTINUOUS
10
4.6315672047244094
20
-4.4868292125984253
11
4.6239399212598427
21
-4.4880372834645668
0
LINE
8
BLACK
6
CONTINUOUS
10
4.6239399212598427
20
-4.4880372834645668
11
4.6162175590551184
21
-4.4880372834645668
0
LINE
8
BLACK
6
CONTINUOUS
10
4.6162175590551184
20
-4.4880372834645668
11
4.6085902755905508
21
-4.4868292125984253
0
LINE
8
BLACK
6
CONTINUOUS
10
4.6085902755905508
20
-4.4868292125984253
11
4.6012459055118109
21
-4.4844428740157483
0
LINE
8
BLACK
6
CONTINUOUS
10
4.6012459055118109
20
-4.4844428740157483
11
4.5943652362204723
21
-4.4809370078740161
0
LINE
8
BLACK
6
CONTINUOUS
10
4.5943652362204723
20
-4.4809370078740161
11
4.5881177165354332
21
-4.4763979133858269
0
LINE
8
BLACK
6
CONTINUOUS
10
4.5881177165354332
20
-4.4763979133858269
11
4.5826572047244092
21
-4.4709374015748029
0
LINE
8
BLACK
6
CONTINUOUS
10
4.5826572047244092
20
-4.4709374015748029
11
4.5781181102362201
21
-4.4646898818897638
0
LINE
8
BLACK
6
CONTINUOUS
10
4.5781181102362201
20
-4.4646898818897638
11
4.5746122440944879
21
-4.4578092125984252
0
LINE
8
BLACK
6
CONTINUOUS
10
4.5746122440944879
20
-4.4578092125984252
11
4.5722259055118109
21
-4.4504648425196853
0
LINE
8
BLACK
6
CONTINUOUS
10
4.5722259055118109
20
-4.4504648425196853
11
4.5710178346456694
21
-4.4428375590551177
0
LINE
8
BLACK
6
CONTINUOUS
10
4.5710178346456694
20
-4.4428375590551177
11
4.5710178346456694
21
-4.4351151968503935
0
LINE
8
BLACK
6
CONTINUOUS
10
4.5710178346456694
20
-4.4351151968503935
11
4.5722259055118109
21
-4.4274879133858267
0
LINE
8
BLACK
6
CONTINUOUS
10
4.5722259055118109
20
-4.4274879133858267
11
4.5746122440944879
21
-4.4201435433070868
0
LINE
8
BLACK
6
CONTINUOUS
10
4.5746122440944879
20
-4.4201435433070868
11
4.5781181102362201
21
-4.4132628740157482
0
LINE
8
BLACK
6
CONTINUOUS
10
4.5781181102362201
20
-4.4132628740157482
11
4.5826572047244092
21
-4.4070153543307082
0
LINE
8
BLACK
6
CONTINUOUS
10
4.5826572047244092
20
-4.4070153543307082
11
4.5881177165354332
21
-4.4015548425196851
0
LINE
8
BLACK
6
CONTINUOUS
10
4.5881177165354332
20
-4.4015548425196851
11
4.5943652362204723
21
-4.397015748031496
0
LINE
8
BLACK
6
CONTINUOUS
10
4.5943652362204723
20
-4.397015748031496
11
4.6012459055118109
21
-4.3935098818897638
0
LINE
8
BLACK
6
CONTINUOUS
10
4.6012459055118109
20
-4.3935098818897638
11
4.6085902755905508
21
-4.3911235433070868
0
LINE
8
BLACK
6
CONTINUOUS
10
4.6085902755905508
20
-4.3911235433070868
11
4.6162175590551184
21
-4.3899154724409444
0
LINE
8
BLACK
6
CONTINUOUS
10
4.6162175590551184
20
-4.3899154724409444
11
4.6239399212598427
21
-4.3899154724409444
0
LINE
8
BLACK
6
CONTINUOUS
10
4.6239399212598427
20
-4.3899154724409444
11
4.6315672047244094
21
-4.3911235433070868
0
LINE
8
BLACK
6
CONTINUOUS
10
3.7598491338582676
20
-4.2870647637795276
11
3.7686624015748031
21
-4.2899283858267712
0
LINE
8
BLACK
6
CONTINUOUS
10
3.7686624015748031
20
-4.2899283858267712
11
3.776919212598425
21
-4.2941354330708661
0
LINE
8
BLACK
6
CONTINUOUS
10
3.776919212598425
20
-4.2941354330708661
11
3.784416220472441
21
-4.2995823228346453
0
LINE
8
BLACK
6
CONTINUOUS
10
3.784416220472441
20
-4.2995823228346453
11
3.7909688582677163
21
-4.3061349606299215
0
LINE
8
BLACK
6
CONTINUOUS
10
3.7909688582677163
20
-4.3061349606299215
11
3.796415748031496
21
-4.3136319685039366
0
LINE
8
BLACK
6
CONTINUOUS
10
3.796415748031496
20
-4.3136319685039366
11
3.8006227952755904
21
-4.3218887795275593
0
LINE
8
BLACK
6
CONTINUOUS
10
3.8006227952755904
20
-4.3218887795275593
11
3.8034864173228344
21
-4.3307020472440945
0
LINE
8
BLACK
6
CONTINUOUS
10
3.8034864173228344
20
-4.3307020472440945
11
3.8049360629921258
21
-4.3398547637795275
0
LINE
8
BLACK
6
CONTINUOUS
10
3.8049360629921258
20
-4.3398547637795275
11
3.8051181102362204
21
-4.3444881889763778
0
LINE
8
BLACK
6
CONTINUOUS
10
3.8051181102362204
20
-4.3444881889763778
11
3.8051181102362204
21
-4.4232283464566926
0
LINE
8
BLACK
6
CONTINUOUS
10
3.8051181102362204
20
-4.4232283464566926
11
3.8049360629921258
21
-4.4278617716535429
0
LINE
8
BLACK
6
CONTINUOUS
10
3.8049360629921258
20
-4.4278617716535429
11
3.8034864173228344
21
-4.4370144881889759
0
LINE
8
BLACK
6
CONTINUOUS
10
3.8034864173228344
20
-4.4370144881889759
11
3.8006227952755904
21
-4.4458277559055119
0
LINE
8
BLACK
6
CONTINUOUS
10
3.8006227952755904
20
-4.4458277559055119
11
3.796415748031496
21
-4.4540845669291338
0
LINE
8
BLACK
6
CONTINUOUS
10
3.796415748031496
20
-4.4540845669291338
11
3.7909688582677163
21
-4.4615815748031498
0
LINE
8
BLACK
6
CONTINUOUS
10
3.7909688582677163
20
-4.4615815748031498
11
3.784416220472441
21
-4.4681342125984251
0
LINE
8
BLACK
6
CONTINUOUS
10
3.784416220472441
20
-4.4681342125984251
11
3.776919212598425
21
-4.4735811023622043
0
LINE
8
BLACK
6
CONTINUOUS
10
3.776919212598425
20
-4.4735811023622043
11
3.7686624015748031
21
-4.4777881496062992
0
LINE
8
BLACK
6
CONTINUOUS
10
3.7686624015748031
20
-4.4777881496062992
11
3.7598491338582676
21
-4.4806517716535428
0
LINE
8
BLACK
6
CONTINUOUS
10
3.7598491338582676
20
-4.4806517716535428
11
3.7506964173228345
21
-4.4821014173228342
0
LINE
8
BLACK
6
CONTINUOUS
10
3.7506964173228345
20
-4.4821014173228342
11
3.741429566929134
21
-4.4821014173228342
0
LINE
8
BLACK
6
CONTINUOUS
10
3.741429566929134
20
-4.4821014173228342
11
3.7322768503937005
21
-4.4806517716535428
0
LINE
8
BLACK
6
CONTINUOUS
10
3.7322768503937005
20
-4.4806517716535428
11
3.7234635826771654
21
-4.4777881496062992
0
LINE
8
BLACK
6
CONTINUOUS
10
3.7234635826771654
20
-4.4777881496062992
11
3.7152067716535431
21
-4.4735811023622043
0
LINE
8
BLACK
6
CONTINUOUS
10
3.7152067716535431
20
-4.4735811023622043
11
3.7077097637795275
21
-4.4681342125984251
0
LINE
8
BLACK
6
CONTINUOUS
10
3.7077097637795275
20
-4.4681342125984251
11
3.7011571259842517
21
-4.4615815748031498
0
LINE
8
BLACK
6
CONTINUOUS
10
3.7011571259842517
20
-4.4615815748031498
11
3.6957102362204726
21
-4.4540845669291338
0
LINE
8
BLACK
6
CONTINUOUS
10
3.6957102362204726
20
-4.4540845669291338
11
3.6915031889763781
21
-4.4458277559055119
0
LINE
8
BLACK
6
CONTINUOUS
10
3.6915031889763781
20
-4.4458277559055119
11
3.6886395669291336
21
-4.4370144881889759
0
LINE
8
BLACK
6
CONTINUOUS
10
3.6886395669291336
20
-4.4370144881889759
11
3.6871899212598422
21
-4.4278617716535429
0
LINE
8
BLACK
6
CONTINUOUS
10
3.6871899212598422
20
-4.4278617716535429
11
3.6870078740157481
21
-4.4232283464566926
0
LINE
8
BLACK
6
CONTINUOUS
10
3.6870078740157481
20
-4.4232283464566926
11
3.6870078740157481
21
-4.3444881889763778
0
LINE
8
BLACK
6
CONTINUOUS
10
3.6870078740157481
20
-4.3444881889763778
11
3.6871899212598422
21
-4.3398547637795275
0
LINE
8
BLACK
6
CONTINUOUS
10
3.6871899212598422
20
-4.3398547637795275
11
3.6886395669291336
21
-4.3307020472440945
0
LINE
8
BLACK
6
CONTINUOUS
10
3.6886395669291336
20
-4.3307020472440945
11
3.6915031889763781
21
-4.3218887795275593
0
LINE
8
BLACK
6
CONTINUOUS
10
3.6915031889763781
20
-4.3218887795275593
11
3.6957102362204726
21
-4.3136319685039366
0
LINE
8
BLACK
6
CONTINUOUS
10
3.6957102362204726
20
-4.3136319685039366
11
3.7011571259842517
21
-4.3061349606299215
0
LINE
8
BLACK
6
CONTINUOUS
10
3.7011571259842517
20
-4.3061349606299215
11
3.7077097637795275
21
-4.2995823228346453
0
LINE
8
BLACK
6
CONTINUOUS
10
3.7077097637795275
20
-4.2995823228346453
11
3.7152067716535431
21
-4.2941354330708661
0
LINE
8
BLACK
6
CONTINUOUS
10
3.7152067716535431
20
-4.2941354330708661
11
3.7234635826771654
21
-4.2899283858267712
0
LINE
8
BLACK
6
CONTINUOUS
10
3.7234635826771654
20
-4.2899283858267712
11
3.7322768503937005
21
-4.2870647637795276
0
LINE
8
BLACK
6
CONTINUOUS
10
3.7322768503937005
20
-4.2870647637795276
11
3.741429566929134
21
-4.2856151181102362
0
LINE
8
BLACK
6
CONTINUOUS
10
3.741429566929134
20
-4.2856151181102362
11
3.7506964173228345
21
-4.2856151181102362
0
LINE
8
BLACK
6
CONTINUOUS
10
3.7506964173228345
20
-4.2856151181102362
11
3.7598491338582676
21
-4.2870647637795276
0
LINE
8
BLACK
6
CONTINUOUS
10
6.7991850787401571
20
-4.3411388582677164
11
6.8044215748031496
21
-4.3432038582677164
0
LINE
8
BLACK
6
CONTINUOUS
10
6.8044215748031496
20
-4.3432038582677164
11
6.8089067322834644
21
-4.3466050787401578
0
LINE
8
BLACK
6
CONTINUOUS
10
6.8089067322834644
20
-4.3466050787401578
11
6.8123079527559049
21
-4.3510902362204726
0
LINE
8
BLACK
6
CONTINUOUS
10
6.8123079527559049
20
-4.3510902362204726
11
6.8143729527559049
21
-4.3563267322834642
0
LINE
8
BLACK
6
CONTINUOUS
10
6.8143729527559049
20
-4.3563267322834642
11
6.8149606299212593
21
-4.3612204724409445
0
LINE
8
BLACK
6
CONTINUOUS
10
6.8149606299212593
20
-4.3612204724409445
11
6.8149606299212593
21
-4.4576771653543306
0
LINE
8
BLACK
6
CONTINUOUS
10
6.8149606299212593
20
-4.4576771653543306
11
6.8143729527559049
21
-4.4625709055118108
0
LINE
8
BLACK
6
CONTINUOUS
10
6.8143729527559049
20
-4.4625709055118108
11
6.8123079527559049
21
-4.4678074015748033
0
LINE
8
BLACK
6
CONTINUOUS
10
6.8123079527559049
20
-4.4678074015748033
11
6.8089067322834644
21
-4.4722925590551181
0
LINE
8
BLACK
6
CONTINUOUS
10
6.8089067322834644
20
-4.4722925590551181
11
6.8044215748031496
21
-4.4756937795275586
0
LINE
8
BLACK
6
CONTINUOUS
10
6.8044215748031496
20
-4.4756937795275586
11
6.7991850787401571
21
-4.4777587795275586
0
LINE
8
BLACK
6
CONTINUOUS
10
6.7991850787401571
20
-4.4777587795275586
11
6.7942913385826769
21
-4.478346456692913
0
LINE
8
BLACK
6
CONTINUOUS
10
6.7942913385826769
20
-4.478346456692913
11
6.6899606299212593
21
-4.478346456692913
0
LINE
8
BLACK
6
CONTINUOUS
10
6.6899606299212593
20
-4.478346456692913
11
6.6850668897637791
21
-4.4777587795275586
0
LINE
8
BLACK
6
CONTINUOUS
10
6.6850668897637791
20
-4.4777587795275586
11
6.6798303937007875
21
-4.4756937795275586
0
LINE
8
BLACK
6
CONTINUOUS
10
6.6798303937007875
20
-4.4756937795275586
11
6.6753452362204726
21
-4.4722925590551181
0
LINE
8
BLACK
6
CONTINUOUS
10
6.6753452362204726
20
-4.4722925590551181
11
6.6719440157480312
21
-4.4678074015748033
0
LINE
8
BLACK
6
CONTINUOUS
10
6.6719440157480312
20
-4.4678074015748033
11
6.6698790157480312
21
-4.4625709055118108
0
LINE
8
BLACK
6
CONTINUOUS
10
6.6698790157480312
20
-4.4625709055118108
11
6.6692913385826769
21
-4.4576771653543306
0
LINE
8
BLACK
6
CONTINUOUS
10
6.6692913385826769
20
-4.4576771653543306
11
6.6692913385826769
21
-4.3612204724409445
0
LINE
8
BLACK
6
CONTINUOUS
10
6.6692913385826769
20
-4.3612204724409445
11
6.6698790157480312
21
-4.3563267322834642
0
LINE
8
BLACK
6
CONTINUOUS
10
6.6698790157480312
20
-4.3563267322834642
11
6.6719440157480312
21
-4.3510902362204726
0
LINE
8
BLACK
6
CONTINUOUS
10
6.6719440157480312
20
-4.3510902362204726
11
6.6753452362204726
21
-4.3466050787401578
0
LINE
8
BLACK
6
CONTINUOUS
10
6.6753452362204726
20
-4.3466050787401578
11
6.6798303937007875
21
-4.3432038582677164
0
LINE
8
BLACK
6
CONTINUOUS
10
6.6798303937007875
20
-4.3432038582677164
11
6.6850668897637791
21
-4.3411388582677164
0
LINE
8
BLACK
6
CONTINUOUS
10
6.6850668897637791
20
-4.3411388582677164
11
6.6899606299212593
21
-4.340551181102362
0
LINE
8
BLACK
6
CONTINUOUS
10
6.6899606299212593
20
-4.340551181102362
11
6.7942913385826769
21
-4.340551181102362
0
LINE
8
BLACK
6
CONTINUOUS
10
6.7942913385826769
20
-4.340551181102362
11
6.7991850787401571
21
-4.3411388582677164
0
LINE
8
BLACK
6
CONTINUOUS
10
4.8037836220472441
20
-4.4150443700787401
11
4.8066574409448819
21
-4.4169646062992127
0
LINE
8
BLACK
6
CONTINUOUS
10
4.8066574409448819
20
-4.4169646062992127
11
4.8085776771653546
21
-4.4198384251968506
0
LINE
8
BLACK
6
CONTINUOUS
10
4.8085776771653546
20
-4.4198384251968506
11
4.8092519685039372
21
-4.4232283464566926
0
LINE
8
BLACK
6
CONTINUOUS
10
4.8092519685039372
20
-4.4232283464566926
11
4.8092519685039372
21
-4.4429133858267713
0
LINE
8
BLACK
6
CONTINUOUS
10
4.8092519685039372
20
-4.4429133858267713
11
4.8085776771653546
21
-4.4463033070866143
0
LINE
8
BLACK
6
CONTINUOUS
10
4.8085776771653546
20
-4.4463033070866143
11
4.8066574409448819
21
-4.4491771259842521
0
LINE
8
BLACK
6
CONTINUOUS
10
4.8066574409448819
20
-4.4491771259842521
11
4.8037836220472441
21
-4.4510973622047247
0
LINE
8
BLACK
6
CONTINUOUS
10
4.8037836220472441
20
-4.4510973622047247
11
4.8003937007874011
21
-4.4517716535433074
0
LINE
8
BLACK
6
CONTINUOUS
10
4.8003937007874011
20
-4.4517716535433074
11
4.7826771653543307
21
-4.4517716535433074
0
LINE
8
BLACK
6
CONTINUOUS
10
4.7826771653543307
20
-4.4517716535433074
11
4.7792872440944878
21
-4.4510973622047247
0
LINE
8
BLACK
6
CONTINUOUS
10
4.7792872440944878
20
-4.4510973622047247
11
4.77641342519685
21
-4.4491771259842521
0
LINE
8
BLACK
6
CONTINUOUS
10
4.77641342519685
20
-4.4491771259842521
11
4.7744931889763782
21
-4.4463033070866143
0
LINE
8
BLACK
6
CONTINUOUS
10
4.7744931889763782
20
-4.4463033070866143
11
4.7738188976377955
21
-4.4429133858267713
0
LINE
8
BLACK
6
CONTINUOUS
10
4.7738188976377955
20
-4.4429133858267713
11
4.7738188976377955
21
-4.4232283464566926
0
LINE
8
BLACK
6
CONTINUOUS
10
4.7738188976377955
20
-4.4232283464566926
11
4.7744931889763782
21
-4.4198384251968506
0
LINE
8
BLACK
6
CONTINUOUS
10
4.7744931889763782
20
-4.4198384251968506
11
4.77641342519685
21
-4.4169646062992127
0
LINE
8
BLACK
6
CONTINUOUS
10
4.77641342519685
20
-4.4169646062992127
11
4.7792872440944878
21
-4.4150443700787401
0
LINE
8
BLACK
6
CONTINUOUS
10
4.7792872440944878
20
-4.4150443700787401
11
4.7826771653543307
21
-4.4143700787401574
0
LINE
8
BLACK
6
CONTINUOUS
10
4.7826771653543307
20
-4.4143700787401574
11
4.8003937007874011
21
-4.4143700787401574
0
LINE
8
BLACK
6
CONTINUOUS
10
4.8003937007874011
20
-4.4143700787401574
11
4.8037836220472441
21
-4.4150443700787401
0
LINE
8
BLACK
6
CONTINUOUS
10
4.8648072440944885
20
-4.4150443700787401
11
4.8676810629921254
21
-4.4169646062992127
0
LINE
8
BLACK
6
CONTINUOUS
10
4.8676810629921254
20
-4.4169646062992127
11
4.8696012992125981
21
-4.4198384251968506
0
LINE
8
BLACK
6
CONTINUOUS
10
4.8696012992125981
20
-4.4198384251968506
11
4.8702755905511808
21
-4.4232283464566926
0
LINE
8
BLACK
6
CONTINUOUS
10
4.8702755905511808
20
-4.4232283464566926
11
4.8702755905511808
21
-4.4429133858267713
0
LINE
8
BLACK
6
CONTINUOUS
10
4.8702755905511808
20
-4.4429133858267713
11
4.8696012992125981
21
-4.4463033070866143
0
LINE
8
BLACK
6
CONTINUOUS
10
4.8696012992125981
20
-4.4463033070866143
11
4.8676810629921254
21
-4.4491771259842521
0
LINE
8
BLACK
6
CONTINUOUS
10
4.8676810629921254
20
-4.4491771259842521
11
4.8648072440944885
21
-4.4510973622047247
0
LINE
8
BLACK
6
CONTINUOUS
10
4.8648072440944885
20
-4.4510973622047247
11
4.8614173228346456
21
-4.4517716535433074
0
LINE
8
BLACK
6
CONTINUOUS
10
4.8614173228346456
20
-4.4517716535433074
11
4.8437007874015743
21
-4.4517716535433074
0
LINE
8
BLACK
6
CONTINUOUS
10
4.8437007874015743
20
-4.4517716535433074
11
4.8403108661417322
21
-4.4510973622047247
0
LINE
8
BLACK
6
CONTINUOUS
10
4.8403108661417322
20
-4.4510973622047247
11
4.8374370472440944
21
-4.4491771259842521
0
LINE
8
BLACK
6
CONTINUOUS
10
4.8374370472440944
20
-4.4491771259842521
11
4.8355168110236217
21
-4.4463033070866143
0
LINE
8
BLACK
6
CONTINUOUS
10
4.8355168110236217
20
-4.4463033070866143
11
4.8348425196850391
21
-4.4429133858267713
0
LINE
8
BLACK
6
CONTINUOUS
10
4.8348425196850391
20
-4.4429133858267713
11
4.8348425196850391
21
-4.4232283464566926
0
LINE
8
BLACK
6
CONTINUOUS
10
4.8348425196850391
20
-4.4232283464566926
11
4.8355168110236217
21
-4.4198384251968506
0
LINE
8
BLACK
6
CONTINUOUS
10
4.8355168110236217
20
-4.4198384251968506
11
4.8374370472440944
21
-4.4169646062992127
0
LINE
8
BLACK
6
CONTINUOUS
10
4.8374370472440944
20
-4.4169646062992127
11
4.8403108661417322
21
-4.4150443700787401
0
LINE
8
BLACK
6
CONTINUOUS
10
4.8403108661417322
20
-4.4150443700787401
11
4.8437007874015743
21
-4.4143700787401574
0
LINE
8
BLACK
6
CONTINUOUS
10
4.8437007874015743
20
-4.4143700787401574
11
4.8614173228346456
21
-4.4143700787401574
0
LINE
8
BLACK
6
CONTINUOUS
10
4.8614173228346456
20
-4.4143700787401574
11
4.8648072440944885
21
-4.4150443700787401
0
LINE
8
BLACK
6
CONTINUOUS
10
10.9270933464566919
20
-4.3281114173228348
11
10.9302864960629922
21
-4.3302449999999997
0
LINE
8
BLACK
6
CONTINUOUS
10
10.9302864960629922
20
-4.3302449999999997
11
10.932420078740158
21
-4.333438149606299
0
LINE
8
BLACK
6
CONTINUOUS
10
10.932420078740158
20
-4.333438149606299
11
10.933169291338583
21
-4.3372047244094487
0
LINE
8
BLACK
6
CONTINUOUS
10
10.933169291338583
20
-4.3372047244094487
11
10.933169291338583
21
-4.3726377952755904
0
LINE
8
BLACK
6
CONTINUOUS
10
10.933169291338583
20
-4.3726377952755904
11
10.932420078740158
21
-4.3764043700787401
0
LINE
8
BLACK
6
CONTINUOUS
10
10.932420078740158
20
-4.3764043700787401
11
10.9302864960629922
21
-4.3795975196850394
0
LINE
8
BLACK
6
CONTINUOUS
10
10.9302864960629922
20
-4.3795975196850394
11
10.9270933464566919
21
-4.3817311023622043
0
LINE
8
BLACK
6
CONTINUOUS
10
10.9270933464566919
20
-4.3817311023622043
11
10.9233267716535423
21
-4.3824803149606302
0
LINE
8
BLACK
6
CONTINUOUS
10
10.9233267716535423
20
-4.3824803149606302
11
10.8977362204724404
21
-4.3824803149606302
0
LINE
8
BLACK
6
CONTINUOUS
10
10.8977362204724404
20
-4.3824803149606302
11
10.8939696456692907
21
-4.3817311023622043
0
LINE
8
BLACK
6
CONTINUOUS
10
10.8939696456692907
20
-4.3817311023622043
11
10.8907764960629923
21
-4.3795975196850394
0
LINE
8
BLACK
6
CONTINUOUS
10
10.8907764960629923
20
-4.3795975196850394
11
10.8886429133858265
21
-4.3764043700787401
0
LINE
8
BLACK
6
CONTINUOUS
10
10.8886429133858265
20
-4.3764043700787401
11
10.8878937007874015
21
-4.3726377952755904
0
LINE
8
BLACK
6
CONTINUOUS
10
10.8878937007874015
20
-4.3726377952755904
11
10.8878937007874015
21
-4.3372047244094487
0
LINE
8
BLACK
6
CONTINUOUS
10
10.8878937007874015
20
-4.3372047244094487
11
10.8886429133858265
21
-4.333438149606299
0
LINE
8
BLACK
6
CONTINUOUS
10
10.8886429133858265
20
-4.333438149606299
11
10.8907764960629923
21
-4.3302449999999997
0
LINE
8
BLACK
6
CONTINUOUS
10
10.8907764960629923
20
-4.3302449999999997
11
10.8939696456692907
21
-4.3281114173228348
0
LINE
8
BLACK
6
CONTINUOUS
10
10.8939696456692907
20
-4.3281114173228348
11
10.8977362204724404
21
-4.3273622047244089
0
LINE
8
BLACK
6
CONTINUOUS
10
10.8977362204724404
20
-4.3273622047244089
11
10.9233267716535423
21
-4.3273622047244089
0
LINE
8
BLACK
6
CONTINUOUS
10
10.9233267716535423
20
-4.3273622047244089
11
10.9270933464566919
21
-4.3281114173228348
0
LINE
8
BLACK
6
CONTINUOUS
10
11.007802007874016
20
-4.3281114173228348
11
11.0109951574803144
21
-4.3302449999999997
0
LINE
8
BLACK
6
CONTINUOUS
10
11.0109951574803144
20
-4.3302449999999997
11
11.0131287401574802
21
-4.333438149606299
0
LINE
8
BLACK
6
CONTINUOUS
10
11.0131287401574802
20
-4.333438149606299
11
11.0138779527559052
21
-4.3372047244094487
0
LINE
8
BLACK
6
CONTINUOUS
10
11.0138779527559052
20
-4.3372047244094487
11
11.0138779527559052
21
-4.3726377952755904
0
LINE
8
BLACK
6
CONTINUOUS
10
11.0138779527559052
20
-4.3726377952755904
11
11.0131287401574802
21
-4.3764043700787401
0
LINE
8
BLACK
6
CONTINUOUS
10
11.0131287401574802
20
-4.3764043700787401
11
11.0109951574803144
21
-4.3795975196850394
0
LINE
8
BLACK
6
CONTINUOUS
10
11.0109951574803144
20
-4.3795975196850394
11
11.007802007874016
21
-4.3817311023622043
0
LINE
8
BLACK
6
CONTINUOUS
10
11.007802007874016
20
-4.3817311023622043
11
11.0040354330708663
21
-4.3824803149606302
0
LINE
8
BLACK
6
CONTINUOUS
10
11.0040354330708663
20
-4.3824803149606302
11
10.9784448818897644
21
-4.3824803149606302
0
LINE
8
BLACK
6
CONTINUOUS
10
10.9784448818897644
20
-4.3824803149606302
11
10.9746783070866147
21
-4.3817311023622043
0
LINE
8
BLACK
6
CONTINUOUS
10
10.9746783070866147
20
-4.3817311023622043
11
10.9714851574803145
21
-4.3795975196850394
0
LINE
8
BLACK
6
CONTINUOUS
10
10.9714851574803145
20
-4.3795975196850394
11
10.9693515748031487
21
-4.3764043700787401
0
LINE
8
BLACK
6
CONTINUOUS
10
10.9693515748031487
20
-4.3764043700787401
11
10.9686023622047237
21
-4.3726377952755904
0
LINE
8
BLACK
6
CONTINUOUS
10
10.9686023622047237
20
-4.3726377952755904
11
10.9686023622047237
21
-4.3372047244094487
0
LINE
8
BLACK
6
CONTINUOUS
10
10.9686023622047237
20
-4.3372047244094487
11
10.9693515748031487
21
-4.333438149606299
0
LINE
8
BLACK
6
CONTINUOUS
10
10.9693515748031487
20
-4.333438149606299
11
10.9714851574803145
21
-4.3302449999999997
0
LINE
8
BLACK
6
CONTINUOUS
10
10.9714851574803145
20
-4.3302449999999997
11
10.9746783070866147
21
-4.3281114173228348
0
LINE
8
BLACK
6
CONTINUOUS
10
10.9746783070866147
20
-4.3281114173228348
11
10.9784448818897644
21
-4.3273622047244089
0
LINE
8
BLACK
6
CONTINUOUS
10
10.9784448818897644
20
-4.3273622047244089
11
11.0040354330708663
21
-4.3273622047244089
0
LINE
8
BLACK
6
CONTINUOUS
10
11.0040354330708663
20
-4.3273622047244089
11
11.007802007874016
21
-4.3281114173228348
0
LINE
8
BLACK
6
CONTINUOUS
10
4.4795341732283465
20
-4.1158049212598424
11
4.4883474409448816
21
-4.1186685433070869
0
LINE
8
BLACK
6
CONTINUOUS
10
4.4883474409448816
20
-4.1186685433070869
11
4.4966042519685034
21
-4.1228755905511809
0
LINE
8
BLACK
6
CONTINUOUS
10
4.4966042519685034
20
-4.1228755905511809
11
4.5041012598425194
21
-4.128322480314961
0
LINE
8
BLACK
6
CONTINUOUS
10
4.5041012598425194
20
-4.128322480314961
11
4.5106538976377948
21
-4.1348751181102363
0
LINE
8
BLACK
6
CONTINUOUS
10
4.5106538976377948
20
-4.1348751181102363
11
4.5161007874015748
21
-4.1423721259842523
0
LINE
8
BLACK
6
CONTINUOUS
10
4.5161007874015748
20
-4.1423721259842523
11
4.5203078346456689
21
-4.1506289370078742
0
LINE
8
BLACK
6
CONTINUOUS
10
4.5203078346456689
20
-4.1506289370078742
11
4.5231714566929133
21
-4.1594422047244093
0
LINE
8
BLACK
6
CONTINUOUS
10
4.5231714566929133
20
-4.1594422047244093
11
4.5246211023622047
21
-4.1685949212598423
0
LINE
8
BLACK
6
CONTINUOUS
10
4.5246211023622047
20
-4.1685949212598423
11
4.5248031496062993
21
-4.1732283464566926
0
LINE
8
BLACK
6
CONTINUOUS
10
4.5248031496062993
20
-4.1732283464566926
11
4.5248031496062993
21
-4.1889763779527556
0
LINE
8
BLACK
6
CONTINUOUS
10
4.5248031496062993
20
-4.1889763779527556
11
5.5258642519685042
21
-4.1889763779527556
0
LINE
8
BLACK
6
CONTINUOUS
10
5.5258642519685042
20
-4.1889763779527556
11
5.5285035826771649
21
-4.1897513779527555
0
LINE
8
BLACK
6
CONTINUOUS
10
5.5285035826771649
20
-4.1897513779527555
11
5.528889291338583
21
-4.1900265748031496
0
LINE
8
BLACK
6
CONTINUOUS
10
5.528889291338583
20
-4.1900265748031496
11
5.6771653543307083
21
-4.3070865748031499
0
LINE
8
BLACK
6
CONTINUOUS
10
5.6771653543307083
20
-4.3070865748031499
11
5.6771653937007871
21
-4.3070866141732287
0
LINE
8
BLACK
6
CONTINUOUS
10
5.6771653937007871
20
-4.3070866141732287
11
5.901496062992126
21
-4.3070866141732287
0
LINE
8
BLACK
6
CONTINUOUS
10
5.901496062992126
20
-4.3070866141732287
11
5.901496062992126
21
-4.3031496062992121
0
LINE
8
BLACK
6
CONTINUOUS
10
5.901496062992126
20
-4.3031496062992121
11
5.9018017322834648
21
-4.3016128346456695
0
LINE
8
BLACK
6
CONTINUOUS
10
5.9018017322834648
20
-4.3016128346456695
11
5.9026722440944877
21
-4.3003100393700784
0
LINE
8
BLACK
6
CONTINUOUS
10
5.9026722440944877
20
-4.3003100393700784
11
5.9039750393700787
21
-4.2994395275590547
0
LINE
8
BLACK
6
CONTINUOUS
10
5.9039750393700787
20
-4.2994395275590547
11
5.9055118110236222
21
-4.2991338582677168
0
LINE
8
BLACK
6
CONTINUOUS
10
5.9055118110236222
20
-4.2991338582677168
11
5.9763779527559056
21
-4.2991338582677168
0
LINE
8
BLACK
6
CONTINUOUS
10
5.9763779527559056
20
-4.2991338582677168
11
5.977914724409449
21
-4.2994395275590547
0
LINE
8
BLACK
6
CONTINUOUS
10
5.977914724409449
20
-4.2994395275590547
11
5.9792175196850392
21
-4.3003100393700784
0
LINE
8
BLACK
6
CONTINUOUS
10
5.9792175196850392
20
-4.3003100393700784
11
5.9800880314960629
21
-4.3016128346456695
0
LINE
8
BLACK
6
CONTINUOUS
10
5.9800880314960629
20
-4.3016128346456695
11
5.9803937007874017
21
-4.3031496062992121
0
LINE
8
BLACK
6
CONTINUOUS
10
5.9803937007874017
20
-4.3031496062992121
11
5.9803937007874017
21
-4.3700787401574805
0
LINE
8
BLACK
6
CONTINUOUS
10
5.9803937007874017
20
-4.3700787401574805
11
5.9800880314960629
21
-4.3716155118110231
0
LINE
8
BLACK
6
CONTINUOUS
10
5.9800880314960629
20
-4.3716155118110231
11
5.9792175196850392
21
-4.3729183070866142
0
LINE
8
BLACK
6
CONTINUOUS
10
5.9792175196850392
20
-4.3729183070866142
11
5.977914724409449
21
-4.3737888188976379
0
LINE
8
BLACK
6
CONTINUOUS
10
5.977914724409449
20
-4.3737888188976379
11
5.9763779527559056
21
-4.3740944881889758
0
LINE
8
BLACK
6
CONTINUOUS
10
5.9763779527559056
20
-4.3740944881889758
11
5.9055118110236222
21
-4.3740944881889758
0
LINE
8
BLACK
6
CONTINUOUS
10
5.9055118110236222
20
-4.3740944881889758
11
5.9039750393700787
21
-4.3737888188976379
0
LINE
8
BLACK
6
CONTINUOUS
10
5.9039750393700787
20
-4.3737888188976379
11
5.9026722440944877
21
-4.3729183070866142
0
LINE
8
BLACK
6
CONTINUOUS
10
5.9026722440944877
20
-4.3729183070866142
11
5.9018017322834648
21
-4.3716155118110231
0
LINE
8
BLACK
6
CONTINUOUS
10
5.9018017322834648
20
-4.3716155118110231
11
5.901496062992126
21
-4.3700787401574805
0
LINE
8
BLACK
6
CONTINUOUS
10
5.901496062992126
20
-4.3700787401574805
11
5.901496062992126
21
-4.3622047244094491
0
LINE
8
BLACK
6
CONTINUOUS
10
5.901496062992126
20
-4.3622047244094491
11
5.6316727165354328
21
-4.3622047244094491
0
LINE
8
BLACK
6
CONTINUOUS
10
5.6316727165354328
20
-4.3622047244094491
11
5.6290333858267712
21
-4.3614297244094491
0
LINE
8
BLACK
6
CONTINUOUS
10
5.6290333858267712
20
-4.3614297244094491
11
5.6285692519685036
21
-4.3610912992125987
0
LINE
8
BLACK
6
CONTINUOUS
10
5.6285692519685036
20
-4.3610912992125987
11
5.4960629921259843
21
-4.2519685039370074
0
LINE
8
BLACK
6
CONTINUOUS
10
5.4960629921259843
20
-4.2519685039370074
11
4.5248031496062993
21
-4.2519685039370074
0
LINE
8
BLACK
6
CONTINUOUS
10
4.5248031496062993
20
-4.2519685039370074
11
4.5248031496062993
21
-4.3110236220472444
0
LINE
8
BLACK
6
CONTINUOUS
10
4.5248031496062993
20
-4.3110236220472444
11
4.5246211023622047
21
-4.3156570472440947
0
LINE
8
BLACK
6
CONTINUOUS
10
4.5246211023622047
20
-4.3156570472440947
11
4.5231714566929133
21
-4.3248097637795277
0
LINE
8
BLACK
6
CONTINUOUS
10
4.5231714566929133
20
-4.3248097637795277
11
4.5203078346456689
21
-4.3336230314960629
0
LINE
8
BLACK
6
CONTINUOUS
10
4.5203078346456689
20
-4.3336230314960629
11
4.5161007874015748
21
-4.3418798425196847
0
LINE
8
BLACK
6
CONTINUOUS
10
4.5161007874015748
20
-4.3418798425196847
11
4.5106538976377948
21
-4.3493768503937007
0
LINE
8
BLACK
6
CONTINUOUS
10
4.5106538976377948
20
-4.3493768503937007
11
4.5041012598425194
21
-4.3559294881889761
0
LINE
8
BLACK
6
CONTINUOUS
10
4.5041012598425194
20
-4.3559294881889761
11
4.4966042519685034
21
-4.3613763779527561
0
LINE
8
BLACK
6
CONTINUOUS
10
4.4966042519685034
20
-4.3613763779527561
11
4.4883474409448816
21
-4.3655834251968502
0
LINE
8
BLACK
6
CONTINUOUS
10
4.4883474409448816
20
-4.3655834251968502
11
4.4795341732283465
21
-4.3684470472440946
0
LINE
8
BLACK
6
CONTINUOUS
10
4.4795341732283465
20
-4.3684470472440946
11
4.4703814566929134
21
-4.369896692913386
0
LINE
8
BLACK
6
CONTINUOUS
10
4.4703814566929134
20
-4.369896692913386
11
4.4611146062992129
21
-4.369896692913386
0
LINE
8
BLACK
6
CONTINUOUS
10
4.4611146062992129
20
-4.369896692913386
11
4.4519618897637798
21
-4.3684470472440946
0
LINE
8
BLACK
6
CONTINUOUS
10
4.4519618897637798
20
-4.3684470472440946
11
4.4431486220472438
21
-4.3655834251968502
0
LINE
8
BLACK
6
CONTINUOUS
10
4.4431486220472438
20
-4.3655834251968502
11
4.434891811023622
21
-4.3613763779527561
0
LINE
8
BLACK
6
CONTINUOUS
10
4.434891811023622
20
-4.3613763779527561
11
4.427394803149606
21
-4.3559294881889761
0
LINE
8
BLACK
6
CONTINUOUS
10
4.427394803149606
20
-4.3559294881889761
11
4.4208421653543306
21
-4.3493768503937007
0
LINE
8
BLACK
6
CONTINUOUS
10
4.4208421653543306
20
-4.3493768503937007
11
4.4153952755905514
21
-4.3418798425196847
0
LINE
8
BLACK
6
CONTINUOUS
10
4.4153952755905514
20
-4.3418798425196847
11
4.4111882283464565
21
-4.3336230314960629
0
LINE
8
BLACK
6
CONTINUOUS
10
4.4111882283464565
20
-4.3336230314960629
11
4.4083246062992121
21
-4.3248097637795277
0
LINE
8
BLACK
6
CONTINUOUS
10
4.4083246062992121
20
-4.3248097637795277
11
4.4068749606299216
21
-4.3156570472440947
0
LINE
8
BLACK
6
CONTINUOUS
10
4.4068749606299216
20
-4.3156570472440947
11
4.406692913385827
21
-4.3110236220472444
0
LINE
8
BLACK
6
CONTINUOUS
10
4.406692913385827
20
-4.3110236220472444
11
4.406692913385827
21
-4.1732283464566926
0
LINE
8
BLACK
6
CONTINUOUS
10
4.406692913385827
20
-4.1732283464566926
11
4.4068749606299216
21
-4.1685949212598423
0
LINE
8
BLACK
6
CONTINUOUS
10
4.4068749606299216
20
-4.1685949212598423
11
4.4083246062992121
21
-4.1594422047244093
0
LINE
8
BLACK
6
CONTINUOUS
10
4.4083246062992121
20
-4.1594422047244093
11
4.4111882283464565
21
-4.1506289370078742
0
LINE
8
BLACK
6
CONTINUOUS
10
4.4111882283464565
20
-4.1506289370078742
11
4.4153952755905514
21
-4.1423721259842523
0
LINE
8
BLACK
6
CONTINUOUS
10
4.4153952755905514
20
-4.1423721259842523
11
4.4208421653543306
21
-4.1348751181102363
0
LINE
8
BLACK
6
CONTINUOUS
10
4.4208421653543306
20
-4.1348751181102363
11
4.427394803149606
21
-4.128322480314961
0
LINE
8
BLACK
6
CONTINUOUS
10
4.427394803149606
20
-4.128322480314961
11
4.434891811023622
21
-4.1228755905511809
0
LINE
8
BLACK
6
CONTINUOUS
10
4.434891811023622
20
-4.1228755905511809
11
4.4431486220472438
21
-4.1186685433070869
0
LINE
8
BLACK
6
CONTINUOUS
10
4.4431486220472438
20
-4.1186685433070869
11
4.4519618897637798
21
-4.1158049212598424
0
LINE
8
BLACK
6
CONTINUOUS
10
4.4519618897637798
20
-4.1158049212598424
11
4.4611146062992129
21
-4.114355275590551
0
LINE
8
BLACK
6
CONTINUOUS
10
4.4611146062992129
20
-4.114355275590551
11
4.4703814566929134
21
-4.114355275590551
0
LINE
8
BLACK
6
CONTINUOUS
10
4.4703814566929134
20
-4.114355275590551
11
4.4795341732283465
21
-4.1158049212598424
0
LINE
8
BLACK
6
CONTINUOUS
10
6.0960249606299213
20
-4.2994395275590547
11
6.0973277559055115
21
-4.3003100393700784
0
LINE
8
BLACK
6
CONTINUOUS
10
6.0973277559055115
20
-4.3003100393700784
11
6.0981982677165352
21
-4.3016128346456695
0
LINE
8
BLACK
6
CONTINUOUS
10
6.0981982677165352
20
-4.3016128346456695
11
6.098503937007874
21
-4.3031496062992121
0
LINE
8
BLACK
6
CONTINUOUS
10
6.098503937007874
20
-4.3031496062992121
11
6.098503937007874
21
-4.3700787401574805
0
LINE
8
BLACK
6
CONTINUOUS
10
6.098503937007874
20
-4.3700787401574805
11
6.0981982677165352
21
-4.3716155118110231
0
LINE
8
BLACK
6
CONTINUOUS
10
6.0981982677165352
20
-4.3716155118110231
11
6.0973277559055115
21
-4.3729183070866142
0
LINE
8
BLACK
6
CONTINUOUS
10
6.0973277559055115
20
-4.3729183070866142
11
6.0960249606299213
21
-4.3737888188976379
0
LINE
8
BLACK
6
CONTINUOUS
10
6.0960249606299213
20
-4.3737888188976379
11
6.0944881889763778
21
-4.3740944881889758
0
LINE
8
BLACK
6
CONTINUOUS
10
6.0944881889763778
20
-4.3740944881889758
11
6.0236220472440944
21
-4.3740944881889758
0
LINE
8
BLACK
6
CONTINUOUS
10
6.0236220472440944
20
-4.3740944881889758
11
6.022085275590551
21
-4.3737888188976379
0
LINE
8
BLACK
6
CONTINUOUS
10
6.022085275590551
20
-4.3737888188976379
11
6.0207824803149608
21
-4.3729183070866142
0
LINE
8
BLACK
6
CONTINUOUS
10
6.0207824803149608
20
-4.3729183070866142
11
6.0199119685039371
21
-4.3716155118110231
0
LINE
8
BLACK
6
CONTINUOUS
10
6.0199119685039371
20
-4.3716155118110231
11
6.0196062992125983
21
-4.3700787401574805
0
LINE
8
BLACK
6
CONTINUOUS
10
6.0196062992125983
20
-4.3700787401574805
11
6.0196062992125983
21
-4.3031496062992121
0
LINE
8
BLACK
6
CONTINUOUS
10
6.0196062992125983
20
-4.3031496062992121
11
6.0199119685039371
21
-4.3016128346456695
0
LINE
8
BLACK
6
CONTINUOUS
10
6.0199119685039371
20
-4.3016128346456695
11
6.0207824803149608
21
-4.3003100393700784
0
LINE
8
BLACK
6
CONTINUOUS
10
6.0207824803149608
20
-4.3003100393700784
11
6.022085275590551
21
-4.2994395275590547
0
LINE
8
BLACK
6
CONTINUOUS
10
6.022085275590551
20
-4.2994395275590547
11
6.0236220472440944
21
-4.2991338582677168
0
LINE
8
BLACK
6
CONTINUOUS
10
6.0236220472440944
20
-4.2991338582677168
11
6.0944881889763778
21
-4.2991338582677168
0
LINE
8
BLACK
6
CONTINUOUS
10
6.0944881889763778
20
-4.2991338582677168
11
6.0960249606299213
21
-4.2994395275590547
0
LINE
8
BLACK
6
CONTINUOUS
10
6.7991850787401571
20
-4.1915325590551182
11
6.8044215748031496
21
-4.1935975590551182
0
LINE
8
BLACK
6
CONTINUOUS
10
6.8044215748031496
20
-4.1935975590551182
11
6.8089067322834644
21
-4.1969987795275587
0
LINE
8
BLACK
6
CONTINUOUS
10
6.8089067322834644
20
-4.1969987795275587
11
6.8123079527559049
21
-4.2014839370078736
0
LINE
8
BLACK
6
CONTINUOUS
10
6.8123079527559049
20
-4.2014839370078736
11
6.8143729527559049
21
-4.2067204330708661
0
LINE
8
BLACK
6
CONTINUOUS
10
6.8143729527559049
20
-4.2067204330708661
11
6.8149606299212593
21
-4.2116141732283463
0
LINE
8
BLACK
6
CONTINUOUS
10
6.8149606299212593
20
-4.2116141732283463
11
6.8149606299212593
21
-4.3080708661417324
0
LINE
8
BLACK
6
CONTINUOUS
10
6.8149606299212593
20
-4.3080708661417324
11
6.8143729527559049
21
-4.3129646062992126
0
LINE
8
BLACK
6
CONTINUOUS
10
6.8143729527559049
20
-4.3129646062992126
11
6.8123079527559049
21
-4.3182011023622042
0
LINE
8
BLACK
6
CONTINUOUS
10
6.8123079527559049
20
-4.3182011023622042
11
6.8089067322834644
21
-4.32268625984252
0
LINE
8
BLACK
6
CONTINUOUS
10
6.8089067322834644
20
-4.32268625984252
11
6.8044215748031496
21
-4.3260874803149605
0
LINE
8
BLACK
6
CONTINUOUS
10
6.8044215748031496
20
-4.3260874803149605
11
6.7991850787401571
21
-4.3281524803149605
0
LINE
8
BLACK
6
CONTINUOUS
10
6.7991850787401571
20
-4.3281524803149605
11
6.7942913385826769
21
-4.3287401574803148
0
LINE
8
BLACK
6
CONTINUOUS
10
6.7942913385826769
20
-4.3287401574803148
11
6.6899606299212593
21
-4.3287401574803148
0
LINE
8
BLACK
6
CONTINUOUS
10
6.6899606299212593
20
-4.3287401574803148
11
6.6850668897637791
21
-4.3281524803149605
0
LINE
8
BLACK
6
CONTINUOUS
10
6.6850668897637791
20
-4.3281524803149605
11
6.6798303937007875
21
-4.3260874803149605
0
LINE
8
BLACK
6
CONTINUOUS
10
6.6798303937007875
20
-4.3260874803149605
11
6.6753452362204726
21
-4.32268625984252
0
LINE
8
BLACK
6
CONTINUOUS
10
6.6753452362204726
20
-4.32268625984252
11
6.6719440157480312
21
-4.3182011023622042
0
LINE
8
BLACK
6
CONTINUOUS
10
6.6719440157480312
20
-4.3182011023622042
11
6.6698790157480312
21
-4.3129646062992126
0
LINE
8
BLACK
6
CONTINUOUS
10
6.6698790157480312
20
-4.3129646062992126
11
6.6692913385826769
21
-4.3080708661417324
0
LINE
8
BLACK
6
CONTINUOUS
10
6.6692913385826769
20
-4.3080708661417324
11
6.6692913385826769
21
-4.2116141732283463
0
LINE
8
BLACK
6
CONTINUOUS
10
6.6692913385826769
20
-4.2116141732283463
11
6.6698790157480312
21
-4.2067204330708661
0
LINE
8
BLACK
6
CONTINUOUS
10
6.6698790157480312
20
-4.2067204330708661
11
6.6719440157480312
21
-4.2014839370078736
0
LINE
8
BLACK
6
CONTINUOUS
10
6.6719440157480312
20
-4.2014839370078736
11
6.6753452362204726
21
-4.1969987795275587
0
LINE
8
BLACK
6
CONTINUOUS
10
6.6753452362204726
20
-4.1969987795275587
11
6.6798303937007875
21
-4.1935975590551182
0
LINE
8
BLACK
6
CONTINUOUS
10
6.6798303937007875
20
-4.1935975590551182
11
6.6850668897637791
21
-4.1915325590551182
0
LINE
8
BLACK
6
CONTINUOUS
10
6.6850668897637791
20
-4.1915325590551182
11
6.6899606299212593
21
-4.1909448818897639
0
LINE
8
BLACK
6
CONTINUOUS
10
6.6899606299212593
20
-4.1909448818897639
11
6.7942913385826769
21
-4.1909448818897639
0
LINE
8
BLACK
6
CONTINUOUS
10
6.7942913385826769
20
-4.1909448818897639
11
6.7991850787401571
21
-4.1915325590551182
0
LINE
8
BLACK
6
CONTINUOUS
10
9.1138741338582676
20
-4.262260551181102
11
9.1157900000000005
21
-4.2635407086614174
0
LINE
8
BLACK
6
CONTINUOUS
10
9.1157900000000005
20
-4.2635407086614174
11
9.117070157480315
21
-4.2654565748031494
0
LINE
8
BLACK
6
CONTINUOUS
10
9.117070157480315
20
-4.2654565748031494
11
9.1175196850393707
21
-4.2677165354330704
0
LINE
8
BLACK
6
CONTINUOUS
10
9.1175196850393707
20
-4.2677165354330704
11
9.1175196850393707
21
-4.2795275590551176
0
LINE
8
BLACK
6
CONTINUOUS
10
9.1175196850393707
20
-4.2795275590551176
11
9.117070157480315
21
-4.2817875196850395
0
LINE
8
BLACK
6
CONTINUOUS
10
9.117070157480315
20
-4.2817875196850395
11
9.1157900000000005
21
-4.2837033858267715
0
LINE
8
BLACK
6
CONTINUOUS
10
9.1157900000000005
20
-4.2837033858267715
11
9.1138741338582676
21
-4.2849835433070869
0
LINE
8
BLACK
6
CONTINUOUS
10
9.1138741338582676
20
-4.2849835433070869
11
9.1116141732283467
21
-4.2854330708661417
0
LINE
8
BLACK
6
CONTINUOUS
10
9.1116141732283467
20
-4.2854330708661417
11
9.0653543307086615
21
-4.2854330708661417
0
LINE
8
BLACK
6
CONTINUOUS
10
9.0653543307086615
20
-4.2854330708661417
11
9.0630943700787405
21
-4.2849835433070869
0
LINE
8
BLACK
6
CONTINUOUS
10
9.0630943700787405
20
-4.2849835433070869
11
9.0611785039370076
21
-4.2837033858267715
0
LINE
8
BLACK
6
CONTINUOUS
10
9.0611785039370076
20
-4.2837033858267715
11
9.0598983464566931
21
-4.2817875196850395
0
LINE
8
BLACK
6
CONTINUOUS
10
9.0598983464566931
20
-4.2817875196850395
11
9.0594488188976374
21
-4.2795275590551176
0
LINE
8
BLACK
6
CONTINUOUS
10
9.0594488188976374
20
-4.2795275590551176
11
9.0594488188976374
21
-4.2677165354330704
0
LINE
8
BLACK
6
CONTINUOUS
10
9.0594488188976374
20
-4.2677165354330704
11
9.0598983464566931
21
-4.2654565748031494
0
LINE
8
BLACK
6
CONTINUOUS
10
9.0598983464566931
20
-4.2654565748031494
11
9.0611785039370076
21
-4.2635407086614174
0
LINE
8
BLACK
6
CONTINUOUS
10
9.0611785039370076
20
-4.2635407086614174
11
9.0630943700787405
21
-4.262260551181102
0
LINE
8
BLACK
6
CONTINUOUS
10
9.0630943700787405
20
-4.262260551181102
11
9.0653543307086615
21
-4.2618110236220472
0
LINE
8
BLACK
6
CONTINUOUS
10
9.0653543307086615
20
-4.2618110236220472
11
9.1116141732283467
21
-4.2618110236220472
0
LINE
8
BLACK
6
CONTINUOUS
10
9.1116141732283467
20
-4.2618110236220472
11
9.1138741338582676
21
-4.262260551181102
0
LINE
8
BLACK
6
CONTINUOUS
10
5.9090170866141731
20
-4.2285733858267713
11
5.9103198818897633
21
-4.229443897637795
0
LINE
8
BLACK
6
CONTINUOUS
10
5.9103198818897633
20
-4.229443897637795
11
5.911190393700787
21
-4.2307466929133861
0
LINE
8
BLACK
6
CONTINUOUS
10
5.911190393700787
20
-4.2307466929133861
11
5.9114960629921258
21
-4.2322834645669287
0
LINE
8
BLACK
6
CONTINUOUS
10
5.9114960629921258
20
-4.2322834645669287
11
5.9114960629921258
21
-4.2559055118110232
0
LINE
8
BLACK
6
CONTINUOUS
10
5.9114960629921258
20
-4.2559055118110232
11
5.911190393700787
21
-4.2574422834645667
0
LINE
8
BLACK
6
CONTINUOUS
10
5.911190393700787
20
-4.2574422834645667
11
5.9103198818897633
21
-4.2587450787401577
0
LINE
8
BLACK
6
CONTINUOUS
10
5.9103198818897633
20
-4.2587450787401577
11
5.9090170866141731
21
-4.2596155905511814
0
LINE
8
BLACK
6
CONTINUOUS
10
5.9090170866141731
20
-4.2596155905511814
11
5.9074803149606296
21
-4.2599212598425193
0
LINE
8
BLACK
6
CONTINUOUS
10
5.9074803149606296
20
-4.2599212598425193
11
5.872047244094488
21
-4.2599212598425193
0
LINE
8
BLACK
6
CONTINUOUS
10
5.872047244094488
20
-4.2599212598425193
11
5.8705104724409445
21
-4.2596155905511814
0
LINE
8
BLACK
6
CONTINUOUS
10
5.8705104724409445
20
-4.2596155905511814
11
5.8692076771653543
21
-4.2587450787401577
0
LINE
8
BLACK
6
CONTINUOUS
10
5.8692076771653543
20
-4.2587450787401577
11
5.8683371653543306
21
-4.2574422834645667
0
LINE
8
BLACK
6
CONTINUOUS
10
5.8683371653543306
20
-4.2574422834645667
11
5.8680314960629918
21
-4.2559055118110232
0
LINE
8
BLACK
6
CONTINUOUS
10
5.8680314960629918
20
-4.2559055118110232
11
5.8680314960629918
21
-4.2322834645669287
0
LINE
8
BLACK
6
CONTINUOUS
10
5.8680314960629918
20
-4.2322834645669287
11
5.8683371653543306
21
-4.2307466929133861
0
LINE
8
BLACK
6
CONTINUOUS
10
5.8683371653543306
20
-4.2307466929133861
11
5.8692076771653543
21
-4.229443897637795
0
LINE
8
BLACK
6
CONTINUOUS
10
5.8692076771653543
20
-4.229443897637795
11
5.8705104724409445
21
-4.2285733858267713
0
LINE
8
BLACK
6
CONTINUOUS
10
5.8705104724409445
20
-4.2285733858267713
11
5.872047244094488
21
-4.2282677165354325
0
LINE
8
BLACK
6
CONTINUOUS
10
5.872047244094488
20
-4.2282677165354325
11
5.9074803149606296
21
-4.2282677165354325
0
LINE
8
BLACK
6
CONTINUOUS
10
5.9074803149606296
20
-4.2282677165354325
11
5.9090170866141731
21
-4.2285733858267713
0
LINE
8
BLACK
6
CONTINUOUS
10
6.1294895275590546
20
-4.2285733858267713
11
6.1307923228346457
21
-4.229443897637795
0
LINE
8
BLACK
6
CONTINUOUS
10
6.1307923228346457
20
-4.229443897637795
11
6.1316628346456694
21
-4.2307466929133861
0
LINE
8
BLACK
6
CONTINUOUS
10
6.1316628346456694
20
-4.2307466929133861
11
6.1319685039370073
21
-4.2322834645669287
0
LINE
8
BLACK
6
CONTINUOUS
10
6.1319685039370073
20
-4.2322834645669287
11
6.1319685039370073
21
-4.2559055118110232
0
LINE
8
BLACK
6
CONTINUOUS
10
6.1319685039370073
20
-4.2559055118110232
11
6.1316628346456694
21
-4.2574422834645667
0
LINE
8
BLACK
6
CONTINUOUS
10
6.1316628346456694
20
-4.2574422834645667
11
6.1307923228346457
21
-4.2587450787401577
0
LINE
8
BLACK
6
CONTINUOUS
10
6.1307923228346457
20
-4.2587450787401577
11
6.1294895275590546
21
-4.2596155905511814
0
LINE
8
BLACK
6
CONTINUOUS
10
6.1294895275590546
20
-4.2596155905511814
11
6.127952755905512
21
-4.2599212598425193
0
LINE
8
BLACK
6
CONTINUOUS
10
6.127952755905512
20
-4.2599212598425193
11
6.0925196850393704
21
-4.2599212598425193
0
LINE
8
BLACK
6
CONTINUOUS
10
6.0925196850393704
20
-4.2599212598425193
11
6.0909829133858269
21
-4.2596155905511814
0
LINE
8
BLACK
6
CONTINUOUS
10
6.0909829133858269
20
-4.2596155905511814
11
6.0896801181102358
21
-4.2587450787401577
0
LINE
8
BLACK
6
CONTINUOUS
10
6.0896801181102358
20
-4.2587450787401577
11
6.0888096062992121
21
-4.2574422834645667
0
LINE
8
BLACK
6
CONTINUOUS
10
6.0888096062992121
20
-4.2574422834645667
11
6.0885039370078742
21
-4.2559055118110232
0
LINE
8
BLACK
6
CONTINUOUS
10
6.0885039370078742
20
-4.2559055118110232
11
6.0885039370078742
21
-4.2322834645669287
0
LINE
8
BLACK
6
CONTINUOUS
10
6.0885039370078742
20
-4.2322834645669287
11
6.0888096062992121
21
-4.2307466929133861
0
LINE
8
BLACK
6
CONTINUOUS
10
6.0888096062992121
20
-4.2307466929133861
11
6.0896801181102358
21
-4.229443897637795
0
LINE
8
BLACK
6
CONTINUOUS
10
6.0896801181102358
20
-4.229443897637795
11
6.0909829133858269
21
-4.2285733858267713
0
LINE
8
BLACK
6
CONTINUOUS
10
6.0909829133858269
20
-4.2285733858267713
11
6.0925196850393704
21
-4.2282677165354325
0
LINE
8
BLACK
6
CONTINUOUS
10
6.0925196850393704
20
-4.2282677165354325
11
6.127952755905512
21
-4.2282677165354325
0
LINE
8
BLACK
6
CONTINUOUS
10
6.127952755905512
20
-4.2282677165354325
11
6.1294895275590546
21
-4.2285733858267713
0
LINE
8
BLACK
6
CONTINUOUS
10
9.3630355905511813
20
-4.2132727165354327
11
9.3659094094488182
21
-4.2151929527559053
0
LINE
8
BLACK
6
CONTINUOUS
10
9.3659094094488182
20
-4.2151929527559053
11
9.3678296456692909
21
-4.2180667716535432
0
LINE
8
BLACK
6
CONTINUOUS
10
9.3678296456692909
20
-4.2180667716535432
11
9.3685039370078744
21
-4.2214566929133861
0
LINE
8
BLACK
6
CONTINUOUS
10
9.3685039370078744
20
-4.2214566929133861
11
9.3685039370078744
21
-4.2509842519685037
0
LINE
8
BLACK
6
CONTINUOUS
10
9.3685039370078744
20
-4.2509842519685037
11
9.3678296456692909
21
-4.2543741732283467
0
LINE
8
BLACK
6
CONTINUOUS
10
9.3678296456692909
20
-4.2543741732283467
11
9.3659094094488182
21
-4.2572479921259845
0
LINE
8
BLACK
6
CONTINUOUS
10
9.3659094094488182
20
-4.2572479921259845
11
9.3630355905511813
21
-4.2591682283464563
0
LINE
8
BLACK
6
CONTINUOUS
10
9.3630355905511813
20
-4.2591682283464563
11
9.3596456692913392
21
-4.2598425196850389
0
LINE
8
BLACK
6
CONTINUOUS
10
9.3596456692913392
20
-4.2598425196850389
11
9.3419291338582671
21
-4.2598425196850389
0
LINE
8
BLACK
6
CONTINUOUS
10
9.3419291338582671
20
-4.2598425196850389
11
9.338539212598425
21
-4.2591682283464563
0
LINE
8
BLACK
6
CONTINUOUS
10
9.338539212598425
20
-4.2591682283464563
11
9.3356653937007881
21
-4.2572479921259845
0
LINE
8
BLACK
6
CONTINUOUS
10
9.3356653937007881
20
-4.2572479921259845
11
9.3337451574803154
21
-4.2543741732283467
0
LINE
8
BLACK
6
CONTINUOUS
10
9.3337451574803154
20
-4.2543741732283467
11
9.3330708661417319
21
-4.2509842519685037
0
LINE
8
BLACK
6
CONTINUOUS
10
9.3330708661417319
20
-4.2509842519685037
11
9.3330708661417319
21
-4.2214566929133861
0
LINE
8
BLACK
6
CONTINUOUS
10
9.3330708661417319
20
-4.2214566929133861
11
9.3337451574803154
21
-4.2180667716535432
0
LINE
8
BLACK
6
CONTINUOUS
10
9.3337451574803154
20
-4.2180667716535432
11
9.3356653937007881
21
-4.2151929527559053
0
LINE
8
BLACK
6
CONTINUOUS
10
9.3356653937007881
20
-4.2151929527559053
11
9.338539212598425
21
-4.2132727165354327
0
LINE
8
BLACK
6
CONTINUOUS
10
9.338539212598425
20
-4.2132727165354327
11
9.3419291338582671
21
-4.21259842519685
0
LINE
8
BLACK
6
CONTINUOUS
10
9.3419291338582671
20
-4.21259842519685
11
9.3596456692913392
21
-4.21259842519685
0
LINE
8
BLACK
6
CONTINUOUS
10
9.3596456692913392
20
-4.21259842519685
11
9.3630355905511813
21
-4.2132727165354327
0
LINE
8
BLACK
6
CONTINUOUS
10
9.4929568503936999
20
-4.2132727165354327
11
9.4958306692913386
21
-4.2151929527559053
0
LINE
8
BLACK
6
CONTINUOUS
10
9.4958306692913386
20
-4.2151929527559053
11
9.4977509055118112
21
-4.2180667716535432
0
LINE
8
BLACK
6
CONTINUOUS
10
9.4977509055118112
20
-4.2180667716535432
11
9.498425196850393
21
-4.2214566929133861
0
LINE
8
BLACK
6
CONTINUOUS
10
9.498425196850393
20
-4.2214566929133861
11
9.498425196850393
21
-4.2509842519685037
0
LINE
8
BLACK
6
CONTINUOUS
10
9.498425196850393
20
-4.2509842519685037
11
9.4977509055118112
21
-4.2543741732283467
0
LINE
8
BLACK
6
CONTINUOUS
10
9.4977509055118112
20
-4.2543741732283467
11
9.4958306692913386
21
-4.2572479921259845
0
LINE
8
BLACK
6
CONTINUOUS
10
9.4958306692913386
20
-4.2572479921259845
11
9.4929568503936999
21
-4.2591682283464563
0
LINE
8
BLACK
6
CONTINUOUS
10
9.4929568503936999
20
-4.2591682283464563
11
9.4895669291338578
21
-4.2598425196850389
0
LINE
8
BLACK
6
CONTINUOUS
10
9.4895669291338578
20
-4.2598425196850389
11
9.4718503937007874
21
-4.2598425196850389
0
LINE
8
BLACK
6
CONTINUOUS
10
9.4718503937007874
20
-4.2598425196850389
11
9.4684604724409454
21
-4.2591682283464563
0
LINE
8
BLACK
6
CONTINUOUS
10
9.4684604724409454
20
-4.2591682283464563
11
9.4655866535433066
21
-4.2572479921259845
0
LINE
8
BLACK
6
CONTINUOUS
10
9.4655866535433066
20
-4.2572479921259845
11
9.463666417322834
21
-4.2543741732283467
0
LINE
8
BLACK
6
CONTINUOUS
10
9.463666417322834
20
-4.2543741732283467
11
9.4629921259842522
21
-4.2509842519685037
0
LINE
8
BLACK
6
CONTINUOUS
10
9.4629921259842522
20
-4.2509842519685037
11
9.4629921259842522
21
-4.2214566929133861
0
LINE
8
BLACK
6
CONTINUOUS
10
9.4629921259842522
20
-4.2214566929133861
11
9.463666417322834
21
-4.2180667716535432
0
LINE
8
BLACK
6
CONTINUOUS
10
9.463666417322834
20
-4.2180667716535432
11
9.4655866535433066
21
-4.2151929527559053
0
LINE
8
BLACK
6
CONTINUOUS
10
9.4655866535433066
20
-4.2151929527559053
11
9.4684604724409454
21
-4.2132727165354327
0
LINE
8
BLACK
6
CONTINUOUS
10
9.4684604724409454
20
-4.2132727165354327
11
9.4718503937007874
21
-4.21259842519685
0
LINE
8
BLACK
6
CONTINUOUS
10
9.4718503937007874
20
-4.21259842519685
11
9.4895669291338578
21
-4.21259842519685
0
LINE
8
BLACK
6
CONTINUOUS
10
9.4895669291338578
20
-4.21259842519685
11
9.4929568503936999
21
-4.2132727165354327
0
LINE
8
BLACK
6
CONTINUOUS
10
9.6697285039370069
20
-4.2132727165354327
11
9.6726023228346456
21
-4.2151929527559053
0
LINE
8
BLACK
6
CONTINUOUS
10
9.6726023228346456
20
-4.2151929527559053
11
9.6745225590551183
21
-4.2180667716535432
0
LINE
8
BLACK
6
CONTINUOUS
10
9.6745225590551183
20
-4.2180667716535432
11
9.6751968503937
21
-4.2214566929133861
0
LINE
8
BLACK
6
CONTINUOUS
10
9.6751968503937
20
-4.2214566929133861
11
9.6751968503937
21
-4.2509842519685037
0
LINE
8
BLACK
6
CONTINUOUS
10
9.6751968503937
20
-4.2509842519685037
11
9.6745225590551183
21
-4.2543741732283467
0
LINE
8
BLACK
6
CONTINUOUS
10
9.6745225590551183
20
-4.2543741732283467
11
9.6726023228346456
21
-4.2572479921259845
0
LINE
8
BLACK
6
CONTINUOUS
10
9.6726023228346456
20
-4.2572479921259845
11
9.6697285039370069
21
-4.2591682283464563
0
LINE
8
BLACK
6
CONTINUOUS
10
9.6697285039370069
20
-4.2591682283464563
11
9.6663385826771648
21
-4.2598425196850389
0
LINE
8
BLACK
6
CONTINUOUS
10
9.6663385826771648
20
-4.2598425196850389
11
9.6486220472440944
21
-4.2598425196850389
0
LINE
8
BLACK
6
CONTINUOUS
10
9.6486220472440944
20
-4.2598425196850389
11
9.6452321259842524
21
-4.2591682283464563
0
LINE
8
BLACK
6
CONTINUOUS
10
9.6452321259842524
20
-4.2591682283464563
11
9.6423583070866137
21
-4.2572479921259845
0
LINE
8
BLACK
6
CONTINUOUS
10
9.6423583070866137
20
-4.2572479921259845
11
9.640438070866141
21
-4.2543741732283467
0
LINE
8
BLACK
6
CONTINUOUS
10
9.640438070866141
20
-4.2543741732283467
11
9.6397637795275593
21
-4.2509842519685037
0
LINE
8
BLACK
6
CONTINUOUS
10
9.6397637795275593
20
-4.2509842519685037
11
9.6397637795275593
21
-4.2214566929133861
0
LINE
8
BLACK
6
CONTINUOUS
10
9.6397637795275593
20
-4.2214566929133861
11
9.640438070866141
21
-4.2180667716535432
0
LINE
8
BLACK
6
CONTINUOUS
10
9.640438070866141
20
-4.2180667716535432
11
9.6423583070866137
21
-4.2151929527559053
0
LINE
8
BLACK
6
CONTINUOUS
10
9.6423583070866137
20
-4.2151929527559053
11
9.6452321259842524
21
-4.2132727165354327
0
LINE
8
BLACK
6
CONTINUOUS
10
9.6452321259842524
20
-4.2132727165354327
11
9.6486220472440944
21
-4.21259842519685
0
LINE
8
BLACK
6
CONTINUOUS
10
9.6486220472440944
20
-4.21259842519685
11
9.6663385826771648
21
-4.21259842519685
0
LINE
8
BLACK
6
CONTINUOUS
10
9.6663385826771648
20
-4.21259842519685
11
9.6697285039370069
21
-4.2132727165354327
0
LINE
8
BLACK
6
CONTINUOUS
10
9.7996497637795272
20
-4.2132727165354327
11
9.8025235826771659
21
-4.2151929527559053
0
LINE
8
BLACK
6
CONTINUOUS
10
9.8025235826771659
20
-4.2151929527559053
11
9.8044438188976368
21
-4.2180667716535432
0
LINE
8
BLACK
6
CONTINUOUS
10
9.8044438188976368
20
-4.2180667716535432
11
9.8051181102362204
21
-4.2214566929133861
0
LINE
8
BLACK
6
CONTINUOUS
10
9.8051181102362204
20
-4.2214566929133861
11
9.8051181102362204
21
-4.2509842519685037
0
LINE
8
BLACK
6
CONTINUOUS
10
9.8051181102362204
20
-4.2509842519685037
11
9.8044438188976368
21
-4.2543741732283467
0
LINE
8
BLACK
6
CONTINUOUS
10
9.8044438188976368
20
-4.2543741732283467
11
9.8025235826771659
21
-4.2572479921259845
0
LINE
8
BLACK
6
CONTINUOUS
10
9.8025235826771659
20
-4.2572479921259845
11
9.7996497637795272
21
-4.2591682283464563
0
LINE
8
BLACK
6
CONTINUOUS
10
9.7996497637795272
20
-4.2591682283464563
11
9.7962598425196852
21
-4.2598425196850389
0
LINE
8
BLACK
6
CONTINUOUS
10
9.7962598425196852
20
-4.2598425196850389
11
9.7785433070866148
21
-4.2598425196850389
0
LINE
8
BLACK
6
CONTINUOUS
10
9.7785433070866148
20
-4.2598425196850389
11
9.775153385826771
21
-4.2591682283464563
0
LINE
8
BLACK
6
CONTINUOUS
10
9.775153385826771
20
-4.2591682283464563
11
9.772279566929134
21
-4.2572479921259845
0
LINE
8
BLACK
6
CONTINUOUS
10
9.772279566929134
20
-4.2572479921259845
11
9.7703593307086614
21
-4.2543741732283467
0
LINE
8
BLACK
6
CONTINUOUS
10
9.7703593307086614
20
-4.2543741732283467
11
9.7696850393700778
21
-4.2509842519685037
0
LINE
8
BLACK
6
CONTINUOUS
10
9.7696850393700778
20
-4.2509842519685037
11
9.7696850393700778
21
-4.2214566929133861
0
LINE
8
BLACK
6
CONTINUOUS
10
9.7696850393700778
20
-4.2214566929133861
11
9.7703593307086614
21
-4.2180667716535432
0
LINE
8
BLACK
6
CONTINUOUS
10
9.7703593307086614
20
-4.2180667716535432
11
9.772279566929134
21
-4.2151929527559053
0
LINE
8
BLACK
6
CONTINUOUS
10
9.772279566929134
20
-4.2151929527559053
11
9.775153385826771
21
-4.2132727165354327
0
LINE
8
BLACK
6
CONTINUOUS
10
9.775153385826771
20
-4.2132727165354327
11
9.7785433070866148
21
-4.21259842519685
0
LINE
8
BLACK
6
CONTINUOUS
10
9.7785433070866148
20
-4.21259842519685
11
9.7962598425196852
21
-4.21259842519685
0
LINE
8
BLACK
6
CONTINUOUS
10
9.7962598425196852
20
-4.21259842519685
11
9.7996497637795272
21
-4.2132727165354327
0
LINE
8
BLACK
6
CONTINUOUS
10
9.1876930314960621
20
-4.2248589763779529
11
9.189608897637795
21
-4.2261391338582674
0
LINE
8
BLACK
6
CONTINUOUS
10
9.189608897637795
20
-4.2261391338582674
11
9.1908890551181095
21
-4.2280550000000003
0
LINE
8
BLACK
6
CONTINUOUS
10
9.1908890551181095
20
-4.2280550000000003
11
9.1913385826771652
21
-4.2303149606299213
0
LINE
8
BLACK
6
CONTINUOUS
10
9.1913385826771652
20
-4.2303149606299213
11
9.1913385826771652
21
-4.2421259842519685
0
LINE
8
BLACK
6
CONTINUOUS
10
9.1913385826771652
20
-4.2421259842519685
11
9.1908890551181095
21
-4.2443859448818895
0
LINE
8
BLACK
6
CONTINUOUS
10
9.1908890551181095
20
-4.2443859448818895
11
9.189608897637795
21
-4.2463018110236224
0
LINE
8
BLACK
6
CONTINUOUS
10
9.189608897637795
20
-4.2463018110236224
11
9.1876930314960621
21
-4.2475819685039369
0
LINE
8
BLACK
6
CONTINUOUS
10
9.1876930314960621
20
-4.2475819685039369
11
9.1854330708661411
21
-4.2480314960629917
0
LINE
8
BLACK
6
CONTINUOUS
10
9.1854330708661411
20
-4.2480314960629917
11
9.139173228346456
21
-4.2480314960629917
0
LINE
8
BLACK
6
CONTINUOUS
10
9.139173228346456
20
-4.2480314960629917
11
9.136913267716535
21
-4.2475819685039369
0
LINE
8
BLACK
6
CONTINUOUS
10
9.136913267716535
20
-4.2475819685039369
11
9.1349974015748021
21
-4.2463018110236224
0
LINE
8
BLACK
6
CONTINUOUS
10
9.1349974015748021
20
-4.2463018110236224
11
9.1337172440944876
21
-4.2443859448818895
0
LINE
8
BLACK
6
CONTINUOUS
10
9.1337172440944876
20
-4.2443859448818895
11
9.1332677165354337
21
-4.2421259842519685
0
LINE
8
BLACK
6
CONTINUOUS
10
9.1332677165354337
20
-4.2421259842519685
11
9.1332677165354337
21
-4.2303149606299213
0
LINE
8
BLACK
6
CONTINUOUS
10
9.1332677165354337
20
-4.2303149606299213
11
9.1337172440944876
21
-4.2280550000000003
0
LINE
8
BLACK
6
CONTINUOUS
10
9.1337172440944876
20
-4.2280550000000003
11
9.1349974015748021
21
-4.2261391338582674
0
LINE
8
BLACK
6
CONTINUOUS
10
9.1349974015748021
20
-4.2261391338582674
11
9.136913267716535
21
-4.2248589763779529
0
LINE
8
BLACK
6
CONTINUOUS
10
9.136913267716535
20
-4.2248589763779529
11
9.139173228346456
21
-4.2244094488188972
0
LINE
8
BLACK
6
CONTINUOUS
10
9.139173228346456
20
-4.2244094488188972
11
9.1854330708661411
21
-4.2244094488188972
0
LINE
8
BLACK
6
CONTINUOUS
10
9.1854330708661411
20
-4.2244094488188972
11
9.1876930314960621
21
-4.2248589763779529
0
LINE
8
BLACK
6
CONTINUOUS
10
9.1138741338582676
20
-4.187457401574803
11
9.1157900000000005
21
-4.1887375590551184
0
LINE
8
BLACK
6
CONTINUOUS
10
9.1157900000000005
20
-4.1887375590551184
11
9.117070157480315
21
-4.1906534251968504
0
LINE
8
BLACK
6
CONTINUOUS
10
9.117070157480315
20
-4.1906534251968504
11
9.1175196850393707
21
-4.1929133858267713
0
LINE
8
BLACK
6
CONTINUOUS
10
9.1175196850393707
20
-4.1929133858267713
11
9.1175196850393707
21
-4.2047244094488185
0
LINE
8
BLACK
6
CONTINUOUS
10
9.1175196850393707
20
-4.2047244094488185
11
9.117070157480315
21
-4.2069843700787404
0
LINE
8
BLACK
6
CONTINUOUS
10
9.117070157480315
20
-4.2069843700787404
11
9.1157900000000005
21
-4.2089002362204724
0
LINE
8
BLACK
6
CONTINUOUS
10
9.1157900000000005
20
-4.2089002362204724
11
9.1138741338582676
21
-4.2101803937007869
0
LINE
8
BLACK
6
CONTINUOUS
10
9.1138741338582676
20
-4.2101803937007869
11
9.1116141732283467
21
-4.2106299212598426
0
LINE
8
BLACK
6
CONTINUOUS
10
9.1116141732283467
20
-4.2106299212598426
11
9.0653543307086615
21
-4.2106299212598426
0
LINE
8
BLACK
6
CONTINUOUS
10
9.0653543307086615
20
-4.2106299212598426
11
9.0630943700787405
21
-4.2101803937007869
0
LINE
8
BLACK
6
CONTINUOUS
10
9.0630943700787405
20
-4.2101803937007869
11
9.0611785039370076
21
-4.2089002362204724
0
LINE
8
BLACK
6
CONTINUOUS
10
9.0611785039370076
20
-4.2089002362204724
11
9.0598983464566931
21
-4.2069843700787404
0
LINE
8
BLACK
6
CONTINUOUS
10
9.0598983464566931
20
-4.2069843700787404
11
9.0594488188976374
21
-4.2047244094488185
0
LINE
8
BLACK
6
CONTINUOUS
10
9.0594488188976374
20
-4.2047244094488185
11
9.0594488188976374
21
-4.1929133858267713
0
LINE
8
BLACK
6
CONTINUOUS
10
9.0594488188976374
20
-4.1929133858267713
11
9.0598983464566931
21
-4.1906534251968504
0
LINE
8
BLACK
6
CONTINUOUS
10
9.0598983464566931
20
-4.1906534251968504
11
9.0611785039370076
21
-4.1887375590551184
0
LINE
8
BLACK
6
CONTINUOUS
10
9.0611785039370076
20
-4.1887375590551184
11
9.0630943700787405
21
-4.187457401574803
0
LINE
8
BLACK
6
CONTINUOUS
10
9.0630943700787405
20
-4.187457401574803
11
9.0653543307086615
21
-4.1870078740157481
0
LINE
8
BLACK
6
CONTINUOUS
10
9.0653543307086615
20
-4.1870078740157481
11
9.1116141732283467
21
-4.1870078740157481
0
LINE
8
BLACK
6
CONTINUOUS
10
9.1116141732283467
20
-4.1870078740157481
11
9.1138741338582676
21
-4.187457401574803
0
LINE
8
BLACK
6
CONTINUOUS
10
3.7598491338582676
20
-3.9917891732283466
11
3.7686624015748031
21
-3.9946527952755906
0
LINE
8
BLACK
6
CONTINUOUS
10
3.7686624015748031
20
-3.9946527952755906
11
3.776919212598425
21
-3.9988598425196851
0
LINE
8
BLACK
6
CONTINUOUS
10
3.776919212598425
20
-3.9988598425196851
11
3.784416220472441
21
-4.0043067322834647
0
LINE
8
BLACK
6
CONTINUOUS
10
3.784416220472441
20
-4.0043067322834647
11
3.7909688582677163
21
-4.01085937007874
0
LINE
8
BLACK
6
CONTINUOUS
10
3.7909688582677163
20
-4.01085937007874
11
3.796415748031496
21
-4.018356377952756
0
LINE
8
BLACK
6
CONTINUOUS
10
3.796415748031496
20
-4.018356377952756
11
3.8006227952755904
21
-4.0266131889763779
0
LINE
8
BLACK
6
CONTINUOUS
10
3.8006227952755904
20
-4.0266131889763779
11
3.8034864173228344
21
-4.035426456692913
0
LINE
8
BLACK
6
CONTINUOUS
10
3.8034864173228344
20
-4.035426456692913
11
3.8049360629921258
21
-4.044579173228346
0
LINE
8
BLACK
6
CONTINUOUS
10
3.8049360629921258
20
-4.044579173228346
11
3.8051181102362204
21
-4.0492125984251963
0
LINE
8
BLACK
6
CONTINUOUS
10
3.8051181102362204
20
-4.0492125984251963
11
3.8051181102362204
21
-4.127952755905512
0
LINE
8
BLACK
6
CONTINUOUS
10
3.8051181102362204
20
-4.127952755905512
11
3.8049360629921258
21
-4.1325861811023623
0
LINE
8
BLACK
6
CONTINUOUS
10
3.8049360629921258
20
-4.1325861811023623
11
3.8034864173228344
21
-4.1417388976377953
0
LINE
8
BLACK
6
CONTINUOUS
10
3.8034864173228344
20
-4.1417388976377953
11
3.8006227952755904
21
-4.1505521653543305
0
LINE
8
BLACK
6
CONTINUOUS
10
3.8006227952755904
20
-4.1505521653543305
11
3.796415748031496
21
-4.1588089763779523
0
LINE
8
BLACK
6
CONTINUOUS
10
3.796415748031496
20
-4.1588089763779523
11
3.7909688582677163
21
-4.1663059842519683
0
LINE
8
BLACK
6
CONTINUOUS
10
3.7909688582677163
20
-4.1663059842519683
11
3.784416220472441
21
-4.1728586220472437
0
LINE
8
BLACK
6
CONTINUOUS
10
3.784416220472441
20
-4.1728586220472437
11
3.776919212598425
21
-4.1783055118110237
0
LINE
8
BLACK
6
CONTINUOUS
10
3.776919212598425
20
-4.1783055118110237
11
3.7686624015748031
21
-4.1825125590551178
0
LINE
8
BLACK
6
CONTINUOUS
10
3.7686624015748031
20
-4.1825125590551178
11
3.7598491338582676
21
-4.1853761811023622
0
LINE
8
BLACK
6
CONTINUOUS
10
3.7598491338582676
20
-4.1853761811023622
11
3.7506964173228345
21
-4.1868258267716536
0
LINE
8
BLACK
6
CONTINUOUS
10
3.7506964173228345
20
-4.1868258267716536
11
3.741429566929134
21
-4.1868258267716536
0
LINE
8
BLACK
6
CONTINUOUS
10
3.741429566929134
20
-4.1868258267716536
11
3.7322768503937005
21
-4.1853761811023622
0
LINE
8
BLACK
6
CONTINUOUS
10
3.7322768503937005
20
-4.1853761811023622
11
3.7234635826771654
21
-4.1825125590551178
0
LINE
8
BLACK
6
CONTINUOUS
10
3.7234635826771654
20
-4.1825125590551178
11
3.7152067716535431
21
-4.1783055118110237
0
LINE
8
BLACK
6
CONTINUOUS
10
3.7152067716535431
20
-4.1783055118110237
11
3.7077097637795275
21
-4.1728586220472437
0
LINE
8
BLACK
6
CONTINUOUS
10
3.7077097637795275
20
-4.1728586220472437
11
3.7011571259842517
21
-4.1663059842519683
0
LINE
8
BLACK
6
CONTINUOUS
10
3.7011571259842517
20
-4.1663059842519683
11
3.6957102362204726
21
-4.1588089763779523
0
LINE
8
BLACK
6
CONTINUOUS
10
3.6957102362204726
20
-4.1588089763779523
11
3.6915031889763781
21
-4.1505521653543305
0
LINE
8
BLACK
6
CONTINUOUS
10
3.6915031889763781
20
-4.1505521653543305
11
3.6886395669291336
21
-4.1417388976377953
0
LINE
8
BLACK
6
CONTINUOUS
10
3.6886395669291336
20
-4.1417388976377953
11
3.6871899212598422
21
-4.1325861811023623
0
LINE
8
BLACK
6
CONTINUOUS
10
3.6871899212598422
20
-4.1325861811023623
11
3.6870078740157481
21
-4.127952755905512
0
LINE
8
BLACK
6
CONTINUOUS
10
3.6870078740157481
20
-4.127952755905512
11
3.6870078740157481
21
-4.0492125984251963
0
LINE
8
BLACK
6
CONTINUOUS
10
3.6870078740157481
20
-4.0492125984251963
11
3.6871899212598422
21
-4.044579173228346
0
LINE
8
BLACK
6
CONTINUOUS
10
3.6871899212598422
20
-4.044579173228346
11
3.6886395669291336
21
-4.035426456692913
0
LINE
8
BLACK
6
CONTINUOUS
10
3.6886395669291336
20
-4.035426456692913
11
3.6915031889763781
21
-4.0266131889763779
0
LINE
8
BLACK
6
CONTINUOUS
10
3.6915031889763781
20
-4.0266131889763779
11
3.6957102362204726
21
-4.018356377952756
0
LINE
8
BLACK
6
CONTINUOUS
10
3.6957102362204726
20
-4.018356377952756
11
3.7011571259842517
21
-4.01085937007874
0
LINE
8
BLACK
6
CONTINUOUS
10
3.7011571259842517
20
-4.01085937007874
11
3.7077097637795275
21
-4.0043067322834647
0
LINE
8
BLACK
6
CONTINUOUS
10
3.7077097637795275
20
-4.0043067322834647
11
3.7152067716535431
21
-3.9988598425196851
0
LINE
8
BLACK
6
CONTINUOUS
10
3.7152067716535431
20
-3.9988598425196851
11
3.7234635826771654
21
-3.9946527952755906
0
LINE
8
BLACK
6
CONTINUOUS
10
3.7234635826771654
20
-3.9946527952755906
11
3.7322768503937005
21
-3.9917891732283466
0
LINE
8
BLACK
6
CONTINUOUS
10
3.7322768503937005
20
-3.9917891732283466
11
3.741429566929134
21
-3.9903395275590552
0
LINE
8
BLACK
6
CONTINUOUS
10
3.741429566929134
20
-3.9903395275590552
11
3.7506964173228345
21
-3.9903395275590552
0
LINE
8
BLACK
6
CONTINUOUS
10
3.7506964173228345
20
-3.9903395275590552
11
3.7598491338582676
21
-3.9917891732283466
0
LINE
8
BLACK
6
CONTINUOUS
10
5.9483871653543305
20
-4.1104631496062991
11
5.9496899606299207
21
-4.1113336614173228
0
LINE
8
BLACK
6
CONTINUOUS
10
5.9496899606299207
20
-4.1113336614173228
11
5.9505604724409444
21
-4.112636456692913
0
LINE
8
BLACK
6
CONTINUOUS
10
5.9505604724409444
20
-4.112636456692913
11
5.9508661417322832
21
-4.1141732283464565
0
LINE
8
BLACK
6
CONTINUOUS
10
5.9508661417322832
20
-4.1141732283464565
11
5.9508661417322832
21
-4.1771653543307083
0
LINE
8
BLACK
6
CONTINUOUS
10
5.9508661417322832
20
-4.1771653543307083
11
5.9505604724409444
21
-4.1787021259842518
0
LINE
8
BLACK
6
CONTINUOUS
10
5.9505604724409444
20
-4.1787021259842518
11
5.9496899606299207
21
-4.180004921259842
0
LINE
8
BLACK
6
CONTINUOUS
10
5.9496899606299207
20
-4.180004921259842
11
5.9483871653543305
21
-4.1808754330708657
0
LINE
8
BLACK
6
CONTINUOUS
10
5.9483871653543305
20
-4.1808754330708657
11
5.9468503937007871
21
-4.1811811023622045
0
LINE
8
BLACK
6
CONTINUOUS
10
5.9468503937007871
20
-4.1811811023622045
11
5.9271653543307083
21
-4.1811811023622045
0
LINE
8
BLACK
6
CONTINUOUS
10
5.9271653543307083
20
-4.1811811023622045
11
5.9256285826771649
21
-4.1808754330708657
0
LINE
8
BLACK
6
CONTINUOUS
10
5.9256285826771649
20
-4.1808754330708657
11
5.9243257874015747
21
-4.180004921259842
0
LINE
8
BLACK
6
CONTINUOUS
10
5.9243257874015747
20
-4.180004921259842
11
5.923455275590551
21
-4.1787021259842518
0
LINE
8
BLACK
6
CONTINUOUS
10
5.923455275590551
20
-4.1787021259842518
11
5.9231496062992122
21
-4.1771653543307083
0
LINE
8
BLACK
6
CONTINUOUS
10
5.9231496062992122
20
-4.1771653543307083
11
5.9231496062992122
21
-4.1141732283464565
0
LINE
8
BLACK
6
CONTINUOUS
10
5.9231496062992122
20
-4.1141732283464565
11
5.923455275590551
21
-4.112636456692913
0
LINE
8
BLACK
6
CONTINUOUS
10
5.923455275590551
20
-4.112636456692913
11
5.9243257874015747
21
-4.1113336614173228
0
LINE
8
BLACK
6
CONTINUOUS
10
5.9243257874015747
20
-4.1113336614173228
11
5.9256285826771649
21
-4.1104631496062991
0
LINE
8
BLACK
6
CONTINUOUS
10
5.9256285826771649
20
-4.1104631496062991
11
5.9271653543307083
21
-4.1101574803149603
0
LINE
8
BLACK
6
CONTINUOUS
10
5.9271653543307083
20
-4.1101574803149603
11
5.9468503937007871
21
-4.1101574803149603
0
LINE
8
BLACK
6
CONTINUOUS
10
5.9468503937007871
20
-4.1101574803149603
11
5.9483871653543305
21
-4.1104631496062991
0
LINE
8
BLACK
6
CONTINUOUS
10
6.0113792913385824
20
-4.1104631496062991
11
6.0126820866141735
21
-4.1113336614173228
0
LINE
8
BLACK
6
CONTINUOUS
10
6.0126820866141735
20
-4.1113336614173228
11
6.0135525984251963
21
-4.112636456692913
0
LINE
8
BLACK
6
CONTINUOUS
10
6.0135525984251963
20
-4.112636456692913
11
6.0138582677165351
21
-4.1141732283464565
0
LINE
8
BLACK
6
CONTINUOUS
10
6.0138582677165351
20
-4.1141732283464565
11
6.0138582677165351
21
-4.1771653543307083
0
LINE
8
BLACK
6
CONTINUOUS
10
6.0138582677165351
20
-4.1771653543307083
11
6.0135525984251963
21
-4.1787021259842518
0
LINE
8
BLACK
6
CONTINUOUS
10
6.0135525984251963
20
-4.1787021259842518
11
6.0126820866141735
21
-4.180004921259842
0
LINE
8
BLACK
6
CONTINUOUS
10
6.0126820866141735
20
-4.180004921259842
11
6.0113792913385824
21
-4.1808754330708657
0
LINE
8
BLACK
6
CONTINUOUS
10
6.0113792913385824
20
-4.1808754330708657
11
6.0098425196850389
21
-4.1811811023622045
0
LINE
8
BLACK
6
CONTINUOUS
10
6.0098425196850389
20
-4.1811811023622045
11
5.9901574803149602
21
-4.1811811023622045
0
LINE
8
BLACK
6
CONTINUOUS
10
5.9901574803149602
20
-4.1811811023622045
11
5.9886207086614176
21
-4.1808754330708657
0
LINE
8
BLACK
6
CONTINUOUS
10
5.9886207086614176
20
-4.1808754330708657
11
5.9873179133858265
21
-4.180004921259842
0
LINE
8
BLACK
6
CONTINUOUS
10
5.9873179133858265
20
-4.180004921259842
11
5.9864474015748028
21
-4.1787021259842518
0
LINE
8
BLACK
6
CONTINUOUS
10
5.9864474015748028
20
-4.1787021259842518
11
5.986141732283464
21
-4.1771653543307083
0
LINE
8
BLACK
6
CONTINUOUS
10
5.986141732283464
20
-4.1771653543307083
11
5.986141732283464
21
-4.1141732283464565
0
LINE
8
BLACK
6
CONTINUOUS
10
5.986141732283464
20
-4.1141732283464565
11
5.9864474015748028
21
-4.112636456692913
0
LINE
8
BLACK
6
CONTINUOUS
10
5.9864474015748028
20
-4.112636456692913
11
5.9873179133858265
21
-4.1113336614173228
0
LINE
8
BLACK
6
CONTINUOUS
10
5.9873179133858265
20
-4.1113336614173228
11
5.9886207086614176
21
-4.1104631496062991
0
LINE
8
BLACK
6
CONTINUOUS
10
5.9886207086614176
20
-4.1104631496062991
11
5.9901574803149602
21
-4.1101574803149603
0
LINE
8
BLACK
6
CONTINUOUS
10
5.9901574803149602
20
-4.1101574803149603
11
6.0098425196850389
21
-4.1101574803149603
0
LINE
8
BLACK
6
CONTINUOUS
10
6.0098425196850389
20
-4.1101574803149603
11
6.0113792913385824
21
-4.1104631496062991
0
LINE
8
BLACK
6
CONTINUOUS
10
6.0743714173228343
20
-4.1104631496062991
11
6.0756742125984253
21
-4.1113336614173228
0
LINE
8
BLACK
6
CONTINUOUS
10
6.0756742125984253
20
-4.1113336614173228
11
6.076544724409449
21
-4.112636456692913
0
LINE
8
BLACK
6
CONTINUOUS
10
6.076544724409449
20
-4.112636456692913
11
6.0768503937007869
21
-4.1141732283464565
0
LINE
8
BLACK
6
CONTINUOUS
10
6.0768503937007869
20
-4.1141732283464565
11
6.0768503937007869
21
-4.1771653543307083
0
LINE
8
BLACK
6
CONTINUOUS
10
6.0768503937007869
20
-4.1771653543307083
11
6.076544724409449
21
-4.1787021259842518
0
LINE
8
BLACK
6
CONTINUOUS
10
6.076544724409449
20
-4.1787021259842518
11
6.0756742125984253
21
-4.180004921259842
0
LINE
8
BLACK
6
CONTINUOUS
10
6.0756742125984253
20
-4.180004921259842
11
6.0743714173228343
21
-4.1808754330708657
0
LINE
8
BLACK
6
CONTINUOUS
10
6.0743714173228343
20
-4.1808754330708657
11
6.0728346456692908
21
-4.1811811023622045
0
LINE
8
BLACK
6
CONTINUOUS
10
6.0728346456692908
20
-4.1811811023622045
11
6.0531496062992121
21
-4.1811811023622045
0
LINE
8
BLACK
6
CONTINUOUS
10
6.0531496062992121
20
-4.1811811023622045
11
6.0516128346456695
21
-4.1808754330708657
0
LINE
8
BLACK
6
CONTINUOUS
10
6.0516128346456695
20
-4.1808754330708657
11
6.0503100393700784
21
-4.180004921259842
0
LINE
8
BLACK
6
CONTINUOUS
10
6.0503100393700784
20
-4.180004921259842
11
6.0494395275590547
21
-4.1787021259842518
0
LINE
8
BLACK
6
CONTINUOUS
10
6.0494395275590547
20
-4.1787021259842518
11
6.0491338582677168
21
-4.1771653543307083
0
LINE
8
BLACK
6
CONTINUOUS
10
6.0491338582677168
20
-4.1771653543307083
11
6.0491338582677168
21
-4.1141732283464565
0
LINE
8
BLACK
6
CONTINUOUS
10
6.0491338582677168
20
-4.1141732283464565
11
6.0494395275590547
21
-4.112636456692913
0
LINE
8
BLACK
6
CONTINUOUS
10
6.0494395275590547
20
-4.112636456692913
11
6.0503100393700784
21
-4.1113336614173228
0
LINE
8
BLACK
6
CONTINUOUS
10
6.0503100393700784
20
-4.1113336614173228
11
6.0516128346456695
21
-4.1104631496062991
0
LINE
8
BLACK
6
CONTINUOUS
10
6.0516128346456695
20
-4.1104631496062991
11
6.0531496062992121
21
-4.1101574803149603
0
LINE
8
BLACK
6
CONTINUOUS
10
6.0531496062992121
20
-4.1101574803149603
11
6.0728346456692908
21
-4.1101574803149603
0
LINE
8
BLACK
6
CONTINUOUS
10
6.0728346456692908
20
-4.1101574803149603
11
6.0743714173228343
21
-4.1104631496062991
0
LINE
8
BLACK
6
CONTINUOUS
10
9.1138741338582676
20
-4.0801739370078742
11
9.1157900000000005
21
-4.0814540944881887
0
LINE
8
BLACK
6
CONTINUOUS
10
9.1157900000000005
20
-4.0814540944881887
11
9.117070157480315
21
-4.0833699606299207
0
LINE
8
BLACK
6
CONTINUOUS
10
9.117070157480315
20
-4.0833699606299207
11
9.1175196850393707
21
-4.0856299212598426
0
LINE
8
BLACK
6
CONTINUOUS
10
9.1175196850393707
20
-4.0856299212598426
11
9.1175196850393707
21
-4.0974409448818898
0
LINE
8
BLACK
6
CONTINUOUS
10
9.1175196850393707
20
-4.0974409448818898
11
9.117070157480315
21
-4.0997009055118108
0
LINE
8
BLACK
6
CONTINUOUS
10
9.117070157480315
20
-4.0997009055118108
11
9.1157900000000005
21
-4.1016167716535428
0
LINE
8
BLACK
6
CONTINUOUS
10
9.1157900000000005
20
-4.1016167716535428
11
9.1138741338582676
21
-4.1028969291338582
0
LINE
8
BLACK
6
CONTINUOUS
10
9.1138741338582676
20
-4.1028969291338582
11
9.1116141732283467
21
-4.103346456692913
0
LINE
8
BLACK
6
CONTINUOUS
10
9.1116141732283467
20
-4.103346456692913
11
9.0653543307086615
21
-4.103346456692913
0
LINE
8
BLACK
6
CONTINUOUS
10
9.0653543307086615
20
-4.103346456692913
11
9.0630943700787405
21
-4.1028969291338582
0
LINE
8
BLACK
6
CONTINUOUS
10
9.0630943700787405
20
-4.1028969291338582
11
9.0611785039370076
21
-4.1016167716535428
0
LINE
8
BLACK
6
CONTINUOUS
10
9.0611785039370076
20
-4.1016167716535428
11
9.0598983464566931
21
-4.0997009055118108
0
LINE
8
BLACK
6
CONTINUOUS
10
9.0598983464566931
20
-4.0997009055118108
11
9.0594488188976374
21
-4.0974409448818898
0
LINE
8
BLACK
6
CONTINUOUS
10
9.0594488188976374
20
-4.0974409448818898
11
9.0594488188976374
21
-4.0856299212598426
0
LINE
8
BLACK
6
CONTINUOUS
10
9.0594488188976374
20
-4.0856299212598426
11
9.0598983464566931
21
-4.0833699606299207
0
LINE
8
BLACK
6
CONTINUOUS
10
9.0598983464566931
20
-4.0833699606299207
11
9.0611785039370076
21
-4.0814540944881887
0
LINE
8
BLACK
6
CONTINUOUS
10
9.0611785039370076
20
-4.0814540944881887
11
9.0630943700787405
21
-4.0801739370078742
0
LINE
8
BLACK
6
CONTINUOUS
10
9.0630943700787405
20
-4.0801739370078742
11
9.0653543307086615
21
-4.0797244094488185
0
LINE
8
BLACK
6
CONTINUOUS
10
9.0653543307086615
20
-4.0797244094488185
11
9.1116141732283467
21
-4.0797244094488185
0
LINE
8
BLACK
6
CONTINUOUS
10
9.1116141732283467
20
-4.0797244094488185
11
9.1138741338582676
21
-4.0801739370078742
0
LINE
8
BLACK
6
CONTINUOUS
10
9.1876930314960621
20
-4.0427723622047242
11
9.189608897637795
21
-4.0440525196850396
0
LINE
8
BLACK
6
CONTINUOUS
10
9.189608897637795
20
-4.0440525196850396
11
9.1908890551181095
21
-4.0459683858267717
0
LINE
8
BLACK
6
CONTINUOUS
10
9.1908890551181095
20
-4.0459683858267717
11
9.1913385826771652
21
-4.0482283464566926
0
LINE
8
BLACK
6
CONTINUOUS
10
9.1913385826771652
20
-4.0482283464566926
11
9.1913385826771652
21
-4.0600393700787398
0
LINE
8
BLACK
6
CONTINUOUS
10
9.1913385826771652
20
-4.0600393700787398
11
9.1908890551181095
21
-4.0622993307086617
0
LINE
8
BLACK
6
CONTINUOUS
10
9.1908890551181095
20
-4.0622993307086617
11
9.189608897637795
21
-4.0642151968503937
0
LINE
8
BLACK
6
CONTINUOUS
10
9.189608897637795
20
-4.0642151968503937
11
9.1876930314960621
21
-4.0654953543307082
0
LINE
8
BLACK
6
CONTINUOUS
10
9.1876930314960621
20
-4.0654953543307082
11
9.1854330708661411
21
-4.0659448818897639
0
LINE
8
BLACK
6
CONTINUOUS
10
9.1854330708661411
20
-4.0659448818897639
11
9.139173228346456
21
-4.0659448818897639
0
LINE
8
BLACK
6
CONTINUOUS
10
9.139173228346456
20
-4.0659448818897639
11
9.136913267716535
21
-4.0654953543307082
0
LINE
8
BLACK
6
CONTINUOUS
10
9.136913267716535
20
-4.0654953543307082
11
9.1349974015748021
21
-4.0642151968503937
0
LINE
8
BLACK
6
CONTINUOUS
10
9.1349974015748021
20
-4.0642151968503937
11
9.1337172440944876
21
-4.0622993307086617
0
LINE
8
BLACK
6
CONTINUOUS
10
9.1337172440944876
20
-4.0622993307086617
11
9.1332677165354337
21
-4.0600393700787398
0
LINE
8
BLACK
6
CONTINUOUS
10
9.1332677165354337
20
-4.0600393700787398
11
9.1332677165354337
21
-4.0482283464566926
0
LINE
8
BLACK
6
CONTINUOUS
10
9.1332677165354337
20
-4.0482283464566926
11
9.1337172440944876
21
-4.0459683858267717
0
LINE
8
BLACK
6
CONTINUOUS
10
9.1337172440944876
20
-4.0459683858267717
11
9.1349974015748021
21
-4.0440525196850396
0
LINE
8
BLACK
6
CONTINUOUS
10
9.1349974015748021
20
-4.0440525196850396
11
9.136913267716535
21
-4.0427723622047242
0
LINE
8
BLACK
6
CONTINUOUS
10
9.136913267716535
20
-4.0427723622047242
11
9.139173228346456
21
-4.0423228346456694
0
LINE
8
BLACK
6
CONTINUOUS
10
9.139173228346456
20
-4.0423228346456694
11
9.1854330708661411
21
-4.0423228346456694
0
LINE
8
BLACK
6
CONTINUOUS
10
9.1854330708661411
20
-4.0423228346456694
11
9.1876930314960621
21
-4.0427723622047242
0
LINE
8
BLACK
6
CONTINUOUS
10
4.4795341732283465
20
-3.8047812992125984
11
4.4883474409448816
21
-3.8076449212598424
0
LINE
8
BLACK
6
CONTINUOUS
10
4.4883474409448816
20
-3.8076449212598424
11
4.4966042519685034
21
-3.8118519685039369
0
LINE
8
BLACK
6
CONTINUOUS
10
4.4966042519685034
20
-3.8118519685039369
11
4.5041012598425194
21
-3.8172988582677165
0
LINE
8
BLACK
6
CONTINUOUS
10
4.5041012598425194
20
-3.8172988582677165
11
4.5106538976377948
21
-3.8238514960629919
0
LINE
8
BLACK
6
CONTINUOUS
10
4.5106538976377948
20
-3.8238514960629919
11
4.5161007874015748
21
-3.8313485039370079
0
LINE
8
BLACK
6
CONTINUOUS
10
4.5161007874015748
20
-3.8313485039370079
11
4.5203078346456689
21
-3.8396053149606297
0
LINE
8
BLACK
6
CONTINUOUS
10
4.5203078346456689
20
-3.8396053149606297
11
4.5231714566929133
21
-3.8484185826771653
0
LINE
8
BLACK
6
CONTINUOUS
10
4.5231714566929133
20
-3.8484185826771653
11
4.5246211023622047
21
-3.8575712992125983
0
LINE
8
BLACK
6
CONTINUOUS
10
4.5246211023622047
20
-3.8575712992125983
11
4.5248031496062993
21
-3.8622047244094486
0
LINE
8
BLACK
6
CONTINUOUS
10
4.5248031496062993
20
-3.8622047244094486
11
4.5248031496062993
21
-3.8818897637795273
0
LINE
8
BLACK
6
CONTINUOUS
10
4.5248031496062993
20
-3.8818897637795273
11
5.5258642519685042
21
-3.8818897637795273
0
LINE
8
BLACK
6
CONTINUOUS
10
5.5258642519685042
20
-3.8818897637795273
11
5.5285035826771649
21
-3.8826647637795273
0
LINE
8
BLACK
6
CONTINUOUS
10
5.5285035826771649
20
-3.8826647637795273
11
5.528889291338583
21
-3.8829399606299213
0
LINE
8
BLACK
6
CONTINUOUS
10
5.528889291338583
20
-3.8829399606299213
11
5.6771653543307083
21
-3.9999999606299212
0
LINE
8
BLACK
6
CONTINUOUS
10
5.6771653543307083
20
-3.9999999606299212
11
5.6771653937007871
21
-4.
0
LINE
8
BLACK
6
CONTINUOUS
10
5.6771653937007871
20
-4.
11
5.8995275590551177
21
-4.
0
LINE
8
BLACK
6
CONTINUOUS
10
5.8995275590551177
20
-4.
11
5.8995275590551177
21
-3.9881889763779528
0
LINE
8
BLACK
6
CONTINUOUS
10
5.8995275590551177
20
-3.9881889763779528
11
5.8998332283464565
21
-3.9866522047244093
0
LINE
8
BLACK
6
CONTINUOUS
10
5.8998332283464565
20
-3.9866522047244093
11
5.9007037401574802
21
-3.9853494094488187
0
LINE
8
BLACK
6
CONTINUOUS
10
5.9007037401574802
20
-3.9853494094488187
11
5.9020065354330704
21
-3.9844788976377954
0
LINE
8
BLACK
6
CONTINUOUS
10
5.9020065354330704
20
-3.9844788976377954
11
5.9035433070866139
21
-3.9841732283464566
0
LINE
8
BLACK
6
CONTINUOUS
10
5.9035433070866139
20
-3.9841732283464566
11
5.9744094488188972
21
-3.9841732283464566
0
LINE
8
BLACK
6
CONTINUOUS
10
5.9744094488188972
20
-3.9841732283464566
11
5.9759462204724407
21
-3.9844788976377954
0
LINE
8
BLACK
6
CONTINUOUS
10
5.9759462204724407
20
-3.9844788976377954
11
5.9772490157480318
21
-3.9853494094488187
0
LINE
8
BLACK
6
CONTINUOUS
10
5.9772490157480318
20
-3.9853494094488187
11
5.9781195275590546
21
-3.9866522047244093
0
LINE
8
BLACK
6
CONTINUOUS
10
5.9781195275590546
20
-3.9866522047244093
11
5.9784251968503934
21
-3.9881889763779528
0
LINE
8
BLACK
6
CONTINUOUS
10
5.9784251968503934
20
-3.9881889763779528
11
5.9784251968503934
21
-4.0551181102362204
0
LINE
8
BLACK
6
CONTINUOUS
10
5.9784251968503934
20
-4.0551181102362204
11
5.9781195275590546
21
-4.0566548818897639
0
LINE
8
BLACK
6
CONTINUOUS
10
5.9781195275590546
20
-4.0566548818897639
11
5.9772490157480318
21
-4.057957677165354
0
LINE
8
BLACK
6
CONTINUOUS
10
5.9772490157480318
20
-4.057957677165354
11
5.9759462204724407
21
-4.0588281889763778
0
LINE
8
BLACK
6
CONTINUOUS
10
5.9759462204724407
20
-4.0588281889763778
11
5.9744094488188972
21
-4.0591338582677166
0
LINE
8
BLACK
6
CONTINUOUS
10
5.9744094488188972
20
-4.0591338582677166
11
5.9035433070866139
21
-4.0591338582677166
0
LINE
8
BLACK
6
CONTINUOUS
10
5.9035433070866139
20
-4.0591338582677166
11
5.9020065354330704
21
-4.0588281889763778
0
LINE
8
BLACK
6
CONTINUOUS
10
5.9020065354330704
20
-4.0588281889763778
11
5.9007037401574802
21
-4.057957677165354
0
LINE
8
BLACK
6
CONTINUOUS
10
5.9007037401574802
20
-4.057957677165354
11
5.8998332283464565
21
-4.0566548818897639
0
LINE
8
BLACK
6
CONTINUOUS
10
5.8998332283464565
20
-4.0566548818897639
11
5.8995275590551177
21
-4.0551181102362204
0
LINE
8
BLACK
6
CONTINUOUS
10
5.8995275590551177
20
-4.0551181102362204
11
5.6316727165354328
21
-4.0551181102362204
0
LINE
8
BLACK
6
CONTINUOUS
10
5.6316727165354328
20
-4.0551181102362204
11
5.6290333858267712
21
-4.0543431102362204
0
LINE
8
BLACK
6
CONTINUOUS
10
5.6290333858267712
20
-4.0543431102362204
11
5.6285692519685036
21
-4.0540046850393701
0
LINE
8
BLACK
6
CONTINUOUS
10
5.6285692519685036
20
-4.0540046850393701
11
5.4960629921259843
21
-3.9448818897637796
0
LINE
8
BLACK
6
CONTINUOUS
10
5.4960629921259843
20
-3.9448818897637796
11
4.5248031496062993
21
-3.9448818897637796
0
LINE
8
BLACK
6
CONTINUOUS
10
4.5248031496062993
20
-3.9448818897637796
11
4.5248031496062993
21
-4.
0
LINE
8
BLACK
6
CONTINUOUS
10
4.5248031496062993
20
-4.
11
4.5246211023622047
21
-4.0046334251968503
0
LINE
8
BLACK
6
CONTINUOUS
10
4.5246211023622047
20
-4.0046334251968503
11
4.5231714566929133
21
-4.0137861417322833
0
LINE
8
BLACK
6
CONTINUOUS
10
4.5231714566929133
20
-4.0137861417322833
11
4.5203078346456689
21
-4.0225994094488184
0
LINE
8
BLACK
6
CONTINUOUS
10
4.5203078346456689
20
-4.0225994094488184
11
4.5161007874015748
21
-4.0308562204724412
0
LINE
8
BLACK
6
CONTINUOUS
10
4.5161007874015748
20
-4.0308562204724412
11
4.5106538976377948
21
-4.0383532283464563
0
LINE
8
BLACK
6
CONTINUOUS
10
4.5106538976377948
20
-4.0383532283464563
11
4.5041012598425194
21
-4.0449058661417325
0
LINE
8
BLACK
6
CONTINUOUS
10
4.5041012598425194
20
-4.0449058661417325
11
4.4966042519685034
21
-4.0503527559055117
0
LINE
8
BLACK
6
CONTINUOUS
10
4.4966042519685034
20
-4.0503527559055117
11
4.4883474409448816
21
-4.0545598031496066
0
LINE
8
BLACK
6
CONTINUOUS
10
4.4883474409448816
20
-4.0545598031496066
11
4.4795341732283465
21
-4.0574234251968502
0
LINE
8
BLACK
6
CONTINUOUS
10
4.4795341732283465
20
-4.0574234251968502
11
4.4703814566929134
21
-4.0588730708661416
0
LINE
8
BLACK
6
CONTINUOUS
10
4.4703814566929134
20
-4.0588730708661416
11
4.4611146062992129
21
-4.0588730708661416
0
LINE
8
BLACK
6
CONTINUOUS
10
4.4611146062992129
20
-4.0588730708661416
11
4.4519618897637798
21
-4.0574234251968502
0
LINE
8
BLACK
6
CONTINUOUS
10
4.4519618897637798
20
-4.0574234251968502
11
4.4431486220472438
21
-4.0545598031496066
0
LINE
8
BLACK
6
CONTINUOUS
10
4.4431486220472438
20
-4.0545598031496066
11
4.434891811023622
21
-4.0503527559055117
0
LINE
8
BLACK
6
CONTINUOUS
10
4.434891811023622
20
-4.0503527559055117
11
4.427394803149606
21
-4.0449058661417325
0
LINE
8
BLACK
6
CONTINUOUS
10
4.427394803149606
20
-4.0449058661417325
11
4.4208421653543306
21
-4.0383532283464563
0
LINE
8
BLACK
6
CONTINUOUS
10
4.4208421653543306
20
-4.0383532283464563
11
4.4153952755905514
21
-4.0308562204724412
0
LINE
8
BLACK
6
CONTINUOUS
10
4.4153952755905514
20
-4.0308562204724412
11
4.4111882283464565
21
-4.0225994094488184
0
LINE
8
BLACK
6
CONTINUOUS
10
4.4111882283464565
20
-4.0225994094488184
11
4.4083246062992121
21
-4.0137861417322833
0
LINE
8
BLACK
6
CONTINUOUS
10
4.4083246062992121
20
-4.0137861417322833
11
4.4068749606299216
21
-4.0046334251968503
0
LINE
8
BLACK
6
CONTINUOUS
10
4.4068749606299216
20
-4.0046334251968503
11
4.406692913385827
21
-4.
0
LINE
8
BLACK
6
CONTINUOUS
10
4.406692913385827
20
-4.
11
4.406692913385827
21
-3.8622047244094486
0
LINE
8
BLACK
6
CONTINUOUS
10
4.406692913385827
20
-3.8622047244094486
11
4.4068749606299216
21
-3.8575712992125983
0
LINE
8
BLACK
6
CONTINUOUS
10
4.4068749606299216
20
-3.8575712992125983
11
4.4083246062992121
21
-3.8484185826771653
0
LINE
8
BLACK
6
CONTINUOUS
10
4.4083246062992121
20
-3.8484185826771653
11
4.4111882283464565
21
-3.8396053149606297
0
LINE
8
BLACK
6
CONTINUOUS
10
4.4111882283464565
20
-3.8396053149606297
11
4.4153952755905514
21
-3.8313485039370079
0
LINE
8
BLACK
6
CONTINUOUS
10
4.4153952755905514
20
-3.8313485039370079
11
4.4208421653543306
21
-3.8238514960629919
0
LINE
8
BLACK
6
CONTINUOUS
10
4.4208421653543306
20
-3.8238514960629919
11
4.427394803149606
21
-3.8172988582677165
0
LINE
8
BLACK
6
CONTINUOUS
10
4.427394803149606
20
-3.8172988582677165
11
4.434891811023622
21
-3.8118519685039369
0
LINE
8
BLACK
6
CONTINUOUS
10
4.434891811023622
20
-3.8118519685039369
11
4.4431486220472438
21
-3.8076449212598424
0
LINE
8
BLACK
6
CONTINUOUS
10
4.4431486220472438
20
-3.8076449212598424
11
4.4519618897637798
21
-3.8047812992125984
0
LINE
8
BLACK
6
CONTINUOUS
10
4.4519618897637798
20
-3.8047812992125984
11
4.4611146062992129
21
-3.803331653543307
0
LINE
8
BLACK
6
CONTINUOUS
10
4.4611146062992129
20
-3.803331653543307
11
4.4703814566929134
21
-3.803331653543307
0
LINE
8
BLACK
6
CONTINUOUS
10
4.4703814566929134
20
-3.803331653543307
11
4.4795341732283465
21
-3.8047812992125984
0
LINE
8
BLACK
6
CONTINUOUS
10
6.094056456692913
20
-3.9844788976377954
11
6.095359251968504
21
-3.9853494094488187
0
LINE
8
BLACK
6
CONTINUOUS
10
6.095359251968504
20
-3.9853494094488187
11
6.0962297637795277
21
-3.9866522047244093
0
LINE
8
BLACK
6
CONTINUOUS
10
6.0962297637795277
20
-3.9866522047244093
11
6.0965354330708657
21
-3.9881889763779528
0
LINE
8
BLACK
6
CONTINUOUS
10
6.0965354330708657
20
-3.9881889763779528
11
6.0965354330708657
21
-4.0551181102362204
0
LINE
8
BLACK
6
CONTINUOUS
10
6.0965354330708657
20
-4.0551181102362204
11
6.0962297637795277
21
-4.0566548818897639
0
LINE
8
BLACK
6
CONTINUOUS
10
6.0962297637795277
20
-4.0566548818897639
11
6.095359251968504
21
-4.057957677165354
0
LINE
8
BLACK
6
CONTINUOUS
10
6.095359251968504
20
-4.057957677165354
11
6.094056456692913
21
-4.0588281889763778
0
LINE
8
BLACK
6
CONTINUOUS
10
6.094056456692913
20
-4.0588281889763778
11
6.0925196850393704
21
-4.0591338582677166
0
LINE
8
BLACK
6
CONTINUOUS
10
6.0925196850393704
20
-4.0591338582677166
11
6.0216535433070861
21
-4.0591338582677166
0
LINE
8
BLACK
6
CONTINUOUS
10
6.0216535433070861
20
-4.0591338582677166
11
6.0201167716535435
21
-4.0588281889763778
0
LINE
8
BLACK
6
CONTINUOUS
10
6.0201167716535435
20
-4.0588281889763778
11
6.0188139763779525
21
-4.057957677165354
0
LINE
8
BLACK
6
CONTINUOUS
10
6.0188139763779525
20
-4.057957677165354
11
6.0179434645669287
21
-4.0566548818897639
0
LINE
8
BLACK
6
CONTINUOUS
10
6.0179434645669287
20
-4.0566548818897639
11
6.0176377952755908
21
-4.0551181102362204
0
LINE
8
BLACK
6
CONTINUOUS
10
6.0176377952755908
20
-4.0551181102362204
11
6.0176377952755908
21
-3.9881889763779528
0
LINE
8
BLACK
6
CONTINUOUS
10
6.0176377952755908
20
-3.9881889763779528
11
6.0179434645669287
21
-3.9866522047244093
0
LINE
8
BLACK
6
CONTINUOUS
10
6.0179434645669287
20
-3.9866522047244093
11
6.0188139763779525
21
-3.9853494094488187
0
LINE
8
BLACK
6
CONTINUOUS
10
6.0188139763779525
20
-3.9853494094488187
11
6.0201167716535435
21
-3.9844788976377954
0
LINE
8
BLACK
6
CONTINUOUS
10
6.0201167716535435
20
-3.9844788976377954
11
6.0216535433070861
21
-3.9841732283464566
0
LINE
8
BLACK
6
CONTINUOUS
10
6.0216535433070861
20
-3.9841732283464566
11
6.0925196850393704
21
-3.9841732283464566
0
LINE
8
BLACK
6
CONTINUOUS
10
6.0925196850393704
20
-3.9841732283464566
11
6.094056456692913
21
-3.9844788976377954
0
LINE
8
BLACK
6
CONTINUOUS
10
9.3630355905511813
20
-4.0026427952755901
11
9.3659094094488182
21
-4.0045630314960627
0
LINE
8
BLACK
6
CONTINUOUS
10
9.3659094094488182
20
-4.0045630314960627
11
9.3678296456692909
21
-4.0074368503937006
0
LINE
8
BLACK
6
CONTINUOUS
10
9.3678296456692909
20
-4.0074368503937006
11
9.3685039370078744
21
-4.0108267716535435
0
LINE
8
BLACK
6
CONTINUOUS
10
9.3685039370078744
20
-4.0108267716535435
11
9.3685039370078744
21
-4.0403543307086611
0
LINE
8
BLACK
6
CONTINUOUS
10
9.3685039370078744
20
-4.0403543307086611
11
9.3678296456692909
21
-4.0437442519685041
0
LINE
8
BLACK
6
CONTINUOUS
10
9.3678296456692909
20
-4.0437442519685041
11
9.3659094094488182
21
-4.0466180708661419
0
LINE
8
BLACK
6
CONTINUOUS
10
9.3659094094488182
20
-4.0466180708661419
11
9.3630355905511813
21
-4.0485383070866137
0
LINE
8
BLACK
6
CONTINUOUS
10
9.3630355905511813
20
-4.0485383070866137
11
9.3596456692913392
21
-4.0492125984251963
0
LINE
8
BLACK
6
CONTINUOUS
10
9.3596456692913392
20
-4.0492125984251963
11
9.3419291338582671
21
-4.0492125984251963
0
LINE
8
BLACK
6
CONTINUOUS
10
9.3419291338582671
20
-4.0492125984251963
11
9.338539212598425
21
-4.0485383070866137
0
LINE
8
BLACK
6
CONTINUOUS
10
9.338539212598425
20
-4.0485383070866137
11
9.3356653937007881
21
-4.0466180708661419
0
LINE
8
BLACK
6
CONTINUOUS
10
9.3356653937007881
20
-4.0466180708661419
11
9.3337451574803154
21
-4.0437442519685041
0
LINE
8
BLACK
6
CONTINUOUS
10
9.3337451574803154
20
-4.0437442519685041
11
9.3330708661417319
21
-4.0403543307086611
0
LINE
8
BLACK
6
CONTINUOUS
10
9.3330708661417319
20
-4.0403543307086611
11
9.3330708661417319
21
-4.0108267716535435
0
LINE
8
BLACK
6
CONTINUOUS
10
9.3330708661417319
20
-4.0108267716535435
11
9.3337451574803154
21
-4.0074368503937006
0
LINE
8
BLACK
6
CONTINUOUS
10
9.3337451574803154
20
-4.0074368503937006
11
9.3356653937007881
21
-4.0045630314960627
0
LINE
8
BLACK
6
CONTINUOUS
10
9.3356653937007881
20
-4.0045630314960627
11
9.338539212598425
21
-4.0026427952755901
0
LINE
8
BLACK
6
CONTINUOUS
10
9.338539212598425
20
-4.0026427952755901
11
9.3419291338582671
21
-4.0019685039370074
0
LINE
8
BLACK
6
CONTINUOUS
10
9.3419291338582671
20
-4.0019685039370074
11
9.3596456692913392
21
-4.0019685039370074
0
LINE
8
BLACK
6
CONTINUOUS
10
9.3596456692913392
20
-4.0019685039370074
11
9.3630355905511813
21
-4.0026427952755901
0
LINE
8
BLACK
6
CONTINUOUS
10
9.4929568503936999
20
-4.0026427952755901
11
9.4958306692913386
21
-4.0045630314960627
0
LINE
8
BLACK
6
CONTINUOUS
10
9.4958306692913386
20
-4.0045630314960627
11
9.4977509055118112
21
-4.0074368503937006
0
LINE
8
BLACK
6
CONTINUOUS
10
9.4977509055118112
20
-4.0074368503937006
11
9.498425196850393
21
-4.0108267716535435
0
LINE
8
BLACK
6
CONTINUOUS
10
9.498425196850393
20
-4.0108267716535435
11
9.498425196850393
21
-4.0403543307086611
0
LINE
8
BLACK
6
CONTINUOUS
10
9.498425196850393
20
-4.0403543307086611
11
9.4977509055118112
21
-4.0437442519685041
0
LINE
8
BLACK
6
CONTINUOUS
10
9.4977509055118112
20
-4.0437442519685041
11
9.4958306692913386
21
-4.0466180708661419
0
LINE
8
BLACK
6
CONTINUOUS
10
9.4958306692913386
20
-4.0466180708661419
11
9.4929568503936999
21
-4.0485383070866137
0
LINE
8
BLACK
6
CONTINUOUS
10
9.4929568503936999
20
-4.0485383070866137
11
9.4895669291338578
21
-4.0492125984251963
0
LINE
8
BLACK
6
CONTINUOUS
10
9.4895669291338578
20
-4.0492125984251963
11
9.4718503937007874
21
-4.0492125984251963
0
LINE
8
BLACK
6
CONTINUOUS
10
9.4718503937007874
20
-4.0492125984251963
11
9.4684604724409454
21
-4.0485383070866137
0
LINE
8
BLACK
6
CONTINUOUS
10
9.4684604724409454
20
-4.0485383070866137
11
9.4655866535433066
21
-4.0466180708661419
0
LINE
8
BLACK
6
CONTINUOUS
10
9.4655866535433066
20
-4.0466180708661419
11
9.463666417322834
21
-4.0437442519685041
0
LINE
8
BLACK
6
CONTINUOUS
10
9.463666417322834
20
-4.0437442519685041
11
9.4629921259842522
21
-4.0403543307086611
0
LINE
8
BLACK
6
CONTINUOUS
10
9.4629921259842522
20
-4.0403543307086611
11
9.4629921259842522
21
-4.0108267716535435
0
LINE
8
BLACK
6
CONTINUOUS
10
9.4629921259842522
20
-4.0108267716535435
11
9.463666417322834
21
-4.0074368503937006
0
LINE
8
BLACK
6
CONTINUOUS
10
9.463666417322834
20
-4.0074368503937006
11
9.4655866535433066
21
-4.0045630314960627
0
LINE
8
BLACK
6
CONTINUOUS
10
9.4655866535433066
20
-4.0045630314960627
11
9.4684604724409454
21
-4.0026427952755901
0
LINE
8
BLACK
6
CONTINUOUS
10
9.4684604724409454
20
-4.0026427952755901
11
9.4718503937007874
21
-4.0019685039370074
0
LINE
8
BLACK
6
CONTINUOUS
10
9.4718503937007874
20
-4.0019685039370074
11
9.4895669291338578
21
-4.0019685039370074
0
LINE
8
BLACK
6
CONTINUOUS
10
9.4895669291338578
20
-4.0019685039370074
11
9.4929568503936999
21
-4.0026427952755901
0
LINE
8
BLACK
6
CONTINUOUS
10
9.6697285039370069
20
-4.0026427952755901
11
9.6726023228346456
21
-4.0045630314960627
0
LINE
8
BLACK
6
CONTINUOUS
10
9.6726023228346456
20
-4.0045630314960627
11
9.6745225590551183
21
-4.0074368503937006
0
LINE
8
BLACK
6
CONTINUOUS
10
9.6745225590551183
20
-4.0074368503937006
11
9.6751968503937
21
-4.0108267716535435
0
LINE
8
BLACK
6
CONTINUOUS
10
9.6751968503937
20
-4.0108267716535435
11
9.6751968503937
21
-4.0403543307086611
0
LINE
8
BLACK
6
CONTINUOUS
10
9.6751968503937
20
-4.0403543307086611
11
9.6745225590551183
21
-4.0437442519685041
0
LINE
8
BLACK
6
CONTINUOUS
10
9.6745225590551183
20
-4.0437442519685041
11
9.6726023228346456
21
-4.0466180708661419
0
LINE
8
BLACK
6
CONTINUOUS
10
9.6726023228346456
20
-4.0466180708661419
11
9.6697285039370069
21
-4.0485383070866137
0
LINE
8
BLACK
6
CONTINUOUS
10
9.6697285039370069
20
-4.0485383070866137
11
9.6663385826771648
21
-4.0492125984251963
0
LINE
8
BLACK
6
CONTINUOUS
10
9.6663385826771648
20
-4.0492125984251963
11
9.6486220472440944
21
-4.0492125984251963
0
LINE
8
BLACK
6
CONTINUOUS
10
9.6486220472440944
20
-4.0492125984251963
11
9.6452321259842524
21
-4.0485383070866137
0
LINE
8
BLACK
6
CONTINUOUS
10
9.6452321259842524
20
-4.0485383070866137
11
9.6423583070866137
21
-4.0466180708661419
0
LINE
8
BLACK
6
CONTINUOUS
10
9.6423583070866137
20
-4.0466180708661419
11
9.640438070866141
21
-4.0437442519685041
0
LINE
8
BLACK
6
CONTINUOUS
10
9.640438070866141
20
-4.0437442519685041
11
9.6397637795275593
21
-4.0403543307086611
0
LINE
8
BLACK
6
CONTINUOUS
10
9.6397637795275593
20
-4.0403543307086611
11
9.6397637795275593
21
-4.0108267716535435
0
LINE
8
BLACK
6
CONTINUOUS
10
9.6397637795275593
20
-4.0108267716535435
11
9.640438070866141
21
-4.0074368503937006
0
LINE
8
BLACK
6
CONTINUOUS
10
9.640438070866141
20
-4.0074368503937006
11
9.6423583070866137
21
-4.0045630314960627
0
LINE
8
BLACK
6
CONTINUOUS
10
9.6423583070866137
20
-4.0045630314960627
11
9.6452321259842524
21
-4.0026427952755901
0
LINE
8
BLACK
6
CONTINUOUS
10
9.6452321259842524
20
-4.0026427952755901
11
9.6486220472440944
21
-4.0019685039370074
0
LINE
8
BLACK
6
CONTINUOUS
10
9.6486220472440944
20
-4.0019685039370074
11
9.6663385826771648
21
-4.0019685039370074
0
LINE
8
BLACK
6
CONTINUOUS
10
9.6663385826771648
20
-4.0019685039370074
11
9.6697285039370069
21
-4.0026427952755901
0
LINE
8
BLACK
6
CONTINUOUS
10
9.7996497637795272
20
-4.0026427952755901
11
9.8025235826771659
21
-4.0045630314960627
0
LINE
8
BLACK
6
CONTINUOUS
10
9.8025235826771659
20
-4.0045630314960627
11
9.8044438188976368
21
-4.0074368503937006
0
LINE
8
BLACK
6
CONTINUOUS
10
9.8044438188976368
20
-4.0074368503937006
11
9.8051181102362204
21
-4.0108267716535435
0
LINE
8
BLACK
6
CONTINUOUS
10
9.8051181102362204
20
-4.0108267716535435
11
9.8051181102362204
21
-4.0403543307086611
0
LINE
8
BLACK
6
CONTINUOUS
10
9.8051181102362204
20
-4.0403543307086611
11
9.8044438188976368
21
-4.0437442519685041
0
LINE
8
BLACK
6
CONTINUOUS
10
9.8044438188976368
20
-4.0437442519685041
11
9.8025235826771659
21
-4.0466180708661419
0
LINE
8
BLACK
6
CONTINUOUS
10
9.8025235826771659
20
-4.0466180708661419
11
9.7996497637795272
21
-4.0485383070866137
0
LINE
8
BLACK
6
CONTINUOUS
10
9.7996497637795272
20
-4.0485383070866137
11
9.7962598425196852
21
-4.0492125984251963
0
LINE
8
BLACK
6
CONTINUOUS
10
9.7962598425196852
20
-4.0492125984251963
11
9.7785433070866148
21
-4.0492125984251963
0
LINE
8
BLACK
6
CONTINUOUS
10
9.7785433070866148
20
-4.0492125984251963
11
9.775153385826771
21
-4.0485383070866137
0
LINE
8
BLACK
6
CONTINUOUS
10
9.775153385826771
20
-4.0485383070866137
11
9.772279566929134
21
-4.0466180708661419
0
LINE
8
BLACK
6
CONTINUOUS
10
9.772279566929134
20
-4.0466180708661419
11
9.7703593307086614
21
-4.0437442519685041
0
LINE
8
BLACK
6
CONTINUOUS
10
9.7703593307086614
20
-4.0437442519685041
11
9.7696850393700778
21
-4.0403543307086611
0
LINE
8
BLACK
6
CONTINUOUS
10
9.7696850393700778
20
-4.0403543307086611
11
9.7696850393700778
21
-4.0108267716535435
0
LINE
8
BLACK
6
CONTINUOUS
10
9.7696850393700778
20
-4.0108267716535435
11
9.7703593307086614
21
-4.0074368503937006
0
LINE
8
BLACK
6
CONTINUOUS
10
9.7703593307086614
20
-4.0074368503937006
11
9.772279566929134
21
-4.0045630314960627
0
LINE
8
BLACK
6
CONTINUOUS
10
9.772279566929134
20
-4.0045630314960627
11
9.775153385826771
21
-4.0026427952755901
0
LINE
8
BLACK
6
CONTINUOUS
10
9.775153385826771
20
-4.0026427952755901
11
9.7785433070866148
21
-4.0019685039370074
0
LINE
8
BLACK
6
CONTINUOUS
10
9.7785433070866148
20
-4.0019685039370074
11
9.7962598425196852
21
-4.0019685039370074
0
LINE
8
BLACK
6
CONTINUOUS
10
9.7962598425196852
20
-4.0019685039370074
11
9.7996497637795272
21
-4.0026427952755901
0
LINE
8
BLACK
6
CONTINUOUS
10
8.3526025196850391
20
-3.9866979133858265
11
8.3554763385826778
21
-3.9886181496062991
0
LINE
8
BLACK
6
CONTINUOUS
10
8.3554763385826778
20
-3.9886181496062991
11
8.3573965748031487
21
-3.9914919685039369
0
LINE
8
BLACK
6
CONTINUOUS
10
8.3573965748031487
20
-3.9914919685039369
11
8.3580708661417322
21
-3.9948818897637794
0
LINE
8
BLACK
6
CONTINUOUS
10
8.3580708661417322
20
-3.9948818897637794
11
8.3580708661417322
21
-4.0244094488188979
0
LINE
8
BLACK
6
CONTINUOUS
10
8.3580708661417322
20
-4.0244094488188979
11
8.3573965748031487
21
-4.02779937007874
0
LINE
8
BLACK
6
CONTINUOUS
10
8.3573965748031487
20
-4.02779937007874
11
8.3554763385826778
21
-4.0306731889763778
0
LINE
8
BLACK
6
CONTINUOUS
10
8.3554763385826778
20
-4.0306731889763778
11
8.3526025196850391
21
-4.0325934251968505
0
LINE
8
BLACK
6
CONTINUOUS
10
8.3526025196850391
20
-4.0325934251968505
11
8.349212598425197
21
-4.0332677165354331
0
LINE
8
BLACK
6
CONTINUOUS
10
8.349212598425197
20
-4.0332677165354331
11
8.3314960629921266
21
-4.0332677165354331
0
LINE
8
BLACK
6
CONTINUOUS
10
8.3314960629921266
20
-4.0332677165354331
11
8.3281061417322828
21
-4.0325934251968505
0
LINE
8
BLACK
6
CONTINUOUS
10
8.3281061417322828
20
-4.0325934251968505
11
8.3252323228346459
21
-4.0306731889763778
0
LINE
8
BLACK
6
CONTINUOUS
10
8.3252323228346459
20
-4.0306731889763778
11
8.3233120866141732
21
-4.02779937007874
0
LINE
8
BLACK
6
CONTINUOUS
10
8.3233120866141732
20
-4.02779937007874
11
8.3226377952755897
21
-4.0244094488188979
0
LINE
8
BLACK
6
CONTINUOUS
10
8.3226377952755897
20
-4.0244094488188979
11
8.3226377952755897
21
-3.9948818897637794
0
LINE
8
BLACK
6
CONTINUOUS
10
8.3226377952755897
20
-3.9948818897637794
11
8.3233120866141732
21
-3.9914919685039369
0
LINE
8
BLACK
6
CONTINUOUS
10
8.3233120866141732
20
-3.9914919685039369
11
8.3252323228346459
21
-3.9886181496062991
0
LINE
8
BLACK
6
CONTINUOUS
10
8.3252323228346459
20
-3.9886181496062991
11
8.3281061417322828
21
-3.9866979133858265
0
LINE
8
BLACK
6
CONTINUOUS
10
8.3281061417322828
20
-3.9866979133858265
11
8.3314960629921266
21
-3.9860236220472438
0
LINE
8
BLACK
6
CONTINUOUS
10
8.3314960629921266
20
-3.9860236220472438
11
8.349212598425197
21
-3.9860236220472438
0
LINE
8
BLACK
6
CONTINUOUS
10
8.349212598425197
20
-3.9860236220472438
11
8.3526025196850391
21
-3.9866979133858265
0
LINE
8
BLACK
6
CONTINUOUS
10
8.4825237795275594
20
-3.9866979133858265
11
8.4853975984251964
21
-3.9886181496062991
0
LINE
8
BLACK
6
CONTINUOUS
10
8.4853975984251964
20
-3.9886181496062991
11
8.487317834645669
21
-3.9914919685039369
0
LINE
8
BLACK
6
CONTINUOUS
10
8.487317834645669
20
-3.9914919685039369
11
8.4879921259842526
21
-3.9948818897637794
0
LINE
8
BLACK
6
CONTINUOUS
10
8.4879921259842526
20
-3.9948818897637794
11
8.4879921259842526
21
-4.0244094488188979
0
LINE
8
BLACK
6
CONTINUOUS
10
8.4879921259842526
20
-4.0244094488188979
11
8.487317834645669
21
-4.02779937007874
0
LINE
8
BLACK
6
CONTINUOUS
10
8.487317834645669
20
-4.02779937007874
11
8.4853975984251964
21
-4.0306731889763778
0
LINE
8
BLACK
6
CONTINUOUS
10
8.4853975984251964
20
-4.0306731889763778
11
8.4825237795275594
21
-4.0325934251968505
0
LINE
8
BLACK
6
CONTINUOUS
10
8.4825237795275594
20
-4.0325934251968505
11
8.4791338582677156
21
-4.0332677165354331
0
LINE
8
BLACK
6
CONTINUOUS
10
8.4791338582677156
20
-4.0332677165354331
11
8.4614173228346452
21
-4.0332677165354331
0
LINE
8
BLACK
6
CONTINUOUS
10
8.4614173228346452
20
-4.0332677165354331
11
8.4580274015748032
21
-4.0325934251968505
0
LINE
8
BLACK
6
CONTINUOUS
10
8.4580274015748032
20
-4.0325934251968505
11
8.4551535826771644
21
-4.0306731889763778
0
LINE
8
BLACK
6
CONTINUOUS
10
8.4551535826771644
20
-4.0306731889763778
11
8.4532333464566936
21
-4.02779937007874
0
LINE
8
BLACK
6
CONTINUOUS
10
8.4532333464566936
20
-4.02779937007874
11
8.45255905511811
21
-4.0244094488188979
0
LINE
8
BLACK
6
CONTINUOUS
10
8.45255905511811
20
-4.0244094488188979
11
8.45255905511811
21
-3.9948818897637794
0
LINE
8
BLACK
6
CONTINUOUS
10
8.45255905511811
20
-3.9948818897637794
11
8.4532333464566936
21
-3.9914919685039369
0
LINE
8
BLACK
6
CONTINUOUS
10
8.4532333464566936
20
-3.9914919685039369
11
8.4551535826771644
21
-3.9886181496062991
0
LINE
8
BLACK
6
CONTINUOUS
10
8.4551535826771644
20
-3.9886181496062991
11
8.4580274015748032
21
-3.9866979133858265
0
LINE
8
BLACK
6
CONTINUOUS
10
8.4580274015748032
20
-3.9866979133858265
11
8.4614173228346452
21
-3.9860236220472438
0
LINE
8
BLACK
6
CONTINUOUS
10
8.4614173228346452
20
-3.9860236220472438
11
8.4791338582677156
21
-3.9860236220472438
0
LINE
8
BLACK
6
CONTINUOUS
10
8.4791338582677156
20
-3.9860236220472438
11
8.4825237795275594
21
-3.9866979133858265
0
LINE
8
BLACK
6
CONTINUOUS
10
9.1138741338582676
20
-4.0053707874015751
11
9.1157900000000005
21
-4.0066509448818897
0
LINE
8
BLACK
6
CONTINUOUS
10
9.1157900000000005
20
-4.0066509448818897
11
9.117070157480315
21
-4.0085668110236217
0
LINE
8
BLACK
6
CONTINUOUS
10
9.117070157480315
20
-4.0085668110236217
11
9.1175196850393707
21
-4.0108267716535435
0
LINE
8
BLACK
6
CONTINUOUS
10
9.1175196850393707
20
-4.0108267716535435
11
9.1175196850393707
21
-4.0226377952755907
0
LINE
8
BLACK
6
CONTINUOUS
10
9.1175196850393707
20
-4.0226377952755907
11
9.117070157480315
21
-4.0248977559055117
0
LINE
8
BLACK
6
CONTINUOUS
10
9.117070157480315
20
-4.0248977559055117
11
9.1157900000000005
21
-4.0268136220472437
0
LINE
8
BLACK
6
CONTINUOUS
10
9.1157900000000005
20
-4.0268136220472437
11
9.1138741338582676
21
-4.0280937795275591
0
LINE
8
BLACK
6
CONTINUOUS
10
9.1138741338582676
20
-4.0280937795275591
11
9.1116141732283467
21
-4.0285433070866139
0
LINE
8
BLACK
6
CONTINUOUS
10
9.1116141732283467
20
-4.0285433070866139
11
9.0653543307086615
21
-4.0285433070866139
0
LINE
8
BLACK
6
CONTINUOUS
10
9.0653543307086615
20
-4.0285433070866139
11
9.0630943700787405
21
-4.0280937795275591
0
LINE
8
BLACK
6
CONTINUOUS
10
9.0630943700787405
20
-4.0280937795275591
11
9.0611785039370076
21
-4.0268136220472437
0
LINE
8
BLACK
6
CONTINUOUS
10
9.0611785039370076
20
-4.0268136220472437
11
9.0598983464566931
21
-4.0248977559055117
0
LINE
8
BLACK
6
CONTINUOUS
10
9.0598983464566931
20
-4.0248977559055117
11
9.0594488188976374
21
-4.0226377952755907
0
LINE
8
BLACK
6
CONTINUOUS
10
9.0594488188976374
20
-4.0226377952755907
11
9.0594488188976374
21
-4.0108267716535435
0
LINE
8
BLACK
6
CONTINUOUS
10
9.0594488188976374
20
-4.0108267716535435
11
9.0598983464566931
21
-4.0085668110236217
0
LINE
8
BLACK
6
CONTINUOUS
10
9.0598983464566931
20
-4.0085668110236217
11
9.0611785039370076
21
-4.0066509448818897
0
LINE
8
BLACK
6
CONTINUOUS
10
9.0611785039370076
20
-4.0066509448818897
11
9.0630943700787405
21
-4.0053707874015751
0
LINE
8
BLACK
6
CONTINUOUS
10
9.0630943700787405
20
-4.0053707874015751
11
9.0653543307086615
21
-4.0049212598425195
0
LINE
8
BLACK
6
CONTINUOUS
10
9.0653543307086615
20
-4.0049212598425195
11
9.1116141732283467
21
-4.0049212598425195
0
LINE
8
BLACK
6
CONTINUOUS
10
9.1116141732283467
20
-4.0049212598425195
11
9.1138741338582676
21
-4.0053707874015751
0
LINE
8
BLACK
6
CONTINUOUS
10
8.2170699212598421
20
-3.9764038188976376
11
8.2188580708661423
21
-3.9775986220472439
0
LINE
8
BLACK
6
CONTINUOUS
10
8.2188580708661423
20
-3.9775986220472439
11
8.2200528740157477
21
-3.9793867716535432
0
LINE
8
BLACK
6
CONTINUOUS
10
8.2200528740157477
20
-3.9793867716535432
11
8.2204724409448815
21
-3.9814960629921261
0
LINE
8
BLACK
6
CONTINUOUS
10
8.2204724409448815
20
-3.9814960629921261
11
8.2204724409448815
21
-3.9948818897637794
0
LINE
8
BLACK
6
CONTINUOUS
10
8.2204724409448815
20
-3.9948818897637794
11
8.2200528740157477
21
-3.996991181102362
0
LINE
8
BLACK
6
CONTINUOUS
10
8.2200528740157477
20
-3.996991181102362
11
8.2188580708661423
21
-3.9987793307086612
0
LINE
8
BLACK
6
CONTINUOUS
10
8.2188580708661423
20
-3.9987793307086612
11
8.2170699212598421
21
-3.9999741338582675
0
LINE
8
BLACK
6
CONTINUOUS
10
8.2170699212598421
20
-3.9999741338582675
11
8.2149606299212596
21
-4.0003937007874013
0
LINE
8
BLACK
6
CONTINUOUS
10
8.2149606299212596
20
-4.0003937007874013
11
8.2039370078740159
21
-4.0003937007874013
0
LINE
8
BLACK
6
CONTINUOUS
10
8.2039370078740159
20
-4.0003937007874013
11
8.2018277165354334
21
-3.9999741338582675
0
LINE
8
BLACK
6
CONTINUOUS
10
8.2018277165354334
20
-3.9999741338582675
11
8.2000395669291333
21
-3.9987793307086612
0
LINE
8
BLACK
6
CONTINUOUS
10
8.2000395669291333
20
-3.9987793307086612
11
8.1988447637795279
21
-3.996991181102362
0
LINE
8
BLACK
6
CONTINUOUS
10
8.1988447637795279
20
-3.996991181102362
11
8.1984251968503941
21
-3.9948818897637794
0
LINE
8
BLACK
6
CONTINUOUS
10
8.1984251968503941
20
-3.9948818897637794
11
8.1984251968503941
21
-3.9814960629921261
0
LINE
8
BLACK
6
CONTINUOUS
10
8.1984251968503941
20
-3.9814960629921261
11
8.1988447637795279
21
-3.9793867716535432
0
LINE
8
BLACK
6
CONTINUOUS
10
8.1988447637795279
20
-3.9793867716535432
11
8.2000395669291333
21
-3.9775986220472439
0
LINE
8
BLACK
6
CONTINUOUS
10
8.2000395669291333
20
-3.9775986220472439
11
8.2018277165354334
21
-3.9764038188976376
0
LINE
8
BLACK
6
CONTINUOUS
10
8.2018277165354334
20
-3.9764038188976376
11
8.2039370078740159
21
-3.9759842519685038
0
LINE
8
BLACK
6
CONTINUOUS
10
8.2039370078740159
20
-3.9759842519685038
11
8.2149606299212596
21
-3.9759842519685038
0
LINE
8
BLACK
6
CONTINUOUS
10
8.2149606299212596
20
-3.9759842519685038
11
8.2170699212598421
21
-3.9764038188976376
0
LINE
8
BLACK
6
CONTINUOUS
10
8.2548651968503943
20
-3.9764038188976376
11
8.2566533464566927
21
-3.9775986220472439
0
LINE
8
BLACK
6
CONTINUOUS
10
8.2566533464566927
20
-3.9775986220472439
11
8.2578481496062999
21
-3.9793867716535432
0
LINE
8
BLACK
6
CONTINUOUS
10
8.2578481496062999
20
-3.9793867716535432
11
8.2582677165354337
21
-3.9814960629921261
0
LINE
8
BLACK
6
CONTINUOUS
10
8.2582677165354337
20
-3.9814960629921261
11
8.2582677165354337
21
-3.9948818897637794
0
LINE
8
BLACK
6
CONTINUOUS
10
8.2582677165354337
20
-3.9948818897637794
11
8.2578481496062999
21
-3.996991181102362
0
LINE
8
BLACK
6
CONTINUOUS
10
8.2578481496062999
20
-3.996991181102362
11
8.2566533464566927
21
-3.9987793307086612
0
LINE
8
BLACK
6
CONTINUOUS
10
8.2566533464566927
20
-3.9987793307086612
11
8.2548651968503943
21
-3.9999741338582675
0
LINE
8
BLACK
6
CONTINUOUS
10
8.2548651968503943
20
-3.9999741338582675
11
8.25275590551181
21
-4.0003937007874013
0
LINE
8
BLACK
6
CONTINUOUS
10
8.25275590551181
20
-4.0003937007874013
11
8.2417322834645663
21
-4.0003937007874013
0
LINE
8
BLACK
6
CONTINUOUS
10
8.2417322834645663
20
-4.0003937007874013
11
8.2396229921259838
21
-3.9999741338582675
0
LINE
8
BLACK
6
CONTINUOUS
10
8.2396229921259838
20
-3.9999741338582675
11
8.2378348425196855
21
-3.9987793307086612
0
LINE
8
BLACK
6
CONTINUOUS
10
8.2378348425196855
20
-3.9987793307086612
11
8.2366400393700783
21
-3.996991181102362
0
LINE
8
BLACK
6
CONTINUOUS
10
8.2366400393700783
20
-3.996991181102362
11
8.2362204724409445
21
-3.9948818897637794
0
LINE
8
BLACK
6
CONTINUOUS
10
8.2362204724409445
20
-3.9948818897637794
11
8.2362204724409445
21
-3.9814960629921261
0
LINE
8
BLACK
6
CONTINUOUS
10
8.2362204724409445
20
-3.9814960629921261
11
8.2366400393700783
21
-3.9793867716535432
0
LINE
8
BLACK
6
CONTINUOUS
10
8.2366400393700783
20
-3.9793867716535432
11
8.2378348425196855
21
-3.9775986220472439
0
LINE
8
BLACK
6
CONTINUOUS
10
8.2378348425196855
20
-3.9775986220472439
11
8.2396229921259838
21
-3.9764038188976376
0
LINE
8
BLACK
6
CONTINUOUS
10
8.2396229921259838
20
-3.9764038188976376
11
8.2417322834645663
21
-3.9759842519685038
0
LINE
8
BLACK
6
CONTINUOUS
10
8.2417322834645663
20
-3.9759842519685038
11
8.25275590551181
21
-3.9759842519685038
0
LINE
8
BLACK
6
CONTINUOUS
10
8.25275590551181
20
-3.9759842519685038
11
8.2548651968503943
21
-3.9764038188976376
0
LINE
8
BLACK
6
CONTINUOUS
10
5.9070485826771648
20
-3.9136127559055116
11
5.9083513779527559
21
-3.9144832677165353
0
LINE
8
BLACK
6
CONTINUOUS
10
5.9083513779527559
20
-3.9144832677165353
11
5.9092218897637796
21
-3.9157860629921259
0
LINE
8
BLACK
6
CONTINUOUS
10
5.9092218897637796
20
-3.9157860629921259
11
5.9095275590551184
21
-3.917322834645669
0
LINE
8
BLACK
6
CONTINUOUS
10
5.9095275590551184
20
-3.917322834645669
11
5.9095275590551184
21
-3.9409448818897639
0
LINE
8
BLACK
6
CONTINUOUS
10
5.9095275590551184
20
-3.9409448818897639
11
5.9092218897637796
21
-3.9424816535433069
0
LINE
8
BLACK
6
CONTINUOUS
10
5.9092218897637796
20
-3.9424816535433069
11
5.9083513779527559
21
-3.9437844488188976
0
LINE
8
BLACK
6
CONTINUOUS
10
5.9083513779527559
20
-3.9437844488188976
11
5.9070485826771648
21
-3.9446549606299213
0
LINE
8
BLACK
6
CONTINUOUS
10
5.9070485826771648
20
-3.9446549606299213
11
5.9055118110236222
21
-3.9449606299212596
0
LINE
8
BLACK
6
CONTINUOUS
10
5.9055118110236222
20
-3.9449606299212596
11
5.8700787401574805
21
-3.9449606299212596
0
LINE
8
BLACK
6
CONTINUOUS
10
5.8700787401574805
20
-3.9449606299212596
11
5.8685419685039371
21
-3.9446549606299213
0
LINE
8
BLACK
6
CONTINUOUS
10
5.8685419685039371
20
-3.9446549606299213
11
5.867239173228346
21
-3.9437844488188976
0
LINE
8
BLACK
6
CONTINUOUS
10
5.867239173228346
20
-3.9437844488188976
11
5.8663686614173223
21
-3.9424816535433069
0
LINE
8
BLACK
6
CONTINUOUS
10
5.8663686614173223
20
-3.9424816535433069
11
5.8660629921259844
21
-3.9409448818897639
0
LINE
8
BLACK
6
CONTINUOUS
10
5.8660629921259844
20
-3.9409448818897639
11
5.8660629921259844
21
-3.917322834645669
0
LINE
8
BLACK
6
CONTINUOUS
10
5.8660629921259844
20
-3.917322834645669
11
5.8663686614173223
21
-3.9157860629921259
0
LINE
8
BLACK
6
CONTINUOUS
10
5.8663686614173223
20
-3.9157860629921259
11
5.867239173228346
21
-3.9144832677165353
0
LINE
8
BLACK
6
CONTINUOUS
10
5.867239173228346
20
-3.9144832677165353
11
5.8685419685039371
21
-3.9136127559055116
0
LINE
8
BLACK
6
CONTINUOUS
10
5.8685419685039371
20
-3.9136127559055116
11
5.8700787401574805
21
-3.9133070866141733
0
LINE
8
BLACK
6
CONTINUOUS
10
5.8700787401574805
20
-3.9133070866141733
11
5.9055118110236222
21
-3.9133070866141733
0
LINE
8
BLACK
6
CONTINUOUS
10
5.9055118110236222
20
-3.9133070866141733
11
5.9070485826771648
21
-3.9136127559055116
0
LINE
8
BLACK
6
CONTINUOUS
10
6.1275210236220472
20
-3.9136127559055116
11
6.1288238188976374
21
-3.9144832677165353
0
LINE
8
BLACK
6
CONTINUOUS
10
6.1288238188976374
20
-3.9144832677165353
11
6.1296943307086611
21
-3.9157860629921259
0
LINE
8
BLACK
6
CONTINUOUS
10
6.1296943307086611
20
-3.9157860629921259
11
6.1299999999999999
21
-3.917322834645669
0
LINE
8
BLACK
6
CONTINUOUS
10
6.1299999999999999
20
-3.917322834645669
11
6.1299999999999999
21
-3.9409448818897639
0
LINE
8
BLACK
6
CONTINUOUS
10
6.1299999999999999
20
-3.9409448818897639
11
6.1296943307086611
21
-3.9424816535433069
0
LINE
8
BLACK
6
CONTINUOUS
10
6.1296943307086611
20
-3.9424816535433069
11
6.1288238188976374
21
-3.9437844488188976
0
LINE
8
BLACK
6
CONTINUOUS
10
6.1288238188976374
20
-3.9437844488188976
11
6.1275210236220472
21
-3.9446549606299213
0
LINE
8
BLACK
6
CONTINUOUS
10
6.1275210236220472
20
-3.9446549606299213
11
6.1259842519685037
21
-3.9449606299212596
0
LINE
8
BLACK
6
CONTINUOUS
10
6.1259842519685037
20
-3.9449606299212596
11
6.090551181102362
21
-3.9449606299212596
0
LINE
8
BLACK
6
CONTINUOUS
10
6.090551181102362
20
-3.9449606299212596
11
6.0890144094488186
21
-3.9446549606299213
0
LINE
8
BLACK
6
CONTINUOUS
10
6.0890144094488186
20
-3.9446549606299213
11
6.0877116141732284
21
-3.9437844488188976
0
LINE
8
BLACK
6
CONTINUOUS
10
6.0877116141732284
20
-3.9437844488188976
11
6.0868411023622047
21
-3.9424816535433069
0
LINE
8
BLACK
6
CONTINUOUS
10
6.0868411023622047
20
-3.9424816535433069
11
6.0865354330708659
21
-3.9409448818897639
0
LINE
8
BLACK
6
CONTINUOUS
10
6.0865354330708659
20
-3.9409448818897639
11
6.0865354330708659
21
-3.917322834645669
0
LINE
8
BLACK
6
CONTINUOUS
10
6.0865354330708659
20
-3.917322834645669
11
6.0868411023622047
21
-3.9157860629921259
0
LINE
8
BLACK
6
CONTINUOUS
10
6.0868411023622047
20
-3.9157860629921259
11
6.0877116141732284
21
-3.9144832677165353
0
LINE
8
BLACK
6
CONTINUOUS
10
6.0877116141732284
20
-3.9144832677165353
11
6.0890144094488186
21
-3.9136127559055116
0
LINE
8
BLACK
6
CONTINUOUS
10
6.0890144094488186
20
-3.9136127559055116
11
6.090551181102362
21
-3.9133070866141733
0
LINE
8
BLACK
6
CONTINUOUS
10
6.090551181102362
20
-3.9133070866141733
11
6.1259842519685037
21
-3.9133070866141733
0
LINE
8
BLACK
6
CONTINUOUS
10
6.1259842519685037
20
-3.9133070866141733
11
6.1275210236220472
21
-3.9136127559055116
0
LINE
8
BLACK
6
CONTINUOUS
10
8.2170699212598421
20
-3.8988447637795276
11
8.2188580708661423
21
-3.9000395669291339
0
LINE
8
BLACK
6
CONTINUOUS
10
8.2188580708661423
20
-3.9000395669291339
11
8.2200528740157477
21
-3.9018277165354331
0
LINE
8
BLACK
6
CONTINUOUS
10
8.2200528740157477
20
-3.9018277165354331
11
8.2204724409448815
21
-3.9039370078740157
0
LINE
8
BLACK
6
CONTINUOUS
10
8.2204724409448815
20
-3.9039370078740157
11
8.2204724409448815
21
-3.917322834645669
0
LINE
8
BLACK
6
CONTINUOUS
10
8.2204724409448815
20
-3.917322834645669
11
8.2200528740157477
21
-3.9194321259842519
0
LINE
8
BLACK
6
CONTINUOUS
10
8.2200528740157477
20
-3.9194321259842519
11
8.2188580708661423
21
-3.9212202755905512
0
LINE
8
BLACK
6
CONTINUOUS
10
8.2188580708661423
20
-3.9212202755905512
11
8.2170699212598421
21
-3.9224150787401575
0
LINE
8
BLACK
6
CONTINUOUS
10
8.2170699212598421
20
-3.9224150787401575
11
8.2149606299212596
21
-3.9228346456692913
0
LINE
8
BLACK
6
CONTINUOUS
10
8.2149606299212596
20
-3.9228346456692913
11
8.2039370078740159
21
-3.9228346456692913
0
LINE
8
BLACK
6
CONTINUOUS
10
8.2039370078740159
20
-3.9228346456692913
11
8.2018277165354334
21
-3.9224150787401575
0
LINE
8
BLACK
6
CONTINUOUS
10
8.2018277165354334
20
-3.9224150787401575
11
8.2000395669291333
21
-3.9212202755905512
0
LINE
8
BLACK
6
CONTINUOUS
10
8.2000395669291333
20
-3.9212202755905512
11
8.1988447637795279
21
-3.9194321259842519
0
LINE
8
BLACK
6
CONTINUOUS
10
8.1988447637795279
20
-3.9194321259842519
11
8.1984251968503941
21
-3.917322834645669
0
LINE
8
BLACK
6
CONTINUOUS
10
8.1984251968503941
20
-3.917322834645669
11
8.1984251968503941
21
-3.9039370078740157
0
LINE
8
BLACK
6
CONTINUOUS
10
8.1984251968503941
20
-3.9039370078740157
11
8.1988447637795279
21
-3.9018277165354331
0
LINE
8
BLACK
6
CONTINUOUS
10
8.1988447637795279
20
-3.9018277165354331
11
8.2000395669291333
21
-3.9000395669291339
0
LINE
8
BLACK
6
CONTINUOUS
10
8.2000395669291333
20
-3.9000395669291339
11
8.2018277165354334
21
-3.8988447637795276
0
LINE
8
BLACK
6
CONTINUOUS
10
8.2018277165354334
20
-3.8988447637795276
11
8.2039370078740159
21
-3.8984251968503938
0
LINE
8
BLACK
6
CONTINUOUS
10
8.2039370078740159
20
-3.8984251968503938
11
8.2149606299212596
21
-3.8984251968503938
0
LINE
8
BLACK
6
CONTINUOUS
10
8.2149606299212596
20
-3.8984251968503938
11
8.2170699212598421
21
-3.8988447637795276
0
LINE
8
BLACK
6
CONTINUOUS
10
8.2548651968503943
20
-3.8988447637795276
11
8.2566533464566927
21
-3.9000395669291339
0
LINE
8
BLACK
6
CONTINUOUS
10
8.2566533464566927
20
-3.9000395669291339
11
8.2578481496062999
21
-3.9018277165354331
0
LINE
8
BLACK
6
CONTINUOUS
10
8.2578481496062999
20
-3.9018277165354331
11
8.2582677165354337
21
-3.9039370078740157
0
LINE
8
BLACK
6
CONTINUOUS
10
8.2582677165354337
20
-3.9039370078740157
11
8.2582677165354337
21
-3.917322834645669
0
LINE
8
BLACK
6
CONTINUOUS
10
8.2582677165354337
20
-3.917322834645669
11
8.2578481496062999
21
-3.9194321259842519
0
LINE
8
BLACK
6
CONTINUOUS
10
8.2578481496062999
20
-3.9194321259842519
11
8.2566533464566927
21
-3.9212202755905512
0
LINE
8
BLACK
6
CONTINUOUS
10
8.2566533464566927
20
-3.9212202755905512
11
8.2548651968503943
21
-3.9224150787401575
0
LINE
8
BLACK
6
CONTINUOUS
10
8.2548651968503943
20
-3.9224150787401575
11
8.25275590551181
21
-3.9228346456692913
0
LINE
8
BLACK
6
CONTINUOUS
10
8.25275590551181
20
-3.9228346456692913
11
8.2417322834645663
21
-3.9228346456692913
0
LINE
8
BLACK
6
CONTINUOUS
10
8.2417322834645663
20
-3.9228346456692913
11
8.2396229921259838
21
-3.9224150787401575
0
LINE
8
BLACK
6
CONTINUOUS
10
8.2396229921259838
20
-3.9224150787401575
11
8.2378348425196855
21
-3.9212202755905512
0
LINE
8
BLACK
6
CONTINUOUS
10
8.2378348425196855
20
-3.9212202755905512
11
8.2366400393700783
21
-3.9194321259842519
0
LINE
8
BLACK
6
CONTINUOUS
10
8.2366400393700783
20
-3.9194321259842519
11
8.2362204724409445
21
-3.917322834645669
0
LINE
8
BLACK
6
CONTINUOUS
10
8.2362204724409445
20
-3.917322834645669
11
8.2362204724409445
21
-3.9039370078740157
0
LINE
8
BLACK
6
CONTINUOUS
10
8.2362204724409445
20
-3.9039370078740157
11
8.2366400393700783
21
-3.9018277165354331
0
LINE
8
BLACK
6
CONTINUOUS
10
8.2366400393700783
20
-3.9018277165354331
11
8.2378348425196855
21
-3.9000395669291339
0
LINE
8
BLACK
6
CONTINUOUS
10
8.2378348425196855
20
-3.9000395669291339
11
8.2396229921259838
21
-3.8988447637795276
0
LINE
8
BLACK
6
CONTINUOUS
10
8.2396229921259838
20
-3.8988447637795276
11
8.2417322834645663
21
-3.8984251968503938
0
LINE
8
BLACK
6
CONTINUOUS
10
8.2417322834645663
20
-3.8984251968503938
11
8.25275590551181
21
-3.8984251968503938
0
LINE
8
BLACK
6
CONTINUOUS
10
8.25275590551181
20
-3.8984251968503938
11
8.2548651968503943
21
-3.8988447637795276
0
LINE
8
BLACK
6
CONTINUOUS
10
8.0713203543307088
20
-3.8476466141732284
11
8.0738748425196842
21
-3.8493535039370079
0
LINE
8
BLACK
6
CONTINUOUS
10
8.0738748425196842
20
-3.8493535039370079
11
8.0755817322834638
21
-3.8519079921259842
0
LINE
8
BLACK
6
CONTINUOUS
10
8.0755817322834638
20
-3.8519079921259842
11
8.0761811023622041
21
-3.8549212598425195
0
LINE
8
BLACK
6
CONTINUOUS
10
8.0761811023622041
20
-3.8549212598425195
11
8.0761811023622041
21
-3.8765748031496061
0
LINE
8
BLACK
6
CONTINUOUS
10
8.0761811023622041
20
-3.8765748031496061
11
8.0755817322834638
21
-3.8795880708661414
0
LINE
8
BLACK
6
CONTINUOUS
10
8.0755817322834638
20
-3.8795880708661414
11
8.0738748425196842
21
-3.8821425590551182
0
LINE
8
BLACK
6
CONTINUOUS
10
8.0738748425196842
20
-3.8821425590551182
11
8.0713203543307088
21
-3.8838494488188977
0
LINE
8
BLACK
6
CONTINUOUS
10
8.0713203543307088
20
-3.8838494488188977
11
8.0683070866141726
21
-3.8844488188976376
0
LINE
8
BLACK
6
CONTINUOUS
10
8.0683070866141726
20
-3.8844488188976376
11
8.0525590551181097
21
-3.8844488188976376
0
LINE
8
BLACK
6
CONTINUOUS
10
8.0525590551181097
20
-3.8844488188976376
11
8.0495457874015752
21
-3.8838494488188977
0
LINE
8
BLACK
6
CONTINUOUS
10
8.0495457874015752
20
-3.8838494488188977
11
8.046991299212598
21
-3.8821425590551182
0
LINE
8
BLACK
6
CONTINUOUS
10
8.046991299212598
20
-3.8821425590551182
11
8.0452844094488185
21
-3.8795880708661414
0
LINE
8
BLACK
6
CONTINUOUS
10
8.0452844094488185
20
-3.8795880708661414
11
8.0446850393700782
21
-3.8765748031496061
0
LINE
8
BLACK
6
CONTINUOUS
10
8.0446850393700782
20
-3.8765748031496061
11
8.0446850393700782
21
-3.8549212598425195
0
LINE
8
BLACK
6
CONTINUOUS
10
8.0446850393700782
20
-3.8549212598425195
11
8.0452844094488185
21
-3.8519079921259842
0
LINE
8
BLACK
6
CONTINUOUS
10
8.0452844094488185
20
-3.8519079921259842
11
8.046991299212598
21
-3.8493535039370079
0
LINE
8
BLACK
6
CONTINUOUS
10
8.046991299212598
20
-3.8493535039370079
11
8.0495457874015752
21
-3.8476466141732284
0
LINE
8
BLACK
6
CONTINUOUS
10
8.0495457874015752
20
-3.8476466141732284
11
8.0525590551181097
21
-3.8470472440944881
0
LINE
8
BLACK
6
CONTINUOUS
10
8.0525590551181097
20
-3.8470472440944881
11
8.0683070866141726
21
-3.8470472440944881
0
LINE
8
BLACK
6
CONTINUOUS
10
8.0683070866141726
20
-3.8470472440944881
11
8.0713203543307088
21
-3.8476466141732284
0
LINE
8
BLACK
6
CONTINUOUS
10
8.1362809842519681
20
-3.8476466141732284
11
8.1388354724409453
21
-3.8493535039370079
0
LINE
8
BLACK
6
CONTINUOUS
10
8.1388354724409453
20
-3.8493535039370079
11
8.1405423622047248
21
-3.8519079921259842
0
LINE
8
BLACK
6
CONTINUOUS
10
8.1405423622047248
20
-3.8519079921259842
11
8.1411417322834652
21
-3.8549212598425195
0
LINE
8
BLACK
6
CONTINUOUS
10
8.1411417322834652
20
-3.8549212598425195
11
8.1411417322834652
21
-3.8765748031496061
0
LINE
8
BLACK
6
CONTINUOUS
10
8.1411417322834652
20
-3.8765748031496061
11
8.1405423622047248
21
-3.8795880708661414
0
LINE
8
BLACK
6
CONTINUOUS
10
8.1405423622047248
20
-3.8795880708661414
11
8.1388354724409453
21
-3.8821425590551182
0
LINE
8
BLACK
6
CONTINUOUS
10
8.1388354724409453
20
-3.8821425590551182
11
8.1362809842519681
21
-3.8838494488188977
0
LINE
8
BLACK
6
CONTINUOUS
10
8.1362809842519681
20
-3.8838494488188977
11
8.1332677165354337
21
-3.8844488188976376
0
LINE
8
BLACK
6
CONTINUOUS
10
8.1332677165354337
20
-3.8844488188976376
11
8.1175196850393707
21
-3.8844488188976376
0
LINE
8
BLACK
6
CONTINUOUS
10
8.1175196850393707
20
-3.8844488188976376
11
8.1145064173228345
21
-3.8838494488188977
0
LINE
8
BLACK
6
CONTINUOUS
10
8.1145064173228345
20
-3.8838494488188977
11
8.1119519291338573
21
-3.8821425590551182
0
LINE
8
BLACK
6
CONTINUOUS
10
8.1119519291338573
20
-3.8821425590551182
11
8.1102450393700778
21
-3.8795880708661414
0
LINE
8
BLACK
6
CONTINUOUS
10
8.1102450393700778
20
-3.8795880708661414
11
8.1096456692913392
21
-3.8765748031496061
0
LINE
8
BLACK
6
CONTINUOUS
10
8.1096456692913392
20
-3.8765748031496061
11
8.1096456692913392
21
-3.8549212598425195
0
LINE
8
BLACK
6
CONTINUOUS
10
8.1096456692913392
20
-3.8549212598425195
11
8.1102450393700778
21
-3.8519079921259842
0
LINE
8
BLACK
6
CONTINUOUS
10
8.1102450393700778
20
-3.8519079921259842
11
8.1119519291338573
21
-3.8493535039370079
0
LINE
8
BLACK
6
CONTINUOUS
10
8.1119519291338573
20
-3.8493535039370079
11
8.1145064173228345
21
-3.8476466141732284
0
LINE
8
BLACK
6
CONTINUOUS
10
8.1145064173228345
20
-3.8476466141732284
11
8.1175196850393707
21
-3.8470472440944881
0
LINE
8
BLACK
6
CONTINUOUS
10
8.1175196850393707
20
-3.8470472440944881
11
8.1332677165354337
21
-3.8470472440944881
0
LINE
8
BLACK
6
CONTINUOUS
10
8.1332677165354337
20
-3.8470472440944881
11
8.1362809842519681
21
-3.8476466141732284
0
LINE
8
BLACK
6
CONTINUOUS
10
3.7598491338582676
20
-3.6886395669291336
11
3.7686624015748031
21
-3.6915031889763781
0
LINE
8
BLACK
6
CONTINUOUS
10
3.7686624015748031
20
-3.6915031889763781
11
3.776919212598425
21
-3.6957102362204726
0
LINE
8
BLACK
6
CONTINUOUS
10
3.776919212598425
20
-3.6957102362204726
11
3.784416220472441
21
-3.7011571259842517
0
LINE
8
BLACK
6
CONTINUOUS
10
3.784416220472441
20
-3.7011571259842517
11
3.7909688582677163
21
-3.7077097637795275
0
LINE
8
BLACK
6
CONTINUOUS
10
3.7909688582677163
20
-3.7077097637795275
11
3.796415748031496
21
-3.7152067716535431
0
LINE
8
BLACK
6
CONTINUOUS
10
3.796415748031496
20
-3.7152067716535431
11
3.8006227952755904
21
-3.7234635826771654
0
LINE
8
BLACK
6
CONTINUOUS
10
3.8006227952755904
20
-3.7234635826771654
11
3.8034864173228344
21
-3.7322768503937005
0
LINE
8
BLACK
6
CONTINUOUS
10
3.8034864173228344
20
-3.7322768503937005
11
3.8049360629921258
21
-3.741429566929134
0
LINE
8
BLACK
6
CONTINUOUS
10
3.8049360629921258
20
-3.741429566929134
11
3.8051181102362204
21
-3.7460629921259843
0
LINE
8
BLACK
6
CONTINUOUS
10
3.8051181102362204
20
-3.7460629921259843
11
3.8051181102362204
21
-3.8248031496062991
0
LINE
8
BLACK
6
CONTINUOUS
10
3.8051181102362204
20
-3.8248031496062991
11
3.8049360629921258
21
-3.8294365748031494
0
LINE
8
BLACK
6
CONTINUOUS
10
3.8049360629921258
20
-3.8294365748031494
11
3.8034864173228344
21
-3.8385892913385824
0
LINE
8
BLACK
6
CONTINUOUS
10
3.8034864173228344
20
-3.8385892913385824
11
3.8006227952755904
21
-3.847402559055118
0
LINE
8
BLACK
6
CONTINUOUS
10
3.8006227952755904
20
-3.847402559055118
11
3.796415748031496
21
-3.8556593700787403
0
LINE
8
BLACK
6
CONTINUOUS
10
3.796415748031496
20
-3.8556593700787403
11
3.7909688582677163
21
-3.8631563779527558
0
LINE
8
BLACK
6
CONTINUOUS
10
3.7909688582677163
20
-3.8631563779527558
11
3.784416220472441
21
-3.8697090157480316
0
LINE
8
BLACK
6
CONTINUOUS
10
3.784416220472441
20
-3.8697090157480316
11
3.776919212598425
21
-3.8751559055118108
0
LINE
8
BLACK
6
CONTINUOUS
10
3.776919212598425
20
-3.8751559055118108
11
3.7686624015748031
21
-3.8793629527559053
0
LINE
8
BLACK
6
CONTINUOUS
10
3.7686624015748031
20
-3.8793629527559053
11
3.7598491338582676
21
-3.8822265748031497
0
LINE
8
BLACK
6
CONTINUOUS
10
3.7598491338582676
20
-3.8822265748031497
11
3.7506964173228345
21
-3.8836762204724407
0
LINE
8
BLACK
6
CONTINUOUS
10
3.7506964173228345
20
-3.8836762204724407
11
3.741429566929134
21
-3.8836762204724407
0
LINE
8
BLACK
6
CONTINUOUS
10
3.741429566929134
20
-3.8836762204724407
11
3.7322768503937005
21
-3.8822265748031497
0
LINE
8
BLACK
6
CONTINUOUS
10
3.7322768503937005
20
-3.8822265748031497
11
3.7234635826771654
21
-3.8793629527559053
0
LINE
8
BLACK
6
CONTINUOUS
10
3.7234635826771654
20
-3.8793629527559053
11
3.7152067716535431
21
-3.8751559055118108
0
LINE
8
BLACK
6
CONTINUOUS
10
3.7152067716535431
20
-3.8751559055118108
11
3.7077097637795275
21
-3.8697090157480316
0
LINE
8
BLACK
6
CONTINUOUS
10
3.7077097637795275
20
-3.8697090157480316
11
3.7011571259842517
21
-3.8631563779527558
0
LINE
8
BLACK
6
CONTINUOUS
10
3.7011571259842517
20
-3.8631563779527558
11
3.6957102362204726
21
-3.8556593700787403
0
LINE
8
BLACK
6
CONTINUOUS
10
3.6957102362204726
20
-3.8556593700787403
11
3.6915031889763781
21
-3.847402559055118
0
LINE
8
BLACK
6
CONTINUOUS
10
3.6915031889763781
20
-3.847402559055118
11
3.6886395669291336
21
-3.8385892913385824
0
LINE
8
BLACK
6
CONTINUOUS
10
3.6886395669291336
20
-3.8385892913385824
11
3.6871899212598422
21
-3.8294365748031494
0
LINE
8
BLACK
6
CONTINUOUS
10
3.6871899212598422
20
-3.8294365748031494
11
3.6870078740157481
21
-3.8248031496062991
0
LINE
8
BLACK
6
CONTINUOUS
10
3.6870078740157481
20
-3.8248031496062991
11
3.6870078740157481
21
-3.7460629921259843
0
LINE
8
BLACK
6
CONTINUOUS
10
3.6870078740157481
20
-3.7460629921259843
11
3.6871899212598422
21
-3.741429566929134
0
LINE
8
BLACK
6
CONTINUOUS
10
3.6871899212598422
20
-3.741429566929134
11
3.6886395669291336
21
-3.7322768503937005
0
LINE
8
BLACK
6
CONTINUOUS
10
3.6886395669291336
20
-3.7322768503937005
11
3.6915031889763781
21
-3.7234635826771654
0
LINE
8
BLACK
6
CONTINUOUS
10
3.6915031889763781
20
-3.7234635826771654
11
3.6957102362204726
21
-3.7152067716535431
0
LINE
8
BLACK
6
CONTINUOUS
10
3.6957102362204726
20
-3.7152067716535431
11
3.7011571259842517
21
-3.7077097637795275
0
LINE
8
BLACK
6
CONTINUOUS
10
3.7011571259842517
20
-3.7077097637795275
11
3.7077097637795275
21
-3.7011571259842517
0
LINE
8
BLACK
6
CONTINUOUS
10
3.7077097637795275
20
-3.7011571259842517
11
3.7152067716535431
21
-3.6957102362204726
0
LINE
8
BLACK
6
CONTINUOUS
10
3.7152067716535431
20
-3.6957102362204726
11
3.7234635826771654
21
-3.6915031889763781
0
LINE
8
BLACK
6
CONTINUOUS
10
3.7234635826771654
20
-3.6915031889763781
11
3.7322768503937005
21
-3.6886395669291336
0
LINE
8
BLACK
6
CONTINUOUS
10
3.7322768503937005
20
-3.6886395669291336
11
3.741429566929134
21
-3.6871899212598422
0
LINE
8
BLACK
6
CONTINUOUS
10
3.741429566929134
20
-3.6871899212598422
11
3.7506964173228345
21
-3.6871899212598422
0
LINE
8
BLACK
6
CONTINUOUS
10
3.7506964173228345
20
-3.6871899212598422
11
3.7598491338582676
21
-3.6886395669291336
0
LINE
8
BLACK
6
CONTINUOUS
10
6.7046968897637793
20
-3.7348396456692914
11
6.7099333858267718
21
-3.7369046456692914
0
LINE
8
BLACK
6
CONTINUOUS
10
6.7099333858267718
20
-3.7369046456692914
11
6.7144185433070867
21
-3.7403058661417323
0
LINE
8
BLACK
6
CONTINUOUS
10
6.7144185433070867
20
-3.7403058661417323
11
6.7178197637795272
21
-3.7447910236220472
0
LINE
8
BLACK
6
CONTINUOUS
10
6.7178197637795272
20
-3.7447910236220472
11
6.7198847637795271
21
-3.7500275196850392
0
LINE
8
BLACK
6
CONTINUOUS
10
6.7198847637795271
20
-3.7500275196850392
11
6.7204724409448815
21
-3.7549212598425195
0
LINE
8
BLACK
6
CONTINUOUS
10
6.7204724409448815
20
-3.7549212598425195
11
6.7204724409448815
21
-3.8513779527559056
0
LINE
8
BLACK
6
CONTINUOUS
10
6.7204724409448815
20
-3.8513779527559056
11
6.7198847637795271
21
-3.8562716929133858
0
LINE
8
BLACK
6
CONTINUOUS
10
6.7198847637795271
20
-3.8562716929133858
11
6.7178197637795272
21
-3.8615081889763778
0
LINE
8
BLACK
6
CONTINUOUS
10
6.7178197637795272
20
-3.8615081889763778
11
6.7144185433070867
21
-3.8659933464566927
0
LINE
8
BLACK
6
CONTINUOUS
10
6.7144185433070867
20
-3.8659933464566927
11
6.7099333858267718
21
-3.8693945669291336
0
LINE
8
BLACK
6
CONTINUOUS
10
6.7099333858267718
20
-3.8693945669291336
11
6.7046968897637793
21
-3.8714595669291336
0
LINE
8
BLACK
6
CONTINUOUS
10
6.7046968897637793
20
-3.8714595669291336
11
6.6998031496062991
21
-3.872047244094488
0
LINE
8
BLACK
6
CONTINUOUS
10
6.6998031496062991
20
-3.872047244094488
11
6.5954724409448815
21
-3.872047244094488
0
LINE
8
BLACK
6
CONTINUOUS
10
6.5954724409448815
20
-3.872047244094488
11
6.5905787007874013
21
-3.8714595669291336
0
LINE
8
BLACK
6
CONTINUOUS
10
6.5905787007874013
20
-3.8714595669291336
11
6.5853422047244097
21
-3.8693945669291336
0
LINE
8
BLACK
6
CONTINUOUS
10
6.5853422047244097
20
-3.8693945669291336
11
6.5808570472440939
21
-3.8659933464566927
0
LINE
8
BLACK
6
CONTINUOUS
10
6.5808570472440939
20
-3.8659933464566927
11
6.5774558267716534
21
-3.8615081889763778
0
LINE
8
BLACK
6
CONTINUOUS
10
6.5774558267716534
20
-3.8615081889763778
11
6.5753908267716534
21
-3.8562716929133858
0
LINE
8
BLACK
6
CONTINUOUS
10
6.5753908267716534
20
-3.8562716929133858
11
6.5748031496062991
21
-3.8513779527559056
0
LINE
8
BLACK
6
CONTINUOUS
10
6.5748031496062991
20
-3.8513779527559056
11
6.5748031496062991
21
-3.7549212598425195
0
LINE
8
BLACK
6
CONTINUOUS
10
6.5748031496062991
20
-3.7549212598425195
11
6.5753908267716534
21
-3.7500275196850392
0
LINE
8
BLACK
6
CONTINUOUS
10
6.5753908267716534
20
-3.7500275196850392
11
6.5774558267716534
21
-3.7447910236220472
0
LINE
8
BLACK
6
CONTINUOUS
10
6.5774558267716534
20
-3.7447910236220472
11
6.5808570472440939
21
-3.7403058661417323
0
LINE
8
BLACK
6
CONTINUOUS
10
6.5808570472440939
20
-3.7403058661417323
11
6.5853422047244097
21
-3.7369046456692914
0
LINE
8
BLACK
6
CONTINUOUS
10
6.5853422047244097
20
-3.7369046456692914
11
6.5905787007874013
21
-3.7348396456692914
0
LINE
8
BLACK
6
CONTINUOUS
10
6.5905787007874013
20
-3.7348396456692914
11
6.5954724409448815
21
-3.734251968503937
0
LINE
8
BLACK
6
CONTINUOUS
10
6.5954724409448815
20
-3.734251968503937
11
6.6998031496062991
21
-3.734251968503937
0
LINE
8
BLACK
6
CONTINUOUS
10
6.6998031496062991
20
-3.734251968503937
11
6.7046968897637793
21
-3.7348396456692914
0
LINE
8
BLACK
6
CONTINUOUS
10
5.9464186614173231
20
-3.7955025196850394
11
5.9477214566929133
21
-3.7963730314960631
0
LINE
8
BLACK
6
CONTINUOUS
10
5.9477214566929133
20
-3.7963730314960631
11
5.948591968503937
21
-3.7976758267716533
0
LINE
8
BLACK
6
CONTINUOUS
10
5.948591968503937
20
-3.7976758267716533
11
5.9488976377952758
21
-3.7992125984251968
0
LINE
8
BLACK
6
CONTINUOUS
10
5.9488976377952758
20
-3.7992125984251968
11
5.9488976377952758
21
-3.8622047244094486
0
LINE
8
BLACK
6
CONTINUOUS
10
5.9488976377952758
20
-3.8622047244094486
11
5.948591968503937
21
-3.8637414960629921
0
LINE
8
BLACK
6
CONTINUOUS
10
5.948591968503937
20
-3.8637414960629921
11
5.9477214566929133
21
-3.8650442913385827
0
LINE
8
BLACK
6
CONTINUOUS
10
5.9477214566929133
20
-3.8650442913385827
11
5.9464186614173231
21
-3.865914803149606
0
LINE
8
BLACK
6
CONTINUOUS
10
5.9464186614173231
20
-3.865914803149606
11
5.9448818897637796
21
-3.8662204724409448
0
LINE
8
BLACK
6
CONTINUOUS
10
5.9448818897637796
20
-3.8662204724409448
11
5.9251968503937009
21
-3.8662204724409448
0
LINE
8
BLACK
6
CONTINUOUS
10
5.9251968503937009
20
-3.8662204724409448
11
5.9236600787401574
21
-3.865914803149606
0
LINE
8
BLACK
6
CONTINUOUS
10
5.9236600787401574
20
-3.865914803149606
11
5.9223572834645664
21
-3.8650442913385827
0
LINE
8
BLACK
6
CONTINUOUS
10
5.9223572834645664
20
-3.8650442913385827
11
5.9214867716535435
21
-3.8637414960629921
0
LINE
8
BLACK
6
CONTINUOUS
10
5.9214867716535435
20
-3.8637414960629921
11
5.9211811023622047
21
-3.8622047244094486
0
LINE
8
BLACK
6
CONTINUOUS
10
5.9211811023622047
20
-3.8622047244094486
11
5.9211811023622047
21
-3.7992125984251968
0
LINE
8
BLACK
6
CONTINUOUS
10
5.9211811023622047
20
-3.7992125984251968
11
5.9214867716535435
21
-3.7976758267716533
0
LINE
8
BLACK
6
CONTINUOUS
10
5.9214867716535435
20
-3.7976758267716533
11
5.9223572834645664
21
-3.7963730314960631
0
LINE
8
BLACK
6
CONTINUOUS
10
5.9223572834645664
20
-3.7963730314960631
11
5.9236600787401574
21
-3.7955025196850394
0
LINE
8
BLACK
6
CONTINUOUS
10
5.9236600787401574
20
-3.7955025196850394
11
5.9251968503937009
21
-3.7951968503937006
0
LINE
8
BLACK
6
CONTINUOUS
10
5.9251968503937009
20
-3.7951968503937006
11
5.9448818897637796
21
-3.7951968503937006
0
LINE
8
BLACK
6
CONTINUOUS
10
5.9448818897637796
20
-3.7951968503937006
11
5.9464186614173231
21
-3.7955025196850394
0
LINE
8
BLACK
6
CONTINUOUS
10
6.009410787401575
20
-3.7955025196850394
11
6.0107135826771652
21
-3.7963730314960631
0
LINE
8
BLACK
6
CONTINUOUS
10
6.0107135826771652
20
-3.7963730314960631
11
6.0115840944881889
21
-3.7976758267716533
0
LINE
8
BLACK
6
CONTINUOUS
10
6.0115840944881889
20
-3.7976758267716533
11
6.0118897637795277
21
-3.7992125984251968
0
LINE
8
BLACK
6
CONTINUOUS
10
6.0118897637795277
20
-3.7992125984251968
11
6.0118897637795277
21
-3.8622047244094486
0
LINE
8
BLACK
6
CONTINUOUS
10
6.0118897637795277
20
-3.8622047244094486
11
6.0115840944881889
21
-3.8637414960629921
0
LINE
8
BLACK
6
CONTINUOUS
10
6.0115840944881889
20
-3.8637414960629921
11
6.0107135826771652
21
-3.8650442913385827
0
LINE
8
BLACK
6
CONTINUOUS
10
6.0107135826771652
20
-3.8650442913385827
11
6.009410787401575
21
-3.865914803149606
0
LINE
8
BLACK
6
CONTINUOUS
10
6.009410787401575
20
-3.865914803149606
11
6.0078740157480315
21
-3.8662204724409448
0
LINE
8
BLACK
6
CONTINUOUS
10
6.0078740157480315
20
-3.8662204724409448
11
5.9881889763779528
21
-3.8662204724409448
0
LINE
8
BLACK
6
CONTINUOUS
10
5.9881889763779528
20
-3.8662204724409448
11
5.9866522047244093
21
-3.865914803149606
0
LINE
8
BLACK
6
CONTINUOUS
10
5.9866522047244093
20
-3.865914803149606
11
5.9853494094488191
21
-3.8650442913385827
0
LINE
8
BLACK
6
CONTINUOUS
10
5.9853494094488191
20
-3.8650442913385827
11
5.9844788976377954
21
-3.8637414960629921
0
LINE
8
BLACK
6
CONTINUOUS
10
5.9844788976377954
20
-3.8637414960629921
11
5.9841732283464566
21
-3.8622047244094486
0
LINE
8
BLACK
6
CONTINUOUS
10
5.9841732283464566
20
-3.8622047244094486
11
5.9841732283464566
21
-3.7992125984251968
0
LINE
8
BLACK
6
CONTINUOUS
10
5.9841732283464566
20
-3.7992125984251968
11
5.9844788976377954
21
-3.7976758267716533
0
LINE
8
BLACK
6
CONTINUOUS
10
5.9844788976377954
20
-3.7976758267716533
11
5.9853494094488191
21
-3.7963730314960631
0
LINE
8
BLACK
6
CONTINUOUS
10
5.9853494094488191
20
-3.7963730314960631
11
5.9866522047244093
21
-3.7955025196850394
0
LINE
8
BLACK
6
CONTINUOUS
10
5.9866522047244093
20
-3.7955025196850394
11
5.9881889763779528
21
-3.7951968503937006
0
LINE
8
BLACK
6
CONTINUOUS
10
5.9881889763779528
20
-3.7951968503937006
11
6.0078740157480315
21
-3.7951968503937006
0
LINE
8
BLACK
6
CONTINUOUS
10
6.0078740157480315
20
-3.7951968503937006
11
6.009410787401575
21
-3.7955025196850394
0
LINE
8
BLACK
6
CONTINUOUS
10
6.0724029133858268
20
-3.7955025196850394
11
6.073705708661417
21
-3.7963730314960631
0
LINE
8
BLACK
6
CONTINUOUS
10
6.073705708661417
20
-3.7963730314960631
11
6.0745762204724407
21
-3.7976758267716533
0
LINE
8
BLACK
6
CONTINUOUS
10
6.0745762204724407
20
-3.7976758267716533
11
6.0748818897637795
21
-3.7992125984251968
0
LINE
8
BLACK
6
CONTINUOUS
10
6.0748818897637795
20
-3.7992125984251968
11
6.0748818897637795
21
-3.8622047244094486
0
LINE
8
BLACK
6
CONTINUOUS
10
6.0748818897637795
20
-3.8622047244094486
11
6.0745762204724407
21
-3.8637414960629921
0
LINE
8
BLACK
6
CONTINUOUS
10
6.0745762204724407
20
-3.8637414960629921
11
6.073705708661417
21
-3.8650442913385827
0
LINE
8
BLACK
6
CONTINUOUS
10
6.073705708661417
20
-3.8650442913385827
11
6.0724029133858268
21
-3.865914803149606
0
LINE
8
BLACK
6
CONTINUOUS
10
6.0724029133858268
20
-3.865914803149606
11
6.0708661417322833
21
-3.8662204724409448
0
LINE
8
BLACK
6
CONTINUOUS
10
6.0708661417322833
20
-3.8662204724409448
11
6.0511811023622046
21
-3.8662204724409448
0
LINE
8
BLACK
6
CONTINUOUS
10
6.0511811023622046
20
-3.8662204724409448
11
6.0496443307086611
21
-3.865914803149606
0
LINE
8
BLACK
6
CONTINUOUS
10
6.0496443307086611
20
-3.865914803149606
11
6.048341535433071
21
-3.8650442913385827
0
LINE
8
BLACK
6
CONTINUOUS
10
6.048341535433071
20
-3.8650442913385827
11
6.0474710236220472
21
-3.8637414960629921
0
LINE
8
BLACK
6
CONTINUOUS
10
6.0474710236220472
20
-3.8637414960629921
11
6.0471653543307085
21
-3.8622047244094486
0
LINE
8
BLACK
6
CONTINUOUS
10
6.0471653543307085
20
-3.8622047244094486
11
6.0471653543307085
21
-3.7992125984251968
0
LINE
8
BLACK
6
CONTINUOUS
10
6.0471653543307085
20
-3.7992125984251968
11
6.0474710236220472
21
-3.7976758267716533
0
LINE
8
BLACK
6
CONTINUOUS
10
6.0474710236220472
20
-3.7976758267716533
11
6.048341535433071
21
-3.7963730314960631
0
LINE
8
BLACK
6
CONTINUOUS
10
6.048341535433071
20
-3.7963730314960631
11
6.0496443307086611
21
-3.7955025196850394
0
LINE
8
BLACK
6
CONTINUOUS
10
6.0496443307086611
20
-3.7955025196850394
11
6.0511811023622046
21
-3.7951968503937006
0
LINE
8
BLACK
6
CONTINUOUS
10
6.0511811023622046
20
-3.7951968503937006
11
6.0708661417322833
21
-3.7951968503937006
0
LINE
8
BLACK
6
CONTINUOUS
10
6.0708661417322833
20
-3.7951968503937006
11
6.0724029133858268
21
-3.7955025196850394
0
LINE
8
BLACK
6
CONTINUOUS
10
8.2284751181102358
20
-3.8142760629921257
11
8.2297524015748031
21
-3.8151294881889761
0
LINE
8
BLACK
6
CONTINUOUS
10
8.2297524015748031
20
-3.8151294881889761
11
8.2306058267716526
21
-3.816406771653543
0
LINE
8
BLACK
6
CONTINUOUS
10
8.2306058267716526
20
-3.816406771653543
11
8.2309055118110237
21
-3.8179133858267718
0
LINE
8
BLACK
6
CONTINUOUS
10
8.2309055118110237
20
-3.8179133858267718
11
8.2309055118110237
21
-3.8257874015748032
0
LINE
8
BLACK
6
CONTINUOUS
10
8.2309055118110237
20
-3.8257874015748032
11
8.2306058267716526
21
-3.8272940157480315
0
LINE
8
BLACK
6
CONTINUOUS
10
8.2306058267716526
20
-3.8272940157480315
11
8.2297524015748031
21
-3.8285712992125984
0
LINE
8
BLACK
6
CONTINUOUS
10
8.2297524015748031
20
-3.8285712992125984
11
8.2284751181102358
21
-3.8294247244094488
0
LINE
8
BLACK
6
CONTINUOUS
10
8.2284751181102358
20
-3.8294247244094488
11
8.2269685039370071
21
-3.829724409448819
0
LINE
8
BLACK
6
CONTINUOUS
10
8.2269685039370071
20
-3.829724409448819
11
8.2092519685039367
21
-3.829724409448819
0
LINE
8
BLACK
6
CONTINUOUS
10
8.2092519685039367
20
-3.829724409448819
11
8.207745354330708
21
-3.8294247244094488
0
LINE
8
BLACK
6
CONTINUOUS
10
8.207745354330708
20
-3.8294247244094488
11
8.2064680708661424
21
-3.8285712992125984
0
LINE
8
BLACK
6
CONTINUOUS
10
8.2064680708661424
20
-3.8285712992125984
11
8.2056146456692911
21
-3.8272940157480315
0
LINE
8
BLACK
6
CONTINUOUS
10
8.2056146456692911
20
-3.8272940157480315
11
8.2053149606299218
21
-3.8257874015748032
0
LINE
8
BLACK
6
CONTINUOUS
10
8.2053149606299218
20
-3.8257874015748032
11
8.2053149606299218
21
-3.8179133858267718
0
LINE
8
BLACK
6
CONTINUOUS
10
8.2053149606299218
20
-3.8179133858267718
11
8.2056146456692911
21
-3.816406771653543
0
LINE
8
BLACK
6
CONTINUOUS
10
8.2056146456692911
20
-3.816406771653543
11
8.2064680708661424
21
-3.8151294881889761
0
LINE
8
BLACK
6
CONTINUOUS
10
8.2064680708661424
20
-3.8151294881889761
11
8.207745354330708
21
-3.8142760629921257
0
LINE
8
BLACK
6
CONTINUOUS
10
8.207745354330708
20
-3.8142760629921257
11
8.2092519685039367
21
-3.813976377952756
0
LINE
8
BLACK
6
CONTINUOUS
10
8.2092519685039367
20
-3.813976377952756
11
8.2269685039370071
21
-3.813976377952756
0
LINE
8
BLACK
6
CONTINUOUS
10
8.2269685039370071
20
-3.813976377952756
11
8.2284751181102358
21
-3.8142760629921257
0
LINE
8
BLACK
6
CONTINUOUS
10
8.3032782677165358
20
-3.8142760629921257
11
8.3045555511811013
21
-3.8151294881889761
0
LINE
8
BLACK
6
CONTINUOUS
10
8.3045555511811013
20
-3.8151294881889761
11
8.3054089763779526
21
-3.816406771653543
0
LINE
8
BLACK
6
CONTINUOUS
10
8.3054089763779526
20
-3.816406771653543
11
8.3057086614173219
21
-3.8179133858267718
0
LINE
8
BLACK
6
CONTINUOUS
10
8.3057086614173219
20
-3.8179133858267718
11
8.3057086614173219
21
-3.8257874015748032
0
LINE
8
BLACK
6
CONTINUOUS
10
8.3057086614173219
20
-3.8257874015748032
11
8.3054089763779526
21
-3.8272940157480315
0
LINE
8
BLACK
6
CONTINUOUS
10
8.3054089763779526
20
-3.8272940157480315
11
8.3045555511811013
21
-3.8285712992125984
0
LINE
8
BLACK
6
CONTINUOUS
10
8.3045555511811013
20
-3.8285712992125984
11
8.3032782677165358
21
-3.8294247244094488
0
LINE
8
BLACK
6
CONTINUOUS
10
8.3032782677165358
20
-3.8294247244094488
11
8.301771653543307
21
-3.829724409448819
0
LINE
8
BLACK
6
CONTINUOUS
10
8.301771653543307
20
-3.829724409448819
11
8.2840551181102366
21
-3.829724409448819
0
LINE
8
BLACK
6
CONTINUOUS
10
8.2840551181102366
20
-3.829724409448819
11
8.2825485039370079
21
-3.8294247244094488
0
LINE
8
BLACK
6
CONTINUOUS
10
8.2825485039370079
20
-3.8294247244094488
11
8.2812712204724406
21
-3.8285712992125984
0
LINE
8
BLACK
6
CONTINUOUS
10
8.2812712204724406
20
-3.8285712992125984
11
8.2804177952755911
21
-3.8272940157480315
0
LINE
8
BLACK
6
CONTINUOUS
10
8.2804177952755911
20
-3.8272940157480315
11
8.28011811023622
21
-3.8257874015748032
0
LINE
8
BLACK
6
CONTINUOUS
10
8.28011811023622
20
-3.8257874015748032
11
8.28011811023622
21
-3.8179133858267718
0
LINE
8
BLACK
6
CONTINUOUS
10
8.28011811023622
20
-3.8179133858267718
11
8.2804177952755911
21
-3.816406771653543
0
LINE
8
BLACK
6
CONTINUOUS
10
8.2804177952755911
20
-3.816406771653543
11
8.2812712204724406
21
-3.8151294881889761
0
LINE
8
BLACK
6
CONTINUOUS
10
8.2812712204724406
20
-3.8151294881889761
11
8.2825485039370079
21
-3.8142760629921257
0
LINE
8
BLACK
6
CONTINUOUS
10
8.2825485039370079
20
-3.8142760629921257
11
8.2840551181102366
21
-3.813976377952756
0
LINE
8
BLACK
6
CONTINUOUS
10
8.2840551181102366
20
-3.813976377952756
11
8.301771653543307
21
-3.813976377952756
0
LINE
8
BLACK
6
CONTINUOUS
10
8.301771653543307
20
-3.813976377952756
11
8.3032782677165358
21
-3.8142760629921257
0
LINE
8
BLACK
6
CONTINUOUS
10
8.2284751181102358
20
-3.7886855118110234
11
8.2297524015748031
21
-3.7895389370078738
0
LINE
8
BLACK
6
CONTINUOUS
10
8.2297524015748031
20
-3.7895389370078738
11
8.2306058267716526
21
-3.7908162204724407
0
LINE
8
BLACK
6
CONTINUOUS
10
8.2306058267716526
20
-3.7908162204724407
11
8.2309055118110237
21
-3.792322834645669
0
LINE
8
BLACK
6
CONTINUOUS
10
8.2309055118110237
20
-3.792322834645669
11
8.2309055118110237
21
-3.8001968503937009
0
LINE
8
BLACK
6
CONTINUOUS
10
8.2309055118110237
20
-3.8001968503937009
11
8.2306058267716526
21
-3.8017034645669292
0
LINE
8
BLACK
6
CONTINUOUS
10
8.2306058267716526
20
-3.8017034645669292
11
8.2297524015748031
21
-3.8029807480314961
0
LINE
8
BLACK
6
CONTINUOUS
10
8.2297524015748031
20
-3.8029807480314961
11
8.2284751181102358
21
-3.8038341732283465
0
LINE
8
BLACK
6
CONTINUOUS
10
8.2284751181102358
20
-3.8038341732283465
11
8.2269685039370071
21
-3.8041338582677167
0
LINE
8
BLACK
6
CONTINUOUS
10
8.2269685039370071
20
-3.8041338582677167
11
8.2092519685039367
21
-3.8041338582677167
0
LINE
8
BLACK
6
CONTINUOUS
10
8.2092519685039367
20
-3.8041338582677167
11
8.207745354330708
21
-3.8038341732283465
0
LINE
8
BLACK
6
CONTINUOUS
10
8.207745354330708
20
-3.8038341732283465
11
8.2064680708661424
21
-3.8029807480314961
0
LINE
8
BLACK
6
CONTINUOUS
10
8.2064680708661424
20
-3.8029807480314961
11
8.2056146456692911
21
-3.8017034645669292
0
LINE
8
BLACK
6
CONTINUOUS
10
8.2056146456692911
20
-3.8017034645669292
11
8.2053149606299218
21
-3.8001968503937009
0
LINE
8
BLACK
6
CONTINUOUS
10
8.2053149606299218
20
-3.8001968503937009
11
8.2053149606299218
21
-3.792322834645669
0
LINE
8
BLACK
6
CONTINUOUS
10
8.2053149606299218
20
-3.792322834645669
11
8.2056146456692911
21
-3.7908162204724407
0
LINE
8
BLACK
6
CONTINUOUS
10
8.2056146456692911
20
-3.7908162204724407
11
8.2064680708661424
21
-3.7895389370078738
0
LINE
8
BLACK
6
CONTINUOUS
10
8.2064680708661424
20
-3.7895389370078738
11
8.207745354330708
21
-3.7886855118110234
0
LINE
8
BLACK
6
CONTINUOUS
10
8.207745354330708
20
-3.7886855118110234
11
8.2092519685039367
21
-3.7883858267716533
0
LINE
8
BLACK
6
CONTINUOUS
10
8.2092519685039367
20
-3.7883858267716533
11
8.2269685039370071
21
-3.7883858267716533
0
LINE
8
BLACK
6
CONTINUOUS
10
8.2269685039370071
20
-3.7883858267716533
11
8.2284751181102358
21
-3.7886855118110234
0
LINE
8
BLACK
6
CONTINUOUS
10
8.0713203543307088
20
-3.7488277165354331
11
8.0738748425196842
21
-3.7505346062992126
0
LINE
8
BLACK
6
CONTINUOUS
10
8.0738748425196842
20
-3.7505346062992126
11
8.0755817322834638
21
-3.7530890944881889
0
LINE
8
BLACK
6
CONTINUOUS
10
8.0755817322834638
20
-3.7530890944881889
11
8.0761811023622041
21
-3.7561023622047243
0
LINE
8
BLACK
6
CONTINUOUS
10
8.0761811023622041
20
-3.7561023622047243
11
8.0761811023622041
21
-3.7777559055118108
0
LINE
8
BLACK
6
CONTINUOUS
10
8.0761811023622041
20
-3.7777559055118108
11
8.0755817322834638
21
-3.7807691732283462
0
LINE
8
BLACK
6
CONTINUOUS
10
8.0755817322834638
20
-3.7807691732283462
11
8.0738748425196842
21
-3.7833236614173229
0
LINE
8
BLACK
6
CONTINUOUS
10
8.0738748425196842
20
-3.7833236614173229
11
8.0713203543307088
21
-3.7850305511811024
0
LINE
8
BLACK
6
CONTINUOUS
10
8.0713203543307088
20
-3.7850305511811024
11
8.0683070866141726
21
-3.7856299212598423
0
LINE
8
BLACK
6
CONTINUOUS
10
8.0683070866141726
20
-3.7856299212598423
11
8.0525590551181097
21
-3.7856299212598423
0
LINE
8
BLACK
6
CONTINUOUS
10
8.0525590551181097
20
-3.7856299212598423
11
8.0495457874015752
21
-3.7850305511811024
0
LINE
8
BLACK
6
CONTINUOUS
10
8.0495457874015752
20
-3.7850305511811024
11
8.046991299212598
21
-3.7833236614173229
0
LINE
8
BLACK
6
CONTINUOUS
10
8.046991299212598
20
-3.7833236614173229
11
8.0452844094488185
21
-3.7807691732283462
0
LINE
8
BLACK
6
CONTINUOUS
10
8.0452844094488185
20
-3.7807691732283462
11
8.0446850393700782
21
-3.7777559055118108
0
LINE
8
BLACK
6
CONTINUOUS
10
8.0446850393700782
20
-3.7777559055118108
11
8.0446850393700782
21
-3.7561023622047243
0
LINE
8
BLACK
6
CONTINUOUS
10
8.0446850393700782
20
-3.7561023622047243
11
8.0452844094488185
21
-3.7530890944881889
0
LINE
8
BLACK
6
CONTINUOUS
10
8.0452844094488185
20
-3.7530890944881889
11
8.046991299212598
21
-3.7505346062992126
0
LINE
8
BLACK
6
CONTINUOUS
10
8.046991299212598
20
-3.7505346062992126
11
8.0495457874015752
21
-3.7488277165354331
0
LINE
8
BLACK
6
CONTINUOUS
10
8.0495457874015752
20
-3.7488277165354331
11
8.0525590551181097
21
-3.7482283464566928
0
LINE
8
BLACK
6
CONTINUOUS
10
8.0525590551181097
20
-3.7482283464566928
11
8.0683070866141726
21
-3.7482283464566928
0
LINE
8
BLACK
6
CONTINUOUS
10
8.0683070866141726
20
-3.7482283464566928
11
8.0713203543307088
21
-3.7488277165354331
0
LINE
8
BLACK
6
CONTINUOUS
10
8.1362809842519681
20
-3.7488277165354331
11
8.1388354724409453
21
-3.7505346062992126
0
LINE
8
BLACK
6
CONTINUOUS
10
8.1388354724409453
20
-3.7505346062992126
11
8.1405423622047248
21
-3.7530890944881889
0
LINE
8
BLACK
6
CONTINUOUS
10
8.1405423622047248
20
-3.7530890944881889
11
8.1411417322834652
21
-3.7561023622047243
0
LINE
8
BLACK
6
CONTINUOUS
10
8.1411417322834652
20
-3.7561023622047243
11
8.1411417322834652
21
-3.7777559055118108
0
LINE
8
BLACK
6
CONTINUOUS
10
8.1411417322834652
20
-3.7777559055118108
11
8.1405423622047248
21
-3.7807691732283462
0
LINE
8
BLACK
6
CONTINUOUS
10
8.1405423622047248
20
-3.7807691732283462
11
8.1388354724409453
21
-3.7833236614173229
0
LINE
8
BLACK
6
CONTINUOUS
10
8.1388354724409453
20
-3.7833236614173229
11
8.1362809842519681
21
-3.7850305511811024
0
LINE
8
BLACK
6
CONTINUOUS
10
8.1362809842519681
20
-3.7850305511811024
11
8.1332677165354337
21
-3.7856299212598423
0
LINE
8
BLACK
6
CONTINUOUS
10
8.1332677165354337
20
-3.7856299212598423
11
8.1175196850393707
21
-3.7856299212598423
0
LINE
8
BLACK
6
CONTINUOUS
10
8.1175196850393707
20
-3.7856299212598423
11
8.1145064173228345
21
-3.7850305511811024
0
LINE
8
BLACK
6
CONTINUOUS
10
8.1145064173228345
20
-3.7850305511811024
11
8.1119519291338573
21
-3.7833236614173229
0
LINE
8
BLACK
6
CONTINUOUS
10
8.1119519291338573
20
-3.7833236614173229
11
8.1102450393700778
21
-3.7807691732283462
0
LINE
8
BLACK
6
CONTINUOUS
10
8.1102450393700778
20
-3.7807691732283462
11
8.1096456692913392
21
-3.7777559055118108
0
LINE
8
BLACK
6
CONTINUOUS
10
8.1096456692913392
20
-3.7777559055118108
11
8.1096456692913392
21
-3.7561023622047243
0
LINE
8
BLACK
6
CONTINUOUS
10
8.1096456692913392
20
-3.7561023622047243
11
8.1102450393700778
21
-3.7530890944881889
0
LINE
8
BLACK
6
CONTINUOUS
10
8.1102450393700778
20
-3.7530890944881889
11
8.1119519291338573
21
-3.7505346062992126
0
LINE
8
BLACK
6
CONTINUOUS
10
8.1119519291338573
20
-3.7505346062992126
11
8.1145064173228345
21
-3.7488277165354331
0
LINE
8
BLACK
6
CONTINUOUS
10
8.1145064173228345
20
-3.7488277165354331
11
8.1175196850393707
21
-3.7482283464566928
0
LINE
8
BLACK
6
CONTINUOUS
10
8.1175196850393707
20
-3.7482283464566928
11
8.1332677165354337
21
-3.7482283464566928
0
LINE
8
BLACK
6
CONTINUOUS
10
8.1332677165354337
20
-3.7482283464566928
11
8.1362809842519681
21
-3.7488277165354331
0
LINE
8
BLACK
6
CONTINUOUS
10
4.6315672047244094
20
-3.6863991338582678
11
4.6389115748031493
21
-3.6887854724409448
0
LINE
8
BLACK
6
CONTINUOUS
10
4.6389115748031493
20
-3.6887854724409448
11
4.6457922440944879
21
-3.692291338582677
0
LINE
8
BLACK
6
CONTINUOUS
10
4.6457922440944879
20
-3.692291338582677
11
4.6520397637795279
21
-3.6968304330708661
0
LINE
8
BLACK
6
CONTINUOUS
10
4.6520397637795279
20
-3.6968304330708661
11
4.657500275590551
21
-3.7022909448818897
0
LINE
8
BLACK
6
CONTINUOUS
10
4.657500275590551
20
-3.7022909448818897
11
4.6620393700787401
21
-3.7085384645669293
0
LINE
8
BLACK
6
CONTINUOUS
10
4.6620393700787401
20
-3.7085384645669293
11
4.6655452362204723
21
-3.7154191338582678
0
LINE
8
BLACK
6
CONTINUOUS
10
4.6655452362204723
20
-3.7154191338582678
11
4.6679315748031494
21
-3.7227635039370077
0
LINE
8
BLACK
6
CONTINUOUS
10
4.6679315748031494
20
-3.7227635039370077
11
4.6691396456692909
21
-3.7303907874015749
0
LINE
8
BLACK
6
CONTINUOUS
10
4.6691396456692909
20
-3.7303907874015749
11
4.6691396456692909
21
-3.7381131496062991
0
LINE
8
BLACK
6
CONTINUOUS
10
4.6691396456692909
20
-3.7381131496062991
11
4.6679315748031494
21
-3.7457404330708659
0
LINE
8
BLACK
6
CONTINUOUS
10
4.6679315748031494
20
-3.7457404330708659
11
4.6655452362204723
21
-3.7530848031496062
0
LINE
8
BLACK
6
CONTINUOUS
10
4.6655452362204723
20
-3.7530848031496062
11
4.6620393700787401
21
-3.7599654724409448
0
LINE
8
BLACK
6
CONTINUOUS
10
4.6620393700787401
20
-3.7599654724409448
11
4.657500275590551
21
-3.7662129921259844
0
LINE
8
BLACK
6
CONTINUOUS
10
4.657500275590551
20
-3.7662129921259844
11
4.6520397637795279
21
-3.771673503937008
0
LINE
8
BLACK
6
CONTINUOUS
10
4.6520397637795279
20
-3.771673503937008
11
4.6457922440944879
21
-3.7762125984251966
0
LINE
8
BLACK
6
CONTINUOUS
10
4.6457922440944879
20
-3.7762125984251966
11
4.6389115748031493
21
-3.7797184645669288
0
LINE
8
BLACK
6
CONTINUOUS
10
4.6389115748031493
20
-3.7797184645669288
11
4.6315672047244094
21
-3.7821048031496063
0
LINE
8
BLACK
6
CONTINUOUS
10
4.6315672047244094
20
-3.7821048031496063
11
4.6239399212598427
21
-3.7833128740157478
0
LINE
8
BLACK
6
CONTINUOUS
10
4.6239399212598427
20
-3.7833128740157478
11
4.6162175590551184
21
-3.7833128740157478
0
LINE
8
BLACK
6
CONTINUOUS
10
4.6162175590551184
20
-3.7833128740157478
11
4.6085902755905508
21
-3.7821048031496063
0
LINE
8
BLACK
6
CONTINUOUS
10
4.6085902755905508
20
-3.7821048031496063
11
4.6012459055118109
21
-3.7797184645669288
0
LINE
8
BLACK
6
CONTINUOUS
10
4.6012459055118109
20
-3.7797184645669288
11
4.5943652362204723
21
-3.7762125984251966
0
LINE
8
BLACK
6
CONTINUOUS
10
4.5943652362204723
20
-3.7762125984251966
11
4.5881177165354332
21
-3.771673503937008
0
LINE
8
BLACK
6
CONTINUOUS
10
4.5881177165354332
20
-3.771673503937008
11
4.5826572047244092
21
-3.7662129921259844
0
LINE
8
BLACK
6
CONTINUOUS
10
4.5826572047244092
20
-3.7662129921259844
11
4.5781181102362201
21
-3.7599654724409448
0
LINE
8
BLACK
6
CONTINUOUS
10
4.5781181102362201
20
-3.7599654724409448
11
4.5746122440944879
21
-3.7530848031496062
0
LINE
8
BLACK
6
CONTINUOUS
10
4.5746122440944879
20
-3.7530848031496062
11
4.5722259055118109
21
-3.7457404330708659
0
LINE
8
BLACK
6
CONTINUOUS
10
4.5722259055118109
20
-3.7457404330708659
11
4.5710178346456694
21
-3.7381131496062991
0
LINE
8
BLACK
6
CONTINUOUS
10
4.5710178346456694
20
-3.7381131496062991
11
4.5710178346456694
21
-3.7303907874015749
0
LINE
8
BLACK
6
CONTINUOUS
10
4.5710178346456694
20
-3.7303907874015749
11
4.5722259055118109
21
-3.7227635039370077
0
LINE
8
BLACK
6
CONTINUOUS
10
4.5722259055118109
20
-3.7227635039370077
11
4.5746122440944879
21
-3.7154191338582678
0
LINE
8
BLACK
6
CONTINUOUS
10
4.5746122440944879
20
-3.7154191338582678
11
4.5781181102362201
21
-3.7085384645669293
0
LINE
8
BLACK
6
CONTINUOUS
10
4.5781181102362201
20
-3.7085384645669293
11
4.5826572047244092
21
-3.7022909448818897
0
LINE
8
BLACK
6
CONTINUOUS
10
4.5826572047244092
20
-3.7022909448818897
11
4.5881177165354332
21
-3.6968304330708661
0
LINE
8
BLACK
6
CONTINUOUS
10
4.5881177165354332
20
-3.6968304330708661
11
4.5943652362204723
21
-3.692291338582677
0
LINE
8
BLACK
6
CONTINUOUS
10
4.5943652362204723
20
-3.692291338582677
11
4.6012459055118109
21
-3.6887854724409448
0
LINE
8
BLACK
6
CONTINUOUS
10
4.6012459055118109
20
-3.6887854724409448
11
4.6085902755905508
21
-3.6863991338582678
0
LINE
8
BLACK
6
CONTINUOUS
10
4.6085902755905508
20
-3.6863991338582678
11
4.6162175590551184
21
-3.6851910629921258
0
LINE
8
BLACK
6
CONTINUOUS
10
4.6162175590551184
20
-3.6851910629921258
11
4.6239399212598427
21
-3.6851910629921258
0
LINE
8
BLACK
6
CONTINUOUS
10
4.6239399212598427
20
-3.6851910629921258
11
4.6315672047244094
21
-3.6863991338582678
0
LINE
8
BLACK
6
CONTINUOUS
10
8.2284751181102358
20
-3.7630949606299211
11
8.2297524015748031
21
-3.7639483858267715
0
LINE
8
BLACK
6
CONTINUOUS
10
8.2297524015748031
20
-3.7639483858267715
11
8.2306058267716526
21
-3.7652256692913384
0
LINE
8
BLACK
6
CONTINUOUS
10
8.2306058267716526
20
-3.7652256692913384
11
8.2309055118110237
21
-3.7667322834645667
0
LINE
8
BLACK
6
CONTINUOUS
10
8.2309055118110237
20
-3.7667322834645667
11
8.2309055118110237
21
-3.7746062992125982
0
LINE
8
BLACK
6
CONTINUOUS
10
8.2309055118110237
20
-3.7746062992125982
11
8.2306058267716526
21
-3.7761129133858269
0
LINE
8
BLACK
6
CONTINUOUS
10
8.2306058267716526
20
-3.7761129133858269
11
8.2297524015748031
21
-3.7773901968503938
0
LINE
8
BLACK
6
CONTINUOUS
10
8.2297524015748031
20
-3.7773901968503938
11
8.2284751181102358
21
-3.7782436220472442
0
LINE
8
BLACK
6
CONTINUOUS
10
8.2284751181102358
20
-3.7782436220472442
11
8.2269685039370071
21
-3.7785433070866139
0
LINE
8
BLACK
6
CONTINUOUS
10
8.2269685039370071
20
-3.7785433070866139
11
8.2092519685039367
21
-3.7785433070866139
0
LINE
8
BLACK
6
CONTINUOUS
10
8.2092519685039367
20
-3.7785433070866139
11
8.207745354330708
21
-3.7782436220472442
0
LINE
8
BLACK
6
CONTINUOUS
10
8.207745354330708
20
-3.7782436220472442
11
8.2064680708661424
21
-3.7773901968503938
0
LINE
8
BLACK
6
CONTINUOUS
10
8.2064680708661424
20
-3.7773901968503938
11
8.2056146456692911
21
-3.7761129133858269
0
LINE
8
BLACK
6
CONTINUOUS
10
8.2056146456692911
20
-3.7761129133858269
11
8.2053149606299218
21
-3.7746062992125982
0
LINE
8
BLACK
6
CONTINUOUS
10
8.2053149606299218
20
-3.7746062992125982
11
8.2053149606299218
21
-3.7667322834645667
0
LINE
8
BLACK
6
CONTINUOUS
10
8.2053149606299218
20
-3.7667322834645667
11
8.2056146456692911
21
-3.7652256692913384
0
LINE
8
BLACK
6
CONTINUOUS
10
8.2056146456692911
20
-3.7652256692913384
11
8.2064680708661424
21
-3.7639483858267715
0
LINE
8
BLACK
6
CONTINUOUS
10
8.2064680708661424
20
-3.7639483858267715
11
8.207745354330708
21
-3.7630949606299211
0
LINE
8
BLACK
6
CONTINUOUS
10
8.207745354330708
20
-3.7630949606299211
11
8.2092519685039367
21
-3.7627952755905509
0
LINE
8
BLACK
6
CONTINUOUS
10
8.2092519685039367
20
-3.7627952755905509
11
8.2269685039370071
21
-3.7627952755905509
0
LINE
8
BLACK
6
CONTINUOUS
10
8.2269685039370071
20
-3.7627952755905509
11
8.2284751181102358
21
-3.7630949606299211
0
LINE
8
BLACK
6
CONTINUOUS
10
8.3032782677165358
20
-3.7630949606299211
11
8.3045555511811013
21
-3.7639483858267715
0
LINE
8
BLACK
6
CONTINUOUS
10
8.3045555511811013
20
-3.7639483858267715
11
8.3054089763779526
21
-3.7652256692913384
0
LINE
8
BLACK
6
CONTINUOUS
10
8.3054089763779526
20
-3.7652256692913384
11
8.3057086614173219
21
-3.7667322834645667
0
LINE
8
BLACK
6
CONTINUOUS
10
8.3057086614173219
20
-3.7667322834645667
11
8.3057086614173219
21
-3.7746062992125982
0
LINE
8
BLACK
6
CONTINUOUS
10
8.3057086614173219
20
-3.7746062992125982
11
8.3054089763779526
21
-3.7761129133858269
0
LINE
8
BLACK
6
CONTINUOUS
10
8.3054089763779526
20
-3.7761129133858269
11
8.3045555511811013
21
-3.7773901968503938
0
LINE
8
BLACK
6
CONTINUOUS
10
8.3045555511811013
20
-3.7773901968503938
11
8.3032782677165358
21
-3.7782436220472442
0
LINE
8
BLACK
6
CONTINUOUS
10
8.3032782677165358
20
-3.7782436220472442
11
8.301771653543307
21
-3.7785433070866139
0
LINE
8
BLACK
6
CONTINUOUS
10
8.301771653543307
20
-3.7785433070866139
11
8.2840551181102366
21
-3.7785433070866139
0
LINE
8
BLACK
6
CONTINUOUS
10
8.2840551181102366
20
-3.7785433070866139
11
8.2825485039370079
21
-3.7782436220472442
0
LINE
8
BLACK
6
CONTINUOUS
10
8.2825485039370079
20
-3.7782436220472442
11
8.2812712204724406
21
-3.7773901968503938
0
LINE
8
BLACK
6
CONTINUOUS
10
8.2812712204724406
20
-3.7773901968503938
11
8.2804177952755911
21
-3.7761129133858269
0
LINE
8
BLACK
6
CONTINUOUS
10
8.2804177952755911
20
-3.7761129133858269
11
8.28011811023622
21
-3.7746062992125982
0
LINE
8
BLACK
6
CONTINUOUS
10
8.28011811023622
20
-3.7746062992125982
11
8.28011811023622
21
-3.7667322834645667
0
LINE
8
BLACK
6
CONTINUOUS
10
8.28011811023622
20
-3.7667322834645667
11
8.2804177952755911
21
-3.7652256692913384
0
LINE
8
BLACK
6
CONTINUOUS
10
8.2804177952755911
20
-3.7652256692913384
11
8.2812712204724406
21
-3.7639483858267715
0
LINE
8
BLACK
6
CONTINUOUS
10
8.2812712204724406
20
-3.7639483858267715
11
8.2825485039370079
21
-3.7630949606299211
0
LINE
8
BLACK
6
CONTINUOUS
10
8.2825485039370079
20
-3.7630949606299211
11
8.2840551181102366
21
-3.7627952755905509
0
LINE
8
BLACK
6
CONTINUOUS
10
8.2840551181102366
20
-3.7627952755905509
11
8.301771653543307
21
-3.7627952755905509
0
LINE
8
BLACK
6
CONTINUOUS
10
8.301771653543307
20
-3.7627952755905509
11
8.3032782677165358
21
-3.7630949606299211
0
LINE
8
BLACK
6
CONTINUOUS
10
6.3739882283464562
20
-3.5537372834645669
11
6.3792247244094487
21
-3.5558022834645668
0
LINE
8
BLACK
6
CONTINUOUS
10
6.3792247244094487
20
-3.5558022834645668
11
6.3837098818897635
21
-3.5592035039370078
0
LINE
8
BLACK
6
CONTINUOUS
10
6.3837098818897635
20
-3.5592035039370078
11
6.3871111023622049
21
-3.5636886614173227
0
LINE
8
BLACK
6
CONTINUOUS
10
6.3871111023622049
20
-3.5636886614173227
11
6.3891761023622049
21
-3.5689251574803147
0
LINE
8
BLACK
6
CONTINUOUS
10
6.3891761023622049
20
-3.5689251574803147
11
6.3897637795275593
21
-3.5738188976377954
0
LINE
8
BLACK
6
CONTINUOUS
10
6.3897637795275593
20
-3.5738188976377954
11
6.3897637795275593
21
-3.670275590551181
0
LINE
8
BLACK
6
CONTINUOUS
10
6.3897637795275593
20
-3.670275590551181
11
6.3891761023622049
21
-3.6751693307086613
0
LINE
8
BLACK
6
CONTINUOUS
10
6.3891761023622049
20
-3.6751693307086613
11
6.3871111023622049
21
-3.6804058267716533
0
LINE
8
BLACK
6
CONTINUOUS
10
6.3871111023622049
20
-3.6804058267716533
11
6.3837098818897635
21
-3.6848909842519686
0
LINE
8
BLACK
6
CONTINUOUS
10
6.3837098818897635
20
-3.6848909842519686
11
6.3792247244094487
21
-3.6882922047244096
0
LINE
8
BLACK
6
CONTINUOUS
10
6.3792247244094487
20
-3.6882922047244096
11
6.3739882283464562
21
-3.6903572047244095
0
LINE
8
BLACK
6
CONTINUOUS
10
6.3739882283464562
20
-3.6903572047244095
11
6.3690944881889759
21
-3.6909448818897639
0
LINE
8
BLACK
6
CONTINUOUS
10
6.3690944881889759
20
-3.6909448818897639
11
6.2647637795275593
21
-3.6909448818897639
0
LINE
8
BLACK
6
CONTINUOUS
10
6.2647637795275593
20
-3.6909448818897639
11
6.259870039370079
21
-3.6903572047244095
0
LINE
8
BLACK
6
CONTINUOUS
10
6.259870039370079
20
-3.6903572047244095
11
6.2546335433070865
21
-3.6882922047244096
0
LINE
8
BLACK
6
CONTINUOUS
10
6.2546335433070865
20
-3.6882922047244096
11
6.2501483858267717
21
-3.6848909842519686
0
LINE
8
BLACK
6
CONTINUOUS
10
6.2501483858267717
20
-3.6848909842519686
11
6.2467471653543303
21
-3.6804058267716533
0
LINE
8
BLACK
6
CONTINUOUS
10
6.2467471653543303
20
-3.6804058267716533
11
6.2446821653543303
21
-3.6751693307086613
0
LINE
8
BLACK
6
CONTINUOUS
10
6.2446821653543303
20
-3.6751693307086613
11
6.2440944881889759
21
-3.670275590551181
0
LINE
8
BLACK
6
CONTINUOUS
10
6.2440944881889759
20
-3.670275590551181
11
6.2440944881889759
21
-3.5738188976377954
0
LINE
8
BLACK
6
CONTINUOUS
10
6.2440944881889759
20
-3.5738188976377954
11
6.2446821653543303
21
-3.5689251574803147
0
LINE
8
BLACK
6
CONTINUOUS
10
6.2446821653543303
20
-3.5689251574803147
11
6.2467471653543303
21
-3.5636886614173227
0
LINE
8
BLACK
6
CONTINUOUS
10
6.2467471653543303
20
-3.5636886614173227
11
6.2501483858267717
21
-3.5592035039370078
0
LINE
8
BLACK
6
CONTINUOUS
10
6.2501483858267717
20
-3.5592035039370078
11
6.2546335433070865
21
-3.5558022834645668
0
LINE
8
BLACK
6
CONTINUOUS
10
6.2546335433070865
20
-3.5558022834645668
11
6.259870039370079
21
-3.5537372834645669
0
LINE
8
BLACK
6
CONTINUOUS
10
6.259870039370079
20
-3.5537372834645669
11
6.2647637795275593
21
-3.5531496062992125
0
LINE
8
BLACK
6
CONTINUOUS
10
6.2647637795275593
20
-3.5531496062992125
11
6.3690944881889759
21
-3.5531496062992125
0
LINE
8
BLACK
6
CONTINUOUS
10
6.3690944881889759
20
-3.5531496062992125
11
6.3739882283464562
21
-3.5537372834645669
0
LINE
8
BLACK
6
CONTINUOUS
10
6.6889488582677163
20
-3.5537372834645669
11
6.6941853543307088
21
-3.5558022834645668
0
LINE
8
BLACK
6
CONTINUOUS
10
6.6941853543307088
20
-3.5558022834645668
11
6.6986705118110237
21
-3.5592035039370078
0
LINE
8
BLACK
6
CONTINUOUS
10
6.6986705118110237
20
-3.5592035039370078
11
6.7020717322834642
21
-3.5636886614173227
0
LINE
8
BLACK
6
CONTINUOUS
10
6.7020717322834642
20
-3.5636886614173227
11
6.7041367322834642
21
-3.5689251574803147
0
LINE
8
BLACK
6
CONTINUOUS
10
6.7041367322834642
20
-3.5689251574803147
11
6.7047244094488185
21
-3.5738188976377954
0
LINE
8
BLACK
6
CONTINUOUS
10
6.7047244094488185
20
-3.5738188976377954
11
6.7047244094488185
21
-3.670275590551181
0
LINE
8
BLACK
6
CONTINUOUS
10
6.7047244094488185
20
-3.670275590551181
11
6.7041367322834642
21
-3.6751693307086613
0
LINE
8
BLACK
6
CONTINUOUS
10
6.7041367322834642
20
-3.6751693307086613
11
6.7020717322834642
21
-3.6804058267716533
0
LINE
8
BLACK
6
CONTINUOUS
10
6.7020717322834642
20
-3.6804058267716533
11
6.6986705118110237
21
-3.6848909842519686
0
LINE
8
BLACK
6
CONTINUOUS
10
6.6986705118110237
20
-3.6848909842519686
11
6.6941853543307088
21
-3.6882922047244096
0
LINE
8
BLACK
6
CONTINUOUS
10
6.6941853543307088
20
-3.6882922047244096
11
6.6889488582677163
21
-3.6903572047244095
0
LINE
8
BLACK
6
CONTINUOUS
10
6.6889488582677163
20
-3.6903572047244095
11
6.6840551181102361
21
-3.6909448818897639
0
LINE
8
BLACK
6
CONTINUOUS
10
6.6840551181102361
20
-3.6909448818897639
11
6.5797244094488185
21
-3.6909448818897639
0
LINE
8
BLACK
6
CONTINUOUS
10
6.5797244094488185
20
-3.6909448818897639
11
6.5748306692913383
21
-3.6903572047244095
0
LINE
8
BLACK
6
CONTINUOUS
10
6.5748306692913383
20
-3.6903572047244095
11
6.5695941732283467
21
-3.6882922047244096
0
LINE
8
BLACK
6
CONTINUOUS
10
6.5695941732283467
20
-3.6882922047244096
11
6.565109015748031
21
-3.6848909842519686
0
LINE
8
BLACK
6
CONTINUOUS
10
6.565109015748031
20
-3.6848909842519686
11
6.5617077952755904
21
-3.6804058267716533
0
LINE
8
BLACK
6
CONTINUOUS
10
6.5617077952755904
20
-3.6804058267716533
11
6.5596427952755905
21
-3.6751693307086613
0
LINE
8
BLACK
6
CONTINUOUS
10
6.5596427952755905
20
-3.6751693307086613
11
6.5590551181102361
21
-3.670275590551181
0
LINE
8
BLACK
6
CONTINUOUS
10
6.5590551181102361
20
-3.670275590551181
11
6.5590551181102361
21
-3.5738188976377954
0
LINE
8
BLACK
6
CONTINUOUS
10
6.5590551181102361
20
-3.5738188976377954
11
6.5596427952755905
21
-3.5689251574803147
0
LINE
8
BLACK
6
CONTINUOUS
10
6.5596427952755905
20
-3.5689251574803147
11
6.5617077952755904
21
-3.5636886614173227
0
LINE
8
BLACK
6
CONTINUOUS
10
6.5617077952755904
20
-3.5636886614173227
11
6.565109015748031
21
-3.5592035039370078
0
LINE
8
BLACK
6
CONTINUOUS
10
6.565109015748031
20
-3.5592035039370078
11
6.5695941732283467
21
-3.5558022834645668
0
LINE
8
BLACK
6
CONTINUOUS
10
6.5695941732283467
20
-3.5558022834645668
11
6.5748306692913383
21
-3.5537372834645669
0
LINE
8
BLACK
6
CONTINUOUS
10
6.5748306692913383
20
-3.5537372834645669
11
6.5797244094488185
21
-3.5531496062992125
0
LINE
8
BLACK
6
CONTINUOUS
10
6.5797244094488185
20
-3.5531496062992125
11
6.6840551181102361
21
-3.5531496062992125
0
LINE
8
BLACK
6
CONTINUOUS
10
6.6840551181102361
20
-3.5531496062992125
11
6.6889488582677163
21
-3.5537372834645669
0
LINE
8
BLACK
6
CONTINUOUS
10
8.2052588976377958
20
-3.6023880708661418
11
8.2070470472440942
21
-3.6035828740157481
0
LINE
8
BLACK
6
CONTINUOUS
10
8.2070470472440942
20
-3.6035828740157481
11
8.2082418503937014
21
-3.6053710236220473
0
LINE
8
BLACK
6
CONTINUOUS
10
8.2082418503937014
20
-3.6053710236220473
11
8.2086614173228352
21
-3.6074803149606298
0
LINE
8
BLACK
6
CONTINUOUS
10
8.2086614173228352
20
-3.6074803149606298
11
8.2086614173228352
21
-3.6208661417322832
0
LINE
8
BLACK
6
CONTINUOUS
10
8.2086614173228352
20
-3.6208661417322832
11
8.2082418503937014
21
-3.6229754330708661
0
LINE
8
BLACK
6
CONTINUOUS
10
8.2082418503937014
20
-3.6229754330708661
11
8.2070470472440942
21
-3.6247635826771654
0
LINE
8
BLACK
6
CONTINUOUS
10
8.2070470472440942
20
-3.6247635826771654
11
8.2052588976377958
21
-3.6259583858267717
0
LINE
8
BLACK
6
CONTINUOUS
10
8.2052588976377958
20
-3.6259583858267717
11
8.2031496062992115
21
-3.6263779527559055
0
LINE
8
BLACK
6
CONTINUOUS
10
8.2031496062992115
20
-3.6263779527559055
11
8.1921259842519678
21
-3.6263779527559055
0
LINE
8
BLACK
6
CONTINUOUS
10
8.1921259842519678
20
-3.6263779527559055
11
8.1900166929133853
21
-3.6259583858267717
0
LINE
8
BLACK
6
CONTINUOUS
10
8.1900166929133853
20
-3.6259583858267717
11
8.1882285433070869
21
-3.6247635826771654
0
LINE
8
BLACK
6
CONTINUOUS
10
8.1882285433070869
20
-3.6247635826771654
11
8.1870337401574798
21
-3.6229754330708661
0
LINE
8
BLACK
6
CONTINUOUS
10
8.1870337401574798
20
-3.6229754330708661
11
8.1866141732283459
21
-3.6208661417322832
0
LINE
8
BLACK
6
CONTINUOUS
10
8.1866141732283459
20
-3.6208661417322832
11
8.1866141732283459
21
-3.6074803149606298
0
LINE
8
BLACK
6
CONTINUOUS
10
8.1866141732283459
20
-3.6074803149606298
11
8.1870337401574798
21
-3.6053710236220473
0
LINE
8
BLACK
6
CONTINUOUS
10
8.1870337401574798
20
-3.6053710236220473
11
8.1882285433070869
21
-3.6035828740157481
0
LINE
8
BLACK
6
CONTINUOUS
10
8.1882285433070869
20
-3.6035828740157481
11
8.1900166929133853
21
-3.6023880708661418
0
LINE
8
BLACK
6
CONTINUOUS
10
8.1900166929133853
20
-3.6023880708661418
11
8.1921259842519678
21
-3.601968503937008
0
LINE
8
BLACK
6
CONTINUOUS
10
8.1921259842519678
20
-3.601968503937008
11
8.2031496062992115
21
-3.601968503937008
0
LINE
8
BLACK
6
CONTINUOUS
10
8.2031496062992115
20
-3.601968503937008
11
8.2052588976377958
21
-3.6023880708661418
0
LINE
8
BLACK
6
CONTINUOUS
10
8.2430541732283462
20
-3.6023880708661418
11
8.2448423228346464
21
-3.6035828740157481
0
LINE
8
BLACK
6
CONTINUOUS
10
8.2448423228346464
20
-3.6035828740157481
11
8.2460371259842518
21
-3.6053710236220473
0
LINE
8
BLACK
6
CONTINUOUS
10
8.2460371259842518
20
-3.6053710236220473
11
8.2464566929133856
21
-3.6074803149606298
0
LINE
8
BLACK
6
CONTINUOUS
10
8.2464566929133856
20
-3.6074803149606298
11
8.2464566929133856
21
-3.6208661417322832
0
LINE
8
BLACK
6
CONTINUOUS
10
8.2464566929133856
20
-3.6208661417322832
11
8.2460371259842518
21
-3.6229754330708661
0
LINE
8
BLACK
6
CONTINUOUS
10
8.2460371259842518
20
-3.6229754330708661
11
8.2448423228346464
21
-3.6247635826771654
0
LINE
8
BLACK
6
CONTINUOUS
10
8.2448423228346464
20
-3.6247635826771654
11
8.2430541732283462
21
-3.6259583858267717
0
LINE
8
BLACK
6
CONTINUOUS
10
8.2430541732283462
20
-3.6259583858267717
11
8.2409448818897637
21
-3.6263779527559055
0
LINE
8
BLACK
6
CONTINUOUS
10
8.2409448818897637
20
-3.6263779527559055
11
8.22992125984252
21
-3.6263779527559055
0
LINE
8
BLACK
6
CONTINUOUS
10
8.22992125984252
20
-3.6263779527559055
11
8.2278119685039375
21
-3.6259583858267717
0
LINE
8
BLACK
6
CONTINUOUS
10
8.2278119685039375
20
-3.6259583858267717
11
8.2260238188976373
21
-3.6247635826771654
0
LINE
8
BLACK
6
CONTINUOUS
10
8.2260238188976373
20
-3.6247635826771654
11
8.2248290157480319
21
-3.6229754330708661
0
LINE
8
BLACK
6
CONTINUOUS
10
8.2248290157480319
20
-3.6229754330708661
11
8.2244094488188981
21
-3.6208661417322832
0
LINE
8
BLACK
6
CONTINUOUS
10
8.2244094488188981
20
-3.6208661417322832
11
8.2244094488188981
21
-3.6074803149606298
0
LINE
8
BLACK
6
CONTINUOUS
10
8.2244094488188981
20
-3.6074803149606298
11
8.2248290157480319
21
-3.6053710236220473
0
LINE
8
BLACK
6
CONTINUOUS
10
8.2248290157480319
20
-3.6053710236220473
11
8.2260238188976373
21
-3.6035828740157481
0
LINE
8
BLACK
6
CONTINUOUS
10
8.2260238188976373
20
-3.6035828740157481
11
8.2278119685039375
21
-3.6023880708661418
0
LINE
8
BLACK
6
CONTINUOUS
10
8.2278119685039375
20
-3.6023880708661418
11
8.22992125984252
21
-3.601968503937008
0
LINE
8
BLACK
6
CONTINUOUS
10
8.22992125984252
20
-3.601968503937008
11
8.2409448818897637
21
-3.601968503937008
0
LINE
8
BLACK
6
CONTINUOUS
10
8.2409448818897637
20
-3.601968503937008
11
8.2430541732283462
21
-3.6023880708661418
0
LINE
8
BLACK
6
CONTINUOUS
10
5.511783503937008
20
-3.4435010629921261
11
5.5170199999999996
21
-3.4455660629921261
0
LINE
8
BLACK
6
CONTINUOUS
10
5.5170199999999996
20
-3.4455660629921261
11
5.5215051574803145
21
-3.448967283464567
0
LINE
8
BLACK
6
CONTINUOUS
10
5.5215051574803145
20
-3.448967283464567
11
5.5249063779527559
21
-3.4534524409448819
0
LINE
8
BLACK
6
CONTINUOUS
10
5.5249063779527559
20
-3.4534524409448819
11
5.5269713779527558
21
-3.4586889370078739
0
LINE
8
BLACK
6
CONTINUOUS
10
5.5269713779527558
20
-3.4586889370078739
11
5.5275590551181102
21
-3.4635826771653542
0
LINE
8
BLACK
6
CONTINUOUS
10
5.5275590551181102
20
-3.4635826771653542
11
5.5275590551181102
21
-3.5600393700787403
0
LINE
8
BLACK
6
CONTINUOUS
10
5.5275590551181102
20
-3.5600393700787403
11
5.5269713779527558
21
-3.5649331102362205
0
LINE
8
BLACK
6
CONTINUOUS
10
5.5269713779527558
20
-3.5649331102362205
11
5.5249063779527559
21
-3.5701696062992125
0
LINE
8
BLACK
6
CONTINUOUS
10
5.5249063779527559
20
-3.5701696062992125
11
5.5215051574803145
21
-3.5746547637795274
0
LINE
8
BLACK
6
CONTINUOUS
10
5.5215051574803145
20
-3.5746547637795274
11
5.5170199999999996
21
-3.5780559842519684
0
LINE
8
BLACK
6
CONTINUOUS
10
5.5170199999999996
20
-3.5780559842519684
11
5.511783503937008
21
-3.5801209842519683
0
LINE
8
BLACK
6
CONTINUOUS
10
5.511783503937008
20
-3.5801209842519683
11
5.5068897637795278
21
-3.5807086614173227
0
LINE
8
BLACK
6
CONTINUOUS
10
5.5068897637795278
20
-3.5807086614173227
11
5.4025590551181102
21
-3.5807086614173227
0
LINE
8
BLACK
6
CONTINUOUS
10
5.4025590551181102
20
-3.5807086614173227
11
5.39766531496063
21
-3.5801209842519683
0
LINE
8
BLACK
6
CONTINUOUS
10
5.39766531496063
20
-3.5801209842519683
11
5.3924288188976375
21
-3.5780559842519684
0
LINE
8
BLACK
6
CONTINUOUS
10
5.3924288188976375
20
-3.5780559842519684
11
5.3879436614173226
21
-3.5746547637795274
0
LINE
8
BLACK
6
CONTINUOUS
10
5.3879436614173226
20
-3.5746547637795274
11
5.3845424409448821
21
-3.5701696062992125
0
LINE
8
BLACK
6
CONTINUOUS
10
5.3845424409448821
20
-3.5701696062992125
11
5.3824774409448821
21
-3.5649331102362205
0
LINE
8
BLACK
6
CONTINUOUS
10
5.3824774409448821
20
-3.5649331102362205
11
5.3818897637795278
21
-3.5600393700787403
0
LINE
8
BLACK
6
CONTINUOUS
10
5.3818897637795278
20
-3.5600393700787403
11
5.3818897637795278
21
-3.4635826771653542
0
LINE
8
BLACK
6
CONTINUOUS
10
5.3818897637795278
20
-3.4635826771653542
11
5.3824774409448821
21
-3.4586889370078739
0
LINE
8
BLACK
6
CONTINUOUS
10
5.3824774409448821
20
-3.4586889370078739
11
5.3845424409448821
21
-3.4534524409448819
0
LINE
8
BLACK
6
CONTINUOUS
10
5.3845424409448821
20
-3.4534524409448819
11
5.3879436614173226
21
-3.448967283464567
0
LINE
8
BLACK
6
CONTINUOUS
10
5.3879436614173226
20
-3.448967283464567
11
5.3924288188976375
21
-3.4455660629921261
0
LINE
8
BLACK
6
CONTINUOUS
10
5.3924288188976375
20
-3.4455660629921261
11
5.39766531496063
21
-3.4435010629921261
0
LINE
8
BLACK
6
CONTINUOUS
10
5.39766531496063
20
-3.4435010629921261
11
5.4025590551181102
21
-3.4429133858267718
0
LINE
8
BLACK
6
CONTINUOUS
10
5.4025590551181102
20
-3.4429133858267718
11
5.5068897637795278
21
-3.4429133858267718
0
LINE
8
BLACK
6
CONTINUOUS
10
5.5068897637795278
20
-3.4429133858267718
11
5.511783503937008
21
-3.4435010629921261
0
LINE
8
BLACK
6
CONTINUOUS
10
8.2052588976377958
20
-3.5248290157480313
11
8.2070470472440942
21
-3.5260238188976376
0
LINE
8
BLACK
6
CONTINUOUS
10
8.2070470472440942
20
-3.5260238188976376
11
8.2082418503937014
21
-3.5278119685039369
0
LINE
8
BLACK
6
CONTINUOUS
10
8.2082418503937014
20
-3.5278119685039369
11
8.2086614173228352
21
-3.5299212598425198
0
LINE
8
BLACK
6
CONTINUOUS
10
8.2086614173228352
20
-3.5299212598425198
11
8.2086614173228352
21
-3.5433070866141732
0
LINE
8
BLACK
6
CONTINUOUS
10
8.2086614173228352
20
-3.5433070866141732
11
8.2082418503937014
21
-3.5454163779527557
0
LINE
8
BLACK
6
CONTINUOUS
10
8.2082418503937014
20
-3.5454163779527557
11
8.2070470472440942
21
-3.5472045275590549
0
LINE
8
BLACK
6
CONTINUOUS
10
8.2070470472440942
20
-3.5472045275590549
11
8.2052588976377958
21
-3.5483993307086612
0
LINE
8
BLACK
6
CONTINUOUS
10
8.2052588976377958
20
-3.5483993307086612
11
8.2031496062992115
21
-3.548818897637795
0
LINE
8
BLACK
6
CONTINUOUS
10
8.2031496062992115
20
-3.548818897637795
11
8.1921259842519678
21
-3.548818897637795
0
LINE
8
BLACK
6
CONTINUOUS
10
8.1921259842519678
20
-3.548818897637795
11
8.1900166929133853
21
-3.5483993307086612
0
LINE
8
BLACK
6
CONTINUOUS
10
8.1900166929133853
20
-3.5483993307086612
11
8.1882285433070869
21
-3.5472045275590549
0
LINE
8
BLACK
6
CONTINUOUS
10
8.1882285433070869
20
-3.5472045275590549
11
8.1870337401574798
21
-3.5454163779527557
0
LINE
8
BLACK
6
CONTINUOUS
10
8.1870337401574798
20
-3.5454163779527557
11
8.1866141732283459
21
-3.5433070866141732
0
LINE
8
BLACK
6
CONTINUOUS
10
8.1866141732283459
20
-3.5433070866141732
11
8.1866141732283459
21
-3.5299212598425198
0
LINE
8
BLACK
6
CONTINUOUS
10
8.1866141732283459
20
-3.5299212598425198
11
8.1870337401574798
21
-3.5278119685039369
0
LINE
8
BLACK
6
CONTINUOUS
10
8.1870337401574798
20
-3.5278119685039369
11
8.1882285433070869
21
-3.5260238188976376
0
LINE
8
BLACK
6
CONTINUOUS
10
8.1882285433070869
20
-3.5260238188976376
11
8.1900166929133853
21
-3.5248290157480313
0
LINE
8
BLACK
6
CONTINUOUS
10
8.1900166929133853
20
-3.5248290157480313
11
8.1921259842519678
21
-3.5244094488188975
0
LINE
8
BLACK
6
CONTINUOUS
10
8.1921259842519678
20
-3.5244094488188975
11
8.2031496062992115
21
-3.5244094488188975
0
LINE
8
BLACK
6
CONTINUOUS
10
8.2031496062992115
20
-3.5244094488188975
11
8.2052588976377958
21
-3.5248290157480313
0
LINE
8
BLACK
6
CONTINUOUS
10
8.2430541732283462
20
-3.5248290157480313
11
8.2448423228346464
21
-3.5260238188976376
0
LINE
8
BLACK
6
CONTINUOUS
10
8.2448423228346464
20
-3.5260238188976376
11
8.2460371259842518
21
-3.5278119685039369
0
LINE
8
BLACK
6
CONTINUOUS
10
8.2460371259842518
20
-3.5278119685039369
11
8.2464566929133856
21
-3.5299212598425198
0
LINE
8
BLACK
6
CONTINUOUS
10
8.2464566929133856
20
-3.5299212598425198
11
8.2464566929133856
21
-3.5433070866141732
0
LINE
8
BLACK
6
CONTINUOUS
10
8.2464566929133856
20
-3.5433070866141732
11
8.2460371259842518
21
-3.5454163779527557
0
LINE
8
BLACK
6
CONTINUOUS
10
8.2460371259842518
20
-3.5454163779527557
11
8.2448423228346464
21
-3.5472045275590549
0
LINE
8
BLACK
6
CONTINUOUS
10
8.2448423228346464
20
-3.5472045275590549
11
8.2430541732283462
21
-3.5483993307086612
0
LINE
8
BLACK
6
CONTINUOUS
10
8.2430541732283462
20
-3.5483993307086612
11
8.2409448818897637
21
-3.548818897637795
0
LINE
8
BLACK
6
CONTINUOUS
10
8.2409448818897637
20
-3.548818897637795
11
8.22992125984252
21
-3.548818897637795
0
LINE
8
BLACK
6
CONTINUOUS
10
8.22992125984252
20
-3.548818897637795
11
8.2278119685039375
21
-3.5483993307086612
0
LINE
8
BLACK
6
CONTINUOUS
10
8.2278119685039375
20
-3.5483993307086612
11
8.2260238188976373
21
-3.5472045275590549
0
LINE
8
BLACK
6
CONTINUOUS
10
8.2260238188976373
20
-3.5472045275590549
11
8.2248290157480319
21
-3.5454163779527557
0
LINE
8
BLACK
6
CONTINUOUS
10
8.2248290157480319
20
-3.5454163779527557
11
8.2244094488188981
21
-3.5433070866141732
0
LINE
8
BLACK
6
CONTINUOUS
10
8.2244094488188981
20
-3.5433070866141732
11
8.2244094488188981
21
-3.5299212598425198
0
LINE
8
BLACK
6
CONTINUOUS
10
8.2244094488188981
20
-3.5299212598425198
11
8.2248290157480319
21
-3.5278119685039369
0
LINE
8
BLACK
6
CONTINUOUS
10
8.2248290157480319
20
-3.5278119685039369
11
8.2260238188976373
21
-3.5260238188976376
0
LINE
8
BLACK
6
CONTINUOUS
10
8.2260238188976373
20
-3.5260238188976376
11
8.2278119685039375
21
-3.5248290157480313
0
LINE
8
BLACK
6
CONTINUOUS
10
8.2278119685039375
20
-3.5248290157480313
11
8.22992125984252
21
-3.5244094488188975
0
LINE
8
BLACK
6
CONTINUOUS
10
8.22992125984252
20
-3.5244094488188975
11
8.2409448818897637
21
-3.5244094488188975
0
LINE
8
BLACK
6
CONTINUOUS
10
8.2409448818897637
20
-3.5244094488188975
11
8.2430541732283462
21
-3.5248290157480313
0
LINE
8
BLACK
6
CONTINUOUS
10
6.9251693307086617
20
-3.4001939763779525
11
6.9304058267716533
21
-3.4022589763779525
0
LINE
8
BLACK
6
CONTINUOUS
10
6.9304058267716533
20
-3.4022589763779525
11
6.9348909842519681
21
-3.4056601968503935
0
LINE
8
BLACK
6
CONTINUOUS
10
6.9348909842519681
20
-3.4056601968503935
11
6.9382922047244096
21
-3.4101453543307088
0
LINE
8
BLACK
6
CONTINUOUS
10
6.9382922047244096
20
-3.4101453543307088
11
6.9403572047244095
21
-3.4153818503937008
0
LINE
8
BLACK
6
CONTINUOUS
10
6.9403572047244095
20
-3.4153818503937008
11
6.9409448818897639
21
-3.420275590551181
0
LINE
8
BLACK
6
CONTINUOUS
10
6.9409448818897639
20
-3.420275590551181
11
6.9409448818897639
21
-3.5246062992125982
0
LINE
8
BLACK
6
CONTINUOUS
10
6.9409448818897639
20
-3.5246062992125982
11
6.9403572047244095
21
-3.5295000393700788
0
LINE
8
BLACK
6
CONTINUOUS
10
6.9403572047244095
20
-3.5295000393700788
11
6.9382922047244096
21
-3.5347365354330709
0
LINE
8
BLACK
6
CONTINUOUS
10
6.9382922047244096
20
-3.5347365354330709
11
6.9348909842519681
21
-3.5392216929133857
0
LINE
8
BLACK
6
CONTINUOUS
10
6.9348909842519681
20
-3.5392216929133857
11
6.9304058267716533
21
-3.5426229133858267
0
LINE
8
BLACK
6
CONTINUOUS
10
6.9304058267716533
20
-3.5426229133858267
11
6.9251693307086617
21
-3.5446879133858267
0
LINE
8
BLACK
6
CONTINUOUS
10
6.9251693307086617
20
-3.5446879133858267
11
6.9202755905511806
21
-3.545275590551181
0
LINE
8
BLACK
6
CONTINUOUS
10
6.9202755905511806
20
-3.545275590551181
11
6.8238188976377954
21
-3.545275590551181
0
LINE
8
BLACK
6
CONTINUOUS
10
6.8238188976377954
20
-3.545275590551181
11
6.8189251574803151
21
-3.5446879133858267
0
LINE
8
BLACK
6
CONTINUOUS
10
6.8189251574803151
20
-3.5446879133858267
11
6.8136886614173227
21
-3.5426229133858267
0
LINE
8
BLACK
6
CONTINUOUS
10
6.8136886614173227
20
-3.5426229133858267
11
6.8092035039370078
21
-3.5392216929133857
0
LINE
8
BLACK
6
CONTINUOUS
10
6.8092035039370078
20
-3.5392216929133857
11
6.8058022834645664
21
-3.5347365354330709
0
LINE
8
BLACK
6
CONTINUOUS
10
6.8058022834645664
20
-3.5347365354330709
11
6.8037372834645664
21
-3.5295000393700788
0
LINE
8
BLACK
6
CONTINUOUS
10
6.8037372834645664
20
-3.5295000393700788
11
6.8031496062992121
21
-3.5246062992125982
0
LINE
8
BLACK
6
CONTINUOUS
10
6.8031496062992121
20
-3.5246062992125982
11
6.8031496062992121
21
-3.420275590551181
0
LINE
8
BLACK
6
CONTINUOUS
10
6.8031496062992121
20
-3.420275590551181
11
6.8037372834645664
21
-3.4153818503937008
0
LINE
8
BLACK
6
CONTINUOUS
10
6.8037372834645664
20
-3.4153818503937008
11
6.8058022834645664
21
-3.4101453543307088
0
LINE
8
BLACK
6
CONTINUOUS
10
6.8058022834645664
20
-3.4101453543307088
11
6.8092035039370078
21
-3.4056601968503935
0
LINE
8
BLACK
6
CONTINUOUS
10
6.8092035039370078
20
-3.4056601968503935
11
6.8136886614173227
21
-3.4022589763779525
0
LINE
8
BLACK
6
CONTINUOUS
10
6.8136886614173227
20
-3.4022589763779525
11
6.8189251574803151
21
-3.4001939763779525
0
LINE
8
BLACK
6
CONTINUOUS
10
6.8189251574803151
20
-3.4001939763779525
11
6.8238188976377954
21
-3.3996062992125982
0
LINE
8
BLACK
6
CONTINUOUS
10
6.8238188976377954
20
-3.3996062992125982
11
6.9202755905511806
21
-3.3996062992125982
0
LINE
8
BLACK
6
CONTINUOUS
10
6.9202755905511806
20
-3.3996062992125982
11
6.9251693307086617
21
-3.4001939763779525
0
LINE
8
BLACK
6
CONTINUOUS
10
7.0747756299212599
20
-3.4001939763779525
11
7.0800121259842514
21
-3.4022589763779525
0
LINE
8
BLACK
6
CONTINUOUS
10
7.0800121259842514
20
-3.4022589763779525
11
7.0844972834645672
21
-3.4056601968503935
0
LINE
8
BLACK
6
CONTINUOUS
10
7.0844972834645672
20
-3.4056601968503935
11
7.0878985039370077
21
-3.4101453543307088
0
LINE
8
BLACK
6
CONTINUOUS
10
7.0878985039370077
20
-3.4101453543307088
11
7.0899635039370077
21
-3.4153818503937008
0
LINE
8
BLACK
6
CONTINUOUS
10
7.0899635039370077
20
-3.4153818503937008
11
7.090551181102362
21
-3.420275590551181
0
LINE
8
BLACK
6
CONTINUOUS
10
7.090551181102362
20
-3.420275590551181
11
7.090551181102362
21
-3.5246062992125982
0
LINE
8
BLACK
6
CONTINUOUS
10
7.090551181102362
20
-3.5246062992125982
11
7.0899635039370077
21
-3.5295000393700788
0
LINE
8
BLACK
6
CONTINUOUS
10
7.0899635039370077
20
-3.5295000393700788
11
7.0878985039370077
21
-3.5347365354330709
0
LINE
8
BLACK
6
CONTINUOUS
10
7.0878985039370077
20
-3.5347365354330709
11
7.0844972834645672
21
-3.5392216929133857
0
LINE
8
BLACK
6
CONTINUOUS
10
7.0844972834645672
20
-3.5392216929133857
11
7.0800121259842514
21
-3.5426229133858267
0
LINE
8
BLACK
6
CONTINUOUS
10
7.0800121259842514
20
-3.5426229133858267
11
7.0747756299212599
21
-3.5446879133858267
0
LINE
8
BLACK
6
CONTINUOUS
10
7.0747756299212599
20
-3.5446879133858267
11
7.0698818897637796
21
-3.545275590551181
0
LINE
8
BLACK
6
CONTINUOUS
10
7.0698818897637796
20
-3.545275590551181
11
6.9734251968503935
21
-3.545275590551181
0
LINE
8
BLACK
6
CONTINUOUS
10
6.9734251968503935
20
-3.545275590551181
11
6.9685314566929133
21
-3.5446879133858267
0
LINE
8
BLACK
6
CONTINUOUS
10
6.9685314566929133
20
-3.5446879133858267
11
6.9632949606299208
21
-3.5426229133858267
0
LINE
8
BLACK
6
CONTINUOUS
10
6.9632949606299208
20
-3.5426229133858267
11
6.958809803149606
21
-3.5392216929133857
0
LINE
8
BLACK
6
CONTINUOUS
10
6.958809803149606
20
-3.5392216929133857
11
6.9554085826771654
21
-3.5347365354330709
0
LINE
8
BLACK
6
CONTINUOUS
10
6.9554085826771654
20
-3.5347365354330709
11
6.9533435826771655
21
-3.5295000393700788
0
LINE
8
BLACK
6
CONTINUOUS
10
6.9533435826771655
20
-3.5295000393700788
11
6.9527559055118111
21
-3.5246062992125982
0
LINE
8
BLACK
6
CONTINUOUS
10
6.9527559055118111
20
-3.5246062992125982
11
6.9527559055118111
21
-3.420275590551181
0
LINE
8
BLACK
6
CONTINUOUS
10
6.9527559055118111
20
-3.420275590551181
11
6.9533435826771655
21
-3.4153818503937008
0
LINE
8
BLACK
6
CONTINUOUS
10
6.9533435826771655
20
-3.4153818503937008
11
6.9554085826771654
21
-3.4101453543307088
0
LINE
8
BLACK
6
CONTINUOUS
10
6.9554085826771654
20
-3.4101453543307088
11
6.958809803149606
21
-3.4056601968503935
0
LINE
8
BLACK
6
CONTINUOUS
10
6.958809803149606
20
-3.4056601968503935
11
6.9632949606299208
21
-3.4022589763779525
0
LINE
8
BLACK
6
CONTINUOUS
10
6.9632949606299208
20
-3.4022589763779525
11
6.9685314566929133
21
-3.4001939763779525
0
LINE
8
BLACK
6
CONTINUOUS
10
6.9685314566929133
20
-3.4001939763779525
11
6.9734251968503935
21
-3.3996062992125982
0
LINE
8
BLACK
6
CONTINUOUS
10
6.9734251968503935
20
-3.3996062992125982
11
7.0698818897637796
21
-3.3996062992125982
0
LINE
8
BLACK
6
CONTINUOUS
10
7.0698818897637796
20
-3.3996062992125982
11
7.0747756299212599
21
-3.4001939763779525
0
LINE
8
BLACK
6
CONTINUOUS
10
7.224381929133858
20
-3.4001939763779525
11
7.2296184251968505
21
-3.4022589763779525
0
LINE
8
BLACK
6
CONTINUOUS
10
7.2296184251968505
20
-3.4022589763779525
11
7.2341035826771654
21
-3.4056601968503935
0
LINE
8
BLACK
6
CONTINUOUS
10
7.2341035826771654
20
-3.4056601968503935
11
7.2375048031496059
21
-3.4101453543307088
0
LINE
8
BLACK
6
CONTINUOUS
10
7.2375048031496059
20
-3.4101453543307088
11
7.2395698031496059
21
-3.4153818503937008
0
LINE
8
BLACK
6
CONTINUOUS
10
7.2395698031496059
20
-3.4153818503937008
11
7.2401574803149602
21
-3.420275590551181
0
LINE
8
BLACK
6
CONTINUOUS
10
7.2401574803149602
20
-3.420275590551181
11
7.2401574803149602
21
-3.5246062992125982
0
LINE
8
BLACK
6
CONTINUOUS
10
7.2401574803149602
20
-3.5246062992125982
11
7.2395698031496059
21
-3.5295000393700788
0
LINE
8
BLACK
6
CONTINUOUS
10
7.2395698031496059
20
-3.5295000393700788
11
7.2375048031496059
21
-3.5347365354330709
0
LINE
8
BLACK
6
CONTINUOUS
10
7.2375048031496059
20
-3.5347365354330709
11
7.2341035826771654
21
-3.5392216929133857
0
LINE
8
BLACK
6
CONTINUOUS
10
7.2341035826771654
20
-3.5392216929133857
11
7.2296184251968505
21
-3.5426229133858267
0
LINE
8
BLACK
6
CONTINUOUS
10
7.2296184251968505
20
-3.5426229133858267
11
7.224381929133858
21
-3.5446879133858267
0
LINE
8
BLACK
6
CONTINUOUS
10
7.224381929133858
20
-3.5446879133858267
11
7.2194881889763778
21
-3.545275590551181
0
LINE
8
BLACK
6
CONTINUOUS
10
7.2194881889763778
20
-3.545275590551181
11
7.1230314960629917
21
-3.545275590551181
0
LINE
8
BLACK
6
CONTINUOUS
10
7.1230314960629917
20
-3.545275590551181
11
7.1181377559055115
21
-3.5446879133858267
0
LINE
8
BLACK
6
CONTINUOUS
10
7.1181377559055115
20
-3.5446879133858267
11
7.1129012598425199
21
-3.5426229133858267
0
LINE
8
BLACK
6
CONTINUOUS
10
7.1129012598425199
20
-3.5426229133858267
11
7.108416102362205
21
-3.5392216929133857
0
LINE
8
BLACK
6
CONTINUOUS
10
7.108416102362205
20
-3.5392216929133857
11
7.1050148818897636
21
-3.5347365354330709
0
LINE
8
BLACK
6
CONTINUOUS
10
7.1050148818897636
20
-3.5347365354330709
11
7.1029498818897636
21
-3.5295000393700788
0
LINE
8
BLACK
6
CONTINUOUS
10
7.1029498818897636
20
-3.5295000393700788
11
7.1023622047244093
21
-3.5246062992125982
0
LINE
8
BLACK
6
CONTINUOUS
10
7.1023622047244093
20
-3.5246062992125982
11
7.1023622047244093
21
-3.420275590551181
0
LINE
8
BLACK
6
CONTINUOUS
10
7.1023622047244093
20
-3.420275590551181
11
7.1029498818897636
21
-3.4153818503937008
0
LINE
8
BLACK
6
CONTINUOUS
10
7.1029498818897636
20
-3.4153818503937008
11
7.1050148818897636
21
-3.4101453543307088
0
LINE
8
BLACK
6
CONTINUOUS
10
7.1050148818897636
20
-3.4101453543307088
11
7.108416102362205
21
-3.4056601968503935
0
LINE
8
BLACK
6
CONTINUOUS
10
7.108416102362205
20
-3.4056601968503935
11
7.1129012598425199
21
-3.4022589763779525
0
LINE
8
BLACK
6
CONTINUOUS
10
7.1129012598425199
20
-3.4022589763779525
11
7.1181377559055115
21
-3.4001939763779525
0
LINE
8
BLACK
6
CONTINUOUS
10
7.1181377559055115
20
-3.4001939763779525
11
7.1230314960629917
21
-3.3996062992125982
0
LINE
8
BLACK
6
CONTINUOUS
10
7.1230314960629917
20
-3.3996062992125982
11
7.2194881889763778
21
-3.3996062992125982
0
LINE
8
BLACK
6
CONTINUOUS
10
7.2194881889763778
20
-3.3996062992125982
11
7.224381929133858
21
-3.4001939763779525
0
LINE
8
BLACK
6
CONTINUOUS
10
6.3739882283464562
20
-3.4041309842519683
11
6.3792247244094487
21
-3.4061959842519682
0
LINE
8
BLACK
6
CONTINUOUS
10
6.3792247244094487
20
-3.4061959842519682
11
6.3837098818897635
21
-3.4095972047244092
0
LINE
8
BLACK
6
CONTINUOUS
10
6.3837098818897635
20
-3.4095972047244092
11
6.3871111023622049
21
-3.4140823622047245
0
LINE
8
BLACK
6
CONTINUOUS
10
6.3871111023622049
20
-3.4140823622047245
11
6.3891761023622049
21
-3.4193188582677165
0
LINE
8
BLACK
6
CONTINUOUS
10
6.3891761023622049
20
-3.4193188582677165
11
6.3897637795275593
21
-3.4242125984251968
0
LINE
8
BLACK
6
CONTINUOUS
10
6.3897637795275593
20
-3.4242125984251968
11
6.3897637795275593
21
-3.5206692913385824
0
LINE
8
BLACK
6
CONTINUOUS
10
6.3897637795275593
20
-3.5206692913385824
11
6.3891761023622049
21
-3.5255630314960631
0
LINE
8
BLACK
6
CONTINUOUS
10
6.3891761023622049
20
-3.5255630314960631
11
6.3871111023622049
21
-3.5307995275590551
0
LINE
8
BLACK
6
CONTINUOUS
10
6.3871111023622049
20
-3.5307995275590551
11
6.3837098818897635
21
-3.53528468503937
0
LINE
8
BLACK
6
CONTINUOUS
10
6.3837098818897635
20
-3.53528468503937
11
6.3792247244094487
21
-3.5386859055118109
0
LINE
8
BLACK
6
CONTINUOUS
10
6.3792247244094487
20
-3.5386859055118109
11
6.3739882283464562
21
-3.5407509055118109
0
LINE
8
BLACK
6
CONTINUOUS
10
6.3739882283464562
20
-3.5407509055118109
11
6.3690944881889759
21
-3.5413385826771653
0
LINE
8
BLACK
6
CONTINUOUS
10
6.3690944881889759
20
-3.5413385826771653
11
6.2647637795275593
21
-3.5413385826771653
0
LINE
8
BLACK
6
CONTINUOUS
10
6.2647637795275593
20
-3.5413385826771653
11
6.259870039370079
21
-3.5407509055118109
0
LINE
8
BLACK
6
CONTINUOUS
10
6.259870039370079
20
-3.5407509055118109
11
6.2546335433070865
21
-3.5386859055118109
0
LINE
8
BLACK
6
CONTINUOUS
10
6.2546335433070865
20
-3.5386859055118109
11
6.2501483858267717
21
-3.53528468503937
0
LINE
8
BLACK
6
CONTINUOUS
10
6.2501483858267717
20
-3.53528468503937
11
6.2467471653543303
21
-3.5307995275590551
0
LINE
8
BLACK
6
CONTINUOUS
10
6.2467471653543303
20
-3.5307995275590551
11
6.2446821653543303
21
-3.5255630314960631
0
LINE
8
BLACK
6
CONTINUOUS
10
6.2446821653543303
20
-3.5255630314960631
11
6.2440944881889759
21
-3.5206692913385824
0
LINE
8
BLACK
6
CONTINUOUS
10
6.2440944881889759
20
-3.5206692913385824
11
6.2440944881889759
21
-3.4242125984251968
0
LINE
8
BLACK
6
CONTINUOUS
10
6.2440944881889759
20
-3.4242125984251968
11
6.2446821653543303
21
-3.4193188582677165
0
LINE
8
BLACK
6
CONTINUOUS
10
6.2446821653543303
20
-3.4193188582677165
11
6.2467471653543303
21
-3.4140823622047245
0
LINE
8
BLACK
6
CONTINUOUS
10
6.2467471653543303
20
-3.4140823622047245
11
6.2501483858267717
21
-3.4095972047244092
0
LINE
8
BLACK
6
CONTINUOUS
10
6.2501483858267717
20
-3.4095972047244092
11
6.2546335433070865
21
-3.4061959842519682
0
LINE
8
BLACK
6
CONTINUOUS
10
6.2546335433070865
20
-3.4061959842519682
11
6.259870039370079
21
-3.4041309842519683
0
LINE
8
BLACK
6
CONTINUOUS
10
6.259870039370079
20
-3.4041309842519683
11
6.2647637795275593
21
-3.4035433070866139
0
LINE
8
BLACK
6
CONTINUOUS
10
6.2647637795275593
20
-3.4035433070866139
11
6.3690944881889759
21
-3.4035433070866139
0
LINE
8
BLACK
6
CONTINUOUS
10
6.3690944881889759
20
-3.4035433070866139
11
6.3739882283464562
21
-3.4041309842519683
0
LINE
8
BLACK
6
CONTINUOUS
10
6.6889488582677163
20
-3.4041309842519683
11
6.6941853543307088
21
-3.4061959842519682
0
LINE
8
BLACK
6
CONTINUOUS
10
6.6941853543307088
20
-3.4061959842519682
11
6.6986705118110237
21
-3.4095972047244092
0
LINE
8
BLACK
6
CONTINUOUS
10
6.6986705118110237
20
-3.4095972047244092
11
6.7020717322834642
21
-3.4140823622047245
0
LINE
8
BLACK
6
CONTINUOUS
10
6.7020717322834642
20
-3.4140823622047245
11
6.7041367322834642
21
-3.4193188582677165
0
LINE
8
BLACK
6
CONTINUOUS
10
6.7041367322834642
20
-3.4193188582677165
11
6.7047244094488185
21
-3.4242125984251968
0
LINE
8
BLACK
6
CONTINUOUS
10
6.7047244094488185
20
-3.4242125984251968
11
6.7047244094488185
21
-3.5206692913385824
0
LINE
8
BLACK
6
CONTINUOUS
10
6.7047244094488185
20
-3.5206692913385824
11
6.7041367322834642
21
-3.5255630314960631
0
LINE
8
BLACK
6
CONTINUOUS
10
6.7041367322834642
20
-3.5255630314960631
11
6.7020717322834642
21
-3.5307995275590551
0
LINE
8
BLACK
6
CONTINUOUS
10
6.7020717322834642
20
-3.5307995275590551
11
6.6986705118110237
21
-3.53528468503937
0
LINE
8
BLACK
6
CONTINUOUS
10
6.6986705118110237
20
-3.53528468503937
11
6.6941853543307088
21
-3.5386859055118109
0
LINE
8
BLACK
6
CONTINUOUS
10
6.6941853543307088
20
-3.5386859055118109
11
6.6889488582677163
21
-3.5407509055118109
0
LINE
8
BLACK
6
CONTINUOUS
10
6.6889488582677163
20
-3.5407509055118109
11
6.6840551181102361
21
-3.5413385826771653
0
LINE
8
BLACK
6
CONTINUOUS
10
6.6840551181102361
20
-3.5413385826771653
11
6.5797244094488185
21
-3.5413385826771653
0
LINE
8
BLACK
6
CONTINUOUS
10
6.5797244094488185
20
-3.5413385826771653
11
6.5748306692913383
21
-3.5407509055118109
0
LINE
8
BLACK
6
CONTINUOUS
10
6.5748306692913383
20
-3.5407509055118109
11
6.5695941732283467
21
-3.5386859055118109
0
LINE
8
BLACK
6
CONTINUOUS
10
6.5695941732283467
20
-3.5386859055118109
11
6.565109015748031
21
-3.53528468503937
0
LINE
8
BLACK
6
CONTINUOUS
10
6.565109015748031
20
-3.53528468503937
11
6.5617077952755904
21
-3.5307995275590551
0
LINE
8
BLACK
6
CONTINUOUS
10
6.5617077952755904
20
-3.5307995275590551
11
6.5596427952755905
21
-3.5255630314960631
0
LINE
8
BLACK
6
CONTINUOUS
10
6.5596427952755905
20
-3.5255630314960631
11
6.5590551181102361
21
-3.5206692913385824
0
LINE
8
BLACK
6
CONTINUOUS
10
6.5590551181102361
20
-3.5206692913385824
11
6.5590551181102361
21
-3.4242125984251968
0
LINE
8
BLACK
6
CONTINUOUS
10
6.5590551181102361
20
-3.4242125984251968
11
6.5596427952755905
21
-3.4193188582677165
0
LINE
8
BLACK
6
CONTINUOUS
10
6.5596427952755905
20
-3.4193188582677165
11
6.5617077952755904
21
-3.4140823622047245
0
LINE
8
BLACK
6
CONTINUOUS
10
6.5617077952755904
20
-3.4140823622047245
11
6.565109015748031
21
-3.4095972047244092
0
LINE
8
BLACK
6
CONTINUOUS
10
6.565109015748031
20
-3.4095972047244092
11
6.5695941732283467
21
-3.4061959842519682
0
LINE
8
BLACK
6
CONTINUOUS
10
6.5695941732283467
20
-3.4061959842519682
11
6.5748306692913383
21
-3.4041309842519683
0
LINE
8
BLACK
6
CONTINUOUS
10
6.5748306692913383
20
-3.4041309842519683
11
6.5797244094488185
21
-3.4035433070866139
0
LINE
8
BLACK
6
CONTINUOUS
10
6.5797244094488185
20
-3.4035433070866139
11
6.6840551181102361
21
-3.4035433070866139
0
LINE
8
BLACK
6
CONTINUOUS
10
6.6840551181102361
20
-3.4035433070866139
11
6.6889488582677163
21
-3.4041309842519683
0
LINE
8
BLACK
6
CONTINUOUS
10
8.0595093307086607
20
-3.4736308661417321
11
8.0620638188976379
21
-3.4753377559055116
0
LINE
8
BLACK
6
CONTINUOUS
10
8.0620638188976379
20
-3.4753377559055116
11
8.0637707086614174
21
-3.4778922440944879
0
LINE
8
BLACK
6
CONTINUOUS
10
8.0637707086614174
20
-3.4778922440944879
11
8.0643700787401578
21
-3.4809055118110237
0
LINE
8
BLACK
6
CONTINUOUS
10
8.0643700787401578
20
-3.4809055118110237
11
8.0643700787401578
21
-3.5025590551181103
0
LINE
8
BLACK
6
CONTINUOUS
10
8.0643700787401578
20
-3.5025590551181103
11
8.0637707086614174
21
-3.5055723228346456
0
LINE
8
BLACK
6
CONTINUOUS
10
8.0637707086614174
20
-3.5055723228346456
11
8.0620638188976379
21
-3.5081268110236219
0
LINE
8
BLACK
6
CONTINUOUS
10
8.0620638188976379
20
-3.5081268110236219
11
8.0595093307086607
21
-3.5098337007874014
0
LINE
8
BLACK
6
CONTINUOUS
10
8.0595093307086607
20
-3.5098337007874014
11
8.0564960629921263
21
-3.5104330708661418
0
LINE
8
BLACK
6
CONTINUOUS
10
8.0564960629921263
20
-3.5104330708661418
11
8.0407480314960633
21
-3.5104330708661418
0
LINE
8
BLACK
6
CONTINUOUS
10
8.0407480314960633
20
-3.5104330708661418
11
8.0377347637795271
21
-3.5098337007874014
0
LINE
8
BLACK
6
CONTINUOUS
10
8.0377347637795271
20
-3.5098337007874014
11
8.0351802755905517
21
-3.5081268110236219
0
LINE
8
BLACK
6
CONTINUOUS
10
8.0351802755905517
20
-3.5081268110236219
11
8.0334733858267722
21
-3.5055723228346456
0
LINE
8
BLACK
6
CONTINUOUS
10
8.0334733858267722
20
-3.5055723228346456
11
8.0328740157480318
21
-3.5025590551181103
0
LINE
8
BLACK
6
CONTINUOUS
10
8.0328740157480318
20
-3.5025590551181103
11
8.0328740157480318
21
-3.4809055118110237
0
LINE
8
BLACK
6
CONTINUOUS
10
8.0328740157480318
20
-3.4809055118110237
11
8.0334733858267722
21
-3.4778922440944879
0
LINE
8
BLACK
6
CONTINUOUS
10
8.0334733858267722
20
-3.4778922440944879
11
8.0351802755905517
21
-3.4753377559055116
0
LINE
8
BLACK
6
CONTINUOUS
10
8.0351802755905517
20
-3.4753377559055116
11
8.0377347637795271
21
-3.4736308661417321
0
LINE
8
BLACK
6
CONTINUOUS
10
8.0377347637795271
20
-3.4736308661417321
11
8.0407480314960633
21
-3.4730314960629922
0
LINE
8
BLACK
6
CONTINUOUS
10
8.0407480314960633
20
-3.4730314960629922
11
8.0564960629921263
21
-3.4730314960629922
0
LINE
8
BLACK
6
CONTINUOUS
10
8.0564960629921263
20
-3.4730314960629922
11
8.0595093307086607
21
-3.4736308661417321
0
LINE
8
BLACK
6
CONTINUOUS
10
8.1244699606299218
20
-3.4736308661417321
11
8.1270244488188972
21
-3.4753377559055116
0
LINE
8
BLACK
6
CONTINUOUS
10
8.1270244488188972
20
-3.4753377559055116
11
8.1287313385826767
21
-3.4778922440944879
0
LINE
8
BLACK
6
CONTINUOUS
10
8.1287313385826767
20
-3.4778922440944879
11
8.129330708661417
21
-3.4809055118110237
0
LINE
8
BLACK
6
CONTINUOUS
10
8.129330708661417
20
-3.4809055118110237
11
8.129330708661417
21
-3.5025590551181103
0
LINE
8
BLACK
6
CONTINUOUS
10
8.129330708661417
20
-3.5025590551181103
11
8.1287313385826767
21
-3.5055723228346456
0
LINE
8
BLACK
6
CONTINUOUS
10
8.1287313385826767
20
-3.5055723228346456
11
8.1270244488188972
21
-3.5081268110236219
0
LINE
8
BLACK
6
CONTINUOUS
10
8.1270244488188972
20
-3.5081268110236219
11
8.1244699606299218
21
-3.5098337007874014
0
LINE
8
BLACK
6
CONTINUOUS
10
8.1244699606299218
20
-3.5098337007874014
11
8.1214566929133856
21
-3.5104330708661418
0
LINE
8
BLACK
6
CONTINUOUS
10
8.1214566929133856
20
-3.5104330708661418
11
8.1057086614173226
21
-3.5104330708661418
0
LINE
8
BLACK
6
CONTINUOUS
10
8.1057086614173226
20
-3.5104330708661418
11
8.1026953937007864
21
-3.5098337007874014
0
LINE
8
BLACK
6
CONTINUOUS
10
8.1026953937007864
20
-3.5098337007874014
11
8.100140905511811
21
-3.5081268110236219
0
LINE
8
BLACK
6
CONTINUOUS
10
8.100140905511811
20
-3.5081268110236219
11
8.0984340157480315
21
-3.5055723228346456
0
LINE
8
BLACK
6
CONTINUOUS
10
8.0984340157480315
20
-3.5055723228346456
11
8.0978346456692911
21
-3.5025590551181103
0
LINE
8
BLACK
6
CONTINUOUS
10
8.0978346456692911
20
-3.5025590551181103
11
8.0978346456692911
21
-3.4809055118110237
0
LINE
8
BLACK
6
CONTINUOUS
10
8.0978346456692911
20
-3.4809055118110237
11
8.0984340157480315
21
-3.4778922440944879
0
LINE
8
BLACK
6
CONTINUOUS
10
8.0984340157480315
20
-3.4778922440944879
11
8.100140905511811
21
-3.4753377559055116
0
LINE
8
BLACK
6
CONTINUOUS
10
8.100140905511811
20
-3.4753377559055116
11
8.1026953937007864
21
-3.4736308661417321
0
LINE
8
BLACK
6
CONTINUOUS
10
8.1026953937007864
20
-3.4736308661417321
11
8.1057086614173226
21
-3.4730314960629922
0
LINE
8
BLACK
6
CONTINUOUS
10
8.1057086614173226
20
-3.4730314960629922
11
8.1214566929133856
21
-3.4730314960629922
0
LINE
8
BLACK
6
CONTINUOUS
10
8.1214566929133856
20
-3.4730314960629922
11
8.1244699606299218
21
-3.4736308661417321
0
LINE
8
BLACK
6
CONTINUOUS
10
8.2166640944881895
20
-3.4402603149606299
11
8.217941377952755
21
-3.4411137401574803
0
LINE
8
BLACK
6
CONTINUOUS
10
8.217941377952755
20
-3.4411137401574803
11
8.2187948031496063
21
-3.4423910236220472
0
LINE
8
BLACK
6
CONTINUOUS
10
8.2187948031496063
20
-3.4423910236220472
11
8.2190944881889756
21
-3.4438976377952755
0
LINE
8
BLACK
6
CONTINUOUS
10
8.2190944881889756
20
-3.4438976377952755
11
8.2190944881889756
21
-3.451771653543307
0
LINE
8
BLACK
6
CONTINUOUS
10
8.2190944881889756
20
-3.451771653543307
11
8.2187948031496063
21
-3.4532782677165352
0
LINE
8
BLACK
6
CONTINUOUS
10
8.2187948031496063
20
-3.4532782677165352
11
8.217941377952755
21
-3.4545555511811021
0
LINE
8
BLACK
6
CONTINUOUS
10
8.217941377952755
20
-3.4545555511811021
11
8.2166640944881895
21
-3.4554089763779525
0
LINE
8
BLACK
6
CONTINUOUS
10
8.2166640944881895
20
-3.4554089763779525
11
8.2151574803149607
21
-3.4557086614173227
0
LINE
8
BLACK
6
CONTINUOUS
10
8.2151574803149607
20
-3.4557086614173227
11
8.1974409448818903
21
-3.4557086614173227
0
LINE
8
BLACK
6
CONTINUOUS
10
8.1974409448818903
20
-3.4557086614173227
11
8.1959343307086616
21
-3.4554089763779525
0
LINE
8
BLACK
6
CONTINUOUS
10
8.1959343307086616
20
-3.4554089763779525
11
8.1946570472440943
21
-3.4545555511811021
0
LINE
8
BLACK
6
CONTINUOUS
10
8.1946570472440943
20
-3.4545555511811021
11
8.1938036220472448
21
-3.4532782677165352
0
LINE
8
BLACK
6
CONTINUOUS
10
8.1938036220472448
20
-3.4532782677165352
11
8.1935039370078737
21
-3.451771653543307
0
LINE
8
BLACK
6
CONTINUOUS
10
8.1935039370078737
20
-3.451771653543307
11
8.1935039370078737
21
-3.4438976377952755
0
LINE
8
BLACK
6
CONTINUOUS
10
8.1935039370078737
20
-3.4438976377952755
11
8.1938036220472448
21
-3.4423910236220472
0
LINE
8
BLACK
6
CONTINUOUS
10
8.1938036220472448
20
-3.4423910236220472
11
8.1946570472440943
21
-3.4411137401574803
0
LINE
8
BLACK
6
CONTINUOUS
10
8.1946570472440943
20
-3.4411137401574803
11
8.1959343307086616
21
-3.4402603149606299
0
LINE
8
BLACK
6
CONTINUOUS
10
8.1959343307086616
20
-3.4402603149606299
11
8.1974409448818903
21
-3.4399606299212597
0
LINE
8
BLACK
6
CONTINUOUS
10
8.1974409448818903
20
-3.4399606299212597
11
8.2151574803149607
21
-3.4399606299212597
0
LINE
8
BLACK
6
CONTINUOUS
10
8.2151574803149607
20
-3.4399606299212597
11
8.2166640944881895
21
-3.4402603149606299
0
LINE
8
BLACK
6
CONTINUOUS
10
8.2914672440944877
20
-3.4402603149606299
11
8.292744527559055
21
-3.4411137401574803
0
LINE
8
BLACK
6
CONTINUOUS
10
8.292744527559055
20
-3.4411137401574803
11
8.2935979527559045
21
-3.4423910236220472
0
LINE
8
BLACK
6
CONTINUOUS
10
8.2935979527559045
20
-3.4423910236220472
11
8.2938976377952756
21
-3.4438976377952755
0
LINE
8
BLACK
6
CONTINUOUS
10
8.2938976377952756
20
-3.4438976377952755
11
8.2938976377952756
21
-3.451771653543307
0
LINE
8
BLACK
6
CONTINUOUS
10
8.2938976377952756
20
-3.451771653543307
11
8.2935979527559045
21
-3.4532782677165352
0
LINE
8
BLACK
6
CONTINUOUS
10
8.2935979527559045
20
-3.4532782677165352
11
8.292744527559055
21
-3.4545555511811021
0
LINE
8
BLACK
6
CONTINUOUS
10
8.292744527559055
20
-3.4545555511811021
11
8.2914672440944877
21
-3.4554089763779525
0
LINE
8
BLACK
6
CONTINUOUS
10
8.2914672440944877
20
-3.4554089763779525
11
8.2899606299212589
21
-3.4557086614173227
0
LINE
8
BLACK
6
CONTINUOUS
10
8.2899606299212589
20
-3.4557086614173227
11
8.2722440944881885
21
-3.4557086614173227
0
LINE
8
BLACK
6
CONTINUOUS
10
8.2722440944881885
20
-3.4557086614173227
11
8.2707374803149598
21
-3.4554089763779525
0
LINE
8
BLACK
6
CONTINUOUS
10
8.2707374803149598
20
-3.4554089763779525
11
8.2694601968503942
21
-3.4545555511811021
0
LINE
8
BLACK
6
CONTINUOUS
10
8.2694601968503942
20
-3.4545555511811021
11
8.268606771653543
21
-3.4532782677165352
0
LINE
8
BLACK
6
CONTINUOUS
10
8.268606771653543
20
-3.4532782677165352
11
8.2683070866141737
21
-3.451771653543307
0
LINE
8
BLACK
6
CONTINUOUS
10
8.2683070866141737
20
-3.451771653543307
11
8.2683070866141737
21
-3.4438976377952755
0
LINE
8
BLACK
6
CONTINUOUS
10
8.2683070866141737
20
-3.4438976377952755
11
8.268606771653543
21
-3.4423910236220472
0
LINE
8
BLACK
6
CONTINUOUS
10
8.268606771653543
20
-3.4423910236220472
11
8.2694601968503942
21
-3.4411137401574803
0
LINE
8
BLACK
6
CONTINUOUS
10
8.2694601968503942
20
-3.4411137401574803
11
8.2707374803149598
21
-3.4402603149606299
0
LINE
8
BLACK
6
CONTINUOUS
10
8.2707374803149598
20
-3.4402603149606299
11
8.2722440944881885
21
-3.4399606299212597
0
LINE
8
BLACK
6
CONTINUOUS
10
8.2722440944881885
20
-3.4399606299212597
11
8.2899606299212589
21
-3.4399606299212597
0
LINE
8
BLACK
6
CONTINUOUS
10
8.2899606299212589
20
-3.4399606299212597
11
8.2914672440944877
21
-3.4402603149606299
0
LINE
8
BLACK
6
CONTINUOUS
10
8.2166640944881895
20
-3.4146697637795276
11
8.217941377952755
21
-3.415523188976378
0
LINE
8
BLACK
6
CONTINUOUS
10
8.217941377952755
20
-3.415523188976378
11
8.2187948031496063
21
-3.4168004724409449
0
LINE
8
BLACK
6
CONTINUOUS
10
8.2187948031496063
20
-3.4168004724409449
11
8.2190944881889756
21
-3.4183070866141732
0
LINE
8
BLACK
6
CONTINUOUS
10
8.2190944881889756
20
-3.4183070866141732
11
8.2190944881889756
21
-3.4261811023622046
0
LINE
8
BLACK
6
CONTINUOUS
10
8.2190944881889756
20
-3.4261811023622046
11
8.2187948031496063
21
-3.4276877165354329
0
LINE
8
BLACK
6
CONTINUOUS
10
8.2187948031496063
20
-3.4276877165354329
11
8.217941377952755
21
-3.4289649999999998
0
LINE
8
BLACK
6
CONTINUOUS
10
8.217941377952755
20
-3.4289649999999998
11
8.2166640944881895
21
-3.4298184251968502
0
LINE
8
BLACK
6
CONTINUOUS
10
8.2166640944881895
20
-3.4298184251968502
11
8.2151574803149607
21
-3.4301181102362204
0
LINE
8
BLACK
6
CONTINUOUS
10
8.2151574803149607
20
-3.4301181102362204
11
8.1974409448818903
21
-3.4301181102362204
0
LINE
8
BLACK
6
CONTINUOUS
10
8.1974409448818903
20
-3.4301181102362204
11
8.1959343307086616
21
-3.4298184251968502
0
LINE
8
BLACK
6
CONTINUOUS
10
8.1959343307086616
20
-3.4298184251968502
11
8.1946570472440943
21
-3.4289649999999998
0
LINE
8
BLACK
6
CONTINUOUS
10
8.1946570472440943
20
-3.4289649999999998
11
8.1938036220472448
21
-3.4276877165354329
0
LINE
8
BLACK
6
CONTINUOUS
10
8.1938036220472448
20
-3.4276877165354329
11
8.1935039370078737
21
-3.4261811023622046
0
LINE
8
BLACK
6
CONTINUOUS
10
8.1935039370078737
20
-3.4261811023622046
11
8.1935039370078737
21
-3.4183070866141732
0
LINE
8
BLACK
6
CONTINUOUS
10
8.1935039370078737
20
-3.4183070866141732
11
8.1938036220472448
21
-3.4168004724409449
0
LINE
8
BLACK
6
CONTINUOUS
10
8.1938036220472448
20
-3.4168004724409449
11
8.1946570472440943
21
-3.415523188976378
0
LINE
8
BLACK
6
CONTINUOUS
10
8.1946570472440943
20
-3.415523188976378
11
8.1959343307086616
21
-3.4146697637795276
0
LINE
8
BLACK
6
CONTINUOUS
10
8.1959343307086616
20
-3.4146697637795276
11
8.1974409448818903
21
-3.4143700787401574
0
LINE
8
BLACK
6
CONTINUOUS
10
8.1974409448818903
20
-3.4143700787401574
11
8.2151574803149607
21
-3.4143700787401574
0
LINE
8
BLACK
6
CONTINUOUS
10
8.2151574803149607
20
-3.4143700787401574
11
8.2166640944881895
21
-3.4146697637795276
0
LINE
8
BLACK
6
CONTINUOUS
10
8.0595093307086607
20
-3.3748119685039368
11
8.0620638188976379
21
-3.3765188582677164
0
LINE
8
BLACK
6
CONTINUOUS
10
8.0620638188976379
20
-3.3765188582677164
11
8.0637707086614174
21
-3.3790733464566927
0
LINE
8
BLACK
6
CONTINUOUS
10
8.0637707086614174
20
-3.3790733464566927
11
8.0643700787401578
21
-3.3820866141732284
0
LINE
8
BLACK
6
CONTINUOUS
10
8.0643700787401578
20
-3.3820866141732284
11
8.0643700787401578
21
-3.403740157480315
0
LINE
8
BLACK
6
CONTINUOUS
10
8.0643700787401578
20
-3.403740157480315
11
8.0637707086614174
21
-3.4067534251968503
0
LINE
8
BLACK
6
CONTINUOUS
10
8.0637707086614174
20
-3.4067534251968503
11
8.0620638188976379
21
-3.4093079133858266
0
LINE
8
BLACK
6
CONTINUOUS
10
8.0620638188976379
20
-3.4093079133858266
11
8.0595093307086607
21
-3.4110148031496061
0
LINE
8
BLACK
6
CONTINUOUS
10
8.0595093307086607
20
-3.4110148031496061
11
8.0564960629921263
21
-3.4116141732283465
0
LINE
8
BLACK
6
CONTINUOUS
10
8.0564960629921263
20
-3.4116141732283465
11
8.0407480314960633
21
-3.4116141732283465
0
LINE
8
BLACK
6
CONTINUOUS
10
8.0407480314960633
20
-3.4116141732283465
11
8.0377347637795271
21
-3.4110148031496061
0
LINE
8
BLACK
6
CONTINUOUS
10
8.0377347637795271
20
-3.4110148031496061
11
8.0351802755905517
21
-3.4093079133858266
0
LINE
8
BLACK
6
CONTINUOUS
10
8.0351802755905517
20
-3.4093079133858266
11
8.0334733858267722
21
-3.4067534251968503
0
LINE
8
BLACK
6
CONTINUOUS
10
8.0334733858267722
20
-3.4067534251968503
11
8.0328740157480318
21
-3.403740157480315
0
LINE
8
BLACK
6
CONTINUOUS
10
8.0328740157480318
20
-3.403740157480315
11
8.0328740157480318
21
-3.3820866141732284
0
LINE
8
BLACK
6
CONTINUOUS
10
8.0328740157480318
20
-3.3820866141732284
11
8.0334733858267722
21
-3.3790733464566927
0
LINE
8
BLACK
6
CONTINUOUS
10
8.0334733858267722
20
-3.3790733464566927
11
8.0351802755905517
21
-3.3765188582677164
0
LINE
8
BLACK
6
CONTINUOUS
10
8.0351802755905517
20
-3.3765188582677164
11
8.0377347637795271
21
-3.3748119685039368
0
LINE
8
BLACK
6
CONTINUOUS
10
8.0377347637795271
20
-3.3748119685039368
11
8.0407480314960633
21
-3.3742125984251969
0
LINE
8
BLACK
6
CONTINUOUS
10
8.0407480314960633
20
-3.3742125984251969
11
8.0564960629921263
21
-3.3742125984251969
0
LINE
8
BLACK
6
CONTINUOUS
10
8.0564960629921263
20
-3.3742125984251969
11
8.0595093307086607
21
-3.3748119685039368
0
LINE
8
BLACK
6
CONTINUOUS
10
8.1244699606299218
20
-3.3748119685039368
11
8.1270244488188972
21
-3.3765188582677164
0
LINE
8
BLACK
6
CONTINUOUS
10
8.1270244488188972
20
-3.3765188582677164
11
8.1287313385826767
21
-3.3790733464566927
0
LINE
8
BLACK
6
CONTINUOUS
10
8.1287313385826767
20
-3.3790733464566927
11
8.129330708661417
21
-3.3820866141732284
0
LINE
8
BLACK
6
CONTINUOUS
10
8.129330708661417
20
-3.3820866141732284
11
8.129330708661417
21
-3.403740157480315
0
LINE
8
BLACK
6
CONTINUOUS
10
8.129330708661417
20
-3.403740157480315
11
8.1287313385826767
21
-3.4067534251968503
0
LINE
8
BLACK
6
CONTINUOUS
10
8.1287313385826767
20
-3.4067534251968503
11
8.1270244488188972
21
-3.4093079133858266
0
LINE
8
BLACK
6
CONTINUOUS
10
8.1270244488188972
20
-3.4093079133858266
11
8.1244699606299218
21
-3.4110148031496061
0
LINE
8
BLACK
6
CONTINUOUS
10
8.1244699606299218
20
-3.4110148031496061
11
8.1214566929133856
21
-3.4116141732283465
0
LINE
8
BLACK
6
CONTINUOUS
10
8.1214566929133856
20
-3.4116141732283465
11
8.1057086614173226
21
-3.4116141732283465
0
LINE
8
BLACK
6
CONTINUOUS
10
8.1057086614173226
20
-3.4116141732283465
11
8.1026953937007864
21
-3.4110148031496061
0
LINE
8
BLACK
6
CONTINUOUS
10
8.1026953937007864
20
-3.4110148031496061
11
8.100140905511811
21
-3.4093079133858266
0
LINE
8
BLACK
6
CONTINUOUS
10
8.100140905511811
20
-3.4093079133858266
11
8.0984340157480315
21
-3.4067534251968503
0
LINE
8
BLACK
6
CONTINUOUS
10
8.0984340157480315
20
-3.4067534251968503
11
8.0978346456692911
21
-3.403740157480315
0
LINE
8
BLACK
6
CONTINUOUS
10
8.0978346456692911
20
-3.403740157480315
11
8.0978346456692911
21
-3.3820866141732284
0
LINE
8
BLACK
6
CONTINUOUS
10
8.0978346456692911
20
-3.3820866141732284
11
8.0984340157480315
21
-3.3790733464566927
0
LINE
8
BLACK
6
CONTINUOUS
10
8.0984340157480315
20
-3.3790733464566927
11
8.100140905511811
21
-3.3765188582677164
0
LINE
8
BLACK
6
CONTINUOUS
10
8.100140905511811
20
-3.3765188582677164
11
8.1026953937007864
21
-3.3748119685039368
0
LINE
8
BLACK
6
CONTINUOUS
10
8.1026953937007864
20
-3.3748119685039368
11
8.1057086614173226
21
-3.3742125984251969
0
LINE
8
BLACK
6
CONTINUOUS
10
8.1057086614173226
20
-3.3742125984251969
11
8.1214566929133856
21
-3.3742125984251969
0
LINE
8
BLACK
6
CONTINUOUS
10
8.1214566929133856
20
-3.3742125984251969
11
8.1244699606299218
21
-3.3748119685039368
0
LINE
8
BLACK
6
CONTINUOUS
10
8.2166640944881895
20
-3.3890792125984253
11
8.217941377952755
21
-3.3899326377952756
0
LINE
8
BLACK
6
CONTINUOUS
10
8.217941377952755
20
-3.3899326377952756
11
8.2187948031496063
21
-3.3912099212598426
0
LINE
8
BLACK
6
CONTINUOUS
10
8.2187948031496063
20
-3.3912099212598426
11
8.2190944881889756
21
-3.3927165354330708
0
LINE
8
BLACK
6
CONTINUOUS
10
8.2190944881889756
20
-3.3927165354330708
11
8.2190944881889756
21
-3.4005905511811023
0
LINE
8
BLACK
6
CONTINUOUS
10
8.2190944881889756
20
-3.4005905511811023
11
8.2187948031496063
21
-3.4020971653543306
0
LINE
8
BLACK
6
CONTINUOUS
10
8.2187948031496063
20
-3.4020971653543306
11
8.217941377952755
21
-3.4033744488188975
0
LINE
8
BLACK
6
CONTINUOUS
10
8.217941377952755
20
-3.4033744488188975
11
8.2166640944881895
21
-3.4042278740157479
0
LINE
8
BLACK
6
CONTINUOUS
10
8.2166640944881895
20
-3.4042278740157479
11
8.2151574803149607
21
-3.4045275590551181
0
LINE
8
BLACK
6
CONTINUOUS
10
8.2151574803149607
20
-3.4045275590551181
11
8.1974409448818903
21
-3.4045275590551181
0
LINE
8
BLACK
6
CONTINUOUS
10
8.1974409448818903
20
-3.4045275590551181
11
8.1959343307086616
21
-3.4042278740157479
0
LINE
8
BLACK
6
CONTINUOUS
10
8.1959343307086616
20
-3.4042278740157479
11
8.1946570472440943
21
-3.4033744488188975
0
LINE
8
BLACK
6
CONTINUOUS
10
8.1946570472440943
20
-3.4033744488188975
11
8.1938036220472448
21
-3.4020971653543306
0
LINE
8
BLACK
6
CONTINUOUS
10
8.1938036220472448
20
-3.4020971653543306
11
8.1935039370078737
21
-3.4005905511811023
0
LINE
8
BLACK
6
CONTINUOUS
10
8.1935039370078737
20
-3.4005905511811023
11
8.1935039370078737
21
-3.3927165354330708
0
LINE
8
BLACK
6
CONTINUOUS
10
8.1935039370078737
20
-3.3927165354330708
11
8.1938036220472448
21
-3.3912099212598426
0
LINE
8
BLACK
6
CONTINUOUS
10
8.1938036220472448
20
-3.3912099212598426
11
8.1946570472440943
21
-3.3899326377952756
0
LINE
8
BLACK
6
CONTINUOUS
10
8.1946570472440943
20
-3.3899326377952756
11
8.1959343307086616
21
-3.3890792125984253
0
LINE
8
BLACK
6
CONTINUOUS
10
8.1959343307086616
20
-3.3890792125984253
11
8.1974409448818903
21
-3.3887795275590551
0
LINE
8
BLACK
6
CONTINUOUS
10
8.1974409448818903
20
-3.3887795275590551
11
8.2151574803149607
21
-3.3887795275590551
0
LINE
8
BLACK
6
CONTINUOUS
10
8.2151574803149607
20
-3.3887795275590551
11
8.2166640944881895
21
-3.3890792125984253
0
LINE
8
BLACK
6
CONTINUOUS
10
8.2914672440944877
20
-3.3890792125984253
11
8.292744527559055
21
-3.3899326377952756
0
LINE
8
BLACK
6
CONTINUOUS
10
8.292744527559055
20
-3.3899326377952756
11
8.2935979527559045
21
-3.3912099212598426
0
LINE
8
BLACK
6
CONTINUOUS
10
8.2935979527559045
20
-3.3912099212598426
11
8.2938976377952756
21
-3.3927165354330708
0
LINE
8
BLACK
6
CONTINUOUS
10
8.2938976377952756
20
-3.3927165354330708
11
8.2938976377952756
21
-3.4005905511811023
0
LINE
8
BLACK
6
CONTINUOUS
10
8.2938976377952756
20
-3.4005905511811023
11
8.2935979527559045
21
-3.4020971653543306
0
LINE
8
BLACK
6
CONTINUOUS
10
8.2935979527559045
20
-3.4020971653543306
11
8.292744527559055
21
-3.4033744488188975
0
LINE
8
BLACK
6
CONTINUOUS
10
8.292744527559055
20
-3.4033744488188975
11
8.2914672440944877
21
-3.4042278740157479
0
LINE
8
BLACK
6
CONTINUOUS
10
8.2914672440944877
20
-3.4042278740157479
11
8.2899606299212589
21
-3.4045275590551181
0
LINE
8
BLACK
6
CONTINUOUS
10
8.2899606299212589
20
-3.4045275590551181
11
8.2722440944881885
21
-3.4045275590551181
0
LINE
8
BLACK
6
CONTINUOUS
10
8.2722440944881885
20
-3.4045275590551181
11
8.2707374803149598
21
-3.4042278740157479
0
LINE
8
BLACK
6
CONTINUOUS
10
8.2707374803149598
20
-3.4042278740157479
11
8.2694601968503942
21
-3.4033744488188975
0
LINE
8
BLACK
6
CONTINUOUS
10
8.2694601968503942
20
-3.4033744488188975
11
8.268606771653543
21
-3.4020971653543306
0
LINE
8
BLACK
6
CONTINUOUS
10
8.268606771653543
20
-3.4020971653543306
11
8.2683070866141737
21
-3.4005905511811023
0
LINE
8
BLACK
6
CONTINUOUS
10
8.2683070866141737
20
-3.4005905511811023
11
8.2683070866141737
21
-3.3927165354330708
0
LINE
8
BLACK
6
CONTINUOUS
10
8.2683070866141737
20
-3.3927165354330708
11
8.268606771653543
21
-3.3912099212598426
0
LINE
8
BLACK
6
CONTINUOUS
10
8.268606771653543
20
-3.3912099212598426
11
8.2694601968503942
21
-3.3899326377952756
0
LINE
8
BLACK
6
CONTINUOUS
10
8.2694601968503942
20
-3.3899326377952756
11
8.2707374803149598
21
-3.3890792125984253
0
LINE
8
BLACK
6
CONTINUOUS
10
8.2707374803149598
20
-3.3890792125984253
11
8.2722440944881885
21
-3.3887795275590551
0
LINE
8
BLACK
6
CONTINUOUS
10
8.2722440944881885
20
-3.3887795275590551
11
8.2899606299212589
21
-3.3887795275590551
0
LINE
8
BLACK
6
CONTINUOUS
10
8.2899606299212589
20
-3.3887795275590551
11
8.2914672440944877
21
-3.3890792125984253
0
LINE
8
BLACK
6
CONTINUOUS
10
5.1810748425196849
20
-3.2623987007874016
11
5.1863113385826773
21
-3.2644637007874016
0
LINE
8
BLACK
6
CONTINUOUS
10
5.1863113385826773
20
-3.2644637007874016
11
5.1907964960629922
21
-3.2678649212598425
0
LINE
8
BLACK
6
CONTINUOUS
10
5.1907964960629922
20
-3.2678649212598425
11
5.1941977165354327
21
-3.2723500787401574
0
LINE
8
BLACK
6
CONTINUOUS
10
5.1941977165354327
20
-3.2723500787401574
11
5.1962627165354327
21
-3.2775865748031494
0
LINE
8
BLACK
6
CONTINUOUS
10
5.1962627165354327
20
-3.2775865748031494
11
5.1968503937007871
21
-3.2824803149606296
0
LINE
8
BLACK
6
CONTINUOUS
10
5.1968503937007871
20
-3.2824803149606296
11
5.1968503937007871
21
-3.3789370078740157
0
LINE
8
BLACK
6
CONTINUOUS
10
5.1968503937007871
20
-3.3789370078740157
11
5.1962627165354327
21
-3.383830748031496
0
LINE
8
BLACK
6
CONTINUOUS
10
5.1962627165354327
20
-3.383830748031496
11
5.1941977165354327
21
-3.389067244094488
0
LINE
8
BLACK
6
CONTINUOUS
10
5.1941977165354327
20
-3.389067244094488
11
5.1907964960629922
21
-3.3935524015748029
0
LINE
8
BLACK
6
CONTINUOUS
10
5.1907964960629922
20
-3.3935524015748029
11
5.1863113385826773
21
-3.3969536220472438
0
LINE
8
BLACK
6
CONTINUOUS
10
5.1863113385826773
20
-3.3969536220472438
11
5.1810748425196849
21
-3.3990186220472438
0
LINE
8
BLACK
6
CONTINUOUS
10
5.1810748425196849
20
-3.3990186220472438
11
5.1761811023622046
21
-3.3996062992125982
0
LINE
8
BLACK
6
CONTINUOUS
10
5.1761811023622046
20
-3.3996062992125982
11
5.0718503937007871
21
-3.3996062992125982
0
LINE
8
BLACK
6
CONTINUOUS
10
5.0718503937007871
20
-3.3996062992125982
11
5.0669566535433068
21
-3.3990186220472438
0
LINE
8
BLACK
6
CONTINUOUS
10
5.0669566535433068
20
-3.3990186220472438
11
5.0617201574803152
21
-3.3969536220472438
0
LINE
8
BLACK
6
CONTINUOUS
10
5.0617201574803152
20
-3.3969536220472438
11
5.0572349999999995
21
-3.3935524015748029
0
LINE
8
BLACK
6
CONTINUOUS
10
5.0572349999999995
20
-3.3935524015748029
11
5.053833779527559
21
-3.389067244094488
0
LINE
8
BLACK
6
CONTINUOUS
10
5.053833779527559
20
-3.389067244094488
11
5.051768779527559
21
-3.383830748031496
0
LINE
8
BLACK
6
CONTINUOUS
10
5.051768779527559
20
-3.383830748031496
11
5.0511811023622046
21
-3.3789370078740157
0
LINE
8
BLACK
6
CONTINUOUS
10
5.0511811023622046
20
-3.3789370078740157
11
5.0511811023622046
21
-3.2824803149606296
0
LINE
8
BLACK
6
CONTINUOUS
10
5.0511811023622046
20
-3.2824803149606296
11
5.051768779527559
21
-3.2775865748031494
0
LINE
8
BLACK
6
CONTINUOUS
10
5.051768779527559
20
-3.2775865748031494
11
5.053833779527559
21
-3.2723500787401574
0
LINE
8
BLACK
6
CONTINUOUS
10
5.053833779527559
20
-3.2723500787401574
11
5.0572349999999995
21
-3.2678649212598425
0
LINE
8
BLACK
6
CONTINUOUS
10
5.0572349999999995
20
-3.2678649212598425
11
5.0617201574803152
21
-3.2644637007874016
0
LINE
8
BLACK
6
CONTINUOUS
10
5.0617201574803152
20
-3.2644637007874016
11
5.0669566535433068
21
-3.2623987007874016
0
LINE
8
BLACK
6
CONTINUOUS
10
5.0669566535433068
20
-3.2623987007874016
11
5.0718503937007871
21
-3.2618110236220472
0
LINE
8
BLACK
6
CONTINUOUS
10
5.0718503937007871
20
-3.2618110236220472
11
5.1761811023622046
21
-3.2618110236220472
0
LINE
8
BLACK
6
CONTINUOUS
10
5.1761811023622046
20
-3.2618110236220472
11
5.1810748425196849
21
-3.2623987007874016
0
LINE
8
BLACK
6
CONTINUOUS
10
5.496035472440945
20
-3.2623987007874016
11
5.5012719685039366
21
-3.2644637007874016
0
LINE
8
BLACK
6
CONTINUOUS
10
5.5012719685039366
20
-3.2644637007874016
11
5.5057571259842515
21
-3.2678649212598425
0
LINE
8
BLACK
6
CONTINUOUS
10
5.5057571259842515
20
-3.2678649212598425
11
5.5091583464566929
21
-3.2723500787401574
0
LINE
8
BLACK
6
CONTINUOUS
10
5.5091583464566929
20
-3.2723500787401574
11
5.5112233464566929
21
-3.2775865748031494
0
LINE
8
BLACK
6
CONTINUOUS
10
5.5112233464566929
20
-3.2775865748031494
11
5.5118110236220472
21
-3.2824803149606296
0
LINE
8
BLACK
6
CONTINUOUS
10
5.5118110236220472
20
-3.2824803149606296
11
5.5118110236220472
21
-3.3789370078740157
0
LINE
8
BLACK
6
CONTINUOUS
10
5.5118110236220472
20
-3.3789370078740157
11
5.5112233464566929
21
-3.383830748031496
0
LINE
8
BLACK
6
CONTINUOUS
10
5.5112233464566929
20
-3.383830748031496
11
5.5091583464566929
21
-3.389067244094488
0
LINE
8
BLACK
6
CONTINUOUS
10
5.5091583464566929
20
-3.389067244094488
11
5.5057571259842515
21
-3.3935524015748029
0
LINE
8
BLACK
6
CONTINUOUS
10
5.5057571259842515
20
-3.3935524015748029
11
5.5012719685039366
21
-3.3969536220472438
0
LINE
8
BLACK
6
CONTINUOUS
10
5.5012719685039366
20
-3.3969536220472438
11
5.496035472440945
21
-3.3990186220472438
0
LINE
8
BLACK
6
CONTINUOUS
10
5.496035472440945
20
-3.3990186220472438
11
5.4911417322834648
21
-3.3996062992125982
0
LINE
8
BLACK
6
CONTINUOUS
10
5.4911417322834648
20
-3.3996062992125982
11
5.3868110236220472
21
-3.3996062992125982
0
LINE
8
BLACK
6
CONTINUOUS
10
5.3868110236220472
20
-3.3996062992125982
11
5.381917283464567
21
-3.3990186220472438
0
LINE
8
BLACK
6
CONTINUOUS
10
5.381917283464567
20
-3.3990186220472438
11
5.3766807874015745
21
-3.3969536220472438
0
LINE
8
BLACK
6
CONTINUOUS
10
5.3766807874015745
20
-3.3969536220472438
11
5.3721956299212597
21
-3.3935524015748029
0
LINE
8
BLACK
6
CONTINUOUS
10
5.3721956299212597
20
-3.3935524015748029
11
5.3687944094488191
21
-3.389067244094488
0
LINE
8
BLACK
6
CONTINUOUS
10
5.3687944094488191
20
-3.389067244094488
11
5.3667294094488192
21
-3.383830748031496
0
LINE
8
BLACK
6
CONTINUOUS
10
5.3667294094488192
20
-3.383830748031496
11
5.3661417322834648
21
-3.3789370078740157
0
LINE
8
BLACK
6
CONTINUOUS
10
5.3661417322834648
20
-3.3789370078740157
11
5.3661417322834648
21
-3.2824803149606296
0
LINE
8
BLACK
6
CONTINUOUS
10
5.3661417322834648
20
-3.2824803149606296
11
5.3667294094488192
21
-3.2775865748031494
0
LINE
8
BLACK
6
CONTINUOUS
10
5.3667294094488192
20
-3.2775865748031494
11
5.3687944094488191
21
-3.2723500787401574
0
LINE
8
BLACK
6
CONTINUOUS
10
5.3687944094488191
20
-3.2723500787401574
11
5.3721956299212597
21
-3.2678649212598425
0
LINE
8
BLACK
6
CONTINUOUS
10
5.3721956299212597
20
-3.2678649212598425
11
5.3766807874015745
21
-3.2644637007874016
0
LINE
8
BLACK
6
CONTINUOUS
10
5.3766807874015745
20
-3.2644637007874016
11
5.381917283464567
21
-3.2623987007874016
0
LINE
8
BLACK
6
CONTINUOUS
10
5.381917283464567
20
-3.2623987007874016
11
5.3868110236220472
21
-3.2618110236220472
0
LINE
8
BLACK
6
CONTINUOUS
10
5.3868110236220472
20
-3.2618110236220472
11
5.4911417322834648
21
-3.2618110236220472
0
LINE
8
BLACK
6
CONTINUOUS
10
5.4911417322834648
20
-3.2618110236220472
11
5.496035472440945
21
-3.2623987007874016
0
LINE
8
BLACK
6
CONTINUOUS
10
6.3739882283464562
20
-3.2545246850393701
11
6.3792247244094487
21
-3.2565896850393701
0
LINE
8
BLACK
6
CONTINUOUS
10
6.3792247244094487
20
-3.2565896850393701
11
6.3837098818897635
21
-3.259990905511811
0
LINE
8
BLACK
6
CONTINUOUS
10
6.3837098818897635
20
-3.259990905511811
11
6.3871111023622049
21
-3.2644760629921259
0
LINE
8
BLACK
6
CONTINUOUS
10
6.3871111023622049
20
-3.2644760629921259
11
6.3891761023622049
21
-3.2697125590551179
0
LINE
8
BLACK
6
CONTINUOUS
10
6.3891761023622049
20
-3.2697125590551179
11
6.3897637795275593
21
-3.2746062992125982
0
LINE
8
BLACK
6
CONTINUOUS
10
6.3897637795275593
20
-3.2746062992125982
11
6.3897637795275593
21
-3.3710629921259843
0
LINE
8
BLACK
6
CONTINUOUS
10
6.3897637795275593
20
-3.3710629921259843
11
6.3891761023622049
21
-3.3759567322834645
0
LINE
8
BLACK
6
CONTINUOUS
10
6.3891761023622049
20
-3.3759567322834645
11
6.3871111023622049
21
-3.3811932283464565
0
LINE
8
BLACK
6
CONTINUOUS
10
6.3871111023622049
20
-3.3811932283464565
11
6.3837098818897635
21
-3.3856783858267714
0
LINE
8
BLACK
6
CONTINUOUS
10
6.3837098818897635
20
-3.3856783858267714
11
6.3792247244094487
21
-3.3890796062992123
0
LINE
8
BLACK
6
CONTINUOUS
10
6.3792247244094487
20
-3.3890796062992123
11
6.3739882283464562
21
-3.3911446062992123
0
LINE
8
BLACK
6
CONTINUOUS
10
6.3739882283464562
20
-3.3911446062992123
11
6.3690944881889759
21
-3.3917322834645667
0
LINE
8
BLACK
6
CONTINUOUS
10
6.3690944881889759
20
-3.3917322834645667
11
6.2647637795275593
21
-3.3917322834645667
0
LINE
8
BLACK
6
CONTINUOUS
10
6.2647637795275593
20
-3.3917322834645667
11
6.259870039370079
21
-3.3911446062992123
0
LINE
8
BLACK
6
CONTINUOUS
10
6.259870039370079
20
-3.3911446062992123
11
6.2546335433070865
21
-3.3890796062992123
0
LINE
8
BLACK
6
CONTINUOUS
10
6.2546335433070865
20
-3.3890796062992123
11
6.2501483858267717
21
-3.3856783858267714
0
LINE
8
BLACK
6
CONTINUOUS
10
6.2501483858267717
20
-3.3856783858267714
11
6.2467471653543303
21
-3.3811932283464565
0
LINE
8
BLACK
6
CONTINUOUS
10
6.2467471653543303
20
-3.3811932283464565
11
6.2446821653543303
21
-3.3759567322834645
0
LINE
8
BLACK
6
CONTINUOUS
10
6.2446821653543303
20
-3.3759567322834645
11
6.2440944881889759
21
-3.3710629921259843
0
LINE
8
BLACK
6
CONTINUOUS
10
6.2440944881889759
20
-3.3710629921259843
11
6.2440944881889759
21
-3.2746062992125982
0
LINE
8
BLACK
6
CONTINUOUS
10
6.2440944881889759
20
-3.2746062992125982
11
6.2446821653543303
21
-3.2697125590551179
0
LINE
8
BLACK
6
CONTINUOUS
10
6.2446821653543303
20
-3.2697125590551179
11
6.2467471653543303
21
-3.2644760629921259
0
LINE
8
BLACK
6
CONTINUOUS
10
6.2467471653543303
20
-3.2644760629921259
11
6.2501483858267717
21
-3.259990905511811
0
LINE
8
BLACK
6
CONTINUOUS
10
6.2501483858267717
20
-3.259990905511811
11
6.2546335433070865
21
-3.2565896850393701
0
LINE
8
BLACK
6
CONTINUOUS
10
6.2546335433070865
20
-3.2565896850393701
11
6.259870039370079
21
-3.2545246850393701
0
LINE
8
BLACK
6
CONTINUOUS
10
6.259870039370079
20
-3.2545246850393701
11
6.2647637795275593
21
-3.2539370078740157
0
LINE
8
BLACK
6
CONTINUOUS
10
6.2647637795275593
20
-3.2539370078740157
11
6.3690944881889759
21
-3.2539370078740157
0
LINE
8
BLACK
6
CONTINUOUS
10
6.3690944881889759
20
-3.2539370078740157
11
6.3739882283464562
21
-3.2545246850393701
0
LINE
8
BLACK
6
CONTINUOUS
10
6.6889488582677163
20
-3.2545246850393701
11
6.6941853543307088
21
-3.2565896850393701
0
LINE
8
BLACK
6
CONTINUOUS
10
6.6941853543307088
20
-3.2565896850393701
11
6.6986705118110237
21
-3.259990905511811
0
LINE
8
BLACK
6
CONTINUOUS
10
6.6986705118110237
20
-3.259990905511811
11
6.7020717322834642
21
-3.2644760629921259
0
LINE
8
BLACK
6
CONTINUOUS
10
6.7020717322834642
20
-3.2644760629921259
11
6.7041367322834642
21
-3.2697125590551179
0
LINE
8
BLACK
6
CONTINUOUS
10
6.7041367322834642
20
-3.2697125590551179
11
6.7047244094488185
21
-3.2746062992125982
0
LINE
8
BLACK
6
CONTINUOUS
10
6.7047244094488185
20
-3.2746062992125982
11
6.7047244094488185
21
-3.3710629921259843
0
LINE
8
BLACK
6
CONTINUOUS
10
6.7047244094488185
20
-3.3710629921259843
11
6.7041367322834642
21
-3.3759567322834645
0
LINE
8
BLACK
6
CONTINUOUS
10
6.7041367322834642
20
-3.3759567322834645
11
6.7020717322834642
21
-3.3811932283464565
0
LINE
8
BLACK
6
CONTINUOUS
10
6.7020717322834642
20
-3.3811932283464565
11
6.6986705118110237
21
-3.3856783858267714
0
LINE
8
BLACK
6
CONTINUOUS
10
6.6986705118110237
20
-3.3856783858267714
11
6.6941853543307088
21
-3.3890796062992123
0
LINE
8
BLACK
6
CONTINUOUS
10
6.6941853543307088
20
-3.3890796062992123
11
6.6889488582677163
21
-3.3911446062992123
0
LINE
8
BLACK
6
CONTINUOUS
10
6.6889488582677163
20
-3.3911446062992123
11
6.6840551181102361
21
-3.3917322834645667
0
LINE
8
BLACK
6
CONTINUOUS
10
6.6840551181102361
20
-3.3917322834645667
11
6.5797244094488185
21
-3.3917322834645667
0
LINE
8
BLACK
6
CONTINUOUS
10
6.5797244094488185
20
-3.3917322834645667
11
6.5748306692913383
21
-3.3911446062992123
0
LINE
8
BLACK
6
CONTINUOUS
10
6.5748306692913383
20
-3.3911446062992123
11
6.5695941732283467
21
-3.3890796062992123
0
LINE
8
BLACK
6
CONTINUOUS
10
6.5695941732283467
20
-3.3890796062992123
11
6.565109015748031
21
-3.3856783858267714
0
LINE
8
BLACK
6
CONTINUOUS
10
6.565109015748031
20
-3.3856783858267714
11
6.5617077952755904
21
-3.3811932283464565
0
LINE
8
BLACK
6
CONTINUOUS
10
6.5617077952755904
20
-3.3811932283464565
11
6.5596427952755905
21
-3.3759567322834645
0
LINE
8
BLACK
6
CONTINUOUS
10
6.5596427952755905
20
-3.3759567322834645
11
6.5590551181102361
21
-3.3710629921259843
0
LINE
8
BLACK
6
CONTINUOUS
10
6.5590551181102361
20
-3.3710629921259843
11
6.5590551181102361
21
-3.2746062992125982
0
LINE
8
BLACK
6
CONTINUOUS
10
6.5590551181102361
20
-3.2746062992125982
11
6.5596427952755905
21
-3.2697125590551179
0
LINE
8
BLACK
6
CONTINUOUS
10
6.5596427952755905
20
-3.2697125590551179
11
6.5617077952755904
21
-3.2644760629921259
0
LINE
8
BLACK
6
CONTINUOUS
10
6.5617077952755904
20
-3.2644760629921259
11
6.565109015748031
21
-3.259990905511811
0
LINE
8
BLACK
6
CONTINUOUS
10
6.565109015748031
20
-3.259990905511811
11
6.5695941732283467
21
-3.2565896850393701
0
LINE
8
BLACK
6
CONTINUOUS
10
6.5695941732283467
20
-3.2565896850393701
11
6.5748306692913383
21
-3.2545246850393701
0
LINE
8
BLACK
6
CONTINUOUS
10
6.5748306692913383
20
-3.2545246850393701
11
6.5797244094488185
21
-3.2539370078740157
0
LINE
8
BLACK
6
CONTINUOUS
10
6.5797244094488185
20
-3.2539370078740157
11
6.6840551181102361
21
-3.2539370078740157
0
LINE
8
BLACK
6
CONTINUOUS
10
6.6840551181102361
20
-3.2539370078740157
11
6.6889488582677163
21
-3.2545246850393701
0
LINE
8
BLACK
6
CONTINUOUS
10
7.4104330708661417
20
-3.390748031496063
11
7.3848425196850389
21
-3.390748031496063
0
LINE
8
BLACK
6
CONTINUOUS
10
7.3848425196850389
20
-3.390748031496063
11
7.3848425196850389
21
-3.3494094488188977
0
LINE
8
BLACK
6
CONTINUOUS
10
7.3848425196850389
20
-3.3494094488188977
11
7.4104330708661417
21
-3.3494094488188977
0
LINE
8
BLACK
6
CONTINUOUS
10
7.4104330708661417
20
-3.3494094488188977
11
7.4104330708661417
21
-3.390748031496063
0
LINE
8
BLACK
6
CONTINUOUS
10
7.4950787401574805
20
-3.390748031496063
11
7.4694881889763778
21
-3.390748031496063
0
LINE
8
BLACK
6
CONTINUOUS
10
7.4694881889763778
20
-3.390748031496063
11
7.4694881889763778
21
-3.3494094488188977
0
LINE
8
BLACK
6
CONTINUOUS
10
7.4694881889763778
20
-3.3494094488188977
11
7.4950787401574805
21
-3.3494094488188977
0
LINE
8
BLACK
6
CONTINUOUS
10
7.4950787401574805
20
-3.3494094488188977
11
7.4950787401574805
21
-3.390748031496063
0
LINE
8
BLACK
6
CONTINUOUS
10
4.6315672047244094
20
-3.2065762992125983
11
4.6389115748031493
21
-3.2089626377952754
0
LINE
8
BLACK
6
CONTINUOUS
10
4.6389115748031493
20
-3.2089626377952754
11
4.6457922440944879
21
-3.212468503937008
0
LINE
8
BLACK
6
CONTINUOUS
10
4.6457922440944879
20
-3.212468503937008
11
4.6520397637795279
21
-3.2170075984251967
0
LINE
8
BLACK
6
CONTINUOUS
10
4.6520397637795279
20
-3.2170075984251967
11
4.657500275590551
21
-3.2224681102362203
0
LINE
8
BLACK
6
CONTINUOUS
10
4.657500275590551
20
-3.2224681102362203
11
4.6620393700787401
21
-3.2287156299212598
0
LINE
8
BLACK
6
CONTINUOUS
10
4.6620393700787401
20
-3.2287156299212598
11
4.6655452362204723
21
-3.2355962992125984
0
LINE
8
BLACK
6
CONTINUOUS
10
4.6655452362204723
20
-3.2355962992125984
11
4.6679315748031494
21
-3.2429406692913387
0
LINE
8
BLACK
6
CONTINUOUS
10
4.6679315748031494
20
-3.2429406692913387
11
4.6691396456692909
21
-3.2505679527559055
0
LINE
8
BLACK
6
CONTINUOUS
10
4.6691396456692909
20
-3.2505679527559055
11
4.6691396456692909
21
-3.2582903149606297
0
LINE
8
BLACK
6
CONTINUOUS
10
4.6691396456692909
20
-3.2582903149606297
11
4.6679315748031494
21
-3.2659175984251969
0
LINE
8
BLACK
6
CONTINUOUS
10
4.6679315748031494
20
-3.2659175984251969
11
4.6655452362204723
21
-3.2732619685039368
0
LINE
8
BLACK
6
CONTINUOUS
10
4.6655452362204723
20
-3.2732619685039368
11
4.6620393700787401
21
-3.2801426377952754
0
LINE
8
BLACK
6
CONTINUOUS
10
4.6620393700787401
20
-3.2801426377952754
11
4.657500275590551
21
-3.2863901574803149
0
LINE
8
BLACK
6
CONTINUOUS
10
4.657500275590551
20
-3.2863901574803149
11
4.6520397637795279
21
-3.2918506692913385
0
LINE
8
BLACK
6
CONTINUOUS
10
4.6520397637795279
20
-3.2918506692913385
11
4.6457922440944879
21
-3.2963897637795276
0
LINE
8
BLACK
6
CONTINUOUS
10
4.6457922440944879
20
-3.2963897637795276
11
4.6389115748031493
21
-3.2998956299212598
0
LINE
8
BLACK
6
CONTINUOUS
10
4.6389115748031493
20
-3.2998956299212598
11
4.6315672047244094
21
-3.3022819685039368
0
LINE
8
BLACK
6
CONTINUOUS
10
4.6315672047244094
20
-3.3022819685039368
11
4.6239399212598427
21
-3.3034900393700788
0
LINE
8
BLACK
6
CONTINUOUS
10
4.6239399212598427
20
-3.3034900393700788
11
4.6162175590551184
21
-3.3034900393700788
0
LINE
8
BLACK
6
CONTINUOUS
10
4.6162175590551184
20
-3.3034900393700788
11
4.6085902755905508
21
-3.3022819685039368
0
LINE
8
BLACK
6
CONTINUOUS
10
4.6085902755905508
20
-3.3022819685039368
11
4.6012459055118109
21
-3.2998956299212598
0
LINE
8
BLACK
6
CONTINUOUS
10
4.6012459055118109
20
-3.2998956299212598
11
4.5943652362204723
21
-3.2963897637795276
0
LINE
8
BLACK
6
CONTINUOUS
10
4.5943652362204723
20
-3.2963897637795276
11
4.5881177165354332
21
-3.2918506692913385
0
LINE
8
BLACK
6
CONTINUOUS
10
4.5881177165354332
20
-3.2918506692913385
11
4.5826572047244092
21
-3.2863901574803149
0
LINE
8
BLACK
6
CONTINUOUS
10
4.5826572047244092
20
-3.2863901574803149
11
4.5781181102362201
21
-3.2801426377952754
0
LINE
8
BLACK
6
CONTINUOUS
10
4.5781181102362201
20
-3.2801426377952754
11
4.5746122440944879
21
-3.2732619685039368
0
LINE
8
BLACK
6
CONTINUOUS
10
4.5746122440944879
20
-3.2732619685039368
11
4.5722259055118109
21
-3.2659175984251969
0
LINE
8
BLACK
6
CONTINUOUS
10
4.5722259055118109
20
-3.2659175984251969
11
4.5710178346456694
21
-3.2582903149606297
0
LINE
8
BLACK
6
CONTINUOUS
10
4.5710178346456694
20
-3.2582903149606297
11
4.5710178346456694
21
-3.2505679527559055
0
LINE
8
BLACK
6
CONTINUOUS
10
4.5710178346456694
20
-3.2505679527559055
11
4.5722259055118109
21
-3.2429406692913387
0
LINE
8
BLACK
6
CONTINUOUS
10
4.5722259055118109
20
-3.2429406692913387
11
4.5746122440944879
21
-3.2355962992125984
0
LINE
8
BLACK
6
CONTINUOUS
10
4.5746122440944879
20
-3.2355962992125984
11
4.5781181102362201
21
-3.2287156299212598
0
LINE
8
BLACK
6
CONTINUOUS
10
4.5781181102362201
20
-3.2287156299212598
11
4.5826572047244092
21
-3.2224681102362203
0
LINE
8
BLACK
6
CONTINUOUS
10
4.5826572047244092
20
-3.2224681102362203
11
4.5881177165354332
21
-3.2170075984251967
0
LINE
8
BLACK
6
CONTINUOUS
10
4.5881177165354332
20
-3.2170075984251967
11
4.5943652362204723
21
-3.212468503937008
0
LINE
8
BLACK
6
CONTINUOUS
10
4.5943652362204723
20
-3.212468503937008
11
4.6012459055118109
21
-3.2089626377952754
0
LINE
8
BLACK
6
CONTINUOUS
10
4.6012459055118109
20
-3.2089626377952754
11
4.6085902755905508
21
-3.2065762992125983
0
LINE
8
BLACK
6
CONTINUOUS
10
4.6085902755905508
20
-3.2065762992125983
11
4.6162175590551184
21
-3.2053682283464564
0
LINE
8
BLACK
6
CONTINUOUS
10
4.6162175590551184
20
-3.2053682283464564
11
4.6239399212598427
21
-3.2053682283464564
0
LINE
8
BLACK
6
CONTINUOUS
10
4.6239399212598427
20
-3.2053682283464564
11
4.6315672047244094
21
-3.2065762992125983
0
LINE
8
BLACK
6
CONTINUOUS
10
3.7598491338582676
20
-3.1025175196850392
11
3.7686624015748031
21
-3.1053811417322832
0
LINE
8
BLACK
6
CONTINUOUS
10
3.7686624015748031
20
-3.1053811417322832
11
3.776919212598425
21
-3.1095881889763777
0
LINE
8
BLACK
6
CONTINUOUS
10
3.776919212598425
20
-3.1095881889763777
11
3.784416220472441
21
-3.1150350787401573
0
LINE
8
BLACK
6
CONTINUOUS
10
3.784416220472441
20
-3.1150350787401573
11
3.7909688582677163
21
-3.1215877165354331
0
LINE
8
BLACK
6
CONTINUOUS
10
3.7909688582677163
20
-3.1215877165354331
11
3.796415748031496
21
-3.1290847244094486
0
LINE
8
BLACK
6
CONTINUOUS
10
3.796415748031496
20
-3.1290847244094486
11
3.8006227952755904
21
-3.1373415354330709
0
LINE
8
BLACK
6
CONTINUOUS
10
3.8006227952755904
20
-3.1373415354330709
11
3.8034864173228344
21
-3.146154803149606
0
LINE
8
BLACK
6
CONTINUOUS
10
3.8034864173228344
20
-3.146154803149606
11
3.8049360629921258
21
-3.1553075196850391
0
LINE
8
BLACK
6
CONTINUOUS
10
3.8049360629921258
20
-3.1553075196850391
11
3.8051181102362204
21
-3.1599409448818898
0
LINE
8
BLACK
6
CONTINUOUS
10
3.8051181102362204
20
-3.1599409448818898
11
3.8051181102362204
21
-3.2386811023622046
0
LINE
8
BLACK
6
CONTINUOUS
10
3.8051181102362204
20
-3.2386811023622046
11
3.8049360629921258
21
-3.2433145275590549
0
LINE
8
BLACK
6
CONTINUOUS
10
3.8049360629921258
20
-3.2433145275590549
11
3.8034864173228344
21
-3.252467244094488
0
LINE
8
BLACK
6
CONTINUOUS
10
3.8034864173228344
20
-3.252467244094488
11
3.8006227952755904
21
-3.2612805118110235
0
LINE
8
BLACK
6
CONTINUOUS
10
3.8006227952755904
20
-3.2612805118110235
11
3.796415748031496
21
-3.2695373228346454
0
LINE
8
BLACK
6
CONTINUOUS
10
3.796415748031496
20
-3.2695373228346454
11
3.7909688582677163
21
-3.2770343307086613
0
LINE
8
BLACK
6
CONTINUOUS
10
3.7909688582677163
20
-3.2770343307086613
11
3.784416220472441
21
-3.2835869685039367
0
LINE
8
BLACK
6
CONTINUOUS
10
3.784416220472441
20
-3.2835869685039367
11
3.776919212598425
21
-3.2890338582677163
0
LINE
8
BLACK
6
CONTINUOUS
10
3.776919212598425
20
-3.2890338582677163
11
3.7686624015748031
21
-3.2932409055118108
0
LINE
8
BLACK
6
CONTINUOUS
10
3.7686624015748031
20
-3.2932409055118108
11
3.7598491338582676
21
-3.2961045275590553
0
LINE
8
BLACK
6
CONTINUOUS
10
3.7598491338582676
20
-3.2961045275590553
11
3.7506964173228345
21
-3.2975541732283462
0
LINE
8
BLACK
6
CONTINUOUS
10
3.7506964173228345
20
-3.2975541732283462
11
3.741429566929134
21
-3.2975541732283462
0
LINE
8
BLACK
6
CONTINUOUS
10
3.741429566929134
20
-3.2975541732283462
11
3.7322768503937005
21
-3.2961045275590553
0
LINE
8
BLACK
6
CONTINUOUS
10
3.7322768503937005
20
-3.2961045275590553
11
3.7234635826771654
21
-3.2932409055118108
0
LINE
8
BLACK
6
CONTINUOUS
10
3.7234635826771654
20
-3.2932409055118108
11
3.7152067716535431
21
-3.2890338582677163
0
LINE
8
BLACK
6
CONTINUOUS
10
3.7152067716535431
20
-3.2890338582677163
11
3.7077097637795275
21
-3.2835869685039367
0
LINE
8
BLACK
6
CONTINUOUS
10
3.7077097637795275
20
-3.2835869685039367
11
3.7011571259842517
21
-3.2770343307086613
0
LINE
8
BLACK
6
CONTINUOUS
10
3.7011571259842517
20
-3.2770343307086613
11
3.6957102362204726
21
-3.2695373228346454
0
LINE
8
BLACK
6
CONTINUOUS
10
3.6957102362204726
20
-3.2695373228346454
11
3.6915031889763781
21
-3.2612805118110235
0
LINE
8
BLACK
6
CONTINUOUS
10
3.6915031889763781
20
-3.2612805118110235
11
3.6886395669291336
21
-3.252467244094488
0
LINE
8
BLACK
6
CONTINUOUS
10
3.6886395669291336
20
-3.252467244094488
11
3.6871899212598422
21
-3.2433145275590549
0
LINE
8
BLACK
6
CONTINUOUS
10
3.6871899212598422
20
-3.2433145275590549
11
3.6870078740157481
21
-3.2386811023622046
0
LINE
8
BLACK
6
CONTINUOUS
10
3.6870078740157481
20
-3.2386811023622046
11
3.6870078740157481
21
-3.1599409448818898
0
LINE
8
BLACK
6
CONTINUOUS
10
3.6870078740157481
20
-3.1599409448818898
11
3.6871899212598422
21
-3.1553075196850391
0
LINE
8
BLACK
6
CONTINUOUS
10
3.6871899212598422
20
-3.1553075196850391
11
3.6886395669291336
21
-3.146154803149606
0
LINE
8
BLACK
6
CONTINUOUS
10
3.6886395669291336
20
-3.146154803149606
11
3.6915031889763781
21
-3.1373415354330709
0
LINE
8
BLACK
6
CONTINUOUS
10
3.6915031889763781
20
-3.1373415354330709
11
3.6957102362204726
21
-3.1290847244094486
0
LINE
8
BLACK
6
CONTINUOUS
10
3.6957102362204726
20
-3.1290847244094486
11
3.7011571259842517
21
-3.1215877165354331
0
LINE
8
BLACK
6
CONTINUOUS
10
3.7011571259842517
20
-3.1215877165354331
11
3.7077097637795275
21
-3.1150350787401573
0
LINE
8
BLACK
6
CONTINUOUS
10
3.7077097637795275
20
-3.1150350787401573
11
3.7152067716535431
21
-3.1095881889763777
0
LINE
8
BLACK
6
CONTINUOUS
10
3.7152067716535431
20
-3.1095881889763777
11
3.7234635826771654
21
-3.1053811417322832
0
LINE
8
BLACK
6
CONTINUOUS
10
3.7234635826771654
20
-3.1053811417322832
11
3.7322768503937005
21
-3.1025175196850392
0
LINE
8
BLACK
6
CONTINUOUS
10
3.7322768503937005
20
-3.1025175196850392
11
3.741429566929134
21
-3.1010678740157478
0
LINE
8
BLACK
6
CONTINUOUS
10
3.741429566929134
20
-3.1010678740157478
11
3.7506964173228345
21
-3.1010678740157478
0
LINE
8
BLACK
6
CONTINUOUS
10
3.7506964173228345
20
-3.1010678740157478
11
3.7598491338582676
21
-3.1025175196850392
0
LINE
8
BLACK
6
CONTINUOUS
10
8.0007313385826766
20
-3.2590809842519683
11
8.0025194881889767
21
-3.2602757874015746
0
LINE
8
BLACK
6
CONTINUOUS
10
8.0025194881889767
20
-3.2602757874015746
11
8.0037142913385821
21
-3.2620639370078739
0
LINE
8
BLACK
6
CONTINUOUS
10
8.0037142913385821
20
-3.2620639370078739
11
8.004133858267716
21
-3.2641732283464564
0
LINE
8
BLACK
6
CONTINUOUS
10
8.004133858267716
20
-3.2641732283464564
11
8.004133858267716
21
-3.2775590551181102
0
LINE
8
BLACK
6
CONTINUOUS
10
8.004133858267716
20
-3.2775590551181102
11
8.0037142913385821
21
-3.2796683464566927
0
LINE
8
BLACK
6
CONTINUOUS
10
8.0037142913385821
20
-3.2796683464566927
11
8.0025194881889767
21
-3.2814564960629919
0
LINE
8
BLACK
6
CONTINUOUS
10
8.0025194881889767
20
-3.2814564960629919
11
8.0007313385826766
21
-3.2826512992125982
0
LINE
8
BLACK
6
CONTINUOUS
10
8.0007313385826766
20
-3.2826512992125982
11
7.9986220472440941
21
-3.283070866141732
0
LINE
8
BLACK
6
CONTINUOUS
10
7.9986220472440941
20
-3.283070866141732
11
7.9875984251968504
21
-3.283070866141732
0
LINE
8
BLACK
6
CONTINUOUS
10
7.9875984251968504
20
-3.283070866141732
11
7.9854891338582679
21
-3.2826512992125982
0
LINE
8
BLACK
6
CONTINUOUS
10
7.9854891338582679
20
-3.2826512992125982
11
7.9837009842519686
21
-3.2814564960629919
0
LINE
8
BLACK
6
CONTINUOUS
10
7.9837009842519686
20
-3.2814564960629919
11
7.9825061811023623
21
-3.2796683464566927
0
LINE
8
BLACK
6
CONTINUOUS
10
7.9825061811023623
20
-3.2796683464566927
11
7.9820866141732285
21
-3.2775590551181102
0
LINE
8
BLACK
6
CONTINUOUS
10
7.9820866141732285
20
-3.2775590551181102
11
7.9820866141732285
21
-3.2641732283464564
0
LINE
8
BLACK
6
CONTINUOUS
10
7.9820866141732285
20
-3.2641732283464564
11
7.9825061811023623
21
-3.2620639370078739
0
LINE
8
BLACK
6
CONTINUOUS
10
7.9825061811023623
20
-3.2620639370078739
11
7.9837009842519686
21
-3.2602757874015746
0
LINE
8
BLACK
6
CONTINUOUS
10
7.9837009842519686
20
-3.2602757874015746
11
7.9854891338582679
21
-3.2590809842519683
0
LINE
8
BLACK
6
CONTINUOUS
10
7.9854891338582679
20
-3.2590809842519683
11
7.9875984251968504
21
-3.2586614173228345
0
LINE
8
BLACK
6
CONTINUOUS
10
7.9875984251968504
20
-3.2586614173228345
11
7.9986220472440941
21
-3.2586614173228345
0
LINE
8
BLACK
6
CONTINUOUS
10
7.9986220472440941
20
-3.2586614173228345
11
8.0007313385826766
21
-3.2590809842519683
0
LINE
8
BLACK
6
CONTINUOUS
10
8.0385266141732288
20
-3.2590809842519683
11
8.0403147637795271
21
-3.2602757874015746
0
LINE
8
BLACK
6
CONTINUOUS
10
8.0403147637795271
20
-3.2602757874015746
11
8.0415095669291343
21
-3.2620639370078739
0
LINE
8
BLACK
6
CONTINUOUS
10
8.0415095669291343
20
-3.2620639370078739
11
8.0419291338582681
21
-3.2641732283464564
0
LINE
8
BLACK
6
CONTINUOUS
10
8.0419291338582681
20
-3.2641732283464564
11
8.0419291338582681
21
-3.2775590551181102
0
LINE
8
BLACK
6
CONTINUOUS
10
8.0419291338582681
20
-3.2775590551181102
11
8.0415095669291343
21
-3.2796683464566927
0
LINE
8
BLACK
6
CONTINUOUS
10
8.0415095669291343
20
-3.2796683464566927
11
8.0403147637795271
21
-3.2814564960629919
0
LINE
8
BLACK
6
CONTINUOUS
10
8.0403147637795271
20
-3.2814564960629919
11
8.0385266141732288
21
-3.2826512992125982
0
LINE
8
BLACK
6
CONTINUOUS
10
8.0385266141732288
20
-3.2826512992125982
11
8.0364173228346463
21
-3.283070866141732
0
LINE
8
BLACK
6
CONTINUOUS
10
8.0364173228346463
20
-3.283070866141732
11
8.0253937007874008
21
-3.283070866141732
0
LINE
8
BLACK
6
CONTINUOUS
10
8.0253937007874008
20
-3.283070866141732
11
8.0232844094488183
21
-3.2826512992125982
0
LINE
8
BLACK
6
CONTINUOUS
10
8.0232844094488183
20
-3.2826512992125982
11
8.0214962598425199
21
-3.2814564960629919
0
LINE
8
BLACK
6
CONTINUOUS
10
8.0214962598425199
20
-3.2814564960629919
11
8.0203014566929127
21
-3.2796683464566927
0
LINE
8
BLACK
6
CONTINUOUS
10
8.0203014566929127
20
-3.2796683464566927
11
8.0198818897637789
21
-3.2775590551181102
0
LINE
8
BLACK
6
CONTINUOUS
10
8.0198818897637789
20
-3.2775590551181102
11
8.0198818897637789
21
-3.2641732283464564
0
LINE
8
BLACK
6
CONTINUOUS
10
8.0198818897637789
20
-3.2641732283464564
11
8.0203014566929127
21
-3.2620639370078739
0
LINE
8
BLACK
6
CONTINUOUS
10
8.0203014566929127
20
-3.2620639370078739
11
8.0214962598425199
21
-3.2602757874015746
0
LINE
8
BLACK
6
CONTINUOUS
10
8.0214962598425199
20
-3.2602757874015746
11
8.0232844094488183
21
-3.2590809842519683
0
LINE
8
BLACK
6
CONTINUOUS
10
8.0232844094488183
20
-3.2590809842519683
11
8.0253937007874008
21
-3.2586614173228345
0
LINE
8
BLACK
6
CONTINUOUS
10
8.0253937007874008
20
-3.2586614173228345
11
8.0364173228346463
21
-3.2586614173228345
0
LINE
8
BLACK
6
CONTINUOUS
10
8.0364173228346463
20
-3.2586614173228345
11
8.0385266141732288
21
-3.2590809842519683
0
LINE
8
BLACK
6
CONTINUOUS
10
8.7265187401574806
20
-3.23703374015748
11
8.728306889763779
21
-3.2382285433070868
0
LINE
8
BLACK
6
CONTINUOUS
10
8.728306889763779
20
-3.2382285433070868
11
8.7295016929133862
21
-3.2400166929133856
0
LINE
8
BLACK
6
CONTINUOUS
10
8.7295016929133862
20
-3.2400166929133856
11
8.72992125984252
21
-3.2421259842519685
0
LINE
8
BLACK
6
CONTINUOUS
10
8.72992125984252
20
-3.2421259842519685
11
8.72992125984252
21
-3.2555118110236219
0
LINE
8
BLACK
6
CONTINUOUS
10
8.72992125984252
20
-3.2555118110236219
11
8.7295016929133862
21
-3.2576211023622048
0
LINE
8
BLACK
6
CONTINUOUS
10
8.7295016929133862
20
-3.2576211023622048
11
8.728306889763779
21
-3.2594092519685041
0
LINE
8
BLACK
6
CONTINUOUS
10
8.728306889763779
20
-3.2594092519685041
11
8.7265187401574806
21
-3.2606040551181104
0
LINE
8
BLACK
6
CONTINUOUS
10
8.7265187401574806
20
-3.2606040551181104
11
8.7244094488188981
21
-3.2610236220472442
0
LINE
8
BLACK
6
CONTINUOUS
10
8.7244094488188981
20
-3.2610236220472442
11
8.7133858267716526
21
-3.2610236220472442
0
LINE
8
BLACK
6
CONTINUOUS
10
8.7133858267716526
20
-3.2610236220472442
11
8.7112765354330701
21
-3.2606040551181104
0
LINE
8
BLACK
6
CONTINUOUS
10
8.7112765354330701
20
-3.2606040551181104
11
8.7094883858267718
21
-3.2594092519685041
0
LINE
8
BLACK
6
CONTINUOUS
10
8.7094883858267718
20
-3.2594092519685041
11
8.7082935826771646
21
-3.2576211023622048
0
LINE
8
BLACK
6
CONTINUOUS
10
8.7082935826771646
20
-3.2576211023622048
11
8.7078740157480308
21
-3.2555118110236219
0
LINE
8
BLACK
6
CONTINUOUS
10
8.7078740157480308
20
-3.2555118110236219
11
8.7078740157480308
21
-3.2421259842519685
0
LINE
8
BLACK
6
CONTINUOUS
10
8.7078740157480308
20
-3.2421259842519685
11
8.7082935826771646
21
-3.2400166929133856
0
LINE
8
BLACK
6
CONTINUOUS
10
8.7082935826771646
20
-3.2400166929133856
11
8.7094883858267718
21
-3.2382285433070868
0
LINE
8
BLACK
6
CONTINUOUS
10
8.7094883858267718
20
-3.2382285433070868
11
8.7112765354330701
21
-3.23703374015748
0
LINE
8
BLACK
6
CONTINUOUS
10
8.7112765354330701
20
-3.23703374015748
11
8.7133858267716526
21
-3.2366141732283462
0
LINE
8
BLACK
6
CONTINUOUS
10
8.7133858267716526
20
-3.2366141732283462
11
8.7244094488188981
21
-3.2366141732283462
0
LINE
8
BLACK
6
CONTINUOUS
10
8.7244094488188981
20
-3.2366141732283462
11
8.7265187401574806
21
-3.23703374015748
0
LINE
8
BLACK
6
CONTINUOUS
10
8.764314015748031
20
-3.23703374015748
11
8.7661021653543312
21
-3.2382285433070868
0
LINE
8
BLACK
6
CONTINUOUS
10
8.7661021653543312
20
-3.2382285433070868
11
8.7672969685039366
21
-3.2400166929133856
0
LINE
8
BLACK
6
CONTINUOUS
10
8.7672969685039366
20
-3.2400166929133856
11
8.7677165354330704
21
-3.2421259842519685
0
LINE
8
BLACK
6
CONTINUOUS
10
8.7677165354330704
20
-3.2421259842519685
11
8.7677165354330704
21
-3.2555118110236219
0
LINE
8
BLACK
6
CONTINUOUS
10
8.7677165354330704
20
-3.2555118110236219
11
8.7672969685039366
21
-3.2576211023622048
0
LINE
8
BLACK
6
CONTINUOUS
10
8.7672969685039366
20
-3.2576211023622048
11
8.7661021653543312
21
-3.2594092519685041
0
LINE
8
BLACK
6
CONTINUOUS
10
8.7661021653543312
20
-3.2594092519685041
11
8.764314015748031
21
-3.2606040551181104
0
LINE
8
BLACK
6
CONTINUOUS
10
8.764314015748031
20
-3.2606040551181104
11
8.7622047244094485
21
-3.2610236220472442
0
LINE
8
BLACK
6
CONTINUOUS
10
8.7622047244094485
20
-3.2610236220472442
11
8.7511811023622048
21
-3.2610236220472442
0
LINE
8
BLACK
6
CONTINUOUS
10
8.7511811023622048
20
-3.2610236220472442
11
8.7490718110236223
21
-3.2606040551181104
0
LINE
8
BLACK
6
CONTINUOUS
10
8.7490718110236223
20
-3.2606040551181104
11
8.7472836614173222
21
-3.2594092519685041
0
LINE
8
BLACK
6
CONTINUOUS
10
8.7472836614173222
20
-3.2594092519685041
11
8.7460888582677168
21
-3.2576211023622048
0
LINE
8
BLACK
6
CONTINUOUS
10
8.7460888582677168
20
-3.2576211023622048
11
8.745669291338583
21
-3.2555118110236219
0
LINE
8
BLACK
6
CONTINUOUS
10
8.745669291338583
20
-3.2555118110236219
11
8.745669291338583
21
-3.2421259842519685
0
LINE
8
BLACK
6
CONTINUOUS
10
8.745669291338583
20
-3.2421259842519685
11
8.7460888582677168
21
-3.2400166929133856
0
LINE
8
BLACK
6
CONTINUOUS
10
8.7460888582677168
20
-3.2400166929133856
11
8.7472836614173222
21
-3.2382285433070868
0
LINE
8
BLACK
6
CONTINUOUS
10
8.7472836614173222
20
-3.2382285433070868
11
8.7490718110236223
21
-3.23703374015748
0
LINE
8
BLACK
6
CONTINUOUS
10
8.7490718110236223
20
-3.23703374015748
11
8.7511811023622048
21
-3.2366141732283462
0
LINE
8
BLACK
6
CONTINUOUS
10
8.7511811023622048
20
-3.2366141732283462
11
8.7622047244094485
21
-3.2366141732283462
0
LINE
8
BLACK
6
CONTINUOUS
10
8.7622047244094485
20
-3.2366141732283462
11
8.764314015748031
21
-3.23703374015748
0
LINE
8
BLACK
6
CONTINUOUS
10
5.7322559448818895
20
-3.1088553937007872
11
5.737492440944882
21
-3.1109203937007872
0
LINE
8
BLACK
6
CONTINUOUS
10
5.737492440944882
20
-3.1109203937007872
11
5.7419775984251968
21
-3.1143216141732282
0
LINE
8
BLACK
6
CONTINUOUS
10
5.7419775984251968
20
-3.1143216141732282
11
5.7453788188976374
21
-3.118806771653543
0
LINE
8
BLACK
6
CONTINUOUS
10
5.7453788188976374
20
-3.118806771653543
11
5.7474438188976373
21
-3.1240432677165355
0
LINE
8
BLACK
6
CONTINUOUS
10
5.7474438188976373
20
-3.1240432677165355
11
5.7480314960629917
21
-3.1289370078740157
0
LINE
8
BLACK
6
CONTINUOUS
10
5.7480314960629917
20
-3.1289370078740157
11
5.7480314960629917
21
-3.2332677165354329
0
LINE
8
BLACK
6
CONTINUOUS
10
5.7480314960629917
20
-3.2332677165354329
11
5.7474438188976373
21
-3.2381614566929131
0
LINE
8
BLACK
6
CONTINUOUS
10
5.7474438188976373
20
-3.2381614566929131
11
5.7453788188976374
21
-3.2433979527559056
0
LINE
8
BLACK
6
CONTINUOUS
10
5.7453788188976374
20
-3.2433979527559056
11
5.7419775984251968
21
-3.2478831102362204
0
LINE
8
BLACK
6
CONTINUOUS
10
5.7419775984251968
20
-3.2478831102362204
11
5.737492440944882
21
-3.2512843307086614
0
LINE
8
BLACK
6
CONTINUOUS
10
5.737492440944882
20
-3.2512843307086614
11
5.7322559448818895
21
-3.2533493307086614
0
LINE
8
BLACK
6
CONTINUOUS
10
5.7322559448818895
20
-3.2533493307086614
11
5.7273622047244093
21
-3.2539370078740157
0
LINE
8
BLACK
6
CONTINUOUS
10
5.7273622047244093
20
-3.2539370078740157
11
5.6309055118110232
21
-3.2539370078740157
0
LINE
8
BLACK
6
CONTINUOUS
10
5.6309055118110232
20
-3.2539370078740157
11
5.6260117716535429
21
-3.2533493307086614
0
LINE
8
BLACK
6
CONTINUOUS
10
5.6260117716535429
20
-3.2533493307086614
11
5.6207752755905513
21
-3.2512843307086614
0
LINE
8
BLACK
6
CONTINUOUS
10
5.6207752755905513
20
-3.2512843307086614
11
5.6162901181102365
21
-3.2478831102362204
0
LINE
8
BLACK
6
CONTINUOUS
10
5.6162901181102365
20
-3.2478831102362204
11
5.6128888976377951
21
-3.2433979527559056
0
LINE
8
BLACK
6
CONTINUOUS
10
5.6128888976377951
20
-3.2433979527559056
11
5.6108238976377951
21
-3.2381614566929131
0
LINE
8
BLACK
6
CONTINUOUS
10
5.6108238976377951
20
-3.2381614566929131
11
5.6102362204724407
21
-3.2332677165354329
0
LINE
8
BLACK
6
CONTINUOUS
10
5.6102362204724407
20
-3.2332677165354329
11
5.6102362204724407
21
-3.1289370078740157
0
LINE
8
BLACK
6
CONTINUOUS
10
5.6102362204724407
20
-3.1289370078740157
11
5.6108238976377951
21
-3.1240432677165355
0
LINE
8
BLACK
6
CONTINUOUS
10
5.6108238976377951
20
-3.1240432677165355
11
5.6128888976377951
21
-3.118806771653543
0
LINE
8
BLACK
6
CONTINUOUS
10
5.6128888976377951
20
-3.118806771653543
11
5.6162901181102365
21
-3.1143216141732282
0
LINE
8
BLACK
6
CONTINUOUS
10
5.6162901181102365
20
-3.1143216141732282
11
5.6207752755905513
21
-3.1109203937007872
0
LINE
8
BLACK
6
CONTINUOUS
10
5.6207752755905513
20
-3.1109203937007872
11
5.6260117716535429
21
-3.1088553937007872
0
LINE
8
BLACK
6
CONTINUOUS
10
5.6260117716535429
20
-3.1088553937007872
11
5.6309055118110232
21
-3.1082677165354329
0
LINE
8
BLACK
6
CONTINUOUS
10
5.6309055118110232
20
-3.1082677165354329
11
5.7273622047244093
21
-3.1082677165354329
0
LINE
8
BLACK
6
CONTINUOUS
10
5.7273622047244093
20
-3.1082677165354329
11
5.7322559448818895
21
-3.1088553937007872
0
LINE
8
BLACK
6
CONTINUOUS
10
5.8818622440944877
20
-3.1088553937007872
11
5.8870987401574801
21
-3.1109203937007872
0
LINE
8
BLACK
6
CONTINUOUS
10
5.8870987401574801
20
-3.1109203937007872
11
5.891583897637795
21
-3.1143216141732282
0
LINE
8
BLACK
6
CONTINUOUS
10
5.891583897637795
20
-3.1143216141732282
11
5.8949851181102364
21
-3.118806771653543
0
LINE
8
BLACK
6
CONTINUOUS
10
5.8949851181102364
20
-3.118806771653543
11
5.8970501181102364
21
-3.1240432677165355
0
LINE
8
BLACK
6
CONTINUOUS
10
5.8970501181102364
20
-3.1240432677165355
11
5.8976377952755907
21
-3.1289370078740157
0
LINE
8
BLACK
6
CONTINUOUS
10
5.8976377952755907
20
-3.1289370078740157
11
5.8976377952755907
21
-3.2332677165354329
0
LINE
8
BLACK
6
CONTINUOUS
10
5.8976377952755907
20
-3.2332677165354329
11
5.8970501181102364
21
-3.2381614566929131
0
LINE
8
BLACK
6
CONTINUOUS
10
5.8970501181102364
20
-3.2381614566929131
11
5.8949851181102364
21
-3.2433979527559056
0
LINE
8
BLACK
6
CONTINUOUS
10
5.8949851181102364
20
-3.2433979527559056
11
5.891583897637795
21
-3.2478831102362204
0
LINE
8
BLACK
6
CONTINUOUS
10
5.891583897637795
20
-3.2478831102362204
11
5.8870987401574801
21
-3.2512843307086614
0
LINE
8
BLACK
6
CONTINUOUS
10
5.8870987401574801
20
-3.2512843307086614
11
5.8818622440944877
21
-3.2533493307086614
0
LINE
8
BLACK
6
CONTINUOUS
10
5.8818622440944877
20
-3.2533493307086614
11
5.8769685039370074
21
-3.2539370078740157
0
LINE
8
BLACK
6
CONTINUOUS
10
5.8769685039370074
20
-3.2539370078740157
11
5.7805118110236222
21
-3.2539370078740157
0
LINE
8
BLACK
6
CONTINUOUS
10
5.7805118110236222
20
-3.2539370078740157
11
5.775618070866142
21
-3.2533493307086614
0
LINE
8
BLACK
6
CONTINUOUS
10
5.775618070866142
20
-3.2533493307086614
11
5.7703815748031495
21
-3.2512843307086614
0
LINE
8
BLACK
6
CONTINUOUS
10
5.7703815748031495
20
-3.2512843307086614
11
5.7658964173228346
21
-3.2478831102362204
0
LINE
8
BLACK
6
CONTINUOUS
10
5.7658964173228346
20
-3.2478831102362204
11
5.7624951968503932
21
-3.2433979527559056
0
LINE
8
BLACK
6
CONTINUOUS
10
5.7624951968503932
20
-3.2433979527559056
11
5.7604301968503933
21
-3.2381614566929131
0
LINE
8
BLACK
6
CONTINUOUS
10
5.7604301968503933
20
-3.2381614566929131
11
5.7598425196850389
21
-3.2332677165354329
0
LINE
8
BLACK
6
CONTINUOUS
10
5.7598425196850389
20
-3.2332677165354329
11
5.7598425196850389
21
-3.1289370078740157
0
LINE
8
BLACK
6
CONTINUOUS
10
5.7598425196850389
20
-3.1289370078740157
11
5.7604301968503933
21
-3.1240432677165355
0
LINE
8
BLACK
6
CONTINUOUS
10
5.7604301968503933
20
-3.1240432677165355
11
5.7624951968503932
21
-3.118806771653543
0
LINE
8
BLACK
6
CONTINUOUS
10
5.7624951968503932
20
-3.118806771653543
11
5.7658964173228346
21
-3.1143216141732282
0
LINE
8
BLACK
6
CONTINUOUS
10
5.7658964173228346
20
-3.1143216141732282
11
5.7703815748031495
21
-3.1109203937007872
0
LINE
8
BLACK
6
CONTINUOUS
10
5.7703815748031495
20
-3.1109203937007872
11
5.775618070866142
21
-3.1088553937007872
0
LINE
8
BLACK
6
CONTINUOUS
10
5.775618070866142
20
-3.1088553937007872
11
5.7805118110236222
21
-3.1082677165354329
0
LINE
8
BLACK
6
CONTINUOUS
10
5.7805118110236222
20
-3.1082677165354329
11
5.8769685039370074
21
-3.1082677165354329
0
LINE
8
BLACK
6
CONTINUOUS
10
5.8769685039370074
20
-3.1082677165354329
11
5.8818622440944877
21
-3.1088553937007872
0
LINE
8
BLACK
6
CONTINUOUS
10
6.0314685433070867
20
-3.1088553937007872
11
6.0367050393700783
21
-3.1109203937007872
0
LINE
8
BLACK
6
CONTINUOUS
10
6.0367050393700783
20
-3.1109203937007872
11
6.0411901968503932
21
-3.1143216141732282
0
LINE
8
BLACK
6
CONTINUOUS
10
6.0411901968503932
20
-3.1143216141732282
11
6.0445914173228346
21
-3.118806771653543
0
LINE
8
BLACK
6
CONTINUOUS
10
6.0445914173228346
20
-3.118806771653543
11
6.0466564173228345
21
-3.1240432677165355
0
LINE
8
BLACK
6
CONTINUOUS
10
6.0466564173228345
20
-3.1240432677165355
11
6.0472440944881889
21
-3.1289370078740157
0
LINE
8
BLACK
6
CONTINUOUS
10
6.0472440944881889
20
-3.1289370078740157
11
6.0472440944881889
21
-3.2332677165354329
0
LINE
8
BLACK
6
CONTINUOUS
10
6.0472440944881889
20
-3.2332677165354329
11
6.0466564173228345
21
-3.2381614566929131
0
LINE
8
BLACK
6
CONTINUOUS
10
6.0466564173228345
20
-3.2381614566929131
11
6.0445914173228346
21
-3.2433979527559056
0
LINE
8
BLACK
6
CONTINUOUS
10
6.0445914173228346
20
-3.2433979527559056
11
6.0411901968503932
21
-3.2478831102362204
0
LINE
8
BLACK
6
CONTINUOUS
10
6.0411901968503932
20
-3.2478831102362204
11
6.0367050393700783
21
-3.2512843307086614
0
LINE
8
BLACK
6
CONTINUOUS
10
6.0367050393700783
20
-3.2512843307086614
11
6.0314685433070867
21
-3.2533493307086614
0
LINE
8
BLACK
6
CONTINUOUS
10
6.0314685433070867
20
-3.2533493307086614
11
6.0265748031496065
21
-3.2539370078740157
0
LINE
8
BLACK
6
CONTINUOUS
10
6.0265748031496065
20
-3.2539370078740157
11
5.9301181102362204
21
-3.2539370078740157
0
LINE
8
BLACK
6
CONTINUOUS
10
5.9301181102362204
20
-3.2539370078740157
11
5.9252243700787401
21
-3.2533493307086614
0
LINE
8
BLACK
6
CONTINUOUS
10
5.9252243700787401
20
-3.2533493307086614
11
5.9199878740157477
21
-3.2512843307086614
0
LINE
8
BLACK
6
CONTINUOUS
10
5.9199878740157477
20
-3.2512843307086614
11
5.9155027165354328
21
-3.2478831102362204
0
LINE
8
BLACK
6
CONTINUOUS
10
5.9155027165354328
20
-3.2478831102362204
11
5.9121014960629923
21
-3.2433979527559056
0
LINE
8
BLACK
6
CONTINUOUS
10
5.9121014960629923
20
-3.2433979527559056
11
5.9100364960629923
21
-3.2381614566929131
0
LINE
8
BLACK
6
CONTINUOUS
10
5.9100364960629923
20
-3.2381614566929131
11
5.909448818897638
21
-3.2332677165354329
0
LINE
8
BLACK
6
CONTINUOUS
10
5.909448818897638
20
-3.2332677165354329
11
5.909448818897638
21
-3.1289370078740157
0
LINE
8
BLACK
6
CONTINUOUS
10
5.909448818897638
20
-3.1289370078740157
11
5.9100364960629923
21
-3.1240432677165355
0
LINE
8
BLACK
6
CONTINUOUS
10
5.9100364960629923
20
-3.1240432677165355
11
5.9121014960629923
21
-3.118806771653543
0
LINE
8
BLACK
6
CONTINUOUS
10
5.9121014960629923
20
-3.118806771653543
11
5.9155027165354328
21
-3.1143216141732282
0
LINE
8
BLACK
6
CONTINUOUS
10
5.9155027165354328
20
-3.1143216141732282
11
5.9199878740157477
21
-3.1109203937007872
0
LINE
8
BLACK
6
CONTINUOUS
10
5.9199878740157477
20
-3.1109203937007872
11
5.9252243700787401
21
-3.1088553937007872
0
LINE
8
BLACK
6
CONTINUOUS
10
5.9252243700787401
20
-3.1088553937007872
11
5.9301181102362204
21
-3.1082677165354329
0
LINE
8
BLACK
6
CONTINUOUS
10
5.9301181102362204
20
-3.1082677165354329
11
6.0265748031496065
21
-3.1082677165354329
0
LINE
8
BLACK
6
CONTINUOUS
10
6.0265748031496065
20
-3.1082677165354329
11
6.0314685433070867
21
-3.1088553937007872
0
LINE
8
BLACK
6
CONTINUOUS
10
5.1810748425196849
20
-3.112792401574803
11
5.1863113385826773
21
-3.114857401574803
0
LINE
8
BLACK
6
CONTINUOUS
10
5.1863113385826773
20
-3.114857401574803
11
5.1907964960629922
21
-3.1182586220472439
0
LINE
8
BLACK
6
CONTINUOUS
10
5.1907964960629922
20
-3.1182586220472439
11
5.1941977165354327
21
-3.1227437795275588
0
LINE
8
BLACK
6
CONTINUOUS
10
5.1941977165354327
20
-3.1227437795275588
11
5.1962627165354327
21
-3.1279802755905513
0
LINE
8
BLACK
6
CONTINUOUS
10
5.1962627165354327
20
-3.1279802755905513
11
5.1968503937007871
21
-3.1328740157480315
0
LINE
8
BLACK
6
CONTINUOUS
10
5.1968503937007871
20
-3.1328740157480315
11
5.1968503937007871
21
-3.2293307086614171
0
LINE
8
BLACK
6
CONTINUOUS
10
5.1968503937007871
20
-3.2293307086614171
11
5.1962627165354327
21
-3.2342244488188974
0
LINE
8
BLACK
6
CONTINUOUS
10
5.1962627165354327
20
-3.2342244488188974
11
5.1941977165354327
21
-3.2394609448818898
0
LINE
8
BLACK
6
CONTINUOUS
10
5.1941977165354327
20
-3.2394609448818898
11
5.1907964960629922
21
-3.2439461023622047
0
LINE
8
BLACK
6
CONTINUOUS
10
5.1907964960629922
20
-3.2439461023622047
11
5.1863113385826773
21
-3.2473473228346457
0
LINE
8
BLACK
6
CONTINUOUS
10
5.1863113385826773
20
-3.2473473228346457
11
5.1810748425196849
21
-3.2494123228346457
0
LINE
8
BLACK
6
CONTINUOUS
10
5.1810748425196849
20
-3.2494123228346457
11
5.1761811023622046
21
-3.25
0
LINE
8
BLACK
6
CONTINUOUS
10
5.1761811023622046
20
-3.25
11
5.0718503937007871
21
-3.25
0
LINE
8
BLACK
6
CONTINUOUS
10
5.0718503937007871
20
-3.25
11
5.0669566535433068
21
-3.2494123228346457
0
LINE
8
BLACK
6
CONTINUOUS
10
5.0669566535433068
20
-3.2494123228346457
11
5.0617201574803152
21
-3.2473473228346457
0
LINE
8
BLACK
6
CONTINUOUS
10
5.0617201574803152
20
-3.2473473228346457
11
5.0572349999999995
21
-3.2439461023622047
0
LINE
8
BLACK
6
CONTINUOUS
10
5.0572349999999995
20
-3.2439461023622047
11
5.053833779527559
21
-3.2394609448818898
0
LINE
8
BLACK
6
CONTINUOUS
10
5.053833779527559
20
-3.2394609448818898
11
5.051768779527559
21
-3.2342244488188974
0
LINE
8
BLACK
6
CONTINUOUS
10
5.051768779527559
20
-3.2342244488188974
11
5.0511811023622046
21
-3.2293307086614171
0
LINE
8
BLACK
6
CONTINUOUS
10
5.0511811023622046
20
-3.2293307086614171
11
5.0511811023622046
21
-3.1328740157480315
0
LINE
8
BLACK
6
CONTINUOUS
10
5.0511811023622046
20
-3.1328740157480315
11
5.051768779527559
21
-3.1279802755905513
0
LINE
8
BLACK
6
CONTINUOUS
10
5.051768779527559
20
-3.1279802755905513
11
5.053833779527559
21
-3.1227437795275588
0
LINE
8
BLACK
6
CONTINUOUS
10
5.053833779527559
20
-3.1227437795275588
11
5.0572349999999995
21
-3.1182586220472439
0
LINE
8
BLACK
6
CONTINUOUS
10
5.0572349999999995
20
-3.1182586220472439
11
5.0617201574803152
21
-3.114857401574803
0
LINE
8
BLACK
6
CONTINUOUS
10
5.0617201574803152
20
-3.114857401574803
11
5.0669566535433068
21
-3.112792401574803
0
LINE
8
BLACK
6
CONTINUOUS
10
5.0669566535433068
20
-3.112792401574803
11
5.0718503937007871
21
-3.1122047244094486
0
LINE
8
BLACK
6
CONTINUOUS
10
5.0718503937007871
20
-3.1122047244094486
11
5.1761811023622046
21
-3.1122047244094486
0
LINE
8
BLACK
6
CONTINUOUS
10
5.1761811023622046
20
-3.1122047244094486
11
5.1810748425196849
21
-3.112792401574803
0
LINE
8
BLACK
6
CONTINUOUS
10
5.496035472440945
20
-3.112792401574803
11
5.5012719685039366
21
-3.114857401574803
0
LINE
8
BLACK
6
CONTINUOUS
10
5.5012719685039366
20
-3.114857401574803
11
5.5057571259842515
21
-3.1182586220472439
0
LINE
8
BLACK
6
CONTINUOUS
10
5.5057571259842515
20
-3.1182586220472439
11
5.5091583464566929
21
-3.1227437795275588
0
LINE
8
BLACK
6
CONTINUOUS
10
5.5091583464566929
20
-3.1227437795275588
11
5.5112233464566929
21
-3.1279802755905513
0
LINE
8
BLACK
6
CONTINUOUS
10
5.5112233464566929
20
-3.1279802755905513
11
5.5118110236220472
21
-3.1328740157480315
0
LINE
8
BLACK
6
CONTINUOUS
10
5.5118110236220472
20
-3.1328740157480315
11
5.5118110236220472
21
-3.2293307086614171
0
LINE
8
BLACK
6
CONTINUOUS
10
5.5118110236220472
20
-3.2293307086614171
11
5.5112233464566929
21
-3.2342244488188974
0
LINE
8
BLACK
6
CONTINUOUS
10
5.5112233464566929
20
-3.2342244488188974
11
5.5091583464566929
21
-3.2394609448818898
0
LINE
8
BLACK
6
CONTINUOUS
10
5.5091583464566929
20
-3.2394609448818898
11
5.5057571259842515
21
-3.2439461023622047
0
LINE
8
BLACK
6
CONTINUOUS
10
5.5057571259842515
20
-3.2439461023622047
11
5.5012719685039366
21
-3.2473473228346457
0
LINE
8
BLACK
6
CONTINUOUS
10
5.5012719685039366
20
-3.2473473228346457
11
5.496035472440945
21
-3.2494123228346457
0
LINE
8
BLACK
6
CONTINUOUS
10
5.496035472440945
20
-3.2494123228346457
11
5.4911417322834648
21
-3.25
0
LINE
8
BLACK
6
CONTINUOUS
10
5.4911417322834648
20
-3.25
11
5.3868110236220472
21
-3.25
0
LINE
8
BLACK
6
CONTINUOUS
10
5.3868110236220472
20
-3.25
11
5.381917283464567
21
-3.2494123228346457
0
LINE
8
BLACK
6
CONTINUOUS
10
5.381917283464567
20
-3.2494123228346457
11
5.3766807874015745
21
-3.2473473228346457
0
LINE
8
BLACK
6
CONTINUOUS
10
5.3766807874015745
20
-3.2473473228346457
11
5.3721956299212597
21
-3.2439461023622047
0
LINE
8
BLACK
6
CONTINUOUS
10
5.3721956299212597
20
-3.2439461023622047
11
5.3687944094488191
21
-3.2394609448818898
0
LINE
8
BLACK
6
CONTINUOUS
10
5.3687944094488191
20
-3.2394609448818898
11
5.3667294094488192
21
-3.2342244488188974
0
LINE
8
BLACK
6
CONTINUOUS
10
5.3667294094488192
20
-3.2342244488188974
11
5.3661417322834648
21
-3.2293307086614171
0
LINE
8
BLACK
6
CONTINUOUS
10
5.3661417322834648
20
-3.2293307086614171
11
5.3661417322834648
21
-3.1328740157480315
0
LINE
8
BLACK
6
CONTINUOUS
10
5.3661417322834648
20
-3.1328740157480315
11
5.3667294094488192
21
-3.1279802755905513
0
LINE
8
BLACK
6
CONTINUOUS
10
5.3667294094488192
20
-3.1279802755905513
11
5.3687944094488191
21
-3.1227437795275588
0
LINE
8
BLACK
6
CONTINUOUS
10
5.3687944094488191
20
-3.1227437795275588
11
5.3721956299212597
21
-3.1182586220472439
0
LINE
8
BLACK
6
CONTINUOUS
10
5.3721956299212597
20
-3.1182586220472439
11
5.3766807874015745
21
-3.114857401574803
0
LINE
8
BLACK
6
CONTINUOUS
10
5.3766807874015745
20
-3.114857401574803
11
5.381917283464567
21
-3.112792401574803
0
LINE
8
BLACK
6
CONTINUOUS
10
5.381917283464567
20
-3.112792401574803
11
5.3868110236220472
21
-3.1122047244094486
0
LINE
8
BLACK
6
CONTINUOUS
10
5.3868110236220472
20
-3.1122047244094486
11
5.4911417322834648
21
-3.1122047244094486
0
LINE
8
BLACK
6
CONTINUOUS
10
5.4911417322834648
20
-3.1122047244094486
11
5.496035472440945
21
-3.112792401574803
0
LINE
8
BLACK
6
CONTINUOUS
10
7.4950787401574805
20
-3.2283464566929134
11
7.4694881889763778
21
-3.2283464566929134
0
LINE
8
BLACK
6
CONTINUOUS
10
7.4694881889763778
20
-3.2283464566929134
11
7.4694881889763778
21
-3.1870078740157481
0
LINE
8
BLACK
6
CONTINUOUS
10
7.4694881889763778
20
-3.1870078740157481
11
7.4950787401574805
21
-3.1870078740157481
0
LINE
8
BLACK
6
CONTINUOUS
10
7.4950787401574805
20
-3.1870078740157481
11
7.4950787401574805
21
-3.2283464566929134
0
LINE
8
BLACK
6
CONTINUOUS
10
7.4104330708661417
20
-3.2273622047244093
11
7.3848425196850389
21
-3.2273622047244093
0
LINE
8
BLACK
6
CONTINUOUS
10
7.3848425196850389
20
-3.2273622047244093
11
7.3848425196850389
21
-3.186023622047244
0
LINE
8
BLACK
6
CONTINUOUS
10
7.3848425196850389
20
-3.186023622047244
11
7.4104330708661417
21
-3.186023622047244
0
LINE
8
BLACK
6
CONTINUOUS
10
7.4104330708661417
20
-3.186023622047244
11
7.4104330708661417
21
-3.2273622047244093
0
LINE
8
BLACK
6
CONTINUOUS
10
6.7046968897637793
20
-3.0734223228346456
11
6.7099333858267718
21
-3.0754873228346455
0
LINE
8
BLACK
6
CONTINUOUS
10
6.7099333858267718
20
-3.0754873228346455
11
6.7144185433070867
21
-3.0788885433070865
0
LINE
8
BLACK
6
CONTINUOUS
10
6.7144185433070867
20
-3.0788885433070865
11
6.7178197637795272
21
-3.0833737007874014
0
LINE
8
BLACK
6
CONTINUOUS
10
6.7178197637795272
20
-3.0833737007874014
11
6.7198847637795271
21
-3.0886101968503938
0
LINE
8
BLACK
6
CONTINUOUS
10
6.7198847637795271
20
-3.0886101968503938
11
6.7204724409448815
21
-3.0935039370078741
0
LINE
8
BLACK
6
CONTINUOUS
10
6.7204724409448815
20
-3.0935039370078741
11
6.7204724409448815
21
-3.1899606299212597
0
LINE
8
BLACK
6
CONTINUOUS
10
6.7204724409448815
20
-3.1899606299212597
11
6.7198847637795271
21
-3.19485437007874
0
LINE
8
BLACK
6
CONTINUOUS
10
6.7198847637795271
20
-3.19485437007874
11
6.7178197637795272
21
-3.200090866141732
0
LINE
8
BLACK
6
CONTINUOUS
10
6.7178197637795272
20
-3.200090866141732
11
6.7144185433070867
21
-3.2045760236220473
0
LINE
8
BLACK
6
CONTINUOUS
10
6.7144185433070867
20
-3.2045760236220473
11
6.7099333858267718
21
-3.2079772440944883
0
LINE
8
BLACK
6
CONTINUOUS
10
6.7099333858267718
20
-3.2079772440944883
11
6.7046968897637793
21
-3.2100422440944882
0
LINE
8
BLACK
6
CONTINUOUS
10
6.7046968897637793
20
-3.2100422440944882
11
6.6998031496062991
21
-3.2106299212598426
0
LINE
8
BLACK
6
CONTINUOUS
10
6.6998031496062991
20
-3.2106299212598426
11
6.5954724409448815
21
-3.2106299212598426
0
LINE
8
BLACK
6
CONTINUOUS
10
6.5954724409448815
20
-3.2106299212598426
11
6.5905787007874013
21
-3.2100422440944882
0
LINE
8
BLACK
6
CONTINUOUS
10
6.5905787007874013
20
-3.2100422440944882
11
6.5853422047244097
21
-3.2079772440944883
0
LINE
8
BLACK
6
CONTINUOUS
10
6.5853422047244097
20
-3.2079772440944883
11
6.5808570472440939
21
-3.2045760236220473
0
LINE
8
BLACK
6
CONTINUOUS
10
6.5808570472440939
20
-3.2045760236220473
11
6.5774558267716534
21
-3.200090866141732
0
LINE
8
BLACK
6
CONTINUOUS
10
6.5774558267716534
20
-3.200090866141732
11
6.5753908267716534
21
-3.19485437007874
0
LINE
8
BLACK
6
CONTINUOUS
10
6.5753908267716534
20
-3.19485437007874
11
6.5748031496062991
21
-3.1899606299212597
0
LINE
8
BLACK
6
CONTINUOUS
10
6.5748031496062991
20
-3.1899606299212597
11
6.5748031496062991
21
-3.0935039370078741
0
LINE
8
BLACK
6
CONTINUOUS
10
6.5748031496062991
20
-3.0935039370078741
11
6.5753908267716534
21
-3.0886101968503938
0
LINE
8
BLACK
6
CONTINUOUS
10
6.5753908267716534
20
-3.0886101968503938
11
6.5774558267716534
21
-3.0833737007874014
0
LINE
8
BLACK
6
CONTINUOUS
10
6.5774558267716534
20
-3.0833737007874014
11
6.5808570472440939
21
-3.0788885433070865
0
LINE
8
BLACK
6
CONTINUOUS
10
6.5808570472440939
20
-3.0788885433070865
11
6.5853422047244097
21
-3.0754873228346455
0
LINE
8
BLACK
6
CONTINUOUS
10
6.5853422047244097
20
-3.0754873228346455
11
6.5905787007874013
21
-3.0734223228346456
0
LINE
8
BLACK
6
CONTINUOUS
10
6.5905787007874013
20
-3.0734223228346456
11
6.5954724409448815
21
-3.0728346456692912
0
LINE
8
BLACK
6
CONTINUOUS
10
6.5954724409448815
20
-3.0728346456692912
11
6.6998031496062991
21
-3.0728346456692912
0
LINE
8
BLACK
6
CONTINUOUS
10
6.6998031496062991
20
-3.0728346456692912
11
6.7046968897637793
21
-3.0734223228346456
0
LINE
8
BLACK
6
CONTINUOUS
10
8.0007313385826766
20
-3.1815219291338583
11
8.0025194881889767
21
-3.1827167322834646
0
LINE
8
BLACK
6
CONTINUOUS
10
8.0025194881889767
20
-3.1827167322834646
11
8.0037142913385821
21
-3.1845048818897639
0
LINE
8
BLACK
6
CONTINUOUS
10
8.0037142913385821
20
-3.1845048818897639
11
8.004133858267716
21
-3.1866141732283464
0
LINE
8
BLACK
6
CONTINUOUS
10
8.004133858267716
20
-3.1866141732283464
11
8.004133858267716
21
-3.1999999999999997
0
LINE
8
BLACK
6
CONTINUOUS
10
8.004133858267716
20
-3.1999999999999997
11
8.0037142913385821
21
-3.2021092913385827
0
LINE
8
BLACK
6
CONTINUOUS
10
8.0037142913385821
20
-3.2021092913385827
11
8.0025194881889767
21
-3.2038974409448819
0
LINE
8
BLACK
6
CONTINUOUS
10
8.0025194881889767
20
-3.2038974409448819
11
8.0007313385826766
21
-3.2050922440944882
0
LINE
8
BLACK
6
CONTINUOUS
10
8.0007313385826766
20
-3.2050922440944882
11
7.9986220472440941
21
-3.205511811023622
0
LINE
8
BLACK
6
CONTINUOUS
10
7.9986220472440941
20
-3.205511811023622
11
7.9875984251968504
21
-3.205511811023622
0
LINE
8
BLACK
6
CONTINUOUS
10
7.9875984251968504
20
-3.205511811023622
11
7.9854891338582679
21
-3.2050922440944882
0
LINE
8
BLACK
6
CONTINUOUS
10
7.9854891338582679
20
-3.2050922440944882
11
7.9837009842519686
21
-3.2038974409448819
0
LINE
8
BLACK
6
CONTINUOUS
10
7.9837009842519686
20
-3.2038974409448819
11
7.9825061811023623
21
-3.2021092913385827
0
LINE
8
BLACK
6
CONTINUOUS
10
7.9825061811023623
20
-3.2021092913385827
11
7.9820866141732285
21
-3.1999999999999997
0
LINE
8
BLACK
6
CONTINUOUS
10
7.9820866141732285
20
-3.1999999999999997
11
7.9820866141732285
21
-3.1866141732283464
0
LINE
8
BLACK
6
CONTINUOUS
10
7.9820866141732285
20
-3.1866141732283464
11
7.9825061811023623
21
-3.1845048818897639
0
LINE
8
BLACK
6
CONTINUOUS
10
7.9825061811023623
20
-3.1845048818897639
11
7.9837009842519686
21
-3.1827167322834646
0
LINE
8
BLACK
6
CONTINUOUS
10
7.9837009842519686
20
-3.1827167322834646
11
7.9854891338582679
21
-3.1815219291338583
0
LINE
8
BLACK
6
CONTINUOUS
10
7.9854891338582679
20
-3.1815219291338583
11
7.9875984251968504
21
-3.1811023622047245
0
LINE
8
BLACK
6
CONTINUOUS
10
7.9875984251968504
20
-3.1811023622047245
11
7.9986220472440941
21
-3.1811023622047245
0
LINE
8
BLACK
6
CONTINUOUS
10
7.9986220472440941
20
-3.1811023622047245
11
8.0007313385826766
21
-3.1815219291338583
0
LINE
8
BLACK
6
CONTINUOUS
10
8.0385266141732288
20
-3.1815219291338583
11
8.0403147637795271
21
-3.1827167322834646
0
LINE
8
BLACK
6
CONTINUOUS
10
8.0403147637795271
20
-3.1827167322834646
11
8.0415095669291343
21
-3.1845048818897639
0
LINE
8
BLACK
6
CONTINUOUS
10
8.0415095669291343
20
-3.1845048818897639
11
8.0419291338582681
21
-3.1866141732283464
0
LINE
8
BLACK
6
CONTINUOUS
10
8.0419291338582681
20
-3.1866141732283464
11
8.0419291338582681
21
-3.1999999999999997
0
LINE
8
BLACK
6
CONTINUOUS
10
8.0419291338582681
20
-3.1999999999999997
11
8.0415095669291343
21
-3.2021092913385827
0
LINE
8
BLACK
6
CONTINUOUS
10
8.0415095669291343
20
-3.2021092913385827
11
8.0403147637795271
21
-3.2038974409448819
0
LINE
8
BLACK
6
CONTINUOUS
10
8.0403147637795271
20
-3.2038974409448819
11
8.0385266141732288
21
-3.2050922440944882
0
LINE
8
BLACK
6
CONTINUOUS
10
8.0385266141732288
20
-3.2050922440944882
11
8.0364173228346463
21
-3.205511811023622
0
LINE
8
BLACK
6
CONTINUOUS
10
8.0364173228346463
20
-3.205511811023622
11
8.0253937007874008
21
-3.205511811023622
0
LINE
8
BLACK
6
CONTINUOUS
10
8.0253937007874008
20
-3.205511811023622
11
8.0232844094488183
21
-3.2050922440944882
0
LINE
8
BLACK
6
CONTINUOUS
10
8.0232844094488183
20
-3.2050922440944882
11
8.0214962598425199
21
-3.2038974409448819
0
LINE
8
BLACK
6
CONTINUOUS
10
8.0214962598425199
20
-3.2038974409448819
11
8.0203014566929127
21
-3.2021092913385827
0
LINE
8
BLACK
6
CONTINUOUS
10
8.0203014566929127
20
-3.2021092913385827
11
8.0198818897637789
21
-3.1999999999999997
0
LINE
8
BLACK
6
CONTINUOUS
10
8.0198818897637789
20
-3.1999999999999997
11
8.0198818897637789
21
-3.1866141732283464
0
LINE
8
BLACK
6
CONTINUOUS
10
8.0198818897637789
20
-3.1866141732283464
11
8.0203014566929127
21
-3.1845048818897639
0
LINE
8
BLACK
6
CONTINUOUS
10
8.0203014566929127
20
-3.1845048818897639
11
8.0214962598425199
21
-3.1827167322834646
0
LINE
8
BLACK
6
CONTINUOUS
10
8.0214962598425199
20
-3.1827167322834646
11
8.0232844094488183
21
-3.1815219291338583
0
LINE
8
BLACK
6
CONTINUOUS
10
8.0232844094488183
20
-3.1815219291338583
11
8.0253937007874008
21
-3.1811023622047245
0
LINE
8
BLACK
6
CONTINUOUS
10
8.0253937007874008
20
-3.1811023622047245
11
8.0364173228346463
21
-3.1811023622047245
0
LINE
8
BLACK
6
CONTINUOUS
10
8.0364173228346463
20
-3.1811023622047245
11
8.0385266141732288
21
-3.1815219291338583
0
LINE
8
BLACK
6
CONTINUOUS
10
8.1756340157480309
20
-3.154217598425197
11
8.1785078346456697
21
-3.1561378346456692
0
LINE
8
BLACK
6
CONTINUOUS
10
8.1785078346456697
20
-3.1561378346456692
11
8.1804280708661423
21
-3.159011653543307
0
LINE
8
BLACK
6
CONTINUOUS
10
8.1804280708661423
20
-3.159011653543307
11
8.1811023622047241
21
-3.1624015748031495
0
LINE
8
BLACK
6
CONTINUOUS
10
8.1811023622047241
20
-3.1624015748031495
11
8.1811023622047241
21
-3.1919291338582676
0
LINE
8
BLACK
6
CONTINUOUS
10
8.1811023622047241
20
-3.1919291338582676
11
8.1804280708661423
21
-3.1953190551181101
0
LINE
8
BLACK
6
CONTINUOUS
10
8.1804280708661423
20
-3.1953190551181101
11
8.1785078346456697
21
-3.1981928740157479
0
LINE
8
BLACK
6
CONTINUOUS
10
8.1785078346456697
20
-3.1981928740157479
11
8.1756340157480309
21
-3.2001131102362206
0
LINE
8
BLACK
6
CONTINUOUS
10
8.1756340157480309
20
-3.2001131102362206
11
8.1722440944881889
21
-3.2007874015748032
0
LINE
8
BLACK
6
CONTINUOUS
10
8.1722440944881889
20
-3.2007874015748032
11
8.1545275590551185
21
-3.2007874015748032
0
LINE
8
BLACK
6
CONTINUOUS
10
8.1545275590551185
20
-3.2007874015748032
11
8.1511376377952747
21
-3.2001131102362206
0
LINE
8
BLACK
6
CONTINUOUS
10
8.1511376377952747
20
-3.2001131102362206
11
8.1482638188976377
21
-3.1981928740157479
0
LINE
8
BLACK
6
CONTINUOUS
10
8.1482638188976377
20
-3.1981928740157479
11
8.1463435826771651
21
-3.1953190551181101
0
LINE
8
BLACK
6
CONTINUOUS
10
8.1463435826771651
20
-3.1953190551181101
11
8.1456692913385833
21
-3.1919291338582676
0
LINE
8
BLACK
6
CONTINUOUS
10
8.1456692913385833
20
-3.1919291338582676
11
8.1456692913385833
21
-3.1624015748031495
0
LINE
8
BLACK
6
CONTINUOUS
10
8.1456692913385833
20
-3.1624015748031495
11
8.1463435826771651
21
-3.159011653543307
0
LINE
8
BLACK
6
CONTINUOUS
10
8.1463435826771651
20
-3.159011653543307
11
8.1482638188976377
21
-3.1561378346456692
0
LINE
8
BLACK
6
CONTINUOUS
10
8.1482638188976377
20
-3.1561378346456692
11
8.1511376377952747
21
-3.154217598425197
0
LINE
8
BLACK
6
CONTINUOUS
10
8.1511376377952747
20
-3.154217598425197
11
8.1545275590551185
21
-3.1535433070866139
0
LINE
8
BLACK
6
CONTINUOUS
10
8.1545275590551185
20
-3.1535433070866139
11
8.1722440944881889
21
-3.1535433070866139
0
LINE
8
BLACK
6
CONTINUOUS
10
8.1722440944881889
20
-3.1535433070866139
11
8.1756340157480309
21
-3.154217598425197
0
LINE
8
BLACK
6
CONTINUOUS
10
8.3055552755905513
20
-3.154217598425197
11
8.3084290944881882
21
-3.1561378346456692
0
LINE
8
BLACK
6
CONTINUOUS
10
8.3084290944881882
20
-3.1561378346456692
11
8.3103493307086609
21
-3.159011653543307
0
LINE
8
BLACK
6
CONTINUOUS
10
8.3103493307086609
20
-3.159011653543307
11
8.3110236220472444
21
-3.1624015748031495
0
LINE
8
BLACK
6
CONTINUOUS
10
8.3110236220472444
20
-3.1624015748031495
11
8.3110236220472444
21
-3.1919291338582676
0
LINE
8
BLACK
6
CONTINUOUS
10
8.3110236220472444
20
-3.1919291338582676
11
8.3103493307086609
21
-3.1953190551181101
0
LINE
8
BLACK
6
CONTINUOUS
10
8.3103493307086609
20
-3.1953190551181101
11
8.3084290944881882
21
-3.1981928740157479
0
LINE
8
BLACK
6
CONTINUOUS
10
8.3084290944881882
20
-3.1981928740157479
11
8.3055552755905513
21
-3.2001131102362206
0
LINE
8
BLACK
6
CONTINUOUS
10
8.3055552755905513
20
-3.2001131102362206
11
8.3021653543307092
21
-3.2007874015748032
0
LINE
8
BLACK
6
CONTINUOUS
10
8.3021653543307092
20
-3.2007874015748032
11
8.2844488188976371
21
-3.2007874015748032
0
LINE
8
BLACK
6
CONTINUOUS
10
8.2844488188976371
20
-3.2007874015748032
11
8.281058897637795
21
-3.2001131102362206
0
LINE
8
BLACK
6
CONTINUOUS
10
8.281058897637795
20
-3.2001131102362206
11
8.2781850787401581
21
-3.1981928740157479
0
LINE
8
BLACK
6
CONTINUOUS
10
8.2781850787401581
20
-3.1981928740157479
11
8.2762648425196854
21
-3.1953190551181101
0
LINE
8
BLACK
6
CONTINUOUS
10
8.2762648425196854
20
-3.1953190551181101
11
8.2755905511811019
21
-3.1919291338582676
0
LINE
8
BLACK
6
CONTINUOUS
10
8.2755905511811019
20
-3.1919291338582676
11
8.2755905511811019
21
-3.1624015748031495
0
LINE
8
BLACK
6
CONTINUOUS
10
8.2755905511811019
20
-3.1624015748031495
11
8.2762648425196854
21
-3.159011653543307
0
LINE
8
BLACK
6
CONTINUOUS
10
8.2762648425196854
20
-3.159011653543307
11
8.2781850787401581
21
-3.1561378346456692
0
LINE
8
BLACK
6
CONTINUOUS
10
8.2781850787401581
20
-3.1561378346456692
11
8.281058897637795
21
-3.154217598425197
0
LINE
8
BLACK
6
CONTINUOUS
10
8.281058897637795
20
-3.154217598425197
11
8.2844488188976371
21
-3.1535433070866139
0
LINE
8
BLACK
6
CONTINUOUS
10
8.2844488188976371
20
-3.1535433070866139
11
8.3021653543307092
21
-3.1535433070866139
0
LINE
8
BLACK
6
CONTINUOUS
10
8.3021653543307092
20
-3.1535433070866139
11
8.3055552755905513
21
-3.154217598425197
0
LINE
8
BLACK
6
CONTINUOUS
10
4.4795341732283465
20
-2.9312576771653545
11
4.4883474409448816
21
-2.9341212992125985
0
LINE
8
BLACK
6
CONTINUOUS
10
4.4883474409448816
20
-2.9341212992125985
11
4.4966042519685034
21
-2.9383283464566929
0
LINE
8
BLACK
6
CONTINUOUS
10
4.4966042519685034
20
-2.9383283464566929
11
4.5041012598425194
21
-2.9437752362204725
0
LINE
8
BLACK
6
CONTINUOUS
10
4.5041012598425194
20
-2.9437752362204725
11
4.5106538976377948
21
-2.9503278740157479
0
LINE
8
BLACK
6
CONTINUOUS
10
4.5106538976377948
20
-2.9503278740157479
11
4.5161007874015748
21
-2.9578248818897639
0
LINE
8
BLACK
6
CONTINUOUS
10
4.5161007874015748
20
-2.9578248818897639
11
4.5203078346456689
21
-2.9660816929133857
0
LINE
8
BLACK
6
CONTINUOUS
10
4.5203078346456689
20
-2.9660816929133857
11
4.5231714566929133
21
-2.9748949606299213
0
LINE
8
BLACK
6
CONTINUOUS
10
4.5231714566929133
20
-2.9748949606299213
11
4.5246211023622047
21
-2.9840476771653544
0
LINE
8
BLACK
6
CONTINUOUS
10
4.5246211023622047
20
-2.9840476771653544
11
4.5248031496062993
21
-2.9886811023622046
0
LINE
8
BLACK
6
CONTINUOUS
10
4.5248031496062993
20
-2.9886811023622046
11
4.5248031496062993
21
-3.126476377952756
0
LINE
8
BLACK
6
CONTINUOUS
10
4.5248031496062993
20
-3.126476377952756
11
4.5246211023622047
21
-3.1311098031496063
0
LINE
8
BLACK
6
CONTINUOUS
10
4.5246211023622047
20
-3.1311098031496063
11
4.5231714566929133
21
-3.1402625196850393
0
LINE
8
BLACK
6
CONTINUOUS
10
4.5231714566929133
20
-3.1402625196850393
11
4.5203078346456689
21
-3.1490757874015749
0
LINE
8
BLACK
6
CONTINUOUS
10
4.5203078346456689
20
-3.1490757874015749
11
4.5161007874015748
21
-3.1573325984251968
0
LINE
8
BLACK
6
CONTINUOUS
10
4.5161007874015748
20
-3.1573325984251968
11
4.5106538976377948
21
-3.1648296062992127
0
LINE
8
BLACK
6
CONTINUOUS
10
4.5106538976377948
20
-3.1648296062992127
11
4.5041012598425194
21
-3.1713822440944881
0
LINE
8
BLACK
6
CONTINUOUS
10
4.5041012598425194
20
-3.1713822440944881
11
4.4966042519685034
21
-3.1768291338582677
0
LINE
8
BLACK
6
CONTINUOUS
10
4.4966042519685034
20
-3.1768291338582677
11
4.4883474409448816
21
-3.1810361811023622
0
LINE
8
BLACK
6
CONTINUOUS
10
4.4883474409448816
20
-3.1810361811023622
11
4.4795341732283465
21
-3.1838998031496062
0
LINE
8
BLACK
6
CONTINUOUS
10
4.4795341732283465
20
-3.1838998031496062
11
4.4703814566929134
21
-3.1853494488188976
0
LINE
8
BLACK
6
CONTINUOUS
10
4.4703814566929134
20
-3.1853494488188976
11
4.4611146062992129
21
-3.1853494488188976
0
LINE
8
BLACK
6
CONTINUOUS
10
4.4611146062992129
20
-3.1853494488188976
11
4.4519618897637798
21
-3.1838998031496062
0
LINE
8
BLACK
6
CONTINUOUS
10
4.4519618897637798
20
-3.1838998031496062
11
4.4431486220472438
21
-3.1810361811023622
0
LINE
8
BLACK
6
CONTINUOUS
10
4.4431486220472438
20
-3.1810361811023622
11
4.434891811023622
21
-3.1768291338582677
0
LINE
8
BLACK
6
CONTINUOUS
10
4.434891811023622
20
-3.1768291338582677
11
4.427394803149606
21
-3.1713822440944881
0
LINE
8
BLACK
6
CONTINUOUS
10
4.427394803149606
20
-3.1713822440944881
11
4.4208421653543306
21
-3.1648296062992127
0
LINE
8
BLACK
6
CONTINUOUS
10
4.4208421653543306
20
-3.1648296062992127
11
4.4153952755905514
21
-3.1573325984251968
0
LINE
8
BLACK
6
CONTINUOUS
10
4.4153952755905514
20
-3.1573325984251968
11
4.4111882283464565
21
-3.1490757874015749
0
LINE
8
BLACK
6
CONTINUOUS
10
4.4111882283464565
20
-3.1490757874015749
11
4.4083246062992121
21
-3.1402625196850393
0
LINE
8
BLACK
6
CONTINUOUS
10
4.4083246062992121
20
-3.1402625196850393
11
4.4068749606299216
21
-3.1311098031496063
0
LINE
8
BLACK
6
CONTINUOUS
10
4.4068749606299216
20
-3.1311098031496063
11
4.406692913385827
21
-3.126476377952756
0
LINE
8
BLACK
6
CONTINUOUS
10
4.406692913385827
20
-3.126476377952756
11
4.406692913385827
21
-2.9886811023622046
0
LINE
8
BLACK
6
CONTINUOUS
10
4.406692913385827
20
-2.9886811023622046
11
4.4068749606299216
21
-2.9840476771653544
0
LINE
8
BLACK
6
CONTINUOUS
10
4.4068749606299216
20
-2.9840476771653544
11
4.4083246062992121
21
-2.9748949606299213
0
LINE
8
BLACK
6
CONTINUOUS
10
4.4083246062992121
20
-2.9748949606299213
11
4.4111882283464565
21
-2.9660816929133857
0
LINE
8
BLACK
6
CONTINUOUS
10
4.4111882283464565
20
-2.9660816929133857
11
4.4153952755905514
21
-2.9578248818897639
0
LINE
8
BLACK
6
CONTINUOUS
10
4.4153952755905514
20
-2.9578248818897639
11
4.4208421653543306
21
-2.9503278740157479
0
LINE
8
BLACK
6
CONTINUOUS
10
4.4208421653543306
20
-2.9503278740157479
11
4.427394803149606
21
-2.9437752362204725
0
LINE
8
BLACK
6
CONTINUOUS
10
4.427394803149606
20
-2.9437752362204725
11
4.434891811023622
21
-2.9383283464566929
0
LINE
8
BLACK
6
CONTINUOUS
10
4.434891811023622
20
-2.9383283464566929
11
4.4431486220472438
21
-2.9341212992125985
0
LINE
8
BLACK
6
CONTINUOUS
10
4.4431486220472438
20
-2.9341212992125985
11
4.4519618897637798
21
-2.9312576771653545
0
LINE
8
BLACK
6
CONTINUOUS
10
4.4519618897637798
20
-2.9312576771653545
11
4.4611146062992129
21
-2.9298080314960631
0
LINE
8
BLACK
6
CONTINUOUS
10
4.4611146062992129
20
-2.9298080314960631
11
4.4703814566929134
21
-2.9298080314960631
0
LINE
8
BLACK
6
CONTINUOUS
10
4.4703814566929134
20
-2.9298080314960631
11
4.4795341732283465
21
-2.9312576771653545
0
LINE
8
BLACK
6
CONTINUOUS
10
4.7913451968503935
20
-2.9312576771653545
11
4.8001584645669286
21
-2.9341212992125985
0
LINE
8
BLACK
6
CONTINUOUS
10
4.8001584645669286
20
-2.9341212992125985
11
4.8084152755905514
21
-2.9383283464566929
0
LINE
8
BLACK
6
CONTINUOUS
10
4.8084152755905514
20
-2.9383283464566929
11
4.8159122834645665
21
-2.9437752362204725
0
LINE
8
BLACK
6
CONTINUOUS
10
4.8159122834645665
20
-2.9437752362204725
11
4.8224649212598427
21
-2.9503278740157479
0
LINE
8
BLACK
6
CONTINUOUS
10
4.8224649212598427
20
-2.9503278740157479
11
4.8279118110236219
21
-2.9578248818897639
0
LINE
8
BLACK
6
CONTINUOUS
10
4.8279118110236219
20
-2.9578248818897639
11
4.8321188582677168
21
-2.9660816929133857
0
LINE
8
BLACK
6
CONTINUOUS
10
4.8321188582677168
20
-2.9660816929133857
11
4.8349824803149604
21
-2.9748949606299213
0
LINE
8
BLACK
6
CONTINUOUS
10
4.8349824803149604
20
-2.9748949606299213
11
4.8364321259842518
21
-2.9840476771653544
0
LINE
8
BLACK
6
CONTINUOUS
10
4.8364321259842518
20
-2.9840476771653544
11
4.8366141732283463
21
-2.9886811023622046
0
LINE
8
BLACK
6
CONTINUOUS
10
4.8366141732283463
20
-2.9886811023622046
11
4.8366141732283463
21
-3.126476377952756
0
LINE
8
BLACK
6
CONTINUOUS
10
4.8366141732283463
20
-3.126476377952756
11
4.8364321259842518
21
-3.1311098031496063
0
LINE
8
BLACK
6
CONTINUOUS
10
4.8364321259842518
20
-3.1311098031496063
11
4.8349824803149604
21
-3.1402625196850393
0
LINE
8
BLACK
6
CONTINUOUS
10
4.8349824803149604
20
-3.1402625196850393
11
4.8321188582677168
21
-3.1490757874015749
0
LINE
8
BLACK
6
CONTINUOUS
10
4.8321188582677168
20
-3.1490757874015749
11
4.8279118110236219
21
-3.1573325984251968
0
LINE
8
BLACK
6
CONTINUOUS
10
4.8279118110236219
20
-3.1573325984251968
11
4.8224649212598427
21
-3.1648296062992127
0
LINE
8
BLACK
6
CONTINUOUS
10
4.8224649212598427
20
-3.1648296062992127
11
4.8159122834645665
21
-3.1713822440944881
0
LINE
8
BLACK
6
CONTINUOUS
10
4.8159122834645665
20
-3.1713822440944881
11
4.8084152755905514
21
-3.1768291338582677
0
LINE
8
BLACK
6
CONTINUOUS
10
4.8084152755905514
20
-3.1768291338582677
11
4.8001584645669286
21
-3.1810361811023622
0
LINE
8
BLACK
6
CONTINUOUS
10
4.8001584645669286
20
-3.1810361811023622
11
4.7913451968503935
21
-3.1838998031496062
0
LINE
8
BLACK
6
CONTINUOUS
10
4.7913451968503935
20
-3.1838998031496062
11
4.7821924803149605
21
-3.1853494488188976
0
LINE
8
BLACK
6
CONTINUOUS
10
4.7821924803149605
20
-3.1853494488188976
11
4.7729256299212599
21
-3.1853494488188976
0
LINE
8
BLACK
6
CONTINUOUS
10
4.7729256299212599
20
-3.1853494488188976
11
4.7637729133858269
21
-3.1838998031496062
0
LINE
8
BLACK
6
CONTINUOUS
10
4.7637729133858269
20
-3.1838998031496062
11
4.7549596456692909
21
-3.1810361811023622
0
LINE
8
BLACK
6
CONTINUOUS
10
4.7549596456692909
20
-3.1810361811023622
11
4.746702834645669
21
-3.1768291338582677
0
LINE
8
BLACK
6
CONTINUOUS
10
4.746702834645669
20
-3.1768291338582677
11
4.739205826771653
21
-3.1713822440944881
0
LINE
8
BLACK
6
CONTINUOUS
10
4.739205826771653
20
-3.1713822440944881
11
4.7326531889763777
21
-3.1648296062992127
0
LINE
8
BLACK
6
CONTINUOUS
10
4.7326531889763777
20
-3.1648296062992127
11
4.7272062992125985
21
-3.1573325984251968
0
LINE
8
BLACK
6
CONTINUOUS
10
4.7272062992125985
20
-3.1573325984251968
11
4.7229992519685036
21
-3.1490757874015749
0
LINE
8
BLACK
6
CONTINUOUS
10
4.7229992519685036
20
-3.1490757874015749
11
4.72013562992126
21
-3.1402625196850393
0
LINE
8
BLACK
6
CONTINUOUS
10
4.72013562992126
20
-3.1402625196850393
11
4.7186859842519686
21
-3.1311098031496063
0
LINE
8
BLACK
6
CONTINUOUS
10
4.7186859842519686
20
-3.1311098031496063
11
4.7185039370078741
21
-3.126476377952756
0
LINE
8
BLACK
6
CONTINUOUS
10
4.7185039370078741
20
-3.126476377952756
11
4.7185039370078741
21
-2.9886811023622046
0
LINE
8
BLACK
6
CONTINUOUS
10
4.7185039370078741
20
-2.9886811023622046
11
4.7186859842519686
21
-2.9840476771653544
0
LINE
8
BLACK
6
CONTINUOUS
10
4.7186859842519686
20
-2.9840476771653544
11
4.72013562992126
21
-2.9748949606299213
0
LINE
8
BLACK
6
CONTINUOUS
10
4.72013562992126
20
-2.9748949606299213
11
4.7229992519685036
21
-2.9660816929133857
0
LINE
8
BLACK
6
CONTINUOUS
10
4.7229992519685036
20
-2.9660816929133857
11
4.7272062992125985
21
-2.9578248818897639
0
LINE
8
BLACK
6
CONTINUOUS
10
4.7272062992125985
20
-2.9578248818897639
11
4.7326531889763777
21
-2.9503278740157479
0
LINE
8
BLACK
6
CONTINUOUS
10
4.7326531889763777
20
-2.9503278740157479
11
4.739205826771653
21
-2.9437752362204725
0
LINE
8
BLACK
6
CONTINUOUS
10
4.739205826771653
20
-2.9437752362204725
11
4.746702834645669
21
-2.9383283464566929
0
LINE
8
BLACK
6
CONTINUOUS
10
4.746702834645669
20
-2.9383283464566929
11
4.7549596456692909
21
-2.9341212992125985
0
LINE
8
BLACK
6
CONTINUOUS
10
4.7549596456692909
20
-2.9341212992125985
11
4.7637729133858269
21
-2.9312576771653545
0
LINE
8
BLACK
6
CONTINUOUS
10
4.7637729133858269
20
-2.9312576771653545
11
4.7729256299212599
21
-2.9298080314960631
0
LINE
8
BLACK
6
CONTINUOUS
10
4.7729256299212599
20
-2.9298080314960631
11
4.7821924803149605
21
-2.9298080314960631
0
LINE
8
BLACK
6
CONTINUOUS
10
4.7821924803149605
20
-2.9298080314960631
11
4.7913451968503935
21
-2.9312576771653545
0
LINE
8
BLACK
6
CONTINUOUS
10
8.7265187401574806
20
-3.15947468503937
11
8.728306889763779
21
-3.1606694881889763
0
LINE
8
BLACK
6
CONTINUOUS
10
8.728306889763779
20
-3.1606694881889763
11
8.7295016929133862
21
-3.1624576377952756
0
LINE
8
BLACK
6
CONTINUOUS
10
8.7295016929133862
20
-3.1624576377952756
11
8.72992125984252
21
-3.1645669291338581
0
LINE
8
BLACK
6
CONTINUOUS
10
8.72992125984252
20
-3.1645669291338581
11
8.72992125984252
21
-3.1779527559055119
0
LINE
8
BLACK
6
CONTINUOUS
10
8.72992125984252
20
-3.1779527559055119
11
8.7295016929133862
21
-3.1800620472440944
0
LINE
8
BLACK
6
CONTINUOUS
10
8.7295016929133862
20
-3.1800620472440944
11
8.728306889763779
21
-3.1818501968503936
0
LINE
8
BLACK
6
CONTINUOUS
10
8.728306889763779
20
-3.1818501968503936
11
8.7265187401574806
21
-3.1830449999999999
0
LINE
8
BLACK
6
CONTINUOUS
10
8.7265187401574806
20
-3.1830449999999999
11
8.7244094488188981
21
-3.1834645669291337
0
LINE
8
BLACK
6
CONTINUOUS
10
8.7244094488188981
20
-3.1834645669291337
11
8.7133858267716526
21
-3.1834645669291337
0
LINE
8
BLACK
6
CONTINUOUS
10
8.7133858267716526
20
-3.1834645669291337
11
8.7112765354330701
21
-3.1830449999999999
0
LINE
8
BLACK
6
CONTINUOUS
10
8.7112765354330701
20
-3.1830449999999999
11
8.7094883858267718
21
-3.1818501968503936
0
LINE
8
BLACK
6
CONTINUOUS
10
8.7094883858267718
20
-3.1818501968503936
11
8.7082935826771646
21
-3.1800620472440944
0
LINE
8
BLACK
6
CONTINUOUS
10
8.7082935826771646
20
-3.1800620472440944
11
8.7078740157480308
21
-3.1779527559055119
0
LINE
8
BLACK
6
CONTINUOUS
10
8.7078740157480308
20
-3.1779527559055119
11
8.7078740157480308
21
-3.1645669291338581
0
LINE
8
BLACK
6
CONTINUOUS
10
8.7078740157480308
20
-3.1645669291338581
11
8.7082935826771646
21
-3.1624576377952756
0
LINE
8
BLACK
6
CONTINUOUS
10
8.7082935826771646
20
-3.1624576377952756
11
8.7094883858267718
21
-3.1606694881889763
0
LINE
8
BLACK
6
CONTINUOUS
10
8.7094883858267718
20
-3.1606694881889763
11
8.7112765354330701
21
-3.15947468503937
0
LINE
8
BLACK
6
CONTINUOUS
10
8.7112765354330701
20
-3.15947468503937
11
8.7133858267716526
21
-3.1590551181102362
0
LINE
8
BLACK
6
CONTINUOUS
10
8.7133858267716526
20
-3.1590551181102362
11
8.7244094488188981
21
-3.1590551181102362
0
LINE
8
BLACK
6
CONTINUOUS
10
8.7244094488188981
20
-3.1590551181102362
11
8.7265187401574806
21
-3.15947468503937
0
LINE
8
BLACK
6
CONTINUOUS
10
8.764314015748031
20
-3.15947468503937
11
8.7661021653543312
21
-3.1606694881889763
0
LINE
8
BLACK
6
CONTINUOUS
10
8.7661021653543312
20
-3.1606694881889763
11
8.7672969685039366
21
-3.1624576377952756
0
LINE
8
BLACK
6
CONTINUOUS
10
8.7672969685039366
20
-3.1624576377952756
11
8.7677165354330704
21
-3.1645669291338581
0
LINE
8
BLACK
6
CONTINUOUS
10
8.7677165354330704
20
-3.1645669291338581
11
8.7677165354330704
21
-3.1779527559055119
0
LINE
8
BLACK
6
CONTINUOUS
10
8.7677165354330704
20
-3.1779527559055119
11
8.7672969685039366
21
-3.1800620472440944
0
LINE
8
BLACK
6
CONTINUOUS
10
8.7672969685039366
20
-3.1800620472440944
11
8.7661021653543312
21
-3.1818501968503936
0
LINE
8
BLACK
6
CONTINUOUS
10
8.7661021653543312
20
-3.1818501968503936
11
8.764314015748031
21
-3.1830449999999999
0
LINE
8
BLACK
6
CONTINUOUS
10
8.764314015748031
20
-3.1830449999999999
11
8.7622047244094485
21
-3.1834645669291337
0
LINE
8
BLACK
6
CONTINUOUS
10
8.7622047244094485
20
-3.1834645669291337
11
8.7511811023622048
21
-3.1834645669291337
0
LINE
8
BLACK
6
CONTINUOUS
10
8.7511811023622048
20
-3.1834645669291337
11
8.7490718110236223
21
-3.1830449999999999
0
LINE
8
BLACK
6
CONTINUOUS
10
8.7490718110236223
20
-3.1830449999999999
11
8.7472836614173222
21
-3.1818501968503936
0
LINE
8
BLACK
6
CONTINUOUS
10
8.7472836614173222
20
-3.1818501968503936
11
8.7460888582677168
21
-3.1800620472440944
0
LINE
8
BLACK
6
CONTINUOUS
10
8.7460888582677168
20
-3.1800620472440944
11
8.745669291338583
21
-3.1779527559055119
0
LINE
8
BLACK
6
CONTINUOUS
10
8.745669291338583
20
-3.1779527559055119
11
8.745669291338583
21
-3.1645669291338581
0
LINE
8
BLACK
6
CONTINUOUS
10
8.745669291338583
20
-3.1645669291338581
11
8.7460888582677168
21
-3.1624576377952756
0
LINE
8
BLACK
6
CONTINUOUS
10
8.7460888582677168
20
-3.1624576377952756
11
8.7472836614173222
21
-3.1606694881889763
0
LINE
8
BLACK
6
CONTINUOUS
10
8.7472836614173222
20
-3.1606694881889763
11
8.7490718110236223
21
-3.15947468503937
0
LINE
8
BLACK
6
CONTINUOUS
10
8.7490718110236223
20
-3.15947468503937
11
8.7511811023622048
21
-3.1590551181102362
0
LINE
8
BLACK
6
CONTINUOUS
10
8.7511811023622048
20
-3.1590551181102362
11
8.7622047244094485
21
-3.1590551181102362
0
LINE
8
BLACK
6
CONTINUOUS
10
8.7622047244094485
20
-3.1590551181102362
11
8.764314015748031
21
-3.15947468503937
0
LINE
8
BLACK
6
CONTINUOUS
10
8.5807691732283455
20
-3.1082765354330708
11
8.5833236614173227
21
-3.1099834251968503
0
LINE
8
BLACK
6
CONTINUOUS
10
8.5833236614173227
20
-3.1099834251968503
11
8.5850305511811023
21
-3.1125379133858266
0
LINE
8
BLACK
6
CONTINUOUS
10
8.5850305511811023
20
-3.1125379133858266
11
8.5856299212598426
21
-3.115551181102362
0
LINE
8
BLACK
6
CONTINUOUS
10
8.5856299212598426
20
-3.115551181102362
11
8.5856299212598426
21
-3.1372047244094485
0
LINE
8
BLACK
6
CONTINUOUS
10
8.5856299212598426
20
-3.1372047244094485
11
8.5850305511811023
21
-3.1402179921259843
0
LINE
8
BLACK
6
CONTINUOUS
10
8.5850305511811023
20
-3.1402179921259843
11
8.5833236614173227
21
-3.1427724803149606
0
LINE
8
BLACK
6
CONTINUOUS
10
8.5833236614173227
20
-3.1427724803149606
11
8.5807691732283455
21
-3.1444793700787401
0
LINE
8
BLACK
6
CONTINUOUS
10
8.5807691732283455
20
-3.1444793700787401
11
8.5777559055118111
21
-3.1450787401574805
0
LINE
8
BLACK
6
CONTINUOUS
10
8.5777559055118111
20
-3.1450787401574805
11
8.5620078740157481
21
-3.1450787401574805
0
LINE
8
BLACK
6
CONTINUOUS
10
8.5620078740157481
20
-3.1450787401574805
11
8.5589946062992119
21
-3.1444793700787401
0
LINE
8
BLACK
6
CONTINUOUS
10
8.5589946062992119
20
-3.1444793700787401
11
8.5564401181102365
21
-3.1427724803149606
0
LINE
8
BLACK
6
CONTINUOUS
10
8.5564401181102365
20
-3.1427724803149606
11
8.554733228346457
21
-3.1402179921259843
0
LINE
8
BLACK
6
CONTINUOUS
10
8.554733228346457
20
-3.1402179921259843
11
8.5541338582677167
21
-3.1372047244094485
0
LINE
8
BLACK
6
CONTINUOUS
10
8.5541338582677167
20
-3.1372047244094485
11
8.5541338582677167
21
-3.115551181102362
0
LINE
8
BLACK
6
CONTINUOUS
10
8.5541338582677167
20
-3.115551181102362
11
8.554733228346457
21
-3.1125379133858266
0
LINE
8
BLACK
6
CONTINUOUS
10
8.554733228346457
20
-3.1125379133858266
11
8.5564401181102365
21
-3.1099834251968503
0
LINE
8
BLACK
6
CONTINUOUS
10
8.5564401181102365
20
-3.1099834251968503
11
8.5589946062992119
21
-3.1082765354330708
0
LINE
8
BLACK
6
CONTINUOUS
10
8.5589946062992119
20
-3.1082765354330708
11
8.5620078740157481
21
-3.1076771653543305
0
LINE
8
BLACK
6
CONTINUOUS
10
8.5620078740157481
20
-3.1076771653543305
11
8.5777559055118111
21
-3.1076771653543305
0
LINE
8
BLACK
6
CONTINUOUS
10
8.5777559055118111
20
-3.1076771653543305
11
8.5807691732283455
21
-3.1082765354330708
0
LINE
8
BLACK
6
CONTINUOUS
10
8.6457298031496066
20
-3.1082765354330708
11
8.648284291338582
21
-3.1099834251968503
0
LINE
8
BLACK
6
CONTINUOUS
10
8.648284291338582
20
-3.1099834251968503
11
8.6499911811023615
21
-3.1125379133858266
0
LINE
8
BLACK
6
CONTINUOUS
10
8.6499911811023615
20
-3.1125379133858266
11
8.6505905511811019
21
-3.115551181102362
0
LINE
8
BLACK
6
CONTINUOUS
10
8.6505905511811019
20
-3.115551181102362
11
8.6505905511811019
21
-3.1372047244094485
0
LINE
8
BLACK
6
CONTINUOUS
10
8.6505905511811019
20
-3.1372047244094485
11
8.6499911811023615
21
-3.1402179921259843
0
LINE
8
BLACK
6
CONTINUOUS
10
8.6499911811023615
20
-3.1402179921259843
11
8.648284291338582
21
-3.1427724803149606
0
LINE
8
BLACK
6
CONTINUOUS
10
8.648284291338582
20
-3.1427724803149606
11
8.6457298031496066
21
-3.1444793700787401
0
LINE
8
BLACK
6
CONTINUOUS
10
8.6457298031496066
20
-3.1444793700787401
11
8.6427165354330704
21
-3.1450787401574805
0
LINE
8
BLACK
6
CONTINUOUS
10
8.6427165354330704
20
-3.1450787401574805
11
8.6269685039370074
21
-3.1450787401574805
0
LINE
8
BLACK
6
CONTINUOUS
10
8.6269685039370074
20
-3.1450787401574805
11
8.623955236220473
21
-3.1444793700787401
0
LINE
8
BLACK
6
CONTINUOUS
10
8.623955236220473
20
-3.1444793700787401
11
8.6214007480314958
21
-3.1427724803149606
0
LINE
8
BLACK
6
CONTINUOUS
10
8.6214007480314958
20
-3.1427724803149606
11
8.6196938582677163
21
-3.1402179921259843
0
LINE
8
BLACK
6
CONTINUOUS
10
8.6196938582677163
20
-3.1402179921259843
11
8.6190944881889759
21
-3.1372047244094485
0
LINE
8
BLACK
6
CONTINUOUS
10
8.6190944881889759
20
-3.1372047244094485
11
8.6190944881889759
21
-3.115551181102362
0
LINE
8
BLACK
6
CONTINUOUS
10
8.6190944881889759
20
-3.115551181102362
11
8.6196938582677163
21
-3.1125379133858266
0
LINE
8
BLACK
6
CONTINUOUS
10
8.6196938582677163
20
-3.1125379133858266
11
8.6214007480314958
21
-3.1099834251968503
0
LINE
8
BLACK
6
CONTINUOUS
10
8.6214007480314958
20
-3.1099834251968503
11
8.623955236220473
21
-3.1082765354330708
0
LINE
8
BLACK
6
CONTINUOUS
10
8.623955236220473
20
-3.1082765354330708
11
8.6269685039370074
21
-3.1076771653543305
0
LINE
8
BLACK
6
CONTINUOUS
10
8.6269685039370074
20
-3.1076771653543305
11
8.6427165354330704
21
-3.1076771653543305
0
LINE
8
BLACK
6
CONTINUOUS
10
8.6427165354330704
20
-3.1076771653543305
11
8.6457298031496066
21
-3.1082765354330708
0
LINE
8
BLACK
6
CONTINUOUS
10
7.4055118110236222
20
-3.1338582677165352
11
7.3799212598425195
21
-3.1338582677165352
0
LINE
8
BLACK
6
CONTINUOUS
10
7.3799212598425195
20
-3.1338582677165352
11
7.3799212598425195
21
-3.0925196850393699
0
LINE
8
BLACK
6
CONTINUOUS
10
7.3799212598425195
20
-3.0925196850393699
11
7.4055118110236222
21
-3.0925196850393699
0
LINE
8
BLACK
6
CONTINUOUS
10
7.4055118110236222
20
-3.0925196850393699
11
7.4055118110236222
21
-3.1338582677165352
0
LINE
8
BLACK
6
CONTINUOUS
10
7.4901574803149602
20
-3.1338582677165352
11
7.4645669291338583
21
-3.1338582677165352
0
LINE
8
BLACK
6
CONTINUOUS
10
7.4645669291338583
20
-3.1338582677165352
11
7.4645669291338583
21
-3.0925196850393699
0
LINE
8
BLACK
6
CONTINUOUS
10
7.4645669291338583
20
-3.0925196850393699
11
7.4901574803149602
21
-3.0925196850393699
0
LINE
8
BLACK
6
CONTINUOUS
10
7.4901574803149602
20
-3.0925196850393699
11
7.4901574803149602
21
-3.1338582677165352
0
LINE
8
BLACK
6
CONTINUOUS
10
5.1810748425196849
20
-2.9631861023622048
11
5.1863113385826773
21
-2.9652511023622048
0
LINE
8
BLACK
6
CONTINUOUS
10
5.1863113385826773
20
-2.9652511023622048
11
5.1907964960629922
21
-2.9686523228346458
0
LINE
8
BLACK
6
CONTINUOUS
10
5.1907964960629922
20
-2.9686523228346458
11
5.1941977165354327
21
-2.9731374803149606
0
LINE
8
BLACK
6
CONTINUOUS
10
5.1941977165354327
20
-2.9731374803149606
11
5.1962627165354327
21
-2.9783739763779526
0
LINE
8
BLACK
6
CONTINUOUS
10
5.1962627165354327
20
-2.9783739763779526
11
5.1968503937007871
21
-2.9832677165354329
0
LINE
8
BLACK
6
CONTINUOUS
10
5.1968503937007871
20
-2.9832677165354329
11
5.1968503937007871
21
-3.079724409448819
0
LINE
8
BLACK
6
CONTINUOUS
10
5.1968503937007871
20
-3.079724409448819
11
5.1962627165354327
21
-3.0846181496062992
0
LINE
8
BLACK
6
CONTINUOUS
10
5.1962627165354327
20
-3.0846181496062992
11
5.1941977165354327
21
-3.0898546456692912
0
LINE
8
BLACK
6
CONTINUOUS
10
5.1941977165354327
20
-3.0898546456692912
11
5.1907964960629922
21
-3.0943398031496061
0
LINE
8
BLACK
6
CONTINUOUS
10
5.1907964960629922
20
-3.0943398031496061
11
5.1863113385826773
21
-3.0977410236220471
0
LINE
8
BLACK
6
CONTINUOUS
10
5.1863113385826773
20
-3.0977410236220471
11
5.1810748425196849
21
-3.099806023622047
0
LINE
8
BLACK
6
CONTINUOUS
10
5.1810748425196849
20
-3.099806023622047
11
5.1761811023622046
21
-3.1003937007874014
0
LINE
8
BLACK
6
CONTINUOUS
10
5.1761811023622046
20
-3.1003937007874014
11
5.0718503937007871
21
-3.1003937007874014
0
LINE
8
BLACK
6
CONTINUOUS
10
5.0718503937007871
20
-3.1003937007874014
11
5.0669566535433068
21
-3.099806023622047
0
LINE
8
BLACK
6
CONTINUOUS
10
5.0669566535433068
20
-3.099806023622047
11
5.0617201574803152
21
-3.0977410236220471
0
LINE
8
BLACK
6
CONTINUOUS
10
5.0617201574803152
20
-3.0977410236220471
11
5.0572349999999995
21
-3.0943398031496061
0
LINE
8
BLACK
6
CONTINUOUS
10
5.0572349999999995
20
-3.0943398031496061
11
5.053833779527559
21
-3.0898546456692912
0
LINE
8
BLACK
6
CONTINUOUS
10
5.053833779527559
20
-3.0898546456692912
11
5.051768779527559
21
-3.0846181496062992
0
LINE
8
BLACK
6
CONTINUOUS
10
5.051768779527559
20
-3.0846181496062992
11
5.0511811023622046
21
-3.079724409448819
0
LINE
8
BLACK
6
CONTINUOUS
10
5.0511811023622046
20
-3.079724409448819
11
5.0511811023622046
21
-2.9832677165354329
0
LINE
8
BLACK
6
CONTINUOUS
10
5.0511811023622046
20
-2.9832677165354329
11
5.051768779527559
21
-2.9783739763779526
0
LINE
8
BLACK
6
CONTINUOUS
10
5.051768779527559
20
-2.9783739763779526
11
5.053833779527559
21
-2.9731374803149606
0
LINE
8
BLACK
6
CONTINUOUS
10
5.053833779527559
20
-2.9731374803149606
11
5.0572349999999995
21
-2.9686523228346458
0
LINE
8
BLACK
6
CONTINUOUS
10
5.0572349999999995
20
-2.9686523228346458
11
5.0617201574803152
21
-2.9652511023622048
0
LINE
8
BLACK
6
CONTINUOUS
10
5.0617201574803152
20
-2.9652511023622048
11
5.0669566535433068
21
-2.9631861023622048
0
LINE
8
BLACK
6
CONTINUOUS
10
5.0669566535433068
20
-2.9631861023622048
11
5.0718503937007871
21
-2.9625984251968505
0
LINE
8
BLACK
6
CONTINUOUS
10
5.0718503937007871
20
-2.9625984251968505
11
5.1761811023622046
21
-2.9625984251968505
0
LINE
8
BLACK
6
CONTINUOUS
10
5.1761811023622046
20
-2.9625984251968505
11
5.1810748425196849
21
-2.9631861023622048
0
LINE
8
BLACK
6
CONTINUOUS
10
5.496035472440945
20
-2.9631861023622048
11
5.5012719685039366
21
-2.9652511023622048
0
LINE
8
BLACK
6
CONTINUOUS
10
5.5012719685039366
20
-2.9652511023622048
11
5.5057571259842515
21
-2.9686523228346458
0
LINE
8
BLACK
6
CONTINUOUS
10
5.5057571259842515
20
-2.9686523228346458
11
5.5091583464566929
21
-2.9731374803149606
0
LINE
8
BLACK
6
CONTINUOUS
10
5.5091583464566929
20
-2.9731374803149606
11
5.5112233464566929
21
-2.9783739763779526
0
LINE
8
BLACK
6
CONTINUOUS
10
5.5112233464566929
20
-2.9783739763779526
11
5.5118110236220472
21
-2.9832677165354329
0
LINE
8
BLACK
6
CONTINUOUS
10
5.5118110236220472
20
-2.9832677165354329
11
5.5118110236220472
21
-3.079724409448819
0
LINE
8
BLACK
6
CONTINUOUS
10
5.5118110236220472
20
-3.079724409448819
11
5.5112233464566929
21
-3.0846181496062992
0
LINE
8
BLACK
6
CONTINUOUS
10
5.5112233464566929
20
-3.0846181496062992
11
5.5091583464566929
21
-3.0898546456692912
0
LINE
8
BLACK
6
CONTINUOUS
10
5.5091583464566929
20
-3.0898546456692912
11
5.5057571259842515
21
-3.0943398031496061
0
LINE
8
BLACK
6
CONTINUOUS
10
5.5057571259842515
20
-3.0943398031496061
11
5.5012719685039366
21
-3.0977410236220471
0
LINE
8
BLACK
6
CONTINUOUS
10
5.5012719685039366
20
-3.0977410236220471
11
5.496035472440945
21
-3.099806023622047
0
LINE
8
BLACK
6
CONTINUOUS
10
5.496035472440945
20
-3.099806023622047
11
5.4911417322834648
21
-3.1003937007874014
0
LINE
8
BLACK
6
CONTINUOUS
10
5.4911417322834648
20
-3.1003937007874014
11
5.3868110236220472
21
-3.1003937007874014
0
LINE
8
BLACK
6
CONTINUOUS
10
5.3868110236220472
20
-3.1003937007874014
11
5.381917283464567
21
-3.099806023622047
0
LINE
8
BLACK
6
CONTINUOUS
10
5.381917283464567
20
-3.099806023622047
11
5.3766807874015745
21
-3.0977410236220471
0
LINE
8
BLACK
6
CONTINUOUS
10
5.3766807874015745
20
-3.0977410236220471
11
5.3721956299212597
21
-3.0943398031496061
0
LINE
8
BLACK
6
CONTINUOUS
10
5.3721956299212597
20
-3.0943398031496061
11
5.3687944094488191
21
-3.0898546456692912
0
LINE
8
BLACK
6
CONTINUOUS
10
5.3687944094488191
20
-3.0898546456692912
11
5.3667294094488192
21
-3.0846181496062992
0
LINE
8
BLACK
6
CONTINUOUS
10
5.3667294094488192
20
-3.0846181496062992
11
5.3661417322834648
21
-3.079724409448819
0
LINE
8
BLACK
6
CONTINUOUS
10
5.3661417322834648
20
-3.079724409448819
11
5.3661417322834648
21
-2.9832677165354329
0
LINE
8
BLACK
6
CONTINUOUS
10
5.3661417322834648
20
-2.9832677165354329
11
5.3667294094488192
21
-2.9783739763779526
0
LINE
8
BLACK
6
CONTINUOUS
10
5.3667294094488192
20
-2.9783739763779526
11
5.3687944094488191
21
-2.9731374803149606
0
LINE
8
BLACK
6
CONTINUOUS
10
5.3687944094488191
20
-2.9731374803149606
11
5.3721956299212597
21
-2.9686523228346458
0
LINE
8
BLACK
6
CONTINUOUS
10
5.3721956299212597
20
-2.9686523228346458
11
5.3766807874015745
21
-2.9652511023622048
0
LINE
8
BLACK
6
CONTINUOUS
10
5.3766807874015745
20
-2.9652511023622048
11
5.381917283464567
21
-2.9631861023622048
0
LINE
8
BLACK
6
CONTINUOUS
10
5.381917283464567
20
-2.9631861023622048
11
5.3868110236220472
21
-2.9625984251968505
0
LINE
8
BLACK
6
CONTINUOUS
10
5.3868110236220472
20
-2.9625984251968505
11
5.4911417322834648
21
-2.9625984251968505
0
LINE
8
BLACK
6
CONTINUOUS
10
5.4911417322834648
20
-2.9625984251968505
11
5.496035472440945
21
-2.9631861023622048
0
LINE
8
BLACK
6
CONTINUOUS
10
8.7379239370078743
20
-3.0749059842519686
11
8.7392012204724416
21
-3.075759409448819
0
LINE
8
BLACK
6
CONTINUOUS
10
8.7392012204724416
20
-3.075759409448819
11
8.7400546456692911
21
-3.0770366929133859
0
LINE
8
BLACK
6
CONTINUOUS
10
8.7400546456692911
20
-3.0770366929133859
11
8.7403543307086604
21
-3.0785433070866142
0
LINE
8
BLACK
6
CONTINUOUS
10
8.7403543307086604
20
-3.0785433070866142
11
8.7403543307086604
21
-3.0864173228346456
0
LINE
8
BLACK
6
CONTINUOUS
10
8.7403543307086604
20
-3.0864173228346456
11
8.7400546456692911
21
-3.0879239370078739
0
LINE
8
BLACK
6
CONTINUOUS
10
8.7400546456692911
20
-3.0879239370078739
11
8.7392012204724416
21
-3.0892012204724408
0
LINE
8
BLACK
6
CONTINUOUS
10
8.7392012204724416
20
-3.0892012204724408
11
8.7379239370078743
21
-3.0900546456692912
0
LINE
8
BLACK
6
CONTINUOUS
10
8.7379239370078743
20
-3.0900546456692912
11
8.7364173228346456
21
-3.0903543307086614
0
LINE
8
BLACK
6
CONTINUOUS
10
8.7364173228346456
20
-3.0903543307086614
11
8.7187007874015752
21
-3.0903543307086614
0
LINE
8
BLACK
6
CONTINUOUS
10
8.7187007874015752
20
-3.0903543307086614
11
8.7171941732283464
21
-3.0900546456692912
0
LINE
8
BLACK
6
CONTINUOUS
10
8.7171941732283464
20
-3.0900546456692912
11
8.7159168897637791
21
-3.0892012204724408
0
LINE
8
BLACK
6
CONTINUOUS
10
8.7159168897637791
20
-3.0892012204724408
11
8.7150634645669296
21
-3.0879239370078739
0
LINE
8
BLACK
6
CONTINUOUS
10
8.7150634645669296
20
-3.0879239370078739
11
8.7147637795275585
21
-3.0864173228346456
0
LINE
8
BLACK
6
CONTINUOUS
10
8.7147637795275585
20
-3.0864173228346456
11
8.7147637795275585
21
-3.0785433070866142
0
LINE
8
BLACK
6
CONTINUOUS
10
8.7147637795275585
20
-3.0785433070866142
11
8.7150634645669296
21
-3.0770366929133859
0
LINE
8
BLACK
6
CONTINUOUS
10
8.7150634645669296
20
-3.0770366929133859
11
8.7159168897637791
21
-3.075759409448819
0
LINE
8
BLACK
6
CONTINUOUS
10
8.7159168897637791
20
-3.075759409448819
11
8.7171941732283464
21
-3.0749059842519686
0
LINE
8
BLACK
6
CONTINUOUS
10
8.7171941732283464
20
-3.0749059842519686
11
8.7187007874015752
21
-3.0746062992125984
0
LINE
8
BLACK
6
CONTINUOUS
10
8.7187007874015752
20
-3.0746062992125984
11
8.7364173228346456
21
-3.0746062992125984
0
LINE
8
BLACK
6
CONTINUOUS
10
8.7364173228346456
20
-3.0746062992125984
11
8.7379239370078743
21
-3.0749059842519686
0
LINE
8
BLACK
6
CONTINUOUS
10
8.8127270866141725
20
-3.0749059842519686
11
8.8140043700787398
21
-3.075759409448819
0
LINE
8
BLACK
6
CONTINUOUS
10
8.8140043700787398
20
-3.075759409448819
11
8.8148577952755911
21
-3.0770366929133859
0
LINE
8
BLACK
6
CONTINUOUS
10
8.8148577952755911
20
-3.0770366929133859
11
8.8151574803149604
21
-3.0785433070866142
0
LINE
8
BLACK
6
CONTINUOUS
10
8.8151574803149604
20
-3.0785433070866142
11
8.8151574803149604
21
-3.0864173228346456
0
LINE
8
BLACK
6
CONTINUOUS
10
8.8151574803149604
20
-3.0864173228346456
11
8.8148577952755911
21
-3.0879239370078739
0
LINE
8
BLACK
6
CONTINUOUS
10
8.8148577952755911
20
-3.0879239370078739
11
8.8140043700787398
21
-3.0892012204724408
0
LINE
8
BLACK
6
CONTINUOUS
10
8.8140043700787398
20
-3.0892012204724408
11
8.8127270866141725
21
-3.0900546456692912
0
LINE
8
BLACK
6
CONTINUOUS
10
8.8127270866141725
20
-3.0900546456692912
11
8.8112204724409455
21
-3.0903543307086614
0
LINE
8
BLACK
6
CONTINUOUS
10
8.8112204724409455
20
-3.0903543307086614
11
8.7935039370078734
21
-3.0903543307086614
0
LINE
8
BLACK
6
CONTINUOUS
10
8.7935039370078734
20
-3.0903543307086614
11
8.7919973228346446
21
-3.0900546456692912
0
LINE
8
BLACK
6
CONTINUOUS
10
8.7919973228346446
20
-3.0900546456692912
11
8.7907200393700791
21
-3.0892012204724408
0
LINE
8
BLACK
6
CONTINUOUS
10
8.7907200393700791
20
-3.0892012204724408
11
8.7898666141732278
21
-3.0879239370078739
0
LINE
8
BLACK
6
CONTINUOUS
10
8.7898666141732278
20
-3.0879239370078739
11
8.7895669291338585
21
-3.0864173228346456
0
LINE
8
BLACK
6
CONTINUOUS
10
8.7895669291338585
20
-3.0864173228346456
11
8.7895669291338585
21
-3.0785433070866142
0
LINE
8
BLACK
6
CONTINUOUS
10
8.7895669291338585
20
-3.0785433070866142
11
8.7898666141732278
21
-3.0770366929133859
0
LINE
8
BLACK
6
CONTINUOUS
10
8.7898666141732278
20
-3.0770366929133859
11
8.7907200393700791
21
-3.075759409448819
0
LINE
8
BLACK
6
CONTINUOUS
10
8.7907200393700791
20
-3.075759409448819
11
8.7919973228346446
21
-3.0749059842519686
0
LINE
8
BLACK
6
CONTINUOUS
10
8.7919973228346446
20
-3.0749059842519686
11
8.7935039370078734
21
-3.0746062992125984
0
LINE
8
BLACK
6
CONTINUOUS
10
8.7935039370078734
20
-3.0746062992125984
11
8.8112204724409455
21
-3.0746062992125984
0
LINE
8
BLACK
6
CONTINUOUS
10
8.8112204724409455
20
-3.0746062992125984
11
8.8127270866141725
21
-3.0749059842519686
0
LINE
8
BLACK
6
CONTINUOUS
10
8.1700105511811021
20
-3.0536461417322833
11
8.1712878346456694
21
-3.0544995669291337
0
LINE
8
BLACK
6
CONTINUOUS
10
8.1712878346456694
20
-3.0544995669291337
11
8.1721412598425189
21
-3.0557768503937006
0
LINE
8
BLACK
6
CONTINUOUS
10
8.1721412598425189
20
-3.0557768503937006
11
8.17244094488189
21
-3.0572834645669289
0
LINE
8
BLACK
6
CONTINUOUS
10
8.17244094488189
20
-3.0572834645669289
11
8.17244094488189
21
-3.0651574803149604
0
LINE
8
BLACK
6
CONTINUOUS
10
8.17244094488189
20
-3.0651574803149604
11
8.1721412598425189
21
-3.0666640944881891
0
LINE
8
BLACK
6
CONTINUOUS
10
8.1721412598425189
20
-3.0666640944881891
11
8.1712878346456694
21
-3.067941377952756
0
LINE
8
BLACK
6
CONTINUOUS
10
8.1712878346456694
20
-3.067941377952756
11
8.1700105511811021
21
-3.0687948031496064
0
LINE
8
BLACK
6
CONTINUOUS
10
8.1700105511811021
20
-3.0687948031496064
11
8.1685039370078734
21
-3.0690944881889761
0
LINE
8
BLACK
6
CONTINUOUS
10
8.1685039370078734
20
-3.0690944881889761
11
8.150787401574803
21
-3.0690944881889761
0
LINE
8
BLACK
6
CONTINUOUS
10
8.150787401574803
20
-3.0690944881889761
11
8.1492807874015742
21
-3.0687948031496064
0
LINE
8
BLACK
6
CONTINUOUS
10
8.1492807874015742
20
-3.0687948031496064
11
8.1480035039370069
21
-3.067941377952756
0
LINE
8
BLACK
6
CONTINUOUS
10
8.1480035039370069
20
-3.067941377952756
11
8.1471500787401574
21
-3.0666640944881891
0
LINE
8
BLACK
6
CONTINUOUS
10
8.1471500787401574
20
-3.0666640944881891
11
8.1468503937007863
21
-3.0651574803149604
0
LINE
8
BLACK
6
CONTINUOUS
10
8.1468503937007863
20
-3.0651574803149604
11
8.1468503937007863
21
-3.0572834645669289
0
LINE
8
BLACK
6
CONTINUOUS
10
8.1468503937007863
20
-3.0572834645669289
11
8.1471500787401574
21
-3.0557768503937006
0
LINE
8
BLACK
6
CONTINUOUS
10
8.1471500787401574
20
-3.0557768503937006
11
8.1480035039370069
21
-3.0544995669291337
0
LINE
8
BLACK
6
CONTINUOUS
10
8.1480035039370069
20
-3.0544995669291337
11
8.1492807874015742
21
-3.0536461417322833
0
LINE
8
BLACK
6
CONTINUOUS
10
8.1492807874015742
20
-3.0536461417322833
11
8.150787401574803
21
-3.0533464566929132
0
LINE
8
BLACK
6
CONTINUOUS
10
8.150787401574803
20
-3.0533464566929132
11
8.1685039370078734
21
-3.0533464566929132
0
LINE
8
BLACK
6
CONTINUOUS
10
8.1685039370078734
20
-3.0533464566929132
11
8.1700105511811021
21
-3.0536461417322833
0
LINE
8
BLACK
6
CONTINUOUS
10
8.2448137007874021
20
-3.0536461417322833
11
8.2460909842519676
21
-3.0544995669291337
0
LINE
8
BLACK
6
CONTINUOUS
10
8.2460909842519676
20
-3.0544995669291337
11
8.2469444094488189
21
-3.0557768503937006
0
LINE
8
BLACK
6
CONTINUOUS
10
8.2469444094488189
20
-3.0557768503937006
11
8.2472440944881882
21
-3.0572834645669289
0
LINE
8
BLACK
6
CONTINUOUS
10
8.2472440944881882
20
-3.0572834645669289
11
8.2472440944881882
21
-3.0651574803149604
0
LINE
8
BLACK
6
CONTINUOUS
10
8.2472440944881882
20
-3.0651574803149604
11
8.2469444094488189
21
-3.0666640944881891
0
LINE
8
BLACK
6
CONTINUOUS
10
8.2469444094488189
20
-3.0666640944881891
11
8.2460909842519676
21
-3.067941377952756
0
LINE
8
BLACK
6
CONTINUOUS
10
8.2460909842519676
20
-3.067941377952756
11
8.2448137007874021
21
-3.0687948031496064
0
LINE
8
BLACK
6
CONTINUOUS
10
8.2448137007874021
20
-3.0687948031496064
11
8.2433070866141733
21
-3.0690944881889761
0
LINE
8
BLACK
6
CONTINUOUS
10
8.2433070866141733
20
-3.0690944881889761
11
8.2255905511811029
21
-3.0690944881889761
0
LINE
8
BLACK
6
CONTINUOUS
10
8.2255905511811029
20
-3.0690944881889761
11
8.2240839370078742
21
-3.0687948031496064
0
LINE
8
BLACK
6
CONTINUOUS
10
8.2240839370078742
20
-3.0687948031496064
11
8.2228066535433069
21
-3.067941377952756
0
LINE
8
BLACK
6
CONTINUOUS
10
8.2228066535433069
20
-3.067941377952756
11
8.2219532283464574
21
-3.0666640944881891
0
LINE
8
BLACK
6
CONTINUOUS
10
8.2219532283464574
20
-3.0666640944881891
11
8.2216535433070863
21
-3.0651574803149604
0
LINE
8
BLACK
6
CONTINUOUS
10
8.2216535433070863
20
-3.0651574803149604
11
8.2216535433070863
21
-3.0572834645669289
0
LINE
8
BLACK
6
CONTINUOUS
10
8.2216535433070863
20
-3.0572834645669289
11
8.2219532283464574
21
-3.0557768503937006
0
LINE
8
BLACK
6
CONTINUOUS
10
8.2219532283464574
20
-3.0557768503937006
11
8.2228066535433069
21
-3.0544995669291337
0
LINE
8
BLACK
6
CONTINUOUS
10
8.2228066535433069
20
-3.0544995669291337
11
8.2240839370078742
21
-3.0536461417322833
0
LINE
8
BLACK
6
CONTINUOUS
10
8.2240839370078742
20
-3.0536461417322833
11
8.2255905511811029
21
-3.0533464566929132
0
LINE
8
BLACK
6
CONTINUOUS
10
8.2255905511811029
20
-3.0533464566929132
11
8.2433070866141733
21
-3.0533464566929132
0
LINE
8
BLACK
6
CONTINUOUS
10
8.2433070866141733
20
-3.0533464566929132
11
8.2448137007874021
21
-3.0536461417322833
0
LINE
8
BLACK
6
CONTINUOUS
10
8.7379239370078743
20
-3.0493154330708663
11
8.7392012204724416
21
-3.0501688582677167
0
LINE
8
BLACK
6
CONTINUOUS
10
8.7392012204724416
20
-3.0501688582677167
11
8.7400546456692911
21
-3.0514461417322836
0
LINE
8
BLACK
6
CONTINUOUS
10
8.7400546456692911
20
-3.0514461417322836
11
8.7403543307086604
21
-3.0529527559055119
0
LINE
8
BLACK
6
CONTINUOUS
10
8.7403543307086604
20
-3.0529527559055119
11
8.7403543307086604
21
-3.0608267716535433
0
LINE
8
BLACK
6
CONTINUOUS
10
8.7403543307086604
20
-3.0608267716535433
11
8.7400546456692911
21
-3.0623333858267716
0
LINE
8
BLACK
6
CONTINUOUS
10
8.7400546456692911
20
-3.0623333858267716
11
8.7392012204724416
21
-3.0636106692913385
0
LINE
8
BLACK
6
CONTINUOUS
10
8.7392012204724416
20
-3.0636106692913385
11
8.7379239370078743
21
-3.0644640944881889
0
LINE
8
BLACK
6
CONTINUOUS
10
8.7379239370078743
20
-3.0644640944881889
11
8.7364173228346456
21
-3.0647637795275591
0
LINE
8
BLACK
6
CONTINUOUS
10
8.7364173228346456
20
-3.0647637795275591
11
8.7187007874015752
21
-3.0647637795275591
0
LINE
8
BLACK
6
CONTINUOUS
10
8.7187007874015752
20
-3.0647637795275591
11
8.7171941732283464
21
-3.0644640944881889
0
LINE
8
BLACK
6
CONTINUOUS
10
8.7171941732283464
20
-3.0644640944881889
11
8.7159168897637791
21
-3.0636106692913385
0
LINE
8
BLACK
6
CONTINUOUS
10
8.7159168897637791
20
-3.0636106692913385
11
8.7150634645669296
21
-3.0623333858267716
0
LINE
8
BLACK
6
CONTINUOUS
10
8.7150634645669296
20
-3.0623333858267716
11
8.7147637795275585
21
-3.0608267716535433
0
LINE
8
BLACK
6
CONTINUOUS
10
8.7147637795275585
20
-3.0608267716535433
11
8.7147637795275585
21
-3.0529527559055119
0
LINE
8
BLACK
6
CONTINUOUS
10
8.7147637795275585
20
-3.0529527559055119
11
8.7150634645669296
21
-3.0514461417322836
0
LINE
8
BLACK
6
CONTINUOUS
10
8.7150634645669296
20
-3.0514461417322836
11
8.7159168897637791
21
-3.0501688582677167
0
LINE
8
BLACK
6
CONTINUOUS
10
8.7159168897637791
20
-3.0501688582677167
11
8.7171941732283464
21
-3.0493154330708663
0
LINE
8
BLACK
6
CONTINUOUS
10
8.7171941732283464
20
-3.0493154330708663
11
8.7187007874015752
21
-3.0490157480314961
0
LINE
8
BLACK
6
CONTINUOUS
10
8.7187007874015752
20
-3.0490157480314961
11
8.7364173228346456
21
-3.0490157480314961
0
LINE
8
BLACK
6
CONTINUOUS
10
8.7364173228346456
20
-3.0490157480314961
11
8.7379239370078743
21
-3.0493154330708663
0
LINE
8
BLACK
6
CONTINUOUS
10
8.5807691732283455
20
-3.0094576377952755
11
8.5833236614173227
21
-3.0111645275590551
0
LINE
8
BLACK
6
CONTINUOUS
10
8.5833236614173227
20
-3.0111645275590551
11
8.5850305511811023
21
-3.0137190157480314
0
LINE
8
BLACK
6
CONTINUOUS
10
8.5850305511811023
20
-3.0137190157480314
11
8.5856299212598426
21
-3.0167322834645667
0
LINE
8
BLACK
6
CONTINUOUS
10
8.5856299212598426
20
-3.0167322834645667
11
8.5856299212598426
21
-3.0383858267716533
0
LINE
8
BLACK
6
CONTINUOUS
10
8.5856299212598426
20
-3.0383858267716533
11
8.5850305511811023
21
-3.041399094488189
0
LINE
8
BLACK
6
CONTINUOUS
10
8.5850305511811023
20
-3.041399094488189
11
8.5833236614173227
21
-3.0439535826771653
0
LINE
8
BLACK
6
CONTINUOUS
10
8.5833236614173227
20
-3.0439535826771653
11
8.5807691732283455
21
-3.0456604724409448
0
LINE
8
BLACK
6
CONTINUOUS
10
8.5807691732283455
20
-3.0456604724409448
11
8.5777559055118111
21
-3.0462598425196852
0
LINE
8
BLACK
6
CONTINUOUS
10
8.5777559055118111
20
-3.0462598425196852
11
8.5620078740157481
21
-3.0462598425196852
0
LINE
8
BLACK
6
CONTINUOUS
10
8.5620078740157481
20
-3.0462598425196852
11
8.5589946062992119
21
-3.0456604724409448
0
LINE
8
BLACK
6
CONTINUOUS
10
8.5589946062992119
20
-3.0456604724409448
11
8.5564401181102365
21
-3.0439535826771653
0
LINE
8
BLACK
6
CONTINUOUS
10
8.5564401181102365
20
-3.0439535826771653
11
8.554733228346457
21
-3.041399094488189
0
LINE
8
BLACK
6
CONTINUOUS
10
8.554733228346457
20
-3.041399094488189
11
8.5541338582677167
21
-3.0383858267716533
0
LINE
8
BLACK
6
CONTINUOUS
10
8.5541338582677167
20
-3.0383858267716533
11
8.5541338582677167
21
-3.0167322834645667
0
LINE
8
BLACK
6
CONTINUOUS
10
8.5541338582677167
20
-3.0167322834645667
11
8.554733228346457
21
-3.0137190157480314
0
LINE
8
BLACK
6
CONTINUOUS
10
8.554733228346457
20
-3.0137190157480314
11
8.5564401181102365
21
-3.0111645275590551
0
LINE
8
BLACK
6
CONTINUOUS
10
8.5564401181102365
20
-3.0111645275590551
11
8.5589946062992119
21
-3.0094576377952755
0
LINE
8
BLACK
6
CONTINUOUS
10
8.5589946062992119
20
-3.0094576377952755
11
8.5620078740157481
21
-3.0088582677165352
0
LINE
8
BLACK
6
CONTINUOUS
10
8.5620078740157481
20
-3.0088582677165352
11
8.5777559055118111
21
-3.0088582677165352
0
LINE
8
BLACK
6
CONTINUOUS
10
8.5777559055118111
20
-3.0088582677165352
11
8.5807691732283455
21
-3.0094576377952755
0
LINE
8
BLACK
6
CONTINUOUS
10
8.6457298031496066
20
-3.0094576377952755
11
8.648284291338582
21
-3.0111645275590551
0
LINE
8
BLACK
6
CONTINUOUS
10
8.648284291338582
20
-3.0111645275590551
11
8.6499911811023615
21
-3.0137190157480314
0
LINE
8
BLACK
6
CONTINUOUS
10
8.6499911811023615
20
-3.0137190157480314
11
8.6505905511811019
21
-3.0167322834645667
0
LINE
8
BLACK
6
CONTINUOUS
10
8.6505905511811019
20
-3.0167322834645667
11
8.6505905511811019
21
-3.0383858267716533
0
LINE
8
BLACK
6
CONTINUOUS
10
8.6505905511811019
20
-3.0383858267716533
11
8.6499911811023615
21
-3.041399094488189
0
LINE
8
BLACK
6
CONTINUOUS
10
8.6499911811023615
20
-3.041399094488189
11
8.648284291338582
21
-3.0439535826771653
0
LINE
8
BLACK
6
CONTINUOUS
10
8.648284291338582
20
-3.0439535826771653
11
8.6457298031496066
21
-3.0456604724409448
0
LINE
8
BLACK
6
CONTINUOUS
10
8.6457298031496066
20
-3.0456604724409448
11
8.6427165354330704
21
-3.0462598425196852
0
LINE
8
BLACK
6
CONTINUOUS
10
8.6427165354330704
20
-3.0462598425196852
11
8.6269685039370074
21
-3.0462598425196852
0
LINE
8
BLACK
6
CONTINUOUS
10
8.6269685039370074
20
-3.0462598425196852
11
8.623955236220473
21
-3.0456604724409448
0
LINE
8
BLACK
6
CONTINUOUS
10
8.623955236220473
20
-3.0456604724409448
11
8.6214007480314958
21
-3.0439535826771653
0
LINE
8
BLACK
6
CONTINUOUS
10
8.6214007480314958
20
-3.0439535826771653
11
8.6196938582677163
21
-3.041399094488189
0
LINE
8
BLACK
6
CONTINUOUS
10
8.6196938582677163
20
-3.041399094488189
11
8.6190944881889759
21
-3.0383858267716533
0
LINE
8
BLACK
6
CONTINUOUS
10
8.6190944881889759
20
-3.0383858267716533
11
8.6190944881889759
21
-3.0167322834645667
0
LINE
8
BLACK
6
CONTINUOUS
10
8.6190944881889759
20
-3.0167322834645667
11
8.6196938582677163
21
-3.0137190157480314
0
LINE
8
BLACK
6
CONTINUOUS
10
8.6196938582677163
20
-3.0137190157480314
11
8.6214007480314958
21
-3.0111645275590551
0
LINE
8
BLACK
6
CONTINUOUS
10
8.6214007480314958
20
-3.0111645275590551
11
8.623955236220473
21
-3.0094576377952755
0
LINE
8
BLACK
6
CONTINUOUS
10
8.623955236220473
20
-3.0094576377952755
11
8.6269685039370074
21
-3.0088582677165352
0
LINE
8
BLACK
6
CONTINUOUS
10
8.6269685039370074
20
-3.0088582677165352
11
8.6427165354330704
21
-3.0088582677165352
0
LINE
8
BLACK
6
CONTINUOUS
10
8.6427165354330704
20
-3.0088582677165352
11
8.6457298031496066
21
-3.0094576377952755
0
LINE
8
BLACK
6
CONTINUOUS
10
8.1700105511811021
20
-3.028055590551181
11
8.1712878346456694
21
-3.0289090157480314
0
LINE
8
BLACK
6
CONTINUOUS
10
8.1712878346456694
20
-3.0289090157480314
11
8.1721412598425189
21
-3.0301862992125983
0
LINE
8
BLACK
6
CONTINUOUS
10
8.1721412598425189
20
-3.0301862992125983
11
8.17244094488189
21
-3.0316929133858266
0
LINE
8
BLACK
6
CONTINUOUS
10
8.17244094488189
20
-3.0316929133858266
11
8.17244094488189
21
-3.0395669291338581
0
LINE
8
BLACK
6
CONTINUOUS
10
8.17244094488189
20
-3.0395669291338581
11
8.1721412598425189
21
-3.0410735433070863
0
LINE
8
BLACK
6
CONTINUOUS
10
8.1721412598425189
20
-3.0410735433070863
11
8.1712878346456694
21
-3.0423508267716537
0
LINE
8
BLACK
6
CONTINUOUS
10
8.1712878346456694
20
-3.0423508267716537
11
8.1700105511811021
21
-3.0432042519685041
0
LINE
8
BLACK
6
CONTINUOUS
10
8.1700105511811021
20
-3.0432042519685041
11
8.1685039370078734
21
-3.0435039370078738
0
LINE
8
BLACK
6
CONTINUOUS
10
8.1685039370078734
20
-3.0435039370078738
11
8.150787401574803
21
-3.0435039370078738
0
LINE
8
BLACK
6
CONTINUOUS
10
8.150787401574803
20
-3.0435039370078738
11
8.1492807874015742
21
-3.0432042519685041
0
LINE
8
BLACK
6
CONTINUOUS
10
8.1492807874015742
20
-3.0432042519685041
11
8.1480035039370069
21
-3.0423508267716537
0
LINE
8
BLACK
6
CONTINUOUS
10
8.1480035039370069
20
-3.0423508267716537
11
8.1471500787401574
21
-3.0410735433070863
0
LINE
8
BLACK
6
CONTINUOUS
10
8.1471500787401574
20
-3.0410735433070863
11
8.1468503937007863
21
-3.0395669291338581
0
LINE
8
BLACK
6
CONTINUOUS
10
8.1468503937007863
20
-3.0395669291338581
11
8.1468503937007863
21
-3.0316929133858266
0
LINE
8
BLACK
6
CONTINUOUS
10
8.1468503937007863
20
-3.0316929133858266
11
8.1471500787401574
21
-3.0301862992125983
0
LINE
8
BLACK
6
CONTINUOUS
10
8.1471500787401574
20
-3.0301862992125983
11
8.1480035039370069
21
-3.0289090157480314
0
LINE
8
BLACK
6
CONTINUOUS
10
8.1480035039370069
20
-3.0289090157480314
11
8.1492807874015742
21
-3.028055590551181
0
LINE
8
BLACK
6
CONTINUOUS
10
8.1492807874015742
20
-3.028055590551181
11
8.150787401574803
21
-3.0277559055118108
0
LINE
8
BLACK
6
CONTINUOUS
10
8.150787401574803
20
-3.0277559055118108
11
8.1685039370078734
21
-3.0277559055118108
0
LINE
8
BLACK
6
CONTINUOUS
10
8.1685039370078734
20
-3.0277559055118108
11
8.1700105511811021
21
-3.028055590551181
0
LINE
8
BLACK
6
CONTINUOUS
10
8.7379239370078743
20
-3.0237248818897635
11
8.7392012204724416
21
-3.0245783070866139
0
LINE
8
BLACK
6
CONTINUOUS
10
8.7392012204724416
20
-3.0245783070866139
11
8.7400546456692911
21
-3.0258555905511813
0
LINE
8
BLACK
6
CONTINUOUS
10
8.7400546456692911
20
-3.0258555905511813
11
8.7403543307086604
21
-3.0273622047244095
0
LINE
8
BLACK
6
CONTINUOUS
10
8.7403543307086604
20
-3.0273622047244095
11
8.7403543307086604
21
-3.035236220472441
0
LINE
8
BLACK
6
CONTINUOUS
10
8.7403543307086604
20
-3.035236220472441
11
8.7400546456692911
21
-3.0367428346456693
0
LINE
8
BLACK
6
CONTINUOUS
10
8.7400546456692911
20
-3.0367428346456693
11
8.7392012204724416
21
-3.0380201181102362
0
LINE
8
BLACK
6
CONTINUOUS
10
8.7392012204724416
20
-3.0380201181102362
11
8.7379239370078743
21
-3.0388735433070866
0
LINE
8
BLACK
6
CONTINUOUS
10
8.7379239370078743
20
-3.0388735433070866
11
8.7364173228346456
21
-3.0391732283464568
0
LINE
8
BLACK
6
CONTINUOUS
10
8.7364173228346456
20
-3.0391732283464568
11
8.7187007874015752
21
-3.0391732283464568
0
LINE
8
BLACK
6
CONTINUOUS
10
8.7187007874015752
20
-3.0391732283464568
11
8.7171941732283464
21
-3.0388735433070866
0
LINE
8
BLACK
6
CONTINUOUS
10
8.7171941732283464
20
-3.0388735433070866
11
8.7159168897637791
21
-3.0380201181102362
0
LINE
8
BLACK
6
CONTINUOUS
10
8.7159168897637791
20
-3.0380201181102362
11
8.7150634645669296
21
-3.0367428346456693
0
LINE
8
BLACK
6
CONTINUOUS
10
8.7150634645669296
20
-3.0367428346456693
11
8.7147637795275585
21
-3.035236220472441
0
LINE
8
BLACK
6
CONTINUOUS
10
8.7147637795275585
20
-3.035236220472441
11
8.7147637795275585
21
-3.0273622047244095
0
LINE
8
BLACK
6
CONTINUOUS
10
8.7147637795275585
20
-3.0273622047244095
11
8.7150634645669296
21
-3.0258555905511813
0
LINE
8
BLACK
6
CONTINUOUS
10
8.7150634645669296
20
-3.0258555905511813
11
8.7159168897637791
21
-3.0245783070866139
0
LINE
8
BLACK
6
CONTINUOUS
10
8.7159168897637791
20
-3.0245783070866139
11
8.7171941732283464
21
-3.0237248818897635
0
LINE
8
BLACK
6
CONTINUOUS
10
8.7171941732283464
20
-3.0237248818897635
11
8.7187007874015752
21
-3.0234251968503938
0
LINE
8
BLACK
6
CONTINUOUS
10
8.7187007874015752
20
-3.0234251968503938
11
8.7364173228346456
21
-3.0234251968503938
0
LINE
8
BLACK
6
CONTINUOUS
10
8.7364173228346456
20
-3.0234251968503938
11
8.7379239370078743
21
-3.0237248818897635
0
LINE
8
BLACK
6
CONTINUOUS
10
8.8127270866141725
20
-3.0237248818897635
11
8.8140043700787398
21
-3.0245783070866139
0
LINE
8
BLACK
6
CONTINUOUS
10
8.8140043700787398
20
-3.0245783070866139
11
8.8148577952755911
21
-3.0258555905511813
0
LINE
8
BLACK
6
CONTINUOUS
10
8.8148577952755911
20
-3.0258555905511813
11
8.8151574803149604
21
-3.0273622047244095
0
LINE
8
BLACK
6
CONTINUOUS
10
8.8151574803149604
20
-3.0273622047244095
11
8.8151574803149604
21
-3.035236220472441
0
LINE
8
BLACK
6
CONTINUOUS
10
8.8151574803149604
20
-3.035236220472441
11
8.8148577952755911
21
-3.0367428346456693
0
LINE
8
BLACK
6
CONTINUOUS
10
8.8148577952755911
20
-3.0367428346456693
11
8.8140043700787398
21
-3.0380201181102362
0
LINE
8
BLACK
6
CONTINUOUS
10
8.8140043700787398
20
-3.0380201181102362
11
8.8127270866141725
21
-3.0388735433070866
0
LINE
8
BLACK
6
CONTINUOUS
10
8.8127270866141725
20
-3.0388735433070866
11
8.8112204724409455
21
-3.0391732283464568
0
LINE
8
BLACK
6
CONTINUOUS
10
8.8112204724409455
20
-3.0391732283464568
11
8.7935039370078734
21
-3.0391732283464568
0
LINE
8
BLACK
6
CONTINUOUS
10
8.7935039370078734
20
-3.0391732283464568
11
8.7919973228346446
21
-3.0388735433070866
0
LINE
8
BLACK
6
CONTINUOUS
10
8.7919973228346446
20
-3.0388735433070866
11
8.7907200393700791
21
-3.0380201181102362
0
LINE
8
BLACK
6
CONTINUOUS
10
8.7907200393700791
20
-3.0380201181102362
11
8.7898666141732278
21
-3.0367428346456693
0
LINE
8
BLACK
6
CONTINUOUS
10
8.7898666141732278
20
-3.0367428346456693
11
8.7895669291338585
21
-3.035236220472441
0
LINE
8
BLACK
6
CONTINUOUS
10
8.7895669291338585
20
-3.035236220472441
11
8.7895669291338585
21
-3.0273622047244095
0
LINE
8
BLACK
6
CONTINUOUS
10
8.7895669291338585
20
-3.0273622047244095
11
8.7898666141732278
21
-3.0258555905511813
0
LINE
8
BLACK
6
CONTINUOUS
10
8.7898666141732278
20
-3.0258555905511813
11
8.7907200393700791
21
-3.0245783070866139
0
LINE
8
BLACK
6
CONTINUOUS
10
8.7907200393700791
20
-3.0245783070866139
11
8.7919973228346446
21
-3.0237248818897635
0
LINE
8
BLACK
6
CONTINUOUS
10
8.7919973228346446
20
-3.0237248818897635
11
8.7935039370078734
21
-3.0234251968503938
0
LINE
8
BLACK
6
CONTINUOUS
10
8.7935039370078734
20
-3.0234251968503938
11
8.8112204724409455
21
-3.0234251968503938
0
LINE
8
BLACK
6
CONTINUOUS
10
8.8112204724409455
20
-3.0234251968503938
11
8.8127270866141725
21
-3.0237248818897635
0
LINE
8
BLACK
6
CONTINUOUS
10
8.1700105511811021
20
-3.0024650393700787
11
8.1712878346456694
21
-3.0033184645669291
0
LINE
8
BLACK
6
CONTINUOUS
10
8.1712878346456694
20
-3.0033184645669291
11
8.1721412598425189
21
-3.004595748031496
0
LINE
8
BLACK
6
CONTINUOUS
10
8.1721412598425189
20
-3.004595748031496
11
8.17244094488189
21
-3.0061023622047243
0
LINE
8
BLACK
6
CONTINUOUS
10
8.17244094488189
20
-3.0061023622047243
11
8.17244094488189
21
-3.0139763779527557
0
LINE
8
BLACK
6
CONTINUOUS
10
8.17244094488189
20
-3.0139763779527557
11
8.1721412598425189
21
-3.015482992125984
0
LINE
8
BLACK
6
CONTINUOUS
10
8.1721412598425189
20
-3.015482992125984
11
8.1712878346456694
21
-3.0167602755905509
0
LINE
8
BLACK
6
CONTINUOUS
10
8.1712878346456694
20
-3.0167602755905509
11
8.1700105511811021
21
-3.0176137007874013
0
LINE
8
BLACK
6
CONTINUOUS
10
8.1700105511811021
20
-3.0176137007874013
11
8.1685039370078734
21
-3.0179133858267715
0
LINE
8
BLACK
6
CONTINUOUS
10
8.1685039370078734
20
-3.0179133858267715
11
8.150787401574803
21
-3.0179133858267715
0
LINE
8
BLACK
6
CONTINUOUS
10
8.150787401574803
20
-3.0179133858267715
11
8.1492807874015742
21
-3.0176137007874013
0
LINE
8
BLACK
6
CONTINUOUS
10
8.1492807874015742
20
-3.0176137007874013
11
8.1480035039370069
21
-3.0167602755905509
0
LINE
8
BLACK
6
CONTINUOUS
10
8.1480035039370069
20
-3.0167602755905509
11
8.1471500787401574
21
-3.015482992125984
0
LINE
8
BLACK
6
CONTINUOUS
10
8.1471500787401574
20
-3.015482992125984
11
8.1468503937007863
21
-3.0139763779527557
0
LINE
8
BLACK
6
CONTINUOUS
10
8.1468503937007863
20
-3.0139763779527557
11
8.1468503937007863
21
-3.0061023622047243
0
LINE
8
BLACK
6
CONTINUOUS
10
8.1468503937007863
20
-3.0061023622047243
11
8.1471500787401574
21
-3.004595748031496
0
LINE
8
BLACK
6
CONTINUOUS
10
8.1471500787401574
20
-3.004595748031496
11
8.1480035039370069
21
-3.0033184645669291
0
LINE
8
BLACK
6
CONTINUOUS
10
8.1480035039370069
20
-3.0033184645669291
11
8.1492807874015742
21
-3.0024650393700787
0
LINE
8
BLACK
6
CONTINUOUS
10
8.1492807874015742
20
-3.0024650393700787
11
8.150787401574803
21
-3.0021653543307085
0
LINE
8
BLACK
6
CONTINUOUS
10
8.150787401574803
20
-3.0021653543307085
11
8.1685039370078734
21
-3.0021653543307085
0
LINE
8
BLACK
6
CONTINUOUS
10
8.1685039370078734
20
-3.0021653543307085
11
8.1700105511811021
21
-3.0024650393700787
0
LINE
8
BLACK
6
CONTINUOUS
10
8.2448137007874021
20
-3.0024650393700787
11
8.2460909842519676
21
-3.0033184645669291
0
LINE
8
BLACK
6
CONTINUOUS
10
8.2460909842519676
20
-3.0033184645669291
11
8.2469444094488189
21
-3.004595748031496
0
LINE
8
BLACK
6
CONTINUOUS
10
8.2469444094488189
20
-3.004595748031496
11
8.2472440944881882
21
-3.0061023622047243
0
LINE
8
BLACK
6
CONTINUOUS
10
8.2472440944881882
20
-3.0061023622047243
11
8.2472440944881882
21
-3.0139763779527557
0
LINE
8
BLACK
6
CONTINUOUS
10
8.2472440944881882
20
-3.0139763779527557
11
8.2469444094488189
21
-3.015482992125984
0
LINE
8
BLACK
6
CONTINUOUS
10
8.2469444094488189
20
-3.015482992125984
11
8.2460909842519676
21
-3.0167602755905509
0
LINE
8
BLACK
6
CONTINUOUS
10
8.2460909842519676
20
-3.0167602755905509
11
8.2448137007874021
21
-3.0176137007874013
0
LINE
8
BLACK
6
CONTINUOUS
10
8.2448137007874021
20
-3.0176137007874013
11
8.2433070866141733
21
-3.0179133858267715
0
LINE
8
BLACK
6
CONTINUOUS
10
8.2433070866141733
20
-3.0179133858267715
11
8.2255905511811029
21
-3.0179133858267715
0
LINE
8
BLACK
6
CONTINUOUS
10
8.2255905511811029
20
-3.0179133858267715
11
8.2240839370078742
21
-3.0176137007874013
0
LINE
8
BLACK
6
CONTINUOUS
10
8.2240839370078742
20
-3.0176137007874013
11
8.2228066535433069
21
-3.0167602755905509
0
LINE
8
BLACK
6
CONTINUOUS
10
8.2228066535433069
20
-3.0167602755905509
11
8.2219532283464574
21
-3.015482992125984
0
LINE
8
BLACK
6
CONTINUOUS
10
8.2219532283464574
20
-3.015482992125984
11
8.2216535433070863
21
-3.0139763779527557
0
LINE
8
BLACK
6
CONTINUOUS
10
8.2216535433070863
20
-3.0139763779527557
11
8.2216535433070863
21
-3.0061023622047243
0
LINE
8
BLACK
6
CONTINUOUS
10
8.2216535433070863
20
-3.0061023622047243
11
8.2219532283464574
21
-3.004595748031496
0
LINE
8
BLACK
6
CONTINUOUS
10
8.2219532283464574
20
-3.004595748031496
11
8.2228066535433069
21
-3.0033184645669291
0
LINE
8
BLACK
6
CONTINUOUS
10
8.2228066535433069
20
-3.0033184645669291
11
8.2240839370078742
21
-3.0024650393700787
0
LINE
8
BLACK
6
CONTINUOUS
10
8.2240839370078742
20
-3.0024650393700787
11
8.2255905511811029
21
-3.0021653543307085
0
LINE
8
BLACK
6
CONTINUOUS
10
8.2255905511811029
20
-3.0021653543307085
11
8.2433070866141733
21
-3.0021653543307085
0
LINE
8
BLACK
6
CONTINUOUS
10
8.2433070866141733
20
-3.0021653543307085
11
8.2448137007874021
21
-3.0024650393700787
0
LINE
8
BLACK
6
CONTINUOUS
10
3.7598491338582676
20
-2.8072419291338582
11
3.7686624015748031
21
-2.8101055511811022
0
LINE
8
BLACK
6
CONTINUOUS
10
3.7686624015748031
20
-2.8101055511811022
11
3.776919212598425
21
-2.8143125984251967
0
LINE
8
BLACK
6
CONTINUOUS
10
3.776919212598425
20
-2.8143125984251967
11
3.784416220472441
21
-2.8197594881889763
0
LINE
8
BLACK
6
CONTINUOUS
10
3.784416220472441
20
-2.8197594881889763
11
3.7909688582677163
21
-2.8263121259842521
0
LINE
8
BLACK
6
CONTINUOUS
10
3.7909688582677163
20
-2.8263121259842521
11
3.796415748031496
21
-2.8338091338582676
0
LINE
8
BLACK
6
CONTINUOUS
10
3.796415748031496
20
-2.8338091338582676
11
3.8006227952755904
21
-2.8420659448818899
0
LINE
8
BLACK
6
CONTINUOUS
10
3.8006227952755904
20
-2.8420659448818899
11
3.8034864173228344
21
-2.850879212598425
0
LINE
8
BLACK
6
CONTINUOUS
10
3.8034864173228344
20
-2.850879212598425
11
3.8049360629921258
21
-2.8600319291338581
0
LINE
8
BLACK
6
CONTINUOUS
10
3.8049360629921258
20
-2.8600319291338581
11
3.8051181102362204
21
-2.8646653543307088
0
LINE
8
BLACK
6
CONTINUOUS
10
3.8051181102362204
20
-2.8646653543307088
11
3.8051181102362204
21
-2.9434055118110236
0
LINE
8
BLACK
6
CONTINUOUS
10
3.8051181102362204
20
-2.9434055118110236
11
3.8049360629921258
21
-2.9480389370078739
0
LINE
8
BLACK
6
CONTINUOUS
10
3.8049360629921258
20
-2.9480389370078739
11
3.8034864173228344
21
-2.9571916535433069
0
LINE
8
BLACK
6
CONTINUOUS
10
3.8034864173228344
20
-2.9571916535433069
11
3.8006227952755904
21
-2.9660049212598425
0
LINE
8
BLACK
6
CONTINUOUS
10
3.8006227952755904
20
-2.9660049212598425
11
3.796415748031496
21
-2.9742617322834644
0
LINE
8
BLACK
6
CONTINUOUS
10
3.796415748031496
20
-2.9742617322834644
11
3.7909688582677163
21
-2.9817587401574803
0
LINE
8
BLACK
6
CONTINUOUS
10
3.7909688582677163
20
-2.9817587401574803
11
3.784416220472441
21
-2.9883113779527557
0
LINE
8
BLACK
6
CONTINUOUS
10
3.784416220472441
20
-2.9883113779527557
11
3.776919212598425
21
-2.9937582677165353
0
LINE
8
BLACK
6
CONTINUOUS
10
3.776919212598425
20
-2.9937582677165353
11
3.7686624015748031
21
-2.9979653149606298
0
LINE
8
BLACK
6
CONTINUOUS
10
3.7686624015748031
20
-2.9979653149606298
11
3.7598491338582676
21
-3.0008289370078738
0
LINE
8
BLACK
6
CONTINUOUS
10
3.7598491338582676
20
-3.0008289370078738
11
3.7506964173228345
21
-3.0022785826771652
0
LINE
8
BLACK
6
CONTINUOUS
10
3.7506964173228345
20
-3.0022785826771652
11
3.741429566929134
21
-3.0022785826771652
0
LINE
8
BLACK
6
CONTINUOUS
10
3.741429566929134
20
-3.0022785826771652
11
3.7322768503937005
21
-3.0008289370078738
0
LINE
8
BLACK
6
CONTINUOUS
10
3.7322768503937005
20
-3.0008289370078738
11
3.7234635826771654
21
-2.9979653149606298
0
LINE
8
BLACK
6
CONTINUOUS
10
3.7234635826771654
20
-2.9979653149606298
11
3.7152067716535431
21
-2.9937582677165353
0
LINE
8
BLACK
6
CONTINUOUS
10
3.7152067716535431
20
-2.9937582677165353
11
3.7077097637795275
21
-2.9883113779527557
0
LINE
8
BLACK
6
CONTINUOUS
10
3.7077097637795275
20
-2.9883113779527557
11
3.7011571259842517
21
-2.9817587401574803
0
LINE
8
BLACK
6
CONTINUOUS
10
3.7011571259842517
20
-2.9817587401574803
11
3.6957102362204726
21
-2.9742617322834644
0
LINE
8
BLACK
6
CONTINUOUS
10
3.6957102362204726
20
-2.9742617322834644
11
3.6915031889763781
21
-2.9660049212598425
0
LINE
8
BLACK
6
CONTINUOUS
10
3.6915031889763781
20
-2.9660049212598425
11
3.6886395669291336
21
-2.9571916535433069
0
LINE
8
BLACK
6
CONTINUOUS
10
3.6886395669291336
20
-2.9571916535433069
11
3.6871899212598422
21
-2.9480389370078739
0
LINE
8
BLACK
6
CONTINUOUS
10
3.6871899212598422
20
-2.9480389370078739
11
3.6870078740157481
21
-2.9434055118110236
0
LINE
8
BLACK
6
CONTINUOUS
10
3.6870078740157481
20
-2.9434055118110236
11
3.6870078740157481
21
-2.8646653543307088
0
LINE
8
BLACK
6
CONTINUOUS
10
3.6870078740157481
20
-2.8646653543307088
11
3.6871899212598422
21
-2.8600319291338581
0
LINE
8
BLACK
6
CONTINUOUS
10
3.6871899212598422
20
-2.8600319291338581
11
3.6886395669291336
21
-2.850879212598425
0
LINE
8
BLACK
6
CONTINUOUS
10
3.6886395669291336
20
-2.850879212598425
11
3.6915031889763781
21
-2.8420659448818899
0
LINE
8
BLACK
6
CONTINUOUS
10
3.6915031889763781
20
-2.8420659448818899
11
3.6957102362204726
21
-2.8338091338582676
0
LINE
8
BLACK
6
CONTINUOUS
10
3.6957102362204726
20
-2.8338091338582676
11
3.7011571259842517
21
-2.8263121259842521
0
LINE
8
BLACK
6
CONTINUOUS
10
3.7011571259842517
20
-2.8263121259842521
11
3.7077097637795275
21
-2.8197594881889763
0
LINE
8
BLACK
6
CONTINUOUS
10
3.7077097637795275
20
-2.8197594881889763
11
3.7152067716535431
21
-2.8143125984251967
0
LINE
8
BLACK
6
CONTINUOUS
10
3.7152067716535431
20
-2.8143125984251967
11
3.7234635826771654
21
-2.8101055511811022
0
LINE
8
BLACK
6
CONTINUOUS
10
3.7234635826771654
20
-2.8101055511811022
11
3.7322768503937005
21
-2.8072419291338582
0
LINE
8
BLACK
6
CONTINUOUS
10
3.7322768503937005
20
-2.8072419291338582
11
3.741429566929134
21
-2.8057922834645668
0
LINE
8
BLACK
6
CONTINUOUS
10
3.741429566929134
20
-2.8057922834645668
11
3.7506964173228345
21
-2.8057922834645668
0
LINE
8
BLACK
6
CONTINUOUS
10
3.7506964173228345
20
-2.8057922834645668
11
3.7598491338582676
21
-2.8072419291338582
0
LINE
8
BLACK
6
CONTINUOUS
10
7.4901574803149602
20
-2.9714566929133857
11
7.4645669291338583
21
-2.9714566929133857
0
LINE
8
BLACK
6
CONTINUOUS
10
7.4645669291338583
20
-2.9714566929133857
11
7.4645669291338583
21
-2.9301181102362204
0
LINE
8
BLACK
6
CONTINUOUS
10
7.4645669291338583
20
-2.9301181102362204
11
7.4901574803149602
21
-2.9301181102362204
0
LINE
8
BLACK
6
CONTINUOUS
10
7.4901574803149602
20
-2.9301181102362204
11
7.4901574803149602
21
-2.9714566929133857
0
LINE
8
BLACK
6
CONTINUOUS
10
7.4055118110236222
20
-2.9704724409448819
11
7.3799212598425195
21
-2.9704724409448819
0
LINE
8
BLACK
6
CONTINUOUS
10
7.3799212598425195
20
-2.9704724409448819
11
7.3799212598425195
21
-2.9291338582677167
0
LINE
8
BLACK
6
CONTINUOUS
10
7.3799212598425195
20
-2.9291338582677167
11
7.4055118110236222
21
-2.9291338582677167
0
LINE
8
BLACK
6
CONTINUOUS
10
7.4055118110236222
20
-2.9291338582677167
11
7.4055118110236222
21
-2.9704724409448819
0
LINE
8
BLACK
6
CONTINUOUS
10
5.511783503937008
20
-2.7820837401574803
11
5.5170199999999996
21
-2.7841487401574803
0
LINE
8
BLACK
6
CONTINUOUS
10
5.5170199999999996
20
-2.7841487401574803
11
5.5215051574803145
21
-2.7875499606299212
0
LINE
8
BLACK
6
CONTINUOUS
10
5.5215051574803145
20
-2.7875499606299212
11
5.5249063779527559
21
-2.7920351181102361
0
LINE
8
BLACK
6
CONTINUOUS
10
5.5249063779527559
20
-2.7920351181102361
11
5.5269713779527558
21
-2.7972716141732281
0
LINE
8
BLACK
6
CONTINUOUS
10
5.5269713779527558
20
-2.7972716141732281
11
5.5275590551181102
21
-2.8021653543307088
0
LINE
8
BLACK
6
CONTINUOUS
10
5.5275590551181102
20
-2.8021653543307088
11
5.5275590551181102
21
-2.8986220472440944
0
LINE
8
BLACK
6
CONTINUOUS
10
5.5275590551181102
20
-2.8986220472440944
11
5.5269713779527558
21
-2.9035157874015747
0
LINE
8
BLACK
6
CONTINUOUS
10
5.5269713779527558
20
-2.9035157874015747
11
5.5249063779527559
21
-2.9087522834645667
0
LINE
8
BLACK
6
CONTINUOUS
10
5.5249063779527559
20
-2.9087522834645667
11
5.5215051574803145
21
-2.913237440944882
0
LINE
8
BLACK
6
CONTINUOUS
10
5.5215051574803145
20
-2.913237440944882
11
5.5170199999999996
21
-2.916638661417323
0
LINE
8
BLACK
6
CONTINUOUS
10
5.5170199999999996
20
-2.916638661417323
11
5.511783503937008
21
-2.918703661417323
0
LINE
8
BLACK
6
CONTINUOUS
10
5.511783503937008
20
-2.918703661417323
11
5.5068897637795278
21
-2.9192913385826773
0
LINE
8
BLACK
6
CONTINUOUS
10
5.5068897637795278
20
-2.9192913385826773
11
5.4025590551181102
21
-2.9192913385826773
0
LINE
8
BLACK
6
CONTINUOUS
10
5.4025590551181102
20
-2.9192913385826773
11
5.39766531496063
21
-2.918703661417323
0
LINE
8
BLACK
6
CONTINUOUS
10
5.39766531496063
20
-2.918703661417323
11
5.3924288188976375
21
-2.916638661417323
0
LINE
8
BLACK
6
CONTINUOUS
10
5.3924288188976375
20
-2.916638661417323
11
5.3879436614173226
21
-2.913237440944882
0
LINE
8
BLACK
6
CONTINUOUS
10
5.3879436614173226
20
-2.913237440944882
11
5.3845424409448821
21
-2.9087522834645667
0
LINE
8
BLACK
6
CONTINUOUS
10
5.3845424409448821
20
-2.9087522834645667
11
5.3824774409448821
21
-2.9035157874015747
0
LINE
8
BLACK
6
CONTINUOUS
10
5.3824774409448821
20
-2.9035157874015747
11
5.3818897637795278
21
-2.8986220472440944
0
LINE
8
BLACK
6
CONTINUOUS
10
5.3818897637795278
20
-2.8986220472440944
11
5.3818897637795278
21
-2.8021653543307088
0
LINE
8
BLACK
6
CONTINUOUS
10
5.3818897637795278
20
-2.8021653543307088
11
5.3824774409448821
21
-2.7972716141732281
0
LINE
8
BLACK
6
CONTINUOUS
10
5.3824774409448821
20
-2.7972716141732281
11
5.3845424409448821
21
-2.7920351181102361
0
LINE
8
BLACK
6
CONTINUOUS
10
5.3845424409448821
20
-2.7920351181102361
11
5.3879436614173226
21
-2.7875499606299212
0
LINE
8
BLACK
6
CONTINUOUS
10
5.3879436614173226
20
-2.7875499606299212
11
5.3924288188976375
21
-2.7841487401574803
0
LINE
8
BLACK
6
CONTINUOUS
10
5.3924288188976375
20
-2.7841487401574803
11
5.39766531496063
21
-2.7820837401574803
0
LINE
8
BLACK
6
CONTINUOUS
10
5.39766531496063
20
-2.7820837401574803
11
5.4025590551181102
21
-2.7814960629921259
0
LINE
8
BLACK
6
CONTINUOUS
10
5.4025590551181102
20
-2.7814960629921259
11
5.5068897637795278
21
-2.7814960629921259
0
LINE
8
BLACK
6
CONTINUOUS
10
5.5068897637795278
20
-2.7814960629921259
11
5.511783503937008
21
-2.7820837401574803
0
LINE
8
BLACK
6
CONTINUOUS
10
4.4795341732283465
20
-2.62023405511811
11
4.4883474409448816
21
-2.6230976771653545
0
LINE
8
BLACK
6
CONTINUOUS
10
4.4883474409448816
20
-2.6230976771653545
11
4.4966042519685034
21
-2.627304724409449
0
LINE
8
BLACK
6
CONTINUOUS
10
4.4966042519685034
20
-2.627304724409449
11
4.5041012598425194
21
-2.6327516141732281
0
LINE
8
BLACK
6
CONTINUOUS
10
4.5041012598425194
20
-2.6327516141732281
11
4.5106538976377948
21
-2.6393042519685039
0
LINE
8
BLACK
6
CONTINUOUS
10
4.5106538976377948
20
-2.6393042519685039
11
4.5161007874015748
21
-2.6468012598425195
0
LINE
8
BLACK
6
CONTINUOUS
10
4.5161007874015748
20
-2.6468012598425195
11
4.5203078346456689
21
-2.6550580708661418
0
LINE
8
BLACK
6
CONTINUOUS
10
4.5203078346456689
20
-2.6550580708661418
11
4.5231714566929133
21
-2.6638713385826769
0
LINE
8
BLACK
6
CONTINUOUS
10
4.5231714566929133
20
-2.6638713385826769
11
4.5246211023622047
21
-2.6730240551181104
0
LINE
8
BLACK
6
CONTINUOUS
10
4.5246211023622047
20
-2.6730240551181104
11
4.5248031496062993
21
-2.6776574803149606
0
LINE
8
BLACK
6
CONTINUOUS
10
4.5248031496062993
20
-2.6776574803149606
11
4.5248031496062993
21
-2.8154527559055116
0
LINE
8
BLACK
6
CONTINUOUS
10
4.5248031496062993
20
-2.8154527559055116
11
4.5246211023622047
21
-2.8200861811023623
0
LINE
8
BLACK
6
CONTINUOUS
10
4.5246211023622047
20
-2.8200861811023623
11
4.5231714566929133
21
-2.8292388976377953
0
LINE
8
BLACK
6
CONTINUOUS
10
4.5231714566929133
20
-2.8292388976377953
11
4.5203078346456689
21
-2.8380521653543305
0
LINE
8
BLACK
6
CONTINUOUS
10
4.5203078346456689
20
-2.8380521653543305
11
4.5161007874015748
21
-2.8463089763779528
0
LINE
8
BLACK
6
CONTINUOUS
10
4.5161007874015748
20
-2.8463089763779528
11
4.5106538976377948
21
-2.8538059842519683
0
LINE
8
BLACK
6
CONTINUOUS
10
4.5106538976377948
20
-2.8538059842519683
11
4.5041012598425194
21
-2.8603586220472441
0
LINE
8
BLACK
6
CONTINUOUS
10
4.5041012598425194
20
-2.8603586220472441
11
4.4966042519685034
21
-2.8658055118110237
0
LINE
8
BLACK
6
CONTINUOUS
10
4.4966042519685034
20
-2.8658055118110237
11
4.4883474409448816
21
-2.8700125590551182
0
LINE
8
BLACK
6
CONTINUOUS
10
4.4883474409448816
20
-2.8700125590551182
11
4.4795341732283465
21
-2.8728761811023622
0
LINE
8
BLACK
6
CONTINUOUS
10
4.4795341732283465
20
-2.8728761811023622
11
4.4703814566929134
21
-2.8743258267716536
0
LINE
8
BLACK
6
CONTINUOUS
10
4.4703814566929134
20
-2.8743258267716536
11
4.4611146062992129
21
-2.8743258267716536
0
LINE
8
BLACK
6
CONTINUOUS
10
4.4611146062992129
20
-2.8743258267716536
11
4.4519618897637798
21
-2.8728761811023622
0
LINE
8
BLACK
6
CONTINUOUS
10
4.4519618897637798
20
-2.8728761811023622
11
4.4431486220472438
21
-2.8700125590551182
0
LINE
8
BLACK
6
CONTINUOUS
10
4.4431486220472438
20
-2.8700125590551182
11
4.434891811023622
21
-2.8658055118110237
0
LINE
8
BLACK
6
CONTINUOUS
10
4.434891811023622
20
-2.8658055118110237
11
4.427394803149606
21
-2.8603586220472441
0
LINE
8
BLACK
6
CONTINUOUS
10
4.427394803149606
20
-2.8603586220472441
11
4.4208421653543306
21
-2.8538059842519683
0
LINE
8
BLACK
6
CONTINUOUS
10
4.4208421653543306
20
-2.8538059842519683
11
4.4153952755905514
21
-2.8463089763779528
0
LINE
8
BLACK
6
CONTINUOUS
10
4.4153952755905514
20
-2.8463089763779528
11
4.4111882283464565
21
-2.8380521653543305
0
LINE
8
BLACK
6
CONTINUOUS
10
4.4111882283464565
20
-2.8380521653543305
11
4.4083246062992121
21
-2.8292388976377953
0
LINE
8
BLACK
6
CONTINUOUS
10
4.4083246062992121
20
-2.8292388976377953
11
4.4068749606299216
21
-2.8200861811023623
0
LINE
8
BLACK
6
CONTINUOUS
10
4.4068749606299216
20
-2.8200861811023623
11
4.406692913385827
21
-2.8154527559055116
0
LINE
8
BLACK
6
CONTINUOUS
10
4.406692913385827
20
-2.8154527559055116
11
4.406692913385827
21
-2.6776574803149606
0
LINE
8
BLACK
6
CONTINUOUS
10
4.406692913385827
20
-2.6776574803149606
11
4.4068749606299216
21
-2.6730240551181104
0
LINE
8
BLACK
6
CONTINUOUS
10
4.4068749606299216
20
-2.6730240551181104
11
4.4083246062992121
21
-2.6638713385826769
0
LINE
8
BLACK
6
CONTINUOUS
10
4.4083246062992121
20
-2.6638713385826769
11
4.4111882283464565
21
-2.6550580708661418
0
LINE
8
BLACK
6
CONTINUOUS
10
4.4111882283464565
20
-2.6550580708661418
11
4.4153952755905514
21
-2.6468012598425195
0
LINE
8
BLACK
6
CONTINUOUS
10
4.4153952755905514
20
-2.6468012598425195
11
4.4208421653543306
21
-2.6393042519685039
0
LINE
8
BLACK
6
CONTINUOUS
10
4.4208421653543306
20
-2.6393042519685039
11
4.427394803149606
21
-2.6327516141732281
0
LINE
8
BLACK
6
CONTINUOUS
10
4.427394803149606
20
-2.6327516141732281
11
4.434891811023622
21
-2.627304724409449
0
LINE
8
BLACK
6
CONTINUOUS
10
4.434891811023622
20
-2.627304724409449
11
4.4431486220472438
21
-2.6230976771653545
0
LINE
8
BLACK
6
CONTINUOUS
10
4.4431486220472438
20
-2.6230976771653545
11
4.4519618897637798
21
-2.62023405511811
0
LINE
8
BLACK
6
CONTINUOUS
10
4.4519618897637798
20
-2.62023405511811
11
4.4611146062992129
21
-2.6187844094488186
0
LINE
8
BLACK
6
CONTINUOUS
10
4.4611146062992129
20
-2.6187844094488186
11
4.4703814566929134
21
-2.6187844094488186
0
LINE
8
BLACK
6
CONTINUOUS
10
4.4703814566929134
20
-2.6187844094488186
11
4.4795341732283465
21
-2.62023405511811
0
LINE
8
BLACK
6
CONTINUOUS
10
4.7913451968503935
20
-2.62023405511811
11
4.8001584645669286
21
-2.6230976771653545
0
LINE
8
BLACK
6
CONTINUOUS
10
4.8001584645669286
20
-2.6230976771653545
11
4.8084152755905514
21
-2.627304724409449
0
LINE
8
BLACK
6
CONTINUOUS
10
4.8084152755905514
20
-2.627304724409449
11
4.8159122834645665
21
-2.6327516141732281
0
LINE
8
BLACK
6
CONTINUOUS
10
4.8159122834645665
20
-2.6327516141732281
11
4.8224649212598427
21
-2.6393042519685039
0
LINE
8
BLACK
6
CONTINUOUS
10
4.8224649212598427
20
-2.6393042519685039
11
4.8279118110236219
21
-2.6468012598425195
0
LINE
8
BLACK
6
CONTINUOUS
10
4.8279118110236219
20
-2.6468012598425195
11
4.8321188582677168
21
-2.6550580708661418
0
LINE
8
BLACK
6
CONTINUOUS
10
4.8321188582677168
20
-2.6550580708661418
11
4.8349824803149604
21
-2.6638713385826769
0
LINE
8
BLACK
6
CONTINUOUS
10
4.8349824803149604
20
-2.6638713385826769
11
4.8364321259842518
21
-2.6730240551181104
0
LINE
8
BLACK
6
CONTINUOUS
10
4.8364321259842518
20
-2.6730240551181104
11
4.8366141732283463
21
-2.6776574803149606
0
LINE
8
BLACK
6
CONTINUOUS
10
4.8366141732283463
20
-2.6776574803149606
11
4.8366141732283463
21
-2.8154527559055116
0
LINE
8
BLACK
6
CONTINUOUS
10
4.8366141732283463
20
-2.8154527559055116
11
4.8364321259842518
21
-2.8200861811023623
0
LINE
8
BLACK
6
CONTINUOUS
10
4.8364321259842518
20
-2.8200861811023623
11
4.8349824803149604
21
-2.8292388976377953
0
LINE
8
BLACK
6
CONTINUOUS
10
4.8349824803149604
20
-2.8292388976377953
11
4.8321188582677168
21
-2.8380521653543305
0
LINE
8
BLACK
6
CONTINUOUS
10
4.8321188582677168
20
-2.8380521653543305
11
4.8279118110236219
21
-2.8463089763779528
0
LINE
8
BLACK
6
CONTINUOUS
10
4.8279118110236219
20
-2.8463089763779528
11
4.8224649212598427
21
-2.8538059842519683
0
LINE
8
BLACK
6
CONTINUOUS
10
4.8224649212598427
20
-2.8538059842519683
11
4.8159122834645665
21
-2.8603586220472441
0
LINE
8
BLACK
6
CONTINUOUS
10
4.8159122834645665
20
-2.8603586220472441
11
4.8084152755905514
21
-2.8658055118110237
0
LINE
8
BLACK
6
CONTINUOUS
10
4.8084152755905514
20
-2.8658055118110237
11
4.8001584645669286
21
-2.8700125590551182
0
LINE
8
BLACK
6
CONTINUOUS
10
4.8001584645669286
20
-2.8700125590551182
11
4.7913451968503935
21
-2.8728761811023622
0
LINE
8
BLACK
6
CONTINUOUS
10
4.7913451968503935
20
-2.8728761811023622
11
4.7821924803149605
21
-2.8743258267716536
0
LINE
8
BLACK
6
CONTINUOUS
10
4.7821924803149605
20
-2.8743258267716536
11
4.7729256299212599
21
-2.8743258267716536
0
LINE
8
BLACK
6
CONTINUOUS
10
4.7729256299212599
20
-2.8743258267716536
11
4.7637729133858269
21
-2.8728761811023622
0
LINE
8
BLACK
6
CONTINUOUS
10
4.7637729133858269
20
-2.8728761811023622
11
4.7549596456692909
21
-2.8700125590551182
0
LINE
8
BLACK
6
CONTINUOUS
10
4.7549596456692909
20
-2.8700125590551182
11
4.746702834645669
21
-2.8658055118110237
0
LINE
8
BLACK
6
CONTINUOUS
10
4.746702834645669
20
-2.8658055118110237
11
4.739205826771653
21
-2.8603586220472441
0
LINE
8
BLACK
6
CONTINUOUS
10
4.739205826771653
20
-2.8603586220472441
11
4.7326531889763777
21
-2.8538059842519683
0
LINE
8
BLACK
6
CONTINUOUS
10
4.7326531889763777
20
-2.8538059842519683
11
4.7272062992125985
21
-2.8463089763779528
0
LINE
8
BLACK
6
CONTINUOUS
10
4.7272062992125985
20
-2.8463089763779528
11
4.7229992519685036
21
-2.8380521653543305
0
LINE
8
BLACK
6
CONTINUOUS
10
4.7229992519685036
20
-2.8380521653543305
11
4.72013562992126
21
-2.8292388976377953
0
LINE
8
BLACK
6
CONTINUOUS
10
4.72013562992126
20
-2.8292388976377953
11
4.7186859842519686
21
-2.8200861811023623
0
LINE
8
BLACK
6
CONTINUOUS
10
4.7186859842519686
20
-2.8200861811023623
11
4.7185039370078741
21
-2.8154527559055116
0
LINE
8
BLACK
6
CONTINUOUS
10
4.7185039370078741
20
-2.8154527559055116
11
4.7185039370078741
21
-2.6776574803149606
0
LINE
8
BLACK
6
CONTINUOUS
10
4.7185039370078741
20
-2.6776574803149606
11
4.7186859842519686
21
-2.6730240551181104
0
LINE
8
BLACK
6
CONTINUOUS
10
4.7186859842519686
20
-2.6730240551181104
11
4.72013562992126
21
-2.6638713385826769
0
LINE
8
BLACK
6
CONTINUOUS
10
4.72013562992126
20
-2.6638713385826769
11
4.7229992519685036
21
-2.6550580708661418
0
LINE
8
BLACK
6
CONTINUOUS
10
4.7229992519685036
20
-2.6550580708661418
11
4.7272062992125985
21
-2.6468012598425195
0
LINE
8
BLACK
6
CONTINUOUS
10
4.7272062992125985
20
-2.6468012598425195
11
4.7326531889763777
21
-2.6393042519685039
0
LINE
8
BLACK
6
CONTINUOUS
10
4.7326531889763777
20
-2.6393042519685039
11
4.739205826771653
21
-2.6327516141732281
0
LINE
8
BLACK
6
CONTINUOUS
10
4.739205826771653
20
-2.6327516141732281
11
4.746702834645669
21
-2.627304724409449
0
LINE
8
BLACK
6
CONTINUOUS
10
4.746702834645669
20
-2.627304724409449
11
4.7549596456692909
21
-2.6230976771653545
0
LINE
8
BLACK
6
CONTINUOUS
10
4.7549596456692909
20
-2.6230976771653545
11
4.7637729133858269
21
-2.62023405511811
0
LINE
8
BLACK
6
CONTINUOUS
10
4.7637729133858269
20
-2.62023405511811
11
4.7729256299212599
21
-2.6187844094488186
0
LINE
8
BLACK
6
CONTINUOUS
10
4.7729256299212599
20
-2.6187844094488186
11
4.7821924803149605
21
-2.6187844094488186
0
LINE
8
BLACK
6
CONTINUOUS
10
4.7821924803149605
20
-2.6187844094488186
11
4.7913451968503935
21
-2.62023405511811
0
LINE
8
BLACK
6
CONTINUOUS
10
6.5389748818897635
20
-2.7816594881889762
11
6.5417688976377955
21
-2.7835263779527559
0
LINE
8
BLACK
6
CONTINUOUS
10
6.5417688976377955
20
-2.7835263779527559
11
6.5436357874015743
21
-2.7863203937007874
0
LINE
8
BLACK
6
CONTINUOUS
10
6.5436357874015743
20
-2.7863203937007874
11
6.5442913385826769
21
-2.7896161417322833
0
LINE
8
BLACK
6
CONTINUOUS
10
6.5442913385826769
20
-2.7896161417322833
11
6.5442913385826769
21
-2.8068405511811023
0
LINE
8
BLACK
6
CONTINUOUS
10
6.5442913385826769
20
-2.8068405511811023
11
6.5436357874015743
21
-2.8101362992125982
0
LINE
8
BLACK
6
CONTINUOUS
10
6.5436357874015743
20
-2.8101362992125982
11
6.5417688976377955
21
-2.8129303149606297
0
LINE
8
BLACK
6
CONTINUOUS
10
6.5417688976377955
20
-2.8129303149606297
11
6.5389748818897635
21
-2.8147972047244094
0
LINE
8
BLACK
6
CONTINUOUS
10
6.5389748818897635
20
-2.8147972047244094
11
6.5356791338582676
21
-2.8154527559055116
0
LINE
8
BLACK
6
CONTINUOUS
10
6.5356791338582676
20
-2.8154527559055116
11
6.515501968503937
21
-2.8154527559055116
0
LINE
8
BLACK
6
CONTINUOUS
10
6.515501968503937
20
-2.8154527559055116
11
6.5122062204724411
21
-2.8147972047244094
0
LINE
8
BLACK
6
CONTINUOUS
10
6.5122062204724411
20
-2.8147972047244094
11
6.5094122047244092
21
-2.8129303149606297
0
LINE
8
BLACK
6
CONTINUOUS
10
6.5094122047244092
20
-2.8129303149606297
11
6.5075453149606295
21
-2.8101362992125982
0
LINE
8
BLACK
6
CONTINUOUS
10
6.5075453149606295
20
-2.8101362992125982
11
6.5068897637795278
21
-2.8068405511811023
0
LINE
8
BLACK
6
CONTINUOUS
10
6.5068897637795278
20
-2.8068405511811023
11
6.5068897637795278
21
-2.7896161417322833
0
LINE
8
BLACK
6
CONTINUOUS
10
6.5068897637795278
20
-2.7896161417322833
11
6.5075453149606295
21
-2.7863203937007874
0
LINE
8
BLACK
6
CONTINUOUS
10
6.5075453149606295
20
-2.7863203937007874
11
6.5094122047244092
21
-2.7835263779527559
0
LINE
8
BLACK
6
CONTINUOUS
10
6.5094122047244092
20
-2.7835263779527559
11
6.5122062204724411
21
-2.7816594881889762
0
LINE
8
BLACK
6
CONTINUOUS
10
6.5122062204724411
20
-2.7816594881889762
11
6.515501968503937
21
-2.7810039370078741
0
LINE
8
BLACK
6
CONTINUOUS
10
6.515501968503937
20
-2.7810039370078741
11
6.5356791338582676
21
-2.7810039370078741
0
LINE
8
BLACK
6
CONTINUOUS
10
6.5356791338582676
20
-2.7810039370078741
11
6.5389748818897635
21
-2.7816594881889762
0
LINE
8
BLACK
6
CONTINUOUS
10
6.6059040157480311
20
-2.7816594881889762
11
6.6086980314960631
21
-2.7835263779527559
0
LINE
8
BLACK
6
CONTINUOUS
10
6.6086980314960631
20
-2.7835263779527559
11
6.6105649212598427
21
-2.7863203937007874
0
LINE
8
BLACK
6
CONTINUOUS
10
6.6105649212598427
20
-2.7863203937007874
11
6.6112204724409445
21
-2.7896161417322833
0
LINE
8
BLACK
6
CONTINUOUS
10
6.6112204724409445
20
-2.7896161417322833
11
6.6112204724409445
21
-2.8068405511811023
0
LINE
8
BLACK
6
CONTINUOUS
10
6.6112204724409445
20
-2.8068405511811023
11
6.6105649212598427
21
-2.8101362992125982
0
LINE
8
BLACK
6
CONTINUOUS
10
6.6105649212598427
20
-2.8101362992125982
11
6.6086980314960631
21
-2.8129303149606297
0
LINE
8
BLACK
6
CONTINUOUS
10
6.6086980314960631
20
-2.8129303149606297
11
6.6059040157480311
21
-2.8147972047244094
0
LINE
8
BLACK
6
CONTINUOUS
10
6.6059040157480311
20
-2.8147972047244094
11
6.6026082677165352
21
-2.8154527559055116
0
LINE
8
BLACK
6
CONTINUOUS
10
6.6026082677165352
20
-2.8154527559055116
11
6.5824311023622046
21
-2.8154527559055116
0
LINE
8
BLACK
6
CONTINUOUS
10
6.5824311023622046
20
-2.8154527559055116
11
6.5791353543307087
21
-2.8147972047244094
0
LINE
8
BLACK
6
CONTINUOUS
10
6.5791353543307087
20
-2.8147972047244094
11
6.5763413385826768
21
-2.8129303149606297
0
LINE
8
BLACK
6
CONTINUOUS
10
6.5763413385826768
20
-2.8129303149606297
11
6.5744744488188971
21
-2.8101362992125982
0
LINE
8
BLACK
6
CONTINUOUS
10
6.5744744488188971
20
-2.8101362992125982
11
6.5738188976377954
21
-2.8068405511811023
0
LINE
8
BLACK
6
CONTINUOUS
10
6.5738188976377954
20
-2.8068405511811023
11
6.5738188976377954
21
-2.7896161417322833
0
LINE
8
BLACK
6
CONTINUOUS
10
6.5738188976377954
20
-2.7896161417322833
11
6.5744744488188971
21
-2.7863203937007874
0
LINE
8
BLACK
6
CONTINUOUS
10
6.5744744488188971
20
-2.7863203937007874
11
6.5763413385826768
21
-2.7835263779527559
0
LINE
8
BLACK
6
CONTINUOUS
10
6.5763413385826768
20
-2.7835263779527559
11
6.5791353543307087
21
-2.7816594881889762
0
LINE
8
BLACK
6
CONTINUOUS
10
6.5791353543307087
20
-2.7816594881889762
11
6.5824311023622046
21
-2.7810039370078741
0
LINE
8
BLACK
6
CONTINUOUS
10
6.5824311023622046
20
-2.7810039370078741
11
6.6026082677165352
21
-2.7810039370078741
0
LINE
8
BLACK
6
CONTINUOUS
10
6.6026082677165352
20
-2.7810039370078741
11
6.6059040157480311
21
-2.7816594881889762
0
LINE
8
BLACK
6
CONTINUOUS
10
6.6728331496062987
20
-2.7816594881889762
11
6.6756271653543306
21
-2.7835263779527559
0
LINE
8
BLACK
6
CONTINUOUS
10
6.6756271653543306
20
-2.7835263779527559
11
6.6774940551181103
21
-2.7863203937007874
0
LINE
8
BLACK
6
CONTINUOUS
10
6.6774940551181103
20
-2.7863203937007874
11
6.6781496062992121
21
-2.7896161417322833
0
LINE
8
BLACK
6
CONTINUOUS
10
6.6781496062992121
20
-2.7896161417322833
11
6.6781496062992121
21
-2.8068405511811023
0
LINE
8
BLACK
6
CONTINUOUS
10
6.6781496062992121
20
-2.8068405511811023
11
6.6774940551181103
21
-2.8101362992125982
0
LINE
8
BLACK
6
CONTINUOUS
10
6.6774940551181103
20
-2.8101362992125982
11
6.6756271653543306
21
-2.8129303149606297
0
LINE
8
BLACK
6
CONTINUOUS
10
6.6756271653543306
20
-2.8129303149606297
11
6.6728331496062987
21
-2.8147972047244094
0
LINE
8
BLACK
6
CONTINUOUS
10
6.6728331496062987
20
-2.8147972047244094
11
6.6695374015748028
21
-2.8154527559055116
0
LINE
8
BLACK
6
CONTINUOUS
10
6.6695374015748028
20
-2.8154527559055116
11
6.6493602362204722
21
-2.8154527559055116
0
LINE
8
BLACK
6
CONTINUOUS
10
6.6493602362204722
20
-2.8154527559055116
11
6.6460644881889763
21
-2.8147972047244094
0
LINE
8
BLACK
6
CONTINUOUS
10
6.6460644881889763
20
-2.8147972047244094
11
6.6432704724409444
21
-2.8129303149606297
0
LINE
8
BLACK
6
CONTINUOUS
10
6.6432704724409444
20
-2.8129303149606297
11
6.6414035826771656
21
-2.8101362992125982
0
LINE
8
BLACK
6
CONTINUOUS
10
6.6414035826771656
20
-2.8101362992125982
11
6.640748031496063
21
-2.8068405511811023
0
LINE
8
BLACK
6
CONTINUOUS
10
6.640748031496063
20
-2.8068405511811023
11
6.640748031496063
21
-2.7896161417322833
0
LINE
8
BLACK
6
CONTINUOUS
10
6.640748031496063
20
-2.7896161417322833
11
6.6414035826771656
21
-2.7863203937007874
0
LINE
8
BLACK
6
CONTINUOUS
10
6.6414035826771656
20
-2.7863203937007874
11
6.6432704724409444
21
-2.7835263779527559
0
LINE
8
BLACK
6
CONTINUOUS
10
6.6432704724409444
20
-2.7835263779527559
11
6.6460644881889763
21
-2.7816594881889762
0
LINE
8
BLACK
6
CONTINUOUS
10
6.6460644881889763
20
-2.7816594881889762
11
6.6493602362204722
21
-2.7810039370078741
0
LINE
8
BLACK
6
CONTINUOUS
10
6.6493602362204722
20
-2.7810039370078741
11
6.6695374015748028
21
-2.7810039370078741
0
LINE
8
BLACK
6
CONTINUOUS
10
6.6695374015748028
20
-2.7810039370078741
11
6.6728331496062987
21
-2.7816594881889762
0
LINE
8
BLACK
6
CONTINUOUS
10
6.5389748818897635
20
-2.7196516141732281
11
6.5417688976377955
21
-2.7215185039370078
0
LINE
8
BLACK
6
CONTINUOUS
10
6.5417688976377955
20
-2.7215185039370078
11
6.5436357874015743
21
-2.7243125196850393
0
LINE
8
BLACK
6
CONTINUOUS
10
6.5436357874015743
20
-2.7243125196850393
11
6.5442913385826769
21
-2.7276082677165352
0
LINE
8
BLACK
6
CONTINUOUS
10
6.5442913385826769
20
-2.7276082677165352
11
6.5442913385826769
21
-2.7448326771653542
0
LINE
8
BLACK
6
CONTINUOUS
10
6.5442913385826769
20
-2.7448326771653542
11
6.5436357874015743
21
-2.7481284251968505
0
LINE
8
BLACK
6
CONTINUOUS
10
6.5436357874015743
20
-2.7481284251968505
11
6.5417688976377955
21
-2.750922440944882
0
LINE
8
BLACK
6
CONTINUOUS
10
6.5417688976377955
20
-2.750922440944882
11
6.5389748818897635
21
-2.7527893307086613
0
LINE
8
BLACK
6
CONTINUOUS
10
6.5389748818897635
20
-2.7527893307086613
11
6.5356791338582676
21
-2.7534448818897639
0
LINE
8
BLACK
6
CONTINUOUS
10
6.5356791338582676
20
-2.7534448818897639
11
6.515501968503937
21
-2.7534448818897639
0
LINE
8
BLACK
6
CONTINUOUS
10
6.515501968503937
20
-2.7534448818897639
11
6.5122062204724411
21
-2.7527893307086613
0
LINE
8
BLACK
6
CONTINUOUS
10
6.5122062204724411
20
-2.7527893307086613
11
6.5094122047244092
21
-2.750922440944882
0
LINE
8
BLACK
6
CONTINUOUS
10
6.5094122047244092
20
-2.750922440944882
11
6.5075453149606295
21
-2.7481284251968505
0
LINE
8
BLACK
6
CONTINUOUS
10
6.5075453149606295
20
-2.7481284251968505
11
6.5068897637795278
21
-2.7448326771653542
0
LINE
8
BLACK
6
CONTINUOUS
10
6.5068897637795278
20
-2.7448326771653542
11
6.5068897637795278
21
-2.7276082677165352
0
LINE
8
BLACK
6
CONTINUOUS
10
6.5068897637795278
20
-2.7276082677165352
11
6.5075453149606295
21
-2.7243125196850393
0
LINE
8
BLACK
6
CONTINUOUS
10
6.5075453149606295
20
-2.7243125196850393
11
6.5094122047244092
21
-2.7215185039370078
0
LINE
8
BLACK
6
CONTINUOUS
10
6.5094122047244092
20
-2.7215185039370078
11
6.5122062204724411
21
-2.7196516141732281
0
LINE
8
BLACK
6
CONTINUOUS
10
6.5122062204724411
20
-2.7196516141732281
11
6.515501968503937
21
-2.7189960629921259
0
LINE
8
BLACK
6
CONTINUOUS
10
6.515501968503937
20
-2.7189960629921259
11
6.5356791338582676
21
-2.7189960629921259
0
LINE
8
BLACK
6
CONTINUOUS
10
6.5356791338582676
20
-2.7189960629921259
11
6.5389748818897635
21
-2.7196516141732281
0
LINE
8
BLACK
6
CONTINUOUS
10
6.6059040157480311
20
-2.7196516141732281
11
6.6086980314960631
21
-2.7215185039370078
0
LINE
8
BLACK
6
CONTINUOUS
10
6.6086980314960631
20
-2.7215185039370078
11
6.6105649212598427
21
-2.7243125196850393
0
LINE
8
BLACK
6
CONTINUOUS
10
6.6105649212598427
20
-2.7243125196850393
11
6.6112204724409445
21
-2.7276082677165352
0
LINE
8
BLACK
6
CONTINUOUS
10
6.6112204724409445
20
-2.7276082677165352
11
6.6112204724409445
21
-2.7448326771653542
0
LINE
8
BLACK
6
CONTINUOUS
10
6.6112204724409445
20
-2.7448326771653542
11
6.6105649212598427
21
-2.7481284251968505
0
LINE
8
BLACK
6
CONTINUOUS
10
6.6105649212598427
20
-2.7481284251968505
11
6.6086980314960631
21
-2.750922440944882
0
LINE
8
BLACK
6
CONTINUOUS
10
6.6086980314960631
20
-2.750922440944882
11
6.6059040157480311
21
-2.7527893307086613
0
LINE
8
BLACK
6
CONTINUOUS
10
6.6059040157480311
20
-2.7527893307086613
11
6.6026082677165352
21
-2.7534448818897639
0
LINE
8
BLACK
6
CONTINUOUS
10
6.6026082677165352
20
-2.7534448818897639
11
6.5824311023622046
21
-2.7534448818897639
0
LINE
8
BLACK
6
CONTINUOUS
10
6.5824311023622046
20
-2.7534448818897639
11
6.5791353543307087
21
-2.7527893307086613
0
LINE
8
BLACK
6
CONTINUOUS
10
6.5791353543307087
20
-2.7527893307086613
11
6.5763413385826768
21
-2.750922440944882
0
LINE
8
BLACK
6
CONTINUOUS
10
6.5763413385826768
20
-2.750922440944882
11
6.5744744488188971
21
-2.7481284251968505
0
LINE
8
BLACK
6
CONTINUOUS
10
6.5744744488188971
20
-2.7481284251968505
11
6.5738188976377954
21
-2.7448326771653542
0
LINE
8
BLACK
6
CONTINUOUS
10
6.5738188976377954
20
-2.7448326771653542
11
6.5738188976377954
21
-2.7276082677165352
0
LINE
8
BLACK
6
CONTINUOUS
10
6.5738188976377954
20
-2.7276082677165352
11
6.5744744488188971
21
-2.7243125196850393
0
LINE
8
BLACK
6
CONTINUOUS
10
6.5744744488188971
20
-2.7243125196850393
11
6.5763413385826768
21
-2.7215185039370078
0
LINE
8
BLACK
6
CONTINUOUS
10
6.5763413385826768
20
-2.7215185039370078
11
6.5791353543307087
21
-2.7196516141732281
0
LINE
8
BLACK
6
CONTINUOUS
10
6.5791353543307087
20
-2.7196516141732281
11
6.5824311023622046
21
-2.7189960629921259
0
LINE
8
BLACK
6
CONTINUOUS
10
6.5824311023622046
20
-2.7189960629921259
11
6.6026082677165352
21
-2.7189960629921259
0
LINE
8
BLACK
6
CONTINUOUS
10
6.6026082677165352
20
-2.7189960629921259
11
6.6059040157480311
21
-2.7196516141732281
0
LINE
8
BLACK
6
CONTINUOUS
10
6.6728331496062987
20
-2.7196516141732281
11
6.6756271653543306
21
-2.7215185039370078
0
LINE
8
BLACK
6
CONTINUOUS
10
6.6756271653543306
20
-2.7215185039370078
11
6.6774940551181103
21
-2.7243125196850393
0
LINE
8
BLACK
6
CONTINUOUS
10
6.6774940551181103
20
-2.7243125196850393
11
6.6781496062992121
21
-2.7276082677165352
0
LINE
8
BLACK
6
CONTINUOUS
10
6.6781496062992121
20
-2.7276082677165352
11
6.6781496062992121
21
-2.7448326771653542
0
LINE
8
BLACK
6
CONTINUOUS
10
6.6781496062992121
20
-2.7448326771653542
11
6.6774940551181103
21
-2.7481284251968505
0
LINE
8
BLACK
6
CONTINUOUS
10
6.6774940551181103
20
-2.7481284251968505
11
6.6756271653543306
21
-2.750922440944882
0
LINE
8
BLACK
6
CONTINUOUS
10
6.6756271653543306
20
-2.750922440944882
11
6.6728331496062987
21
-2.7527893307086613
0
LINE
8
BLACK
6
CONTINUOUS
10
6.6728331496062987
20
-2.7527893307086613
11
6.6695374015748028
21
-2.7534448818897639
0
LINE
8
BLACK
6
CONTINUOUS
10
6.6695374015748028
20
-2.7534448818897639
11
6.6493602362204722
21
-2.7534448818897639
0
LINE
8
BLACK
6
CONTINUOUS
10
6.6493602362204722
20
-2.7534448818897639
11
6.6460644881889763
21
-2.7527893307086613
0
LINE
8
BLACK
6
CONTINUOUS
10
6.6460644881889763
20
-2.7527893307086613
11
6.6432704724409444
21
-2.750922440944882
0
LINE
8
BLACK
6
CONTINUOUS
10
6.6432704724409444
20
-2.750922440944882
11
6.6414035826771656
21
-2.7481284251968505
0
LINE
8
BLACK
6
CONTINUOUS
10
6.6414035826771656
20
-2.7481284251968505
11
6.640748031496063
21
-2.7448326771653542
0
LINE
8
BLACK
6
CONTINUOUS
10
6.640748031496063
20
-2.7448326771653542
11
6.640748031496063
21
-2.7276082677165352
0
LINE
8
BLACK
6
CONTINUOUS
10
6.640748031496063
20
-2.7276082677165352
11
6.6414035826771656
21
-2.7243125196850393
0
LINE
8
BLACK
6
CONTINUOUS
10
6.6414035826771656
20
-2.7243125196850393
11
6.6432704724409444
21
-2.7215185039370078
0
LINE
8
BLACK
6
CONTINUOUS
10
6.6432704724409444
20
-2.7215185039370078
11
6.6460644881889763
21
-2.7196516141732281
0
LINE
8
BLACK
6
CONTINUOUS
10
6.6460644881889763
20
-2.7196516141732281
11
6.6493602362204722
21
-2.7189960629921259
0
LINE
8
BLACK
6
CONTINUOUS
10
6.6493602362204722
20
-2.7189960629921259
11
6.6695374015748028
21
-2.7189960629921259
0
LINE
8
BLACK
6
CONTINUOUS
10
6.6695374015748028
20
-2.7189960629921259
11
6.6728331496062987
21
-2.7196516141732281
0
LINE
8
BLACK
6
CONTINUOUS
10
6.4070851181102357
20
-2.7034114566929133
11
6.4098791338582677
21
-2.705278346456693
0
LINE
8
BLACK
6
CONTINUOUS
10
6.4098791338582677
20
-2.705278346456693
11
6.4117460236220474
21
-2.7080723622047245
0
LINE
8
BLACK
6
CONTINUOUS
10
6.4117460236220474
20
-2.7080723622047245
11
6.4124015748031491
21
-2.7113681102362204
0
LINE
8
BLACK
6
CONTINUOUS
10
6.4124015748031491
20
-2.7113681102362204
11
6.4124015748031491
21
-2.7285925196850394
0
LINE
8
BLACK
6
CONTINUOUS
10
6.4124015748031491
20
-2.7285925196850394
11
6.4117460236220474
21
-2.7318882677165353
0
LINE
8
BLACK
6
CONTINUOUS
10
6.4117460236220474
20
-2.7318882677165353
11
6.4098791338582677
21
-2.7346822834645668
0
LINE
8
BLACK
6
CONTINUOUS
10
6.4098791338582677
20
-2.7346822834645668
11
6.4070851181102357
21
-2.7365491732283465
0
LINE
8
BLACK
6
CONTINUOUS
10
6.4070851181102357
20
-2.7365491732283465
11
6.4037893700787398
21
-2.7372047244094486
0
LINE
8
BLACK
6
CONTINUOUS
10
6.4037893700787398
20
-2.7372047244094486
11
6.3836122047244093
21
-2.7372047244094486
0
LINE
8
BLACK
6
CONTINUOUS
10
6.3836122047244093
20
-2.7372047244094486
11
6.3803164566929134
21
-2.7365491732283465
0
LINE
8
BLACK
6
CONTINUOUS
10
6.3803164566929134
20
-2.7365491732283465
11
6.3775224409448814
21
-2.7346822834645668
0
LINE
8
BLACK
6
CONTINUOUS
10
6.3775224409448814
20
-2.7346822834645668
11
6.3756555511811026
21
-2.7318882677165353
0
LINE
8
BLACK
6
CONTINUOUS
10
6.3756555511811026
20
-2.7318882677165353
11
6.375
21
-2.7285925196850394
0
LINE
8
BLACK
6
CONTINUOUS
10
6.375
20
-2.7285925196850394
11
6.375
21
-2.7113681102362204
0
LINE
8
BLACK
6
CONTINUOUS
10
6.375
20
-2.7113681102362204
11
6.3756555511811026
21
-2.7080723622047245
0
LINE
8
BLACK
6
CONTINUOUS
10
6.3756555511811026
20
-2.7080723622047245
11
6.3775224409448814
21
-2.705278346456693
0
LINE
8
BLACK
6
CONTINUOUS
10
6.3775224409448814
20
-2.705278346456693
11
6.3803164566929134
21
-2.7034114566929133
0
LINE
8
BLACK
6
CONTINUOUS
10
6.3803164566929134
20
-2.7034114566929133
11
6.3836122047244093
21
-2.7027559055118111
0
LINE
8
BLACK
6
CONTINUOUS
10
6.3836122047244093
20
-2.7027559055118111
11
6.4037893700787398
21
-2.7027559055118111
0
LINE
8
BLACK
6
CONTINUOUS
10
6.4037893700787398
20
-2.7027559055118111
11
6.4070851181102357
21
-2.7034114566929133
0
LINE
8
BLACK
6
CONTINUOUS
10
6.4661402362204727
20
-2.7034114566929133
11
6.4689342519685038
21
-2.705278346456693
0
LINE
8
BLACK
6
CONTINUOUS
10
6.4689342519685038
20
-2.705278346456693
11
6.4708011417322835
21
-2.7080723622047245
0
LINE
8
BLACK
6
CONTINUOUS
10
6.4708011417322835
20
-2.7080723622047245
11
6.4714566929133861
21
-2.7113681102362204
0
LINE
8
BLACK
6
CONTINUOUS
10
6.4714566929133861
20
-2.7113681102362204
11
6.4714566929133861
21
-2.7285925196850394
0
LINE
8
BLACK
6
CONTINUOUS
10
6.4714566929133861
20
-2.7285925196850394
11
6.4708011417322835
21
-2.7318882677165353
0
LINE
8
BLACK
6
CONTINUOUS
10
6.4708011417322835
20
-2.7318882677165353
11
6.4689342519685038
21
-2.7346822834645668
0
LINE
8
BLACK
6
CONTINUOUS
10
6.4689342519685038
20
-2.7346822834645668
11
6.4661402362204727
21
-2.7365491732283465
0
LINE
8
BLACK
6
CONTINUOUS
10
6.4661402362204727
20
-2.7365491732283465
11
6.4628444881889759
21
-2.7372047244094486
0
LINE
8
BLACK
6
CONTINUOUS
10
6.4628444881889759
20
-2.7372047244094486
11
6.4426673228346454
21
-2.7372047244094486
0
LINE
8
BLACK
6
CONTINUOUS
10
6.4426673228346454
20
-2.7372047244094486
11
6.4393715748031495
21
-2.7365491732283465
0
LINE
8
BLACK
6
CONTINUOUS
10
6.4393715748031495
20
-2.7365491732283465
11
6.4365775590551175
21
-2.7346822834645668
0
LINE
8
BLACK
6
CONTINUOUS
10
6.4365775590551175
20
-2.7346822834645668
11
6.4347106692913387
21
-2.7318882677165353
0
LINE
8
BLACK
6
CONTINUOUS
10
6.4347106692913387
20
-2.7318882677165353
11
6.4340551181102361
21
-2.7285925196850394
0
LINE
8
BLACK
6
CONTINUOUS
10
6.4340551181102361
20
-2.7285925196850394
11
6.4340551181102361
21
-2.7113681102362204
0
LINE
8
BLACK
6
CONTINUOUS
10
6.4340551181102361
20
-2.7113681102362204
11
6.4347106692913387
21
-2.7080723622047245
0
LINE
8
BLACK
6
CONTINUOUS
10
6.4347106692913387
20
-2.7080723622047245
11
6.4365775590551175
21
-2.705278346456693
0
LINE
8
BLACK
6
CONTINUOUS
10
6.4365775590551175
20
-2.705278346456693
11
6.4393715748031495
21
-2.7034114566929133
0
LINE
8
BLACK
6
CONTINUOUS
10
6.4393715748031495
20
-2.7034114566929133
11
6.4426673228346454
21
-2.7027559055118111
0
LINE
8
BLACK
6
CONTINUOUS
10
6.4426673228346454
20
-2.7027559055118111
11
6.4628444881889759
21
-2.7027559055118111
0
LINE
8
BLACK
6
CONTINUOUS
10
6.4628444881889759
20
-2.7027559055118111
11
6.4661402362204727
21
-2.7034114566929133
0
LINE
8
BLACK
6
CONTINUOUS
10
8.0440384251968506
20
-2.7000258661417322
11
8.045826574803149
21
-2.7012206692913385
0
LINE
8
BLACK
6
CONTINUOUS
10
8.045826574803149
20
-2.7012206692913385
11
8.0470213779527562
21
-2.7030088188976378
0
LINE
8
BLACK
6
CONTINUOUS
10
8.0470213779527562
20
-2.7030088188976378
11
8.04744094488189
21
-2.7051181102362203
0
LINE
8
BLACK
6
CONTINUOUS
10
8.04744094488189
20
-2.7051181102362203
11
8.04744094488189
21
-2.7185039370078741
0
LINE
8
BLACK
6
CONTINUOUS
10
8.04744094488189
20
-2.7185039370078741
11
8.0470213779527562
21
-2.7206132283464566
0
LINE
8
BLACK
6
CONTINUOUS
10
8.0470213779527562
20
-2.7206132283464566
11
8.045826574803149
21
-2.7224013779527558
0
LINE
8
BLACK
6
CONTINUOUS
10
8.045826574803149
20
-2.7224013779527558
11
8.0440384251968506
21
-2.7235961811023621
0
LINE
8
BLACK
6
CONTINUOUS
10
8.0440384251968506
20
-2.7235961811023621
11
8.0419291338582681
21
-2.7240157480314959
0
LINE
8
BLACK
6
CONTINUOUS
10
8.0419291338582681
20
-2.7240157480314959
11
8.0309055118110226
21
-2.7240157480314959
0
LINE
8
BLACK
6
CONTINUOUS
10
8.0309055118110226
20
-2.7240157480314959
11
8.0287962204724401
21
-2.7235961811023621
0
LINE
8
BLACK
6
CONTINUOUS
10
8.0287962204724401
20
-2.7235961811023621
11
8.0270080708661418
21
-2.7224013779527558
0
LINE
8
BLACK
6
CONTINUOUS
10
8.0270080708661418
20
-2.7224013779527558
11
8.0258132677165346
21
-2.7206132283464566
0
LINE
8
BLACK
6
CONTINUOUS
10
8.0258132677165346
20
-2.7206132283464566
11
8.0253937007874008
21
-2.7185039370078741
0
LINE
8
BLACK
6
CONTINUOUS
10
8.0253937007874008
20
-2.7185039370078741
11
8.0253937007874008
21
-2.7051181102362203
0
LINE
8
BLACK
6
CONTINUOUS
10
8.0253937007874008
20
-2.7051181102362203
11
8.0258132677165346
21
-2.7030088188976378
0
LINE
8
BLACK
6
CONTINUOUS
10
8.0258132677165346
20
-2.7030088188976378
11
8.0270080708661418
21
-2.7012206692913385
0
LINE
8
BLACK
6
CONTINUOUS
10
8.0270080708661418
20
-2.7012206692913385
11
8.0287962204724401
21
-2.7000258661417322
0
LINE
8
BLACK
6
CONTINUOUS
10
8.0287962204724401
20
-2.7000258661417322
11
8.0309055118110226
21
-2.6996062992125984
0
LINE
8
BLACK
6
CONTINUOUS
10
8.0309055118110226
20
-2.6996062992125984
11
8.0419291338582681
21
-2.6996062992125984
0
LINE
8
BLACK
6
CONTINUOUS
10
8.0419291338582681
20
-2.6996062992125984
11
8.0440384251968506
21
-2.7000258661417322
0
LINE
8
BLACK
6
CONTINUOUS
10
8.081833700787401
20
-2.7000258661417322
11
8.0836218503937012
21
-2.7012206692913385
0
LINE
8
BLACK
6
CONTINUOUS
10
8.0836218503937012
20
-2.7012206692913385
11
8.0848166535433066
21
-2.7030088188976378
0
LINE
8
BLACK
6
CONTINUOUS
10
8.0848166535433066
20
-2.7030088188976378
11
8.0852362204724404
21
-2.7051181102362203
0
LINE
8
BLACK
6
CONTINUOUS
10
8.0852362204724404
20
-2.7051181102362203
11
8.0852362204724404
21
-2.7185039370078741
0
LINE
8
BLACK
6
CONTINUOUS
10
8.0852362204724404
20
-2.7185039370078741
11
8.0848166535433066
21
-2.7206132283464566
0
LINE
8
BLACK
6
CONTINUOUS
10
8.0848166535433066
20
-2.7206132283464566
11
8.0836218503937012
21
-2.7224013779527558
0
LINE
8
BLACK
6
CONTINUOUS
10
8.0836218503937012
20
-2.7224013779527558
11
8.081833700787401
21
-2.7235961811023621
0
LINE
8
BLACK
6
CONTINUOUS
10
8.081833700787401
20
-2.7235961811023621
11
8.0797244094488185
21
-2.7240157480314959
0
LINE
8
BLACK
6
CONTINUOUS
10
8.0797244094488185
20
-2.7240157480314959
11
8.0687007874015748
21
-2.7240157480314959
0
LINE
8
BLACK
6
CONTINUOUS
10
8.0687007874015748
20
-2.7240157480314959
11
8.0665914960629923
21
-2.7235961811023621
0
LINE
8
BLACK
6
CONTINUOUS
10
8.0665914960629923
20
-2.7235961811023621
11
8.0648033464566922
21
-2.7224013779527558
0
LINE
8
BLACK
6
CONTINUOUS
10
8.0648033464566922
20
-2.7224013779527558
11
8.0636085433070868
21
-2.7206132283464566
0
LINE
8
BLACK
6
CONTINUOUS
10
8.0636085433070868
20
-2.7206132283464566
11
8.063188976377953
21
-2.7185039370078741
0
LINE
8
BLACK
6
CONTINUOUS
10
8.063188976377953
20
-2.7185039370078741
11
8.063188976377953
21
-2.7051181102362203
0
LINE
8
BLACK
6
CONTINUOUS
10
8.063188976377953
20
-2.7051181102362203
11
8.0636085433070868
21
-2.7030088188976378
0
LINE
8
BLACK
6
CONTINUOUS
10
8.0636085433070868
20
-2.7030088188976378
11
8.0648033464566922
21
-2.7012206692913385
0
LINE
8
BLACK
6
CONTINUOUS
10
8.0648033464566922
20
-2.7012206692913385
11
8.0665914960629923
21
-2.7000258661417322
0
LINE
8
BLACK
6
CONTINUOUS
10
8.0665914960629923
20
-2.7000258661417322
11
8.0687007874015748
21
-2.6996062992125984
0
LINE
8
BLACK
6
CONTINUOUS
10
8.0687007874015748
20
-2.6996062992125984
11
8.0797244094488185
21
-2.6996062992125984
0
LINE
8
BLACK
6
CONTINUOUS
10
8.0797244094488185
20
-2.6996062992125984
11
8.081833700787401
21
-2.7000258661417322
0
LINE
8
BLACK
6
CONTINUOUS
10
3.7598491338582676
20
-2.5040923228346457
11
3.7686624015748031
21
-2.5069559448818897
0
LINE
8
BLACK
6
CONTINUOUS
10
3.7686624015748031
20
-2.5069559448818897
11
3.776919212598425
21
-2.5111629921259842
0
LINE
8
BLACK
6
CONTINUOUS
10
3.776919212598425
20
-2.5111629921259842
11
3.784416220472441
21
-2.5166098818897638
0
LINE
8
BLACK
6
CONTINUOUS
10
3.784416220472441
20
-2.5166098818897638
11
3.7909688582677163
21
-2.5231625196850391
0
LINE
8
BLACK
6
CONTINUOUS
10
3.7909688582677163
20
-2.5231625196850391
11
3.796415748031496
21
-2.5306595275590551
0
LINE
8
BLACK
6
CONTINUOUS
10
3.796415748031496
20
-2.5306595275590551
11
3.8006227952755904
21
-2.538916338582677
0
LINE
8
BLACK
6
CONTINUOUS
10
3.8006227952755904
20
-2.538916338582677
11
3.8034864173228344
21
-2.5477296062992125
0
LINE
8
BLACK
6
CONTINUOUS
10
3.8034864173228344
20
-2.5477296062992125
11
3.8049360629921258
21
-2.5568823228346456
0
LINE
8
BLACK
6
CONTINUOUS
10
3.8049360629921258
20
-2.5568823228346456
11
3.8051181102362204
21
-2.5615157480314958
0
LINE
8
BLACK
6
CONTINUOUS
10
3.8051181102362204
20
-2.5615157480314958
11
3.8051181102362204
21
-2.6402559055118111
0
LINE
8
BLACK
6
CONTINUOUS
10
3.8051181102362204
20
-2.6402559055118111
11
3.8049360629921258
21
-2.6448893307086614
0
LINE
8
BLACK
6
CONTINUOUS
10
3.8049360629921258
20
-2.6448893307086614
11
3.8034864173228344
21
-2.6540420472440944
0
LINE
8
BLACK
6
CONTINUOUS
10
3.8034864173228344
20
-2.6540420472440944
11
3.8006227952755904
21
-2.66285531496063
0
LINE
8
BLACK
6
CONTINUOUS
10
3.8006227952755904
20
-2.66285531496063
11
3.796415748031496
21
-2.6711121259842519
0
LINE
8
BLACK
6
CONTINUOUS
10
3.796415748031496
20
-2.6711121259842519
11
3.7909688582677163
21
-2.6786091338582678
0
LINE
8
BLACK
6
CONTINUOUS
10
3.7909688582677163
20
-2.6786091338582678
11
3.784416220472441
21
-2.6851617716535432
0
LINE
8
BLACK
6
CONTINUOUS
10
3.784416220472441
20
-2.6851617716535432
11
3.776919212598425
21
-2.6906086614173228
0
LINE
8
BLACK
6
CONTINUOUS
10
3.776919212598425
20
-2.6906086614173228
11
3.7686624015748031
21
-2.6948157086614173
0
LINE
8
BLACK
6
CONTINUOUS
10
3.7686624015748031
20
-2.6948157086614173
11
3.7598491338582676
21
-2.6976793307086613
0
LINE
8
BLACK
6
CONTINUOUS
10
3.7598491338582676
20
-2.6976793307086613
11
3.7506964173228345
21
-2.6991289763779527
0
LINE
8
BLACK
6
CONTINUOUS
10
3.7506964173228345
20
-2.6991289763779527
11
3.741429566929134
21
-2.6991289763779527
0
LINE
8
BLACK
6
CONTINUOUS
10
3.741429566929134
20
-2.6991289763779527
11
3.7322768503937005
21
-2.6976793307086613
0
LINE
8
BLACK
6
CONTINUOUS
10
3.7322768503937005
20
-2.6976793307086613
11
3.7234635826771654
21
-2.6948157086614173
0
LINE
8
BLACK
6
CONTINUOUS
10
3.7234635826771654
20
-2.6948157086614173
11
3.7152067716535431
21
-2.6906086614173228
0
LINE
8
BLACK
6
CONTINUOUS
10
3.7152067716535431
20
-2.6906086614173228
11
3.7077097637795275
21
-2.6851617716535432
0
LINE
8
BLACK
6
CONTINUOUS
10
3.7077097637795275
20
-2.6851617716535432
11
3.7011571259842517
21
-2.6786091338582678
0
LINE
8
BLACK
6
CONTINUOUS
10
3.7011571259842517
20
-2.6786091338582678
11
3.6957102362204726
21
-2.6711121259842519
0
LINE
8
BLACK
6
CONTINUOUS
10
3.6957102362204726
20
-2.6711121259842519
11
3.6915031889763781
21
-2.66285531496063
0
LINE
8
BLACK
6
CONTINUOUS
10
3.6915031889763781
20
-2.66285531496063
11
3.6886395669291336
21
-2.6540420472440944
0
LINE
8
BLACK
6
CONTINUOUS
10
3.6886395669291336
20
-2.6540420472440944
11
3.6871899212598422
21
-2.6448893307086614
0
LINE
8
BLACK
6
CONTINUOUS
10
3.6871899212598422
20
-2.6448893307086614
11
3.6870078740157481
21
-2.6402559055118111
0
LINE
8
BLACK
6
CONTINUOUS
10
3.6870078740157481
20
-2.6402559055118111
11
3.6870078740157481
21
-2.5615157480314958
0
LINE
8
BLACK
6
CONTINUOUS
10
3.6870078740157481
20
-2.5615157480314958
11
3.6871899212598422
21
-2.5568823228346456
0
LINE
8
BLACK
6
CONTINUOUS
10
3.6871899212598422
20
-2.5568823228346456
11
3.6886395669291336
21
-2.5477296062992125
0
LINE
8
BLACK
6
CONTINUOUS
10
3.6886395669291336
20
-2.5477296062992125
11
3.6915031889763781
21
-2.538916338582677
0
LINE
8
BLACK
6
CONTINUOUS
10
3.6915031889763781
20
-2.538916338582677
11
3.6957102362204726
21
-2.5306595275590551
0
LINE
8
BLACK
6
CONTINUOUS
10
3.6957102362204726
20
-2.5306595275590551
11
3.7011571259842517
21
-2.5231625196850391
0
LINE
8
BLACK
6
CONTINUOUS
10
3.7011571259842517
20
-2.5231625196850391
11
3.7077097637795275
21
-2.5166098818897638
0
LINE
8
BLACK
6
CONTINUOUS
10
3.7077097637795275
20
-2.5166098818897638
11
3.7152067716535431
21
-2.5111629921259842
0
LINE
8
BLACK
6
CONTINUOUS
10
3.7152067716535431
20
-2.5111629921259842
11
3.7234635826771654
21
-2.5069559448818897
0
LINE
8
BLACK
6
CONTINUOUS
10
3.7234635826771654
20
-2.5069559448818897
11
3.7322768503937005
21
-2.5040923228346457
0
LINE
8
BLACK
6
CONTINUOUS
10
3.7322768503937005
20
-2.5040923228346457
11
3.741429566929134
21
-2.5026426771653543
0
LINE
8
BLACK
6
CONTINUOUS
10
3.741429566929134
20
-2.5026426771653543
11
3.7506964173228345
21
-2.5026426771653543
0
LINE
8
BLACK
6
CONTINUOUS
10
3.7506964173228345
20
-2.5026426771653543
11
3.7598491338582676
21
-2.5040923228346457
0
LINE
8
BLACK
6
CONTINUOUS
10
6.4070851181102357
20
-2.6414035826771651
11
6.4098791338582677
21
-2.6432704724409448
0
LINE
8
BLACK
6
CONTINUOUS
10
6.4098791338582677
20
-2.6432704724409448
11
6.4117460236220474
21
-2.6460644881889763
0
LINE
8
BLACK
6
CONTINUOUS
10
6.4117460236220474
20
-2.6460644881889763
11
6.4124015748031491
21
-2.6493602362204722
0
LINE
8
BLACK
6
CONTINUOUS
10
6.4124015748031491
20
-2.6493602362204722
11
6.4124015748031491
21
-2.6665846456692912
0
LINE
8
BLACK
6
CONTINUOUS
10
6.4124015748031491
20
-2.6665846456692912
11
6.4117460236220474
21
-2.6698803937007876
0
LINE
8
BLACK
6
CONTINUOUS
10
6.4117460236220474
20
-2.6698803937007876
11
6.4098791338582677
21
-2.6726744094488186
0
LINE
8
BLACK
6
CONTINUOUS
10
6.4098791338582677
20
-2.6726744094488186
11
6.4070851181102357
21
-2.6745412992125983
0
LINE
8
BLACK
6
CONTINUOUS
10
6.4070851181102357
20
-2.6745412992125983
11
6.4037893700787398
21
-2.6751968503937009
0
LINE
8
BLACK
6
CONTINUOUS
10
6.4037893700787398
20
-2.6751968503937009
11
6.3836122047244093
21
-2.6751968503937009
0
LINE
8
BLACK
6
CONTINUOUS
10
6.3836122047244093
20
-2.6751968503937009
11
6.3803164566929134
21
-2.6745412992125983
0
LINE
8
BLACK
6
CONTINUOUS
10
6.3803164566929134
20
-2.6745412992125983
11
6.3775224409448814
21
-2.6726744094488186
0
LINE
8
BLACK
6
CONTINUOUS
10
6.3775224409448814
20
-2.6726744094488186
11
6.3756555511811026
21
-2.6698803937007876
0
LINE
8
BLACK
6
CONTINUOUS
10
6.3756555511811026
20
-2.6698803937007876
11
6.375
21
-2.6665846456692912
0
LINE
8
BLACK
6
CONTINUOUS
10
6.375
20
-2.6665846456692912
11
6.375
21
-2.6493602362204722
0
LINE
8
BLACK
6
CONTINUOUS
10
6.375
20
-2.6493602362204722
11
6.3756555511811026
21
-2.6460644881889763
0
LINE
8
BLACK
6
CONTINUOUS
10
6.3756555511811026
20
-2.6460644881889763
11
6.3775224409448814
21
-2.6432704724409448
0
LINE
8
BLACK
6
CONTINUOUS
10
6.3775224409448814
20
-2.6432704724409448
11
6.3803164566929134
21
-2.6414035826771651
0
LINE
8
BLACK
6
CONTINUOUS
10
6.3803164566929134
20
-2.6414035826771651
11
6.3836122047244093
21
-2.640748031496063
0
LINE
8
BLACK
6
CONTINUOUS
10
6.3836122047244093
20
-2.640748031496063
11
6.4037893700787398
21
-2.640748031496063
0
LINE
8
BLACK
6
CONTINUOUS
10
6.4037893700787398
20
-2.640748031496063
11
6.4070851181102357
21
-2.6414035826771651
0
LINE
8
BLACK
6
CONTINUOUS
10
6.4661402362204727
20
-2.6414035826771651
11
6.4689342519685038
21
-2.6432704724409448
0
LINE
8
BLACK
6
CONTINUOUS
10
6.4689342519685038
20
-2.6432704724409448
11
6.4708011417322835
21
-2.6460644881889763
0
LINE
8
BLACK
6
CONTINUOUS
10
6.4708011417322835
20
-2.6460644881889763
11
6.4714566929133861
21
-2.6493602362204722
0
LINE
8
BLACK
6
CONTINUOUS
10
6.4714566929133861
20
-2.6493602362204722
11
6.4714566929133861
21
-2.6665846456692912
0
LINE
8
BLACK
6
CONTINUOUS
10
6.4714566929133861
20
-2.6665846456692912
11
6.4708011417322835
21
-2.6698803937007876
0
LINE
8
BLACK
6
CONTINUOUS
10
6.4708011417322835
20
-2.6698803937007876
11
6.4689342519685038
21
-2.6726744094488186
0
LINE
8
BLACK
6
CONTINUOUS
10
6.4689342519685038
20
-2.6726744094488186
11
6.4661402362204727
21
-2.6745412992125983
0
LINE
8
BLACK
6
CONTINUOUS
10
6.4661402362204727
20
-2.6745412992125983
11
6.4628444881889759
21
-2.6751968503937009
0
LINE
8
BLACK
6
CONTINUOUS
10
6.4628444881889759
20
-2.6751968503937009
11
6.4426673228346454
21
-2.6751968503937009
0
LINE
8
BLACK
6
CONTINUOUS
10
6.4426673228346454
20
-2.6751968503937009
11
6.4393715748031495
21
-2.6745412992125983
0
LINE
8
BLACK
6
CONTINUOUS
10
6.4393715748031495
20
-2.6745412992125983
11
6.4365775590551175
21
-2.6726744094488186
0
LINE
8
BLACK
6
CONTINUOUS
10
6.4365775590551175
20
-2.6726744094488186
11
6.4347106692913387
21
-2.6698803937007876
0
LINE
8
BLACK
6
CONTINUOUS
10
6.4347106692913387
20
-2.6698803937007876
11
6.4340551181102361
21
-2.6665846456692912
0
LINE
8
BLACK
6
CONTINUOUS
10
6.4340551181102361
20
-2.6665846456692912
11
6.4340551181102361
21
-2.6493602362204722
0
LINE
8
BLACK
6
CONTINUOUS
10
6.4340551181102361
20
-2.6493602362204722
11
6.4347106692913387
21
-2.6460644881889763
0
LINE
8
BLACK
6
CONTINUOUS
10
6.4347106692913387
20
-2.6460644881889763
11
6.4365775590551175
21
-2.6432704724409448
0
LINE
8
BLACK
6
CONTINUOUS
10
6.4365775590551175
20
-2.6432704724409448
11
6.4393715748031495
21
-2.6414035826771651
0
LINE
8
BLACK
6
CONTINUOUS
10
6.4393715748031495
20
-2.6414035826771651
11
6.4426673228346454
21
-2.640748031496063
0
LINE
8
BLACK
6
CONTINUOUS
10
6.4426673228346454
20
-2.640748031496063
11
6.4628444881889759
21
-2.640748031496063
0
LINE
8
BLACK
6
CONTINUOUS
10
6.4628444881889759
20
-2.640748031496063
11
6.4661402362204727
21
-2.6414035826771651
0
LINE
8
BLACK
6
CONTINUOUS
10
8.0440384251968506
20
-2.6224668110236218
11
8.045826574803149
21
-2.6236616141732281
0
LINE
8
BLACK
6
CONTINUOUS
10
8.045826574803149
20
-2.6236616141732281
11
8.0470213779527562
21
-2.6254497637795273
0
LINE
8
BLACK
6
CONTINUOUS
10
8.0470213779527562
20
-2.6254497637795273
11
8.04744094488189
21
-2.6275590551181103
0
LINE
8
BLACK
6
CONTINUOUS
10
8.04744094488189
20
-2.6275590551181103
11
8.04744094488189
21
-2.6409448818897636
0
LINE
8
BLACK
6
CONTINUOUS
10
8.04744094488189
20
-2.6409448818897636
11
8.0470213779527562
21
-2.6430541732283466
0
LINE
8
BLACK
6
CONTINUOUS
10
8.0470213779527562
20
-2.6430541732283466
11
8.045826574803149
21
-2.6448423228346458
0
LINE
8
BLACK
6
CONTINUOUS
10
8.045826574803149
20
-2.6448423228346458
11
8.0440384251968506
21
-2.6460371259842521
0
LINE
8
BLACK
6
CONTINUOUS
10
8.0440384251968506
20
-2.6460371259842521
11
8.0419291338582681
21
-2.6464566929133859
0
LINE
8
BLACK
6
CONTINUOUS
10
8.0419291338582681
20
-2.6464566929133859
11
8.0309055118110226
21
-2.6464566929133859
0
LINE
8
BLACK
6
CONTINUOUS
10
8.0309055118110226
20
-2.6464566929133859
11
8.0287962204724401
21
-2.6460371259842521
0
LINE
8
BLACK
6
CONTINUOUS
10
8.0287962204724401
20
-2.6460371259842521
11
8.0270080708661418
21
-2.6448423228346458
0
LINE
8
BLACK
6
CONTINUOUS
10
8.0270080708661418
20
-2.6448423228346458
11
8.0258132677165346
21
-2.6430541732283466
0
LINE
8
BLACK
6
CONTINUOUS
10
8.0258132677165346
20
-2.6430541732283466
11
8.0253937007874008
21
-2.6409448818897636
0
LINE
8
BLACK
6
CONTINUOUS
10
8.0253937007874008
20
-2.6409448818897636
11
8.0253937007874008
21
-2.6275590551181103
0
LINE
8
BLACK
6
CONTINUOUS
10
8.0253937007874008
20
-2.6275590551181103
11
8.0258132677165346
21
-2.6254497637795273
0
LINE
8
BLACK
6
CONTINUOUS
10
8.0258132677165346
20
-2.6254497637795273
11
8.0270080708661418
21
-2.6236616141732281
0
LINE
8
BLACK
6
CONTINUOUS
10
8.0270080708661418
20
-2.6236616141732281
11
8.0287962204724401
21
-2.6224668110236218
0
LINE
8
BLACK
6
CONTINUOUS
10
8.0287962204724401
20
-2.6224668110236218
11
8.0309055118110226
21
-2.622047244094488
0
LINE
8
BLACK
6
CONTINUOUS
10
8.0309055118110226
20
-2.622047244094488
11
8.0419291338582681
21
-2.622047244094488
0
LINE
8
BLACK
6
CONTINUOUS
10
8.0419291338582681
20
-2.622047244094488
11
8.0440384251968506
21
-2.6224668110236218
0
LINE
8
BLACK
6
CONTINUOUS
10
8.081833700787401
20
-2.6224668110236218
11
8.0836218503937012
21
-2.6236616141732281
0
LINE
8
BLACK
6
CONTINUOUS
10
8.0836218503937012
20
-2.6236616141732281
11
8.0848166535433066
21
-2.6254497637795273
0
LINE
8
BLACK
6
CONTINUOUS
10
8.0848166535433066
20
-2.6254497637795273
11
8.0852362204724404
21
-2.6275590551181103
0
LINE
8
BLACK
6
CONTINUOUS
10
8.0852362204724404
20
-2.6275590551181103
11
8.0852362204724404
21
-2.6409448818897636
0
LINE
8
BLACK
6
CONTINUOUS
10
8.0852362204724404
20
-2.6409448818897636
11
8.0848166535433066
21
-2.6430541732283466
0
LINE
8
BLACK
6
CONTINUOUS
10
8.0848166535433066
20
-2.6430541732283466
11
8.0836218503937012
21
-2.6448423228346458
0
LINE
8
BLACK
6
CONTINUOUS
10
8.0836218503937012
20
-2.6448423228346458
11
8.081833700787401
21
-2.6460371259842521
0
LINE
8
BLACK
6
CONTINUOUS
10
8.081833700787401
20
-2.6460371259842521
11
8.0797244094488185
21
-2.6464566929133859
0
LINE
8
BLACK
6
CONTINUOUS
10
8.0797244094488185
20
-2.6464566929133859
11
8.0687007874015748
21
-2.6464566929133859
0
LINE
8
BLACK
6
CONTINUOUS
10
8.0687007874015748
20
-2.6464566929133859
11
8.0665914960629923
21
-2.6460371259842521
0
LINE
8
BLACK
6
CONTINUOUS
10
8.0665914960629923
20
-2.6460371259842521
11
8.0648033464566922
21
-2.6448423228346458
0
LINE
8
BLACK
6
CONTINUOUS
10
8.0648033464566922
20
-2.6448423228346458
11
8.0636085433070868
21
-2.6430541732283466
0
LINE
8
BLACK
6
CONTINUOUS
10
8.0636085433070868
20
-2.6430541732283466
11
8.063188976377953
21
-2.6409448818897636
0
LINE
8
BLACK
6
CONTINUOUS
10
8.063188976377953
20
-2.6409448818897636
11
8.063188976377953
21
-2.6275590551181103
0
LINE
8
BLACK
6
CONTINUOUS
10
8.063188976377953
20
-2.6275590551181103
11
8.0636085433070868
21
-2.6254497637795273
0
LINE
8
BLACK
6
CONTINUOUS
10
8.0636085433070868
20
-2.6254497637795273
11
8.0648033464566922
21
-2.6236616141732281
0
LINE
8
BLACK
6
CONTINUOUS
10
8.0648033464566922
20
-2.6236616141732281
11
8.0665914960629923
21
-2.6224668110236218
0
LINE
8
BLACK
6
CONTINUOUS
10
8.0665914960629923
20
-2.6224668110236218
11
8.0687007874015748
21
-2.622047244094488
0
LINE
8
BLACK
6
CONTINUOUS
10
8.0687007874015748
20
-2.622047244094488
11
8.0797244094488185
21
-2.622047244094488
0
LINE
8
BLACK
6
CONTINUOUS
10
8.0797244094488185
20
-2.622047244094488
11
8.081833700787401
21
-2.6224668110236218
0
LINE
8
BLACK
6
CONTINUOUS
10
8.218941102362205
20
-2.5951624803149604
11
8.2218149212598419
21
-2.5970827165354331
0
LINE
8
BLACK
6
CONTINUOUS
10
8.2218149212598419
20
-2.5970827165354331
11
8.2237351574803146
21
-2.5999565354330709
0
LINE
8
BLACK
6
CONTINUOUS
10
8.2237351574803146
20
-2.5999565354330709
11
8.2244094488188981
21
-2.6033464566929134
0
LINE
8
BLACK
6
CONTINUOUS
10
8.2244094488188981
20
-2.6033464566929134
11
8.2244094488188981
21
-2.6328740157480315
0
LINE
8
BLACK
6
CONTINUOUS
10
8.2244094488188981
20
-2.6328740157480315
11
8.2237351574803146
21
-2.636263937007874
0
LINE
8
BLACK
6
CONTINUOUS
10
8.2237351574803146
20
-2.636263937007874
11
8.2218149212598419
21
-2.6391377559055118
0
LINE
8
BLACK
6
CONTINUOUS
10
8.2218149212598419
20
-2.6391377559055118
11
8.218941102362205
21
-2.641057992125984
0
LINE
8
BLACK
6
CONTINUOUS
10
8.218941102362205
20
-2.641057992125984
11
8.2155511811023612
21
-2.6417322834645667
0
LINE
8
BLACK
6
CONTINUOUS
10
8.2155511811023612
20
-2.6417322834645667
11
8.1978346456692908
21
-2.6417322834645667
0
LINE
8
BLACK
6
CONTINUOUS
10
8.1978346456692908
20
-2.6417322834645667
11
8.1944447244094487
21
-2.641057992125984
0
LINE
8
BLACK
6
CONTINUOUS
10
8.1944447244094487
20
-2.641057992125984
11
8.19157090551181
21
-2.6391377559055118
0
LINE
8
BLACK
6
CONTINUOUS
10
8.19157090551181
20
-2.6391377559055118
11
8.1896506692913391
21
-2.636263937007874
0
LINE
8
BLACK
6
CONTINUOUS
10
8.1896506692913391
20
-2.636263937007874
11
8.1889763779527556
21
-2.6328740157480315
0
LINE
8
BLACK
6
CONTINUOUS
10
8.1889763779527556
20
-2.6328740157480315
11
8.1889763779527556
21
-2.6033464566929134
0
LINE
8
BLACK
6
CONTINUOUS
10
8.1889763779527556
20
-2.6033464566929134
11
8.1896506692913391
21
-2.5999565354330709
0
LINE
8
BLACK
6
CONTINUOUS
10
8.1896506692913391
20
-2.5999565354330709
11
8.19157090551181
21
-2.5970827165354331
0
LINE
8
BLACK
6
CONTINUOUS
10
8.19157090551181
20
-2.5970827165354331
11
8.1944447244094487
21
-2.5951624803149604
0
LINE
8
BLACK
6
CONTINUOUS
10
8.1944447244094487
20
-2.5951624803149604
11
8.1978346456692908
21
-2.5944881889763778
0
LINE
8
BLACK
6
CONTINUOUS
10
8.1978346456692908
20
-2.5944881889763778
11
8.2155511811023612
21
-2.5944881889763778
0
LINE
8
BLACK
6
CONTINUOUS
10
8.2155511811023612
20
-2.5944881889763778
11
8.218941102362205
21
-2.5951624803149604
0
LINE
8
BLACK
6
CONTINUOUS
10
8.3488623622047236
20
-2.5951624803149604
11
8.3517361811023623
21
-2.5970827165354331
0
LINE
8
BLACK
6
CONTINUOUS
10
8.3517361811023623
20
-2.5970827165354331
11
8.3536564173228349
21
-2.5999565354330709
0
LINE
8
BLACK
6
CONTINUOUS
10
8.3536564173228349
20
-2.5999565354330709
11
8.3543307086614167
21
-2.6033464566929134
0
LINE
8
BLACK
6
CONTINUOUS
10
8.3543307086614167
20
-2.6033464566929134
11
8.3543307086614167
21
-2.6328740157480315
0
LINE
8
BLACK
6
CONTINUOUS
10
8.3543307086614167
20
-2.6328740157480315
11
8.3536564173228349
21
-2.636263937007874
0
LINE
8
BLACK
6
CONTINUOUS
10
8.3536564173228349
20
-2.636263937007874
11
8.3517361811023623
21
-2.6391377559055118
0
LINE
8
BLACK
6
CONTINUOUS
10
8.3517361811023623
20
-2.6391377559055118
11
8.3488623622047236
21
-2.641057992125984
0
LINE
8
BLACK
6
CONTINUOUS
10
8.3488623622047236
20
-2.641057992125984
11
8.3454724409448815
21
-2.6417322834645667
0
LINE
8
BLACK
6
CONTINUOUS
10
8.3454724409448815
20
-2.6417322834645667
11
8.3277559055118111
21
-2.6417322834645667
0
LINE
8
BLACK
6
CONTINUOUS
10
8.3277559055118111
20
-2.6417322834645667
11
8.3243659842519691
21
-2.641057992125984
0
LINE
8
BLACK
6
CONTINUOUS
10
8.3243659842519691
20
-2.641057992125984
11
8.3214921653543303
21
-2.6391377559055118
0
LINE
8
BLACK
6
CONTINUOUS
10
8.3214921653543303
20
-2.6391377559055118
11
8.3195719291338577
21
-2.636263937007874
0
LINE
8
BLACK
6
CONTINUOUS
10
8.3195719291338577
20
-2.636263937007874
11
8.3188976377952759
21
-2.6328740157480315
0
LINE
8
BLACK
6
CONTINUOUS
10
8.3188976377952759
20
-2.6328740157480315
11
8.3188976377952759
21
-2.6033464566929134
0
LINE
8
BLACK
6
CONTINUOUS
10
8.3188976377952759
20
-2.6033464566929134
11
8.3195719291338577
21
-2.5999565354330709
0
LINE
8
BLACK
6
CONTINUOUS
10
8.3195719291338577
20
-2.5999565354330709
11
8.3214921653543303
21
-2.5970827165354331
0
LINE
8
BLACK
6
CONTINUOUS
10
8.3214921653543303
20
-2.5970827165354331
11
8.3243659842519691
21
-2.5951624803149604
0
LINE
8
BLACK
6
CONTINUOUS
10
8.3243659842519691
20
-2.5951624803149604
11
8.3277559055118111
21
-2.5944881889763778
0
LINE
8
BLACK
6
CONTINUOUS
10
8.3277559055118111
20
-2.5944881889763778
11
8.3454724409448815
21
-2.5944881889763778
0
LINE
8
BLACK
6
CONTINUOUS
10
8.3454724409448815
20
-2.5944881889763778
11
8.3488623622047236
21
-2.5951624803149604
0
LINE
8
BLACK
6
CONTINUOUS
10
7.4566929133858268
20
-2.6318897637795273
11
7.3897637795275593
21
-2.6318897637795273
0
LINE
8
BLACK
6
CONTINUOUS
10
7.3897637795275593
20
-2.6318897637795273
11
7.3897637795275593
21
-2.5649606299212597
0
LINE
8
BLACK
6
CONTINUOUS
10
7.3897637795275593
20
-2.5649606299212597
11
7.4566929133858268
21
-2.5649606299212597
0
LINE
8
BLACK
6
CONTINUOUS
10
7.4566929133858268
20
-2.5649606299212597
11
7.4566929133858268
21
-2.6318897637795273
0
LINE
8
BLACK
6
CONTINUOUS
10
4.6315672047244094
20
-2.5018518897637794
11
4.6389115748031493
21
-2.5042382283464568
0
LINE
8
BLACK
6
CONTINUOUS
10
4.6389115748031493
20
-2.5042382283464568
11
4.6457922440944879
21
-2.507744094488189
0
LINE
8
BLACK
6
CONTINUOUS
10
4.6457922440944879
20
-2.507744094488189
11
4.6520397637795279
21
-2.5122831889763777
0
LINE
8
BLACK
6
CONTINUOUS
10
4.6520397637795279
20
-2.5122831889763777
11
4.657500275590551
21
-2.5177437007874017
0
LINE
8
BLACK
6
CONTINUOUS
10
4.657500275590551
20
-2.5177437007874017
11
4.6620393700787401
21
-2.5239912204724408
0
LINE
8
BLACK
6
CONTINUOUS
10
4.6620393700787401
20
-2.5239912204724408
11
4.6655452362204723
21
-2.5308718897637794
0
LINE
8
BLACK
6
CONTINUOUS
10
4.6655452362204723
20
-2.5308718897637794
11
4.6679315748031494
21
-2.5382162598425198
0
LINE
8
BLACK
6
CONTINUOUS
10
4.6679315748031494
20
-2.5382162598425198
11
4.6691396456692909
21
-2.5458435433070865
0
LINE
8
BLACK
6
CONTINUOUS
10
4.6691396456692909
20
-2.5458435433070865
11
4.6691396456692909
21
-2.5535659055118112
0
LINE
8
BLACK
6
CONTINUOUS
10
4.6691396456692909
20
-2.5535659055118112
11
4.6679315748031494
21
-2.5611931889763779
0
LINE
8
BLACK
6
CONTINUOUS
10
4.6679315748031494
20
-2.5611931889763779
11
4.6655452362204723
21
-2.5685375590551183
0
LINE
8
BLACK
6
CONTINUOUS
10
4.6655452362204723
20
-2.5685375590551183
11
4.6620393700787401
21
-2.5754182283464568
0
LINE
8
BLACK
6
CONTINUOUS
10
4.6620393700787401
20
-2.5754182283464568
11
4.657500275590551
21
-2.581665748031496
0
LINE
8
BLACK
6
CONTINUOUS
10
4.657500275590551
20
-2.581665748031496
11
4.6520397637795279
21
-2.5871262598425195
0
LINE
8
BLACK
6
CONTINUOUS
10
4.6520397637795279
20
-2.5871262598425195
11
4.6457922440944879
21
-2.5916653543307087
0
LINE
8
BLACK
6
CONTINUOUS
10
4.6457922440944879
20
-2.5916653543307087
11
4.6389115748031493
21
-2.5951712204724409
0
LINE
8
BLACK
6
CONTINUOUS
10
4.6389115748031493
20
-2.5951712204724409
11
4.6315672047244094
21
-2.5975575590551179
0
LINE
8
BLACK
6
CONTINUOUS
10
4.6315672047244094
20
-2.5975575590551179
11
4.6239399212598427
21
-2.5987656299212598
0
LINE
8
BLACK
6
CONTINUOUS
10
4.6239399212598427
20
-2.5987656299212598
11
4.6162175590551184
21
-2.5987656299212598
0
LINE
8
BLACK
6
CONTINUOUS
10
4.6162175590551184
20
-2.5987656299212598
11
4.6085902755905508
21
-2.5975575590551179
0
LINE
8
BLACK
6
CONTINUOUS
10
4.6085902755905508
20
-2.5975575590551179
11
4.6012459055118109
21
-2.5951712204724409
0
LINE
8
BLACK
6
CONTINUOUS
10
4.6012459055118109
20
-2.5951712204724409
11
4.5943652362204723
21
-2.5916653543307087
0
LINE
8
BLACK
6
CONTINUOUS
10
4.5943652362204723
20
-2.5916653543307087
11
4.5881177165354332
21
-2.5871262598425195
0
LINE
8
BLACK
6
CONTINUOUS
10
4.5881177165354332
20
-2.5871262598425195
11
4.5826572047244092
21
-2.581665748031496
0
LINE
8
BLACK
6
CONTINUOUS
10
4.5826572047244092
20
-2.581665748031496
11
4.5781181102362201
21
-2.5754182283464568
0
LINE
8
BLACK
6
CONTINUOUS
10
4.5781181102362201
20
-2.5754182283464568
11
4.5746122440944879
21
-2.5685375590551183
0
LINE
8
BLACK
6
CONTINUOUS
10
4.5746122440944879
20
-2.5685375590551183
11
4.5722259055118109
21
-2.5611931889763779
0
LINE
8
BLACK
6
CONTINUOUS
10
4.5722259055118109
20
-2.5611931889763779
11
4.5710178346456694
21
-2.5535659055118112
0
LINE
8
BLACK
6
CONTINUOUS
10
4.5710178346456694
20
-2.5535659055118112
11
4.5710178346456694
21
-2.5458435433070865
0
LINE
8
BLACK
6
CONTINUOUS
10
4.5710178346456694
20
-2.5458435433070865
11
4.5722259055118109
21
-2.5382162598425198
0
LINE
8
BLACK
6
CONTINUOUS
10
4.5722259055118109
20
-2.5382162598425198
11
4.5746122440944879
21
-2.5308718897637794
0
LINE
8
BLACK
6
CONTINUOUS
10
4.5746122440944879
20
-2.5308718897637794
11
4.5781181102362201
21
-2.5239912204724408
0
LINE
8
BLACK
6
CONTINUOUS
10
4.5781181102362201
20
-2.5239912204724408
11
4.5826572047244092
21
-2.5177437007874017
0
LINE
8
BLACK
6
CONTINUOUS
10
4.5826572047244092
20
-2.5177437007874017
11
4.5881177165354332
21
-2.5122831889763777
0
LINE
8
BLACK
6
CONTINUOUS
10
4.5881177165354332
20
-2.5122831889763777
11
4.5943652362204723
21
-2.507744094488189
0
LINE
8
BLACK
6
CONTINUOUS
10
4.5943652362204723
20
-2.507744094488189
11
4.6012459055118109
21
-2.5042382283464568
0
LINE
8
BLACK
6
CONTINUOUS
10
4.6012459055118109
20
-2.5042382283464568
11
4.6085902755905508
21
-2.5018518897637794
0
LINE
8
BLACK
6
CONTINUOUS
10
4.6085902755905508
20
-2.5018518897637794
11
4.6162175590551184
21
-2.5006438188976379
0
LINE
8
BLACK
6
CONTINUOUS
10
4.6162175590551184
20
-2.5006438188976379
11
4.6239399212598427
21
-2.5006438188976379
0
LINE
8
BLACK
6
CONTINUOUS
10
4.6239399212598427
20
-2.5006438188976379
11
4.6315672047244094
21
-2.5018518897637794
0
LINE
8
BLACK
6
CONTINUOUS
10
8.9255720078740151
20
-2.5186438582677164
11
8.9286853149606298
21
-2.5207241338582675
0
LINE
8
BLACK
6
CONTINUOUS
10
8.9286853149606298
20
-2.5207241338582675
11
8.9307655905511805
21
-2.5238374409448818
0
LINE
8
BLACK
6
CONTINUOUS
10
8.9307655905511805
20
-2.5238374409448818
11
8.9314960629921263
21
-2.5275098425196849
0
LINE
8
BLACK
6
CONTINUOUS
10
8.9314960629921263
20
-2.5275098425196849
11
8.9314960629921263
21
-2.5634350393700789
0
LINE
8
BLACK
6
CONTINUOUS
10
8.9314960629921263
20
-2.5634350393700789
11
8.9307655905511805
21
-2.567107440944882
0
LINE
8
BLACK
6
CONTINUOUS
10
8.9307655905511805
20
-2.567107440944882
11
8.9286853149606298
21
-2.5702207480314958
0
LINE
8
BLACK
6
CONTINUOUS
10
8.9286853149606298
20
-2.5702207480314958
11
8.9255720078740151
21
-2.5723010236220474
0
LINE
8
BLACK
6
CONTINUOUS
10
8.9255720078740151
20
-2.5723010236220474
11
8.9218996062992115
21
-2.5730314960629919
0
LINE
8
BLACK
6
CONTINUOUS
10
8.9218996062992115
20
-2.5730314960629919
11
8.9027066929133856
21
-2.5730314960629919
0
LINE
8
BLACK
6
CONTINUOUS
10
8.9027066929133856
20
-2.5730314960629919
11
8.899034291338582
21
-2.5723010236220474
0
LINE
8
BLACK
6
CONTINUOUS
10
8.899034291338582
20
-2.5723010236220474
11
8.8959209842519691
21
-2.5702207480314958
0
LINE
8
BLACK
6
CONTINUOUS
10
8.8959209842519691
20
-2.5702207480314958
11
8.8938407086614166
21
-2.567107440944882
0
LINE
8
BLACK
6
CONTINUOUS
10
8.8938407086614166
20
-2.567107440944882
11
8.8931102362204726
21
-2.5634350393700789
0
LINE
8
BLACK
6
CONTINUOUS
10
8.8931102362204726
20
-2.5634350393700789
11
8.8931102362204726
21
-2.5275098425196849
0
LINE
8
BLACK
6
CONTINUOUS
10
8.8931102362204726
20
-2.5275098425196849
11
8.8938407086614166
21
-2.5238374409448818
0
LINE
8
BLACK
6
CONTINUOUS
10
8.8938407086614166
20
-2.5238374409448818
11
8.8959209842519691
21
-2.5207241338582675
0
LINE
8
BLACK
6
CONTINUOUS
10
8.8959209842519691
20
-2.5207241338582675
11
8.899034291338582
21
-2.5186438582677164
0
LINE
8
BLACK
6
CONTINUOUS
10
8.899034291338582
20
-2.5186438582677164
11
8.9027066929133856
21
-2.5179133858267715
0
LINE
8
BLACK
6
CONTINUOUS
10
8.9027066929133856
20
-2.5179133858267715
11
8.9218996062992115
21
-2.5179133858267715
0
LINE
8
BLACK
6
CONTINUOUS
10
8.9218996062992115
20
-2.5179133858267715
11
8.9255720078740151
21
-2.5186438582677164
0
LINE
8
BLACK
6
CONTINUOUS
10
8.9993909055118113
20
-2.5186438582677164
11
9.0025042125984243
21
-2.5207241338582675
0
LINE
8
BLACK
6
CONTINUOUS
10
9.0025042125984243
20
-2.5207241338582675
11
9.0045844881889767
21
-2.5238374409448818
0
LINE
8
BLACK
6
CONTINUOUS
10
9.0045844881889767
20
-2.5238374409448818
11
9.0053149606299208
21
-2.5275098425196849
0
LINE
8
BLACK
6
CONTINUOUS
10
9.0053149606299208
20
-2.5275098425196849
11
9.0053149606299208
21
-2.5634350393700789
0
LINE
8
BLACK
6
CONTINUOUS
10
9.0053149606299208
20
-2.5634350393700789
11
9.0045844881889767
21
-2.567107440944882
0
LINE
8
BLACK
6
CONTINUOUS
10
9.0045844881889767
20
-2.567107440944882
11
9.0025042125984243
21
-2.5702207480314958
0
LINE
8
BLACK
6
CONTINUOUS
10
9.0025042125984243
20
-2.5702207480314958
11
8.9993909055118113
21
-2.5723010236220474
0
LINE
8
BLACK
6
CONTINUOUS
10
8.9993909055118113
20
-2.5723010236220474
11
8.9957185039370078
21
-2.5730314960629919
0
LINE
8
BLACK
6
CONTINUOUS
10
8.9957185039370078
20
-2.5730314960629919
11
8.97652559055118
21
-2.5730314960629919
0
LINE
8
BLACK
6
CONTINUOUS
10
8.97652559055118
20
-2.5730314960629919
11
8.9728531889763783
21
-2.5723010236220474
0
LINE
8
BLACK
6
CONTINUOUS
10
8.9728531889763783
20
-2.5723010236220474
11
8.9697398818897636
21
-2.5702207480314958
0
LINE
8
BLACK
6
CONTINUOUS
10
8.9697398818897636
20
-2.5702207480314958
11
8.9676596062992129
21
-2.567107440944882
0
LINE
8
BLACK
6
CONTINUOUS
10
8.9676596062992129
20
-2.567107440944882
11
8.9669291338582671
21
-2.5634350393700789
0
LINE
8
BLACK
6
CONTINUOUS
10
8.9669291338582671
20
-2.5634350393700789
11
8.9669291338582671
21
-2.5275098425196849
0
LINE
8
BLACK
6
CONTINUOUS
10
8.9669291338582671
20
-2.5275098425196849
11
8.9676596062992129
21
-2.5238374409448818
0
LINE
8
BLACK
6
CONTINUOUS
10
8.9676596062992129
20
-2.5238374409448818
11
8.9697398818897636
21
-2.5207241338582675
0
LINE
8
BLACK
6
CONTINUOUS
10
8.9697398818897636
20
-2.5207241338582675
11
8.9728531889763783
21
-2.5186438582677164
0
LINE
8
BLACK
6
CONTINUOUS
10
8.9728531889763783
20
-2.5186438582677164
11
8.97652559055118
21
-2.5179133858267715
0
LINE
8
BLACK
6
CONTINUOUS
10
8.97652559055118
20
-2.5179133858267715
11
8.9957185039370078
21
-2.5179133858267715
0
LINE
8
BLACK
6
CONTINUOUS
10
8.9957185039370078
20
-2.5179133858267715
11
8.9993909055118113
21
-2.5186438582677164
0
LINE
8
BLACK
6
CONTINUOUS
10
8.0561628740157474
20
-2.5279615748031494
11
8.0587173622047246
21
-2.529668464566929
0
LINE
8
BLACK
6
CONTINUOUS
10
8.0587173622047246
20
-2.529668464566929
11
8.0604242519685041
21
-2.5322229527559053
0
LINE
8
BLACK
6
CONTINUOUS
10
8.0604242519685041
20
-2.5322229527559053
11
8.0610236220472444
21
-2.535236220472441
0
LINE
8
BLACK
6
CONTINUOUS
10
8.0610236220472444
20
-2.535236220472441
11
8.0610236220472444
21
-2.5568897637795276
0
LINE
8
BLACK
6
CONTINUOUS
10
8.0610236220472444
20
-2.5568897637795276
11
8.0604242519685041
21
-2.5599030314960629
0
LINE
8
BLACK
6
CONTINUOUS
10
8.0604242519685041
20
-2.5599030314960629
11
8.0587173622047246
21
-2.5624575196850392
0
LINE
8
BLACK
6
CONTINUOUS
10
8.0587173622047246
20
-2.5624575196850392
11
8.0561628740157474
21
-2.5641644094488187
0
LINE
8
BLACK
6
CONTINUOUS
10
8.0561628740157474
20
-2.5641644094488187
11
8.0531496062992129
21
-2.5647637795275591
0
LINE
8
BLACK
6
CONTINUOUS
10
8.0531496062992129
20
-2.5647637795275591
11
8.03740157480315
21
-2.5647637795275591
0
LINE
8
BLACK
6
CONTINUOUS
10
8.03740157480315
20
-2.5647637795275591
11
8.0343883070866138
21
-2.5641644094488187
0
LINE
8
BLACK
6
CONTINUOUS
10
8.0343883070866138
20
-2.5641644094488187
11
8.0318338188976384
21
-2.5624575196850392
0
LINE
8
BLACK
6
CONTINUOUS
10
8.0318338188976384
20
-2.5624575196850392
11
8.0301269291338588
21
-2.5599030314960629
0
LINE
8
BLACK
6
CONTINUOUS
10
8.0301269291338588
20
-2.5599030314960629
11
8.0295275590551185
21
-2.5568897637795276
0
LINE
8
BLACK
6
CONTINUOUS
10
8.0295275590551185
20
-2.5568897637795276
11
8.0295275590551185
21
-2.535236220472441
0
LINE
8
BLACK
6
CONTINUOUS
10
8.0295275590551185
20
-2.535236220472441
11
8.0301269291338588
21
-2.5322229527559053
0
LINE
8
BLACK
6
CONTINUOUS
10
8.0301269291338588
20
-2.5322229527559053
11
8.0318338188976384
21
-2.529668464566929
0
LINE
8
BLACK
6
CONTINUOUS
10
8.0318338188976384
20
-2.529668464566929
11
8.0343883070866138
21
-2.5279615748031494
0
LINE
8
BLACK
6
CONTINUOUS
10
8.0343883070866138
20
-2.5279615748031494
11
8.03740157480315
21
-2.5273622047244095
0
LINE
8
BLACK
6
CONTINUOUS
10
8.03740157480315
20
-2.5273622047244095
11
8.0531496062992129
21
-2.5273622047244095
0
LINE
8
BLACK
6
CONTINUOUS
10
8.0531496062992129
20
-2.5273622047244095
11
8.0561628740157474
21
-2.5279615748031494
0
LINE
8
BLACK
6
CONTINUOUS
10
8.1211235039370084
20
-2.5279615748031494
11
8.1236779921259838
21
-2.529668464566929
0
LINE
8
BLACK
6
CONTINUOUS
10
8.1236779921259838
20
-2.529668464566929
11
8.1253848818897634
21
-2.5322229527559053
0
LINE
8
BLACK
6
CONTINUOUS
10
8.1253848818897634
20
-2.5322229527559053
11
8.1259842519685037
21
-2.535236220472441
0
LINE
8
BLACK
6
CONTINUOUS
10
8.1259842519685037
20
-2.535236220472441
11
8.1259842519685037
21
-2.5568897637795276
0
LINE
8
BLACK
6
CONTINUOUS
10
8.1259842519685037
20
-2.5568897637795276
11
8.1253848818897634
21
-2.5599030314960629
0
LINE
8
BLACK
6
CONTINUOUS
10
8.1253848818897634
20
-2.5599030314960629
11
8.1236779921259838
21
-2.5624575196850392
0
LINE
8
BLACK
6
CONTINUOUS
10
8.1236779921259838
20
-2.5624575196850392
11
8.1211235039370084
21
-2.5641644094488187
0
LINE
8
BLACK
6
CONTINUOUS
10
8.1211235039370084
20
-2.5641644094488187
11
8.1181102362204722
21
-2.5647637795275591
0
LINE
8
BLACK
6
CONTINUOUS
10
8.1181102362204722
20
-2.5647637795275591
11
8.1023622047244093
21
-2.5647637795275591
0
LINE
8
BLACK
6
CONTINUOUS
10
8.1023622047244093
20
-2.5647637795275591
11
8.0993489370078731
21
-2.5641644094488187
0
LINE
8
BLACK
6
CONTINUOUS
10
8.0993489370078731
20
-2.5641644094488187
11
8.0967944488188976
21
-2.5624575196850392
0
LINE
8
BLACK
6
CONTINUOUS
10
8.0967944488188976
20
-2.5624575196850392
11
8.0950875590551181
21
-2.5599030314960629
0
LINE
8
BLACK
6
CONTINUOUS
10
8.0950875590551181
20
-2.5599030314960629
11
8.0944881889763778
21
-2.5568897637795276
0
LINE
8
BLACK
6
CONTINUOUS
10
8.0944881889763778
20
-2.5568897637795276
11
8.0944881889763778
21
-2.535236220472441
0
LINE
8
BLACK
6
CONTINUOUS
10
8.0944881889763778
20
-2.535236220472441
11
8.0950875590551181
21
-2.5322229527559053
0
LINE
8
BLACK
6
CONTINUOUS
10
8.0950875590551181
20
-2.5322229527559053
11
8.0967944488188976
21
-2.529668464566929
0
LINE
8
BLACK
6
CONTINUOUS
10
8.0967944488188976
20
-2.529668464566929
11
8.0993489370078731
21
-2.5279615748031494
0
LINE
8
BLACK
6
CONTINUOUS
10
8.0993489370078731
20
-2.5279615748031494
11
8.1023622047244093
21
-2.5273622047244095
0
LINE
8
BLACK
6
CONTINUOUS
10
8.1023622047244093
20
-2.5273622047244095
11
8.1181102362204722
21
-2.5273622047244095
0
LINE
8
BLACK
6
CONTINUOUS
10
8.1181102362204722
20
-2.5273622047244095
11
8.1211235039370084
21
-2.5279615748031494
0
LINE
8
BLACK
6
CONTINUOUS
10
9.0933675984251963
20
-2.5169379527559053
11
9.0959220866141735
21
-2.5186448425196848
0
LINE
8
BLACK
6
CONTINUOUS
10
9.0959220866141735
20
-2.5186448425196848
11
9.097628976377953
21
-2.5211993307086615
0
LINE
8
BLACK
6
CONTINUOUS
10
9.097628976377953
20
-2.5211993307086615
11
9.0982283464566933
21
-2.5242125984251969
0
LINE
8
BLACK
6
CONTINUOUS
10
9.0982283464566933
20
-2.5242125984251969
11
9.0982283464566933
21
-2.5458661417322834
0
LINE
8
BLACK
6
CONTINUOUS
10
9.0982283464566933
20
-2.5458661417322834
11
9.097628976377953
21
-2.5488794094488187
0
LINE
8
BLACK
6
CONTINUOUS
10
9.097628976377953
20
-2.5488794094488187
11
9.0959220866141735
21
-2.551433897637795
0
LINE
8
BLACK
6
CONTINUOUS
10
9.0959220866141735
20
-2.551433897637795
11
9.0933675984251963
21
-2.5531407874015746
0
LINE
8
BLACK
6
CONTINUOUS
10
9.0933675984251963
20
-2.5531407874015746
11
9.0903543307086618
21
-2.5537401574803149
0
LINE
8
BLACK
6
CONTINUOUS
10
9.0903543307086618
20
-2.5537401574803149
11
9.0746062992125989
21
-2.5537401574803149
0
LINE
8
BLACK
6
CONTINUOUS
10
9.0746062992125989
20
-2.5537401574803149
11
9.0715930314960627
21
-2.5531407874015746
0
LINE
8
BLACK
6
CONTINUOUS
10
9.0715930314960627
20
-2.5531407874015746
11
9.0690385433070873
21
-2.551433897637795
0
LINE
8
BLACK
6
CONTINUOUS
10
9.0690385433070873
20
-2.551433897637795
11
9.0673316535433077
21
-2.5488794094488187
0
LINE
8
BLACK
6
CONTINUOUS
10
9.0673316535433077
20
-2.5488794094488187
11
9.0667322834645674
21
-2.5458661417322834
0
LINE
8
BLACK
6
CONTINUOUS
10
9.0667322834645674
20
-2.5458661417322834
11
9.0667322834645674
21
-2.5242125984251969
0
LINE
8
BLACK
6
CONTINUOUS
10
9.0667322834645674
20
-2.5242125984251969
11
9.0673316535433077
21
-2.5211993307086615
0
LINE
8
BLACK
6
CONTINUOUS
10
9.0673316535433077
20
-2.5211993307086615
11
9.0690385433070873
21
-2.5186448425196848
0
LINE
8
BLACK
6
CONTINUOUS
10
9.0690385433070873
20
-2.5186448425196848
11
9.0715930314960627
21
-2.5169379527559053
0
LINE
8
BLACK
6
CONTINUOUS
10
9.0715930314960627
20
-2.5169379527559053
11
9.0746062992125989
21
-2.5163385826771654
0
LINE
8
BLACK
6
CONTINUOUS
10
9.0746062992125989
20
-2.5163385826771654
11
9.0903543307086618
21
-2.5163385826771654
0
LINE
8
BLACK
6
CONTINUOUS
10
9.0903543307086618
20
-2.5163385826771654
11
9.0933675984251963
21
-2.5169379527559053
0
LINE
8
BLACK
6
CONTINUOUS
10
9.1583282283464573
20
-2.5169379527559053
11
9.1608827165354327
21
-2.5186448425196848
0
LINE
8
BLACK
6
CONTINUOUS
10
9.1608827165354327
20
-2.5186448425196848
11
9.1625896062992123
21
-2.5211993307086615
0
LINE
8
BLACK
6
CONTINUOUS
10
9.1625896062992123
20
-2.5211993307086615
11
9.1631889763779526
21
-2.5242125984251969
0
LINE
8
BLACK
6
CONTINUOUS
10
9.1631889763779526
20
-2.5242125984251969
11
9.1631889763779526
21
-2.5458661417322834
0
LINE
8
BLACK
6
CONTINUOUS
10
9.1631889763779526
20
-2.5458661417322834
11
9.1625896062992123
21
-2.5488794094488187
0
LINE
8
BLACK
6
CONTINUOUS
10
9.1625896062992123
20
-2.5488794094488187
11
9.1608827165354327
21
-2.551433897637795
0
LINE
8
BLACK
6
CONTINUOUS
10
9.1608827165354327
20
-2.551433897637795
11
9.1583282283464573
21
-2.5531407874015746
0
LINE
8
BLACK
6
CONTINUOUS
10
9.1583282283464573
20
-2.5531407874015746
11
9.1553149606299211
21
-2.5537401574803149
0
LINE
8
BLACK
6
CONTINUOUS
10
9.1553149606299211
20
-2.5537401574803149
11
9.1395669291338582
21
-2.5537401574803149
0
LINE
8
BLACK
6
CONTINUOUS
10
9.1395669291338582
20
-2.5537401574803149
11
9.1365536614173219
21
-2.5531407874015746
0
LINE
8
BLACK
6
CONTINUOUS
10
9.1365536614173219
20
-2.5531407874015746
11
9.1339991732283465
21
-2.551433897637795
0
LINE
8
BLACK
6
CONTINUOUS
10
9.1339991732283465
20
-2.551433897637795
11
9.132292283464567
21
-2.5488794094488187
0
LINE
8
BLACK
6
CONTINUOUS
10
9.132292283464567
20
-2.5488794094488187
11
9.1316929133858267
21
-2.5458661417322834
0
LINE
8
BLACK
6
CONTINUOUS
10
9.1316929133858267
20
-2.5458661417322834
11
9.1316929133858267
21
-2.5242125984251969
0
LINE
8
BLACK
6
CONTINUOUS
10
9.1316929133858267
20
-2.5242125984251969
11
9.132292283464567
21
-2.5211993307086615
0
LINE
8
BLACK
6
CONTINUOUS
10
9.132292283464567
20
-2.5211993307086615
11
9.1339991732283465
21
-2.5186448425196848
0
LINE
8
BLACK
6
CONTINUOUS
10
9.1339991732283465
20
-2.5186448425196848
11
9.1365536614173219
21
-2.5169379527559053
0
LINE
8
BLACK
6
CONTINUOUS
10
9.1365536614173219
20
-2.5169379527559053
11
9.1395669291338582
21
-2.5163385826771654
0
LINE
8
BLACK
6
CONTINUOUS
10
9.1395669291338582
20
-2.5163385826771654
11
9.1553149606299211
21
-2.5163385826771654
0
LINE
8
BLACK
6
CONTINUOUS
10
9.1553149606299211
20
-2.5163385826771654
11
9.1583282283464573
21
-2.5169379527559053
0
LINE
8
BLACK
6
CONTINUOUS
10
5.2387999606299207
20
-2.3150546062992126
11
5.2517128740157482
21
-2.3180018897637793
0
LINE
8
BLACK
6
CONTINUOUS
10
5.2517128740157482
20
-2.3180018897637793
11
5.2642145669291338
21
-2.3223764173228347
0
LINE
8
BLACK
6
CONTINUOUS
10
5.2642145669291338
20
-2.3223764173228347
11
5.2761479133858264
21
-2.3281232283464566
0
LINE
8
BLACK
6
CONTINUOUS
10
5.2761479133858264
20
-2.3281232283464566
11
5.2873627559055114
21
-2.335169960629921
0
LINE
8
BLACK
6
CONTINUOUS
10
5.2873627559055114
20
-2.335169960629921
11
5.2977181102362207
21
-2.3434281102362204
0
LINE
8
BLACK
6
CONTINUOUS
10
5.2977181102362207
20
-2.3434281102362204
11
5.3070837007874019
21
-2.3527937007874016
0
LINE
8
BLACK
6
CONTINUOUS
10
5.3070837007874019
20
-2.3527937007874016
11
5.3153418503937004
21
-2.36314905511811
0
LINE
8
BLACK
6
CONTINUOUS
10
5.3153418503937004
20
-2.36314905511811
11
5.3223885826771653
21
-2.3743638976377954
0
LINE
8
BLACK
6
CONTINUOUS
10
5.3223885826771653
20
-2.3743638976377954
11
5.3281353937007871
21
-2.3862972440944881
0
LINE
8
BLACK
6
CONTINUOUS
10
5.3281353937007871
20
-2.3862972440944881
11
5.3325099212598426
21
-2.3987989370078742
0
LINE
8
BLACK
6
CONTINUOUS
10
5.3325099212598426
20
-2.3987989370078742
11
5.3354572047244098
21
-2.4117118503937007
0
LINE
8
BLACK
6
CONTINUOUS
10
5.3354572047244098
20
-2.4117118503937007
11
5.3369401574803152
21
-2.4248735826771655
0
LINE
8
BLACK
6
CONTINUOUS
10
5.3369401574803152
20
-2.4248735826771655
11
5.3369401574803152
21
-2.4381185433070867
0
LINE
8
BLACK
6
CONTINUOUS
10
5.3369401574803152
20
-2.4381185433070867
11
5.3354572047244098
21
-2.4512802755905509
0
LINE
8
BLACK
6
CONTINUOUS
10
5.3354572047244098
20
-2.4512802755905509
11
5.3325099212598426
21
-2.464193188976378
0
LINE
8
BLACK
6
CONTINUOUS
10
5.3325099212598426
20
-2.464193188976378
11
5.3281353937007871
21
-2.4766948818897636
0
LINE
8
BLACK
6
CONTINUOUS
10
5.3281353937007871
20
-2.4766948818897636
11
5.3223885826771653
21
-2.4886282283464567
0
LINE
8
BLACK
6
CONTINUOUS
10
5.3223885826771653
20
-2.4886282283464567
11
5.3153418503937004
21
-2.4998430708661417
0
LINE
8
BLACK
6
CONTINUOUS
10
5.3153418503937004
20
-2.4998430708661417
11
5.3070837007874019
21
-2.5101984251968505
0
LINE
8
BLACK
6
CONTINUOUS
10
5.3070837007874019
20
-2.5101984251968505
11
5.2977181102362207
21
-2.5195640157480312
0
LINE
8
BLACK
6
CONTINUOUS
10
5.2977181102362207
20
-2.5195640157480312
11
5.2873627559055114
21
-2.5278221653543307
0
LINE
8
BLACK
6
CONTINUOUS
10
5.2873627559055114
20
-2.5278221653543307
11
5.2761479133858264
21
-2.5348688976377951
0
LINE
8
BLACK
6
CONTINUOUS
10
5.2761479133858264
20
-2.5348688976377951
11
5.2642145669291338
21
-2.5406157086614174
0
LINE
8
BLACK
6
CONTINUOUS
10
5.2642145669291338
20
-2.5406157086614174
11
5.2517128740157482
21
-2.5449902362204724
0
LINE
8
BLACK
6
CONTINUOUS
10
5.2517128740157482
20
-2.5449902362204724
11
5.2387999606299207
21
-2.5479375196850391
0
LINE
8
BLACK
6
CONTINUOUS
10
5.2387999606299207
20
-2.5479375196850391
11
5.2256382283464564
21
-2.5494204724409446
0
LINE
8
BLACK
6
CONTINUOUS
10
5.2256382283464564
20
-2.5494204724409446
11
5.2123932677165357
21
-2.5494204724409446
0
LINE
8
BLACK
6
CONTINUOUS
10
5.2123932677165357
20
-2.5494204724409446
11
5.1992315354330705
21
-2.5479375196850391
0
LINE
8
BLACK
6
CONTINUOUS
10
5.1992315354330705
20
-2.5479375196850391
11
5.1863186220472439
21
-2.5449902362204724
0
LINE
8
BLACK
6
CONTINUOUS
10
5.1863186220472439
20
-2.5449902362204724
11
5.1738169291338583
21
-2.5406157086614174
0
LINE
8
BLACK
6
CONTINUOUS
10
5.1738169291338583
20
-2.5406157086614174
11
5.1618835826771656
21
-2.5348688976377951
0
LINE
8
BLACK
6
CONTINUOUS
10
5.1618835826771656
20
-2.5348688976377951
11
5.1506687401574798
21
-2.5278221653543307
0
LINE
8
BLACK
6
CONTINUOUS
10
5.1506687401574798
20
-2.5278221653543307
11
5.1403133858267713
21
-2.5195640157480312
0
LINE
8
BLACK
6
CONTINUOUS
10
5.1403133858267713
20
-2.5195640157480312
11
5.1309477952755902
21
-2.5101984251968505
0
LINE
8
BLACK
6
CONTINUOUS
10
5.1309477952755902
20
-2.5101984251968505
11
5.1226896456692916
21
-2.4998430708661417
0
LINE
8
BLACK
6
CONTINUOUS
10
5.1226896456692916
20
-2.4998430708661417
11
5.1156429133858268
21
-2.4886282283464567
0
LINE
8
BLACK
6
CONTINUOUS
10
5.1156429133858268
20
-2.4886282283464567
11
5.1098961023622049
21
-2.4766948818897636
0
LINE
8
BLACK
6
CONTINUOUS
10
5.1098961023622049
20
-2.4766948818897636
11
5.1055215748031495
21
-2.464193188976378
0
LINE
8
BLACK
6
CONTINUOUS
10
5.1055215748031495
20
-2.464193188976378
11
5.1025742913385823
21
-2.4512802755905509
0
LINE
8
BLACK
6
CONTINUOUS
10
5.1025742913385823
20
-2.4512802755905509
11
5.1010913385826768
21
-2.4381185433070867
0
LINE
8
BLACK
6
CONTINUOUS
10
5.1010913385826768
20
-2.4381185433070867
11
5.1010913385826768
21
-2.4248735826771655
0
LINE
8
BLACK
6
CONTINUOUS
10
5.1010913385826768
20
-2.4248735826771655
11
5.1025742913385823
21
-2.4117118503937007
0
LINE
8
BLACK
6
CONTINUOUS
10
5.1025742913385823
20
-2.4117118503937007
11
5.1055215748031495
21
-2.3987989370078742
0
LINE
8
BLACK
6
CONTINUOUS
10
5.1055215748031495
20
-2.3987989370078742
11
5.1098961023622049
21
-2.3862972440944881
0
LINE
8
BLACK
6
CONTINUOUS
10
5.1098961023622049
20
-2.3862972440944881
11
5.1156429133858268
21
-2.3743638976377954
0
LINE
8
BLACK
6
CONTINUOUS
10
5.1156429133858268
20
-2.3743638976377954
11
5.1226896456692916
21
-2.36314905511811
0
LINE
8
BLACK
6
CONTINUOUS
10
5.1226896456692916
20
-2.36314905511811
11
5.1309477952755902
21
-2.3527937007874016
0
LINE
8
BLACK
6
CONTINUOUS
10
5.1309477952755902
20
-2.3527937007874016
11
5.1403133858267713
21
-2.3434281102362204
0
LINE
8
BLACK
6
CONTINUOUS
10
5.1403133858267713
20
-2.3434281102362204
11
5.1506687401574798
21
-2.335169960629921
0
LINE
8
BLACK
6
CONTINUOUS
10
5.1506687401574798
20
-2.335169960629921
11
5.1618835826771656
21
-2.3281232283464566
0
LINE
8
BLACK
6
CONTINUOUS
10
5.1618835826771656
20
-2.3281232283464566
11
5.1738169291338583
21
-2.3223764173228347
0
LINE
8
BLACK
6
CONTINUOUS
10
5.1738169291338583
20
-2.3223764173228347
11
5.1863186220472439
21
-2.3180018897637793
0
LINE
8
BLACK
6
CONTINUOUS
10
5.1863186220472439
20
-2.3180018897637793
11
5.1992315354330705
21
-2.3150546062992126
0
LINE
8
BLACK
6
CONTINUOUS
10
5.1992315354330705
20
-2.3150546062992126
11
5.2123932677165357
21
-2.3135716535433071
0
LINE
8
BLACK
6
CONTINUOUS
10
5.2123932677165357
20
-2.3135716535433071
11
5.2256382283464564
21
-2.3135716535433071
0
LINE
8
BLACK
6
CONTINUOUS
10
5.2256382283464564
20
-2.3135716535433071
11
5.2387999606299207
21
-2.3150546062992126
0
LINE
8
BLACK
6
CONTINUOUS
10
5.7789574409448816
20
-2.3150546062992126
11
5.7918703543307082
21
-2.3180018897637793
0
LINE
8
BLACK
6
CONTINUOUS
10
5.7918703543307082
20
-2.3180018897637793
11
5.8043720472440947
21
-2.3223764173228347
0
LINE
8
BLACK
6
CONTINUOUS
10
5.8043720472440947
20
-2.3223764173228347
11
5.8163053937007874
21
-2.3281232283464566
0
LINE
8
BLACK
6
CONTINUOUS
10
5.8163053937007874
20
-2.3281232283464566
11
5.8275202362204723
21
-2.335169960629921
0
LINE
8
BLACK
6
CONTINUOUS
10
5.8275202362204723
20
-2.335169960629921
11
5.8378755905511808
21
-2.3434281102362204
0
LINE
8
BLACK
6
CONTINUOUS
10
5.8378755905511808
20
-2.3434281102362204
11
5.8472411811023619
21
-2.3527937007874016
0
LINE
8
BLACK
6
CONTINUOUS
10
5.8472411811023619
20
-2.3527937007874016
11
5.8554993307086614
21
-2.36314905511811
0
LINE
8
BLACK
6
CONTINUOUS
10
5.8554993307086614
20
-2.36314905511811
11
5.8625460629921262
21
-2.3743638976377954
0
LINE
8
BLACK
6
CONTINUOUS
10
5.8625460629921262
20
-2.3743638976377954
11
5.8682928740157481
21
-2.3862972440944881
0
LINE
8
BLACK
6
CONTINUOUS
10
5.8682928740157481
20
-2.3862972440944881
11
5.8726674015748026
21
-2.3987989370078742
0
LINE
8
BLACK
6
CONTINUOUS
10
5.8726674015748026
20
-2.3987989370078742
11
5.8756146850393698
21
-2.4117118503937007
0
LINE
8
BLACK
6
CONTINUOUS
10
5.8756146850393698
20
-2.4117118503937007
11
5.8770976377952753
21
-2.4248735826771655
0
LINE
8
BLACK
6
CONTINUOUS
10
5.8770976377952753
20
-2.4248735826771655
11
5.8770976377952753
21
-2.4381185433070867
0
LINE
8
BLACK
6
CONTINUOUS
10
5.8770976377952753
20
-2.4381185433070867
11
5.8756146850393698
21
-2.4512802755905509
0
LINE
8
BLACK
6
CONTINUOUS
10
5.8756146850393698
20
-2.4512802755905509
11
5.8726674015748026
21
-2.464193188976378
0
LINE
8
BLACK
6
CONTINUOUS
10
5.8726674015748026
20
-2.464193188976378
11
5.8682928740157481
21
-2.4766948818897636
0
LINE
8
BLACK
6
CONTINUOUS
10
5.8682928740157481
20
-2.4766948818897636
11
5.8625460629921262
21
-2.4886282283464567
0
LINE
8
BLACK
6
CONTINUOUS
10
5.8625460629921262
20
-2.4886282283464567
11
5.8554993307086614
21
-2.4998430708661417
0
LINE
8
BLACK
6
CONTINUOUS
10
5.8554993307086614
20
-2.4998430708661417
11
5.8472411811023619
21
-2.5101984251968505
0
LINE
8
BLACK
6
CONTINUOUS
10
5.8472411811023619
20
-2.5101984251968505
11
5.8378755905511808
21
-2.5195640157480312
0
LINE
8
BLACK
6
CONTINUOUS
10
5.8378755905511808
20
-2.5195640157480312
11
5.8275202362204723
21
-2.5278221653543307
0
LINE
8
BLACK
6
CONTINUOUS
10
5.8275202362204723
20
-2.5278221653543307
11
5.8163053937007874
21
-2.5348688976377951
0
LINE
8
BLACK
6
CONTINUOUS
10
5.8163053937007874
20
-2.5348688976377951
11
5.8043720472440947
21
-2.5406157086614174
0
LINE
8
BLACK
6
CONTINUOUS
10
5.8043720472440947
20
-2.5406157086614174
11
5.7918703543307082
21
-2.5449902362204724
0
LINE
8
BLACK
6
CONTINUOUS
10
5.7918703543307082
20
-2.5449902362204724
11
5.7789574409448816
21
-2.5479375196850391
0
LINE
8
BLACK
6
CONTINUOUS
10
5.7789574409448816
20
-2.5479375196850391
11
5.7657957086614173
21
-2.5494204724409446
0
LINE
8
BLACK
6
CONTINUOUS
10
5.7657957086614173
20
-2.5494204724409446
11
5.7525507480314957
21
-2.5494204724409446
0
LINE
8
BLACK
6
CONTINUOUS
10
5.7525507480314957
20
-2.5494204724409446
11
5.7393890157480314
21
-2.5479375196850391
0
LINE
8
BLACK
6
CONTINUOUS
10
5.7393890157480314
20
-2.5479375196850391
11
5.7264761023622048
21
-2.5449902362204724
0
LINE
8
BLACK
6
CONTINUOUS
10
5.7264761023622048
20
-2.5449902362204724
11
5.7139744094488192
21
-2.5406157086614174
0
LINE
8
BLACK
6
CONTINUOUS
10
5.7139744094488192
20
-2.5406157086614174
11
5.7020410629921257
21
-2.5348688976377951
0
LINE
8
BLACK
6
CONTINUOUS
10
5.7020410629921257
20
-2.5348688976377951
11
5.6908262204724407
21
-2.5278221653543307
0
LINE
8
BLACK
6
CONTINUOUS
10
5.6908262204724407
20
-2.5278221653543307
11
5.6804708661417322
21
-2.5195640157480312
0
LINE
8
BLACK
6
CONTINUOUS
10
5.6804708661417322
20
-2.5195640157480312
11
5.6711052755905511
21
-2.5101984251968505
0
LINE
8
BLACK
6
CONTINUOUS
10
5.6711052755905511
20
-2.5101984251968505
11
5.6628471259842517
21
-2.4998430708661417
0
LINE
8
BLACK
6
CONTINUOUS
10
5.6628471259842517
20
-2.4998430708661417
11
5.6558003937007877
21
-2.4886282283464567
0
LINE
8
BLACK
6
CONTINUOUS
10
5.6558003937007877
20
-2.4886282283464567
11
5.650053582677165
21
-2.4766948818897636
0
LINE
8
BLACK
6
CONTINUOUS
10
5.650053582677165
20
-2.4766948818897636
11
5.6456790551181104
21
-2.464193188976378
0
LINE
8
BLACK
6
CONTINUOUS
10
5.6456790551181104
20
-2.464193188976378
11
5.6427317716535432
21
-2.4512802755905509
0
LINE
8
BLACK
6
CONTINUOUS
10
5.6427317716535432
20
-2.4512802755905509
11
5.6412488188976377
21
-2.4381185433070867
0
LINE
8
BLACK
6
CONTINUOUS
10
5.6412488188976377
20
-2.4381185433070867
11
5.6412488188976377
21
-2.4248735826771655
0
LINE
8
BLACK
6
CONTINUOUS
10
5.6412488188976377
20
-2.4248735826771655
11
5.6427317716535432
21
-2.4117118503937007
0
LINE
8
BLACK
6
CONTINUOUS
10
5.6427317716535432
20
-2.4117118503937007
11
5.6456790551181104
21
-2.3987989370078742
0
LINE
8
BLACK
6
CONTINUOUS
10
5.6456790551181104
20
-2.3987989370078742
11
5.650053582677165
21
-2.3862972440944881
0
LINE
8
BLACK
6
CONTINUOUS
10
5.650053582677165
20
-2.3862972440944881
11
5.6558003937007877
21
-2.3743638976377954
0
LINE
8
BLACK
6
CONTINUOUS
10
5.6558003937007877
20
-2.3743638976377954
11
5.6628471259842517
21
-2.36314905511811
0
LINE
8
BLACK
6
CONTINUOUS
10
5.6628471259842517
20
-2.36314905511811
11
5.6711052755905511
21
-2.3527937007874016
0
LINE
8
BLACK
6
CONTINUOUS
10
5.6711052755905511
20
-2.3527937007874016
11
5.6804708661417322
21
-2.3434281102362204
0
LINE
8
BLACK
6
CONTINUOUS
10
5.6804708661417322
20
-2.3434281102362204
11
5.6908262204724407
21
-2.335169960629921
0
LINE
8
BLACK
6
CONTINUOUS
10
5.6908262204724407
20
-2.335169960629921
11
5.7020410629921257
21
-2.3281232283464566
0
LINE
8
BLACK
6
CONTINUOUS
10
5.7020410629921257
20
-2.3281232283464566
11
5.7139744094488192
21
-2.3223764173228347
0
LINE
8
BLACK
6
CONTINUOUS
10
5.7139744094488192
20
-2.3223764173228347
11
5.7264761023622048
21
-2.3180018897637793
0
LINE
8
BLACK
6
CONTINUOUS
10
5.7264761023622048
20
-2.3180018897637793
11
5.7393890157480314
21
-2.3150546062992126
0
LINE
8
BLACK
6
CONTINUOUS
10
5.7393890157480314
20
-2.3150546062992126
11
5.7525507480314957
21
-2.3135716535433071
0
LINE
8
BLACK
6
CONTINUOUS
10
5.7525507480314957
20
-2.3135716535433071
11
5.7657957086614173
21
-2.3135716535433071
0
LINE
8
BLACK
6
CONTINUOUS
10
5.7657957086614173
20
-2.3135716535433071
11
5.7789574409448816
21
-2.3150546062992126
0
LINE
8
BLACK
6
CONTINUOUS
10
8.7143140157480321
20
-2.5004195669291338
11
8.7161021653543305
21
-2.5016143700787401
0
LINE
8
BLACK
6
CONTINUOUS
10
8.7161021653543305
20
-2.5016143700787401
11
8.7172969685039376
21
-2.5034025196850394
0
LINE
8
BLACK
6
CONTINUOUS
10
8.7172969685039376
20
-2.5034025196850394
11
8.7177165354330715
21
-2.5055118110236219
0
LINE
8
BLACK
6
CONTINUOUS
10
8.7177165354330715
20
-2.5055118110236219
11
8.7177165354330715
21
-2.5188976377952756
0
LINE
8
BLACK
6
CONTINUOUS
10
8.7177165354330715
20
-2.5188976377952756
11
8.7172969685039376
21
-2.5210069291338582
0
LINE
8
BLACK
6
CONTINUOUS
10
8.7172969685039376
20
-2.5210069291338582
11
8.7161021653543305
21
-2.5227950787401574
0
LINE
8
BLACK
6
CONTINUOUS
10
8.7161021653543305
20
-2.5227950787401574
11
8.7143140157480321
21
-2.5239898818897637
0
LINE
8
BLACK
6
CONTINUOUS
10
8.7143140157480321
20
-2.5239898818897637
11
8.7122047244094478
21
-2.5244094488188975
0
LINE
8
BLACK
6
CONTINUOUS
10
8.7122047244094478
20
-2.5244094488188975
11
8.7011811023622041
21
-2.5244094488188975
0
LINE
8
BLACK
6
CONTINUOUS
10
8.7011811023622041
20
-2.5244094488188975
11
8.6990718110236216
21
-2.5239898818897637
0
LINE
8
BLACK
6
CONTINUOUS
10
8.6990718110236216
20
-2.5239898818897637
11
8.6972836614173232
21
-2.5227950787401574
0
LINE
8
BLACK
6
CONTINUOUS
10
8.6972836614173232
20
-2.5227950787401574
11
8.696088858267716
21
-2.5210069291338582
0
LINE
8
BLACK
6
CONTINUOUS
10
8.696088858267716
20
-2.5210069291338582
11
8.6956692913385822
21
-2.5188976377952756
0
LINE
8
BLACK
6
CONTINUOUS
10
8.6956692913385822
20
-2.5188976377952756
11
8.6956692913385822
21
-2.5055118110236219
0
LINE
8
BLACK
6
CONTINUOUS
10
8.6956692913385822
20
-2.5055118110236219
11
8.696088858267716
21
-2.5034025196850394
0
LINE
8
BLACK
6
CONTINUOUS
10
8.696088858267716
20
-2.5034025196850394
11
8.6972836614173232
21
-2.5016143700787401
0
LINE
8
BLACK
6
CONTINUOUS
10
8.6972836614173232
20
-2.5016143700787401
11
8.6990718110236216
21
-2.5004195669291338
0
LINE
8
BLACK
6
CONTINUOUS
10
8.6990718110236216
20
-2.5004195669291338
11
8.7011811023622041
21
-2.5
0
LINE
8
BLACK
6
CONTINUOUS
10
8.7011811023622041
20
-2.5
11
8.7122047244094478
21
-2.5
0
LINE
8
BLACK
6
CONTINUOUS
10
8.7122047244094478
20
-2.5
11
8.7143140157480321
21
-2.5004195669291338
0
LINE
8
BLACK
6
CONTINUOUS
10
8.7521092913385825
20
-2.5004195669291338
11
8.7538974409448809
21
-2.5016143700787401
0
LINE
8
BLACK
6
CONTINUOUS
10
8.7538974409448809
20
-2.5016143700787401
11
8.7550922440944881
21
-2.5034025196850394
0
LINE
8
BLACK
6
CONTINUOUS
10
8.7550922440944881
20
-2.5034025196850394
11
8.7555118110236219
21
-2.5055118110236219
0
LINE
8
BLACK
6
CONTINUOUS
10
8.7555118110236219
20
-2.5055118110236219
11
8.7555118110236219
21
-2.5188976377952756
0
LINE
8
BLACK
6
CONTINUOUS
10
8.7555118110236219
20
-2.5188976377952756
11
8.7550922440944881
21
-2.5210069291338582
0
LINE
8
BLACK
6
CONTINUOUS
10
8.7550922440944881
20
-2.5210069291338582
11
8.7538974409448809
21
-2.5227950787401574
0
LINE
8
BLACK
6
CONTINUOUS
10
8.7538974409448809
20
-2.5227950787401574
11
8.7521092913385825
21
-2.5239898818897637
0
LINE
8
BLACK
6
CONTINUOUS
10
8.7521092913385825
20
-2.5239898818897637
11
8.75
21
-2.5244094488188975
0
LINE
8
BLACK
6
CONTINUOUS
10
8.75
20
-2.5244094488188975
11
8.7389763779527563
21
-2.5244094488188975
0
LINE
8
BLACK
6
CONTINUOUS
10
8.7389763779527563
20
-2.5244094488188975
11
8.7368670866141738
21
-2.5239898818897637
0
LINE
8
BLACK
6
CONTINUOUS
10
8.7368670866141738
20
-2.5239898818897637
11
8.7350789370078736
21
-2.5227950787401574
0
LINE
8
BLACK
6
CONTINUOUS
10
8.7350789370078736
20
-2.5227950787401574
11
8.7338841338582682
21
-2.5210069291338582
0
LINE
8
BLACK
6
CONTINUOUS
10
8.7338841338582682
20
-2.5210069291338582
11
8.7334645669291344
21
-2.5188976377952756
0
LINE
8
BLACK
6
CONTINUOUS
10
8.7334645669291344
20
-2.5188976377952756
11
8.7334645669291344
21
-2.5055118110236219
0
LINE
8
BLACK
6
CONTINUOUS
10
8.7334645669291344
20
-2.5055118110236219
11
8.7338841338582682
21
-2.5034025196850394
0
LINE
8
BLACK
6
CONTINUOUS
10
8.7338841338582682
20
-2.5034025196850394
11
8.7350789370078736
21
-2.5016143700787401
0
LINE
8
BLACK
6
CONTINUOUS
10
8.7350789370078736
20
-2.5016143700787401
11
8.7368670866141738
21
-2.5004195669291338
0
LINE
8
BLACK
6
CONTINUOUS
10
8.7368670866141738
20
-2.5004195669291338
11
8.7389763779527563
21
-2.5
0
LINE
8
BLACK
6
CONTINUOUS
10
8.7389763779527563
20
-2.5
11
8.75
21
-2.5
0
LINE
8
BLACK
6
CONTINUOUS
10
8.75
20
-2.5
11
8.7521092913385825
21
-2.5004195669291338
0
LINE
8
BLACK
6
CONTINUOUS
10
9.4998016535433063
20
-2.4797894094488186
11
9.5025956692913383
21
-2.4816562992125983
0
LINE
8
BLACK
6
CONTINUOUS
10
9.5025956692913383
20
-2.4816562992125983
11
9.5044625590551171
21
-2.4844503149606298
0
LINE
8
BLACK
6
CONTINUOUS
10
9.5044625590551171
20
-2.4844503149606298
11
9.5051181102362197
21
-2.4877460629921258
0
LINE
8
BLACK
6
CONTINUOUS
10
9.5051181102362197
20
-2.4877460629921258
11
9.5051181102362197
21
-2.5079232283464568
0
LINE
8
BLACK
6
CONTINUOUS
10
9.5051181102362197
20
-2.5079232283464568
11
9.5044625590551171
21
-2.5112189763779527
0
LINE
8
BLACK
6
CONTINUOUS
10
9.5044625590551171
20
-2.5112189763779527
11
9.5025956692913383
21
-2.5140129921259842
0
LINE
8
BLACK
6
CONTINUOUS
10
9.5025956692913383
20
-2.5140129921259842
11
9.4998016535433063
21
-2.5158798818897639
0
LINE
8
BLACK
6
CONTINUOUS
10
9.4998016535433063
20
-2.5158798818897639
11
9.4965059055118104
21
-2.516535433070866
0
LINE
8
BLACK
6
CONTINUOUS
10
9.4965059055118104
20
-2.516535433070866
11
9.4792814960629919
21
-2.516535433070866
0
LINE
8
BLACK
6
CONTINUOUS
10
9.4792814960629919
20
-2.516535433070866
11
9.475985748031496
21
-2.5158798818897639
0
LINE
8
BLACK
6
CONTINUOUS
10
9.475985748031496
20
-2.5158798818897639
11
9.473191732283464
21
-2.5140129921259842
0
LINE
8
BLACK
6
CONTINUOUS
10
9.473191732283464
20
-2.5140129921259842
11
9.4713248425196852
21
-2.5112189763779527
0
LINE
8
BLACK
6
CONTINUOUS
10
9.4713248425196852
20
-2.5112189763779527
11
9.4706692913385826
21
-2.5079232283464568
0
LINE
8
BLACK
6
CONTINUOUS
10
9.4706692913385826
20
-2.5079232283464568
11
9.4706692913385826
21
-2.4877460629921258
0
LINE
8
BLACK
6
CONTINUOUS
10
9.4706692913385826
20
-2.4877460629921258
11
9.4713248425196852
21
-2.4844503149606298
0
LINE
8
BLACK
6
CONTINUOUS
10
9.4713248425196852
20
-2.4844503149606298
11
9.473191732283464
21
-2.4816562992125983
0
LINE
8
BLACK
6
CONTINUOUS
10
9.473191732283464
20
-2.4816562992125983
11
9.475985748031496
21
-2.4797894094488186
0
LINE
8
BLACK
6
CONTINUOUS
10
9.475985748031496
20
-2.4797894094488186
11
9.4792814960629919
21
-2.4791338582677165
0
LINE
8
BLACK
6
CONTINUOUS
10
9.4792814960629919
20
-2.4791338582677165
11
9.4965059055118104
21
-2.4791338582677165
0
LINE
8
BLACK
6
CONTINUOUS
10
9.4965059055118104
20
-2.4791338582677165
11
9.4998016535433063
21
-2.4797894094488186
0
LINE
8
BLACK
6
CONTINUOUS
10
9.5618095275590544
20
-2.4797894094488186
11
9.5646035433070864
21
-2.4816562992125983
0
LINE
8
BLACK
6
CONTINUOUS
10
9.5646035433070864
20
-2.4816562992125983
11
9.5664704330708652
21
-2.4844503149606298
0
LINE
8
BLACK
6
CONTINUOUS
10
9.5664704330708652
20
-2.4844503149606298
11
9.5671259842519678
21
-2.4877460629921258
0
LINE
8
BLACK
6
CONTINUOUS
10
9.5671259842519678
20
-2.4877460629921258
11
9.5671259842519678
21
-2.5079232283464568
0
LINE
8
BLACK
6
CONTINUOUS
10
9.5671259842519678
20
-2.5079232283464568
11
9.5664704330708652
21
-2.5112189763779527
0
LINE
8
BLACK
6
CONTINUOUS
10
9.5664704330708652
20
-2.5112189763779527
11
9.5646035433070864
21
-2.5140129921259842
0
LINE
8
BLACK
6
CONTINUOUS
10
9.5646035433070864
20
-2.5140129921259842
11
9.5618095275590544
21
-2.5158798818897639
0
LINE
8
BLACK
6
CONTINUOUS
10
9.5618095275590544
20
-2.5158798818897639
11
9.5585137795275585
21
-2.516535433070866
0
LINE
8
BLACK
6
CONTINUOUS
10
9.5585137795275585
20
-2.516535433070866
11
9.54128937007874
21
-2.516535433070866
0
LINE
8
BLACK
6
CONTINUOUS
10
9.54128937007874
20
-2.516535433070866
11
9.5379936220472441
21
-2.5158798818897639
0
LINE
8
BLACK
6
CONTINUOUS
10
9.5379936220472441
20
-2.5158798818897639
11
9.5351996062992121
21
-2.5140129921259842
0
LINE
8
BLACK
6
CONTINUOUS
10
9.5351996062992121
20
-2.5140129921259842
11
9.5333327165354333
21
-2.5112189763779527
0
LINE
8
BLACK
6
CONTINUOUS
10
9.5333327165354333
20
-2.5112189763779527
11
9.5326771653543307
21
-2.5079232283464568
0
LINE
8
BLACK
6
CONTINUOUS
10
9.5326771653543307
20
-2.5079232283464568
11
9.5326771653543307
21
-2.4877460629921258
0
LINE
8
BLACK
6
CONTINUOUS
10
9.5326771653543307
20
-2.4877460629921258
11
9.5333327165354333
21
-2.4844503149606298
0
LINE
8
BLACK
6
CONTINUOUS
10
9.5333327165354333
20
-2.4844503149606298
11
9.5351996062992121
21
-2.4816562992125983
0
LINE
8
BLACK
6
CONTINUOUS
10
9.5351996062992121
20
-2.4816562992125983
11
9.5379936220472441
21
-2.4797894094488186
0
LINE
8
BLACK
6
CONTINUOUS
10
9.5379936220472441
20
-2.4797894094488186
11
9.54128937007874
21
-2.4791338582677165
0
LINE
8
BLACK
6
CONTINUOUS
10
9.54128937007874
20
-2.4791338582677165
11
9.5585137795275585
21
-2.4791338582677165
0
LINE
8
BLACK
6
CONTINUOUS
10
9.5585137795275585
20
-2.4791338582677165
11
9.5618095275590544
21
-2.4797894094488186
0
LINE
8
BLACK
6
CONTINUOUS
10
8.2133176377952761
20
-2.4945910236220472
11
8.2145949212598417
21
-2.4954444488188976
0
LINE
8
BLACK
6
CONTINUOUS
10
8.2145949212598417
20
-2.4954444488188976
11
8.215448346456693
21
-2.4967217322834645
0
LINE
8
BLACK
6
CONTINUOUS
10
8.215448346456693
20
-2.4967217322834645
11
8.2157480314960623
21
-2.4982283464566928
0
LINE
8
BLACK
6
CONTINUOUS
10
8.2157480314960623
20
-2.4982283464566928
11
8.2157480314960623
21
-2.5061023622047243
0
LINE
8
BLACK
6
CONTINUOUS
10
8.2157480314960623
20
-2.5061023622047243
11
8.215448346456693
21
-2.5076089763779525
0
LINE
8
BLACK
6
CONTINUOUS
10
8.215448346456693
20
-2.5076089763779525
11
8.2145949212598417
21
-2.5088862598425195
0
LINE
8
BLACK
6
CONTINUOUS
10
8.2145949212598417
20
-2.5088862598425195
11
8.2133176377952761
21
-2.5097396850393698
0
LINE
8
BLACK
6
CONTINUOUS
10
8.2133176377952761
20
-2.5097396850393698
11
8.2118110236220474
21
-2.51003937007874
0
LINE
8
BLACK
6
CONTINUOUS
10
8.2118110236220474
20
-2.51003937007874
11
8.194094488188977
21
-2.51003937007874
0
LINE
8
BLACK
6
CONTINUOUS
10
8.194094488188977
20
-2.51003937007874
11
8.1925878740157483
21
-2.5097396850393698
0
LINE
8
BLACK
6
CONTINUOUS
10
8.1925878740157483
20
-2.5097396850393698
11
8.1913105905511809
21
-2.5088862598425195
0
LINE
8
BLACK
6
CONTINUOUS
10
8.1913105905511809
20
-2.5088862598425195
11
8.1904571653543297
21
-2.5076089763779525
0
LINE
8
BLACK
6
CONTINUOUS
10
8.1904571653543297
20
-2.5076089763779525
11
8.1901574803149604
21
-2.5061023622047243
0
LINE
8
BLACK
6
CONTINUOUS
10
8.1901574803149604
20
-2.5061023622047243
11
8.1901574803149604
21
-2.4982283464566928
0
LINE
8
BLACK
6
CONTINUOUS
10
8.1901574803149604
20
-2.4982283464566928
11
8.1904571653543297
21
-2.4967217322834645
0
LINE
8
BLACK
6
CONTINUOUS
10
8.1904571653543297
20
-2.4967217322834645
11
8.1913105905511809
21
-2.4954444488188976
0
LINE
8
BLACK
6
CONTINUOUS
10
8.1913105905511809
20
-2.4954444488188976
11
8.1925878740157483
21
-2.4945910236220472
0
LINE
8
BLACK
6
CONTINUOUS
10
8.1925878740157483
20
-2.4945910236220472
11
8.194094488188977
21
-2.494291338582677
0
LINE
8
BLACK
6
CONTINUOUS
10
8.194094488188977
20
-2.494291338582677
11
8.2118110236220474
21
-2.494291338582677
0
LINE
8
BLACK
6
CONTINUOUS
10
8.2118110236220474
20
-2.494291338582677
11
8.2133176377952761
21
-2.4945910236220472
0
LINE
8
BLACK
6
CONTINUOUS
10
8.2881207874015743
20
-2.4945910236220472
11
8.2893980708661417
21
-2.4954444488188976
0
LINE
8
BLACK
6
CONTINUOUS
10
8.2893980708661417
20
-2.4954444488188976
11
8.2902514960629912
21
-2.4967217322834645
0
LINE
8
BLACK
6
CONTINUOUS
10
8.2902514960629912
20
-2.4967217322834645
11
8.2905511811023622
21
-2.4982283464566928
0
LINE
8
BLACK
6
CONTINUOUS
10
8.2905511811023622
20
-2.4982283464566928
11
8.2905511811023622
21
-2.5061023622047243
0
LINE
8
BLACK
6
CONTINUOUS
10
8.2905511811023622
20
-2.5061023622047243
11
8.2902514960629912
21
-2.5076089763779525
0
LINE
8
BLACK
6
CONTINUOUS
10
8.2902514960629912
20
-2.5076089763779525
11
8.2893980708661417
21
-2.5088862598425195
0
LINE
8
BLACK
6
CONTINUOUS
10
8.2893980708661417
20
-2.5088862598425195
11
8.2881207874015743
21
-2.5097396850393698
0
LINE
8
BLACK
6
CONTINUOUS
10
8.2881207874015743
20
-2.5097396850393698
11
8.2866141732283456
21
-2.51003937007874
0
LINE
8
BLACK
6
CONTINUOUS
10
8.2866141732283456
20
-2.51003937007874
11
8.2688976377952752
21
-2.51003937007874
0
LINE
8
BLACK
6
CONTINUOUS
10
8.2688976377952752
20
-2.51003937007874
11
8.2673910236220465
21
-2.5097396850393698
0
LINE
8
BLACK
6
CONTINUOUS
10
8.2673910236220465
20
-2.5097396850393698
11
8.2661137401574809
21
-2.5088862598425195
0
LINE
8
BLACK
6
CONTINUOUS
10
8.2661137401574809
20
-2.5088862598425195
11
8.2652603149606296
21
-2.5076089763779525
0
LINE
8
BLACK
6
CONTINUOUS
10
8.2652603149606296
20
-2.5076089763779525
11
8.2649606299212603
21
-2.5061023622047243
0
LINE
8
BLACK
6
CONTINUOUS
10
8.2649606299212603
20
-2.5061023622047243
11
8.2649606299212603
21
-2.4982283464566928
0
LINE
8
BLACK
6
CONTINUOUS
10
8.2649606299212603
20
-2.4982283464566928
11
8.2652603149606296
21
-2.4967217322834645
0
LINE
8
BLACK
6
CONTINUOUS
10
8.2652603149606296
20
-2.4967217322834645
11
8.2661137401574809
21
-2.4954444488188976
0
LINE
8
BLACK
6
CONTINUOUS
10
8.2661137401574809
20
-2.4954444488188976
11
8.2673910236220465
21
-2.4945910236220472
0
LINE
8
BLACK
6
CONTINUOUS
10
8.2673910236220465
20
-2.4945910236220472
11
8.2688976377952752
21
-2.494291338582677
0
LINE
8
BLACK
6
CONTINUOUS
10
8.2688976377952752
20
-2.494291338582677
11
8.2866141732283456
21
-2.494291338582677
0
LINE
8
BLACK
6
CONTINUOUS
10
8.2866141732283456
20
-2.494291338582677
11
8.2881207874015743
21
-2.4945910236220472
0
LINE
8
BLACK
6
CONTINUOUS
10
4.8490065354330705
20
-2.3108394488188977
11
4.8597672834645671
21
-2.3132955511811022
0
LINE
8
BLACK
6
CONTINUOUS
10
4.8597672834645671
20
-2.3132955511811022
11
4.8701853937007868
21
-2.3169409842519686
0
LINE
8
BLACK
6
CONTINUOUS
10
4.8701853937007868
20
-2.3169409842519686
11
4.8801298031496065
21
-2.3217299606299213
0
LINE
8
BLACK
6
CONTINUOUS
10
4.8801298031496065
20
-2.3217299606299213
11
4.8894755118110238
21
-2.3276022834645667
0
LINE
8
BLACK
6
CONTINUOUS
10
4.8894755118110238
20
-2.3276022834645667
11
4.8981049606299214
21
-2.3344840551181103
0
LINE
8
BLACK
6
CONTINUOUS
10
4.8981049606299214
20
-2.3344840551181103
11
4.9059096456692917
21
-2.3422887401574801
0
LINE
8
BLACK
6
CONTINUOUS
10
4.9059096456692917
20
-2.3422887401574801
11
4.9127914173228344
21
-2.3509181889763777
0
LINE
8
BLACK
6
CONTINUOUS
10
4.9127914173228344
20
-2.3509181889763777
11
4.9186637401574806
21
-2.3602638976377954
0
LINE
8
BLACK
6
CONTINUOUS
10
4.9186637401574806
20
-2.3602638976377954
11
4.9234527165354329
21
-2.3702083070866142
0
LINE
8
BLACK
6
CONTINUOUS
10
4.9234527165354329
20
-2.3702083070866142
11
4.9270981496062989
21
-2.3806264173228344
0
LINE
8
BLACK
6
CONTINUOUS
10
4.9270981496062989
20
-2.3806264173228344
11
4.9295542519685034
21
-2.3913871653543306
0
LINE
8
BLACK
6
CONTINUOUS
10
4.9295542519685034
20
-2.3913871653543306
11
4.9307900393700788
21
-2.4023552755905513
0
LINE
8
BLACK
6
CONTINUOUS
10
4.9307900393700788
20
-2.4023552755905513
11
4.9307900393700788
21
-2.4133927559055119
0
LINE
8
BLACK
6
CONTINUOUS
10
4.9307900393700788
20
-2.4133927559055119
11
4.9295542519685034
21
-2.4243608661417322
0
LINE
8
BLACK
6
CONTINUOUS
10
4.9295542519685034
20
-2.4243608661417322
11
4.9270981496062989
21
-2.4351216141732284
0
LINE
8
BLACK
6
CONTINUOUS
10
4.9270981496062989
20
-2.4351216141732284
11
4.9234527165354329
21
-2.4455397244094486
0
LINE
8
BLACK
6
CONTINUOUS
10
4.9234527165354329
20
-2.4455397244094486
11
4.9186637401574806
21
-2.4554841338582678
0
LINE
8
BLACK
6
CONTINUOUS
10
4.9186637401574806
20
-2.4554841338582678
11
4.9127914173228344
21
-2.4648298425196851
0
LINE
8
BLACK
6
CONTINUOUS
10
4.9127914173228344
20
-2.4648298425196851
11
4.9059096456692917
21
-2.4734592913385827
0
LINE
8
BLACK
6
CONTINUOUS
10
4.9059096456692917
20
-2.4734592913385827
11
4.8981049606299214
21
-2.4812639763779525
0
LINE
8
BLACK
6
CONTINUOUS
10
4.8981049606299214
20
-2.4812639763779525
11
4.8894755118110238
21
-2.4881457480314961
0
LINE
8
BLACK
6
CONTINUOUS
10
4.8894755118110238
20
-2.4881457480314961
11
4.8801298031496065
21
-2.4940180708661415
0
LINE
8
BLACK
6
CONTINUOUS
10
4.8801298031496065
20
-2.4940180708661415
11
4.8701853937007868
21
-2.4988070472440946
0
LINE
8
BLACK
6
CONTINUOUS
10
4.8701853937007868
20
-2.4988070472440946
11
4.8597672834645671
21
-2.5024524803149606
0
LINE
8
BLACK
6
CONTINUOUS
10
4.8597672834645671
20
-2.5024524803149606
11
4.8490065354330705
21
-2.5049085826771651
0
LINE
8
BLACK
6
CONTINUOUS
10
4.8490065354330705
20
-2.5049085826771651
11
4.8380384251968502
21
-2.50614437007874
0
LINE
8
BLACK
6
CONTINUOUS
10
4.8380384251968502
20
-2.50614437007874
11
4.82700094488189
21
-2.50614437007874
0
LINE
8
BLACK
6
CONTINUOUS
10
4.82700094488189
20
-2.50614437007874
11
4.8160328346456689
21
-2.5049085826771651
0
LINE
8
BLACK
6
CONTINUOUS
10
4.8160328346456689
20
-2.5049085826771651
11
4.8052720866141732
21
-2.5024524803149606
0
LINE
8
BLACK
6
CONTINUOUS
10
4.8052720866141732
20
-2.5024524803149606
11
4.7948539763779525
21
-2.4988070472440946
0
LINE
8
BLACK
6
CONTINUOUS
10
4.7948539763779525
20
-2.4988070472440946
11
4.7849095669291337
21
-2.4940180708661415
0
LINE
8
BLACK
6
CONTINUOUS
10
4.7849095669291337
20
-2.4940180708661415
11
4.7755638582677165
21
-2.4881457480314961
0
LINE
8
BLACK
6
CONTINUOUS
10
4.7755638582677165
20
-2.4881457480314961
11
4.7669344094488189
21
-2.4812639763779525
0
LINE
8
BLACK
6
CONTINUOUS
10
4.7669344094488189
20
-2.4812639763779525
11
4.7591297244094486
21
-2.4734592913385827
0
LINE
8
BLACK
6
CONTINUOUS
10
4.7591297244094486
20
-2.4734592913385827
11
4.7522479527559058
21
-2.4648298425196851
0
LINE
8
BLACK
6
CONTINUOUS
10
4.7522479527559058
20
-2.4648298425196851
11
4.7463756299212596
21
-2.4554841338582678
0
LINE
8
BLACK
6
CONTINUOUS
10
4.7463756299212596
20
-2.4554841338582678
11
4.7415866535433073
21
-2.4455397244094486
0
LINE
8
BLACK
6
CONTINUOUS
10
4.7415866535433073
20
-2.4455397244094486
11
4.7379412204724405
21
-2.4351216141732284
0
LINE
8
BLACK
6
CONTINUOUS
10
4.7379412204724405
20
-2.4351216141732284
11
4.735485118110236
21
-2.4243608661417322
0
LINE
8
BLACK
6
CONTINUOUS
10
4.735485118110236
20
-2.4243608661417322
11
4.7342493307086615
21
-2.4133927559055119
0
LINE
8
BLACK
6
CONTINUOUS
10
4.7342493307086615
20
-2.4133927559055119
11
4.7342493307086615
21
-2.4023552755905513
0
LINE
8
BLACK
6
CONTINUOUS
10
4.7342493307086615
20
-2.4023552755905513
11
4.735485118110236
21
-2.3913871653543306
0
LINE
8
BLACK
6
CONTINUOUS
10
4.735485118110236
20
-2.3913871653543306
11
4.7379412204724405
21
-2.3806264173228344
0
LINE
8
BLACK
6
CONTINUOUS
10
4.7379412204724405
20
-2.3806264173228344
11
4.7415866535433073
21
-2.3702083070866142
0
LINE
8
BLACK
6
CONTINUOUS
10
4.7415866535433073
20
-2.3702083070866142
11
4.7463756299212596
21
-2.3602638976377954
0
LINE
8
BLACK
6
CONTINUOUS
10
4.7463756299212596
20
-2.3602638976377954
11
4.7522479527559058
21
-2.3509181889763777
0
LINE
8
BLACK
6
CONTINUOUS
10
4.7522479527559058
20
-2.3509181889763777
11
4.7591297244094486
21
-2.3422887401574801
0
LINE
8
BLACK
6
CONTINUOUS
10
4.7591297244094486
20
-2.3422887401574801
11
4.7669344094488189
21
-2.3344840551181103
0
LINE
8
BLACK
6
CONTINUOUS
10
4.7669344094488189
20
-2.3344840551181103
11
4.7755638582677165
21
-2.3276022834645667
0
LINE
8
BLACK
6
CONTINUOUS
10
4.7755638582677165
20
-2.3276022834645667
11
4.7849095669291337
21
-2.3217299606299213
0
LINE
8
BLACK
6
CONTINUOUS
10
4.7849095669291337
20
-2.3217299606299213
11
4.7948539763779525
21
-2.3169409842519686
0
LINE
8
BLACK
6
CONTINUOUS
10
4.7948539763779525
20
-2.3169409842519686
11
4.8052720866141732
21
-2.3132955511811022
0
LINE
8
BLACK
6
CONTINUOUS
10
4.8052720866141732
20
-2.3132955511811022
11
4.8160328346456689
21
-2.3108394488188977
0
LINE
8
BLACK
6
CONTINUOUS
10
4.8160328346456689
20
-2.3108394488188977
11
4.82700094488189
21
-2.3096036614173228
0
LINE
8
BLACK
6
CONTINUOUS
10
4.82700094488189
20
-2.3096036614173228
11
4.8380384251968502
21
-2.3096036614173228
0
LINE
8
BLACK
6
CONTINUOUS
10
4.8380384251968502
20
-2.3096036614173228
11
4.8490065354330705
21
-2.3108394488188977
0
LINE
8
BLACK
6
CONTINUOUS
10
6.1600301574803149
20
-2.3108394488188977
11
6.1707909055118106
21
-2.3132955511811022
0
LINE
8
BLACK
6
CONTINUOUS
10
6.1707909055118106
20
-2.3132955511811022
11
6.1812090157480313
21
-2.3169409842519686
0
LINE
8
BLACK
6
CONTINUOUS
10
6.1812090157480313
20
-2.3169409842519686
11
6.1911534251968501
21
-2.3217299606299213
0
LINE
8
BLACK
6
CONTINUOUS
10
6.1911534251968501
20
-2.3217299606299213
11
6.2004991338582673
21
-2.3276022834645667
0
LINE
8
BLACK
6
CONTINUOUS
10
6.2004991338582673
20
-2.3276022834645667
11
6.2091285826771649
21
-2.3344840551181103
0
LINE
8
BLACK
6
CONTINUOUS
10
6.2091285826771649
20
-2.3344840551181103
11
6.2169332677165352
21
-2.3422887401574801
0
LINE
8
BLACK
6
CONTINUOUS
10
6.2169332677165352
20
-2.3422887401574801
11
6.2238150393700788
21
-2.3509181889763777
0
LINE
8
BLACK
6
CONTINUOUS
10
6.2238150393700788
20
-2.3509181889763777
11
6.2296873622047242
21
-2.3602638976377954
0
LINE
8
BLACK
6
CONTINUOUS
10
6.2296873622047242
20
-2.3602638976377954
11
6.2344763385826774
21
-2.3702083070866142
0
LINE
8
BLACK
6
CONTINUOUS
10
6.2344763385826774
20
-2.3702083070866142
11
6.2381217716535433
21
-2.3806264173228344
0
LINE
8
BLACK
6
CONTINUOUS
10
6.2381217716535433
20
-2.3806264173228344
11
6.2405778740157478
21
-2.3913871653543306
0
LINE
8
BLACK
6
CONTINUOUS
10
6.2405778740157478
20
-2.3913871653543306
11
6.2418136614173223
21
-2.4023552755905513
0
LINE
8
BLACK
6
CONTINUOUS
10
6.2418136614173223
20
-2.4023552755905513
11
6.2418136614173223
21
-2.4133927559055119
0
LINE
8
BLACK
6
CONTINUOUS
10
6.2418136614173223
20
-2.4133927559055119
11
6.2405778740157478
21
-2.4243608661417322
0
LINE
8
BLACK
6
CONTINUOUS
10
6.2405778740157478
20
-2.4243608661417322
11
6.2381217716535433
21
-2.4351216141732284
0
LINE
8
BLACK
6
CONTINUOUS
10
6.2381217716535433
20
-2.4351216141732284
11
6.2344763385826774
21
-2.4455397244094486
0
LINE
8
BLACK
6
CONTINUOUS
10
6.2344763385826774
20
-2.4455397244094486
11
6.2296873622047242
21
-2.4554841338582678
0
LINE
8
BLACK
6
CONTINUOUS
10
6.2296873622047242
20
-2.4554841338582678
11
6.2238150393700788
21
-2.4648298425196851
0
LINE
8
BLACK
6
CONTINUOUS
10
6.2238150393700788
20
-2.4648298425196851
11
6.2169332677165352
21
-2.4734592913385827
0
LINE
8
BLACK
6
CONTINUOUS
10
6.2169332677165352
20
-2.4734592913385827
11
6.2091285826771649
21
-2.4812639763779525
0
LINE
8
BLACK
6
CONTINUOUS
10
6.2091285826771649
20
-2.4812639763779525
11
6.2004991338582673
21
-2.4881457480314961
0
LINE
8
BLACK
6
CONTINUOUS
10
6.2004991338582673
20
-2.4881457480314961
11
6.1911534251968501
21
-2.4940180708661415
0
LINE
8
BLACK
6
CONTINUOUS
10
6.1911534251968501
20
-2.4940180708661415
11
6.1812090157480313
21
-2.4988070472440946
0
LINE
8
BLACK
6
CONTINUOUS
10
6.1812090157480313
20
-2.4988070472440946
11
6.1707909055118106
21
-2.5024524803149606
0
LINE
8
BLACK
6
CONTINUOUS
10
6.1707909055118106
20
-2.5024524803149606
11
6.1600301574803149
21
-2.5049085826771651
0
LINE
8
BLACK
6
CONTINUOUS
10
6.1600301574803149
20
-2.5049085826771651
11
6.1490620472440947
21
-2.50614437007874
0
LINE
8
BLACK
6
CONTINUOUS
10
6.1490620472440947
20
-2.50614437007874
11
6.1380245669291336
21
-2.50614437007874
0
LINE
8
BLACK
6
CONTINUOUS
10
6.1380245669291336
20
-2.50614437007874
11
6.1270564566929133
21
-2.5049085826771651
0
LINE
8
BLACK
6
CONTINUOUS
10
6.1270564566929133
20
-2.5049085826771651
11
6.1162957086614176
21
-2.5024524803149606
0
LINE
8
BLACK
6
CONTINUOUS
10
6.1162957086614176
20
-2.5024524803149606
11
6.105877598425197
21
-2.4988070472440946
0
LINE
8
BLACK
6
CONTINUOUS
10
6.105877598425197
20
-2.4988070472440946
11
6.0959331889763781
21
-2.4940180708661415
0
LINE
8
BLACK
6
CONTINUOUS
10
6.0959331889763781
20
-2.4940180708661415
11
6.0865874803149609
21
-2.4881457480314961
0
LINE
8
BLACK
6
CONTINUOUS
10
6.0865874803149609
20
-2.4881457480314961
11
6.0779580314960633
21
-2.4812639763779525
0
LINE
8
BLACK
6
CONTINUOUS
10
6.0779580314960633
20
-2.4812639763779525
11
6.070153346456693
21
-2.4734592913385827
0
LINE
8
BLACK
6
CONTINUOUS
10
6.070153346456693
20
-2.4734592913385827
11
6.0632715748031494
21
-2.4648298425196851
0
LINE
8
BLACK
6
CONTINUOUS
10
6.0632715748031494
20
-2.4648298425196851
11
6.057399251968504
21
-2.4554841338582678
0
LINE
8
BLACK
6
CONTINUOUS
10
6.057399251968504
20
-2.4554841338582678
11
6.0526102755905509
21
-2.4455397244094486
0
LINE
8
BLACK
6
CONTINUOUS
10
6.0526102755905509
20
-2.4455397244094486
11
6.0489648425196849
21
-2.4351216141732284
0
LINE
8
BLACK
6
CONTINUOUS
10
6.0489648425196849
20
-2.4351216141732284
11
6.0465087401574804
21
-2.4243608661417322
0
LINE
8
BLACK
6
CONTINUOUS
10
6.0465087401574804
20
-2.4243608661417322
11
6.045272952755905
21
-2.4133927559055119
0
LINE
8
BLACK
6
CONTINUOUS
10
6.045272952755905
20
-2.4133927559055119
11
6.045272952755905
21
-2.4023552755905513
0
LINE
8
BLACK
6
CONTINUOUS
10
6.045272952755905
20
-2.4023552755905513
11
6.0465087401574804
21
-2.3913871653543306
0
LINE
8
BLACK
6
CONTINUOUS
10
6.0465087401574804
20
-2.3913871653543306
11
6.0489648425196849
21
-2.3806264173228344
0
LINE
8
BLACK
6
CONTINUOUS
10
6.0489648425196849
20
-2.3806264173228344
11
6.0526102755905509
21
-2.3702083070866142
0
LINE
8
BLACK
6
CONTINUOUS
10
6.0526102755905509
20
-2.3702083070866142
11
6.057399251968504
21
-2.3602638976377954
0
LINE
8
BLACK
6
CONTINUOUS
10
6.057399251968504
20
-2.3602638976377954
11
6.0632715748031494
21
-2.3509181889763777
0
LINE
8
BLACK
6
CONTINUOUS
10
6.0632715748031494
20
-2.3509181889763777
11
6.070153346456693
21
-2.3422887401574801
0
LINE
8
BLACK
6
CONTINUOUS
10
6.070153346456693
20
-2.3422887401574801
11
6.0779580314960633
21
-2.3344840551181103
0
LINE
8
BLACK
6
CONTINUOUS
10
6.0779580314960633
20
-2.3344840551181103
11
6.0865874803149609
21
-2.3276022834645667
0
LINE
8
BLACK
6
CONTINUOUS
10
6.0865874803149609
20
-2.3276022834645667
11
6.0959331889763781
21
-2.3217299606299213
0
LINE
8
BLACK
6
CONTINUOUS
10
6.0959331889763781
20
-2.3217299606299213
11
6.105877598425197
21
-2.3169409842519686
0
LINE
8
BLACK
6
CONTINUOUS
10
6.105877598425197
20
-2.3169409842519686
11
6.1162957086614176
21
-2.3132955511811022
0
LINE
8
BLACK
6
CONTINUOUS
10
6.1162957086614176
20
-2.3132955511811022
11
6.1270564566929133
21
-2.3108394488188977
0
LINE
8
BLACK
6
CONTINUOUS
10
6.1270564566929133
20
-2.3108394488188977
11
6.1380245669291336
21
-2.3096036614173228
0
LINE
8
BLACK
6
CONTINUOUS
10
6.1380245669291336
20
-2.3096036614173228
11
6.1490620472440947
21
-2.3096036614173228
0
LINE
8
BLACK
6
CONTINUOUS
10
6.1490620472440947
20
-2.3096036614173228
11
6.1600301574803149
21
-2.3108394488188977
0
LINE
8
BLACK
6
CONTINUOUS
10
6.5423869685039371
20
-2.4553799606299211
11
6.5451809842519681
21
-2.4572468503937008
0
LINE
8
BLACK
6
CONTINUOUS
10
6.5451809842519681
20
-2.4572468503937008
11
6.5470478740157478
21
-2.4600408661417323
0
LINE
8
BLACK
6
CONTINUOUS
10
6.5470478740157478
20
-2.4600408661417323
11
6.5477034251968504
21
-2.4633366141732282
0
LINE
8
BLACK
6
CONTINUOUS
10
6.5477034251968504
20
-2.4633366141732282
11
6.5477034251968504
21
-2.4805610236220472
0
LINE
8
BLACK
6
CONTINUOUS
10
6.5477034251968504
20
-2.4805610236220472
11
6.5470478740157478
21
-2.4838567716535431
0
LINE
8
BLACK
6
CONTINUOUS
10
6.5470478740157478
20
-2.4838567716535431
11
6.5451809842519681
21
-2.4866507874015746
0
LINE
8
BLACK
6
CONTINUOUS
10
6.5451809842519681
20
-2.4866507874015746
11
6.5423869685039371
21
-2.4885176771653543
0
LINE
8
BLACK
6
CONTINUOUS
10
6.5423869685039371
20
-2.4885176771653543
11
6.5390912204724412
21
-2.4891732283464565
0
LINE
8
BLACK
6
CONTINUOUS
10
6.5390912204724412
20
-2.4891732283464565
11
6.5189140551181097
21
-2.4891732283464565
0
LINE
8
BLACK
6
CONTINUOUS
10
6.5189140551181097
20
-2.4891732283464565
11
6.5156183070866138
21
-2.4885176771653543
0
LINE
8
BLACK
6
CONTINUOUS
10
6.5156183070866138
20
-2.4885176771653543
11
6.5128242913385828
21
-2.4866507874015746
0
LINE
8
BLACK
6
CONTINUOUS
10
6.5128242913385828
20
-2.4866507874015746
11
6.5109574015748031
21
-2.4838567716535431
0
LINE
8
BLACK
6
CONTINUOUS
10
6.5109574015748031
20
-2.4838567716535431
11
6.5103018503937005
21
-2.4805610236220472
0
LINE
8
BLACK
6
CONTINUOUS
10
6.5103018503937005
20
-2.4805610236220472
11
6.5103018503937005
21
-2.4633366141732282
0
LINE
8
BLACK
6
CONTINUOUS
10
6.5103018503937005
20
-2.4633366141732282
11
6.5109574015748031
21
-2.4600408661417323
0
LINE
8
BLACK
6
CONTINUOUS
10
6.5109574015748031
20
-2.4600408661417323
11
6.5128242913385828
21
-2.4572468503937008
0
LINE
8
BLACK
6
CONTINUOUS
10
6.5128242913385828
20
-2.4572468503937008
11
6.5156183070866138
21
-2.4553799606299211
0
LINE
8
BLACK
6
CONTINUOUS
10
6.5156183070866138
20
-2.4553799606299211
11
6.5189140551181097
21
-2.454724409448819
0
LINE
8
BLACK
6
CONTINUOUS
10
6.5189140551181097
20
-2.454724409448819
11
6.5390912204724412
21
-2.454724409448819
0
LINE
8
BLACK
6
CONTINUOUS
10
6.5390912204724412
20
-2.454724409448819
11
6.5423869685039371
21
-2.4553799606299211
0
LINE
8
BLACK
6
CONTINUOUS
10
6.5997360629921262
20
-2.4553799606299211
11
6.6025300787401573
21
-2.4572468503937008
0
LINE
8
BLACK
6
CONTINUOUS
10
6.6025300787401573
20
-2.4572468503937008
11
6.604396968503937
21
-2.4600408661417323
0
LINE
8
BLACK
6
CONTINUOUS
10
6.604396968503937
20
-2.4600408661417323
11
6.6050525196850396
21
-2.4633366141732282
0
LINE
8
BLACK
6
CONTINUOUS
10
6.6050525196850396
20
-2.4633366141732282
11
6.6050525196850396
21
-2.4805610236220472
0
LINE
8
BLACK
6
CONTINUOUS
10
6.6050525196850396
20
-2.4805610236220472
11
6.604396968503937
21
-2.4838567716535431
0
LINE
8
BLACK
6
CONTINUOUS
10
6.604396968503937
20
-2.4838567716535431
11
6.6025300787401573
21
-2.4866507874015746
0
LINE
8
BLACK
6
CONTINUOUS
10
6.6025300787401573
20
-2.4866507874015746
11
6.5997360629921262
21
-2.4885176771653543
0
LINE
8
BLACK
6
CONTINUOUS
10
6.5997360629921262
20
-2.4885176771653543
11
6.5964403149606294
21
-2.4891732283464565
0
LINE
8
BLACK
6
CONTINUOUS
10
6.5964403149606294
20
-2.4891732283464565
11
6.5762631496062989
21
-2.4891732283464565
0
LINE
8
BLACK
6
CONTINUOUS
10
6.5762631496062989
20
-2.4891732283464565
11
6.572967401574803
21
-2.4885176771653543
0
LINE
8
BLACK
6
CONTINUOUS
10
6.572967401574803
20
-2.4885176771653543
11
6.5701733858267719
21
-2.4866507874015746
0
LINE
8
BLACK
6
CONTINUOUS
10
6.5701733858267719
20
-2.4866507874015746
11
6.5683064960629922
21
-2.4838567716535431
0
LINE
8
BLACK
6
CONTINUOUS
10
6.5683064960629922
20
-2.4838567716535431
11
6.5676509448818896
21
-2.4805610236220472
0
LINE
8
BLACK
6
CONTINUOUS
10
6.5676509448818896
20
-2.4805610236220472
11
6.5676509448818896
21
-2.4633366141732282
0
LINE
8
BLACK
6
CONTINUOUS
10
6.5676509448818896
20
-2.4633366141732282
11
6.5683064960629922
21
-2.4600408661417323
0
LINE
8
BLACK
6
CONTINUOUS
10
6.5683064960629922
20
-2.4600408661417323
11
6.5701733858267719
21
-2.4572468503937008
0
LINE
8
BLACK
6
CONTINUOUS
10
6.5701733858267719
20
-2.4572468503937008
11
6.572967401574803
21
-2.4553799606299211
0
LINE
8
BLACK
6
CONTINUOUS
10
6.572967401574803
20
-2.4553799606299211
11
6.5762631496062989
21
-2.454724409448819
0
LINE
8
BLACK
6
CONTINUOUS
10
6.5762631496062989
20
-2.454724409448819
11
6.5964403149606294
21
-2.454724409448819
0
LINE
8
BLACK
6
CONTINUOUS
10
6.5964403149606294
20
-2.454724409448819
11
6.5997360629921262
21
-2.4553799606299211
0
LINE
8
BLACK
6
CONTINUOUS
10
6.6570851181102357
20
-2.4553799606299211
11
6.6598791338582677
21
-2.4572468503937008
0
LINE
8
BLACK
6
CONTINUOUS
10
6.6598791338582677
20
-2.4572468503937008
11
6.6617460236220474
21
-2.4600408661417323
0
LINE
8
BLACK
6
CONTINUOUS
10
6.6617460236220474
20
-2.4600408661417323
11
6.6624015748031491
21
-2.4633366141732282
0
LINE
8
BLACK
6
CONTINUOUS
10
6.6624015748031491
20
-2.4633366141732282
11
6.6624015748031491
21
-2.4805610236220472
0
LINE
8
BLACK
6
CONTINUOUS
10
6.6624015748031491
20
-2.4805610236220472
11
6.6617460236220474
21
-2.4838567716535431
0
LINE
8
BLACK
6
CONTINUOUS
10
6.6617460236220474
20
-2.4838567716535431
11
6.6598791338582677
21
-2.4866507874015746
0
LINE
8
BLACK
6
CONTINUOUS
10
6.6598791338582677
20
-2.4866507874015746
11
6.6570851181102357
21
-2.4885176771653543
0
LINE
8
BLACK
6
CONTINUOUS
10
6.6570851181102357
20
-2.4885176771653543
11
6.6537893700787398
21
-2.4891732283464565
0
LINE
8
BLACK
6
CONTINUOUS
10
6.6537893700787398
20
-2.4891732283464565
11
6.6336122047244093
21
-2.4891732283464565
0
LINE
8
BLACK
6
CONTINUOUS
10
6.6336122047244093
20
-2.4891732283464565
11
6.6303164566929134
21
-2.4885176771653543
0
LINE
8
BLACK
6
CONTINUOUS
10
6.6303164566929134
20
-2.4885176771653543
11
6.6275224409448814
21
-2.4866507874015746
0
LINE
8
BLACK
6
CONTINUOUS
10
6.6275224409448814
20
-2.4866507874015746
11
6.6256555511811026
21
-2.4838567716535431
0
LINE
8
BLACK
6
CONTINUOUS
10
6.6256555511811026
20
-2.4838567716535431
11
6.625
21
-2.4805610236220472
0
LINE
8
BLACK
6
CONTINUOUS
10
6.625
20
-2.4805610236220472
11
6.625
21
-2.4633366141732282
0
LINE
8
BLACK
6
CONTINUOUS
10
6.625
20
-2.4633366141732282
11
6.6256555511811026
21
-2.4600408661417323
0
LINE
8
BLACK
6
CONTINUOUS
10
6.6256555511811026
20
-2.4600408661417323
11
6.6275224409448814
21
-2.4572468503937008
0
LINE
8
BLACK
6
CONTINUOUS
10
6.6275224409448814
20
-2.4572468503937008
11
6.6303164566929134
21
-2.4553799606299211
0
LINE
8
BLACK
6
CONTINUOUS
10
6.6303164566929134
20
-2.4553799606299211
11
6.6336122047244093
21
-2.454724409448819
0
LINE
8
BLACK
6
CONTINUOUS
10
6.6336122047244093
20
-2.454724409448819
11
6.6537893700787398
21
-2.454724409448819
0
LINE
8
BLACK
6
CONTINUOUS
10
6.6537893700787398
20
-2.454724409448819
11
6.6570851181102357
21
-2.4553799606299211
0
LINE
8
BLACK
6
CONTINUOUS
10
6.7144342125984249
20
-2.4553799606299211
11
6.7172282283464568
21
-2.4572468503937008
0
LINE
8
BLACK
6
CONTINUOUS
10
6.7172282283464568
20
-2.4572468503937008
11
6.7190951181102356
21
-2.4600408661417323
0
LINE
8
BLACK
6
CONTINUOUS
10
6.7190951181102356
20
-2.4600408661417323
11
6.7197506692913382
21
-2.4633366141732282
0
LINE
8
BLACK
6
CONTINUOUS
10
6.7197506692913382
20
-2.4633366141732282
11
6.7197506692913382
21
-2.4805610236220472
0
LINE
8
BLACK
6
CONTINUOUS
10
6.7197506692913382
20
-2.4805610236220472
11
6.7190951181102356
21
-2.4838567716535431
0
LINE
8
BLACK
6
CONTINUOUS
10
6.7190951181102356
20
-2.4838567716535431
11
6.7172282283464568
21
-2.4866507874015746
0
LINE
8
BLACK
6
CONTINUOUS
10
6.7172282283464568
20
-2.4866507874015746
11
6.7144342125984249
21
-2.4885176771653543
0
LINE
8
BLACK
6
CONTINUOUS
10
6.7144342125984249
20
-2.4885176771653543
11
6.711138464566929
21
-2.4891732283464565
0
LINE
8
BLACK
6
CONTINUOUS
10
6.711138464566929
20
-2.4891732283464565
11
6.6909612992125984
21
-2.4891732283464565
0
LINE
8
BLACK
6
CONTINUOUS
10
6.6909612992125984
20
-2.4891732283464565
11
6.6876655511811025
21
-2.4885176771653543
0
LINE
8
BLACK
6
CONTINUOUS
10
6.6876655511811025
20
-2.4885176771653543
11
6.6848715354330706
21
-2.4866507874015746
0
LINE
8
BLACK
6
CONTINUOUS
10
6.6848715354330706
20
-2.4866507874015746
11
6.6830046456692909
21
-2.4838567716535431
0
LINE
8
BLACK
6
CONTINUOUS
10
6.6830046456692909
20
-2.4838567716535431
11
6.6823490944881891
21
-2.4805610236220472
0
LINE
8
BLACK
6
CONTINUOUS
10
6.6823490944881891
20
-2.4805610236220472
11
6.6823490944881891
21
-2.4633366141732282
0
LINE
8
BLACK
6
CONTINUOUS
10
6.6823490944881891
20
-2.4633366141732282
11
6.6830046456692909
21
-2.4600408661417323
0
LINE
8
BLACK
6
CONTINUOUS
10
6.6830046456692909
20
-2.4600408661417323
11
6.6848715354330706
21
-2.4572468503937008
0
LINE
8
BLACK
6
CONTINUOUS
10
6.6848715354330706
20
-2.4572468503937008
11
6.6876655511811025
21
-2.4553799606299211
0
LINE
8
BLACK
6
CONTINUOUS
10
6.6876655511811025
20
-2.4553799606299211
11
6.6909612992125984
21
-2.454724409448819
0
LINE
8
BLACK
6
CONTINUOUS
10
6.6909612992125984
20
-2.454724409448819
11
6.711138464566929
21
-2.454724409448819
0
LINE
8
BLACK
6
CONTINUOUS
10
6.711138464566929
20
-2.454724409448819
11
6.7144342125984249
21
-2.4553799606299211
0
LINE
8
BLACK
6
CONTINUOUS
10
9.3299817716535429
20
-2.4484340157480315
11
9.3325362598425201
21
-2.4501409055118111
0
LINE
8
BLACK
6
CONTINUOUS
10
9.3325362598425201
20
-2.4501409055118111
11
9.3342431496062996
21
-2.4526953937007874
0
LINE
8
BLACK
6
CONTINUOUS
10
9.3342431496062996
20
-2.4526953937007874
11
9.33484251968504
21
-2.4557086614173227
0
LINE
8
BLACK
6
CONTINUOUS
10
9.33484251968504
20
-2.4557086614173227
11
9.33484251968504
21
-2.4773622047244093
0
LINE
8
BLACK
6
CONTINUOUS
10
9.33484251968504
20
-2.4773622047244093
11
9.3342431496062996
21
-2.480375472440945
0
LINE
8
BLACK
6
CONTINUOUS
10
9.3342431496062996
20
-2.480375472440945
11
9.3325362598425201
21
-2.4829299606299213
0
LINE
8
BLACK
6
CONTINUOUS
10
9.3325362598425201
20
-2.4829299606299213
11
9.3299817716535429
21
-2.4846368503937009
0
LINE
8
BLACK
6
CONTINUOUS
10
9.3299817716535429
20
-2.4846368503937009
11
9.3269685039370085
21
-2.4852362204724407
0
LINE
8
BLACK
6
CONTINUOUS
10
9.3269685039370085
20
-2.4852362204724407
11
9.3112204724409455
21
-2.4852362204724407
0
LINE
8
BLACK
6
CONTINUOUS
10
9.3112204724409455
20
-2.4852362204724407
11
9.3082072047244093
21
-2.4846368503937009
0
LINE
8
BLACK
6
CONTINUOUS
10
9.3082072047244093
20
-2.4846368503937009
11
9.3056527165354321
21
-2.4829299606299213
0
LINE
8
BLACK
6
CONTINUOUS
10
9.3056527165354321
20
-2.4829299606299213
11
9.3039458267716526
21
-2.480375472440945
0
LINE
8
BLACK
6
CONTINUOUS
10
9.3039458267716526
20
-2.480375472440945
11
9.303346456692914
21
-2.4773622047244093
0
LINE
8
BLACK
6
CONTINUOUS
10
9.303346456692914
20
-2.4773622047244093
11
9.303346456692914
21
-2.4557086614173227
0
LINE
8
BLACK
6
CONTINUOUS
10
9.303346456692914
20
-2.4557086614173227
11
9.3039458267716526
21
-2.4526953937007874
0
LINE
8
BLACK
6
CONTINUOUS
10
9.3039458267716526
20
-2.4526953937007874
11
9.3056527165354321
21
-2.4501409055118111
0
LINE
8
BLACK
6
CONTINUOUS
10
9.3056527165354321
20
-2.4501409055118111
11
9.3082072047244093
21
-2.4484340157480315
0
LINE
8
BLACK
6
CONTINUOUS
10
9.3082072047244093
20
-2.4484340157480315
11
9.3112204724409455
21
-2.4478346456692912
0
LINE
8
BLACK
6
CONTINUOUS
10
9.3112204724409455
20
-2.4478346456692912
11
9.3269685039370085
21
-2.4478346456692912
0
LINE
8
BLACK
6
CONTINUOUS
10
9.3269685039370085
20
-2.4478346456692912
11
9.3299817716535429
21
-2.4484340157480315
0
LINE
8
BLACK
6
CONTINUOUS
10
9.3949424015748022
20
-2.4484340157480315
11
9.3974968897637794
21
-2.4501409055118111
0
LINE
8
BLACK
6
CONTINUOUS
10
9.3974968897637794
20
-2.4501409055118111
11
9.3992037795275589
21
-2.4526953937007874
0
LINE
8
BLACK
6
CONTINUOUS
10
9.3992037795275589
20
-2.4526953937007874
11
9.3998031496062993
21
-2.4557086614173227
0
LINE
8
BLACK
6
CONTINUOUS
10
9.3998031496062993
20
-2.4557086614173227
11
9.3998031496062993
21
-2.4773622047244093
0
LINE
8
BLACK
6
CONTINUOUS
10
9.3998031496062993
20
-2.4773622047244093
11
9.3992037795275589
21
-2.480375472440945
0
LINE
8
BLACK
6
CONTINUOUS
10
9.3992037795275589
20
-2.480375472440945
11
9.3974968897637794
21
-2.4829299606299213
0
LINE
8
BLACK
6
CONTINUOUS
10
9.3974968897637794
20
-2.4829299606299213
11
9.3949424015748022
21
-2.4846368503937009
0
LINE
8
BLACK
6
CONTINUOUS
10
9.3949424015748022
20
-2.4846368503937009
11
9.3919291338582678
21
-2.4852362204724407
0
LINE
8
BLACK
6
CONTINUOUS
10
9.3919291338582678
20
-2.4852362204724407
11
9.3761811023622048
21
-2.4852362204724407
0
LINE
8
BLACK
6
CONTINUOUS
10
9.3761811023622048
20
-2.4852362204724407
11
9.3731678346456686
21
-2.4846368503937009
0
LINE
8
BLACK
6
CONTINUOUS
10
9.3731678346456686
20
-2.4846368503937009
11
9.3706133464566932
21
-2.4829299606299213
0
LINE
8
BLACK
6
CONTINUOUS
10
9.3706133464566932
20
-2.4829299606299213
11
9.3689064566929137
21
-2.480375472440945
0
LINE
8
BLACK
6
CONTINUOUS
10
9.3689064566929137
20
-2.480375472440945
11
9.3683070866141733
21
-2.4773622047244093
0
LINE
8
BLACK
6
CONTINUOUS
10
9.3683070866141733
20
-2.4773622047244093
11
9.3683070866141733
21
-2.4557086614173227
0
LINE
8
BLACK
6
CONTINUOUS
10
9.3683070866141733
20
-2.4557086614173227
11
9.3689064566929137
21
-2.4526953937007874
0
LINE
8
BLACK
6
CONTINUOUS
10
9.3689064566929137
20
-2.4526953937007874
11
9.3706133464566932
21
-2.4501409055118111
0
LINE
8
BLACK
6
CONTINUOUS
10
9.3706133464566932
20
-2.4501409055118111
11
9.3731678346456686
21
-2.4484340157480315
0
LINE
8
BLACK
6
CONTINUOUS
10
9.3731678346456686
20
-2.4484340157480315
11
9.3761811023622048
21
-2.4478346456692912
0
LINE
8
BLACK
6
CONTINUOUS
10
9.3761811023622048
20
-2.4478346456692912
11
9.3919291338582678
21
-2.4478346456692912
0
LINE
8
BLACK
6
CONTINUOUS
10
9.3919291338582678
20
-2.4478346456692912
11
9.3949424015748022
21
-2.4484340157480315
0
LINE
8
BLACK
6
CONTINUOUS
10
8.2133176377952761
20
-2.4690004724409449
11
8.2145949212598417
21
-2.4698538976377953
0
LINE
8
BLACK
6
CONTINUOUS
10
8.2145949212598417
20
-2.4698538976377953
11
8.215448346456693
21
-2.4711311811023622
0
LINE
8
BLACK
6
CONTINUOUS
10
8.215448346456693
20
-2.4711311811023622
11
8.2157480314960623
21
-2.4726377952755905
0
LINE
8
BLACK
6
CONTINUOUS
10
8.2157480314960623
20
-2.4726377952755905
11
8.2157480314960623
21
-2.4805118110236219
0
LINE
8
BLACK
6
CONTINUOUS
10
8.2157480314960623
20
-2.4805118110236219
11
8.215448346456693
21
-2.4820184251968502
0
LINE
8
BLACK
6
CONTINUOUS
10
8.215448346456693
20
-2.4820184251968502
11
8.2145949212598417
21
-2.4832957086614171
0
LINE
8
BLACK
6
CONTINUOUS
10
8.2145949212598417
20
-2.4832957086614171
11
8.2133176377952761
21
-2.4841491338582675
0
LINE
8
BLACK
6
CONTINUOUS
10
8.2133176377952761
20
-2.4841491338582675
11
8.2118110236220474
21
-2.4844488188976377
0
LINE
8
BLACK
6
CONTINUOUS
10
8.2118110236220474
20
-2.4844488188976377
11
8.194094488188977
21
-2.4844488188976377
0
LINE
8
BLACK
6
CONTINUOUS
10
8.194094488188977
20
-2.4844488188976377
11
8.1925878740157483
21
-2.4841491338582675
0
LINE
8
BLACK
6
CONTINUOUS
10
8.1925878740157483
20
-2.4841491338582675
11
8.1913105905511809
21
-2.4832957086614171
0
LINE
8
BLACK
6
CONTINUOUS
10
8.1913105905511809
20
-2.4832957086614171
11
8.1904571653543297
21
-2.4820184251968502
0
LINE
8
BLACK
6
CONTINUOUS
10
8.1904571653543297
20
-2.4820184251968502
11
8.1901574803149604
21
-2.4805118110236219
0
LINE
8
BLACK
6
CONTINUOUS
10
8.1901574803149604
20
-2.4805118110236219
11
8.1901574803149604
21
-2.4726377952755905
0
LINE
8
BLACK
6
CONTINUOUS
10
8.1901574803149604
20
-2.4726377952755905
11
8.1904571653543297
21
-2.4711311811023622
0
LINE
8
BLACK
6
CONTINUOUS
10
8.1904571653543297
20
-2.4711311811023622
11
8.1913105905511809
21
-2.4698538976377953
0
LINE
8
BLACK
6
CONTINUOUS
10
8.1913105905511809
20
-2.4698538976377953
11
8.1925878740157483
21
-2.4690004724409449
0
LINE
8
BLACK
6
CONTINUOUS
10
8.1925878740157483
20
-2.4690004724409449
11
8.194094488188977
21
-2.4687007874015747
0
LINE
8
BLACK
6
CONTINUOUS
10
8.194094488188977
20
-2.4687007874015747
11
8.2118110236220474
21
-2.4687007874015747
0
LINE
8
BLACK
6
CONTINUOUS
10
8.2118110236220474
20
-2.4687007874015747
11
8.2133176377952761
21
-2.4690004724409449
0
LINE
8
BLACK
6
CONTINUOUS
10
5.4426659055118112
20
-2.3971375984251968
11
5.4480137007874019
21
-2.3993527165354331
0
LINE
8
BLACK
6
CONTINUOUS
10
5.4480137007874019
20
-2.3993527165354331
11
5.4528265748031499
21
-2.4025685826771652
0
LINE
8
BLACK
6
CONTINUOUS
10
5.4528265748031499
20
-2.4025685826771652
11
5.4569196062992127
21
-2.4066616141732284
0
LINE
8
BLACK
6
CONTINUOUS
10
5.4569196062992127
20
-2.4066616141732284
11
5.4601354724409443
21
-2.4114744881889765
0
LINE
8
BLACK
6
CONTINUOUS
10
5.4601354724409443
20
-2.4114744881889765
11
5.4623505905511811
21
-2.4168222834645667
0
LINE
8
BLACK
6
CONTINUOUS
10
5.4623505905511811
20
-2.4168222834645667
11
5.4634798818897634
21
-2.4224994881889765
0
LINE
8
BLACK
6
CONTINUOUS
10
5.4634798818897634
20
-2.4224994881889765
11
5.4636220472440939
21
-2.4253937007874016
0
LINE
8
BLACK
6
CONTINUOUS
10
5.4636220472440939
20
-2.4253937007874016
11
5.4636220472440939
21
-2.4450787401574803
0
LINE
8
BLACK
6
CONTINUOUS
10
5.4636220472440939
20
-2.4450787401574803
11
5.4634798818897634
21
-2.4479729527559053
0
LINE
8
BLACK
6
CONTINUOUS
10
5.4634798818897634
20
-2.4479729527559053
11
5.4623505905511811
21
-2.4536501574803151
0
LINE
8
BLACK
6
CONTINUOUS
10
5.4623505905511811
20
-2.4536501574803151
11
5.4601354724409443
21
-2.4589979527559054
0
LINE
8
BLACK
6
CONTINUOUS
10
5.4601354724409443
20
-2.4589979527559054
11
5.4569196062992127
21
-2.4638108267716534
0
LINE
8
BLACK
6
CONTINUOUS
10
5.4569196062992127
20
-2.4638108267716534
11
5.4528265748031499
21
-2.4679038582677166
0
LINE
8
BLACK
6
CONTINUOUS
10
5.4528265748031499
20
-2.4679038582677166
11
5.4480137007874019
21
-2.4711197244094487
0
LINE
8
BLACK
6
CONTINUOUS
10
5.4480137007874019
20
-2.4711197244094487
11
5.4426659055118112
21
-2.4733348425196851
0
LINE
8
BLACK
6
CONTINUOUS
10
5.4426659055118112
20
-2.4733348425196851
11
5.4369887007874018
21
-2.4744641338582678
0
LINE
8
BLACK
6
CONTINUOUS
10
5.4369887007874018
20
-2.4744641338582678
11
5.4312002755905509
21
-2.4744641338582678
0
LINE
8
BLACK
6
CONTINUOUS
10
5.4312002755905509
20
-2.4744641338582678
11
5.4255230708661415
21
-2.4733348425196851
0
LINE
8
BLACK
6
CONTINUOUS
10
5.4255230708661415
20
-2.4733348425196851
11
5.4201752755905508
21
-2.4711197244094487
0
LINE
8
BLACK
6
CONTINUOUS
10
5.4201752755905508
20
-2.4711197244094487
11
5.4153624015748028
21
-2.4679038582677166
0
LINE
8
BLACK
6
CONTINUOUS
10
5.4153624015748028
20
-2.4679038582677166
11
5.41126937007874
21
-2.4638108267716534
0
LINE
8
BLACK
6
CONTINUOUS
10
5.41126937007874
20
-2.4638108267716534
11
5.4080535039370075
21
-2.4589979527559054
0
LINE
8
BLACK
6
CONTINUOUS
10
5.4080535039370075
20
-2.4589979527559054
11
5.4058383858267716
21
-2.4536501574803151
0
LINE
8
BLACK
6
CONTINUOUS
10
5.4058383858267716
20
-2.4536501574803151
11
5.4047090944881893
21
-2.4479729527559053
0
LINE
8
BLACK
6
CONTINUOUS
10
5.4047090944881893
20
-2.4479729527559053
11
5.4045669291338578
21
-2.4450787401574803
0
LINE
8
BLACK
6
CONTINUOUS
10
5.4045669291338578
20
-2.4450787401574803
11
5.4045669291338578
21
-2.4253937007874016
0
LINE
8
BLACK
6
CONTINUOUS
10
5.4045669291338578
20
-2.4253937007874016
11
5.4047090944881893
21
-2.4224994881889765
0
LINE
8
BLACK
6
CONTINUOUS
10
5.4047090944881893
20
-2.4224994881889765
11
5.4058383858267716
21
-2.4168222834645667
0
LINE
8
BLACK
6
CONTINUOUS
10
5.4058383858267716
20
-2.4168222834645667
11
5.4080535039370075
21
-2.4114744881889765
0
LINE
8
BLACK
6
CONTINUOUS
10
5.4080535039370075
20
-2.4114744881889765
11
5.41126937007874
21
-2.4066616141732284
0
LINE
8
BLACK
6
CONTINUOUS
10
5.41126937007874
20
-2.4066616141732284
11
5.4153624015748028
21
-2.4025685826771652
0
LINE
8
BLACK
6
CONTINUOUS
10
5.4153624015748028
20
-2.4025685826771652
11
5.4201752755905508
21
-2.3993527165354331
0
LINE
8
BLACK
6
CONTINUOUS
10
5.4201752755905508
20
-2.3993527165354331
11
5.4255230708661415
21
-2.3971375984251968
0
LINE
8
BLACK
6
CONTINUOUS
10
5.4255230708661415
20
-2.3971375984251968
11
5.4312002755905509
21
-2.3960083070866141
0
LINE
8
BLACK
6
CONTINUOUS
10
5.4312002755905509
20
-2.3960083070866141
11
5.4369887007874018
21
-2.3960083070866141
0
LINE
8
BLACK
6
CONTINUOUS
10
5.4369887007874018
20
-2.3960083070866141
11
5.4426659055118112
21
-2.3971375984251968
0
LINE
8
BLACK
6
CONTINUOUS
10
5.5517210236220471
20
-2.3949722440944883
11
5.5570688188976378
21
-2.3971873622047242
0
LINE
8
BLACK
6
CONTINUOUS
10
5.5570688188976378
20
-2.3971873622047242
11
5.5618816929133859
21
-2.4004032283464567
0
LINE
8
BLACK
6
CONTINUOUS
10
5.5618816929133859
20
-2.4004032283464567
11
5.5659747244094486
21
-2.4044962598425195
0
LINE
8
BLACK
6
CONTINUOUS
10
5.5659747244094486
20
-2.4044962598425195
11
5.5691905905511812
21
-2.4093091338582675
0
LINE
8
BLACK
6
CONTINUOUS
10
5.5691905905511812
20
-2.4093091338582675
11
5.571405708661417
21
-2.4146569291338582
0
LINE
8
BLACK
6
CONTINUOUS
10
5.571405708661417
20
-2.4146569291338582
11
5.5725350000000002
21
-2.4203341338582676
0
LINE
8
BLACK
6
CONTINUOUS
10
5.5725350000000002
20
-2.4203341338582676
11
5.5726771653543308
21
-2.423228346456693
0
LINE
8
BLACK
6
CONTINUOUS
10
5.5726771653543308
20
-2.423228346456693
11
5.5726771653543308
21
-2.4429133858267718
0
LINE
8
BLACK
6
CONTINUOUS
10
5.5726771653543308
20
-2.4429133858267718
11
5.5725350000000002
21
-2.4458075984251968
0
LINE
8
BLACK
6
CONTINUOUS
10
5.5725350000000002
20
-2.4458075984251968
11
5.571405708661417
21
-2.4514848031496062
0
LINE
8
BLACK
6
CONTINUOUS
10
5.571405708661417
20
-2.4514848031496062
11
5.5691905905511812
21
-2.4568325984251969
0
LINE
8
BLACK
6
CONTINUOUS
10
5.5691905905511812
20
-2.4568325984251969
11
5.5659747244094486
21
-2.4616454724409449
0
LINE
8
BLACK
6
CONTINUOUS
10
5.5659747244094486
20
-2.4616454724409449
11
5.5618816929133859
21
-2.4657385039370077
0
LINE
8
BLACK
6
CONTINUOUS
10
5.5618816929133859
20
-2.4657385039370077
11
5.5570688188976378
21
-2.4689543700787402
0
LINE
8
BLACK
6
CONTINUOUS
10
5.5570688188976378
20
-2.4689543700787402
11
5.5517210236220471
21
-2.4711694881889765
0
LINE
8
BLACK
6
CONTINUOUS
10
5.5517210236220471
20
-2.4711694881889765
11
5.5460438188976378
21
-2.4722987795275588
0
LINE
8
BLACK
6
CONTINUOUS
10
5.5460438188976378
20
-2.4722987795275588
11
5.5402553937007877
21
-2.4722987795275588
0
LINE
8
BLACK
6
CONTINUOUS
10
5.5402553937007877
20
-2.4722987795275588
11
5.5345781889763774
21
-2.4711694881889765
0
LINE
8
BLACK
6
CONTINUOUS
10
5.5345781889763774
20
-2.4711694881889765
11
5.5292303937007876
21
-2.4689543700787402
0
LINE
8
BLACK
6
CONTINUOUS
10
5.5292303937007876
20
-2.4689543700787402
11
5.5244175196850396
21
-2.4657385039370077
0
LINE
8
BLACK
6
CONTINUOUS
10
5.5244175196850396
20
-2.4657385039370077
11
5.5203244881889759
21
-2.4616454724409449
0
LINE
8
BLACK
6
CONTINUOUS
10
5.5203244881889759
20
-2.4616454724409449
11
5.5171086220472443
21
-2.4568325984251969
0
LINE
8
BLACK
6
CONTINUOUS
10
5.5171086220472443
20
-2.4568325984251969
11
5.5148935039370075
21
-2.4514848031496062
0
LINE
8
BLACK
6
CONTINUOUS
10
5.5148935039370075
20
-2.4514848031496062
11
5.5137642125984252
21
-2.4458075984251968
0
LINE
8
BLACK
6
CONTINUOUS
10
5.5137642125984252
20
-2.4458075984251968
11
5.5136220472440947
21
-2.4429133858267718
0
LINE
8
BLACK
6
CONTINUOUS
10
5.5136220472440947
20
-2.4429133858267718
11
5.5136220472440947
21
-2.423228346456693
0
LINE
8
BLACK
6
CONTINUOUS
10
5.5136220472440947
20
-2.423228346456693
11
5.5137642125984252
21
-2.4203341338582676
0
LINE
8
BLACK
6
CONTINUOUS
10
5.5137642125984252
20
-2.4203341338582676
11
5.5148935039370075
21
-2.4146569291338582
0
LINE
8
BLACK
6
CONTINUOUS
10
5.5148935039370075
20
-2.4146569291338582
11
5.5171086220472443
21
-2.4093091338582675
0
LINE
8
BLACK
6
CONTINUOUS
10
5.5171086220472443
20
-2.4093091338582675
11
5.5203244881889759
21
-2.4044962598425195
0
LINE
8
BLACK
6
CONTINUOUS
10
5.5203244881889759
20
-2.4044962598425195
11
5.5244175196850396
21
-2.4004032283464567
0
LINE
8
BLACK
6
CONTINUOUS
10
5.5244175196850396
20
-2.4004032283464567
11
5.5292303937007876
21
-2.3971873622047242
0
LINE
8
BLACK
6
CONTINUOUS
10
5.5292303937007876
20
-2.3971873622047242
11
5.5345781889763774
21
-2.3949722440944883
0
LINE
8
BLACK
6
CONTINUOUS
10
5.5345781889763774
20
-2.3949722440944883
11
5.5402553937007877
21
-2.3938429527559055
0
LINE
8
BLACK
6
CONTINUOUS
10
5.5402553937007877
20
-2.3938429527559055
11
5.5460438188976378
21
-2.3938429527559055
0
LINE
8
BLACK
6
CONTINUOUS
10
5.5460438188976378
20
-2.3938429527559055
11
5.5517210236220471
21
-2.3949722440944883
0
LINE
8
BLACK
6
CONTINUOUS
10
8.0561628740157474
20
-2.4291426771653541
11
8.0587173622047246
21
-2.4308495669291337
0
LINE
8
BLACK
6
CONTINUOUS
10
8.0587173622047246
20
-2.4308495669291337
11
8.0604242519685041
21
-2.43340405511811
0
LINE
8
BLACK
6
CONTINUOUS
10
8.0604242519685041
20
-2.43340405511811
11
8.0610236220472444
21
-2.4364173228346457
0
LINE
8
BLACK
6
CONTINUOUS
10
8.0610236220472444
20
-2.4364173228346457
11
8.0610236220472444
21
-2.4580708661417323
0
LINE
8
BLACK
6
CONTINUOUS
10
8.0610236220472444
20
-2.4580708661417323
11
8.0604242519685041
21
-2.4610841338582676
0
LINE
8
BLACK
6
CONTINUOUS
10
8.0604242519685041
20
-2.4610841338582676
11
8.0587173622047246
21
-2.4636386220472439
0
LINE
8
BLACK
6
CONTINUOUS
10
8.0587173622047246
20
-2.4636386220472439
11
8.0561628740157474
21
-2.4653455118110235
0
LINE
8
BLACK
6
CONTINUOUS
10
8.0561628740157474
20
-2.4653455118110235
11
8.0531496062992129
21
-2.4659448818897638
0
LINE
8
BLACK
6
CONTINUOUS
10
8.0531496062992129
20
-2.4659448818897638
11
8.03740157480315
21
-2.4659448818897638
0
LINE
8
BLACK
6
CONTINUOUS
10
8.03740157480315
20
-2.4659448818897638
11
8.0343883070866138
21
-2.4653455118110235
0
LINE
8
BLACK
6
CONTINUOUS
10
8.0343883070866138
20
-2.4653455118110235
11
8.0318338188976384
21
-2.4636386220472439
0
LINE
8
BLACK
6
CONTINUOUS
10
8.0318338188976384
20
-2.4636386220472439
11
8.0301269291338588
21
-2.4610841338582676
0
LINE
8
BLACK
6
CONTINUOUS
10
8.0301269291338588
20
-2.4610841338582676
11
8.0295275590551185
21
-2.4580708661417323
0
LINE
8
BLACK
6
CONTINUOUS
10
8.0295275590551185
20
-2.4580708661417323
11
8.0295275590551185
21
-2.4364173228346457
0
LINE
8
BLACK
6
CONTINUOUS
10
8.0295275590551185
20
-2.4364173228346457
11
8.0301269291338588
21
-2.43340405511811
0
LINE
8
BLACK
6
CONTINUOUS
10
8.0301269291338588
20
-2.43340405511811
11
8.0318338188976384
21
-2.4308495669291337
0
LINE
8
BLACK
6
CONTINUOUS
10
8.0318338188976384
20
-2.4308495669291337
11
8.0343883070866138
21
-2.4291426771653541
0
LINE
8
BLACK
6
CONTINUOUS
10
8.0343883070866138
20
-2.4291426771653541
11
8.03740157480315
21
-2.4285433070866143
0
LINE
8
BLACK
6
CONTINUOUS
10
8.03740157480315
20
-2.4285433070866143
11
8.0531496062992129
21
-2.4285433070866143
0
LINE
8
BLACK
6
CONTINUOUS
10
8.0531496062992129
20
-2.4285433070866143
11
8.0561628740157474
21
-2.4291426771653541
0
LINE
8
BLACK
6
CONTINUOUS
10
8.1211235039370084
20
-2.4291426771653541
11
8.1236779921259838
21
-2.4308495669291337
0
LINE
8
BLACK
6
CONTINUOUS
10
8.1236779921259838
20
-2.4308495669291337
11
8.1253848818897634
21
-2.43340405511811
0
LINE
8
BLACK
6
CONTINUOUS
10
8.1253848818897634
20
-2.43340405511811
11
8.1259842519685037
21
-2.4364173228346457
0
LINE
8
BLACK
6
CONTINUOUS
10
8.1259842519685037
20
-2.4364173228346457
11
8.1259842519685037
21
-2.4580708661417323
0
LINE
8
BLACK
6
CONTINUOUS
10
8.1259842519685037
20
-2.4580708661417323
11
8.1253848818897634
21
-2.4610841338582676
0
LINE
8
BLACK
6
CONTINUOUS
10
8.1253848818897634
20
-2.4610841338582676
11
8.1236779921259838
21
-2.4636386220472439
0
LINE
8
BLACK
6
CONTINUOUS
10
8.1236779921259838
20
-2.4636386220472439
11
8.1211235039370084
21
-2.4653455118110235
0
LINE
8
BLACK
6
CONTINUOUS
10
8.1211235039370084
20
-2.4653455118110235
11
8.1181102362204722
21
-2.4659448818897638
0
LINE
8
BLACK
6
CONTINUOUS
10
8.1181102362204722
20
-2.4659448818897638
11
8.1023622047244093
21
-2.4659448818897638
0
LINE
8
BLACK
6
CONTINUOUS
10
8.1023622047244093
20
-2.4659448818897638
11
8.0993489370078731
21
-2.4653455118110235
0
LINE
8
BLACK
6
CONTINUOUS
10
8.0993489370078731
20
-2.4653455118110235
11
8.0967944488188976
21
-2.4636386220472439
0
LINE
8
BLACK
6
CONTINUOUS
10
8.0967944488188976
20
-2.4636386220472439
11
8.0950875590551181
21
-2.4610841338582676
0
LINE
8
BLACK
6
CONTINUOUS
10
8.0950875590551181
20
-2.4610841338582676
11
8.0944881889763778
21
-2.4580708661417323
0
LINE
8
BLACK
6
CONTINUOUS
10
8.0944881889763778
20
-2.4580708661417323
11
8.0944881889763778
21
-2.4364173228346457
0
LINE
8
BLACK
6
CONTINUOUS
10
8.0944881889763778
20
-2.4364173228346457
11
8.0950875590551181
21
-2.43340405511811
0
LINE
8
BLACK
6
CONTINUOUS
10
8.0950875590551181
20
-2.43340405511811
11
8.0967944488188976
21
-2.4308495669291337
0
LINE
8
BLACK
6
CONTINUOUS
10
8.0967944488188976
20
-2.4308495669291337
11
8.0993489370078731
21
-2.4291426771653541
0
LINE
8
BLACK
6
CONTINUOUS
10
8.0993489370078731
20
-2.4291426771653541
11
8.1023622047244093
21
-2.4285433070866143
0
LINE
8
BLACK
6
CONTINUOUS
10
8.1023622047244093
20
-2.4285433070866143
11
8.1181102362204722
21
-2.4285433070866143
0
LINE
8
BLACK
6
CONTINUOUS
10
8.1181102362204722
20
-2.4285433070866143
11
8.1211235039370084
21
-2.4291426771653541
0
LINE
8
BLACK
6
CONTINUOUS
10
8.2133176377952761
20
-2.4434099212598426
11
8.2145949212598417
21
-2.444263346456693
0
LINE
8
BLACK
6
CONTINUOUS
10
8.2145949212598417
20
-2.444263346456693
11
8.215448346456693
21
-2.4455406299212599
0
LINE
8
BLACK
6
CONTINUOUS
10
8.215448346456693
20
-2.4455406299212599
11
8.2157480314960623
21
-2.4470472440944881
0
LINE
8
BLACK
6
CONTINUOUS
10
8.2157480314960623
20
-2.4470472440944881
11
8.2157480314960623
21
-2.4549212598425196
0
LINE
8
BLACK
6
CONTINUOUS
10
8.2157480314960623
20
-2.4549212598425196
11
8.215448346456693
21
-2.4564278740157479
0
LINE
8
BLACK
6
CONTINUOUS
10
8.215448346456693
20
-2.4564278740157479
11
8.2145949212598417
21
-2.4577051574803148
0
LINE
8
BLACK
6
CONTINUOUS
10
8.2145949212598417
20
-2.4577051574803148
11
8.2133176377952761
21
-2.4585585826771652
0
LINE
8
BLACK
6
CONTINUOUS
10
8.2133176377952761
20
-2.4585585826771652
11
8.2118110236220474
21
-2.4588582677165354
0
LINE
8
BLACK
6
CONTINUOUS
10
8.2118110236220474
20
-2.4588582677165354
11
8.194094488188977
21
-2.4588582677165354
0
LINE
8
BLACK
6
CONTINUOUS
10
8.194094488188977
20
-2.4588582677165354
11
8.1925878740157483
21
-2.4585585826771652
0
LINE
8
BLACK
6
CONTINUOUS
10
8.1925878740157483
20
-2.4585585826771652
11
8.1913105905511809
21
-2.4577051574803148
0
LINE
8
BLACK
6
CONTINUOUS
10
8.1913105905511809
20
-2.4577051574803148
11
8.1904571653543297
21
-2.4564278740157479
0
LINE
8
BLACK
6
CONTINUOUS
10
8.1904571653543297
20
-2.4564278740157479
11
8.1901574803149604
21
-2.4549212598425196
0
LINE
8
BLACK
6
CONTINUOUS
10
8.1901574803149604
20
-2.4549212598425196
11
8.1901574803149604
21
-2.4470472440944881
0
LINE
8
BLACK
6
CONTINUOUS
10
8.1901574803149604
20
-2.4470472440944881
11
8.1904571653543297
21
-2.4455406299212599
0
LINE
8
BLACK
6
CONTINUOUS
10
8.1904571653543297
20
-2.4455406299212599
11
8.1913105905511809
21
-2.444263346456693
0
LINE
8
BLACK
6
CONTINUOUS
10
8.1913105905511809
20
-2.444263346456693
11
8.1925878740157483
21
-2.4434099212598426
0
LINE
8
BLACK
6
CONTINUOUS
10
8.1925878740157483
20
-2.4434099212598426
11
8.194094488188977
21
-2.4431102362204724
0
LINE
8
BLACK
6
CONTINUOUS
10
8.194094488188977
20
-2.4431102362204724
11
8.2118110236220474
21
-2.4431102362204724
0
LINE
8
BLACK
6
CONTINUOUS
10
8.2118110236220474
20
-2.4431102362204724
11
8.2133176377952761
21
-2.4434099212598426
0
LINE
8
BLACK
6
CONTINUOUS
10
8.2881207874015743
20
-2.4434099212598426
11
8.2893980708661417
21
-2.444263346456693
0
LINE
8
BLACK
6
CONTINUOUS
10
8.2893980708661417
20
-2.444263346456693
11
8.2902514960629912
21
-2.4455406299212599
0
LINE
8
BLACK
6
CONTINUOUS
10
8.2902514960629912
20
-2.4455406299212599
11
8.2905511811023622
21
-2.4470472440944881
0
LINE
8
BLACK
6
CONTINUOUS
10
8.2905511811023622
20
-2.4470472440944881
11
8.2905511811023622
21
-2.4549212598425196
0
LINE
8
BLACK
6
CONTINUOUS
10
8.2905511811023622
20
-2.4549212598425196
11
8.2902514960629912
21
-2.4564278740157479
0
LINE
8
BLACK
6
CONTINUOUS
10
8.2902514960629912
20
-2.4564278740157479
11
8.2893980708661417
21
-2.4577051574803148
0
LINE
8
BLACK
6
CONTINUOUS
10
8.2893980708661417
20
-2.4577051574803148
11
8.2881207874015743
21
-2.4585585826771652
0
LINE
8
BLACK
6
CONTINUOUS
10
8.2881207874015743
20
-2.4585585826771652
11
8.2866141732283456
21
-2.4588582677165354
0
LINE
8
BLACK
6
CONTINUOUS
10
8.2866141732283456
20
-2.4588582677165354
11
8.2688976377952752
21
-2.4588582677165354
0
LINE
8
BLACK
6
CONTINUOUS
10
8.2688976377952752
20
-2.4588582677165354
11
8.2673910236220465
21
-2.4585585826771652
0
LINE
8
BLACK
6
CONTINUOUS
10
8.2673910236220465
20
-2.4585585826771652
11
8.2661137401574809
21
-2.4577051574803148
0
LINE
8
BLACK
6
CONTINUOUS
10
8.2661137401574809
20
-2.4577051574803148
11
8.2652603149606296
21
-2.4564278740157479
0
LINE
8
BLACK
6
CONTINUOUS
10
8.2652603149606296
20
-2.4564278740157479
11
8.2649606299212603
21
-2.4549212598425196
0
LINE
8
BLACK
6
CONTINUOUS
10
8.2649606299212603
20
-2.4549212598425196
11
8.2649606299212603
21
-2.4470472440944881
0
LINE
8
BLACK
6
CONTINUOUS
10
8.2649606299212603
20
-2.4470472440944881
11
8.2652603149606296
21
-2.4455406299212599
0
LINE
8
BLACK
6
CONTINUOUS
10
8.2652603149606296
20
-2.4455406299212599
11
8.2661137401574809
21
-2.444263346456693
0
LINE
8
BLACK
6
CONTINUOUS
10
8.2661137401574809
20
-2.444263346456693
11
8.2673910236220465
21
-2.4434099212598426
0
LINE
8
BLACK
6
CONTINUOUS
10
8.2673910236220465
20
-2.4434099212598426
11
8.2688976377952752
21
-2.4431102362204724
0
LINE
8
BLACK
6
CONTINUOUS
10
8.2688976377952752
20
-2.4431102362204724
11
8.2866141732283456
21
-2.4431102362204724
0
LINE
8
BLACK
6
CONTINUOUS
10
8.2866141732283456
20
-2.4431102362204724
11
8.2881207874015743
21
-2.4434099212598426
0
LINE
8
BLACK
6
CONTINUOUS
10
8.9305382283464567
20
-2.3495681102362203
11
8.9337313779527552
21
-2.3517016929133856
0
LINE
8
BLACK
6
CONTINUOUS
10
8.9337313779527552
20
-2.3517016929133856
11
8.935864960629921
21
-2.3548948425196849
0
LINE
8
BLACK
6
CONTINUOUS
10
8.935864960629921
20
-2.3548948425196849
11
8.9366141732283459
21
-2.3586614173228346
0
LINE
8
BLACK
6
CONTINUOUS
10
8.9366141732283459
20
-2.3586614173228346
11
8.9366141732283459
21
-2.4452755905511809
0
LINE
8
BLACK
6
CONTINUOUS
10
8.9366141732283459
20
-2.4452755905511809
11
8.935864960629921
21
-2.4490421653543306
0
LINE
8
BLACK
6
CONTINUOUS
10
8.935864960629921
20
-2.4490421653543306
11
8.9337313779527552
21
-2.45223531496063
0
LINE
8
BLACK
6
CONTINUOUS
10
8.9337313779527552
20
-2.45223531496063
11
8.9305382283464567
21
-2.4543688976377953
0
LINE
8
BLACK
6
CONTINUOUS
10
8.9305382283464567
20
-2.4543688976377953
11
8.926771653543307
21
-2.4551181102362203
0
LINE
8
BLACK
6
CONTINUOUS
10
8.926771653543307
20
-2.4551181102362203
11
8.9011811023622052
21
-2.4551181102362203
0
LINE
8
BLACK
6
CONTINUOUS
10
8.9011811023622052
20
-2.4551181102362203
11
8.8974145275590555
21
-2.4543688976377953
0
LINE
8
BLACK
6
CONTINUOUS
10
8.8974145275590555
20
-2.4543688976377953
11
8.8942213779527552
21
-2.45223531496063
0
LINE
8
BLACK
6
CONTINUOUS
10
8.8942213779527552
20
-2.45223531496063
11
8.8920877952755912
21
-2.4490421653543306
0
LINE
8
BLACK
6
CONTINUOUS
10
8.8920877952755912
20
-2.4490421653543306
11
8.8913385826771645
21
-2.4452755905511809
0
LINE
8
BLACK
6
CONTINUOUS
10
8.8913385826771645
20
-2.4452755905511809
11
8.8913385826771645
21
-2.3586614173228346
0
LINE
8
BLACK
6
CONTINUOUS
10
8.8913385826771645
20
-2.3586614173228346
11
8.8920877952755912
21
-2.3548948425196849
0
LINE
8
BLACK
6
CONTINUOUS
10
8.8920877952755912
20
-2.3548948425196849
11
8.8942213779527552
21
-2.3517016929133856
0
LINE
8
BLACK
6
CONTINUOUS
10
8.8942213779527552
20
-2.3517016929133856
11
8.8974145275590555
21
-2.3495681102362203
0
LINE
8
BLACK
6
CONTINUOUS
10
8.8974145275590555
20
-2.3495681102362203
11
8.9011811023622052
21
-2.3488188976377953
0
LINE
8
BLACK
6
CONTINUOUS
10
8.9011811023622052
20
-2.3488188976377953
11
8.926771653543307
21
-2.3488188976377953
0
LINE
8
BLACK
6
CONTINUOUS
10
8.926771653543307
20
-2.3488188976377953
11
8.9305382283464567
21
-2.3495681102362203
0
LINE
8
BLACK
6
CONTINUOUS
10
9.0466799606299215
20
-2.3495681102362203
11
9.04987311023622
21
-2.3517016929133856
0
LINE
8
BLACK
6
CONTINUOUS
10
9.04987311023622
20
-2.3517016929133856
11
9.0520066929133858
21
-2.3548948425196849
0
LINE
8
BLACK
6
CONTINUOUS
10
9.0520066929133858
20
-2.3548948425196849
11
9.0527559055118108
21
-2.3586614173228346
0
LINE
8
BLACK
6
CONTINUOUS
10
9.0527559055118108
20
-2.3586614173228346
11
9.0527559055118108
21
-2.4452755905511809
0
LINE
8
BLACK
6
CONTINUOUS
10
9.0527559055118108
20
-2.4452755905511809
11
9.0520066929133858
21
-2.4490421653543306
0
LINE
8
BLACK
6
CONTINUOUS
10
9.0520066929133858
20
-2.4490421653543306
11
9.04987311023622
21
-2.45223531496063
0
LINE
8
BLACK
6
CONTINUOUS
10
9.04987311023622
20
-2.45223531496063
11
9.0466799606299215
21
-2.4543688976377953
0
LINE
8
BLACK
6
CONTINUOUS
10
9.0466799606299215
20
-2.4543688976377953
11
9.0429133858267718
21
-2.4551181102362203
0
LINE
8
BLACK
6
CONTINUOUS
10
9.0429133858267718
20
-2.4551181102362203
11
9.01732283464567
21
-2.4551181102362203
0
LINE
8
BLACK
6
CONTINUOUS
10
9.01732283464567
20
-2.4551181102362203
11
9.0135562598425203
21
-2.4543688976377953
0
LINE
8
BLACK
6
CONTINUOUS
10
9.0135562598425203
20
-2.4543688976377953
11
9.0103631102362201
21
-2.45223531496063
0
LINE
8
BLACK
6
CONTINUOUS
10
9.0103631102362201
20
-2.45223531496063
11
9.0082295275590543
21
-2.4490421653543306
0
LINE
8
BLACK
6
CONTINUOUS
10
9.0082295275590543
20
-2.4490421653543306
11
9.0074803149606293
21
-2.4452755905511809
0
LINE
8
BLACK
6
CONTINUOUS
10
9.0074803149606293
20
-2.4452755905511809
11
9.0074803149606293
21
-2.3586614173228346
0
LINE
8
BLACK
6
CONTINUOUS
10
9.0074803149606293
20
-2.3586614173228346
11
9.0082295275590543
21
-2.3548948425196849
0
LINE
8
BLACK
6
CONTINUOUS
10
9.0082295275590543
20
-2.3548948425196849
11
9.0103631102362201
21
-2.3517016929133856
0
LINE
8
BLACK
6
CONTINUOUS
10
9.0103631102362201
20
-2.3517016929133856
11
9.0135562598425203
21
-2.3495681102362203
0
LINE
8
BLACK
6
CONTINUOUS
10
9.0135562598425203
20
-2.3495681102362203
11
9.01732283464567
21
-2.3488188976377953
0
LINE
8
BLACK
6
CONTINUOUS
10
9.01732283464567
20
-2.3488188976377953
11
9.0429133858267718
21
-2.3488188976377953
0
LINE
8
BLACK
6
CONTINUOUS
10
9.0429133858267718
20
-2.3488188976377953
11
9.0466799606299215
21
-2.3495681102362203
0
LINE
8
BLACK
6
CONTINUOUS
10
8.7143140157480321
20
-2.4228605118110234
11
8.7161021653543305
21
-2.4240553149606296
0
LINE
8
BLACK
6
CONTINUOUS
10
8.7161021653543305
20
-2.4240553149606296
11
8.7172969685039376
21
-2.4258434645669289
0
LINE
8
BLACK
6
CONTINUOUS
10
8.7172969685039376
20
-2.4258434645669289
11
8.7177165354330715
21
-2.4279527559055119
0
LINE
8
BLACK
6
CONTINUOUS
10
8.7177165354330715
20
-2.4279527559055119
11
8.7177165354330715
21
-2.4413385826771652
0
LINE
8
BLACK
6
CONTINUOUS
10
8.7177165354330715
20
-2.4413385826771652
11
8.7172969685039376
21
-2.4434478740157481
0
LINE
8
BLACK
6
CONTINUOUS
10
8.7172969685039376
20
-2.4434478740157481
11
8.7161021653543305
21
-2.4452360236220474
0
LINE
8
BLACK
6
CONTINUOUS
10
8.7161021653543305
20
-2.4452360236220474
11
8.7143140157480321
21
-2.4464308267716537
0
LINE
8
BLACK
6
CONTINUOUS
10
8.7143140157480321
20
-2.4464308267716537
11
8.7122047244094478
21
-2.4468503937007875
0
LINE
8
BLACK
6
CONTINUOUS
10
8.7122047244094478
20
-2.4468503937007875
11
8.7011811023622041
21
-2.4468503937007875
0
LINE
8
BLACK
6
CONTINUOUS
10
8.7011811023622041
20
-2.4468503937007875
11
8.6990718110236216
21
-2.4464308267716537
0
LINE
8
BLACK
6
CONTINUOUS
10
8.6990718110236216
20
-2.4464308267716537
11
8.6972836614173232
21
-2.4452360236220474
0
LINE
8
BLACK
6
CONTINUOUS
10
8.6972836614173232
20
-2.4452360236220474
11
8.696088858267716
21
-2.4434478740157481
0
LINE
8
BLACK
6
CONTINUOUS
10
8.696088858267716
20
-2.4434478740157481
11
8.6956692913385822
21
-2.4413385826771652
0
LINE
8
BLACK
6
CONTINUOUS
10
8.6956692913385822
20
-2.4413385826771652
11
8.6956692913385822
21
-2.4279527559055119
0
LINE
8
BLACK
6
CONTINUOUS
10
8.6956692913385822
20
-2.4279527559055119
11
8.696088858267716
21
-2.4258434645669289
0
LINE
8
BLACK
6
CONTINUOUS
10
8.696088858267716
20
-2.4258434645669289
11
8.6972836614173232
21
-2.4240553149606296
0
LINE
8
BLACK
6
CONTINUOUS
10
8.6972836614173232
20
-2.4240553149606296
11
8.6990718110236216
21
-2.4228605118110234
0
LINE
8
BLACK
6
CONTINUOUS
10
8.6990718110236216
20
-2.4228605118110234
11
8.7011811023622041
21
-2.4224409448818895
0
LINE
8
BLACK
6
CONTINUOUS
10
8.7011811023622041
20
-2.4224409448818895
11
8.7122047244094478
21
-2.4224409448818895
0
LINE
8
BLACK
6
CONTINUOUS
10
8.7122047244094478
20
-2.4224409448818895
11
8.7143140157480321
21
-2.4228605118110234
0
LINE
8
BLACK
6
CONTINUOUS
10
8.7521092913385825
20
-2.4228605118110234
11
8.7538974409448809
21
-2.4240553149606296
0
LINE
8
BLACK
6
CONTINUOUS
10
8.7538974409448809
20
-2.4240553149606296
11
8.7550922440944881
21
-2.4258434645669289
0
LINE
8
BLACK
6
CONTINUOUS
10
8.7550922440944881
20
-2.4258434645669289
11
8.7555118110236219
21
-2.4279527559055119
0
LINE
8
BLACK
6
CONTINUOUS
10
8.7555118110236219
20
-2.4279527559055119
11
8.7555118110236219
21
-2.4413385826771652
0
LINE
8
BLACK
6
CONTINUOUS
10
8.7555118110236219
20
-2.4413385826771652
11
8.7550922440944881
21
-2.4434478740157481
0
LINE
8
BLACK
6
CONTINUOUS
10
8.7550922440944881
20
-2.4434478740157481
11
8.7538974409448809
21
-2.4452360236220474
0
LINE
8
BLACK
6
CONTINUOUS
10
8.7538974409448809
20
-2.4452360236220474
11
8.7521092913385825
21
-2.4464308267716537
0
LINE
8
BLACK
6
CONTINUOUS
10
8.7521092913385825
20
-2.4464308267716537
11
8.75
21
-2.4468503937007875
0
LINE
8
BLACK
6
CONTINUOUS
10
8.75
20
-2.4468503937007875
11
8.7389763779527563
21
-2.4468503937007875
0
LINE
8
BLACK
6
CONTINUOUS
10
8.7389763779527563
20
-2.4468503937007875
11
8.7368670866141738
21
-2.4464308267716537
0
LINE
8
BLACK
6
CONTINUOUS
10
8.7368670866141738
20
-2.4464308267716537
11
8.7350789370078736
21
-2.4452360236220474
0
LINE
8
BLACK
6
CONTINUOUS
10
8.7350789370078736
20
-2.4452360236220474
11
8.7338841338582682
21
-2.4434478740157481
0
LINE
8
BLACK
6
CONTINUOUS
10
8.7338841338582682
20
-2.4434478740157481
11
8.7334645669291344
21
-2.4413385826771652
0
LINE
8
BLACK
6
CONTINUOUS
10
8.7334645669291344
20
-2.4413385826771652
11
8.7334645669291344
21
-2.4279527559055119
0
LINE
8
BLACK
6
CONTINUOUS
10
8.7334645669291344
20
-2.4279527559055119
11
8.7338841338582682
21
-2.4258434645669289
0
LINE
8
BLACK
6
CONTINUOUS
10
8.7338841338582682
20
-2.4258434645669289
11
8.7350789370078736
21
-2.4240553149606296
0
LINE
8
BLACK
6
CONTINUOUS
10
8.7350789370078736
20
-2.4240553149606296
11
8.7368670866141738
21
-2.4228605118110234
0
LINE
8
BLACK
6
CONTINUOUS
10
8.7368670866141738
20
-2.4228605118110234
11
8.7389763779527563
21
-2.4224409448818895
0
LINE
8
BLACK
6
CONTINUOUS
10
8.7389763779527563
20
-2.4224409448818895
11
8.75
21
-2.4224409448818895
0
LINE
8
BLACK
6
CONTINUOUS
10
8.75
20
-2.4224409448818895
11
8.7521092913385825
21
-2.4228605118110234
0
LINE
8
BLACK
6
CONTINUOUS
10
3.8130912992125983
20
-2.1985191732283464
11
3.8260042125984253
21
-2.2014664566929132
0
LINE
8
BLACK
6
CONTINUOUS
10
3.8260042125984253
20
-2.2014664566929132
11
3.8385059055118109
21
-2.2058409842519686
0
LINE
8
BLACK
6
CONTINUOUS
10
3.8385059055118109
20
-2.2058409842519686
11
3.850439251968504
21
-2.2115877952755905
0
LINE
8
BLACK
6
CONTINUOUS
10
3.850439251968504
20
-2.2115877952755905
11
3.861654094488189
21
-2.2186345275590549
0
LINE
8
BLACK
6
CONTINUOUS
10
3.861654094488189
20
-2.2186345275590549
11
3.8720094488188974
21
-2.2268926771653543
0
LINE
8
BLACK
6
CONTINUOUS
10
3.8720094488188974
20
-2.2268926771653543
11
3.8813750393700786
21
-2.2362582677165355
0
LINE
8
BLACK
6
CONTINUOUS
10
3.8813750393700786
20
-2.2362582677165355
11
3.889633188976378
21
-2.2466136220472439
0
LINE
8
BLACK
6
CONTINUOUS
10
3.889633188976378
20
-2.2466136220472439
11
3.8966799212598424
21
-2.2578284645669289
0
LINE
8
BLACK
6
CONTINUOUS
10
3.8966799212598424
20
-2.2578284645669289
11
3.9024267322834643
21
-2.269761811023622
0
LINE
8
BLACK
6
CONTINUOUS
10
3.9024267322834643
20
-2.269761811023622
11
3.9068012598425197
21
-2.2822635039370076
0
LINE
8
BLACK
6
CONTINUOUS
10
3.9068012598425197
20
-2.2822635039370076
11
3.9097485433070864
21
-2.2951764173228346
0
LINE
8
BLACK
6
CONTINUOUS
10
3.9097485433070864
20
-2.2951764173228346
11
3.9112314960629919
21
-2.3083381496062993
0
LINE
8
BLACK
6
CONTINUOUS
10
3.9112314960629919
20
-2.3083381496062993
11
3.9112314960629919
21
-2.3215831102362205
0
LINE
8
BLACK
6
CONTINUOUS
10
3.9112314960629919
20
-2.3215831102362205
11
3.9097485433070864
21
-2.3347448425196848
0
LINE
8
BLACK
6
CONTINUOUS
10
3.9097485433070864
20
-2.3347448425196848
11
3.9068012598425197
21
-2.3476577559055118
0
LINE
8
BLACK
6
CONTINUOUS
10
3.9068012598425197
20
-2.3476577559055118
11
3.9024267322834643
21
-2.3601594488188975
0
LINE
8
BLACK
6
CONTINUOUS
10
3.9024267322834643
20
-2.3601594488188975
11
3.8966799212598424
21
-2.3720927952755906
0
LINE
8
BLACK
6
CONTINUOUS
10
3.8966799212598424
20
-2.3720927952755906
11
3.889633188976378
21
-2.3833076377952755
0
LINE
8
BLACK
6
CONTINUOUS
10
3.889633188976378
20
-2.3833076377952755
11
3.8813750393700786
21
-2.393662992125984
0
LINE
8
BLACK
6
CONTINUOUS
10
3.8813750393700786
20
-2.393662992125984
11
3.8720094488188974
21
-2.4030285826771651
0
LINE
8
BLACK
6
CONTINUOUS
10
3.8720094488188974
20
-2.4030285826771651
11
3.861654094488189
21
-2.4112867322834646
0
LINE
8
BLACK
6
CONTINUOUS
10
3.861654094488189
20
-2.4112867322834646
11
3.850439251968504
21
-2.418333464566929
0
LINE
8
BLACK
6
CONTINUOUS
10
3.850439251968504
20
-2.418333464566929
11
3.8385059055118109
21
-2.4240802755905513
0
LINE
8
BLACK
6
CONTINUOUS
10
3.8385059055118109
20
-2.4240802755905513
11
3.8260042125984253
21
-2.4284548031496063
0
LINE
8
BLACK
6
CONTINUOUS
10
3.8260042125984253
20
-2.4284548031496063
11
3.8130912992125983
21
-2.431402086614173
0
LINE
8
BLACK
6
CONTINUOUS
10
3.8130912992125983
20
-2.431402086614173
11
3.799929566929134
21
-2.4328850393700785
0
LINE
8
BLACK
6
CONTINUOUS
10
3.799929566929134
20
-2.4328850393700785
11
3.7866846062992123
21
-2.4328850393700785
0
LINE
8
BLACK
6
CONTINUOUS
10
3.7866846062992123
20
-2.4328850393700785
11
3.773522874015748
21
-2.431402086614173
0
LINE
8
BLACK
6
CONTINUOUS
10
3.773522874015748
20
-2.431402086614173
11
3.760609960629921
21
-2.4284548031496063
0
LINE
8
BLACK
6
CONTINUOUS
10
3.760609960629921
20
-2.4284548031496063
11
3.7481082677165354
21
-2.4240802755905513
0
LINE
8
BLACK
6
CONTINUOUS
10
3.7481082677165354
20
-2.4240802755905513
11
3.7361749212598423
21
-2.418333464566929
0
LINE
8
BLACK
6
CONTINUOUS
10
3.7361749212598423
20
-2.418333464566929
11
3.7249600787401573
21
-2.4112867322834646
0
LINE
8
BLACK
6
CONTINUOUS
10
3.7249600787401573
20
-2.4112867322834646
11
3.7146047244094489
21
-2.4030285826771651
0
LINE
8
BLACK
6
CONTINUOUS
10
3.7146047244094489
20
-2.4030285826771651
11
3.7052391338582678
21
-2.393662992125984
0
LINE
8
BLACK
6
CONTINUOUS
10
3.7052391338582678
20
-2.393662992125984
11
3.6969809842519683
21
-2.3833076377952755
0
LINE
8
BLACK
6
CONTINUOUS
10
3.6969809842519683
20
-2.3833076377952755
11
3.6899342519685039
21
-2.3720927952755906
0
LINE
8
BLACK
6
CONTINUOUS
10
3.6899342519685039
20
-2.3720927952755906
11
3.6841874409448816
21
-2.3601594488188975
0
LINE
8
BLACK
6
CONTINUOUS
10
3.6841874409448816
20
-2.3601594488188975
11
3.6798129133858266
21
-2.3476577559055118
0
LINE
8
BLACK
6
CONTINUOUS
10
3.6798129133858266
20
-2.3476577559055118
11
3.6768656299212599
21
-2.3347448425196848
0
LINE
8
BLACK
6
CONTINUOUS
10
3.6768656299212599
20
-2.3347448425196848
11
3.6753826771653544
21
-2.3215831102362205
0
LINE
8
BLACK
6
CONTINUOUS
10
3.6753826771653544
20
-2.3215831102362205
11
3.6753826771653544
21
-2.3083381496062993
0
LINE
8
BLACK
6
CONTINUOUS
10
3.6753826771653544
20
-2.3083381496062993
11
3.6768656299212599
21
-2.2951764173228346
0
LINE
8
BLACK
6
CONTINUOUS
10
3.6768656299212599
20
-2.2951764173228346
11
3.6798129133858266
21
-2.2822635039370076
0
LINE
8
BLACK
6
CONTINUOUS
10
3.6798129133858266
20
-2.2822635039370076
11
3.6841874409448816
21
-2.269761811023622
0
LINE
8
BLACK
6
CONTINUOUS
10
3.6841874409448816
20
-2.269761811023622
11
3.6899342519685039
21
-2.2578284645669289
0
LINE
8
BLACK
6
CONTINUOUS
10
3.6899342519685039
20
-2.2578284645669289
11
3.6969809842519683
21
-2.2466136220472439
0
LINE
8
BLACK
6
CONTINUOUS
10
3.6969809842519683
20
-2.2466136220472439
11
3.7052391338582678
21
-2.2362582677165355
0
LINE
8
BLACK
6
CONTINUOUS
10
3.7052391338582678
20
-2.2362582677165355
11
3.7146047244094489
21
-2.2268926771653543
0
LINE
8
BLACK
6
CONTINUOUS
10
3.7146047244094489
20
-2.2268926771653543
11
3.7249600787401573
21
-2.2186345275590549
0
LINE
8
BLACK
6
CONTINUOUS
10
3.7249600787401573
20
-2.2186345275590549
11
3.7361749212598423
21
-2.2115877952755905
0
LINE
8
BLACK
6
CONTINUOUS
10
3.7361749212598423
20
-2.2115877952755905
11
3.7481082677165354
21
-2.2058409842519686
0
LINE
8
BLACK
6
CONTINUOUS
10
3.7481082677165354
20
-2.2058409842519686
11
3.760609960629921
21
-2.2014664566929132
0
LINE
8
BLACK
6
CONTINUOUS
10
3.760609960629921
20
-2.2014664566929132
11
3.773522874015748
21
-2.1985191732283464
0
LINE
8
BLACK
6
CONTINUOUS
10
3.773522874015748
20
-2.1985191732283464
11
3.7866846062992123
21
-2.197036220472441
0
LINE
8
BLACK
6
CONTINUOUS
10
3.7866846062992123
20
-2.197036220472441
11
3.799929566929134
21
-2.197036220472441
0
LINE
8
BLACK
6
CONTINUOUS
10
3.799929566929134
20
-2.197036220472441
11
3.8130912992125983
21
-2.1985191732283464
0
LINE
8
BLACK
6
CONTINUOUS
10
7.3563983858267719
20
-2.1985191732283464
11
7.3693112992125984
21
-2.2014664566929132
0
LINE
8
BLACK
6
CONTINUOUS
10
7.3693112992125984
20
-2.2014664566929132
11
7.3818129921259841
21
-2.2058409842519686
0
LINE
8
BLACK
6
CONTINUOUS
10
7.3818129921259841
20
-2.2058409842519686
11
7.3937463385826767
21
-2.2115877952755905
0
LINE
8
BLACK
6
CONTINUOUS
10
7.3937463385826767
20
-2.2115877952755905
11
7.4049611811023617
21
-2.2186345275590549
0
LINE
8
BLACK
6
CONTINUOUS
10
7.4049611811023617
20
-2.2186345275590549
11
7.415316535433071
21
-2.2268926771653543
0
LINE
8
BLACK
6
CONTINUOUS
10
7.415316535433071
20
-2.2268926771653543
11
7.4246821259842521
21
-2.2362582677165355
0
LINE
8
BLACK
6
CONTINUOUS
10
7.4246821259842521
20
-2.2362582677165355
11
7.4329402755905507
21
-2.2466136220472439
0
LINE
8
BLACK
6
CONTINUOUS
10
7.4329402755905507
20
-2.2466136220472439
11
7.4399870078740156
21
-2.2578284645669289
0
LINE
8
BLACK
6
CONTINUOUS
10
7.4399870078740156
20
-2.2578284645669289
11
7.4457338188976374
21
-2.269761811023622
0
LINE
8
BLACK
6
CONTINUOUS
10
7.4457338188976374
20
-2.269761811023622
11
7.4501083464566928
21
-2.2822635039370076
0
LINE
8
BLACK
6
CONTINUOUS
10
7.4501083464566928
20
-2.2822635039370076
11
7.45305562992126
21
-2.2951764173228346
0
LINE
8
BLACK
6
CONTINUOUS
10
7.45305562992126
20
-2.2951764173228346
11
7.4545385826771655
21
-2.3083381496062993
0
LINE
8
BLACK
6
CONTINUOUS
10
7.4545385826771655
20
-2.3083381496062993
11
7.4545385826771655
21
-2.3215831102362205
0
LINE
8
BLACK
6
CONTINUOUS
10
7.4545385826771655
20
-2.3215831102362205
11
7.45305562992126
21
-2.3347448425196848
0
LINE
8
BLACK
6
CONTINUOUS
10
7.45305562992126
20
-2.3347448425196848
11
7.4501083464566928
21
-2.3476577559055118
0
LINE
8
BLACK
6
CONTINUOUS
10
7.4501083464566928
20
-2.3476577559055118
11
7.4457338188976374
21
-2.3601594488188975
0
LINE
8
BLACK
6
CONTINUOUS
10
7.4457338188976374
20
-2.3601594488188975
11
7.4399870078740156
21
-2.3720927952755906
0
LINE
8
BLACK
6
CONTINUOUS
10
7.4399870078740156
20
-2.3720927952755906
11
7.4329402755905507
21
-2.3833076377952755
0
LINE
8
BLACK
6
CONTINUOUS
10
7.4329402755905507
20
-2.3833076377952755
11
7.4246821259842521
21
-2.393662992125984
0
LINE
8
BLACK
6
CONTINUOUS
10
7.4246821259842521
20
-2.393662992125984
11
7.415316535433071
21
-2.4030285826771651
0
LINE
8
BLACK
6
CONTINUOUS
10
7.415316535433071
20
-2.4030285826771651
11
7.4049611811023617
21
-2.4112867322834646
0
LINE
8
BLACK
6
CONTINUOUS
10
7.4049611811023617
20
-2.4112867322834646
11
7.3937463385826767
21
-2.418333464566929
0
LINE
8
BLACK
6
CONTINUOUS
10
7.3937463385826767
20
-2.418333464566929
11
7.3818129921259841
21
-2.4240802755905513
0
LINE
8
BLACK
6
CONTINUOUS
10
7.3818129921259841
20
-2.4240802755905513
11
7.3693112992125984
21
-2.4284548031496063
0
LINE
8
BLACK
6
CONTINUOUS
10
7.3693112992125984
20
-2.4284548031496063
11
7.3563983858267719
21
-2.431402086614173
0
LINE
8
BLACK
6
CONTINUOUS
10
7.3563983858267719
20
-2.431402086614173
11
7.3432366535433067
21
-2.4328850393700785
0
LINE
8
BLACK
6
CONTINUOUS
10
7.3432366535433067
20
-2.4328850393700785
11
7.3299916929133859
21
-2.4328850393700785
0
LINE
8
BLACK
6
CONTINUOUS
10
7.3299916929133859
20
-2.4328850393700785
11
7.3168299606299207
21
-2.431402086614173
0
LINE
8
BLACK
6
CONTINUOUS
10
7.3168299606299207
20
-2.431402086614173
11
7.3039170472440942
21
-2.4284548031496063
0
LINE
8
BLACK
6
CONTINUOUS
10
7.3039170472440942
20
-2.4284548031496063
11
7.2914153543307085
21
-2.4240802755905513
0
LINE
8
BLACK
6
CONTINUOUS
10
7.2914153543307085
20
-2.4240802755905513
11
7.2794820078740159
21
-2.418333464566929
0
LINE
8
BLACK
6
CONTINUOUS
10
7.2794820078740159
20
-2.418333464566929
11
7.2682671653543309
21
-2.4112867322834646
0
LINE
8
BLACK
6
CONTINUOUS
10
7.2682671653543309
20
-2.4112867322834646
11
7.2579118110236216
21
-2.4030285826771651
0
LINE
8
BLACK
6
CONTINUOUS
10
7.2579118110236216
20
-2.4030285826771651
11
7.2485462204724405
21
-2.393662992125984
0
LINE
8
BLACK
6
CONTINUOUS
10
7.2485462204724405
20
-2.393662992125984
11
7.2402880708661419
21
-2.3833076377952755
0
LINE
8
BLACK
6
CONTINUOUS
10
7.2402880708661419
20
-2.3833076377952755
11
7.233241338582677
21
-2.3720927952755906
0
LINE
8
BLACK
6
CONTINUOUS
10
7.233241338582677
20
-2.3720927952755906
11
7.2274945275590552
21
-2.3601594488188975
0
LINE
8
BLACK
6
CONTINUOUS
10
7.2274945275590552
20
-2.3601594488188975
11
7.2231199999999998
21
-2.3476577559055118
0
LINE
8
BLACK
6
CONTINUOUS
10
7.2231199999999998
20
-2.3476577559055118
11
7.2201727165354326
21
-2.3347448425196848
0
LINE
8
BLACK
6
CONTINUOUS
10
7.2201727165354326
20
-2.3347448425196848
11
7.2186897637795271
21
-2.3215831102362205
0
LINE
8
BLACK
6
CONTINUOUS
10
7.2186897637795271
20
-2.3215831102362205
11
7.2186897637795271
21
-2.3083381496062993
0
LINE
8
BLACK
6
CONTINUOUS
10
7.2186897637795271
20
-2.3083381496062993
11
7.2201727165354326
21
-2.2951764173228346
0
LINE
8
BLACK
6
CONTINUOUS
10
7.2201727165354326
20
-2.2951764173228346
11
7.2231199999999998
21
-2.2822635039370076
0
LINE
8
BLACK
6
CONTINUOUS
10
7.2231199999999998
20
-2.2822635039370076
11
7.2274945275590552
21
-2.269761811023622
0
LINE
8
BLACK
6
CONTINUOUS
10
7.2274945275590552
20
-2.269761811023622
11
7.233241338582677
21
-2.2578284645669289
0
LINE
8
BLACK
6
CONTINUOUS
10
7.233241338582677
20
-2.2578284645669289
11
7.2402880708661419
21
-2.2466136220472439
0
LINE
8
BLACK
6
CONTINUOUS
10
7.2402880708661419
20
-2.2466136220472439
11
7.2485462204724405
21
-2.2362582677165355
0
LINE
8
BLACK
6
CONTINUOUS
10
7.2485462204724405
20
-2.2362582677165355
11
7.2579118110236216
21
-2.2268926771653543
0
LINE
8
BLACK
6
CONTINUOUS
10
7.2579118110236216
20
-2.2268926771653543
11
7.2682671653543309
21
-2.2186345275590549
0
LINE
8
BLACK
6
CONTINUOUS
10
7.2682671653543309
20
-2.2186345275590549
11
7.2794820078740159
21
-2.2115877952755905
0
LINE
8
BLACK
6
CONTINUOUS
10
7.2794820078740159
20
-2.2115877952755905
11
7.2914153543307085
21
-2.2058409842519686
0
LINE
8
BLACK
6
CONTINUOUS
10
7.2914153543307085
20
-2.2058409842519686
11
7.3039170472440942
21
-2.2014664566929132
0
LINE
8
BLACK
6
CONTINUOUS
10
7.3039170472440942
20
-2.2014664566929132
11
7.3168299606299207
21
-2.1985191732283464
0
LINE
8
BLACK
6
CONTINUOUS
10
7.3168299606299207
20
-2.1985191732283464
11
7.3299916929133859
21
-2.197036220472441
0
LINE
8
BLACK
6
CONTINUOUS
10
7.3299916929133859
20
-2.197036220472441
11
7.3432366535433067
21
-2.197036220472441
0
LINE
8
BLACK
6
CONTINUOUS
10
7.3432366535433067
20
-2.197036220472441
11
7.3563983858267719
21
-2.1985191732283464
0
LINE
8
BLACK
6
CONTINUOUS
10
4.2935985433070867
20
-2.3868668503937007
11
4.2955144094488187
21
-2.3881470078740157
0
LINE
8
BLACK
6
CONTINUOUS
10
4.2955144094488187
20
-2.3881470078740157
11
4.2967945669291341
21
-2.3900628740157481
0
LINE
8
BLACK
6
CONTINUOUS
10
4.2967945669291341
20
-2.3900628740157481
11
4.2972440944881889
21
-2.3923228346456691
0
LINE
8
BLACK
6
CONTINUOUS
10
4.2972440944881889
20
-2.3923228346456691
11
4.2972440944881889
21
-2.4257874015748029
0
LINE
8
BLACK
6
CONTINUOUS
10
4.2972440944881889
20
-2.4257874015748029
11
4.2967945669291341
21
-2.4280473622047243
0
LINE
8
BLACK
6
CONTINUOUS
10
4.2967945669291341
20
-2.4280473622047243
11
4.2955144094488187
21
-2.4299632283464567
0
LINE
8
BLACK
6
CONTINUOUS
10
4.2955144094488187
20
-2.4299632283464567
11
4.2935985433070867
21
-2.4312433858267717
0
LINE
8
BLACK
6
CONTINUOUS
10
4.2935985433070867
20
-2.4312433858267717
11
4.2913385826771648
21
-2.4316929133858269
0
LINE
8
BLACK
6
CONTINUOUS
10
4.2913385826771648
20
-2.4316929133858269
11
4.2795275590551176
21
-2.4316929133858269
0
LINE
8
BLACK
6
CONTINUOUS
10
4.2795275590551176
20
-2.4316929133858269
11
4.2772675984251967
21
-2.4312433858267717
0
LINE
8
BLACK
6
CONTINUOUS
10
4.2772675984251967
20
-2.4312433858267717
11
4.2753517322834647
21
-2.4299632283464567
0
LINE
8
BLACK
6
CONTINUOUS
10
4.2753517322834647
20
-2.4299632283464567
11
4.2740715748031493
21
-2.4280473622047243
0
LINE
8
BLACK
6
CONTINUOUS
10
4.2740715748031493
20
-2.4280473622047243
11
4.2736220472440944
21
-2.4257874015748029
0
LINE
8
BLACK
6
CONTINUOUS
10
4.2736220472440944
20
-2.4257874015748029
11
4.2736220472440944
21
-2.3923228346456691
0
LINE
8
BLACK
6
CONTINUOUS
10
4.2736220472440944
20
-2.3923228346456691
11
4.2740715748031493
21
-2.3900628740157481
0
LINE
8
BLACK
6
CONTINUOUS
10
4.2740715748031493
20
-2.3900628740157481
11
4.2753517322834647
21
-2.3881470078740157
0
LINE
8
BLACK
6
CONTINUOUS
10
4.2753517322834647
20
-2.3881470078740157
11
4.2772675984251967
21
-2.3868668503937007
0
LINE
8
BLACK
6
CONTINUOUS
10
4.2772675984251967
20
-2.3868668503937007
11
4.2795275590551176
21
-2.3864173228346455
0
LINE
8
BLACK
6
CONTINUOUS
10
4.2795275590551176
20
-2.3864173228346455
11
4.2913385826771648
21
-2.3864173228346455
0
LINE
8
BLACK
6
CONTINUOUS
10
4.2913385826771648
20
-2.3864173228346455
11
4.2935985433070867
21
-2.3868668503937007
0
LINE
8
BLACK
6
CONTINUOUS
10
4.3250946062992126
20
-2.3868668503937007
11
4.3270104724409446
21
-2.3881470078740157
0
LINE
8
BLACK
6
CONTINUOUS
10
4.3270104724409446
20
-2.3881470078740157
11
4.32829062992126
21
-2.3900628740157481
0
LINE
8
BLACK
6
CONTINUOUS
10
4.32829062992126
20
-2.3900628740157481
11
4.3287401574803148
21
-2.3923228346456691
0
LINE
8
BLACK
6
CONTINUOUS
10
4.3287401574803148
20
-2.3923228346456691
11
4.3287401574803148
21
-2.4257874015748029
0
LINE
8
BLACK
6
CONTINUOUS
10
4.3287401574803148
20
-2.4257874015748029
11
4.32829062992126
21
-2.4280473622047243
0
LINE
8
BLACK
6
CONTINUOUS
10
4.32829062992126
20
-2.4280473622047243
11
4.3270104724409446
21
-2.4299632283464567
0
LINE
8
BLACK
6
CONTINUOUS
10
4.3270104724409446
20
-2.4299632283464567
11
4.3250946062992126
21
-2.4312433858267717
0
LINE
8
BLACK
6
CONTINUOUS
10
4.3250946062992126
20
-2.4312433858267717
11
4.3228346456692917
21
-2.4316929133858269
0
LINE
8
BLACK
6
CONTINUOUS
10
4.3228346456692917
20
-2.4316929133858269
11
4.3110236220472444
21
-2.4316929133858269
0
LINE
8
BLACK
6
CONTINUOUS
10
4.3110236220472444
20
-2.4316929133858269
11
4.3087636614173226
21
-2.4312433858267717
0
LINE
8
BLACK
6
CONTINUOUS
10
4.3087636614173226
20
-2.4312433858267717
11
4.3068477952755906
21
-2.4299632283464567
0
LINE
8
BLACK
6
CONTINUOUS
10
4.3068477952755906
20
-2.4299632283464567
11
4.3055676377952752
21
-2.4280473622047243
0
LINE
8
BLACK
6
CONTINUOUS
10
4.3055676377952752
20
-2.4280473622047243
11
4.3051181102362204
21
-2.4257874015748029
0
LINE
8
BLACK
6
CONTINUOUS
10
4.3051181102362204
20
-2.4257874015748029
11
4.3051181102362204
21
-2.3923228346456691
0
LINE
8
BLACK
6
CONTINUOUS
10
4.3051181102362204
20
-2.3923228346456691
11
4.3055676377952752
21
-2.3900628740157481
0
LINE
8
BLACK
6
CONTINUOUS
10
4.3055676377952752
20
-2.3900628740157481
11
4.3068477952755906
21
-2.3881470078740157
0
LINE
8
BLACK
6
CONTINUOUS
10
4.3068477952755906
20
-2.3881470078740157
11
4.3087636614173226
21
-2.3868668503937007
0
LINE
8
BLACK
6
CONTINUOUS
10
4.3087636614173226
20
-2.3868668503937007
11
4.3110236220472444
21
-2.3864173228346455
0
LINE
8
BLACK
6
CONTINUOUS
10
4.3110236220472444
20
-2.3864173228346455
11
4.3228346456692917
21
-2.3864173228346455
0
LINE
8
BLACK
6
CONTINUOUS
10
4.3228346456692917
20
-2.3864173228346455
11
4.3250946062992126
21
-2.3868668503937007
0
LINE
8
BLACK
6
CONTINUOUS
10
4.3466024015748035
20
-2.3866420866141733
11
4.3475603543307084
21
-2.3872821653543306
0
LINE
8
BLACK
6
CONTINUOUS
10
4.3475603543307084
20
-2.3872821653543306
11
4.3482004330708657
21
-2.388240118110236
0
LINE
8
BLACK
6
CONTINUOUS
10
4.3482004330708657
20
-2.388240118110236
11
4.3484251968503935
21
-2.3893700787401575
0
LINE
8
BLACK
6
CONTINUOUS
10
4.3484251968503935
20
-2.3893700787401575
11
4.3484251968503935
21
-2.4287401574803149
0
LINE
8
BLACK
6
CONTINUOUS
10
4.3484251968503935
20
-2.4287401574803149
11
4.3482004330708657
21
-2.429870118110236
0
LINE
8
BLACK
6
CONTINUOUS
10
4.3482004330708657
20
-2.429870118110236
11
4.3475603543307084
21
-2.4308280708661418
0
LINE
8
BLACK
6
CONTINUOUS
10
4.3475603543307084
20
-2.4308280708661418
11
4.3466024015748035
21
-2.4314681496062991
0
LINE
8
BLACK
6
CONTINUOUS
10
4.3466024015748035
20
-2.4314681496062991
11
4.3454724409448815
21
-2.4316929133858269
0
LINE
8
BLACK
6
CONTINUOUS
10
4.3454724409448815
20
-2.4316929133858269
11
4.3395669291338583
21
-2.4316929133858269
0
LINE
8
BLACK
6
CONTINUOUS
10
4.3395669291338583
20
-2.4316929133858269
11
4.3384369685039372
21
-2.4314681496062991
0
LINE
8
BLACK
6
CONTINUOUS
10
4.3384369685039372
20
-2.4314681496062991
11
4.3374790157480314
21
-2.4308280708661418
0
LINE
8
BLACK
6
CONTINUOUS
10
4.3374790157480314
20
-2.4308280708661418
11
4.3368389370078742
21
-2.429870118110236
0
LINE
8
BLACK
6
CONTINUOUS
10
4.3368389370078742
20
-2.429870118110236
11
4.3366141732283463
21
-2.4287401574803149
0
LINE
8
BLACK
6
CONTINUOUS
10
4.3366141732283463
20
-2.4287401574803149
11
4.3366141732283463
21
-2.3893700787401575
0
LINE
8
BLACK
6
CONTINUOUS
10
4.3366141732283463
20
-2.3893700787401575
11
4.3368389370078742
21
-2.388240118110236
0
LINE
8
BLACK
6
CONTINUOUS
10
4.3368389370078742
20
-2.388240118110236
11
4.3374790157480314
21
-2.3872821653543306
0
LINE
8
BLACK
6
CONTINUOUS
10
4.3374790157480314
20
-2.3872821653543306
11
4.3384369685039372
21
-2.3866420866141733
0
LINE
8
BLACK
6
CONTINUOUS
10
4.3384369685039372
20
-2.3866420866141733
11
4.3395669291338583
21
-2.3864173228346455
0
LINE
8
BLACK
6
CONTINUOUS
10
4.3395669291338583
20
-2.3864173228346455
11
4.3454724409448815
21
-2.3864173228346455
0
LINE
8
BLACK
6
CONTINUOUS
10
4.3454724409448815
20
-2.3864173228346455
11
4.3466024015748035
21
-2.3866420866141733
0
LINE
8
BLACK
6
CONTINUOUS
10
4.3662874409448822
20
-2.3866420866141733
11
4.3672453937007871
21
-2.3872821653543306
0
LINE
8
BLACK
6
CONTINUOUS
10
4.3672453937007871
20
-2.3872821653543306
11
4.3678854724409444
21
-2.388240118110236
0
LINE
8
BLACK
6
CONTINUOUS
10
4.3678854724409444
20
-2.388240118110236
11
4.3681102362204722
21
-2.3893700787401575
0
LINE
8
BLACK
6
CONTINUOUS
10
4.3681102362204722
20
-2.3893700787401575
11
4.3681102362204722
21
-2.4287401574803149
0
LINE
8
BLACK
6
CONTINUOUS
10
4.3681102362204722
20
-2.4287401574803149
11
4.3678854724409444
21
-2.429870118110236
0
LINE
8
BLACK
6
CONTINUOUS
10
4.3678854724409444
20
-2.429870118110236
11
4.3672453937007871
21
-2.4308280708661418
0
LINE
8
BLACK
6
CONTINUOUS
10
4.3672453937007871
20
-2.4308280708661418
11
4.3662874409448822
21
-2.4314681496062991
0
LINE
8
BLACK
6
CONTINUOUS
10
4.3662874409448822
20
-2.4314681496062991
11
4.3651574803149602
21
-2.4316929133858269
0
LINE
8
BLACK
6
CONTINUOUS
10
4.3651574803149602
20
-2.4316929133858269
11
4.359251968503937
21
-2.4316929133858269
0
LINE
8
BLACK
6
CONTINUOUS
10
4.359251968503937
20
-2.4316929133858269
11
4.3581220078740159
21
-2.4314681496062991
0
LINE
8
BLACK
6
CONTINUOUS
10
4.3581220078740159
20
-2.4314681496062991
11
4.3571640551181101
21
-2.4308280708661418
0
LINE
8
BLACK
6
CONTINUOUS
10
4.3571640551181101
20
-2.4308280708661418
11
4.3565239763779529
21
-2.429870118110236
0
LINE
8
BLACK
6
CONTINUOUS
10
4.3565239763779529
20
-2.429870118110236
11
4.356299212598425
21
-2.4287401574803149
0
LINE
8
BLACK
6
CONTINUOUS
10
4.356299212598425
20
-2.4287401574803149
11
4.356299212598425
21
-2.3893700787401575
0
LINE
8
BLACK
6
CONTINUOUS
10
4.356299212598425
20
-2.3893700787401575
11
4.3565239763779529
21
-2.388240118110236
0
LINE
8
BLACK
6
CONTINUOUS
10
4.3565239763779529
20
-2.388240118110236
11
4.3571640551181101
21
-2.3872821653543306
0
LINE
8
BLACK
6
CONTINUOUS
10
4.3571640551181101
20
-2.3872821653543306
11
4.3581220078740159
21
-2.3866420866141733
0
LINE
8
BLACK
6
CONTINUOUS
10
4.3581220078740159
20
-2.3866420866141733
11
4.359251968503937
21
-2.3864173228346455
0
LINE
8
BLACK
6
CONTINUOUS
10
4.359251968503937
20
-2.3864173228346455
11
4.3651574803149602
21
-2.3864173228346455
0
LINE
8
BLACK
6
CONTINUOUS
10
4.3651574803149602
20
-2.3864173228346455
11
4.3662874409448822
21
-2.3866420866141733
0
LINE
8
BLACK
6
CONTINUOUS
10
4.3859724803149609
20
-2.3866420866141733
11
4.3869304330708658
21
-2.3872821653543306
0
LINE
8
BLACK
6
CONTINUOUS
10
4.3869304330708658
20
-2.3872821653543306
11
4.3875705118110231
21
-2.388240118110236
0
LINE
8
BLACK
6
CONTINUOUS
10
4.3875705118110231
20
-2.388240118110236
11
4.3877952755905509
21
-2.3893700787401575
0
LINE
8
BLACK
6
CONTINUOUS
10
4.3877952755905509
20
-2.3893700787401575
11
4.3877952755905509
21
-2.4287401574803149
0
LINE
8
BLACK
6
CONTINUOUS
10
4.3877952755905509
20
-2.4287401574803149
11
4.3875705118110231
21
-2.429870118110236
0
LINE
8
BLACK
6
CONTINUOUS
10
4.3875705118110231
20
-2.429870118110236
11
4.3869304330708658
21
-2.4308280708661418
0
LINE
8
BLACK
6
CONTINUOUS
10
4.3869304330708658
20
-2.4308280708661418
11
4.3859724803149609
21
-2.4314681496062991
0
LINE
8
BLACK
6
CONTINUOUS
10
4.3859724803149609
20
-2.4314681496062991
11
4.3848425196850389
21
-2.4316929133858269
0
LINE
8
BLACK
6
CONTINUOUS
10
4.3848425196850389
20
-2.4316929133858269
11
4.3789370078740157
21
-2.4316929133858269
0
LINE
8
BLACK
6
CONTINUOUS
10
4.3789370078740157
20
-2.4316929133858269
11
4.3778070472440946
21
-2.4314681496062991
0
LINE
8
BLACK
6
CONTINUOUS
10
4.3778070472440946
20
-2.4314681496062991
11
4.3768490944881888
21
-2.4308280708661418
0
LINE
8
BLACK
6
CONTINUOUS
10
4.3768490944881888
20
-2.4308280708661418
11
4.3762090157480316
21
-2.429870118110236
0
LINE
8
BLACK
6
CONTINUOUS
10
4.3762090157480316
20
-2.429870118110236
11
4.3759842519685037
21
-2.4287401574803149
0
LINE
8
BLACK
6
CONTINUOUS
10
4.3759842519685037
20
-2.4287401574803149
11
4.3759842519685037
21
-2.3893700787401575
0
LINE
8
BLACK
6
CONTINUOUS
10
4.3759842519685037
20
-2.3893700787401575
11
4.3762090157480316
21
-2.388240118110236
0
LINE
8
BLACK
6
CONTINUOUS
10
4.3762090157480316
20
-2.388240118110236
11
4.3768490944881888
21
-2.3872821653543306
0
LINE
8
BLACK
6
CONTINUOUS
10
4.3768490944881888
20
-2.3872821653543306
11
4.3778070472440946
21
-2.3866420866141733
0
LINE
8
BLACK
6
CONTINUOUS
10
4.3778070472440946
20
-2.3866420866141733
11
4.3789370078740157
21
-2.3864173228346455
0
LINE
8
BLACK
6
CONTINUOUS
10
4.3789370078740157
20
-2.3864173228346455
11
4.3848425196850389
21
-2.3864173228346455
0
LINE
8
BLACK
6
CONTINUOUS
10
4.3848425196850389
20
-2.3864173228346455
11
4.3859724803149609
21
-2.3866420866141733
0
LINE
8
BLACK
6
CONTINUOUS
10
4.4056575196850396
20
-2.3866420866141733
11
4.4066154724409445
21
-2.3872821653543306
0
LINE
8
BLACK
6
CONTINUOUS
10
4.4066154724409445
20
-2.3872821653543306
11
4.4072555511811027
21
-2.388240118110236
0
LINE
8
BLACK
6
CONTINUOUS
10
4.4072555511811027
20
-2.388240118110236
11
4.4074803149606296
21
-2.3893700787401575
0
LINE
8
BLACK
6
CONTINUOUS
10
4.4074803149606296
20
-2.3893700787401575
11
4.4074803149606296
21
-2.4287401574803149
0
LINE
8
BLACK
6
CONTINUOUS
10
4.4074803149606296
20
-2.4287401574803149
11
4.4072555511811027
21
-2.429870118110236
0
LINE
8
BLACK
6
CONTINUOUS
10
4.4072555511811027
20
-2.429870118110236
11
4.4066154724409445
21
-2.4308280708661418
0
LINE
8
BLACK
6
CONTINUOUS
10
4.4066154724409445
20
-2.4308280708661418
11
4.4056575196850396
21
-2.4314681496062991
0
LINE
8
BLACK
6
CONTINUOUS
10
4.4056575196850396
20
-2.4314681496062991
11
4.4045275590551176
21
-2.4316929133858269
0
LINE
8
BLACK
6
CONTINUOUS
10
4.4045275590551176
20
-2.4316929133858269
11
4.3986220472440944
21
-2.4316929133858269
0
LINE
8
BLACK
6
CONTINUOUS
10
4.3986220472440944
20
-2.4316929133858269
11
4.3974920866141733
21
-2.4314681496062991
0
LINE
8
BLACK
6
CONTINUOUS
10
4.3974920866141733
20
-2.4314681496062991
11
4.3965341338582675
21
-2.4308280708661418
0
LINE
8
BLACK
6
CONTINUOUS
10
4.3965341338582675
20
-2.4308280708661418
11
4.3958940551181103
21
-2.429870118110236
0
LINE
8
BLACK
6
CONTINUOUS
10
4.3958940551181103
20
-2.429870118110236
11
4.3956692913385824
21
-2.4287401574803149
0
LINE
8
BLACK
6
CONTINUOUS
10
4.3956692913385824
20
-2.4287401574803149
11
4.3956692913385824
21
-2.3893700787401575
0
LINE
8
BLACK
6
CONTINUOUS
10
4.3956692913385824
20
-2.3893700787401575
11
4.3958940551181103
21
-2.388240118110236
0
LINE
8
BLACK
6
CONTINUOUS
10
4.3958940551181103
20
-2.388240118110236
11
4.3965341338582675
21
-2.3872821653543306
0
LINE
8
BLACK
6
CONTINUOUS
10
4.3965341338582675
20
-2.3872821653543306
11
4.3974920866141733
21
-2.3866420866141733
0
LINE
8
BLACK
6
CONTINUOUS
10
4.3974920866141733
20
-2.3866420866141733
11
4.3986220472440944
21
-2.3864173228346455
0
LINE
8
BLACK
6
CONTINUOUS
10
4.3986220472440944
20
-2.3864173228346455
11
4.4045275590551176
21
-2.3864173228346455
0
LINE
8
BLACK
6
CONTINUOUS
10
4.4045275590551176
20
-2.3864173228346455
11
4.4056575196850396
21
-2.3866420866141733
0
LINE
8
BLACK
6
CONTINUOUS
10
4.4253425590551183
20
-2.3866420866141733
11
4.4263005118110232
21
-2.3872821653543306
0
LINE
8
BLACK
6
CONTINUOUS
10
4.4263005118110232
20
-2.3872821653543306
11
4.4269405905511814
21
-2.388240118110236
0
LINE
8
BLACK
6
CONTINUOUS
10
4.4269405905511814
20
-2.388240118110236
11
4.4271653543307083
21
-2.3893700787401575
0
LINE
8
BLACK
6
CONTINUOUS
10
4.4271653543307083
20
-2.3893700787401575
11
4.4271653543307083
21
-2.4287401574803149
0
LINE
8
BLACK
6
CONTINUOUS
10
4.4271653543307083
20
-2.4287401574803149
11
4.4269405905511814
21
-2.429870118110236
0
LINE
8
BLACK
6
CONTINUOUS
10
4.4269405905511814
20
-2.429870118110236
11
4.4263005118110232
21
-2.4308280708661418
0
LINE
8
BLACK
6
CONTINUOUS
10
4.4263005118110232
20
-2.4308280708661418
11
4.4253425590551183
21
-2.4314681496062991
0
LINE
8
BLACK
6
CONTINUOUS
10
4.4253425590551183
20
-2.4314681496062991
11
4.4242125984251963
21
-2.4316929133858269
0
LINE
8
BLACK
6
CONTINUOUS
10
4.4242125984251963
20
-2.4316929133858269
11
4.4183070866141732
21
-2.4316929133858269
0
LINE
8
BLACK
6
CONTINUOUS
10
4.4183070866141732
20
-2.4316929133858269
11
4.4171771259842521
21
-2.4314681496062991
0
LINE
8
BLACK
6
CONTINUOUS
10
4.4171771259842521
20
-2.4314681496062991
11
4.4162191732283462
21
-2.4308280708661418
0
LINE
8
BLACK
6
CONTINUOUS
10
4.4162191732283462
20
-2.4308280708661418
11
4.415579094488189
21
-2.429870118110236
0
LINE
8
BLACK
6
CONTINUOUS
10
4.415579094488189
20
-2.429870118110236
11
4.4153543307086611
21
-2.4287401574803149
0
LINE
8
BLACK
6
CONTINUOUS
10
4.4153543307086611
20
-2.4287401574803149
11
4.4153543307086611
21
-2.3893700787401575
0
LINE
8
BLACK
6
CONTINUOUS
10
4.4153543307086611
20
-2.3893700787401575
11
4.415579094488189
21
-2.388240118110236
0
LINE
8
BLACK
6
CONTINUOUS
10
4.415579094488189
20
-2.388240118110236
11
4.4162191732283462
21
-2.3872821653543306
0
LINE
8
BLACK
6
CONTINUOUS
10
4.4162191732283462
20
-2.3872821653543306
11
4.4171771259842521
21
-2.3866420866141733
0
LINE
8
BLACK
6
CONTINUOUS
10
4.4171771259842521
20
-2.3866420866141733
11
4.4183070866141732
21
-2.3864173228346455
0
LINE
8
BLACK
6
CONTINUOUS
10
4.4183070866141732
20
-2.3864173228346455
11
4.4242125984251963
21
-2.3864173228346455
0
LINE
8
BLACK
6
CONTINUOUS
10
4.4242125984251963
20
-2.3864173228346455
11
4.4253425590551183
21
-2.3866420866141733
0
LINE
8
BLACK
6
CONTINUOUS
10
4.445027598425197
20
-2.3866420866141733
11
4.4459855511811019
21
-2.3872821653543306
0
LINE
8
BLACK
6
CONTINUOUS
10
4.4459855511811019
20
-2.3872821653543306
11
4.4466256299212601
21
-2.388240118110236
0
LINE
8
BLACK
6
CONTINUOUS
10
4.4466256299212601
20
-2.388240118110236
11
4.4468503937007871
21
-2.3893700787401575
0
LINE
8
BLACK
6
CONTINUOUS
10
4.4468503937007871
20
-2.3893700787401575
11
4.4468503937007871
21
-2.4287401574803149
0
LINE
8
BLACK
6
CONTINUOUS
10
4.4468503937007871
20
-2.4287401574803149
11
4.4466256299212601
21
-2.429870118110236
0
LINE
8
BLACK
6
CONTINUOUS
10
4.4466256299212601
20
-2.429870118110236
11
4.4459855511811019
21
-2.4308280708661418
0
LINE
8
BLACK
6
CONTINUOUS
10
4.4459855511811019
20
-2.4308280708661418
11
4.445027598425197
21
-2.4314681496062991
0
LINE
8
BLACK
6
CONTINUOUS
10
4.445027598425197
20
-2.4314681496062991
11
4.4438976377952759
21
-2.4316929133858269
0
LINE
8
BLACK
6
CONTINUOUS
10
4.4438976377952759
20
-2.4316929133858269
11
4.4379921259842519
21
-2.4316929133858269
0
LINE
8
BLACK
6
CONTINUOUS
10
4.4379921259842519
20
-2.4316929133858269
11
4.4368621653543308
21
-2.4314681496062991
0
LINE
8
BLACK
6
CONTINUOUS
10
4.4368621653543308
20
-2.4314681496062991
11
4.4359042125984249
21
-2.4308280708661418
0
LINE
8
BLACK
6
CONTINUOUS
10
4.4359042125984249
20
-2.4308280708661418
11
4.4352641338582677
21
-2.429870118110236
0
LINE
8
BLACK
6
CONTINUOUS
10
4.4352641338582677
20
-2.429870118110236
11
4.4350393700787398
21
-2.4287401574803149
0
LINE
8
BLACK
6
CONTINUOUS
10
4.4350393700787398
20
-2.4287401574803149
11
4.4350393700787398
21
-2.3893700787401575
0
LINE
8
BLACK
6
CONTINUOUS
10
4.4350393700787398
20
-2.3893700787401575
11
4.4352641338582677
21
-2.388240118110236
0
LINE
8
BLACK
6
CONTINUOUS
10
4.4352641338582677
20
-2.388240118110236
11
4.4359042125984249
21
-2.3872821653543306
0
LINE
8
BLACK
6
CONTINUOUS
10
4.4359042125984249
20
-2.3872821653543306
11
4.4368621653543308
21
-2.3866420866141733
0
LINE
8
BLACK
6
CONTINUOUS
10
4.4368621653543308
20
-2.3866420866141733
11
4.4379921259842519
21
-2.3864173228346455
0
LINE
8
BLACK
6
CONTINUOUS
10
4.4379921259842519
20
-2.3864173228346455
11
4.4438976377952759
21
-2.3864173228346455
0
LINE
8
BLACK
6
CONTINUOUS
10
4.4438976377952759
20
-2.3864173228346455
11
4.445027598425197
21
-2.3866420866141733
0
LINE
8
BLACK
6
CONTINUOUS
10
4.4647126377952757
20
-2.3866420866141733
11
4.4656705905511807
21
-2.3872821653543306
0
LINE
8
BLACK
6
CONTINUOUS
10
4.4656705905511807
20
-2.3872821653543306
11
4.4663106692913388
21
-2.388240118110236
0
LINE
8
BLACK
6
CONTINUOUS
10
4.4663106692913388
20
-2.388240118110236
11
4.4665354330708658
21
-2.3893700787401575
0
LINE
8
BLACK
6
CONTINUOUS
10
4.4665354330708658
20
-2.3893700787401575
11
4.4665354330708658
21
-2.4287401574803149
0
LINE
8
BLACK
6
CONTINUOUS
10
4.4665354330708658
20
-2.4287401574803149
11
4.4663106692913388
21
-2.429870118110236
0
LINE
8
BLACK
6
CONTINUOUS
10
4.4663106692913388
20
-2.429870118110236
11
4.4656705905511807
21
-2.4308280708661418
0
LINE
8
BLACK
6
CONTINUOUS
10
4.4656705905511807
20
-2.4308280708661418
11
4.4647126377952757
21
-2.4314681496062991
0
LINE
8
BLACK
6
CONTINUOUS
10
4.4647126377952757
20
-2.4314681496062991
11
4.4635826771653546
21
-2.4316929133858269
0
LINE
8
BLACK
6
CONTINUOUS
10
4.4635826771653546
20
-2.4316929133858269
11
4.4576771653543306
21
-2.4316929133858269
0
LINE
8
BLACK
6
CONTINUOUS
10
4.4576771653543306
20
-2.4316929133858269
11
4.4565472047244095
21
-2.4314681496062991
0
LINE
8
BLACK
6
CONTINUOUS
10
4.4565472047244095
20
-2.4314681496062991
11
4.4555892519685036
21
-2.4308280708661418
0
LINE
8
BLACK
6
CONTINUOUS
10
4.4555892519685036
20
-2.4308280708661418
11
4.4549491732283464
21
-2.429870118110236
0
LINE
8
BLACK
6
CONTINUOUS
10
4.4549491732283464
20
-2.429870118110236
11
4.4547244094488185
21
-2.4287401574803149
0
LINE
8
BLACK
6
CONTINUOUS
10
4.4547244094488185
20
-2.4287401574803149
11
4.4547244094488185
21
-2.3893700787401575
0
LINE
8
BLACK
6
CONTINUOUS
10
4.4547244094488185
20
-2.3893700787401575
11
4.4549491732283464
21
-2.388240118110236
0
LINE
8
BLACK
6
CONTINUOUS
10
4.4549491732283464
20
-2.388240118110236
11
4.4555892519685036
21
-2.3872821653543306
0
LINE
8
BLACK
6
CONTINUOUS
10
4.4555892519685036
20
-2.3872821653543306
11
4.4565472047244095
21
-2.3866420866141733
0
LINE
8
BLACK
6
CONTINUOUS
10
4.4565472047244095
20
-2.3866420866141733
11
4.4576771653543306
21
-2.3864173228346455
0
LINE
8
BLACK
6
CONTINUOUS
10
4.4576771653543306
20
-2.3864173228346455
11
4.4635826771653546
21
-2.3864173228346455
0
LINE
8
BLACK
6
CONTINUOUS
10
4.4635826771653546
20
-2.3864173228346455
11
4.4647126377952757
21
-2.3866420866141733
0
LINE
8
BLACK
6
CONTINUOUS
10
4.4843976771653544
20
-2.3866420866141733
11
4.4853556299212594
21
-2.3872821653543306
0
LINE
8
BLACK
6
CONTINUOUS
10
4.4853556299212594
20
-2.3872821653543306
11
4.4859957086614175
21
-2.388240118110236
0
LINE
8
BLACK
6
CONTINUOUS
10
4.4859957086614175
20
-2.388240118110236
11
4.4862204724409445
21
-2.3893700787401575
0
LINE
8
BLACK
6
CONTINUOUS
10
4.4862204724409445
20
-2.3893700787401575
11
4.4862204724409445
21
-2.4287401574803149
0
LINE
8
BLACK
6
CONTINUOUS
10
4.4862204724409445
20
-2.4287401574803149
11
4.4859957086614175
21
-2.429870118110236
0
LINE
8
BLACK
6
CONTINUOUS
10
4.4859957086614175
20
-2.429870118110236
11
4.4853556299212594
21
-2.4308280708661418
0
LINE
8
BLACK
6
CONTINUOUS
10
4.4853556299212594
20
-2.4308280708661418
11
4.4843976771653544
21
-2.4314681496062991
0
LINE
8
BLACK
6
CONTINUOUS
10
4.4843976771653544
20
-2.4314681496062991
11
4.4832677165354333
21
-2.4316929133858269
0
LINE
8
BLACK
6
CONTINUOUS
10
4.4832677165354333
20
-2.4316929133858269
11
4.4773622047244093
21
-2.4316929133858269
0
LINE
8
BLACK
6
CONTINUOUS
10
4.4773622047244093
20
-2.4316929133858269
11
4.4762322440944882
21
-2.4314681496062991
0
LINE
8
BLACK
6
CONTINUOUS
10
4.4762322440944882
20
-2.4314681496062991
11
4.4752742913385823
21
-2.4308280708661418
0
LINE
8
BLACK
6
CONTINUOUS
10
4.4752742913385823
20
-2.4308280708661418
11
4.4746342125984251
21
-2.429870118110236
0
LINE
8
BLACK
6
CONTINUOUS
10
4.4746342125984251
20
-2.429870118110236
11
4.4744094488188972
21
-2.4287401574803149
0
LINE
8
BLACK
6
CONTINUOUS
10
4.4744094488188972
20
-2.4287401574803149
11
4.4744094488188972
21
-2.3893700787401575
0
LINE
8
BLACK
6
CONTINUOUS
10
4.4744094488188972
20
-2.3893700787401575
11
4.4746342125984251
21
-2.388240118110236
0
LINE
8
BLACK
6
CONTINUOUS
10
4.4746342125984251
20
-2.388240118110236
11
4.4752742913385823
21
-2.3872821653543306
0
LINE
8
BLACK
6
CONTINUOUS
10
4.4752742913385823
20
-2.3872821653543306
11
4.4762322440944882
21
-2.3866420866141733
0
LINE
8
BLACK
6
CONTINUOUS
10
4.4762322440944882
20
-2.3866420866141733
11
4.4773622047244093
21
-2.3864173228346455
0
LINE
8
BLACK
6
CONTINUOUS
10
4.4773622047244093
20
-2.3864173228346455
11
4.4832677165354333
21
-2.3864173228346455
0
LINE
8
BLACK
6
CONTINUOUS
10
4.4832677165354333
20
-2.3864173228346455
11
4.4843976771653544
21
-2.3866420866141733
0
LINE
8
BLACK
6
CONTINUOUS
10
4.5140709842519682
20
-2.3868668503937007
11
4.5159868503937011
21
-2.3881470078740157
0
LINE
8
BLACK
6
CONTINUOUS
10
4.5159868503937011
20
-2.3881470078740157
11
4.5172670078740156
21
-2.3900628740157481
0
LINE
8
BLACK
6
CONTINUOUS
10
4.5172670078740156
20
-2.3900628740157481
11
4.5177165354330704
21
-2.3923228346456691
0
LINE
8
BLACK
6
CONTINUOUS
10
4.5177165354330704
20
-2.3923228346456691
11
4.5177165354330704
21
-2.4257874015748029
0
LINE
8
BLACK
6
CONTINUOUS
10
4.5177165354330704
20
-2.4257874015748029
11
4.5172670078740156
21
-2.4280473622047243
0
LINE
8
BLACK
6
CONTINUOUS
10
4.5172670078740156
20
-2.4280473622047243
11
4.5159868503937011
21
-2.4299632283464567
0
LINE
8
BLACK
6
CONTINUOUS
10
4.5159868503937011
20
-2.4299632283464567
11
4.5140709842519682
21
-2.4312433858267717
0
LINE
8
BLACK
6
CONTINUOUS
10
4.5140709842519682
20
-2.4312433858267717
11
4.5118110236220472
21
-2.4316929133858269
0
LINE
8
BLACK
6
CONTINUOUS
10
4.5118110236220472
20
-2.4316929133858269
11
4.5
21
-2.4316929133858269
0
LINE
8
BLACK
6
CONTINUOUS
10
4.5
20
-2.4316929133858269
11
4.497740039370079
21
-2.4312433858267717
0
LINE
8
BLACK
6
CONTINUOUS
10
4.497740039370079
20
-2.4312433858267717
11
4.4958241732283462
21
-2.4299632283464567
0
LINE
8
BLACK
6
CONTINUOUS
10
4.4958241732283462
20
-2.4299632283464567
11
4.4945440157480316
21
-2.4280473622047243
0
LINE
8
BLACK
6
CONTINUOUS
10
4.4945440157480316
20
-2.4280473622047243
11
4.4940944881889759
21
-2.4257874015748029
0
LINE
8
BLACK
6
CONTINUOUS
10
4.4940944881889759
20
-2.4257874015748029
11
4.4940944881889759
21
-2.3923228346456691
0
LINE
8
BLACK
6
CONTINUOUS
10
4.4940944881889759
20
-2.3923228346456691
11
4.4945440157480316
21
-2.3900628740157481
0
LINE
8
BLACK
6
CONTINUOUS
10
4.4945440157480316
20
-2.3900628740157481
11
4.4958241732283462
21
-2.3881470078740157
0
LINE
8
BLACK
6
CONTINUOUS
10
4.4958241732283462
20
-2.3881470078740157
11
4.497740039370079
21
-2.3868668503937007
0
LINE
8
BLACK
6
CONTINUOUS
10
4.497740039370079
20
-2.3868668503937007
11
4.5
21
-2.3864173228346455
0
LINE
8
BLACK
6
CONTINUOUS
10
4.5
20
-2.3864173228346455
11
4.5118110236220472
21
-2.3864173228346455
0
LINE
8
BLACK
6
CONTINUOUS
10
4.5118110236220472
20
-2.3864173228346455
11
4.5140709842519682
21
-2.3868668503937007
0
LINE
8
BLACK
6
CONTINUOUS
10
4.5455670472440941
20
-2.3868668503937007
11
4.547482913385827
21
-2.3881470078740157
0
LINE
8
BLACK
6
CONTINUOUS
10
4.547482913385827
20
-2.3881470078740157
11
4.5487630708661415
21
-2.3900628740157481
0
LINE
8
BLACK
6
CONTINUOUS
10
4.5487630708661415
20
-2.3900628740157481
11
4.5492125984251963
21
-2.3923228346456691
0
LINE
8
BLACK
6
CONTINUOUS
10
4.5492125984251963
20
-2.3923228346456691
11
4.5492125984251963
21
-2.4257874015748029
0
LINE
8
BLACK
6
CONTINUOUS
10
4.5492125984251963
20
-2.4257874015748029
11
4.5487630708661415
21
-2.4280473622047243
0
LINE
8
BLACK
6
CONTINUOUS
10
4.5487630708661415
20
-2.4280473622047243
11
4.547482913385827
21
-2.4299632283464567
0
LINE
8
BLACK
6
CONTINUOUS
10
4.547482913385827
20
-2.4299632283464567
11
4.5455670472440941
21
-2.4312433858267717
0
LINE
8
BLACK
6
CONTINUOUS
10
4.5455670472440941
20
-2.4312433858267717
11
4.5433070866141732
21
-2.4316929133858269
0
LINE
8
BLACK
6
CONTINUOUS
10
4.5433070866141732
20
-2.4316929133858269
11
4.5314960629921259
21
-2.4316929133858269
0
LINE
8
BLACK
6
CONTINUOUS
10
4.5314960629921259
20
-2.4316929133858269
11
4.529236102362205
21
-2.4312433858267717
0
LINE
8
BLACK
6
CONTINUOUS
10
4.529236102362205
20
-2.4312433858267717
11
4.5273202362204721
21
-2.4299632283464567
0
LINE
8
BLACK
6
CONTINUOUS
10
4.5273202362204721
20
-2.4299632283464567
11
4.5260400787401576
21
-2.4280473622047243
0
LINE
8
BLACK
6
CONTINUOUS
10
4.5260400787401576
20
-2.4280473622047243
11
4.5255905511811019
21
-2.4257874015748029
0
LINE
8
BLACK
6
CONTINUOUS
10
4.5255905511811019
20
-2.4257874015748029
11
4.5255905511811019
21
-2.3923228346456691
0
LINE
8
BLACK
6
CONTINUOUS
10
4.5255905511811019
20
-2.3923228346456691
11
4.5260400787401576
21
-2.3900628740157481
0
LINE
8
BLACK
6
CONTINUOUS
10
4.5260400787401576
20
-2.3900628740157481
11
4.5273202362204721
21
-2.3881470078740157
0
LINE
8
BLACK
6
CONTINUOUS
10
4.5273202362204721
20
-2.3881470078740157
11
4.529236102362205
21
-2.3868668503937007
0
LINE
8
BLACK
6
CONTINUOUS
10
4.529236102362205
20
-2.3868668503937007
11
4.5314960629921259
21
-2.3864173228346455
0
LINE
8
BLACK
6
CONTINUOUS
10
4.5314960629921259
20
-2.3864173228346455
11
4.5433070866141732
21
-2.3864173228346455
0
LINE
8
BLACK
6
CONTINUOUS
10
4.5433070866141732
20
-2.3864173228346455
11
4.5455670472440941
21
-2.3868668503937007
0
LINE
8
BLACK
6
CONTINUOUS
10
4.2488717322834644
20
-2.3465771653543306
11
4.2533220866141734
21
-2.3491465748031497
0
LINE
8
BLACK
6
CONTINUOUS
10
4.2533220866141734
20
-2.3491465748031497
11
4.2569557874015747
21
-2.3527802755905509
0
LINE
8
BLACK
6
CONTINUOUS
10
4.2569557874015747
20
-2.3527802755905509
11
4.2595251968503938
21
-2.35723062992126
0
LINE
8
BLACK
6
CONTINUOUS
10
4.2595251968503938
20
-2.35723062992126
11
4.260855196850394
21
-2.3621943700787402
0
LINE
8
BLACK
6
CONTINUOUS
10
4.260855196850394
20
-2.3621943700787402
11
4.2610236220472437
21
-2.3647637795275589
0
LINE
8
BLACK
6
CONTINUOUS
10
4.2610236220472437
20
-2.3647637795275589
11
4.2610236220472437
21
-2.408070866141732
0
LINE
8
BLACK
6
CONTINUOUS
10
4.2610236220472437
20
-2.408070866141732
11
4.260855196850394
21
-2.4106402755905512
0
LINE
8
BLACK
6
CONTINUOUS
10
4.260855196850394
20
-2.4106402755905512
11
4.2595251968503938
21
-2.4156040157480314
0
LINE
8
BLACK
6
CONTINUOUS
10
4.2595251968503938
20
-2.4156040157480314
11
4.2569557874015747
21
-2.42005437007874
0
LINE
8
BLACK
6
CONTINUOUS
10
4.2569557874015747
20
-2.42005437007874
11
4.2533220866141734
21
-2.4236880708661417
0
LINE
8
BLACK
6
CONTINUOUS
10
4.2533220866141734
20
-2.4236880708661417
11
4.2488717322834644
21
-2.4262574803149604
0
LINE
8
BLACK
6
CONTINUOUS
10
4.2488717322834644
20
-2.4262574803149604
11
4.2439079921259841
21
-2.4275874803149606
0
LINE
8
BLACK
6
CONTINUOUS
10
4.2439079921259841
20
-2.4275874803149606
11
4.2387691732283468
21
-2.4275874803149606
0
LINE
8
BLACK
6
CONTINUOUS
10
4.2387691732283468
20
-2.4275874803149606
11
4.2338054330708657
21
-2.4262574803149604
0
LINE
8
BLACK
6
CONTINUOUS
10
4.2338054330708657
20
-2.4262574803149604
11
4.2293550787401575
21
-2.4236880708661417
0
LINE
8
BLACK
6
CONTINUOUS
10
4.2293550787401575
20
-2.4236880708661417
11
4.2257213779527554
21
-2.42005437007874
0
LINE
8
BLACK
6
CONTINUOUS
10
4.2257213779527554
20
-2.42005437007874
11
4.2231519685039371
21
-2.4156040157480314
0
LINE
8
BLACK
6
CONTINUOUS
10
4.2231519685039371
20
-2.4156040157480314
11
4.2218219685039369
21
-2.4106402755905512
0
LINE
8
BLACK
6
CONTINUOUS
10
4.2218219685039369
20
-2.4106402755905512
11
4.2216535433070863
21
-2.408070866141732
0
LINE
8
BLACK
6
CONTINUOUS
10
4.2216535433070863
20
-2.408070866141732
11
4.2216535433070863
21
-2.3647637795275589
0
LINE
8
BLACK
6
CONTINUOUS
10
4.2216535433070863
20
-2.3647637795275589
11
4.2218219685039369
21
-2.3621943700787402
0
LINE
8
BLACK
6
CONTINUOUS
10
4.2218219685039369
20
-2.3621943700787402
11
4.2231519685039371
21
-2.35723062992126
0
LINE
8
BLACK
6
CONTINUOUS
10
4.2231519685039371
20
-2.35723062992126
11
4.2257213779527554
21
-2.3527802755905509
0
LINE
8
BLACK
6
CONTINUOUS
10
4.2257213779527554
20
-2.3527802755905509
11
4.2293550787401575
21
-2.3491465748031497
0
LINE
8
BLACK
6
CONTINUOUS
10
4.2293550787401575
20
-2.3491465748031497
11
4.2338054330708657
21
-2.3465771653543306
0
LINE
8
BLACK
6
CONTINUOUS
10
4.2338054330708657
20
-2.3465771653543306
11
4.2387691732283468
21
-2.3452471653543308
0
LINE
8
BLACK
6
CONTINUOUS
10
4.2387691732283468
20
-2.3452471653543308
11
4.2439079921259841
21
-2.3452471653543308
0
LINE
8
BLACK
6
CONTINUOUS
10
4.2439079921259841
20
-2.3452471653543308
11
4.2488717322834644
21
-2.3465771653543306
0
LINE
8
BLACK
6
CONTINUOUS
10
4.5890292125984251
20
-2.3465771653543306
11
4.5934795669291342
21
-2.3491465748031497
0
LINE
8
BLACK
6
CONTINUOUS
10
4.5934795669291342
20
-2.3491465748031497
11
4.5971132677165354
21
-2.3527802755905509
0
LINE
8
BLACK
6
CONTINUOUS
10
4.5971132677165354
20
-2.3527802755905509
11
4.5996826771653545
21
-2.35723062992126
0
LINE
8
BLACK
6
CONTINUOUS
10
4.5996826771653545
20
-2.35723062992126
11
4.6010126771653539
21
-2.3621943700787402
0
LINE
8
BLACK
6
CONTINUOUS
10
4.6010126771653539
20
-2.3621943700787402
11
4.6011811023622045
21
-2.3647637795275589
0
LINE
8
BLACK
6
CONTINUOUS
10
4.6011811023622045
20
-2.3647637795275589
11
4.6011811023622045
21
-2.408070866141732
0
LINE
8
BLACK
6
CONTINUOUS
10
4.6011811023622045
20
-2.408070866141732
11
4.6010126771653539
21
-2.4106402755905512
0
LINE
8
BLACK
6
CONTINUOUS
10
4.6010126771653539
20
-2.4106402755905512
11
4.5996826771653545
21
-2.4156040157480314
0
LINE
8
BLACK
6
CONTINUOUS
10
4.5996826771653545
20
-2.4156040157480314
11
4.5971132677165354
21
-2.42005437007874
0
LINE
8
BLACK
6
CONTINUOUS
10
4.5971132677165354
20
-2.42005437007874
11
4.5934795669291342
21
-2.4236880708661417
0
LINE
8
BLACK
6
CONTINUOUS
10
4.5934795669291342
20
-2.4236880708661417
11
4.5890292125984251
21
-2.4262574803149604
0
LINE
8
BLACK
6
CONTINUOUS
10
4.5890292125984251
20
-2.4262574803149604
11
4.5840654724409449
21
-2.4275874803149606
0
LINE
8
BLACK
6
CONTINUOUS
10
4.5840654724409449
20
-2.4275874803149606
11
4.5789266535433066
21
-2.4275874803149606
0
LINE
8
BLACK
6
CONTINUOUS
10
4.5789266535433066
20
-2.4275874803149606
11
4.5739629133858264
21
-2.4262574803149604
0
LINE
8
BLACK
6
CONTINUOUS
10
4.5739629133858264
20
-2.4262574803149604
11
4.5695125590551182
21
-2.4236880708661417
0
LINE
8
BLACK
6
CONTINUOUS
10
4.5695125590551182
20
-2.4236880708661417
11
4.5658788582677161
21
-2.42005437007874
0
LINE
8
BLACK
6
CONTINUOUS
10
4.5658788582677161
20
-2.42005437007874
11
4.5633094488188979
21
-2.4156040157480314
0
LINE
8
BLACK
6
CONTINUOUS
10
4.5633094488188979
20
-2.4156040157480314
11
4.5619794488188976
21
-2.4106402755905512
0
LINE
8
BLACK
6
CONTINUOUS
10
4.5619794488188976
20
-2.4106402755905512
11
4.561811023622047
21
-2.408070866141732
0
LINE
8
BLACK
6
CONTINUOUS
10
4.561811023622047
20
-2.408070866141732
11
4.561811023622047
21
-2.3647637795275589
0
LINE
8
BLACK
6
CONTINUOUS
10
4.561811023622047
20
-2.3647637795275589
11
4.5619794488188976
21
-2.3621943700787402
0
LINE
8
BLACK
6
CONTINUOUS
10
4.5619794488188976
20
-2.3621943700787402
11
4.5633094488188979
21
-2.35723062992126
0
LINE
8
BLACK
6
CONTINUOUS
10
4.5633094488188979
20
-2.35723062992126
11
4.5658788582677161
21
-2.3527802755905509
0
LINE
8
BLACK
6
CONTINUOUS
10
4.5658788582677161
20
-2.3527802755905509
11
4.5695125590551182
21
-2.3491465748031497
0
LINE
8
BLACK
6
CONTINUOUS
10
4.5695125590551182
20
-2.3491465748031497
11
4.5739629133858264
21
-2.3465771653543306
0
LINE
8
BLACK
6
CONTINUOUS
10
4.5739629133858264
20
-2.3465771653543306
11
4.5789266535433066
21
-2.3452471653543308
0
LINE
8
BLACK
6
CONTINUOUS
10
4.5789266535433066
20
-2.3452471653543308
11
4.5840654724409449
21
-2.3452471653543308
0
LINE
8
BLACK
6
CONTINUOUS
10
4.5840654724409449
20
-2.3452471653543308
11
4.5890292125984251
21
-2.3465771653543306
0
LINE
8
BLACK
6
CONTINUOUS
10
6.5423869685039371
20
-2.393372086614173
11
6.5451809842519681
21
-2.3952389763779527
0
LINE
8
BLACK
6
CONTINUOUS
10
6.5451809842519681
20
-2.3952389763779527
11
6.5470478740157478
21
-2.3980329921259842
0
LINE
8
BLACK
6
CONTINUOUS
10
6.5470478740157478
20
-2.3980329921259842
11
6.5477034251968504
21
-2.4013287401574801
0
LINE
8
BLACK
6
CONTINUOUS
10
6.5477034251968504
20
-2.4013287401574801
11
6.5477034251968504
21
-2.4185531496062991
0
LINE
8
BLACK
6
CONTINUOUS
10
6.5477034251968504
20
-2.4185531496062991
11
6.5470478740157478
21
-2.4218488976377954
0
LINE
8
BLACK
6
CONTINUOUS
10
6.5470478740157478
20
-2.4218488976377954
11
6.5451809842519681
21
-2.4246429133858269
0
LINE
8
BLACK
6
CONTINUOUS
10
6.5451809842519681
20
-2.4246429133858269
11
6.5423869685039371
21
-2.4265098031496062
0
LINE
8
BLACK
6
CONTINUOUS
10
6.5423869685039371
20
-2.4265098031496062
11
6.5390912204724412
21
-2.4271653543307088
0
LINE
8
BLACK
6
CONTINUOUS
10
6.5390912204724412
20
-2.4271653543307088
11
6.5189140551181097
21
-2.4271653543307088
0
LINE
8
BLACK
6
CONTINUOUS
10
6.5189140551181097
20
-2.4271653543307088
11
6.5156183070866138
21
-2.4265098031496062
0
LINE
8
BLACK
6
CONTINUOUS
10
6.5156183070866138
20
-2.4265098031496062
11
6.5128242913385828
21
-2.4246429133858269
0
LINE
8
BLACK
6
CONTINUOUS
10
6.5128242913385828
20
-2.4246429133858269
11
6.5109574015748031
21
-2.4218488976377954
0
LINE
8
BLACK
6
CONTINUOUS
10
6.5109574015748031
20
-2.4218488976377954
11
6.5103018503937005
21
-2.4185531496062991
0
LINE
8
BLACK
6
CONTINUOUS
10
6.5103018503937005
20
-2.4185531496062991
11
6.5103018503937005
21
-2.4013287401574801
0
LINE
8
BLACK
6
CONTINUOUS
10
6.5103018503937005
20
-2.4013287401574801
11
6.5109574015748031
21
-2.3980329921259842
0
LINE
8
BLACK
6
CONTINUOUS
10
6.5109574015748031
20
-2.3980329921259842
11
6.5128242913385828
21
-2.3952389763779527
0
LINE
8
BLACK
6
CONTINUOUS
10
6.5128242913385828
20
-2.3952389763779527
11
6.5156183070866138
21
-2.393372086614173
0
LINE
8
BLACK
6
CONTINUOUS
10
6.5156183070866138
20
-2.393372086614173
11
6.5189140551181097
21
-2.3927165354330708
0
LINE
8
BLACK
6
CONTINUOUS
10
6.5189140551181097
20
-2.3927165354330708
11
6.5390912204724412
21
-2.3927165354330708
0
LINE
8
BLACK
6
CONTINUOUS
10
6.5390912204724412
20
-2.3927165354330708
11
6.5423869685039371
21
-2.393372086614173
0
LINE
8
BLACK
6
CONTINUOUS
10
6.5997360629921262
20
-2.393372086614173
11
6.6025300787401573
21
-2.3952389763779527
0
LINE
8
BLACK
6
CONTINUOUS
10
6.6025300787401573
20
-2.3952389763779527
11
6.604396968503937
21
-2.3980329921259842
0
LINE
8
BLACK
6
CONTINUOUS
10
6.604396968503937
20
-2.3980329921259842
11
6.6050525196850396
21
-2.4013287401574801
0
LINE
8
BLACK
6
CONTINUOUS
10
6.6050525196850396
20
-2.4013287401574801
11
6.6050525196850396
21
-2.4185531496062991
0
LINE
8
BLACK
6
CONTINUOUS
10
6.6050525196850396
20
-2.4185531496062991
11
6.604396968503937
21
-2.4218488976377954
0
LINE
8
BLACK
6
CONTINUOUS
10
6.604396968503937
20
-2.4218488976377954
11
6.6025300787401573
21
-2.4246429133858269
0
LINE
8
BLACK
6
CONTINUOUS
10
6.6025300787401573
20
-2.4246429133858269
11
6.5997360629921262
21
-2.4265098031496062
0
LINE
8
BLACK
6
CONTINUOUS
10
6.5997360629921262
20
-2.4265098031496062
11
6.5964403149606294
21
-2.4271653543307088
0
LINE
8
BLACK
6
CONTINUOUS
10
6.5964403149606294
20
-2.4271653543307088
11
6.5762631496062989
21
-2.4271653543307088
0
LINE
8
BLACK
6
CONTINUOUS
10
6.5762631496062989
20
-2.4271653543307088
11
6.572967401574803
21
-2.4265098031496062
0
LINE
8
BLACK
6
CONTINUOUS
10
6.572967401574803
20
-2.4265098031496062
11
6.5701733858267719
21
-2.4246429133858269
0
LINE
8
BLACK
6
CONTINUOUS
10
6.5701733858267719
20
-2.4246429133858269
11
6.5683064960629922
21
-2.4218488976377954
0
LINE
8
BLACK
6
CONTINUOUS
10
6.5683064960629922
20
-2.4218488976377954
11
6.5676509448818896
21
-2.4185531496062991
0
LINE
8
BLACK
6
CONTINUOUS
10
6.5676509448818896
20
-2.4185531496062991
11
6.5676509448818896
21
-2.4013287401574801
0
LINE
8
BLACK
6
CONTINUOUS
10
6.5676509448818896
20
-2.4013287401574801
11
6.5683064960629922
21
-2.3980329921259842
0
LINE
8
BLACK
6
CONTINUOUS
10
6.5683064960629922
20
-2.3980329921259842
11
6.5701733858267719
21
-2.3952389763779527
0
LINE
8
BLACK
6
CONTINUOUS
10
6.5701733858267719
20
-2.3952389763779527
11
6.572967401574803
21
-2.393372086614173
0
LINE
8
BLACK
6
CONTINUOUS
10
6.572967401574803
20
-2.393372086614173
11
6.5762631496062989
21
-2.3927165354330708
0
LINE
8
BLACK
6
CONTINUOUS
10
6.5762631496062989
20
-2.3927165354330708
11
6.5964403149606294
21
-2.3927165354330708
0
LINE
8
BLACK
6
CONTINUOUS
10
6.5964403149606294
20
-2.3927165354330708
11
6.5997360629921262
21
-2.393372086614173
0
LINE
8
BLACK
6
CONTINUOUS
10
6.6570851181102357
20
-2.393372086614173
11
6.6598791338582677
21
-2.3952389763779527
0
LINE
8
BLACK
6
CONTINUOUS
10
6.6598791338582677
20
-2.3952389763779527
11
6.6617460236220474
21
-2.3980329921259842
0
LINE
8
BLACK
6
CONTINUOUS
10
6.6617460236220474
20
-2.3980329921259842
11
6.6624015748031491
21
-2.4013287401574801
0
LINE
8
BLACK
6
CONTINUOUS
10
6.6624015748031491
20
-2.4013287401574801
11
6.6624015748031491
21
-2.4185531496062991
0
LINE
8
BLACK
6
CONTINUOUS
10
6.6624015748031491
20
-2.4185531496062991
11
6.6617460236220474
21
-2.4218488976377954
0
LINE
8
BLACK
6
CONTINUOUS
10
6.6617460236220474
20
-2.4218488976377954
11
6.6598791338582677
21
-2.4246429133858269
0
LINE
8
BLACK
6
CONTINUOUS
10
6.6598791338582677
20
-2.4246429133858269
11
6.6570851181102357
21
-2.4265098031496062
0
LINE
8
BLACK
6
CONTINUOUS
10
6.6570851181102357
20
-2.4265098031496062
11
6.6537893700787398
21
-2.4271653543307088
0
LINE
8
BLACK
6
CONTINUOUS
10
6.6537893700787398
20
-2.4271653543307088
11
6.6336122047244093
21
-2.4271653543307088
0
LINE
8
BLACK
6
CONTINUOUS
10
6.6336122047244093
20
-2.4271653543307088
11
6.6303164566929134
21
-2.4265098031496062
0
LINE
8
BLACK
6
CONTINUOUS
10
6.6303164566929134
20
-2.4265098031496062
11
6.6275224409448814
21
-2.4246429133858269
0
LINE
8
BLACK
6
CONTINUOUS
10
6.6275224409448814
20
-2.4246429133858269
11
6.6256555511811026
21
-2.4218488976377954
0
LINE
8
BLACK
6
CONTINUOUS
10
6.6256555511811026
20
-2.4218488976377954
11
6.625
21
-2.4185531496062991
0
LINE
8
BLACK
6
CONTINUOUS
10
6.625
20
-2.4185531496062991
11
6.625
21
-2.4013287401574801
0
LINE
8
BLACK
6
CONTINUOUS
10
6.625
20
-2.4013287401574801
11
6.6256555511811026
21
-2.3980329921259842
0
LINE
8
BLACK
6
CONTINUOUS
10
6.6256555511811026
20
-2.3980329921259842
11
6.6275224409448814
21
-2.3952389763779527
0
LINE
8
BLACK
6
CONTINUOUS
10
6.6275224409448814
20
-2.3952389763779527
11
6.6303164566929134
21
-2.393372086614173
0
LINE
8
BLACK
6
CONTINUOUS
10
6.6303164566929134
20
-2.393372086614173
11
6.6336122047244093
21
-2.3927165354330708
0
LINE
8
BLACK
6
CONTINUOUS
10
6.6336122047244093
20
-2.3927165354330708
11
6.6537893700787398
21
-2.3927165354330708
0
LINE
8
BLACK
6
CONTINUOUS
10
6.6537893700787398
20
-2.3927165354330708
11
6.6570851181102357
21
-2.393372086614173
0
LINE
8
BLACK
6
CONTINUOUS
10
6.7144342125984249
20
-2.393372086614173
11
6.7172282283464568
21
-2.3952389763779527
0
LINE
8
BLACK
6
CONTINUOUS
10
6.7172282283464568
20
-2.3952389763779527
11
6.7190951181102356
21
-2.3980329921259842
0
LINE
8
BLACK
6
CONTINUOUS
10
6.7190951181102356
20
-2.3980329921259842
11
6.7197506692913382
21
-2.4013287401574801
0
LINE
8
BLACK
6
CONTINUOUS
10
6.7197506692913382
20
-2.4013287401574801
11
6.7197506692913382
21
-2.4185531496062991
0
LINE
8
BLACK
6
CONTINUOUS
10
6.7197506692913382
20
-2.4185531496062991
11
6.7190951181102356
21
-2.4218488976377954
0
LINE
8
BLACK
6
CONTINUOUS
10
6.7190951181102356
20
-2.4218488976377954
11
6.7172282283464568
21
-2.4246429133858269
0
LINE
8
BLACK
6
CONTINUOUS
10
6.7172282283464568
20
-2.4246429133858269
11
6.7144342125984249
21
-2.4265098031496062
0
LINE
8
BLACK
6
CONTINUOUS
10
6.7144342125984249
20
-2.4265098031496062
11
6.711138464566929
21
-2.4271653543307088
0
LINE
8
BLACK
6
CONTINUOUS
10
6.711138464566929
20
-2.4271653543307088
11
6.6909612992125984
21
-2.4271653543307088
0
LINE
8
BLACK
6
CONTINUOUS
10
6.6909612992125984
20
-2.4271653543307088
11
6.6876655511811025
21
-2.4265098031496062
0
LINE
8
BLACK
6
CONTINUOUS
10
6.6876655511811025
20
-2.4265098031496062
11
6.6848715354330706
21
-2.4246429133858269
0
LINE
8
BLACK
6
CONTINUOUS
10
6.6848715354330706
20
-2.4246429133858269
11
6.6830046456692909
21
-2.4218488976377954
0
LINE
8
BLACK
6
CONTINUOUS
10
6.6830046456692909
20
-2.4218488976377954
11
6.6823490944881891
21
-2.4185531496062991
0
LINE
8
BLACK
6
CONTINUOUS
10
6.6823490944881891
20
-2.4185531496062991
11
6.6823490944881891
21
-2.4013287401574801
0
LINE
8
BLACK
6
CONTINUOUS
10
6.6823490944881891
20
-2.4013287401574801
11
6.6830046456692909
21
-2.3980329921259842
0
LINE
8
BLACK
6
CONTINUOUS
10
6.6830046456692909
20
-2.3980329921259842
11
6.6848715354330706
21
-2.3952389763779527
0
LINE
8
BLACK
6
CONTINUOUS
10
6.6848715354330706
20
-2.3952389763779527
11
6.6876655511811025
21
-2.393372086614173
0
LINE
8
BLACK
6
CONTINUOUS
10
6.6876655511811025
20
-2.393372086614173
11
6.6909612992125984
21
-2.3927165354330708
0
LINE
8
BLACK
6
CONTINUOUS
10
6.6909612992125984
20
-2.3927165354330708
11
6.711138464566929
21
-2.3927165354330708
0
LINE
8
BLACK
6
CONTINUOUS
10
6.711138464566929
20
-2.3927165354330708
11
6.7144342125984249
21
-2.393372086614173
0
LINE
8
BLACK
6
CONTINUOUS
10
4.0256874803149607
20
-2.3756555511811022
11
4.0284814960629918
21
-2.3775224409448819
0
LINE
8
BLACK
6
CONTINUOUS
10
4.0284814960629918
20
-2.3775224409448819
11
4.0303483858267715
21
-2.3803164566929134
0
LINE
8
BLACK
6
CONTINUOUS
10
4.0303483858267715
20
-2.3803164566929134
11
4.0310039370078741
21
-2.3836122047244093
0
LINE
8
BLACK
6
CONTINUOUS
10
4.0310039370078741
20
-2.3836122047244093
11
4.0310039370078741
21
-2.4037893700787403
0
LINE
8
BLACK
6
CONTINUOUS
10
4.0310039370078741
20
-2.4037893700787403
11
4.0303483858267715
21
-2.4070851181102362
0
LINE
8
BLACK
6
CONTINUOUS
10
4.0303483858267715
20
-2.4070851181102362
11
4.0284814960629918
21
-2.4098791338582677
0
LINE
8
BLACK
6
CONTINUOUS
10
4.0284814960629918
20
-2.4098791338582677
11
4.0256874803149607
21
-2.4117460236220474
0
LINE
8
BLACK
6
CONTINUOUS
10
4.0256874803149607
20
-2.4117460236220474
11
4.0223917322834648
21
-2.4124015748031495
0
LINE
8
BLACK
6
CONTINUOUS
10
4.0223917322834648
20
-2.4124015748031495
11
4.0051673228346454
21
-2.4124015748031495
0
LINE
8
BLACK
6
CONTINUOUS
10
4.0051673228346454
20
-2.4124015748031495
11
4.0018715748031495
21
-2.4117460236220474
0
LINE
8
BLACK
6
CONTINUOUS
10
4.0018715748031495
20
-2.4117460236220474
11
3.999077559055118
21
-2.4098791338582677
0
LINE
8
BLACK
6
CONTINUOUS
10
3.999077559055118
20
-2.4098791338582677
11
3.9972106692913383
21
-2.4070851181102362
0
LINE
8
BLACK
6
CONTINUOUS
10
3.9972106692913383
20
-2.4070851181102362
11
3.9965551181102361
21
-2.4037893700787403
0
LINE
8
BLACK
6
CONTINUOUS
10
3.9965551181102361
20
-2.4037893700787403
11
3.9965551181102361
21
-2.3836122047244093
0
LINE
8
BLACK
6
CONTINUOUS
10
3.9965551181102361
20
-2.3836122047244093
11
3.9972106692913383
21
-2.3803164566929134
0
LINE
8
BLACK
6
CONTINUOUS
10
3.9972106692913383
20
-2.3803164566929134
11
3.999077559055118
21
-2.3775224409448819
0
LINE
8
BLACK
6
CONTINUOUS
10
3.999077559055118
20
-2.3775224409448819
11
4.0018715748031495
21
-2.3756555511811022
0
LINE
8
BLACK
6
CONTINUOUS
10
4.0018715748031495
20
-2.3756555511811022
11
4.0051673228346454
21
-2.375
0
LINE
8
BLACK
6
CONTINUOUS
10
4.0051673228346454
20
-2.375
11
4.0223917322834648
21
-2.375
0
LINE
8
BLACK
6
CONTINUOUS
10
4.0223917322834648
20
-2.375
11
4.0256874803149607
21
-2.3756555511811022
0
LINE
8
BLACK
6
CONTINUOUS
10
4.0876953543307089
20
-2.3756555511811022
11
4.0904893700787399
21
-2.3775224409448819
0
LINE
8
BLACK
6
CONTINUOUS
10
4.0904893700787399
20
-2.3775224409448819
11
4.0923562598425196
21
-2.3803164566929134
0
LINE
8
BLACK
6
CONTINUOUS
10
4.0923562598425196
20
-2.3803164566929134
11
4.0930118110236222
21
-2.3836122047244093
0
LINE
8
BLACK
6
CONTINUOUS
10
4.0930118110236222
20
-2.3836122047244093
11
4.0930118110236222
21
-2.4037893700787403
0
LINE
8
BLACK
6
CONTINUOUS
10
4.0930118110236222
20
-2.4037893700787403
11
4.0923562598425196
21
-2.4070851181102362
0
LINE
8
BLACK
6
CONTINUOUS
10
4.0923562598425196
20
-2.4070851181102362
11
4.0904893700787399
21
-2.4098791338582677
0
LINE
8
BLACK
6
CONTINUOUS
10
4.0904893700787399
20
-2.4098791338582677
11
4.0876953543307089
21
-2.4117460236220474
0
LINE
8
BLACK
6
CONTINUOUS
10
4.0876953543307089
20
-2.4117460236220474
11
4.0843996062992129
21
-2.4124015748031495
0
LINE
8
BLACK
6
CONTINUOUS
10
4.0843996062992129
20
-2.4124015748031495
11
4.0671751968503935
21
-2.4124015748031495
0
LINE
8
BLACK
6
CONTINUOUS
10
4.0671751968503935
20
-2.4124015748031495
11
4.0638794488188976
21
-2.4117460236220474
0
LINE
8
BLACK
6
CONTINUOUS
10
4.0638794488188976
20
-2.4117460236220474
11
4.0610854330708657
21
-2.4098791338582677
0
LINE
8
BLACK
6
CONTINUOUS
10
4.0610854330708657
20
-2.4098791338582677
11
4.0592185433070869
21
-2.4070851181102362
0
LINE
8
BLACK
6
CONTINUOUS
10
4.0592185433070869
20
-2.4070851181102362
11
4.0585629921259843
21
-2.4037893700787403
0
LINE
8
BLACK
6
CONTINUOUS
10
4.0585629921259843
20
-2.4037893700787403
11
4.0585629921259843
21
-2.3836122047244093
0
LINE
8
BLACK
6
CONTINUOUS
10
4.0585629921259843
20
-2.3836122047244093
11
4.0592185433070869
21
-2.3803164566929134
0
LINE
8
BLACK
6
CONTINUOUS
10
4.0592185433070869
20
-2.3803164566929134
11
4.0610854330708657
21
-2.3775224409448819
0
LINE
8
BLACK
6
CONTINUOUS
10
4.0610854330708657
20
-2.3775224409448819
11
4.0638794488188976
21
-2.3756555511811022
0
LINE
8
BLACK
6
CONTINUOUS
10
4.0638794488188976
20
-2.3756555511811022
11
4.0671751968503935
21
-2.375
0
LINE
8
BLACK
6
CONTINUOUS
10
4.0671751968503935
20
-2.375
11
4.0843996062992129
21
-2.375
0
LINE
8
BLACK
6
CONTINUOUS
10
4.0843996062992129
20
-2.375
11
4.0876953543307089
21
-2.3756555511811022
0
LINE
8
BLACK
6
CONTINUOUS
10
9.4952570472440936
20
-2.351321023622047
11
9.4983703543307083
21
-2.3534012992125986
0
LINE
8
BLACK
6
CONTINUOUS
10
9.4983703543307083
20
-2.3534012992125986
11
9.500450629921259
21
-2.3565146062992124
0
LINE
8
BLACK
6
CONTINUOUS
10
9.500450629921259
20
-2.3565146062992124
11
9.5011811023622048
21
-2.3601870078740155
0
LINE
8
BLACK
6
CONTINUOUS
10
9.5011811023622048
20
-2.3601870078740155
11
9.5011811023622048
21
-2.3961122047244094
0
LINE
8
BLACK
6
CONTINUOUS
10
9.5011811023622048
20
-2.3961122047244094
11
9.500450629921259
21
-2.3997846062992125
0
LINE
8
BLACK
6
CONTINUOUS
10
9.500450629921259
20
-2.3997846062992125
11
9.4983703543307083
21
-2.4028979133858268
0
LINE
8
BLACK
6
CONTINUOUS
10
9.4983703543307083
20
-2.4028979133858268
11
9.4952570472440936
21
-2.4049781889763779
0
LINE
8
BLACK
6
CONTINUOUS
10
9.4952570472440936
20
-2.4049781889763779
11
9.4915846456692918
21
-2.4057086614173229
0
LINE
8
BLACK
6
CONTINUOUS
10
9.4915846456692918
20
-2.4057086614173229
11
9.4723917322834641
21
-2.4057086614173229
0
LINE
8
BLACK
6
CONTINUOUS
10
9.4723917322834641
20
-2.4057086614173229
11
9.4687193307086606
21
-2.4049781889763779
0
LINE
8
BLACK
6
CONTINUOUS
10
9.4687193307086606
20
-2.4049781889763779
11
9.4656060236220476
21
-2.4028979133858268
0
LINE
8
BLACK
6
CONTINUOUS
10
9.4656060236220476
20
-2.4028979133858268
11
9.4635257480314952
21
-2.3997846062992125
0
LINE
8
BLACK
6
CONTINUOUS
10
9.4635257480314952
20
-2.3997846062992125
11
9.4627952755905511
21
-2.3961122047244094
0
LINE
8
BLACK
6
CONTINUOUS
10
9.4627952755905511
20
-2.3961122047244094
11
9.4627952755905511
21
-2.3601870078740155
0
LINE
8
BLACK
6
CONTINUOUS
10
9.4627952755905511
20
-2.3601870078740155
11
9.4635257480314952
21
-2.3565146062992124
0
LINE
8
BLACK
6
CONTINUOUS
10
9.4635257480314952
20
-2.3565146062992124
11
9.4656060236220476
21
-2.3534012992125986
0
LINE
8
BLACK
6
CONTINUOUS
10
9.4656060236220476
20
-2.3534012992125986
11
9.4687193307086606
21
-2.351321023622047
0
LINE
8
BLACK
6
CONTINUOUS
10
9.4687193307086606
20
-2.351321023622047
11
9.4723917322834641
21
-2.3505905511811025
0
LINE
8
BLACK
6
CONTINUOUS
10
9.4723917322834641
20
-2.3505905511811025
11
9.4915846456692918
21
-2.3505905511811025
0
LINE
8
BLACK
6
CONTINUOUS
10
9.4915846456692918
20
-2.3505905511811025
11
9.4952570472440936
21
-2.351321023622047
0
LINE
8
BLACK
6
CONTINUOUS
10
9.5690759448818898
20
-2.351321023622047
11
9.5721892519685046
21
-2.3534012992125986
0
LINE
8
BLACK
6
CONTINUOUS
10
9.5721892519685046
20
-2.3534012992125986
11
9.5742695275590552
21
-2.3565146062992124
0
LINE
8
BLACK
6
CONTINUOUS
10
9.5742695275590552
20
-2.3565146062992124
11
9.5749999999999993
21
-2.3601870078740155
0
LINE
8
BLACK
6
CONTINUOUS
10
9.5749999999999993
20
-2.3601870078740155
11
9.5749999999999993
21
-2.3961122047244094
0
LINE
8
BLACK
6
CONTINUOUS
10
9.5749999999999993
20
-2.3961122047244094
11
9.5742695275590552
21
-2.3997846062992125
0
LINE
8
BLACK
6
CONTINUOUS
10
9.5742695275590552
20
-2.3997846062992125
11
9.5721892519685046
21
-2.4028979133858268
0
LINE
8
BLACK
6
CONTINUOUS
10
9.5721892519685046
20
-2.4028979133858268
11
9.5690759448818898
21
-2.4049781889763779
0
LINE
8
BLACK
6
CONTINUOUS
10
9.5690759448818898
20
-2.4049781889763779
11
9.5654035433070863
21
-2.4057086614173229
0
LINE
8
BLACK
6
CONTINUOUS
10
9.5654035433070863
20
-2.4057086614173229
11
9.5462106299212603
21
-2.4057086614173229
0
LINE
8
BLACK
6
CONTINUOUS
10
9.5462106299212603
20
-2.4057086614173229
11
9.5425382283464568
21
-2.4049781889763779
0
LINE
8
BLACK
6
CONTINUOUS
10
9.5425382283464568
20
-2.4049781889763779
11
9.5394249212598421
21
-2.4028979133858268
0
LINE
8
BLACK
6
CONTINUOUS
10
9.5394249212598421
20
-2.4028979133858268
11
9.5373446456692914
21
-2.3997846062992125
0
LINE
8
BLACK
6
CONTINUOUS
10
9.5373446456692914
20
-2.3997846062992125
11
9.5366141732283456
21
-2.3961122047244094
0
LINE
8
BLACK
6
CONTINUOUS
10
9.5366141732283456
20
-2.3961122047244094
11
9.5366141732283456
21
-2.3601870078740155
0
LINE
8
BLACK
6
CONTINUOUS
10
9.5366141732283456
20
-2.3601870078740155
11
9.5373446456692914
21
-2.3565146062992124
0
LINE
8
BLACK
6
CONTINUOUS
10
9.5373446456692914
20
-2.3565146062992124
11
9.5394249212598421
21
-2.3534012992125986
0
LINE
8
BLACK
6
CONTINUOUS
10
9.5394249212598421
20
-2.3534012992125986
11
9.5425382283464568
21
-2.351321023622047
0
LINE
8
BLACK
6
CONTINUOUS
10
9.5425382283464568
20
-2.351321023622047
11
9.5462106299212603
21
-2.3505905511811025
0
LINE
8
BLACK
6
CONTINUOUS
10
9.5462106299212603
20
-2.3505905511811025
11
9.5654035433070863
21
-2.3505905511811025
0
LINE
8
BLACK
6
CONTINUOUS
10
9.5654035433070863
20
-2.3505905511811025
11
9.5690759448818898
21
-2.351321023622047
0
LINE
8
BLACK
6
CONTINUOUS
10
9.3299817716535429
20
-2.3496151181102363
11
9.3325362598425201
21
-2.3513220078740158
0
LINE
8
BLACK
6
CONTINUOUS
10
9.3325362598425201
20
-2.3513220078740158
11
9.3342431496062996
21
-2.3538764960629921
0
LINE
8
BLACK
6
CONTINUOUS
10
9.3342431496062996
20
-2.3538764960629921
11
9.33484251968504
21
-2.3568897637795274
0
LINE
8
BLACK
6
CONTINUOUS
10
9.33484251968504
20
-2.3568897637795274
11
9.33484251968504
21
-2.378543307086614
0
LINE
8
BLACK
6
CONTINUOUS
10
9.33484251968504
20
-2.378543307086614
11
9.3342431496062996
21
-2.3815565748031498
0
LINE
8
BLACK
6
CONTINUOUS
10
9.3342431496062996
20
-2.3815565748031498
11
9.3325362598425201
21
-2.3841110629921261
0
LINE
8
BLACK
6
CONTINUOUS
10
9.3325362598425201
20
-2.3841110629921261
11
9.3299817716535429
21
-2.3858179527559056
0
LINE
8
BLACK
6
CONTINUOUS
10
9.3299817716535429
20
-2.3858179527559056
11
9.3269685039370085
21
-2.3864173228346455
0
LINE
8
BLACK
6
CONTINUOUS
10
9.3269685039370085
20
-2.3864173228346455
11
9.3112204724409455
21
-2.3864173228346455
0
LINE
8
BLACK
6
CONTINUOUS
10
9.3112204724409455
20
-2.3864173228346455
11
9.3082072047244093
21
-2.3858179527559056
0
LINE
8
BLACK
6
CONTINUOUS
10
9.3082072047244093
20
-2.3858179527559056
11
9.3056527165354321
21
-2.3841110629921261
0
LINE
8
BLACK
6
CONTINUOUS
10
9.3056527165354321
20
-2.3841110629921261
11
9.3039458267716526
21
-2.3815565748031498
0
LINE
8
BLACK
6
CONTINUOUS
10
9.3039458267716526
20
-2.3815565748031498
11
9.303346456692914
21
-2.378543307086614
0
LINE
8
BLACK
6
CONTINUOUS
10
9.303346456692914
20
-2.378543307086614
11
9.303346456692914
21
-2.3568897637795274
0
LINE
8
BLACK
6
CONTINUOUS
10
9.303346456692914
20
-2.3568897637795274
11
9.3039458267716526
21
-2.3538764960629921
0
LINE
8
BLACK
6
CONTINUOUS
10
9.3039458267716526
20
-2.3538764960629921
11
9.3056527165354321
21
-2.3513220078740158
0
LINE
8
BLACK
6
CONTINUOUS
10
9.3056527165354321
20
-2.3513220078740158
11
9.3082072047244093
21
-2.3496151181102363
0
LINE
8
BLACK
6
CONTINUOUS
10
9.3082072047244093
20
-2.3496151181102363
11
9.3112204724409455
21
-2.3490157480314959
0
LINE
8
BLACK
6
CONTINUOUS
10
9.3112204724409455
20
-2.3490157480314959
11
9.3269685039370085
21
-2.3490157480314959
0
LINE
8
BLACK
6
CONTINUOUS
10
9.3269685039370085
20
-2.3490157480314959
11
9.3299817716535429
21
-2.3496151181102363
0
LINE
8
BLACK
6
CONTINUOUS
10
9.3949424015748022
20
-2.3496151181102363
11
9.3974968897637794
21
-2.3513220078740158
0
LINE
8
BLACK
6
CONTINUOUS
10
9.3974968897637794
20
-2.3513220078740158
11
9.3992037795275589
21
-2.3538764960629921
0
LINE
8
BLACK
6
CONTINUOUS
10
9.3992037795275589
20
-2.3538764960629921
11
9.3998031496062993
21
-2.3568897637795274
0
LINE
8
BLACK
6
CONTINUOUS
10
9.3998031496062993
20
-2.3568897637795274
11
9.3998031496062993
21
-2.378543307086614
0
LINE
8
BLACK
6
CONTINUOUS
10
9.3998031496062993
20
-2.378543307086614
11
9.3992037795275589
21
-2.3815565748031498
0
LINE
8
BLACK
6
CONTINUOUS
10
9.3992037795275589
20
-2.3815565748031498
11
9.3974968897637794
21
-2.3841110629921261
0
LINE
8
BLACK
6
CONTINUOUS
10
9.3974968897637794
20
-2.3841110629921261
11
9.3949424015748022
21
-2.3858179527559056
0
LINE
8
BLACK
6
CONTINUOUS
10
9.3949424015748022
20
-2.3858179527559056
11
9.3919291338582678
21
-2.3864173228346455
0
LINE
8
BLACK
6
CONTINUOUS
10
9.3919291338582678
20
-2.3864173228346455
11
9.3761811023622048
21
-2.3864173228346455
0
LINE
8
BLACK
6
CONTINUOUS
10
9.3761811023622048
20
-2.3864173228346455
11
9.3731678346456686
21
-2.3858179527559056
0
LINE
8
BLACK
6
CONTINUOUS
10
9.3731678346456686
20
-2.3858179527559056
11
9.3706133464566932
21
-2.3841110629921261
0
LINE
8
BLACK
6
CONTINUOUS
10
9.3706133464566932
20
-2.3841110629921261
11
9.3689064566929137
21
-2.3815565748031498
0
LINE
8
BLACK
6
CONTINUOUS
10
9.3689064566929137
20
-2.3815565748031498
11
9.3683070866141733
21
-2.378543307086614
0
LINE
8
BLACK
6
CONTINUOUS
10
9.3683070866141733
20
-2.378543307086614
11
9.3683070866141733
21
-2.3568897637795274
0
LINE
8
BLACK
6
CONTINUOUS
10
9.3683070866141733
20
-2.3568897637795274
11
9.3689064566929137
21
-2.3538764960629921
0
LINE
8
BLACK
6
CONTINUOUS
10
9.3689064566929137
20
-2.3538764960629921
11
9.3706133464566932
21
-2.3513220078740158
0
LINE
8
BLACK
6
CONTINUOUS
10
9.3706133464566932
20
-2.3513220078740158
11
9.3731678346456686
21
-2.3496151181102363
0
LINE
8
BLACK
6
CONTINUOUS
10
9.3731678346456686
20
-2.3496151181102363
11
9.3761811023622048
21
-2.3490157480314959
0
LINE
8
BLACK
6
CONTINUOUS
10
9.3761811023622048
20
-2.3490157480314959
11
9.3919291338582678
21
-2.3490157480314959
0
LINE
8
BLACK
6
CONTINUOUS
10
9.3919291338582678
20
-2.3490157480314959
11
9.3949424015748022
21
-2.3496151181102363
0
LINE
8
BLACK
6
CONTINUOUS
10
4.302534330708661
20
-2.3549109842519687
11
4.3054270472440948
21
-2.3565811023622047
0
LINE
8
BLACK
6
CONTINUOUS
10
4.3054270472440948
20
-2.3565811023622047
11
4.3077889763779522
21
-2.3589430314960631
0
LINE
8
BLACK
6
CONTINUOUS
10
4.3077889763779522
20
-2.3589430314960631
11
4.3094590944881892
21
-2.361835748031496
0
LINE
8
BLACK
6
CONTINUOUS
10
4.3094590944881892
20
-2.361835748031496
11
4.3103236220472443
21
-2.3650621653543307
0
LINE
8
BLACK
6
CONTINUOUS
10
4.3103236220472443
20
-2.3650621653543307
11
4.3103236220472443
21
-2.3684024015748033
0
LINE
8
BLACK
6
CONTINUOUS
10
4.3103236220472443
20
-2.3684024015748033
11
4.3094590944881892
21
-2.3716288188976375
0
LINE
8
BLACK
6
CONTINUOUS
10
4.3094590944881892
20
-2.3716288188976375
11
4.3077889763779522
21
-2.3745215354330709
0
LINE
8
BLACK
6
CONTINUOUS
10
4.3077889763779522
20
-2.3745215354330709
11
4.3054270472440948
21
-2.3768834645669292
0
LINE
8
BLACK
6
CONTINUOUS
10
4.3054270472440948
20
-2.3768834645669292
11
4.302534330708661
21
-2.3785535826771653
0
LINE
8
BLACK
6
CONTINUOUS
10
4.302534330708661
20
-2.3785535826771653
11
4.2993079133858263
21
-2.3794181102362204
0
LINE
8
BLACK
6
CONTINUOUS
10
4.2993079133858263
20
-2.3794181102362204
11
4.2959676771653541
21
-2.3794181102362204
0
LINE
8
BLACK
6
CONTINUOUS
10
4.2959676771653541
20
-2.3794181102362204
11
4.2927412598425194
21
-2.3785535826771653
0
LINE
8
BLACK
6
CONTINUOUS
10
4.2927412598425194
20
-2.3785535826771653
11
4.2898485433070865
21
-2.3768834645669292
0
LINE
8
BLACK
6
CONTINUOUS
10
4.2898485433070865
20
-2.3768834645669292
11
4.2874866141732282
21
-2.3745215354330709
0
LINE
8
BLACK
6
CONTINUOUS
10
4.2874866141732282
20
-2.3745215354330709
11
4.2858164960629921
21
-2.3716288188976375
0
LINE
8
BLACK
6
CONTINUOUS
10
4.2858164960629921
20
-2.3716288188976375
11
4.284951968503937
21
-2.3684024015748033
0
LINE
8
BLACK
6
CONTINUOUS
10
4.284951968503937
20
-2.3684024015748033
11
4.284951968503937
21
-2.3650621653543307
0
LINE
8
BLACK
6
CONTINUOUS
10
4.284951968503937
20
-2.3650621653543307
11
4.2858164960629921
21
-2.361835748031496
0
LINE
8
BLACK
6
CONTINUOUS
10
4.2858164960629921
20
-2.361835748031496
11
4.2874866141732282
21
-2.3589430314960631
0
LINE
8
BLACK
6
CONTINUOUS
10
4.2874866141732282
20
-2.3589430314960631
11
4.2898485433070865
21
-2.3565811023622047
0
LINE
8
BLACK
6
CONTINUOUS
10
4.2898485433070865
20
-2.3565811023622047
11
4.2927412598425194
21
-2.3549109842519687
0
LINE
8
BLACK
6
CONTINUOUS
10
4.2927412598425194
20
-2.3549109842519687
11
4.2959676771653541
21
-2.3540464566929131
0
LINE
8
BLACK
6
CONTINUOUS
10
4.2959676771653541
20
-2.3540464566929131
11
4.2993079133858263
21
-2.3540464566929131
0
LINE
8
BLACK
6
CONTINUOUS
10
4.2993079133858263
20
-2.3540464566929131
11
4.302534330708661
21
-2.3549109842519687
0
LINE
8
BLACK
6
CONTINUOUS
10
4.5300933858267713
20
-2.3549109842519687
11
4.5329861023622042
21
-2.3565811023622047
0
LINE
8
BLACK
6
CONTINUOUS
10
4.5329861023622042
20
-2.3565811023622047
11
4.5353480314960626
21
-2.3589430314960631
0
LINE
8
BLACK
6
CONTINUOUS
10
4.5353480314960626
20
-2.3589430314960631
11
4.5370181496062987
21
-2.361835748031496
0
LINE
8
BLACK
6
CONTINUOUS
10
4.5370181496062987
20
-2.361835748031496
11
4.5378826771653547
21
-2.3650621653543307
0
LINE
8
BLACK
6
CONTINUOUS
10
4.5378826771653547
20
-2.3650621653543307
11
4.5378826771653547
21
-2.3684024015748033
0
LINE
8
BLACK
6
CONTINUOUS
10
4.5378826771653547
20
-2.3684024015748033
11
4.5370181496062987
21
-2.3716288188976375
0
LINE
8
BLACK
6
CONTINUOUS
10
4.5370181496062987
20
-2.3716288188976375
11
4.5353480314960626
21
-2.3745215354330709
0
LINE
8
BLACK
6
CONTINUOUS
10
4.5353480314960626
20
-2.3745215354330709
11
4.5329861023622042
21
-2.3768834645669292
0
LINE
8
BLACK
6
CONTINUOUS
10
4.5329861023622042
20
-2.3768834645669292
11
4.5300933858267713
21
-2.3785535826771653
0
LINE
8
BLACK
6
CONTINUOUS
10
4.5300933858267713
20
-2.3785535826771653
11
4.5268669685039367
21
-2.3794181102362204
0
LINE
8
BLACK
6
CONTINUOUS
10
4.5268669685039367
20
-2.3794181102362204
11
4.5235267322834645
21
-2.3794181102362204
0
LINE
8
BLACK
6
CONTINUOUS
10
4.5235267322834645
20
-2.3794181102362204
11
4.5203003149606298
21
-2.3785535826771653
0
LINE
8
BLACK
6
CONTINUOUS
10
4.5203003149606298
20
-2.3785535826771653
11
4.5174075984251969
21
-2.3768834645669292
0
LINE
8
BLACK
6
CONTINUOUS
10
4.5174075984251969
20
-2.3768834645669292
11
4.5150456692913385
21
-2.3745215354330709
0
LINE
8
BLACK
6
CONTINUOUS
10
4.5150456692913385
20
-2.3745215354330709
11
4.5133755511811025
21
-2.3716288188976375
0
LINE
8
BLACK
6
CONTINUOUS
10
4.5133755511811025
20
-2.3716288188976375
11
4.5125110236220474
21
-2.3684024015748033
0
LINE
8
BLACK
6
CONTINUOUS
10
4.5125110236220474
20
-2.3684024015748033
11
4.5125110236220474
21
-2.3650621653543307
0
LINE
8
BLACK
6
CONTINUOUS
10
4.5125110236220474
20
-2.3650621653543307
11
4.5133755511811025
21
-2.361835748031496
0
LINE
8
BLACK
6
CONTINUOUS
10
4.5133755511811025
20
-2.361835748031496
11
4.5150456692913385
21
-2.3589430314960631
0
LINE
8
BLACK
6
CONTINUOUS
10
4.5150456692913385
20
-2.3589430314960631
11
4.5174075984251969
21
-2.3565811023622047
0
LINE
8
BLACK
6
CONTINUOUS
10
4.5174075984251969
20
-2.3565811023622047
11
4.5203003149606298
21
-2.3549109842519687
0
LINE
8
BLACK
6
CONTINUOUS
10
4.5203003149606298
20
-2.3549109842519687
11
4.5235267322834645
21
-2.3540464566929131
0
LINE
8
BLACK
6
CONTINUOUS
10
4.5235267322834645
20
-2.3540464566929131
11
4.5268669685039367
21
-2.3540464566929131
0
LINE
8
BLACK
6
CONTINUOUS
10
4.5268669685039367
20
-2.3540464566929131
11
4.5300933858267713
21
-2.3549109842519687
0
LINE
8
BLACK
6
CONTINUOUS
10
5.3881383464566932
20
-2.283161220472441
11
5.393486141732283
21
-2.2853763385826773
0
LINE
8
BLACK
6
CONTINUOUS
10
5.393486141732283
20
-2.2853763385826773
11
5.3982990157480311
21
-2.2885922047244094
0
LINE
8
BLACK
6
CONTINUOUS
10
5.3982990157480311
20
-2.2885922047244094
11
5.4023920472440947
21
-2.2926852362204726
0
LINE
8
BLACK
6
CONTINUOUS
10
5.4023920472440947
20
-2.2926852362204726
11
5.4056079133858264
21
-2.2974981102362206
0
LINE
8
BLACK
6
CONTINUOUS
10
5.4056079133858264
20
-2.2974981102362206
11
5.4078230314960631
21
-2.3028459055118109
0
LINE
8
BLACK
6
CONTINUOUS
10
5.4078230314960631
20
-2.3028459055118109
11
5.4089523228346454
21
-2.3085231102362203
0
LINE
8
BLACK
6
CONTINUOUS
10
5.4089523228346454
20
-2.3085231102362203
11
5.409094488188976
21
-2.3114173228346457
0
LINE
8
BLACK
6
CONTINUOUS
10
5.409094488188976
20
-2.3114173228346457
11
5.409094488188976
21
-2.3311023622047244
0
LINE
8
BLACK
6
CONTINUOUS
10
5.409094488188976
20
-2.3311023622047244
11
5.4089523228346454
21
-2.3339965748031495
0
LINE
8
BLACK
6
CONTINUOUS
10
5.4089523228346454
20
-2.3339965748031495
11
5.4078230314960631
21
-2.3396737795275588
0
LINE
8
BLACK
6
CONTINUOUS
10
5.4078230314960631
20
-2.3396737795275588
11
5.4056079133858264
21
-2.3450215748031495
0
LINE
8
BLACK
6
CONTINUOUS
10
5.4056079133858264
20
-2.3450215748031495
11
5.4023920472440947
21
-2.3498344488188976
0
LINE
8
BLACK
6
CONTINUOUS
10
5.4023920472440947
20
-2.3498344488188976
11
5.3982990157480311
21
-2.3539274803149608
0
LINE
8
BLACK
6
CONTINUOUS
10
5.3982990157480311
20
-2.3539274803149608
11
5.393486141732283
21
-2.3571433464566929
0
LINE
8
BLACK
6
CONTINUOUS
10
5.393486141732283
20
-2.3571433464566929
11
5.3881383464566932
21
-2.3593584645669292
0
LINE
8
BLACK
6
CONTINUOUS
10
5.3881383464566932
20
-2.3593584645669292
11
5.382461141732283
21
-2.360487755905512
0
LINE
8
BLACK
6
CONTINUOUS
10
5.382461141732283
20
-2.360487755905512
11
5.3766727165354329
21
-2.360487755905512
0
LINE
8
BLACK
6
CONTINUOUS
10
5.3766727165354329
20
-2.360487755905512
11
5.3709955118110235
21
-2.3593584645669292
0
LINE
8
BLACK
6
CONTINUOUS
10
5.3709955118110235
20
-2.3593584645669292
11
5.3656477165354328
21
-2.3571433464566929
0
LINE
8
BLACK
6
CONTINUOUS
10
5.3656477165354328
20
-2.3571433464566929
11
5.3608348425196848
21
-2.3539274803149608
0
LINE
8
BLACK
6
CONTINUOUS
10
5.3608348425196848
20
-2.3539274803149608
11
5.356741811023622
21
-2.3498344488188976
0
LINE
8
BLACK
6
CONTINUOUS
10
5.356741811023622
20
-2.3498344488188976
11
5.3535259448818895
21
-2.3450215748031495
0
LINE
8
BLACK
6
CONTINUOUS
10
5.3535259448818895
20
-2.3450215748031495
11
5.3513108267716536
21
-2.3396737795275588
0
LINE
8
BLACK
6
CONTINUOUS
10
5.3513108267716536
20
-2.3396737795275588
11
5.3501815354330704
21
-2.3339965748031495
0
LINE
8
BLACK
6
CONTINUOUS
10
5.3501815354330704
20
-2.3339965748031495
11
5.3500393700787399
21
-2.3311023622047244
0
LINE
8
BLACK
6
CONTINUOUS
10
5.3500393700787399
20
-2.3311023622047244
11
5.3500393700787399
21
-2.3114173228346457
0
LINE
8
BLACK
6
CONTINUOUS
10
5.3500393700787399
20
-2.3114173228346457
11
5.3501815354330704
21
-2.3085231102362203
0
LINE
8
BLACK
6
CONTINUOUS
10
5.3501815354330704
20
-2.3085231102362203
11
5.3513108267716536
21
-2.3028459055118109
0
LINE
8
BLACK
6
CONTINUOUS
10
5.3513108267716536
20
-2.3028459055118109
11
5.3535259448818895
21
-2.2974981102362206
0
LINE
8
BLACK
6
CONTINUOUS
10
5.3535259448818895
20
-2.2974981102362206
11
5.356741811023622
21
-2.2926852362204726
0
LINE
8
BLACK
6
CONTINUOUS
10
5.356741811023622
20
-2.2926852362204726
11
5.3608348425196848
21
-2.2885922047244094
0
LINE
8
BLACK
6
CONTINUOUS
10
5.3608348425196848
20
-2.2885922047244094
11
5.3656477165354328
21
-2.2853763385826773
0
LINE
8
BLACK
6
CONTINUOUS
10
5.3656477165354328
20
-2.2853763385826773
11
5.3709955118110235
21
-2.283161220472441
0
LINE
8
BLACK
6
CONTINUOUS
10
5.3709955118110235
20
-2.283161220472441
11
5.3766727165354329
21
-2.2820319291338582
0
LINE
8
BLACK
6
CONTINUOUS
10
5.3766727165354329
20
-2.2820319291338582
11
5.382461141732283
21
-2.2820319291338582
0
LINE
8
BLACK
6
CONTINUOUS
10
5.382461141732283
20
-2.2820319291338582
11
5.3881383464566932
21
-2.283161220472441
0
LINE
8
BLACK
6
CONTINUOUS
10
5.4971934645669291
20
-2.283161220472441
11
5.5025412598425198
21
-2.2853763385826773
0
LINE
8
BLACK
6
CONTINUOUS
10
5.5025412598425198
20
-2.2853763385826773
11
5.5073541338582679
21
-2.2885922047244094
0
LINE
8
BLACK
6
CONTINUOUS
10
5.5073541338582679
20
-2.2885922047244094
11
5.5114471653543307
21
-2.2926852362204726
0
LINE
8
BLACK
6
CONTINUOUS
10
5.5114471653543307
20
-2.2926852362204726
11
5.5146630314960632
21
-2.2974981102362206
0
LINE
8
BLACK
6
CONTINUOUS
10
5.5146630314960632
20
-2.2974981102362206
11
5.5168781496062991
21
-2.3028459055118109
0
LINE
8
BLACK
6
CONTINUOUS
10
5.5168781496062991
20
-2.3028459055118109
11
5.5180074409448814
21
-2.3085231102362203
0
LINE
8
BLACK
6
CONTINUOUS
10
5.5180074409448814
20
-2.3085231102362203
11
5.5181496062992128
21
-2.3114173228346457
0
LINE
8
BLACK
6
CONTINUOUS
10
5.5181496062992128
20
-2.3114173228346457
11
5.5181496062992128
21
-2.3311023622047244
0
LINE
8
BLACK
6
CONTINUOUS
10
5.5181496062992128
20
-2.3311023622047244
11
5.5180074409448814
21
-2.3339965748031495
0
LINE
8
BLACK
6
CONTINUOUS
10
5.5180074409448814
20
-2.3339965748031495
11
5.5168781496062991
21
-2.3396737795275588
0
LINE
8
BLACK
6
CONTINUOUS
10
5.5168781496062991
20
-2.3396737795275588
11
5.5146630314960632
21
-2.3450215748031495
0
LINE
8
BLACK
6
CONTINUOUS
10
5.5146630314960632
20
-2.3450215748031495
11
5.5114471653543307
21
-2.3498344488188976
0
LINE
8
BLACK
6
CONTINUOUS
10
5.5114471653543307
20
-2.3498344488188976
11
5.5073541338582679
21
-2.3539274803149608
0
LINE
8
BLACK
6
CONTINUOUS
10
5.5073541338582679
20
-2.3539274803149608
11
5.5025412598425198
21
-2.3571433464566929
0
LINE
8
BLACK
6
CONTINUOUS
10
5.5025412598425198
20
-2.3571433464566929
11
5.4971934645669291
21
-2.3593584645669292
0
LINE
8
BLACK
6
CONTINUOUS
10
5.4971934645669291
20
-2.3593584645669292
11
5.4915162598425198
21
-2.360487755905512
0
LINE
8
BLACK
6
CONTINUOUS
10
5.4915162598425198
20
-2.360487755905512
11
5.4857278346456688
21
-2.360487755905512
0
LINE
8
BLACK
6
CONTINUOUS
10
5.4857278346456688
20
-2.360487755905512
11
5.4800506299212595
21
-2.3593584645669292
0
LINE
8
BLACK
6
CONTINUOUS
10
5.4800506299212595
20
-2.3593584645669292
11
5.4747028346456688
21
-2.3571433464566929
0
LINE
8
BLACK
6
CONTINUOUS
10
5.4747028346456688
20
-2.3571433464566929
11
5.4698899606299207
21
-2.3539274803149608
0
LINE
8
BLACK
6
CONTINUOUS
10
5.4698899606299207
20
-2.3539274803149608
11
5.465796929133858
21
-2.3498344488188976
0
LINE
8
BLACK
6
CONTINUOUS
10
5.465796929133858
20
-2.3498344488188976
11
5.4625810629921254
21
-2.3450215748031495
0
LINE
8
BLACK
6
CONTINUOUS
10
5.4625810629921254
20
-2.3450215748031495
11
5.4603659448818895
21
-2.3396737795275588
0
LINE
8
BLACK
6
CONTINUOUS
10
5.4603659448818895
20
-2.3396737795275588
11
5.4592366535433072
21
-2.3339965748031495
0
LINE
8
BLACK
6
CONTINUOUS
10
5.4592366535433072
20
-2.3339965748031495
11
5.4590944881889767
21
-2.3311023622047244
0
LINE
8
BLACK
6
CONTINUOUS
10
5.4590944881889767
20
-2.3311023622047244
11
5.4590944881889767
21
-2.3114173228346457
0
LINE
8
BLACK
6
CONTINUOUS
10
5.4590944881889767
20
-2.3114173228346457
11
5.4592366535433072
21
-2.3085231102362203
0
LINE
8
BLACK
6
CONTINUOUS
10
5.4592366535433072
20
-2.3085231102362203
11
5.4603659448818895
21
-2.3028459055118109
0
LINE
8
BLACK
6
CONTINUOUS
10
5.4603659448818895
20
-2.3028459055118109
11
5.4625810629921254
21
-2.2974981102362206
0
LINE
8
BLACK
6
CONTINUOUS
10
5.4625810629921254
20
-2.2974981102362206
11
5.465796929133858
21
-2.2926852362204726
0
LINE
8
BLACK
6
CONTINUOUS
10
5.465796929133858
20
-2.2926852362204726
11
5.4698899606299207
21
-2.2885922047244094
0
LINE
8
BLACK
6
CONTINUOUS
10
5.4698899606299207
20
-2.2885922047244094
11
5.4747028346456688
21
-2.2853763385826773
0
LINE
8
BLACK
6
CONTINUOUS
10
5.4747028346456688
20
-2.2853763385826773
11
5.4800506299212595
21
-2.283161220472441
0
LINE
8
BLACK
6
CONTINUOUS
10
5.4800506299212595
20
-2.283161220472441
11
5.4857278346456688
21
-2.2820319291338582
0
LINE
8
BLACK
6
CONTINUOUS
10
5.4857278346456688
20
-2.2820319291338582
11
5.4915162598425198
21
-2.2820319291338582
0
LINE
8
BLACK
6
CONTINUOUS
10
5.4915162598425198
20
-2.2820319291338582
11
5.4971934645669291
21
-2.283161220472441
0
LINE
8
BLACK
6
CONTINUOUS
10
5.6062485826771651
20
-2.283161220472441
11
5.6115963779527558
21
-2.2853763385826773
0
LINE
8
BLACK
6
CONTINUOUS
10
5.6115963779527558
20
-2.2853763385826773
11
5.6164092519685038
21
-2.2885922047244094
0
LINE
8
BLACK
6
CONTINUOUS
10
5.6164092519685038
20
-2.2885922047244094
11
5.6205022834645666
21
-2.2926852362204726
0
LINE
8
BLACK
6
CONTINUOUS
10
5.6205022834645666
20
-2.2926852362204726
11
5.6237181496062991
21
-2.2974981102362206
0
LINE
8
BLACK
6
CONTINUOUS
10
5.6237181496062991
20
-2.2974981102362206
11
5.625933267716535
21
-2.3028459055118109
0
LINE
8
BLACK
6
CONTINUOUS
10
5.625933267716535
20
-2.3028459055118109
11
5.6270625590551182
21
-2.3085231102362203
0
LINE
8
BLACK
6
CONTINUOUS
10
5.6270625590551182
20
-2.3085231102362203
11
5.6272047244094487
21
-2.3114173228346457
0
LINE
8
BLACK
6
CONTINUOUS
10
5.6272047244094487
20
-2.3114173228346457
11
5.6272047244094487
21
-2.3311023622047244
0
LINE
8
BLACK
6
CONTINUOUS
10
5.6272047244094487
20
-2.3311023622047244
11
5.6270625590551182
21
-2.3339965748031495
0
LINE
8
BLACK
6
CONTINUOUS
10
5.6270625590551182
20
-2.3339965748031495
11
5.625933267716535
21
-2.3396737795275588
0
LINE
8
BLACK
6
CONTINUOUS
10
5.625933267716535
20
-2.3396737795275588
11
5.6237181496062991
21
-2.3450215748031495
0
LINE
8
BLACK
6
CONTINUOUS
10
5.6237181496062991
20
-2.3450215748031495
11
5.6205022834645666
21
-2.3498344488188976
0
LINE
8
BLACK
6
CONTINUOUS
10
5.6205022834645666
20
-2.3498344488188976
11
5.6164092519685038
21
-2.3539274803149608
0
LINE
8
BLACK
6
CONTINUOUS
10
5.6164092519685038
20
-2.3539274803149608
11
5.6115963779527558
21
-2.3571433464566929
0
LINE
8
BLACK
6
CONTINUOUS
10
5.6115963779527558
20
-2.3571433464566929
11
5.6062485826771651
21
-2.3593584645669292
0
LINE
8
BLACK
6
CONTINUOUS
10
5.6062485826771651
20
-2.3593584645669292
11
5.6005713779527557
21
-2.360487755905512
0
LINE
8
BLACK
6
CONTINUOUS
10
5.6005713779527557
20
-2.360487755905512
11
5.5947829527559056
21
-2.360487755905512
0
LINE
8
BLACK
6
CONTINUOUS
10
5.5947829527559056
20
-2.360487755905512
11
5.5891057480314963
21
-2.3593584645669292
0
LINE
8
BLACK
6
CONTINUOUS
10
5.5891057480314963
20
-2.3593584645669292
11
5.5837579527559056
21
-2.3571433464566929
0
LINE
8
BLACK
6
CONTINUOUS
10
5.5837579527559056
20
-2.3571433464566929
11
5.5789450787401575
21
-2.3539274803149608
0
LINE
8
BLACK
6
CONTINUOUS
10
5.5789450787401575
20
-2.3539274803149608
11
5.5748520472440948
21
-2.3498344488188976
0
LINE
8
BLACK
6
CONTINUOUS
10
5.5748520472440948
20
-2.3498344488188976
11
5.5716361811023623
21
-2.3450215748031495
0
LINE
8
BLACK
6
CONTINUOUS
10
5.5716361811023623
20
-2.3450215748031495
11
5.5694210629921255
21
-2.3396737795275588
0
LINE
8
BLACK
6
CONTINUOUS
10
5.5694210629921255
20
-2.3396737795275588
11
5.5682917716535432
21
-2.3339965748031495
0
LINE
8
BLACK
6
CONTINUOUS
10
5.5682917716535432
20
-2.3339965748031495
11
5.5681496062992126
21
-2.3311023622047244
0
LINE
8
BLACK
6
CONTINUOUS
10
5.5681496062992126
20
-2.3311023622047244
11
5.5681496062992126
21
-2.3114173228346457
0
LINE
8
BLACK
6
CONTINUOUS
10
5.5681496062992126
20
-2.3114173228346457
11
5.5682917716535432
21
-2.3085231102362203
0
LINE
8
BLACK
6
CONTINUOUS
10
5.5682917716535432
20
-2.3085231102362203
11
5.5694210629921255
21
-2.3028459055118109
0
LINE
8
BLACK
6
CONTINUOUS
10
5.5694210629921255
20
-2.3028459055118109
11
5.5716361811023623
21
-2.2974981102362206
0
LINE
8
BLACK
6
CONTINUOUS
10
5.5716361811023623
20
-2.2974981102362206
11
5.5748520472440948
21
-2.2926852362204726
0
LINE
8
BLACK
6
CONTINUOUS
10
5.5748520472440948
20
-2.2926852362204726
11
5.5789450787401575
21
-2.2885922047244094
0
LINE
8
BLACK
6
CONTINUOUS
10
5.5789450787401575
20
-2.2885922047244094
11
5.5837579527559056
21
-2.2853763385826773
0
LINE
8
BLACK
6
CONTINUOUS
10
5.5837579527559056
20
-2.2853763385826773
11
5.5891057480314963
21
-2.283161220472441
0
LINE
8
BLACK
6
CONTINUOUS
10
5.5891057480314963
20
-2.283161220472441
11
5.5947829527559056
21
-2.2820319291338582
0
LINE
8
BLACK
6
CONTINUOUS
10
5.5947829527559056
20
-2.2820319291338582
11
5.6005713779527557
21
-2.2820319291338582
0
LINE
8
BLACK
6
CONTINUOUS
10
5.6005713779527557
20
-2.2820319291338582
11
5.6062485826771651
21
-2.283161220472441
0
LINE
8
BLACK
6
CONTINUOUS
10
4.0314960629921259
20
-2.3011811023622046
11
3.9645669291338583
21
-2.3011811023622046
0
LINE
8
BLACK
6
CONTINUOUS
10
3.9645669291338583
20
-2.3011811023622046
11
3.9645669291338583
21
-2.234251968503937
0
LINE
8
BLACK
6
CONTINUOUS
10
3.9645669291338583
20
-2.234251968503937
11
4.0314960629921259
21
-2.234251968503937
0
LINE
8
BLACK
6
CONTINUOUS
10
4.0314960629921259
20
-2.234251968503937
11
4.0314960629921259
21
-2.3011811023622046
0
LINE
8
BLACK
6
CONTINUOUS
10
4.1077457480314958
20
-2.2356929527559055
11
4.1138065748031494
21
-2.2382034251968506
0
LINE
8
BLACK
6
CONTINUOUS
10
4.1138065748031494
20
-2.2382034251968506
11
4.1192611811023623
21
-2.2418480708661415
0
LINE
8
BLACK
6
CONTINUOUS
10
4.1192611811023623
20
-2.2418480708661415
11
4.1238999606299211
21
-2.2464868503937008
0
LINE
8
BLACK
6
CONTINUOUS
10
4.1238999606299211
20
-2.2464868503937008
11
4.1275446062992129
21
-2.2519414566929132
0
LINE
8
BLACK
6
CONTINUOUS
10
4.1275446062992129
20
-2.2519414566929132
11
4.1300550787401571
21
-2.2580022834645668
0
LINE
8
BLACK
6
CONTINUOUS
10
4.1300550787401571
20
-2.2580022834645668
11
4.1313349212598425
21
-2.2644364173228344
0
LINE
8
BLACK
6
CONTINUOUS
10
4.1313349212598425
20
-2.2644364173228344
11
4.1313349212598425
21
-2.2709966535433068
0
LINE
8
BLACK
6
CONTINUOUS
10
4.1313349212598425
20
-2.2709966535433068
11
4.1300550787401571
21
-2.2774307874015749
0
LINE
8
BLACK
6
CONTINUOUS
10
4.1300550787401571
20
-2.2774307874015749
11
4.1275446062992129
21
-2.2834916141732284
0
LINE
8
BLACK
6
CONTINUOUS
10
4.1275446062992129
20
-2.2834916141732284
11
4.1238999606299211
21
-2.2889462204724409
0
LINE
8
BLACK
6
CONTINUOUS
10
4.1238999606299211
20
-2.2889462204724409
11
4.1192611811023623
21
-2.2935849999999998
0
LINE
8
BLACK
6
CONTINUOUS
10
4.1192611811023623
20
-2.2935849999999998
11
4.1138065748031494
21
-2.2972296456692911
0
LINE
8
BLACK
6
CONTINUOUS
10
4.1138065748031494
20
-2.2972296456692911
11
4.1077457480314958
21
-2.2997401181102362
0
LINE
8
BLACK
6
CONTINUOUS
10
4.1077457480314958
20
-2.2997401181102362
11
4.1013116141732286
21
-2.3010199606299211
0
LINE
8
BLACK
6
CONTINUOUS
10
4.1013116141732286
20
-2.3010199606299211
11
4.0947513779527558
21
-2.3010199606299211
0
LINE
8
BLACK
6
CONTINUOUS
10
4.0947513779527558
20
-2.3010199606299211
11
4.0883172440944877
21
-2.2997401181102362
0
LINE
8
BLACK
6
CONTINUOUS
10
4.0883172440944877
20
-2.2997401181102362
11
4.0822564173228342
21
-2.2972296456692911
0
LINE
8
BLACK
6
CONTINUOUS
10
4.0822564173228342
20
-2.2972296456692911
11
4.0768018110236222
21
-2.2935849999999998
0
LINE
8
BLACK
6
CONTINUOUS
10
4.0768018110236222
20
-2.2935849999999998
11
4.0721630314960633
21
-2.2889462204724409
0
LINE
8
BLACK
6
CONTINUOUS
10
4.0721630314960633
20
-2.2889462204724409
11
4.0685183858267715
21
-2.2834916141732284
0
LINE
8
BLACK
6
CONTINUOUS
10
4.0685183858267715
20
-2.2834916141732284
11
4.0660079133858265
21
-2.2774307874015749
0
LINE
8
BLACK
6
CONTINUOUS
10
4.0660079133858265
20
-2.2774307874015749
11
4.064728070866142
21
-2.2709966535433068
0
LINE
8
BLACK
6
CONTINUOUS
10
4.064728070866142
20
-2.2709966535433068
11
4.064728070866142
21
-2.2644364173228344
0
LINE
8
BLACK
6
CONTINUOUS
10
4.064728070866142
20
-2.2644364173228344
11
4.0660079133858265
21
-2.2580022834645668
0
LINE
8
BLACK
6
CONTINUOUS
10
4.0660079133858265
20
-2.2580022834645668
11
4.0685183858267715
21
-2.2519414566929132
0
LINE
8
BLACK
6
CONTINUOUS
10
4.0685183858267715
20
-2.2519414566929132
11
4.0721630314960633
21
-2.2464868503937008
0
LINE
8
BLACK
6
CONTINUOUS
10
4.0721630314960633
20
-2.2464868503937008
11
4.0768018110236222
21
-2.2418480708661415
0
LINE
8
BLACK
6
CONTINUOUS
10
4.0768018110236222
20
-2.2418480708661415
11
4.0822564173228342
21
-2.2382034251968506
0
LINE
8
BLACK
6
CONTINUOUS
10
4.0822564173228342
20
-2.2382034251968506
11
4.0883172440944877
21
-2.2356929527559055
0
LINE
8
BLACK
6
CONTINUOUS
10
4.0883172440944877
20
-2.2356929527559055
11
4.0947513779527558
21
-2.2344131102362206
0
LINE
8
BLACK
6
CONTINUOUS
10
4.0947513779527558
20
-2.2344131102362206
11
4.1013116141732286
21
-2.2344131102362206
0
LINE
8
BLACK
6
CONTINUOUS
10
4.1013116141732286
20
-2.2344131102362206
11
4.1077457480314958
21
-2.2356929527559055
0
LINE
8
BLACK
6
CONTINUOUS
10
6.4055118110236222
20
-2.2677165354330708
11
6.3641732283464565
21
-2.2677165354330708
0
LINE
8
BLACK
6
CONTINUOUS
10
6.3641732283464565
20
-2.2677165354330708
11
6.3641732283464565
21
-2.2421259842519685
0
LINE
8
BLACK
6
CONTINUOUS
10
6.3641732283464565
20
-2.2421259842519685
11
6.4055118110236222
21
-2.2421259842519685
0
LINE
8
BLACK
6
CONTINUOUS
10
6.4055118110236222
20
-2.2421259842519685
11
6.4055118110236222
21
-2.2677165354330708
0
LINE
8
BLACK
6
CONTINUOUS
10
6.568897637795275
20
-2.2677165354330708
11
6.5275590551181102
21
-2.2677165354330708
0
LINE
8
BLACK
6
CONTINUOUS
10
6.5275590551181102
20
-2.2677165354330708
11
6.5275590551181102
21
-2.2421259842519685
0
LINE
8
BLACK
6
CONTINUOUS
10
6.5275590551181102
20
-2.2421259842519685
11
6.568897637795275
21
-2.2421259842519685
0
LINE
8
BLACK
6
CONTINUOUS
10
6.568897637795275
20
-2.2421259842519685
11
6.568897637795275
21
-2.2677165354330708
0
LINE
8
BLACK
6
CONTINUOUS
10
6.6496062992125982
20
-2.2677165354330708
11
6.6082677165354333
21
-2.2677165354330708
0
LINE
8
BLACK
6
CONTINUOUS
10
6.6082677165354333
20
-2.2677165354330708
11
6.6082677165354333
21
-2.2421259842519685
0
LINE
8
BLACK
6
CONTINUOUS
10
6.6082677165354333
20
-2.2421259842519685
11
6.6496062992125982
21
-2.2421259842519685
0
LINE
8
BLACK
6
CONTINUOUS
10
6.6496062992125982
20
-2.2421259842519685
11
6.6496062992125982
21
-2.2677165354330708
0
LINE
8
BLACK
6
CONTINUOUS
10
6.8129921259842519
20
-2.2677165354330708
11
6.7716535433070861
21
-2.2677165354330708
0
LINE
8
BLACK
6
CONTINUOUS
10
6.7716535433070861
20
-2.2677165354330708
11
6.7716535433070861
21
-2.2421259842519685
0
LINE
8
BLACK
6
CONTINUOUS
10
6.7716535433070861
20
-2.2421259842519685
11
6.8129921259842519
21
-2.2421259842519685
0
LINE
8
BLACK
6
CONTINUOUS
10
6.8129921259842519
20
-2.2421259842519685
11
6.8129921259842519
21
-2.2677165354330708
0
LINE
8
BLACK
6
CONTINUOUS
10
6.877952755905512
20
-2.2677165354330708
11
6.8366141732283463
21
-2.2677165354330708
0
LINE
8
BLACK
6
CONTINUOUS
10
6.8366141732283463
20
-2.2677165354330708
11
6.8366141732283463
21
-2.2421259842519685
0
LINE
8
BLACK
6
CONTINUOUS
10
6.8366141732283463
20
-2.2421259842519685
11
6.877952755905512
21
-2.2421259842519685
0
LINE
8
BLACK
6
CONTINUOUS
10
6.877952755905512
20
-2.2421259842519685
11
6.877952755905512
21
-2.2677165354330708
0
LINE
8
BLACK
6
CONTINUOUS
10
7.0413385826771648
20
-2.2677165354330708
11
7.
21
-2.2677165354330708
0
LINE
8
BLACK
6
CONTINUOUS
10
7.
20
-2.2677165354330708
11
7.
21
-2.2421259842519685
0
LINE
8
BLACK
6
CONTINUOUS
10
7.
20
-2.2421259842519685
11
7.0413385826771648
21
-2.2421259842519685
0
LINE
8
BLACK
6
CONTINUOUS
10
7.0413385826771648
20
-2.2421259842519685
11
7.0413385826771648
21
-2.2677165354330708
0
LINE
8
BLACK
6
CONTINUOUS
10
4.2488717322834644
20
-2.1879157480314961
11
4.2533220866141734
21
-2.1904851574803148
0
LINE
8
BLACK
6
CONTINUOUS
10
4.2533220866141734
20
-2.1904851574803148
11
4.2569557874015747
21
-2.1941188582677165
0
LINE
8
BLACK
6
CONTINUOUS
10
4.2569557874015747
20
-2.1941188582677165
11
4.2595251968503938
21
-2.1985692125984251
0
LINE
8
BLACK
6
CONTINUOUS
10
4.2595251968503938
20
-2.1985692125984251
11
4.260855196850394
21
-2.2035329527559053
0
LINE
8
BLACK
6
CONTINUOUS
10
4.260855196850394
20
-2.2035329527559053
11
4.2610236220472437
21
-2.2061023622047244
0
LINE
8
BLACK
6
CONTINUOUS
10
4.2610236220472437
20
-2.2061023622047244
11
4.2610236220472437
21
-2.2375984251968504
0
LINE
8
BLACK
6
CONTINUOUS
10
4.2610236220472437
20
-2.2375984251968504
11
4.260855196850394
21
-2.240167834645669
0
LINE
8
BLACK
6
CONTINUOUS
10
4.260855196850394
20
-2.240167834645669
11
4.2595251968503938
21
-2.2451315748031497
0
LINE
8
BLACK
6
CONTINUOUS
10
4.2595251968503938
20
-2.2451315748031497
11
4.2569557874015747
21
-2.2495819291338583
0
LINE
8
BLACK
6
CONTINUOUS
10
4.2569557874015747
20
-2.2495819291338583
11
4.2533220866141734
21
-2.25321562992126
0
LINE
8
BLACK
6
CONTINUOUS
10
4.2533220866141734
20
-2.25321562992126
11
4.2488717322834644
21
-2.2557850393700787
0
LINE
8
BLACK
6
CONTINUOUS
10
4.2488717322834644
20
-2.2557850393700787
11
4.2439079921259841
21
-2.2571150393700785
0
LINE
8
BLACK
6
CONTINUOUS
10
4.2439079921259841
20
-2.2571150393700785
11
4.2387691732283468
21
-2.2571150393700785
0
LINE
8
BLACK
6
CONTINUOUS
10
4.2387691732283468
20
-2.2571150393700785
11
4.2338054330708657
21
-2.2557850393700787
0
LINE
8
BLACK
6
CONTINUOUS
10
4.2338054330708657
20
-2.2557850393700787
11
4.2293550787401575
21
-2.25321562992126
0
LINE
8
BLACK
6
CONTINUOUS
10
4.2293550787401575
20
-2.25321562992126
11
4.2257213779527554
21
-2.2495819291338583
0
LINE
8
BLACK
6
CONTINUOUS
10
4.2257213779527554
20
-2.2495819291338583
11
4.2231519685039371
21
-2.2451315748031497
0
LINE
8
BLACK
6
CONTINUOUS
10
4.2231519685039371
20
-2.2451315748031497
11
4.2218219685039369
21
-2.240167834645669
0
LINE
8
BLACK
6
CONTINUOUS
10
4.2218219685039369
20
-2.240167834645669
11
4.2216535433070863
21
-2.2375984251968504
0
LINE
8
BLACK
6
CONTINUOUS
10
4.2216535433070863
20
-2.2375984251968504
11
4.2216535433070863
21
-2.2061023622047244
0
LINE
8
BLACK
6
CONTINUOUS
10
4.2216535433070863
20
-2.2061023622047244
11
4.2218219685039369
21
-2.2035329527559053
0
LINE
8
BLACK
6
CONTINUOUS
10
4.2218219685039369
20
-2.2035329527559053
11
4.2231519685039371
21
-2.1985692125984251
0
LINE
8
BLACK
6
CONTINUOUS
10
4.2231519685039371
20
-2.1985692125984251
11
4.2257213779527554
21
-2.1941188582677165
0
LINE
8
BLACK
6
CONTINUOUS
10
4.2257213779527554
20
-2.1941188582677165
11
4.2293550787401575
21
-2.1904851574803148
0
LINE
8
BLACK
6
CONTINUOUS
10
4.2293550787401575
20
-2.1904851574803148
11
4.2338054330708657
21
-2.1879157480314961
0
LINE
8
BLACK
6
CONTINUOUS
10
4.2338054330708657
20
-2.1879157480314961
11
4.2387691732283468
21
-2.1865857480314959
0
LINE
8
BLACK
6
CONTINUOUS
10
4.2387691732283468
20
-2.1865857480314959
11
4.2439079921259841
21
-2.1865857480314959
0
LINE
8
BLACK
6
CONTINUOUS
10
4.2439079921259841
20
-2.1865857480314959
11
4.2488717322834644
21
-2.1879157480314961
0
LINE
8
BLACK
6
CONTINUOUS
10
4.5890292125984251
20
-2.1879157480314961
11
4.5934795669291342
21
-2.1904851574803148
0
LINE
8
BLACK
6
CONTINUOUS
10
4.5934795669291342
20
-2.1904851574803148
11
4.5971132677165354
21
-2.1941188582677165
0
LINE
8
BLACK
6
CONTINUOUS
10
4.5971132677165354
20
-2.1941188582677165
11
4.5996826771653545
21
-2.1985692125984251
0
LINE
8
BLACK
6
CONTINUOUS
10
4.5996826771653545
20
-2.1985692125984251
11
4.6010126771653539
21
-2.2035329527559053
0
LINE
8
BLACK
6
CONTINUOUS
10
4.6010126771653539
20
-2.2035329527559053
11
4.6011811023622045
21
-2.2061023622047244
0
LINE
8
BLACK
6
CONTINUOUS
10
4.6011811023622045
20
-2.2061023622047244
11
4.6011811023622045
21
-2.2375984251968504
0
LINE
8
BLACK
6
CONTINUOUS
10
4.6011811023622045
20
-2.2375984251968504
11
4.6010126771653539
21
-2.240167834645669
0
LINE
8
BLACK
6
CONTINUOUS
10
4.6010126771653539
20
-2.240167834645669
11
4.5996826771653545
21
-2.2451315748031497
0
LINE
8
BLACK
6
CONTINUOUS
10
4.5996826771653545
20
-2.2451315748031497
11
4.5971132677165354
21
-2.2495819291338583
0
LINE
8
BLACK
6
CONTINUOUS
10
4.5971132677165354
20
-2.2495819291338583
11
4.5934795669291342
21
-2.25321562992126
0
LINE
8
BLACK
6
CONTINUOUS
10
4.5934795669291342
20
-2.25321562992126
11
4.5890292125984251
21
-2.2557850393700787
0
LINE
8
BLACK
6
CONTINUOUS
10
4.5890292125984251
20
-2.2557850393700787
11
4.5840654724409449
21
-2.2571150393700785
0
LINE
8
BLACK
6
CONTINUOUS
10
4.5840654724409449
20
-2.2571150393700785
11
4.5789266535433066
21
-2.2571150393700785
0
LINE
8
BLACK
6
CONTINUOUS
10
4.5789266535433066
20
-2.2571150393700785
11
4.5739629133858264
21
-2.2557850393700787
0
LINE
8
BLACK
6
CONTINUOUS
10
4.5739629133858264
20
-2.2557850393700787
11
4.5695125590551182
21
-2.25321562992126
0
LINE
8
BLACK
6
CONTINUOUS
10
4.5695125590551182
20
-2.25321562992126
11
4.5658788582677161
21
-2.2495819291338583
0
LINE
8
BLACK
6
CONTINUOUS
10
4.5658788582677161
20
-2.2495819291338583
11
4.5633094488188979
21
-2.2451315748031497
0
LINE
8
BLACK
6
CONTINUOUS
10
4.5633094488188979
20
-2.2451315748031497
11
4.5619794488188976
21
-2.240167834645669
0
LINE
8
BLACK
6
CONTINUOUS
10
4.5619794488188976
20
-2.240167834645669
11
4.561811023622047
21
-2.2375984251968504
0
LINE
8
BLACK
6
CONTINUOUS
10
4.561811023622047
20
-2.2375984251968504
11
4.561811023622047
21
-2.2061023622047244
0
LINE
8
BLACK
6
CONTINUOUS
10
4.561811023622047
20
-2.2061023622047244
11
4.5619794488188976
21
-2.2035329527559053
0
LINE
8
BLACK
6
CONTINUOUS
10
4.5619794488188976
20
-2.2035329527559053
11
4.5633094488188979
21
-2.1985692125984251
0
LINE
8
BLACK
6
CONTINUOUS
10
4.5633094488188979
20
-2.1985692125984251
11
4.5658788582677161
21
-2.1941188582677165
0
LINE
8
BLACK
6
CONTINUOUS
10
4.5658788582677161
20
-2.1941188582677165
11
4.5695125590551182
21
-2.1904851574803148
0
LINE
8
BLACK
6
CONTINUOUS
10
4.5695125590551182
20
-2.1904851574803148
11
4.5739629133858264
21
-2.1879157480314961
0
LINE
8
BLACK
6
CONTINUOUS
10
4.5739629133858264
20
-2.1879157480314961
11
4.5789266535433066
21
-2.1865857480314959
0
LINE
8
BLACK
6
CONTINUOUS
10
4.5789266535433066
20
-2.1865857480314959
11
4.5840654724409449
21
-2.1865857480314959
0
LINE
8
BLACK
6
CONTINUOUS
10
4.5840654724409449
20
-2.1865857480314959
11
4.5890292125984251
21
-2.1879157480314961
0
LINE
8
BLACK
6
CONTINUOUS
10
6.4064960629921259
20
-2.1830708661417324
11
6.3651574803149602
21
-2.1830708661417324
0
LINE
8
BLACK
6
CONTINUOUS
10
6.3651574803149602
20
-2.1830708661417324
11
6.3651574803149602
21
-2.1574803149606301
0
LINE
8
BLACK
6
CONTINUOUS
10
6.3651574803149602
20
-2.1574803149606301
11
6.4064960629921259
21
-2.1574803149606301
0
LINE
8
BLACK
6
CONTINUOUS
10
6.4064960629921259
20
-2.1574803149606301
11
6.4064960629921259
21
-2.1830708661417324
0
LINE
8
BLACK
6
CONTINUOUS
10
6.568897637795275
20
-2.1830708661417324
11
6.5275590551181102
21
-2.1830708661417324
0
LINE
8
BLACK
6
CONTINUOUS
10
6.5275590551181102
20
-2.1830708661417324
11
6.5275590551181102
21
-2.1574803149606301
0
LINE
8
BLACK
6
CONTINUOUS
10
6.5275590551181102
20
-2.1574803149606301
11
6.568897637795275
21
-2.1574803149606301
0
LINE
8
BLACK
6
CONTINUOUS
10
6.568897637795275
20
-2.1574803149606301
11
6.568897637795275
21
-2.1830708661417324
0
LINE
8
BLACK
6
CONTINUOUS
10
6.6505905511811019
20
-2.1830708661417324
11
6.609251968503937
21
-2.1830708661417324
0
LINE
8
BLACK
6
CONTINUOUS
10
6.609251968503937
20
-2.1830708661417324
11
6.609251968503937
21
-2.1574803149606301
0
LINE
8
BLACK
6
CONTINUOUS
10
6.609251968503937
20
-2.1574803149606301
11
6.6505905511811019
21
-2.1574803149606301
0
LINE
8
BLACK
6
CONTINUOUS
10
6.6505905511811019
20
-2.1574803149606301
11
6.6505905511811019
21
-2.1830708661417324
0
LINE
8
BLACK
6
CONTINUOUS
10
6.8129921259842519
20
-2.1830708661417324
11
6.7716535433070861
21
-2.1830708661417324
0
LINE
8
BLACK
6
CONTINUOUS
10
6.7716535433070861
20
-2.1830708661417324
11
6.7716535433070861
21
-2.1574803149606301
0
LINE
8
BLACK
6
CONTINUOUS
10
6.7716535433070861
20
-2.1574803149606301
11
6.8129921259842519
21
-2.1574803149606301
0
LINE
8
BLACK
6
CONTINUOUS
10
6.8129921259842519
20
-2.1574803149606301
11
6.8129921259842519
21
-2.1830708661417324
0
LINE
8
BLACK
6
CONTINUOUS
10
6.8789370078740157
20
-2.1830708661417324
11
6.83759842519685
21
-2.1830708661417324
0
LINE
8
BLACK
6
CONTINUOUS
10
6.83759842519685
20
-2.1830708661417324
11
6.83759842519685
21
-2.1574803149606301
0
LINE
8
BLACK
6
CONTINUOUS
10
6.83759842519685
20
-2.1574803149606301
11
6.8789370078740157
21
-2.1574803149606301
0
LINE
8
BLACK
6
CONTINUOUS
10
6.8789370078740157
20
-2.1574803149606301
11
6.8789370078740157
21
-2.1830708661417324
0
LINE
8
BLACK
6
CONTINUOUS
10
7.0413385826771648
20
-2.1830708661417324
11
7.
21
-2.1830708661417324
0
LINE
8
BLACK
6
CONTINUOUS
10
7.
20
-2.1830708661417324
11
7.
21
-2.1574803149606301
0
LINE
8
BLACK
6
CONTINUOUS
10
7.
20
-2.1574803149606301
11
7.0413385826771648
21
-2.1574803149606301
0
LINE
8
BLACK
6
CONTINUOUS
10
7.0413385826771648
20
-2.1574803149606301
11
7.0413385826771648
21
-2.1830708661417324
0
LINE
8
BLACK
6
CONTINUOUS
10
5.7953361023622048
20
-1.8212686614173228
11
5.7978905905511811
21
-1.8229755511811023
0
LINE
8
BLACK
6
CONTINUOUS
10
5.7978905905511811
20
-1.8229755511811023
11
5.7995974803149606
21
-1.8255300393700786
0
LINE
8
BLACK
6
CONTINUOUS
10
5.7995974803149606
20
-1.8255300393700786
11
5.8001968503937009
21
-1.8285433070866142
0
LINE
8
BLACK
6
CONTINUOUS
10
5.8001968503937009
20
-1.8285433070866142
11
5.8001968503937009
21
-1.8501968503937007
0
LINE
8
BLACK
6
CONTINUOUS
10
5.8001968503937009
20
-1.8501968503937007
11
5.7995974803149606
21
-1.8532101181102363
0
LINE
8
BLACK
6
CONTINUOUS
10
5.7995974803149606
20
-1.8532101181102363
11
5.7978905905511811
21
-1.8557646062992126
0
LINE
8
BLACK
6
CONTINUOUS
10
5.7978905905511811
20
-1.8557646062992126
11
5.7953361023622048
21
-1.8574714960629921
0
LINE
8
BLACK
6
CONTINUOUS
10
5.7953361023622048
20
-1.8574714960629921
11
5.7923228346456694
21
-1.8580708661417322
0
LINE
8
BLACK
6
CONTINUOUS
10
5.7923228346456694
20
-1.8580708661417322
11
5.7765748031496065
21
-1.8580708661417322
0
LINE
8
BLACK
6
CONTINUOUS
10
5.7765748031496065
20
-1.8580708661417322
11
5.7735615354330712
21
-1.8574714960629921
0
LINE
8
BLACK
6
CONTINUOUS
10
5.7735615354330712
20
-1.8574714960629921
11
5.771007047244094
21
-1.8557646062992126
0
LINE
8
BLACK
6
CONTINUOUS
10
5.771007047244094
20
-1.8557646062992126
11
5.7693001574803144
21
-1.8532101181102363
0
LINE
8
BLACK
6
CONTINUOUS
10
5.7693001574803144
20
-1.8532101181102363
11
5.768700787401575
21
-1.8501968503937007
0
LINE
8
BLACK
6
CONTINUOUS
10
5.768700787401575
20
-1.8501968503937007
11
5.768700787401575
21
-1.8285433070866142
0
LINE
8
BLACK
6
CONTINUOUS
10
5.768700787401575
20
-1.8285433070866142
11
5.7693001574803144
21
-1.8255300393700786
0
LINE
8
BLACK
6
CONTINUOUS
10
5.7693001574803144
20
-1.8255300393700786
11
5.771007047244094
21
-1.8229755511811023
0
LINE
8
BLACK
6
CONTINUOUS
10
5.771007047244094
20
-1.8229755511811023
11
5.7735615354330712
21
-1.8212686614173228
0
LINE
8
BLACK
6
CONTINUOUS
10
5.7735615354330712
20
-1.8212686614173228
11
5.7765748031496065
21
-1.8206692913385827
0
LINE
8
BLACK
6
CONTINUOUS
10
5.7765748031496065
20
-1.8206692913385827
11
5.7923228346456694
21
-1.8206692913385827
0
LINE
8
BLACK
6
CONTINUOUS
10
5.7923228346456694
20
-1.8206692913385827
11
5.7953361023622048
21
-1.8212686614173228
0
LINE
8
BLACK
6
CONTINUOUS
10
5.860296732283464
20
-1.8212686614173228
11
5.8628512204724412
21
-1.8229755511811023
0
LINE
8
BLACK
6
CONTINUOUS
10
5.8628512204724412
20
-1.8229755511811023
11
5.8645581102362208
21
-1.8255300393700786
0
LINE
8
BLACK
6
CONTINUOUS
10
5.8645581102362208
20
-1.8255300393700786
11
5.8651574803149602
21
-1.8285433070866142
0
LINE
8
BLACK
6
CONTINUOUS
10
5.8651574803149602
20
-1.8285433070866142
11
5.8651574803149602
21
-1.8501968503937007
0
LINE
8
BLACK
6
CONTINUOUS
10
5.8651574803149602
20
-1.8501968503937007
11
5.8645581102362208
21
-1.8532101181102363
0
LINE
8
BLACK
6
CONTINUOUS
10
5.8645581102362208
20
-1.8532101181102363
11
5.8628512204724412
21
-1.8557646062992126
0
LINE
8
BLACK
6
CONTINUOUS
10
5.8628512204724412
20
-1.8557646062992126
11
5.860296732283464
21
-1.8574714960629921
0
LINE
8
BLACK
6
CONTINUOUS
10
5.860296732283464
20
-1.8574714960629921
11
5.8572834645669287
21
-1.8580708661417322
0
LINE
8
BLACK
6
CONTINUOUS
10
5.8572834645669287
20
-1.8580708661417322
11
5.8415354330708658
21
-1.8580708661417322
0
LINE
8
BLACK
6
CONTINUOUS
10
5.8415354330708658
20
-1.8580708661417322
11
5.8385221653543304
21
-1.8574714960629921
0
LINE
8
BLACK
6
CONTINUOUS
10
5.8385221653543304
20
-1.8574714960629921
11
5.8359676771653541
21
-1.8557646062992126
0
LINE
8
BLACK
6
CONTINUOUS
10
5.8359676771653541
20
-1.8557646062992126
11
5.8342607874015746
21
-1.8532101181102363
0
LINE
8
BLACK
6
CONTINUOUS
10
5.8342607874015746
20
-1.8532101181102363
11
5.8336614173228343
21
-1.8501968503937007
0
LINE
8
BLACK
6
CONTINUOUS
10
5.8336614173228343
20
-1.8501968503937007
11
5.8336614173228343
21
-1.8285433070866142
0
LINE
8
BLACK
6
CONTINUOUS
10
5.8336614173228343
20
-1.8285433070866142
11
5.8342607874015746
21
-1.8255300393700786
0
LINE
8
BLACK
6
CONTINUOUS
10
5.8342607874015746
20
-1.8255300393700786
11
5.8359676771653541
21
-1.8229755511811023
0
LINE
8
BLACK
6
CONTINUOUS
10
5.8359676771653541
20
-1.8229755511811023
11
5.8385221653543304
21
-1.8212686614173228
0
LINE
8
BLACK
6
CONTINUOUS
10
5.8385221653543304
20
-1.8212686614173228
11
5.8415354330708658
21
-1.8206692913385827
0
LINE
8
BLACK
6
CONTINUOUS
10
5.8415354330708658
20
-1.8206692913385827
11
5.8572834645669287
21
-1.8206692913385827
0
LINE
8
BLACK
6
CONTINUOUS
10
5.8572834645669287
20
-1.8206692913385827
11
5.860296732283464
21
-1.8212686614173228
0
LINE
8
BLACK
6
CONTINUOUS
10
6.0196850393700787
20
-1.7775590551181102
11
5.9527559055118111
21
-1.7775590551181102
0
LINE
8
BLACK
6
CONTINUOUS
10
5.9527559055118111
20
-1.7775590551181102
11
5.9527559055118111
21
-1.7106299212598426
0
LINE
8
BLACK
6
CONTINUOUS
10
5.9527559055118111
20
-1.7106299212598426
11
6.0196850393700787
21
-1.7106299212598426
0
LINE
8
BLACK
6
CONTINUOUS
10
6.0196850393700787
20
-1.7106299212598426
11
6.0196850393700787
21
-1.7775590551181102
0
LINE
8
BLACK
6
CONTINUOUS
10
5.7953361023622048
20
-1.7224497637795275
11
5.7978905905511811
21
-1.724156653543307
0
LINE
8
BLACK
6
CONTINUOUS
10
5.7978905905511811
20
-1.724156653543307
11
5.7995974803149606
21
-1.7267111417322833
0
LINE
8
BLACK
6
CONTINUOUS
10
5.7995974803149606
20
-1.7267111417322833
11
5.8001968503937009
21
-1.7297244094488189
0
LINE
8
BLACK
6
CONTINUOUS
10
5.8001968503937009
20
-1.7297244094488189
11
5.8001968503937009
21
-1.7513779527559055
0
LINE
8
BLACK
6
CONTINUOUS
10
5.8001968503937009
20
-1.7513779527559055
11
5.7995974803149606
21
-1.754391220472441
0
LINE
8
BLACK
6
CONTINUOUS
10
5.7995974803149606
20
-1.754391220472441
11
5.7978905905511811
21
-1.7569457086614173
0
LINE
8
BLACK
6
CONTINUOUS
10
5.7978905905511811
20
-1.7569457086614173
11
5.7953361023622048
21
-1.7586525984251968
0
LINE
8
BLACK
6
CONTINUOUS
10
5.7953361023622048
20
-1.7586525984251968
11
5.7923228346456694
21
-1.7592519685039369
0
LINE
8
BLACK
6
CONTINUOUS
10
5.7923228346456694
20
-1.7592519685039369
11
5.7765748031496065
21
-1.7592519685039369
0
LINE
8
BLACK
6
CONTINUOUS
10
5.7765748031496065
20
-1.7592519685039369
11
5.7735615354330712
21
-1.7586525984251968
0
LINE
8
BLACK
6
CONTINUOUS
10
5.7735615354330712
20
-1.7586525984251968
11
5.771007047244094
21
-1.7569457086614173
0
LINE
8
BLACK
6
CONTINUOUS
10
5.771007047244094
20
-1.7569457086614173
11
5.7693001574803144
21
-1.754391220472441
0
LINE
8
BLACK
6
CONTINUOUS
10
5.7693001574803144
20
-1.754391220472441
11
5.768700787401575
21
-1.7513779527559055
0
LINE
8
BLACK
6
CONTINUOUS
10
5.768700787401575
20
-1.7513779527559055
11
5.768700787401575
21
-1.7297244094488189
0
LINE
8
BLACK
6
CONTINUOUS
10
5.768700787401575
20
-1.7297244094488189
11
5.7693001574803144
21
-1.7267111417322833
0
LINE
8
BLACK
6
CONTINUOUS
10
5.7693001574803144
20
-1.7267111417322833
11
5.771007047244094
21
-1.724156653543307
0
LINE
8
BLACK
6
CONTINUOUS
10
5.771007047244094
20
-1.724156653543307
11
5.7735615354330712
21
-1.7224497637795275
0
LINE
8
BLACK
6
CONTINUOUS
10
5.7735615354330712
20
-1.7224497637795275
11
5.7765748031496065
21
-1.7218503937007874
0
LINE
8
BLACK
6
CONTINUOUS
10
5.7765748031496065
20
-1.7218503937007874
11
5.7923228346456694
21
-1.7218503937007874
0
LINE
8
BLACK
6
CONTINUOUS
10
5.7923228346456694
20
-1.7218503937007874
11
5.7953361023622048
21
-1.7224497637795275
0
LINE
8
BLACK
6
CONTINUOUS
10
5.860296732283464
20
-1.7224497637795275
11
5.8628512204724412
21
-1.724156653543307
0
LINE
8
BLACK
6
CONTINUOUS
10
5.8628512204724412
20
-1.724156653543307
11
5.8645581102362208
21
-1.7267111417322833
0
LINE
8
BLACK
6
CONTINUOUS
10
5.8645581102362208
20
-1.7267111417322833
11
5.8651574803149602
21
-1.7297244094488189
0
LINE
8
BLACK
6
CONTINUOUS
10
5.8651574803149602
20
-1.7297244094488189
11
5.8651574803149602
21
-1.7513779527559055
0
LINE
8
BLACK
6
CONTINUOUS
10
5.8651574803149602
20
-1.7513779527559055
11
5.8645581102362208
21
-1.754391220472441
0
LINE
8
BLACK
6
CONTINUOUS
10
5.8645581102362208
20
-1.754391220472441
11
5.8628512204724412
21
-1.7569457086614173
0
LINE
8
BLACK
6
CONTINUOUS
10
5.8628512204724412
20
-1.7569457086614173
11
5.860296732283464
21
-1.7586525984251968
0
LINE
8
BLACK
6
CONTINUOUS
10
5.860296732283464
20
-1.7586525984251968
11
5.8572834645669287
21
-1.7592519685039369
0
LINE
8
BLACK
6
CONTINUOUS
10
5.8572834645669287
20
-1.7592519685039369
11
5.8415354330708658
21
-1.7592519685039369
0
LINE
8
BLACK
6
CONTINUOUS
10
5.8415354330708658
20
-1.7592519685039369
11
5.8385221653543304
21
-1.7586525984251968
0
LINE
8
BLACK
6
CONTINUOUS
10
5.8385221653543304
20
-1.7586525984251968
11
5.8359676771653541
21
-1.7569457086614173
0
LINE
8
BLACK
6
CONTINUOUS
10
5.8359676771653541
20
-1.7569457086614173
11
5.8342607874015746
21
-1.754391220472441
0
LINE
8
BLACK
6
CONTINUOUS
10
5.8342607874015746
20
-1.754391220472441
11
5.8336614173228343
21
-1.7513779527559055
0
LINE
8
BLACK
6
CONTINUOUS
10
5.8336614173228343
20
-1.7513779527559055
11
5.8336614173228343
21
-1.7297244094488189
0
LINE
8
BLACK
6
CONTINUOUS
10
5.8336614173228343
20
-1.7297244094488189
11
5.8342607874015746
21
-1.7267111417322833
0
LINE
8
BLACK
6
CONTINUOUS
10
5.8342607874015746
20
-1.7267111417322833
11
5.8359676771653541
21
-1.724156653543307
0
LINE
8
BLACK
6
CONTINUOUS
10
5.8359676771653541
20
-1.724156653543307
11
5.8385221653543304
21
-1.7224497637795275
0
LINE
8
BLACK
6
CONTINUOUS
10
5.8385221653543304
20
-1.7224497637795275
11
5.8415354330708658
21
-1.7218503937007874
0
LINE
8
BLACK
6
CONTINUOUS
10
5.8415354330708658
20
-1.7218503937007874
11
5.8572834645669287
21
-1.7218503937007874
0
LINE
8
BLACK
6
CONTINUOUS
10
5.8572834645669287
20
-1.7218503937007874
11
5.860296732283464
21
-1.7224497637795275
0
LINE
8
BLACK
6
CONTINUOUS
10
5.7953361023622048
20
-1.6236308661417322
11
5.7978905905511811
21
-1.6253377559055118
0
LINE
8
BLACK
6
CONTINUOUS
10
5.7978905905511811
20
-1.6253377559055118
11
5.7995974803149606
21
-1.6278922440944881
0
LINE
8
BLACK
6
CONTINUOUS
10
5.7995974803149606
20
-1.6278922440944881
11
5.8001968503937009
21
-1.6309055118110236
0
LINE
8
BLACK
6
CONTINUOUS
10
5.8001968503937009
20
-1.6309055118110236
11
5.8001968503937009
21
-1.6525590551181102
0
LINE
8
BLACK
6
CONTINUOUS
10
5.8001968503937009
20
-1.6525590551181102
11
5.7995974803149606
21
-1.6555723228346457
0
LINE
8
BLACK
6
CONTINUOUS
10
5.7995974803149606
20
-1.6555723228346457
11
5.7978905905511811
21
-1.658126811023622
0
LINE
8
BLACK
6
CONTINUOUS
10
5.7978905905511811
20
-1.658126811023622
11
5.7953361023622048
21
-1.6598337007874016
0
LINE
8
BLACK
6
CONTINUOUS
10
5.7953361023622048
20
-1.6598337007874016
11
5.7923228346456694
21
-1.6604330708661417
0
LINE
8
BLACK
6
CONTINUOUS
10
5.7923228346456694
20
-1.6604330708661417
11
5.7765748031496065
21
-1.6604330708661417
0
LINE
8
BLACK
6
CONTINUOUS
10
5.7765748031496065
20
-1.6604330708661417
11
5.7735615354330712
21
-1.6598337007874016
0
LINE
8
BLACK
6
CONTINUOUS
10
5.7735615354330712
20
-1.6598337007874016
11
5.771007047244094
21
-1.658126811023622
0
LINE
8
BLACK
6
CONTINUOUS
10
5.771007047244094
20
-1.658126811023622
11
5.7693001574803144
21
-1.6555723228346457
0
LINE
8
BLACK
6
CONTINUOUS
10
5.7693001574803144
20
-1.6555723228346457
11
5.768700787401575
21
-1.6525590551181102
0
LINE
8
BLACK
6
CONTINUOUS
10
5.768700787401575
20
-1.6525590551181102
11
5.768700787401575
21
-1.6309055118110236
0
LINE
8
BLACK
6
CONTINUOUS
10
5.768700787401575
20
-1.6309055118110236
11
5.7693001574803144
21
-1.6278922440944881
0
LINE
8
BLACK
6
CONTINUOUS
10
5.7693001574803144
20
-1.6278922440944881
11
5.771007047244094
21
-1.6253377559055118
0
LINE
8
BLACK
6
CONTINUOUS
10
5.771007047244094
20
-1.6253377559055118
11
5.7735615354330712
21
-1.6236308661417322
0
LINE
8
BLACK
6
CONTINUOUS
10
5.7735615354330712
20
-1.6236308661417322
11
5.7765748031496065
21
-1.6230314960629921
0
LINE
8
BLACK
6
CONTINUOUS
10
5.7765748031496065
20
-1.6230314960629921
11
5.7923228346456694
21
-1.6230314960629921
0
LINE
8
BLACK
6
CONTINUOUS
10
5.7923228346456694
20
-1.6230314960629921
11
5.7953361023622048
21
-1.6236308661417322
0
LINE
8
BLACK
6
CONTINUOUS
10
5.860296732283464
20
-1.6236308661417322
11
5.8628512204724412
21
-1.6253377559055118
0
LINE
8
BLACK
6
CONTINUOUS
10
5.8628512204724412
20
-1.6253377559055118
11
5.8645581102362208
21
-1.6278922440944881
0
LINE
8
BLACK
6
CONTINUOUS
10
5.8645581102362208
20
-1.6278922440944881
11
5.8651574803149602
21
-1.6309055118110236
0
LINE
8
BLACK
6
CONTINUOUS
10
5.8651574803149602
20
-1.6309055118110236
11
5.8651574803149602
21
-1.6525590551181102
0
LINE
8
BLACK
6
CONTINUOUS
10
5.8651574803149602
20
-1.6525590551181102
11
5.8645581102362208
21
-1.6555723228346457
0
LINE
8
BLACK
6
CONTINUOUS
10
5.8645581102362208
20
-1.6555723228346457
11
5.8628512204724412
21
-1.658126811023622
0
LINE
8
BLACK
6
CONTINUOUS
10
5.8628512204724412
20
-1.658126811023622
11
5.860296732283464
21
-1.6598337007874016
0
LINE
8
BLACK
6
CONTINUOUS
10
5.860296732283464
20
-1.6598337007874016
11
5.8572834645669287
21
-1.6604330708661417
0
LINE
8
BLACK
6
CONTINUOUS
10
5.8572834645669287
20
-1.6604330708661417
11
5.8415354330708658
21
-1.6604330708661417
0
LINE
8
BLACK
6
CONTINUOUS
10
5.8415354330708658
20
-1.6604330708661417
11
5.8385221653543304
21
-1.6598337007874016
0
LINE
8
BLACK
6
CONTINUOUS
10
5.8385221653543304
20
-1.6598337007874016
11
5.8359676771653541
21
-1.658126811023622
0
LINE
8
BLACK
6
CONTINUOUS
10
5.8359676771653541
20
-1.658126811023622
11
5.8342607874015746
21
-1.6555723228346457
0
LINE
8
BLACK
6
CONTINUOUS
10
5.8342607874015746
20
-1.6555723228346457
11
5.8336614173228343
21
-1.6525590551181102
0
LINE
8
BLACK
6
CONTINUOUS
10
5.8336614173228343
20
-1.6525590551181102
11
5.8336614173228343
21
-1.6309055118110236
0
LINE
8
BLACK
6
CONTINUOUS
10
5.8336614173228343
20
-1.6309055118110236
11
5.8342607874015746
21
-1.6278922440944881
0
LINE
8
BLACK
6
CONTINUOUS
10
5.8342607874015746
20
-1.6278922440944881
11
5.8359676771653541
21
-1.6253377559055118
0
LINE
8
BLACK
6
CONTINUOUS
10
5.8359676771653541
20
-1.6253377559055118
11
5.8385221653543304
21
-1.6236308661417322
0
LINE
8
BLACK
6
CONTINUOUS
10
5.8385221653543304
20
-1.6236308661417322
11
5.8415354330708658
21
-1.6230314960629921
0
LINE
8
BLACK
6
CONTINUOUS
10
5.8415354330708658
20
-1.6230314960629921
11
5.8572834645669287
21
-1.6230314960629921
0
LINE
8
BLACK
6
CONTINUOUS
10
5.8572834645669287
20
-1.6230314960629921
11
5.860296732283464
21
-1.6236308661417322
0
LINE
8
BLACK
6
CONTINUOUS
10
5.99950405511811
20
-1.5906070078740158
11
6.001419921259842
21
-1.5918871653543307
0
LINE
8
BLACK
6
CONTINUOUS
10
6.001419921259842
20
-1.5918871653543307
11
6.0027000787401574
21
-1.5938030314960629
0
LINE
8
BLACK
6
CONTINUOUS
10
6.0027000787401574
20
-1.5938030314960629
11
6.0031496062992122
21
-1.5960629921259841
0
LINE
8
BLACK
6
CONTINUOUS
10
6.0031496062992122
20
-1.5960629921259841
11
6.0031496062992122
21
-1.6078740157480313
0
LINE
8
BLACK
6
CONTINUOUS
10
6.0031496062992122
20
-1.6078740157480313
11
6.0027000787401574
21
-1.6101339763779527
0
LINE
8
BLACK
6
CONTINUOUS
10
6.0027000787401574
20
-1.6101339763779527
11
6.001419921259842
21
-1.612049842519685
0
LINE
8
BLACK
6
CONTINUOUS
10
6.001419921259842
20
-1.612049842519685
11
5.99950405511811
21
-1.6133299999999999
0
LINE
8
BLACK
6
CONTINUOUS
10
5.99950405511811
20
-1.6133299999999999
11
5.9972440944881891
21
-1.6137795275590552
0
LINE
8
BLACK
6
CONTINUOUS
10
5.9972440944881891
20
-1.6137795275590552
11
5.9322834645669289
21
-1.6137795275590552
0
LINE
8
BLACK
6
CONTINUOUS
10
5.9322834645669289
20
-1.6137795275590552
11
5.9300235039370079
21
-1.6133299999999999
0
LINE
8
BLACK
6
CONTINUOUS
10
5.9300235039370079
20
-1.6133299999999999
11
5.9281076377952751
21
-1.612049842519685
0
LINE
8
BLACK
6
CONTINUOUS
10
5.9281076377952751
20
-1.612049842519685
11
5.9268274803149605
21
-1.6101339763779527
0
LINE
8
BLACK
6
CONTINUOUS
10
5.9268274803149605
20
-1.6101339763779527
11
5.9263779527559057
21
-1.6078740157480313
0
LINE
8
BLACK
6
CONTINUOUS
10
5.9263779527559057
20
-1.6078740157480313
11
5.9263779527559057
21
-1.5960629921259841
0
LINE
8
BLACK
6
CONTINUOUS
10
5.9263779527559057
20
-1.5960629921259841
11
5.9268274803149605
21
-1.5938030314960629
0
LINE
8
BLACK
6
CONTINUOUS
10
5.9268274803149605
20
-1.5938030314960629
11
5.9281076377952751
21
-1.5918871653543307
0
LINE
8
BLACK
6
CONTINUOUS
10
5.9281076377952751
20
-1.5918871653543307
11
5.9300235039370079
21
-1.5906070078740158
0
LINE
8
BLACK
6
CONTINUOUS
10
5.9300235039370079
20
-1.5906070078740158
11
5.9322834645669289
21
-1.5901574803149605
0
LINE
8
BLACK
6
CONTINUOUS
10
5.9322834645669289
20
-1.5901574803149605
11
5.9972440944881891
21
-1.5901574803149605
0
LINE
8
BLACK
6
CONTINUOUS
10
5.9972440944881891
20
-1.5901574803149605
11
5.99950405511811
21
-1.5906070078740158
0
LINE
8
BLACK
6
CONTINUOUS
10
6.1943859448818896
20
-1.5906070078740158
11
6.1963018110236217
21
-1.5918871653543307
0
LINE
8
BLACK
6
CONTINUOUS
10
6.1963018110236217
20
-1.5918871653543307
11
6.1975819685039371
21
-1.5938030314960629
0
LINE
8
BLACK
6
CONTINUOUS
10
6.1975819685039371
20
-1.5938030314960629
11
6.1980314960629919
21
-1.5960629921259841
0
LINE
8
BLACK
6
CONTINUOUS
10
6.1980314960629919
20
-1.5960629921259841
11
6.1980314960629919
21
-1.6078740157480313
0
LINE
8
BLACK
6
CONTINUOUS
10
6.1980314960629919
20
-1.6078740157480313
11
6.1975819685039371
21
-1.6101339763779527
0
LINE
8
BLACK
6
CONTINUOUS
10
6.1975819685039371
20
-1.6101339763779527
11
6.1963018110236217
21
-1.612049842519685
0
LINE
8
BLACK
6
CONTINUOUS
10
6.1963018110236217
20
-1.612049842519685
11
6.1943859448818896
21
-1.6133299999999999
0
LINE
8
BLACK
6
CONTINUOUS
10
6.1943859448818896
20
-1.6133299999999999
11
6.1921259842519687
21
-1.6137795275590552
0
LINE
8
BLACK
6
CONTINUOUS
10
6.1921259842519687
20
-1.6137795275590552
11
6.1271653543307085
21
-1.6137795275590552
0
LINE
8
BLACK
6
CONTINUOUS
10
6.1271653543307085
20
-1.6137795275590552
11
6.1249053937007876
21
-1.6133299999999999
0
LINE
8
BLACK
6
CONTINUOUS
10
6.1249053937007876
20
-1.6133299999999999
11
6.1229895275590547
21
-1.612049842519685
0
LINE
8
BLACK
6
CONTINUOUS
10
6.1229895275590547
20
-1.612049842519685
11
6.1217093700787402
21
-1.6101339763779527
0
LINE
8
BLACK
6
CONTINUOUS
10
6.1217093700787402
20
-1.6101339763779527
11
6.1212598425196845
21
-1.6078740157480313
0
LINE
8
BLACK
6
CONTINUOUS
10
6.1212598425196845
20
-1.6078740157480313
11
6.1212598425196845
21
-1.5960629921259841
0
LINE
8
BLACK
6
CONTINUOUS
10
6.1212598425196845
20
-1.5960629921259841
11
6.1217093700787402
21
-1.5938030314960629
0
LINE
8
BLACK
6
CONTINUOUS
10
6.1217093700787402
20
-1.5938030314960629
11
6.1229895275590547
21
-1.5918871653543307
0
LINE
8
BLACK
6
CONTINUOUS
10
6.1229895275590547
20
-1.5918871653543307
11
6.1249053937007876
21
-1.5906070078740158
0
LINE
8
BLACK
6
CONTINUOUS
10
6.1249053937007876
20
-1.5906070078740158
11
6.1271653543307085
21
-1.5901574803149605
0
LINE
8
BLACK
6
CONTINUOUS
10
6.1271653543307085
20
-1.5901574803149605
11
6.1921259842519687
21
-1.5901574803149605
0
LINE
8
BLACK
6
CONTINUOUS
10
6.1921259842519687
20
-1.5901574803149605
11
6.1943859448818896
21
-1.5906070078740158
0
LINE
8
BLACK
6
CONTINUOUS
10
6.1072834645669287
20
-1.5860236220472441
11
6.017125984251968
21
-1.5860236220472441
0
LINE
8
BLACK
6
CONTINUOUS
10
6.017125984251968
20
-1.5860236220472441
11
6.017125984251968
21
-1.4679133858267717
0
LINE
8
BLACK
6
CONTINUOUS
10
6.017125984251968
20
-1.4679133858267717
11
6.1072834645669287
21
-1.4679133858267717
0
LINE
8
BLACK
6
CONTINUOUS
10
6.1072834645669287
20
-1.4679133858267717
11
6.1072834645669287
21
-1.5860236220472441
0
LINE
8
BLACK
6
CONTINUOUS
10
5.99950405511811
20
-1.5406070078740157
11
6.001419921259842
21
-1.5418871653543307
0
LINE
8
BLACK
6
CONTINUOUS
10
6.001419921259842
20
-1.5418871653543307
11
6.0027000787401574
21
-1.5438030314960629
0
LINE
8
BLACK
6
CONTINUOUS
10
6.0027000787401574
20
-1.5438030314960629
11
6.0031496062992122
21
-1.5460629921259843
0
LINE
8
BLACK
6
CONTINUOUS
10
6.0031496062992122
20
-1.5460629921259843
11
6.0031496062992122
21
-1.5578740157480315
0
LINE
8
BLACK
6
CONTINUOUS
10
6.0031496062992122
20
-1.5578740157480315
11
6.0027000787401574
21
-1.5601339763779527
0
LINE
8
BLACK
6
CONTINUOUS
10
6.0027000787401574
20
-1.5601339763779527
11
6.001419921259842
21
-1.5620498425196849
0
LINE
8
BLACK
6
CONTINUOUS
10
6.001419921259842
20
-1.5620498425196849
11
5.99950405511811
21
-1.5633299999999999
0
LINE
8
BLACK
6
CONTINUOUS
10
5.99950405511811
20
-1.5633299999999999
11
5.9972440944881891
21
-1.5637795275590551
0
LINE
8
BLACK
6
CONTINUOUS
10
5.9972440944881891
20
-1.5637795275590551
11
5.9322834645669289
21
-1.5637795275590551
0
LINE
8
BLACK
6
CONTINUOUS
10
5.9322834645669289
20
-1.5637795275590551
11
5.9300235039370079
21
-1.5633299999999999
0
LINE
8
BLACK
6
CONTINUOUS
10
5.9300235039370079
20
-1.5633299999999999
11
5.9281076377952751
21
-1.5620498425196849
0
LINE
8
BLACK
6
CONTINUOUS
10
5.9281076377952751
20
-1.5620498425196849
11
5.9268274803149605
21
-1.5601339763779527
0
LINE
8
BLACK
6
CONTINUOUS
10
5.9268274803149605
20
-1.5601339763779527
11
5.9263779527559057
21
-1.5578740157480315
0
LINE
8
BLACK
6
CONTINUOUS
10
5.9263779527559057
20
-1.5578740157480315
11
5.9263779527559057
21
-1.5460629921259843
0
LINE
8
BLACK
6
CONTINUOUS
10
5.9263779527559057
20
-1.5460629921259843
11
5.9268274803149605
21
-1.5438030314960629
0
LINE
8
BLACK
6
CONTINUOUS
10
5.9268274803149605
20
-1.5438030314960629
11
5.9281076377952751
21
-1.5418871653543307
0
LINE
8
BLACK
6
CONTINUOUS
10
5.9281076377952751
20
-1.5418871653543307
11
5.9300235039370079
21
-1.5406070078740157
0
LINE
8
BLACK
6
CONTINUOUS
10
5.9300235039370079
20
-1.5406070078740157
11
5.9322834645669289
21
-1.5401574803149607
0
LINE
8
BLACK
6
CONTINUOUS
10
5.9322834645669289
20
-1.5401574803149607
11
5.9972440944881891
21
-1.5401574803149607
0
LINE
8
BLACK
6
CONTINUOUS
10
5.9972440944881891
20
-1.5401574803149607
11
5.99950405511811
21
-1.5406070078740157
0
LINE
8
BLACK
6
CONTINUOUS
10
6.1943859448818896
20
-1.5406070078740157
11
6.1963018110236217
21
-1.5418871653543307
0
LINE
8
BLACK
6
CONTINUOUS
10
6.1963018110236217
20
-1.5418871653543307
11
6.1975819685039371
21
-1.5438030314960629
0
LINE
8
BLACK
6
CONTINUOUS
10
6.1975819685039371
20
-1.5438030314960629
11
6.1980314960629919
21
-1.5460629921259843
0
LINE
8
BLACK
6
CONTINUOUS
10
6.1980314960629919
20
-1.5460629921259843
11
6.1980314960629919
21
-1.5578740157480315
0
LINE
8
BLACK
6
CONTINUOUS
10
6.1980314960629919
20
-1.5578740157480315
11
6.1975819685039371
21
-1.5601339763779527
0
LINE
8
BLACK
6
CONTINUOUS
10
6.1975819685039371
20
-1.5601339763779527
11
6.1963018110236217
21
-1.5620498425196849
0
LINE
8
BLACK
6
CONTINUOUS
10
6.1963018110236217
20
-1.5620498425196849
11
6.1943859448818896
21
-1.5633299999999999
0
LINE
8
BLACK
6
CONTINUOUS
10
6.1943859448818896
20
-1.5633299999999999
11
6.1921259842519687
21
-1.5637795275590551
0
LINE
8
BLACK
6
CONTINUOUS
10
6.1921259842519687
20
-1.5637795275590551
11
6.1271653543307085
21
-1.5637795275590551
0
LINE
8
BLACK
6
CONTINUOUS
10
6.1271653543307085
20
-1.5637795275590551
11
6.1249053937007876
21
-1.5633299999999999
0
LINE
8
BLACK
6
CONTINUOUS
10
6.1249053937007876
20
-1.5633299999999999
11
6.1229895275590547
21
-1.5620498425196849
0
LINE
8
BLACK
6
CONTINUOUS
10
6.1229895275590547
20
-1.5620498425196849
11
6.1217093700787402
21
-1.5601339763779527
0
LINE
8
BLACK
6
CONTINUOUS
10
6.1217093700787402
20
-1.5601339763779527
11
6.1212598425196845
21
-1.5578740157480315
0
LINE
8
BLACK
6
CONTINUOUS
10
6.1212598425196845
20
-1.5578740157480315
11
6.1212598425196845
21
-1.5460629921259843
0
LINE
8
BLACK
6
CONTINUOUS
10
6.1212598425196845
20
-1.5460629921259843
11
6.1217093700787402
21
-1.5438030314960629
0
LINE
8
BLACK
6
CONTINUOUS
10
6.1217093700787402
20
-1.5438030314960629
11
6.1229895275590547
21
-1.5418871653543307
0
LINE
8
BLACK
6
CONTINUOUS
10
6.1229895275590547
20
-1.5418871653543307
11
6.1249053937007876
21
-1.5406070078740157
0
LINE
8
BLACK
6
CONTINUOUS
10
6.1249053937007876
20
-1.5406070078740157
11
6.1271653543307085
21
-1.5401574803149607
0
LINE
8
BLACK
6
CONTINUOUS
10
6.1271653543307085
20
-1.5401574803149607
11
6.1921259842519687
21
-1.5401574803149607
0
LINE
8
BLACK
6
CONTINUOUS
10
6.1921259842519687
20
-1.5401574803149607
11
6.1943859448818896
21
-1.5406070078740157
0
LINE
8
BLACK
6
CONTINUOUS
10
5.7953361023622048
20
-1.524811968503937
11
5.7978905905511811
21
-1.5265188582677165
0
LINE
8
BLACK
6
CONTINUOUS
10
5.7978905905511811
20
-1.5265188582677165
11
5.7995974803149606
21
-1.5290733464566928
0
LINE
8
BLACK
6
CONTINUOUS
10
5.7995974803149606
20
-1.5290733464566928
11
5.8001968503937009
21
-1.5320866141732283
0
LINE
8
BLACK
6
CONTINUOUS
10
5.8001968503937009
20
-1.5320866141732283
11
5.8001968503937009
21
-1.5537401574803149
0
LINE
8
BLACK
6
CONTINUOUS
10
5.8001968503937009
20
-1.5537401574803149
11
5.7995974803149606
21
-1.5567534251968504
0
LINE
8
BLACK
6
CONTINUOUS
10
5.7995974803149606
20
-1.5567534251968504
11
5.7978905905511811
21
-1.5593079133858267
0
LINE
8
BLACK
6
CONTINUOUS
10
5.7978905905511811
20
-1.5593079133858267
11
5.7953361023622048
21
-1.5610148031496063
0
LINE
8
BLACK
6
CONTINUOUS
10
5.7953361023622048
20
-1.5610148031496063
11
5.7923228346456694
21
-1.5616141732283464
0
LINE
8
BLACK
6
CONTINUOUS
10
5.7923228346456694
20
-1.5616141732283464
11
5.7765748031496065
21
-1.5616141732283464
0
LINE
8
BLACK
6
CONTINUOUS
10
5.7765748031496065
20
-1.5616141732283464
11
5.7735615354330712
21
-1.5610148031496063
0
LINE
8
BLACK
6
CONTINUOUS
10
5.7735615354330712
20
-1.5610148031496063
11
5.771007047244094
21
-1.5593079133858267
0
LINE
8
BLACK
6
CONTINUOUS
10
5.771007047244094
20
-1.5593079133858267
11
5.7693001574803144
21
-1.5567534251968504
0
LINE
8
BLACK
6
CONTINUOUS
10
5.7693001574803144
20
-1.5567534251968504
11
5.768700787401575
21
-1.5537401574803149
0
LINE
8
BLACK
6
CONTINUOUS
10
5.768700787401575
20
-1.5537401574803149
11
5.768700787401575
21
-1.5320866141732283
0
LINE
8
BLACK
6
CONTINUOUS
10
5.768700787401575
20
-1.5320866141732283
11
5.7693001574803144
21
-1.5290733464566928
0
LINE
8
BLACK
6
CONTINUOUS
10
5.7693001574803144
20
-1.5290733464566928
11
5.771007047244094
21
-1.5265188582677165
0
LINE
8
BLACK
6
CONTINUOUS
10
5.771007047244094
20
-1.5265188582677165
11
5.7735615354330712
21
-1.524811968503937
0
LINE
8
BLACK
6
CONTINUOUS
10
5.7735615354330712
20
-1.524811968503937
11
5.7765748031496065
21
-1.5242125984251969
0
LINE
8
BLACK
6
CONTINUOUS
10
5.7765748031496065
20
-1.5242125984251969
11
5.7923228346456694
21
-1.5242125984251969
0
LINE
8
BLACK
6
CONTINUOUS
10
5.7923228346456694
20
-1.5242125984251969
11
5.7953361023622048
21
-1.524811968503937
0
LINE
8
BLACK
6
CONTINUOUS
10
5.860296732283464
20
-1.524811968503937
11
5.8628512204724412
21
-1.5265188582677165
0
LINE
8
BLACK
6
CONTINUOUS
10
5.8628512204724412
20
-1.5265188582677165
11
5.8645581102362208
21
-1.5290733464566928
0
LINE
8
BLACK
6
CONTINUOUS
10
5.8645581102362208
20
-1.5290733464566928
11
5.8651574803149602
21
-1.5320866141732283
0
LINE
8
BLACK
6
CONTINUOUS
10
5.8651574803149602
20
-1.5320866141732283
11
5.8651574803149602
21
-1.5537401574803149
0
LINE
8
BLACK
6
CONTINUOUS
10
5.8651574803149602
20
-1.5537401574803149
11
5.8645581102362208
21
-1.5567534251968504
0
LINE
8
BLACK
6
CONTINUOUS
10
5.8645581102362208
20
-1.5567534251968504
11
5.8628512204724412
21
-1.5593079133858267
0
LINE
8
BLACK
6
CONTINUOUS
10
5.8628512204724412
20
-1.5593079133858267
11
5.860296732283464
21
-1.5610148031496063
0
LINE
8
BLACK
6
CONTINUOUS
10
5.860296732283464
20
-1.5610148031496063
11
5.8572834645669287
21
-1.5616141732283464
0
LINE
8
BLACK
6
CONTINUOUS
10
5.8572834645669287
20
-1.5616141732283464
11
5.8415354330708658
21
-1.5616141732283464
0
LINE
8
BLACK
6
CONTINUOUS
10
5.8415354330708658
20
-1.5616141732283464
11
5.8385221653543304
21
-1.5610148031496063
0
LINE
8
BLACK
6
CONTINUOUS
10
5.8385221653543304
20
-1.5610148031496063
11
5.8359676771653541
21
-1.5593079133858267
0
LINE
8
BLACK
6
CONTINUOUS
10
5.8359676771653541
20
-1.5593079133858267
11
5.8342607874015746
21
-1.5567534251968504
0
LINE
8
BLACK
6
CONTINUOUS
10
5.8342607874015746
20
-1.5567534251968504
11
5.8336614173228343
21
-1.5537401574803149
0
LINE
8
BLACK
6
CONTINUOUS
10
5.8336614173228343
20
-1.5537401574803149
11
5.8336614173228343
21
-1.5320866141732283
0
LINE
8
BLACK
6
CONTINUOUS
10
5.8336614173228343
20
-1.5320866141732283
11
5.8342607874015746
21
-1.5290733464566928
0
LINE
8
BLACK
6
CONTINUOUS
10
5.8342607874015746
20
-1.5290733464566928
11
5.8359676771653541
21
-1.5265188582677165
0
LINE
8
BLACK
6
CONTINUOUS
10
5.8359676771653541
20
-1.5265188582677165
11
5.8385221653543304
21
-1.524811968503937
0
LINE
8
BLACK
6
CONTINUOUS
10
5.8385221653543304
20
-1.524811968503937
11
5.8415354330708658
21
-1.5242125984251969
0
LINE
8
BLACK
6
CONTINUOUS
10
5.8415354330708658
20
-1.5242125984251969
11
5.8572834645669287
21
-1.5242125984251969
0
LINE
8
BLACK
6
CONTINUOUS
10
5.8572834645669287
20
-1.5242125984251969
11
5.860296732283464
21
-1.524811968503937
0
LINE
8
BLACK
6
CONTINUOUS
10
5.5779962204724409
20
-1.5011664173228345
11
5.5808700393700788
21
-1.5030866535433069
0
LINE
8
BLACK
6
CONTINUOUS
10
5.5808700393700788
20
-1.5030866535433069
11
5.5827902755905514
21
-1.5059604724409448
0
LINE
8
BLACK
6
CONTINUOUS
10
5.5827902755905514
20
-1.5059604724409448
11
5.5834645669291341
21
-1.5093503937007873
0
LINE
8
BLACK
6
CONTINUOUS
10
5.5834645669291341
20
-1.5093503937007873
11
5.5834645669291341
21
-1.5270669291338583
0
LINE
8
BLACK
6
CONTINUOUS
10
5.5834645669291341
20
-1.5270669291338583
11
5.5827902755905514
21
-1.5304568503937008
0
LINE
8
BLACK
6
CONTINUOUS
10
5.5827902755905514
20
-1.5304568503937008
11
5.5808700393700788
21
-1.5333306692913387
0
LINE
8
BLACK
6
CONTINUOUS
10
5.5808700393700788
20
-1.5333306692913387
11
5.5779962204724409
21
-1.5352509055118111
0
LINE
8
BLACK
6
CONTINUOUS
10
5.5779962204724409
20
-1.5352509055118111
11
5.574606299212598
21
-1.5359251968503937
0
LINE
8
BLACK
6
CONTINUOUS
10
5.574606299212598
20
-1.5359251968503937
11
5.5450787401574804
21
-1.5359251968503937
0
LINE
8
BLACK
6
CONTINUOUS
10
5.5450787401574804
20
-1.5359251968503937
11
5.5416888188976374
21
-1.5352509055118111
0
LINE
8
BLACK
6
CONTINUOUS
10
5.5416888188976374
20
-1.5352509055118111
11
5.5388149999999996
21
-1.5333306692913387
0
LINE
8
BLACK
6
CONTINUOUS
10
5.5388149999999996
20
-1.5333306692913387
11
5.5368947637795278
21
-1.5304568503937008
0
LINE
8
BLACK
6
CONTINUOUS
10
5.5368947637795278
20
-1.5304568503937008
11
5.5362204724409452
21
-1.5270669291338583
0
LINE
8
BLACK
6
CONTINUOUS
10
5.5362204724409452
20
-1.5270669291338583
11
5.5362204724409452
21
-1.5093503937007873
0
LINE
8
BLACK
6
CONTINUOUS
10
5.5362204724409452
20
-1.5093503937007873
11
5.5368947637795278
21
-1.5059604724409448
0
LINE
8
BLACK
6
CONTINUOUS
10
5.5368947637795278
20
-1.5059604724409448
11
5.5388149999999996
21
-1.5030866535433069
0
LINE
8
BLACK
6
CONTINUOUS
10
5.5388149999999996
20
-1.5030866535433069
11
5.5416888188976374
21
-1.5011664173228345
0
LINE
8
BLACK
6
CONTINUOUS
10
5.5416888188976374
20
-1.5011664173228345
11
5.5450787401574804
21
-1.5004921259842519
0
LINE
8
BLACK
6
CONTINUOUS
10
5.5450787401574804
20
-1.5004921259842519
11
5.574606299212598
21
-1.5004921259842519
0
LINE
8
BLACK
6
CONTINUOUS
10
5.574606299212598
20
-1.5004921259842519
11
5.5779962204724409
21
-1.5011664173228345
0
LINE
8
BLACK
6
CONTINUOUS
10
5.99950405511811
20
-1.4906070078740157
11
6.001419921259842
21
-1.4918871653543306
0
LINE
8
BLACK
6
CONTINUOUS
10
6.001419921259842
20
-1.4918871653543306
11
6.0027000787401574
21
-1.4938030314960629
0
LINE
8
BLACK
6
CONTINUOUS
10
6.0027000787401574
20
-1.4938030314960629
11
6.0031496062992122
21
-1.4960629921259843
0
LINE
8
BLACK
6
CONTINUOUS
10
6.0031496062992122
20
-1.4960629921259843
11
6.0031496062992122
21
-1.5078740157480315
0
LINE
8
BLACK
6
CONTINUOUS
10
6.0031496062992122
20
-1.5078740157480315
11
6.0027000787401574
21
-1.5101339763779527
0
LINE
8
BLACK
6
CONTINUOUS
10
6.0027000787401574
20
-1.5101339763779527
11
6.001419921259842
21
-1.5120498425196851
0
LINE
8
BLACK
6
CONTINUOUS
10
6.001419921259842
20
-1.5120498425196851
11
5.99950405511811
21
-1.5133300000000001
0
LINE
8
BLACK
6
CONTINUOUS
10
5.99950405511811
20
-1.5133300000000001
11
5.9972440944881891
21
-1.5137795275590551
0
LINE
8
BLACK
6
CONTINUOUS
10
5.9972440944881891
20
-1.5137795275590551
11
5.9322834645669289
21
-1.5137795275590551
0
LINE
8
BLACK
6
CONTINUOUS
10
5.9322834645669289
20
-1.5137795275590551
11
5.9300235039370079
21
-1.5133300000000001
0
LINE
8
BLACK
6
CONTINUOUS
10
5.9300235039370079
20
-1.5133300000000001
11
5.9281076377952751
21
-1.5120498425196851
0
LINE
8
BLACK
6
CONTINUOUS
10
5.9281076377952751
20
-1.5120498425196851
11
5.9268274803149605
21
-1.5101339763779527
0
LINE
8
BLACK
6
CONTINUOUS
10
5.9268274803149605
20
-1.5101339763779527
11
5.9263779527559057
21
-1.5078740157480315
0
LINE
8
BLACK
6
CONTINUOUS
10
5.9263779527559057
20
-1.5078740157480315
11
5.9263779527559057
21
-1.4960629921259843
0
LINE
8
BLACK
6
CONTINUOUS
10
5.9263779527559057
20
-1.4960629921259843
11
5.9268274803149605
21
-1.4938030314960629
0
LINE
8
BLACK
6
CONTINUOUS
10
5.9268274803149605
20
-1.4938030314960629
11
5.9281076377952751
21
-1.4918871653543306
0
LINE
8
BLACK
6
CONTINUOUS
10
5.9281076377952751
20
-1.4918871653543306
11
5.9300235039370079
21
-1.4906070078740157
0
LINE
8
BLACK
6
CONTINUOUS
10
5.9300235039370079
20
-1.4906070078740157
11
5.9322834645669289
21
-1.4901574803149606
0
LINE
8
BLACK
6
CONTINUOUS
10
5.9322834645669289
20
-1.4901574803149606
11
5.9972440944881891
21
-1.4901574803149606
0
LINE
8
BLACK
6
CONTINUOUS
10
5.9972440944881891
20
-1.4901574803149606
11
5.99950405511811
21
-1.4906070078740157
0
LINE
8
BLACK
6
CONTINUOUS
10
6.1943859448818896
20
-1.4906070078740157
11
6.1963018110236217
21
-1.4918871653543306
0
LINE
8
BLACK
6
CONTINUOUS
10
6.1963018110236217
20
-1.4918871653543306
11
6.1975819685039371
21
-1.4938030314960629
0
LINE
8
BLACK
6
CONTINUOUS
10
6.1975819685039371
20
-1.4938030314960629
11
6.1980314960629919
21
-1.4960629921259843
0
LINE
8
BLACK
6
CONTINUOUS
10
6.1980314960629919
20
-1.4960629921259843
11
6.1980314960629919
21
-1.5078740157480315
0
LINE
8
BLACK
6
CONTINUOUS
10
6.1980314960629919
20
-1.5078740157480315
11
6.1975819685039371
21
-1.5101339763779527
0
LINE
8
BLACK
6
CONTINUOUS
10
6.1975819685039371
20
-1.5101339763779527
11
6.1963018110236217
21
-1.5120498425196851
0
LINE
8
BLACK
6
CONTINUOUS
10
6.1963018110236217
20
-1.5120498425196851
11
6.1943859448818896
21
-1.5133300000000001
0
LINE
8
BLACK
6
CONTINUOUS
10
6.1943859448818896
20
-1.5133300000000001
11
6.1921259842519687
21
-1.5137795275590551
0
LINE
8
BLACK
6
CONTINUOUS
10
6.1921259842519687
20
-1.5137795275590551
11
6.1271653543307085
21
-1.5137795275590551
0
LINE
8
BLACK
6
CONTINUOUS
10
6.1271653543307085
20
-1.5137795275590551
11
6.1249053937007876
21
-1.5133300000000001
0
LINE
8
BLACK
6
CONTINUOUS
10
6.1249053937007876
20
-1.5133300000000001
11
6.1229895275590547
21
-1.5120498425196851
0
LINE
8
BLACK
6
CONTINUOUS
10
6.1229895275590547
20
-1.5120498425196851
11
6.1217093700787402
21
-1.5101339763779527
0
LINE
8
BLACK
6
CONTINUOUS
10
6.1217093700787402
20
-1.5101339763779527
11
6.1212598425196845
21
-1.5078740157480315
0
LINE
8
BLACK
6
CONTINUOUS
10
6.1212598425196845
20
-1.5078740157480315
11
6.1212598425196845
21
-1.4960629921259843
0
LINE
8
BLACK
6
CONTINUOUS
10
6.1212598425196845
20
-1.4960629921259843
11
6.1217093700787402
21
-1.4938030314960629
0
LINE
8
BLACK
6
CONTINUOUS
10
6.1217093700787402
20
-1.4938030314960629
11
6.1229895275590547
21
-1.4918871653543306
0
LINE
8
BLACK
6
CONTINUOUS
10
6.1229895275590547
20
-1.4918871653543306
11
6.1249053937007876
21
-1.4906070078740157
0
LINE
8
BLACK
6
CONTINUOUS
10
6.1249053937007876
20
-1.4906070078740157
11
6.1271653543307085
21
-1.4901574803149606
0
LINE
8
BLACK
6
CONTINUOUS
10
6.1271653543307085
20
-1.4901574803149606
11
6.1921259842519687
21
-1.4901574803149606
0
LINE
8
BLACK
6
CONTINUOUS
10
6.1921259842519687
20
-1.4901574803149606
11
6.1943859448818896
21
-1.4906070078740157
0
LINE
8
BLACK
6
CONTINUOUS
10
5.99950405511811
20
-1.4406070078740156
11
6.001419921259842
21
-1.4418871653543306
0
LINE
8
BLACK
6
CONTINUOUS
10
6.001419921259842
20
-1.4418871653543306
11
6.0027000787401574
21
-1.443803031496063
0
LINE
8
BLACK
6
CONTINUOUS
10
6.0027000787401574
20
-1.443803031496063
11
6.0031496062992122
21
-1.4460629921259842
0
LINE
8
BLACK
6
CONTINUOUS
10
6.0031496062992122
20
-1.4460629921259842
11
6.0031496062992122
21
-1.4578740157480314
0
LINE
8
BLACK
6
CONTINUOUS
10
6.0031496062992122
20
-1.4578740157480314
11
6.0027000787401574
21
-1.4601339763779526
0
LINE
8
BLACK
6
CONTINUOUS
10
6.0027000787401574
20
-1.4601339763779526
11
6.001419921259842
21
-1.4620498425196851
0
LINE
8
BLACK
6
CONTINUOUS
10
6.001419921259842
20
-1.4620498425196851
11
5.99950405511811
21
-1.46333
0
LINE
8
BLACK
6
CONTINUOUS
10
5.99950405511811
20
-1.46333
11
5.9972440944881891
21
-1.463779527559055
0
LINE
8
BLACK
6
CONTINUOUS
10
5.9972440944881891
20
-1.463779527559055
11
5.9322834645669289
21
-1.463779527559055
0
LINE
8
BLACK
6
CONTINUOUS
10
5.9322834645669289
20
-1.463779527559055
11
5.9300235039370079
21
-1.46333
0
LINE
8
BLACK
6
CONTINUOUS
10
5.9300235039370079
20
-1.46333
11
5.9281076377952751
21
-1.4620498425196851
0
LINE
8
BLACK
6
CONTINUOUS
10
5.9281076377952751
20
-1.4620498425196851
11
5.9268274803149605
21
-1.4601339763779526
0
LINE
8
BLACK
6
CONTINUOUS
10
5.9268274803149605
20
-1.4601339763779526
11
5.9263779527559057
21
-1.4578740157480314
0
LINE
8
BLACK
6
CONTINUOUS
10
5.9263779527559057
20
-1.4578740157480314
11
5.9263779527559057
21
-1.4460629921259842
0
LINE
8
BLACK
6
CONTINUOUS
10
5.9263779527559057
20
-1.4460629921259842
11
5.9268274803149605
21
-1.443803031496063
0
LINE
8
BLACK
6
CONTINUOUS
10
5.9268274803149605
20
-1.443803031496063
11
5.9281076377952751
21
-1.4418871653543306
0
LINE
8
BLACK
6
CONTINUOUS
10
5.9281076377952751
20
-1.4418871653543306
11
5.9300235039370079
21
-1.4406070078740156
0
LINE
8
BLACK
6
CONTINUOUS
10
5.9300235039370079
20
-1.4406070078740156
11
5.9322834645669289
21
-1.4401574803149606
0
LINE
8
BLACK
6
CONTINUOUS
10
5.9322834645669289
20
-1.4401574803149606
11
5.9972440944881891
21
-1.4401574803149606
0
LINE
8
BLACK
6
CONTINUOUS
10
5.9972440944881891
20
-1.4401574803149606
11
5.99950405511811
21
-1.4406070078740156
0
LINE
8
BLACK
6
CONTINUOUS
10
6.1943859448818896
20
-1.4406070078740156
11
6.1963018110236217
21
-1.4418871653543306
0
LINE
8
BLACK
6
CONTINUOUS
10
6.1963018110236217
20
-1.4418871653543306
11
6.1975819685039371
21
-1.443803031496063
0
LINE
8
BLACK
6
CONTINUOUS
10
6.1975819685039371
20
-1.443803031496063
11
6.1980314960629919
21
-1.4460629921259842
0
LINE
8
BLACK
6
CONTINUOUS
10
6.1980314960629919
20
-1.4460629921259842
11
6.1980314960629919
21
-1.4578740157480314
0
LINE
8
BLACK
6
CONTINUOUS
10
6.1980314960629919
20
-1.4578740157480314
11
6.1975819685039371
21
-1.4601339763779526
0
LINE
8
BLACK
6
CONTINUOUS
10
6.1975819685039371
20
-1.4601339763779526
11
6.1963018110236217
21
-1.4620498425196851
0
LINE
8
BLACK
6
CONTINUOUS
10
6.1963018110236217
20
-1.4620498425196851
11
6.1943859448818896
21
-1.46333
0
LINE
8
BLACK
6
CONTINUOUS
10
6.1943859448818896
20
-1.46333
11
6.1921259842519687
21
-1.463779527559055
0
LINE
8
BLACK
6
CONTINUOUS
10
6.1921259842519687
20
-1.463779527559055
11
6.1271653543307085
21
-1.463779527559055
0
LINE
8
BLACK
6
CONTINUOUS
10
6.1271653543307085
20
-1.463779527559055
11
6.1249053937007876
21
-1.46333
0
LINE
8
BLACK
6
CONTINUOUS
10
6.1249053937007876
20
-1.46333
11
6.1229895275590547
21
-1.4620498425196851
0
LINE
8
BLACK
6
CONTINUOUS
10
6.1229895275590547
20
-1.4620498425196851
11
6.1217093700787402
21
-1.4601339763779526
0
LINE
8
BLACK
6
CONTINUOUS
10
6.1217093700787402
20
-1.4601339763779526
11
6.1212598425196845
21
-1.4578740157480314
0
LINE
8
BLACK
6
CONTINUOUS
10
6.1212598425196845
20
-1.4578740157480314
11
6.1212598425196845
21
-1.4460629921259842
0
LINE
8
BLACK
6
CONTINUOUS
10
6.1212598425196845
20
-1.4460629921259842
11
6.1217093700787402
21
-1.443803031496063
0
LINE
8
BLACK
6
CONTINUOUS
10
6.1217093700787402
20
-1.443803031496063
11
6.1229895275590547
21
-1.4418871653543306
0
LINE
8
BLACK
6
CONTINUOUS
10
6.1229895275590547
20
-1.4418871653543306
11
6.1249053937007876
21
-1.4406070078740156
0
LINE
8
BLACK
6
CONTINUOUS
10
6.1249053937007876
20
-1.4406070078740156
11
6.1271653543307085
21
-1.4401574803149606
0
LINE
8
BLACK
6
CONTINUOUS
10
6.1271653543307085
20
-1.4401574803149606
11
6.1921259842519687
21
-1.4401574803149606
0
LINE
8
BLACK
6
CONTINUOUS
10
6.1921259842519687
20
-1.4401574803149606
11
6.1943859448818896
21
-1.4406070078740156
0
LINE
8
BLACK
6
CONTINUOUS
10
5.7953361023622048
20
-1.4259930708661417
11
5.7978905905511811
21
-1.4276999606299212
0
LINE
8
BLACK
6
CONTINUOUS
10
5.7978905905511811
20
-1.4276999606299212
11
5.7995974803149606
21
-1.4302544488188975
0
LINE
8
BLACK
6
CONTINUOUS
10
5.7995974803149606
20
-1.4302544488188975
11
5.8001968503937009
21
-1.4332677165354331
0
LINE
8
BLACK
6
CONTINUOUS
10
5.8001968503937009
20
-1.4332677165354331
11
5.8001968503937009
21
-1.4549212598425196
0
LINE
8
BLACK
6
CONTINUOUS
10
5.8001968503937009
20
-1.4549212598425196
11
5.7995974803149606
21
-1.4579345275590552
0
LINE
8
BLACK
6
CONTINUOUS
10
5.7995974803149606
20
-1.4579345275590552
11
5.7978905905511811
21
-1.4604890157480315
0
LINE
8
BLACK
6
CONTINUOUS
10
5.7978905905511811
20
-1.4604890157480315
11
5.7953361023622048
21
-1.462195905511811
0
LINE
8
BLACK
6
CONTINUOUS
10
5.7953361023622048
20
-1.462195905511811
11
5.7923228346456694
21
-1.4627952755905511
0
LINE
8
BLACK
6
CONTINUOUS
10
5.7923228346456694
20
-1.4627952755905511
11
5.7765748031496065
21
-1.4627952755905511
0
LINE
8
BLACK
6
CONTINUOUS
10
5.7765748031496065
20
-1.4627952755905511
11
5.7735615354330712
21
-1.462195905511811
0
LINE
8
BLACK
6
CONTINUOUS
10
5.7735615354330712
20
-1.462195905511811
11
5.771007047244094
21
-1.4604890157480315
0
LINE
8
BLACK
6
CONTINUOUS
10
5.771007047244094
20
-1.4604890157480315
11
5.7693001574803144
21
-1.4579345275590552
0
LINE
8
BLACK
6
CONTINUOUS
10
5.7693001574803144
20
-1.4579345275590552
11
5.768700787401575
21
-1.4549212598425196
0
LINE
8
BLACK
6
CONTINUOUS
10
5.768700787401575
20
-1.4549212598425196
11
5.768700787401575
21
-1.4332677165354331
0
LINE
8
BLACK
6
CONTINUOUS
10
5.768700787401575
20
-1.4332677165354331
11
5.7693001574803144
21
-1.4302544488188975
0
LINE
8
BLACK
6
CONTINUOUS
10
5.7693001574803144
20
-1.4302544488188975
11
5.771007047244094
21
-1.4276999606299212
0
LINE
8
BLACK
6
CONTINUOUS
10
5.771007047244094
20
-1.4276999606299212
11
5.7735615354330712
21
-1.4259930708661417
0
LINE
8
BLACK
6
CONTINUOUS
10
5.7735615354330712
20
-1.4259930708661417
11
5.7765748031496065
21
-1.4253937007874016
0
LINE
8
BLACK
6
CONTINUOUS
10
5.7765748031496065
20
-1.4253937007874016
11
5.7923228346456694
21
-1.4253937007874016
0
LINE
8
BLACK
6
CONTINUOUS
10
5.7923228346456694
20
-1.4253937007874016
11
5.7953361023622048
21
-1.4259930708661417
0
LINE
8
BLACK
6
CONTINUOUS
10
5.860296732283464
20
-1.4259930708661417
11
5.8628512204724412
21
-1.4276999606299212
0
LINE
8
BLACK
6
CONTINUOUS
10
5.8628512204724412
20
-1.4276999606299212
11
5.8645581102362208
21
-1.4302544488188975
0
LINE
8
BLACK
6
CONTINUOUS
10
5.8645581102362208
20
-1.4302544488188975
11
5.8651574803149602
21
-1.4332677165354331
0
LINE
8
BLACK
6
CONTINUOUS
10
5.8651574803149602
20
-1.4332677165354331
11
5.8651574803149602
21
-1.4549212598425196
0
LINE
8
BLACK
6
CONTINUOUS
10
5.8651574803149602
20
-1.4549212598425196
11
5.8645581102362208
21
-1.4579345275590552
0
LINE
8
BLACK
6
CONTINUOUS
10
5.8645581102362208
20
-1.4579345275590552
11
5.8628512204724412
21
-1.4604890157480315
0
LINE
8
BLACK
6
CONTINUOUS
10
5.8628512204724412
20
-1.4604890157480315
11
5.860296732283464
21
-1.462195905511811
0
LINE
8
BLACK
6
CONTINUOUS
10
5.860296732283464
20
-1.462195905511811
11
5.8572834645669287
21
-1.4627952755905511
0
LINE
8
BLACK
6
CONTINUOUS
10
5.8572834645669287
20
-1.4627952755905511
11
5.8415354330708658
21
-1.4627952755905511
0
LINE
8
BLACK
6
CONTINUOUS
10
5.8415354330708658
20
-1.4627952755905511
11
5.8385221653543304
21
-1.462195905511811
0
LINE
8
BLACK
6
CONTINUOUS
10
5.8385221653543304
20
-1.462195905511811
11
5.8359676771653541
21
-1.4604890157480315
0
LINE
8
BLACK
6
CONTINUOUS
10
5.8359676771653541
20
-1.4604890157480315
11
5.8342607874015746
21
-1.4579345275590552
0
LINE
8
BLACK
6
CONTINUOUS
10
5.8342607874015746
20
-1.4579345275590552
11
5.8336614173228343
21
-1.4549212598425196
0
LINE
8
BLACK
6
CONTINUOUS
10
5.8336614173228343
20
-1.4549212598425196
11
5.8336614173228343
21
-1.4332677165354331
0
LINE
8
BLACK
6
CONTINUOUS
10
5.8336614173228343
20
-1.4332677165354331
11
5.8342607874015746
21
-1.4302544488188975
0
LINE
8
BLACK
6
CONTINUOUS
10
5.8342607874015746
20
-1.4302544488188975
11
5.8359676771653541
21
-1.4276999606299212
0
LINE
8
BLACK
6
CONTINUOUS
10
5.8359676771653541
20
-1.4276999606299212
11
5.8385221653543304
21
-1.4259930708661417
0
LINE
8
BLACK
6
CONTINUOUS
10
5.8385221653543304
20
-1.4259930708661417
11
5.8415354330708658
21
-1.4253937007874016
0
LINE
8
BLACK
6
CONTINUOUS
10
5.8415354330708658
20
-1.4253937007874016
11
5.8572834645669287
21
-1.4253937007874016
0
LINE
8
BLACK
6
CONTINUOUS
10
5.8572834645669287
20
-1.4253937007874016
11
5.860296732283464
21
-1.4259930708661417
0
LINE
8
BLACK
6
CONTINUOUS
10
5.5779962204724409
20
-1.3712451574803148
11
5.5808700393700788
21
-1.3731653937007873
0
LINE
8
BLACK
6
CONTINUOUS
10
5.5808700393700788
20
-1.3731653937007873
11
5.5827902755905514
21
-1.3760392125984251
0
LINE
8
BLACK
6
CONTINUOUS
10
5.5827902755905514
20
-1.3760392125984251
11
5.5834645669291341
21
-1.3794291338582676
0
LINE
8
BLACK
6
CONTINUOUS
10
5.5834645669291341
20
-1.3794291338582676
11
5.5834645669291341
21
-1.3971456692913387
0
LINE
8
BLACK
6
CONTINUOUS
10
5.5834645669291341
20
-1.3971456692913387
11
5.5827902755905514
21
-1.4005355905511812
0
LINE
8
BLACK
6
CONTINUOUS
10
5.5827902755905514
20
-1.4005355905511812
11
5.5808700393700788
21
-1.4034094094488188
0
LINE
8
BLACK
6
CONTINUOUS
10
5.5808700393700788
20
-1.4034094094488188
11
5.5779962204724409
21
-1.4053296456692914
0
LINE
8
BLACK
6
CONTINUOUS
10
5.5779962204724409
20
-1.4053296456692914
11
5.574606299212598
21
-1.4060039370078741
0
LINE
8
BLACK
6
CONTINUOUS
10
5.574606299212598
20
-1.4060039370078741
11
5.5450787401574804
21
-1.4060039370078741
0
LINE
8
BLACK
6
CONTINUOUS
10
5.5450787401574804
20
-1.4060039370078741
11
5.5416888188976374
21
-1.4053296456692914
0
LINE
8
BLACK
6
CONTINUOUS
10
5.5416888188976374
20
-1.4053296456692914
11
5.5388149999999996
21
-1.4034094094488188
0
LINE
8
BLACK
6
CONTINUOUS
10
5.5388149999999996
20
-1.4034094094488188
11
5.5368947637795278
21
-1.4005355905511812
0
LINE
8
BLACK
6
CONTINUOUS
10
5.5368947637795278
20
-1.4005355905511812
11
5.5362204724409452
21
-1.3971456692913387
0
LINE
8
BLACK
6
CONTINUOUS
10
5.5362204724409452
20
-1.3971456692913387
11
5.5362204724409452
21
-1.3794291338582676
0
LINE
8
BLACK
6
CONTINUOUS
10
5.5362204724409452
20
-1.3794291338582676
11
5.5368947637795278
21
-1.3760392125984251
0
LINE
8
BLACK
6
CONTINUOUS
10
5.5368947637795278
20
-1.3760392125984251
11
5.5388149999999996
21
-1.3731653937007873
0
LINE
8
BLACK
6
CONTINUOUS
10
5.5388149999999996
20
-1.3731653937007873
11
5.5416888188976374
21
-1.3712451574803148
0
LINE
8
BLACK
6
CONTINUOUS
10
5.5416888188976374
20
-1.3712451574803148
11
5.5450787401574804
21
-1.3705708661417322
0
LINE
8
BLACK
6
CONTINUOUS
10
5.5450787401574804
20
-1.3705708661417322
11
5.574606299212598
21
-1.3705708661417322
0
LINE
8
BLACK
6
CONTINUOUS
10
5.574606299212598
20
-1.3705708661417322
11
5.5779962204724409
21
-1.3712451574803148
0
LINE
8
BLACK
6
CONTINUOUS
10
8.2316368503937003
20
-1.0655770472440944
11
8.2334250000000004
21
-1.0667718503937007
0
LINE
8
BLACK
6
CONTINUOUS
10
8.2334250000000004
20
-1.0667718503937007
11
8.2346198031496058
21
-1.06856
0
LINE
8
BLACK
6
CONTINUOUS
10
8.2346198031496058
20
-1.06856
11
8.2350393700787397
21
-1.0706692913385827
0
LINE
8
BLACK
6
CONTINUOUS
10
8.2350393700787397
20
-1.0706692913385827
11
8.2350393700787397
21
-1.0840551181102362
0
LINE
8
BLACK
6
CONTINUOUS
10
8.2350393700787397
20
-1.0840551181102362
11
8.2346198031496058
21
-1.086164409448819
0
LINE
8
BLACK
6
CONTINUOUS
10
8.2346198031496058
20
-1.086164409448819
11
8.2334250000000004
21
-1.087952559055118
0
LINE
8
BLACK
6
CONTINUOUS
10
8.2334250000000004
20
-1.087952559055118
11
8.2316368503937003
21
-1.0891473622047243
0
LINE
8
BLACK
6
CONTINUOUS
10
8.2316368503937003
20
-1.0891473622047243
11
8.2295275590551178
21
-1.0895669291338583
0
LINE
8
BLACK
6
CONTINUOUS
10
8.2295275590551178
20
-1.0895669291338583
11
8.2185039370078741
21
-1.0895669291338583
0
LINE
8
BLACK
6
CONTINUOUS
10
8.2185039370078741
20
-1.0895669291338583
11
8.2163946456692916
21
-1.0891473622047243
0
LINE
8
BLACK
6
CONTINUOUS
10
8.2163946456692916
20
-1.0891473622047243
11
8.2146064960629914
21
-1.087952559055118
0
LINE
8
BLACK
6
CONTINUOUS
10
8.2146064960629914
20
-1.087952559055118
11
8.213411692913386
21
-1.086164409448819
0
LINE
8
BLACK
6
CONTINUOUS
10
8.213411692913386
20
-1.086164409448819
11
8.2129921259842522
21
-1.0840551181102362
0
LINE
8
BLACK
6
CONTINUOUS
10
8.2129921259842522
20
-1.0840551181102362
11
8.2129921259842522
21
-1.0706692913385827
0
LINE
8
BLACK
6
CONTINUOUS
10
8.2129921259842522
20
-1.0706692913385827
11
8.213411692913386
21
-1.06856
0
LINE
8
BLACK
6
CONTINUOUS
10
8.213411692913386
20
-1.06856
11
8.2146064960629914
21
-1.0667718503937007
0
LINE
8
BLACK
6
CONTINUOUS
10
8.2146064960629914
20
-1.0667718503937007
11
8.2163946456692916
21
-1.0655770472440944
0
LINE
8
BLACK
6
CONTINUOUS
10
8.2163946456692916
20
-1.0655770472440944
11
8.2185039370078741
21
-1.0651574803149606
0
LINE
8
BLACK
6
CONTINUOUS
10
8.2185039370078741
20
-1.0651574803149606
11
8.2295275590551178
21
-1.0651574803149606
0
LINE
8
BLACK
6
CONTINUOUS
10
8.2295275590551178
20
-1.0651574803149606
11
8.2316368503937003
21
-1.0655770472440944
0
LINE
8
BLACK
6
CONTINUOUS
10
8.2694321259842525
20
-1.0655770472440944
11
8.2712202755905508
21
-1.0667718503937007
0
LINE
8
BLACK
6
CONTINUOUS
10
8.2712202755905508
20
-1.0667718503937007
11
8.272415078740158
21
-1.06856
0
LINE
8
BLACK
6
CONTINUOUS
10
8.272415078740158
20
-1.06856
11
8.2728346456692918
21
-1.0706692913385827
0
LINE
8
BLACK
6
CONTINUOUS
10
8.2728346456692918
20
-1.0706692913385827
11
8.2728346456692918
21
-1.0840551181102362
0
LINE
8
BLACK
6
CONTINUOUS
10
8.2728346456692918
20
-1.0840551181102362
11
8.272415078740158
21
-1.086164409448819
0
LINE
8
BLACK
6
CONTINUOUS
10
8.272415078740158
20
-1.086164409448819
11
8.2712202755905508
21
-1.087952559055118
0
LINE
8
BLACK
6
CONTINUOUS
10
8.2712202755905508
20
-1.087952559055118
11
8.2694321259842525
21
-1.0891473622047243
0
LINE
8
BLACK
6
CONTINUOUS
10
8.2694321259842525
20
-1.0891473622047243
11
8.26732283464567
21
-1.0895669291338583
0
LINE
8
BLACK
6
CONTINUOUS
10
8.26732283464567
20
-1.0895669291338583
11
8.2562992125984245
21
-1.0895669291338583
0
LINE
8
BLACK
6
CONTINUOUS
10
8.2562992125984245
20
-1.0895669291338583
11
8.254189921259842
21
-1.0891473622047243
0
LINE
8
BLACK
6
CONTINUOUS
10
8.254189921259842
20
-1.0891473622047243
11
8.2524017716535436
21
-1.087952559055118
0
LINE
8
BLACK
6
CONTINUOUS
10
8.2524017716535436
20
-1.087952559055118
11
8.2512069685039364
21
-1.086164409448819
0
LINE
8
BLACK
6
CONTINUOUS
10
8.2512069685039364
20
-1.086164409448819
11
8.2507874015748026
21
-1.0840551181102362
0
LINE
8
BLACK
6
CONTINUOUS
10
8.2507874015748026
20
-1.0840551181102362
11
8.2507874015748026
21
-1.0706692913385827
0
LINE
8
BLACK
6
CONTINUOUS
10
8.2507874015748026
20
-1.0706692913385827
11
8.2512069685039364
21
-1.06856
0
LINE
8
BLACK
6
CONTINUOUS
10
8.2512069685039364
20
-1.06856
11
8.2524017716535436
21
-1.0667718503937007
0
LINE
8
BLACK
6
CONTINUOUS
10
8.2524017716535436
20
-1.0667718503937007
11
8.254189921259842
21
-1.0655770472440944
0
LINE
8
BLACK
6
CONTINUOUS
10
8.254189921259842
20
-1.0655770472440944
11
8.2562992125984245
21
-1.0651574803149606
0
LINE
8
BLACK
6
CONTINUOUS
10
8.2562992125984245
20
-1.0651574803149606
11
8.26732283464567
21
-1.0651574803149606
0
LINE
8
BLACK
6
CONTINUOUS
10
8.26732283464567
20
-1.0651574803149606
11
8.2694321259842525
21
-1.0655770472440944
  0
ENDSEC
  0
EOF
