01-03 15:13:31 com_github_MitjaNemec_ReplicateLayout.action_replicate_layout 409:Plugin executed on: 'win32'
01-03 15:13:31 com_github_MitjaNemec_ReplicateLayout.action_replicate_layout 410:Plugin executed with python version: '3.11.5 (main, Jan 27 2025, 07:08:36) [MSC v.1942 64 bit (AMD64)]'
01-03 15:13:31 com_github_MitjaNemec_ReplicateLayout.action_replicate_layout 411:KiCad build version: 9.0.2
01-03 15:13:31 com_github_MitjaNemec_ReplicateLayout.action_replicate_layout 412:Plugin version: 4.0.3
01-03 15:13:31 com_github_MitjaNemec_ReplicateLayout.action_replicate_layout 413:Frame repr: <wx._core.Frame object at 0x000001AA83E544C0>
01-03 15:13:31 com_github_MitjaNemec_ReplicateLayout.action_replicate_layout 437:Preparing replicator with J9 as a reference
01-03 15:13:31 com_github_MitjaNemec_ReplicateLayout.replicate_layout 117:getting a list of all footprints on board
01-03 15:13:31 com_github_MitjaNemec_ReplicateLayout.action_replicate_layout 485:source anchor footprint is 'J9'
Located on: ['Power', 'PanelPower3']
With filenames: ['PowerSheet.kicad_sch', 'panel_power.kicad_sch']
With sheet_id:['Power', 'PanelPower3']
01-03 15:13:31 com_github_MitjaNemec_ReplicateLayout.action_replicate_layout 492:Corresponding footprints are 
[('J7', ['Power', 'PanelPower1']), ('J9', ['Power', 'PanelPower3']), ('J10', ['Power', 'PanelPower4']), ('J8', ['Power', 'PanelPower2'])]
01-03 15:13:31 com_github_MitjaNemec_ReplicateLayout.action_replicate_layout 504:Showing dialog
01-03 15:13:31 com_github_MitjaNemec_ReplicateLayout.replicate_layout 472:constructing a list of sheets suitable for replication on level:'PanelPower3', file:'panel_power.kicad_sch'
01-03 15:13:31 com_github_MitjaNemec_ReplicateLayout.replicate_layout 509:suitable sheets are:[['Power', 'PanelPower1'], ['Power', 'PanelPower2'], ['Power', 'PanelPower4']]
01-03 15:13:32 com_github_MitjaNemec_ReplicateLayout.replicate_layout 1512:Level selected: ['Power', 'PanelPower3']
01-03 15:13:32 com_github_MitjaNemec_ReplicateLayout.replicate_layout 1336:Filtering list of tracks
01-03 15:13:32 com_github_MitjaNemec_ReplicateLayout.action_replicate_layout 510:Toolbar position: wx.Point(1624, 134)
01-03 15:13:32 com_github_MitjaNemec_ReplicateLayout.action_replicate_layout 515:Dialog position: wx.Point(1185, 134)
01-03 15:13:33 com_github_MitjaNemec_ReplicateLayout.replicate_layout 472:constructing a list of sheets suitable for replication on level:'PanelPower3', file:'panel_power.kicad_sch'
01-03 15:13:33 com_github_MitjaNemec_ReplicateLayout.replicate_layout 509:suitable sheets are:[['Power', 'PanelPower1'], ['Power', 'PanelPower2'], ['Power', 'PanelPower4']]
01-03 15:13:33 com_github_MitjaNemec_ReplicateLayout.action_replicate_layout 248:Replicating layout
01-03 15:13:33 com_github_MitjaNemec_ReplicateLayout.replicate_layout 288:Starting replication of sheets: [['Power', 'PanelPower1'], ['Power', 'PanelPower2'], ['Power', 'PanelPower4']]
on level: ['Power', 'PanelPower3']
with tracks=True, zone=True, text=True, text=True, intersecting=False, remove=False, locked footprints=False, group_only=False
01-03 15:13:33 root 340:updating GUI message: 'Preparing for replication'
01-03 15:13:33 root 345:updating GUI with: 0
01-03 15:13:33 com_github_MitjaNemec_ReplicateLayout.replicate_layout 358:Getting the list of source footprints
01-03 15:13:33 com_github_MitjaNemec_ReplicateLayout.replicate_layout 368:Getting the list of all the remaining footprints
01-03 15:13:33 com_github_MitjaNemec_ReplicateLayout.replicate_layout 375:Getting source tracks
01-03 15:13:33 com_github_MitjaNemec_ReplicateLayout.replicate_layout 1336:Filtering list of tracks
01-03 15:13:33 com_github_MitjaNemec_ReplicateLayout.replicate_layout 379:Getting source zones
01-03 15:13:33 root 345:updating GUI with: 50
01-03 15:13:33 com_github_MitjaNemec_ReplicateLayout.replicate_layout 383:Getting source text items
01-03 15:13:33 com_github_MitjaNemec_ReplicateLayout.replicate_layout 387:Getting source drawing items
01-03 15:13:33 root 340:updating GUI message: 'Replicating footprints'
01-03 15:13:33 com_github_MitjaNemec_ReplicateLayout.replicate_layout 863:Replicating footprints
01-03 15:13:33 com_github_MitjaNemec_ReplicateLayout.replicate_layout 870:Replicating footprints on sheet ['Power', 'PanelPower1']
01-03 15:13:33 com_github_MitjaNemec_ReplicateLayout.replicate_layout 835:Src fp.id: '32C03665-81AD-4C52-ABB2-B387C2B13484'
01-03 15:13:33 com_github_MitjaNemec_ReplicateLayout.replicate_layout 839:Dst fp.id: '32C03665-81AD-4C52-ABB2-B387C2B13484'
01-03 15:13:33 com_github_MitjaNemec_ReplicateLayout.replicate_layout 888:Replicating footprint: 'R47'
01-03 15:13:33 com_github_MitjaNemec_ReplicateLayout.replicate_layout 835:Src fp.id: 'DDA96FB6-99D4-4328-93DD-49073939E536'
01-03 15:13:33 com_github_MitjaNemec_ReplicateLayout.replicate_layout 839:Dst fp.id: 'DDA96FB6-99D4-4328-93DD-49073939E536'
01-03 15:13:33 com_github_MitjaNemec_ReplicateLayout.replicate_layout 895:found match in dst footprint: 'R27'
01-03 15:13:33 com_github_MitjaNemec_ReplicateLayout.replicate_layout 990:Src text UUid:5eebeef8-3633-4cdb-bd13-4bd0c546a865
01-03 15:13:33 com_github_MitjaNemec_ReplicateLayout.replicate_layout 991:Dst text UUid:b91fef47-ec58-4c6d-80c4-63855f1dce09
01-03 15:13:33 com_github_MitjaNemec_ReplicateLayout.replicate_layout 990:Src text UUid:a9cb349d-ba0b-40d3-8815-78d46d6fb429
01-03 15:13:33 com_github_MitjaNemec_ReplicateLayout.replicate_layout 991:Dst text UUid:16e70e17-990e-4609-85b1-8644d192bf93
01-03 15:13:33 com_github_MitjaNemec_ReplicateLayout.replicate_layout 990:Src text UUid:fd0f9f47-ef2b-4396-8517-b6f7852bd90f
01-03 15:13:33 com_github_MitjaNemec_ReplicateLayout.replicate_layout 991:Dst text UUid:6da644e7-f91d-4e86-b5e2-717e30bcf8df
01-03 15:13:33 com_github_MitjaNemec_ReplicateLayout.replicate_layout 888:Replicating footprint: 'JP7'
01-03 15:13:33 com_github_MitjaNemec_ReplicateLayout.replicate_layout 835:Src fp.id: '80D8C73D-D2D8-4263-9136-22CF130BEC72'
01-03 15:13:33 com_github_MitjaNemec_ReplicateLayout.replicate_layout 839:Dst fp.id: '80D8C73D-D2D8-4263-9136-22CF130BEC72'
01-03 15:13:33 com_github_MitjaNemec_ReplicateLayout.replicate_layout 895:found match in dst footprint: 'JP3'
01-03 15:13:33 com_github_MitjaNemec_ReplicateLayout.replicate_layout 990:Src text UUid:de19ec89-b66b-4575-aceb-99d8c7271811
01-03 15:13:33 com_github_MitjaNemec_ReplicateLayout.replicate_layout 991:Dst text UUid:99aab9dc-af35-4400-af3f-8b0e53d3b7b3
01-03 15:13:33 com_github_MitjaNemec_ReplicateLayout.replicate_layout 990:Src text UUid:9179e477-a192-4cd6-95b5-ac57b6ed478a
01-03 15:13:33 com_github_MitjaNemec_ReplicateLayout.replicate_layout 991:Dst text UUid:65102dc3-6c5c-419e-8fd5-8244755369ec
01-03 15:13:33 com_github_MitjaNemec_ReplicateLayout.replicate_layout 888:Replicating footprint: 'C49'
01-03 15:13:33 com_github_MitjaNemec_ReplicateLayout.replicate_layout 835:Src fp.id: '38305697-4F79-4CA2-BB9A-59C5A87B4A2A'
01-03 15:13:33 com_github_MitjaNemec_ReplicateLayout.replicate_layout 839:Dst fp.id: '38305697-4F79-4CA2-BB9A-59C5A87B4A2A'
01-03 15:13:33 com_github_MitjaNemec_ReplicateLayout.replicate_layout 895:found match in dst footprint: 'C27'
01-03 15:13:33 com_github_MitjaNemec_ReplicateLayout.replicate_layout 990:Src text UUid:3aa12e9d-6716-41b4-8880-077047da1706
01-03 15:13:33 com_github_MitjaNemec_ReplicateLayout.replicate_layout 991:Dst text UUid:c9a2dfab-2beb-4103-ad1c-54f4ba2cd34f
01-03 15:13:33 com_github_MitjaNemec_ReplicateLayout.replicate_layout 990:Src text UUid:a2013fcf-d8e5-42c9-b6c2-cdb45d0d7fe9
01-03 15:13:33 com_github_MitjaNemec_ReplicateLayout.replicate_layout 991:Dst text UUid:fc9407c1-ee07-46a1-a403-53267204f240
01-03 15:13:33 com_github_MitjaNemec_ReplicateLayout.replicate_layout 990:Src text UUid:a188a47d-d6ff-4642-be1c-37d610678c53
01-03 15:13:33 com_github_MitjaNemec_ReplicateLayout.replicate_layout 991:Dst text UUid:12dbe331-4d8a-4189-bf27-5b55c02a7c22
01-03 15:13:33 com_github_MitjaNemec_ReplicateLayout.replicate_layout 888:Replicating footprint: 'BUCK_LED3'
01-03 15:13:33 com_github_MitjaNemec_ReplicateLayout.replicate_layout 835:Src fp.id: '367239AA-4B29-426D-86F3-DF42EAE7C682'
01-03 15:13:33 com_github_MitjaNemec_ReplicateLayout.replicate_layout 839:Dst fp.id: '367239AA-4B29-426D-86F3-DF42EAE7C682'
01-03 15:13:33 com_github_MitjaNemec_ReplicateLayout.replicate_layout 895:found match in dst footprint: 'BUCK_LED1'
01-03 15:13:33 com_github_MitjaNemec_ReplicateLayout.replicate_layout 990:Src text UUid:f9a161b9-7bc0-4575-9ad5-1d1072e2c048
01-03 15:13:33 com_github_MitjaNemec_ReplicateLayout.replicate_layout 991:Dst text UUid:4ff00e03-ed19-4a25-9769-14a9b64429b0
01-03 15:13:33 com_github_MitjaNemec_ReplicateLayout.replicate_layout 990:Src text UUid:0927280a-1c43-4faf-a57e-7d8a84e7d0f2
01-03 15:13:33 com_github_MitjaNemec_ReplicateLayout.replicate_layout 991:Dst text UUid:64fd7cd6-4735-44dd-8ddf-7246ade84fb4
01-03 15:13:33 com_github_MitjaNemec_ReplicateLayout.replicate_layout 990:Src text UUid:d55d30e2-3ed2-438f-b74b-168513deb478
01-03 15:13:33 com_github_MitjaNemec_ReplicateLayout.replicate_layout 991:Dst text UUid:dfb32cd3-a0ea-47c3-8d64-a4d3131f26a9
01-03 15:13:33 com_github_MitjaNemec_ReplicateLayout.replicate_layout 888:Replicating footprint: 'C52'
01-03 15:13:33 com_github_MitjaNemec_ReplicateLayout.replicate_layout 835:Src fp.id: '0FA7B47C-F9D4-41F7-BDB3-E428C9CE346D'
01-03 15:13:33 com_github_MitjaNemec_ReplicateLayout.replicate_layout 839:Dst fp.id: '0FA7B47C-F9D4-41F7-BDB3-E428C9CE346D'
01-03 15:13:33 com_github_MitjaNemec_ReplicateLayout.replicate_layout 895:found match in dst footprint: 'C30'
01-03 15:13:33 com_github_MitjaNemec_ReplicateLayout.replicate_layout 990:Src text UUid:4ad40a67-4c34-4d99-b87a-3b07f2956ab9
01-03 15:13:33 com_github_MitjaNemec_ReplicateLayout.replicate_layout 991:Dst text UUid:69286463-7870-4ebb-8511-4dba2930d95b
01-03 15:13:33 com_github_MitjaNemec_ReplicateLayout.replicate_layout 990:Src text UUid:888464a9-7817-4d1a-8b3b-192bd773a920
01-03 15:13:33 com_github_MitjaNemec_ReplicateLayout.replicate_layout 991:Dst text UUid:fc84dba3-b8e6-470d-ab51-90fefcaf099f
01-03 15:13:33 com_github_MitjaNemec_ReplicateLayout.replicate_layout 990:Src text UUid:433d53ed-9e75-471e-a22e-706eb431054b
01-03 15:13:33 com_github_MitjaNemec_ReplicateLayout.replicate_layout 991:Dst text UUid:d61f50c3-5e38-4cbc-a1cd-4f0d5910d798
01-03 15:13:33 com_github_MitjaNemec_ReplicateLayout.replicate_layout 888:Replicating footprint: 'C47'
01-03 15:13:33 com_github_MitjaNemec_ReplicateLayout.replicate_layout 835:Src fp.id: '542A0383-0096-4FDD-9B08-53D0B34F1882'
01-03 15:13:33 com_github_MitjaNemec_ReplicateLayout.replicate_layout 839:Dst fp.id: '542A0383-0096-4FDD-9B08-53D0B34F1882'
01-03 15:13:33 com_github_MitjaNemec_ReplicateLayout.replicate_layout 895:found match in dst footprint: 'C25'
01-03 15:13:33 com_github_MitjaNemec_ReplicateLayout.replicate_layout 990:Src text UUid:6cd83171-eeaa-4876-9c1a-abbb567db925
01-03 15:13:33 com_github_MitjaNemec_ReplicateLayout.replicate_layout 991:Dst text UUid:35a5b7ad-9cfa-4329-99c3-a9adc84b1779
01-03 15:13:33 com_github_MitjaNemec_ReplicateLayout.replicate_layout 990:Src text UUid:e2cc74a5-64b2-44b7-b5f2-dc3dd5847973
01-03 15:13:33 com_github_MitjaNemec_ReplicateLayout.replicate_layout 991:Dst text UUid:3330baa5-3d3f-4a79-a05e-c77700dc3e8c
01-03 15:13:33 com_github_MitjaNemec_ReplicateLayout.replicate_layout 990:Src text UUid:b33668d9-f36c-4a14-8aa4-7e7ad6241fcd
01-03 15:13:33 com_github_MitjaNemec_ReplicateLayout.replicate_layout 991:Dst text UUid:b61a2361-2295-4212-8a9d-955ad3a5c8c4
01-03 15:13:33 com_github_MitjaNemec_ReplicateLayout.replicate_layout 888:Replicating footprint: 'R49'
01-03 15:13:33 com_github_MitjaNemec_ReplicateLayout.replicate_layout 835:Src fp.id: '31325D64-BD1E-4557-A52B-2DF06234182A'
01-03 15:13:33 com_github_MitjaNemec_ReplicateLayout.replicate_layout 839:Dst fp.id: '31325D64-BD1E-4557-A52B-2DF06234182A'
01-03 15:13:33 com_github_MitjaNemec_ReplicateLayout.replicate_layout 895:found match in dst footprint: 'R29'
01-03 15:13:33 com_github_MitjaNemec_ReplicateLayout.replicate_layout 990:Src text UUid:6458b127-935c-49c8-afc2-6fd6aee7d99f
01-03 15:13:33 com_github_MitjaNemec_ReplicateLayout.replicate_layout 991:Dst text UUid:a01ab859-7902-46df-b23b-e01d19e62f73
01-03 15:13:33 com_github_MitjaNemec_ReplicateLayout.replicate_layout 990:Src text UUid:9b8619ea-ff91-43d8-b0d2-118e68b4bcdd
01-03 15:13:33 com_github_MitjaNemec_ReplicateLayout.replicate_layout 991:Dst text UUid:e1ccc1f0-4c4f-4eb9-8c81-60de9f433523
01-03 15:13:33 com_github_MitjaNemec_ReplicateLayout.replicate_layout 990:Src text UUid:e82effc8-3dfd-4309-ba5f-b0e116fd7a66
01-03 15:13:33 com_github_MitjaNemec_ReplicateLayout.replicate_layout 991:Dst text UUid:1036f93d-f15e-4e75-96dd-670599c077dc
01-03 15:13:33 com_github_MitjaNemec_ReplicateLayout.replicate_layout 888:Replicating footprint: 'J9'
01-03 15:13:33 com_github_MitjaNemec_ReplicateLayout.replicate_layout 835:Src fp.id: '32C03665-81AD-4C52-ABB2-B387C2B13484'
01-03 15:13:33 com_github_MitjaNemec_ReplicateLayout.replicate_layout 839:Dst fp.id: '32C03665-81AD-4C52-ABB2-B387C2B13484'
01-03 15:13:33 com_github_MitjaNemec_ReplicateLayout.replicate_layout 895:found match in dst footprint: 'J7'
01-03 15:13:33 com_github_MitjaNemec_ReplicateLayout.replicate_layout 990:Src text UUid:f28140b2-2aa7-46f8-8b23-191cea44d223
01-03 15:13:33 com_github_MitjaNemec_ReplicateLayout.replicate_layout 991:Dst text UUid:3cd39b36-1483-4b8f-b818-02a627c70044
01-03 15:13:33 com_github_MitjaNemec_ReplicateLayout.replicate_layout 990:Src text UUid:376cbb08-d275-4526-a735-cc6d901b8762
01-03 15:13:33 com_github_MitjaNemec_ReplicateLayout.replicate_layout 991:Dst text UUid:1c8bf1d2-1bac-4c5d-a0f6-a4e6e3d5c527
01-03 15:13:33 com_github_MitjaNemec_ReplicateLayout.replicate_layout 990:Src text UUid:046c735a-4f06-4eb7-91c4-d9ae199e9e58
01-03 15:13:33 com_github_MitjaNemec_ReplicateLayout.replicate_layout 991:Dst text UUid:9a88199b-5b63-4352-a8cf-8bc4f2bd8be9
01-03 15:13:33 com_github_MitjaNemec_ReplicateLayout.replicate_layout 888:Replicating footprint: 'L3'
01-03 15:13:33 com_github_MitjaNemec_ReplicateLayout.replicate_layout 835:Src fp.id: '730639AE-6855-4555-8C5A-EC41B7854BF8'
01-03 15:13:33 com_github_MitjaNemec_ReplicateLayout.replicate_layout 839:Dst fp.id: '730639AE-6855-4555-8C5A-EC41B7854BF8'
01-03 15:13:33 com_github_MitjaNemec_ReplicateLayout.replicate_layout 895:found match in dst footprint: 'L1'
01-03 15:13:33 com_github_MitjaNemec_ReplicateLayout.replicate_layout 990:Src text UUid:cb396d4b-0cba-4dc3-9a46-1d09d854a17b
01-03 15:13:33 com_github_MitjaNemec_ReplicateLayout.replicate_layout 991:Dst text UUid:5d64a131-5253-483f-98e0-db9cbc31214f
01-03 15:13:33 com_github_MitjaNemec_ReplicateLayout.replicate_layout 990:Src text UUid:43c0790f-213b-4de6-b476-75c2a8003525
01-03 15:13:33 com_github_MitjaNemec_ReplicateLayout.replicate_layout 991:Dst text UUid:02e6e7c4-8a90-493b-b1ab-1a9a8bb013dc
01-03 15:13:33 com_github_MitjaNemec_ReplicateLayout.replicate_layout 990:Src text UUid:73c49563-61c4-4439-9f72-2e3851875c23
01-03 15:13:33 com_github_MitjaNemec_ReplicateLayout.replicate_layout 991:Dst text UUid:f6b9fdfa-ceca-474b-903d-56719f564831
01-03 15:13:33 com_github_MitjaNemec_ReplicateLayout.replicate_layout 888:Replicating footprint: 'R55'
01-03 15:13:33 com_github_MitjaNemec_ReplicateLayout.replicate_layout 835:Src fp.id: 'FB57D091-BAEF-4442-9A4D-28B7436F7DCF'
01-03 15:13:33 com_github_MitjaNemec_ReplicateLayout.replicate_layout 839:Dst fp.id: 'FB57D091-BAEF-4442-9A4D-28B7436F7DCF'
01-03 15:13:33 com_github_MitjaNemec_ReplicateLayout.replicate_layout 895:found match in dst footprint: 'R35'
01-03 15:13:33 com_github_MitjaNemec_ReplicateLayout.replicate_layout 990:Src text UUid:06a8ef51-6654-4dd2-8a17-d7fd8340b121
01-03 15:13:33 com_github_MitjaNemec_ReplicateLayout.replicate_layout 991:Dst text UUid:d6a026ea-7350-46ac-bb83-64f2f0311814
01-03 15:13:33 com_github_MitjaNemec_ReplicateLayout.replicate_layout 990:Src text UUid:da744707-47b2-4801-b1a0-0b7e44ed94c7
01-03 15:13:33 com_github_MitjaNemec_ReplicateLayout.replicate_layout 991:Dst text UUid:d6718589-d51a-43ce-b39f-1f6f00b161bf
01-03 15:13:33 com_github_MitjaNemec_ReplicateLayout.replicate_layout 990:Src text UUid:12e48482-da06-44e9-abbe-6cf08e55af83
01-03 15:13:33 com_github_MitjaNemec_ReplicateLayout.replicate_layout 991:Dst text UUid:7dfb2a3f-d8df-4866-956b-8057d846b254
01-03 15:13:33 com_github_MitjaNemec_ReplicateLayout.replicate_layout 888:Replicating footprint: 'R54'
01-03 15:13:33 root 345:updating GUI with: 12
01-03 15:13:33 com_github_MitjaNemec_ReplicateLayout.replicate_layout 835:Src fp.id: '8668DA15-3568-430D-ACB7-FA2C6A4A699A'
01-03 15:13:33 com_github_MitjaNemec_ReplicateLayout.replicate_layout 839:Dst fp.id: '8668DA15-3568-430D-ACB7-FA2C6A4A699A'
01-03 15:13:33 com_github_MitjaNemec_ReplicateLayout.replicate_layout 895:found match in dst footprint: 'R34'
01-03 15:13:33 com_github_MitjaNemec_ReplicateLayout.replicate_layout 990:Src text UUid:7a99d63a-eda1-4615-a248-3af1f4164e96
01-03 15:13:33 com_github_MitjaNemec_ReplicateLayout.replicate_layout 991:Dst text UUid:5ebd7550-d559-4359-8826-d7c28e1e9d8e
01-03 15:13:33 com_github_MitjaNemec_ReplicateLayout.replicate_layout 990:Src text UUid:f4728c45-830f-4279-8f84-d7baf5de37cd
01-03 15:13:33 com_github_MitjaNemec_ReplicateLayout.replicate_layout 991:Dst text UUid:af2b7817-745e-4268-9c3f-7ef88b58f330
01-03 15:13:33 com_github_MitjaNemec_ReplicateLayout.replicate_layout 990:Src text UUid:1bf345d5-4b87-45c6-8406-4aa824599f45
01-03 15:13:33 com_github_MitjaNemec_ReplicateLayout.replicate_layout 991:Dst text UUid:46b57a14-cc36-453b-b43d-6de4ca515e58
01-03 15:13:33 com_github_MitjaNemec_ReplicateLayout.replicate_layout 888:Replicating footprint: 'R51'
01-03 15:13:33 com_github_MitjaNemec_ReplicateLayout.replicate_layout 835:Src fp.id: 'EB7C565C-E7D9-4038-A24C-0BC3787A98CD'
01-03 15:13:33 com_github_MitjaNemec_ReplicateLayout.replicate_layout 839:Dst fp.id: 'EB7C565C-E7D9-4038-A24C-0BC3787A98CD'
01-03 15:13:33 com_github_MitjaNemec_ReplicateLayout.replicate_layout 895:found match in dst footprint: 'R31'
01-03 15:13:33 com_github_MitjaNemec_ReplicateLayout.replicate_layout 990:Src text UUid:f6b654ec-1b05-4ceb-a593-21228eafb417
01-03 15:13:33 com_github_MitjaNemec_ReplicateLayout.replicate_layout 991:Dst text UUid:9308aca7-b10b-41a7-9bd5-8f35ddd48b71
01-03 15:13:33 com_github_MitjaNemec_ReplicateLayout.replicate_layout 990:Src text UUid:71241f71-3ae2-4aa2-93ac-91d81f6f93ac
01-03 15:13:33 com_github_MitjaNemec_ReplicateLayout.replicate_layout 991:Dst text UUid:b1c54de5-db09-4470-9fbb-806dad74c237
01-03 15:13:33 com_github_MitjaNemec_ReplicateLayout.replicate_layout 990:Src text UUid:02b1619c-2a2d-4fce-887c-32ef24ffae75
01-03 15:13:33 com_github_MitjaNemec_ReplicateLayout.replicate_layout 991:Dst text UUid:44746c7c-413a-4748-a9f6-f0e5f2ca6150
01-03 15:13:33 com_github_MitjaNemec_ReplicateLayout.replicate_layout 888:Replicating footprint: 'TP5'
01-03 15:13:33 com_github_MitjaNemec_ReplicateLayout.replicate_layout 835:Src fp.id: 'D7538B5D-2F8E-4AAB-92F2-97648D350BE3'
01-03 15:13:33 com_github_MitjaNemec_ReplicateLayout.replicate_layout 839:Dst fp.id: 'D7538B5D-2F8E-4AAB-92F2-97648D350BE3'
01-03 15:13:33 com_github_MitjaNemec_ReplicateLayout.replicate_layout 895:found match in dst footprint: 'TP3'
01-03 15:13:33 com_github_MitjaNemec_ReplicateLayout.replicate_layout 990:Src text UUid:ecf5e3d4-9b01-4a6a-b61c-d7ccdd53b41f
01-03 15:13:33 com_github_MitjaNemec_ReplicateLayout.replicate_layout 991:Dst text UUid:539e5b8f-e503-430d-9f9b-a085f625ddbb
01-03 15:13:33 com_github_MitjaNemec_ReplicateLayout.replicate_layout 990:Src text UUid:0801c82d-8105-416b-9b74-999ffe6e469a
01-03 15:13:33 com_github_MitjaNemec_ReplicateLayout.replicate_layout 991:Dst text UUid:2ba2fd8a-2d3b-44ff-850b-d46893a30c6f
01-03 15:13:33 com_github_MitjaNemec_ReplicateLayout.replicate_layout 990:Src text UUid:f355c231-1814-4d15-94f6-85971b7a52e5
01-03 15:13:33 com_github_MitjaNemec_ReplicateLayout.replicate_layout 991:Dst text UUid:3cabb0d7-9afd-4b05-9478-a9bb083695c5
01-03 15:13:33 com_github_MitjaNemec_ReplicateLayout.replicate_layout 888:Replicating footprint: 'R50'
01-03 15:13:33 com_github_MitjaNemec_ReplicateLayout.replicate_layout 835:Src fp.id: '93C53F67-0962-478C-BB8B-FE618E2F9379'
01-03 15:13:33 com_github_MitjaNemec_ReplicateLayout.replicate_layout 839:Dst fp.id: '93C53F67-0962-478C-BB8B-FE618E2F9379'
01-03 15:13:33 com_github_MitjaNemec_ReplicateLayout.replicate_layout 895:found match in dst footprint: 'R30'
01-03 15:13:33 com_github_MitjaNemec_ReplicateLayout.replicate_layout 990:Src text UUid:24aea941-d561-492b-821d-34285797c59e
01-03 15:13:33 com_github_MitjaNemec_ReplicateLayout.replicate_layout 991:Dst text UUid:9d96ad32-78b9-4d9c-b3ec-63cee462da65
01-03 15:13:33 com_github_MitjaNemec_ReplicateLayout.replicate_layout 990:Src text UUid:c6539862-6e97-427f-908b-f4dbec9c60ae
01-03 15:13:33 com_github_MitjaNemec_ReplicateLayout.replicate_layout 991:Dst text UUid:12e041cc-9493-48a3-ae78-780d4d558ad5
01-03 15:13:33 com_github_MitjaNemec_ReplicateLayout.replicate_layout 990:Src text UUid:ccc75771-d7c4-4cff-9412-eee8f07792b8
01-03 15:13:33 com_github_MitjaNemec_ReplicateLayout.replicate_layout 991:Dst text UUid:d3db4063-6c82-4240-9a3b-433901329734
01-03 15:13:33 com_github_MitjaNemec_ReplicateLayout.replicate_layout 888:Replicating footprint: 'JP6'
01-03 15:13:33 com_github_MitjaNemec_ReplicateLayout.replicate_layout 835:Src fp.id: '2F746E4B-7C1F-4383-A716-A9CF1A5AEE3E'
01-03 15:13:33 com_github_MitjaNemec_ReplicateLayout.replicate_layout 839:Dst fp.id: '2F746E4B-7C1F-4383-A716-A9CF1A5AEE3E'
01-03 15:13:33 com_github_MitjaNemec_ReplicateLayout.replicate_layout 895:found match in dst footprint: 'JP2'
01-03 15:13:33 com_github_MitjaNemec_ReplicateLayout.replicate_layout 990:Src text UUid:c1857a19-1356-4ee2-9ec0-ae326e442bcf
01-03 15:13:33 com_github_MitjaNemec_ReplicateLayout.replicate_layout 991:Dst text UUid:1fb4292a-479b-4243-9dca-e1608fd05b34
01-03 15:13:33 com_github_MitjaNemec_ReplicateLayout.replicate_layout 990:Src text UUid:d2d9b620-1360-4452-8bc5-0e2e090f452a
01-03 15:13:33 com_github_MitjaNemec_ReplicateLayout.replicate_layout 991:Dst text UUid:ba098644-7499-49d1-b369-73b9634eb6ff
01-03 15:13:33 com_github_MitjaNemec_ReplicateLayout.replicate_layout 888:Replicating footprint: 'C53'
01-03 15:13:33 com_github_MitjaNemec_ReplicateLayout.replicate_layout 835:Src fp.id: 'DE7EB07B-CD0B-4F4C-ACFF-506A55608011'
01-03 15:13:33 com_github_MitjaNemec_ReplicateLayout.replicate_layout 839:Dst fp.id: 'DE7EB07B-CD0B-4F4C-ACFF-506A55608011'
01-03 15:13:33 com_github_MitjaNemec_ReplicateLayout.replicate_layout 895:found match in dst footprint: 'C31'
01-03 15:13:33 com_github_MitjaNemec_ReplicateLayout.replicate_layout 990:Src text UUid:35b1c72a-bc50-4292-b49c-04e195105326
01-03 15:13:33 com_github_MitjaNemec_ReplicateLayout.replicate_layout 991:Dst text UUid:1c191699-fcab-4193-8235-0fbaf339f2ac
01-03 15:13:33 com_github_MitjaNemec_ReplicateLayout.replicate_layout 990:Src text UUid:870d10d9-ccca-4f73-a521-65c790110c1d
01-03 15:13:33 com_github_MitjaNemec_ReplicateLayout.replicate_layout 991:Dst text UUid:a6a7e78b-bfb9-4e69-b713-62ad9871f8c5
01-03 15:13:33 com_github_MitjaNemec_ReplicateLayout.replicate_layout 990:Src text UUid:00217b6b-3c34-4090-b9d6-89a227a02ae1
01-03 15:13:33 com_github_MitjaNemec_ReplicateLayout.replicate_layout 991:Dst text UUid:6820febb-5063-4747-80e7-ff863b310f52
01-03 15:13:33 com_github_MitjaNemec_ReplicateLayout.replicate_layout 888:Replicating footprint: 'C56'
01-03 15:13:33 com_github_MitjaNemec_ReplicateLayout.replicate_layout 835:Src fp.id: '76CB2A87-FD0E-4819-BE00-6B828B3CF61E'
01-03 15:13:33 com_github_MitjaNemec_ReplicateLayout.replicate_layout 839:Dst fp.id: '76CB2A87-FD0E-4819-BE00-6B828B3CF61E'
01-03 15:13:33 com_github_MitjaNemec_ReplicateLayout.replicate_layout 895:found match in dst footprint: 'C34'
01-03 15:13:33 com_github_MitjaNemec_ReplicateLayout.replicate_layout 990:Src text UUid:efac8b54-4432-4e62-a6ec-0e777230b5d1
01-03 15:13:33 com_github_MitjaNemec_ReplicateLayout.replicate_layout 991:Dst text UUid:17bf1284-9894-4881-b54d-9c5a61acb81b
01-03 15:13:33 com_github_MitjaNemec_ReplicateLayout.replicate_layout 990:Src text UUid:540d1534-31ce-4913-b890-44fe0c1a4d91
01-03 15:13:33 com_github_MitjaNemec_ReplicateLayout.replicate_layout 991:Dst text UUid:b94e2784-6b31-4814-82f3-0368bd1d937d
01-03 15:13:33 com_github_MitjaNemec_ReplicateLayout.replicate_layout 990:Src text UUid:0f13025d-88dd-4dcf-a03f-029aaaca9ec0
01-03 15:13:33 com_github_MitjaNemec_ReplicateLayout.replicate_layout 991:Dst text UUid:78ea42a9-c361-4d59-abe9-08a9f09402a6
01-03 15:13:33 com_github_MitjaNemec_ReplicateLayout.replicate_layout 888:Replicating footprint: 'C51'
01-03 15:13:33 com_github_MitjaNemec_ReplicateLayout.replicate_layout 835:Src fp.id: '82807167-0329-4E60-BFFE-01F640320591'
01-03 15:13:33 com_github_MitjaNemec_ReplicateLayout.replicate_layout 839:Dst fp.id: '82807167-0329-4E60-BFFE-01F640320591'
01-03 15:13:33 com_github_MitjaNemec_ReplicateLayout.replicate_layout 895:found match in dst footprint: 'C29'
01-03 15:13:33 com_github_MitjaNemec_ReplicateLayout.replicate_layout 990:Src text UUid:3d832c56-3e0b-486d-9afa-d4624467fa6c
01-03 15:13:33 com_github_MitjaNemec_ReplicateLayout.replicate_layout 991:Dst text UUid:57d052f8-cad5-47c5-9b9c-8b5dc9ea8e5d
01-03 15:13:33 com_github_MitjaNemec_ReplicateLayout.replicate_layout 990:Src text UUid:9da788f0-b5e9-43d5-bfe6-91622609ad0d
01-03 15:13:33 com_github_MitjaNemec_ReplicateLayout.replicate_layout 991:Dst text UUid:c5f4b17e-2d90-46dc-8396-201d3255790e
01-03 15:13:33 com_github_MitjaNemec_ReplicateLayout.replicate_layout 990:Src text UUid:a391c9a2-adf5-41f7-ba90-d2cbaa11a81e
01-03 15:13:33 com_github_MitjaNemec_ReplicateLayout.replicate_layout 991:Dst text UUid:e5ba7581-5b12-4ef1-bce0-c5a20f80ae3a
01-03 15:13:33 com_github_MitjaNemec_ReplicateLayout.replicate_layout 888:Replicating footprint: 'R53'
01-03 15:13:33 com_github_MitjaNemec_ReplicateLayout.replicate_layout 835:Src fp.id: '969BA0E2-F1FD-4257-AFFF-78FBF29812AE'
01-03 15:13:33 com_github_MitjaNemec_ReplicateLayout.replicate_layout 839:Dst fp.id: '969BA0E2-F1FD-4257-AFFF-78FBF29812AE'
01-03 15:13:33 com_github_MitjaNemec_ReplicateLayout.replicate_layout 895:found match in dst footprint: 'R33'
01-03 15:13:33 com_github_MitjaNemec_ReplicateLayout.replicate_layout 990:Src text UUid:02235098-40bd-4919-9b84-fdb34cd4d671
01-03 15:13:33 com_github_MitjaNemec_ReplicateLayout.replicate_layout 991:Dst text UUid:141dfd9b-c40c-4ae2-b2e9-d5b307639ce1
01-03 15:13:33 com_github_MitjaNemec_ReplicateLayout.replicate_layout 990:Src text UUid:ba167268-704d-40c5-9c34-b7b4885c2514
01-03 15:13:33 com_github_MitjaNemec_ReplicateLayout.replicate_layout 991:Dst text UUid:219c2020-9443-41c8-b904-ac87cafd0262
01-03 15:13:33 com_github_MitjaNemec_ReplicateLayout.replicate_layout 990:Src text UUid:67b268b7-966c-4c3c-b97d-5ecd42b3f181
01-03 15:13:33 com_github_MitjaNemec_ReplicateLayout.replicate_layout 991:Dst text UUid:7a2b3fe8-39a8-4fb8-8325-8b5d229f7953
01-03 15:13:33 com_github_MitjaNemec_ReplicateLayout.replicate_layout 888:Replicating footprint: 'C55'
01-03 15:13:33 com_github_MitjaNemec_ReplicateLayout.replicate_layout 835:Src fp.id: 'BB4DD7F7-A3B4-4277-A3F7-B9ED57F0EE32'
01-03 15:13:33 com_github_MitjaNemec_ReplicateLayout.replicate_layout 839:Dst fp.id: 'BB4DD7F7-A3B4-4277-A3F7-B9ED57F0EE32'
01-03 15:13:33 com_github_MitjaNemec_ReplicateLayout.replicate_layout 895:found match in dst footprint: 'C33'
01-03 15:13:33 com_github_MitjaNemec_ReplicateLayout.replicate_layout 990:Src text UUid:5b07b5df-2861-4bf4-aff3-9f1f0923a2bd
01-03 15:13:33 com_github_MitjaNemec_ReplicateLayout.replicate_layout 991:Dst text UUid:fccf5669-c908-4f1e-a1f8-890622d5d27d
01-03 15:13:33 com_github_MitjaNemec_ReplicateLayout.replicate_layout 990:Src text UUid:dc2eca93-b089-4f9a-a688-621925f09fb3
01-03 15:13:33 com_github_MitjaNemec_ReplicateLayout.replicate_layout 991:Dst text UUid:46690f1a-8463-4186-8cd9-8b78d6f4043d
01-03 15:13:33 com_github_MitjaNemec_ReplicateLayout.replicate_layout 990:Src text UUid:b3690ef1-423b-4447-a4ba-9e67bd7bd29c
01-03 15:13:33 com_github_MitjaNemec_ReplicateLayout.replicate_layout 991:Dst text UUid:1317722b-e1a0-42c2-ac18-fc5ba49d1f6b
01-03 15:13:33 com_github_MitjaNemec_ReplicateLayout.replicate_layout 888:Replicating footprint: 'R46'
01-03 15:13:33 com_github_MitjaNemec_ReplicateLayout.replicate_layout 835:Src fp.id: '1C44D629-BC0D-4824-A190-636F2E20A636'
01-03 15:13:33 com_github_MitjaNemec_ReplicateLayout.replicate_layout 839:Dst fp.id: '1C44D629-BC0D-4824-A190-636F2E20A636'
01-03 15:13:33 com_github_MitjaNemec_ReplicateLayout.replicate_layout 895:found match in dst footprint: 'R26'
01-03 15:13:33 com_github_MitjaNemec_ReplicateLayout.replicate_layout 990:Src text UUid:c4f424d4-cdbd-49dd-b55d-eab495210bb1
01-03 15:13:33 com_github_MitjaNemec_ReplicateLayout.replicate_layout 991:Dst text UUid:80062cb7-a6e5-487b-9f45-105c9f4589e0
01-03 15:13:33 com_github_MitjaNemec_ReplicateLayout.replicate_layout 990:Src text UUid:c1e513c4-8fca-4793-9446-5b9a41dc6fae
01-03 15:13:33 com_github_MitjaNemec_ReplicateLayout.replicate_layout 991:Dst text UUid:16f595a6-13dd-4126-96e5-b63c84eed90a
01-03 15:13:33 com_github_MitjaNemec_ReplicateLayout.replicate_layout 990:Src text UUid:6b15035a-7a2f-485e-bf3a-df5ded64764c
01-03 15:13:33 com_github_MitjaNemec_ReplicateLayout.replicate_layout 991:Dst text UUid:bc5ea131-bda6-4500-9c44-4455f4fadfce
01-03 15:13:33 com_github_MitjaNemec_ReplicateLayout.replicate_layout 888:Replicating footprint: 'BUCK_eFUSE_LED3'
01-03 15:13:33 com_github_MitjaNemec_ReplicateLayout.replicate_layout 835:Src fp.id: '4FA1E4C3-74F6-43C6-9945-EF91ADCB62C9'
01-03 15:13:33 com_github_MitjaNemec_ReplicateLayout.replicate_layout 839:Dst fp.id: '4FA1E4C3-74F6-43C6-9945-EF91ADCB62C9'
01-03 15:13:33 com_github_MitjaNemec_ReplicateLayout.replicate_layout 895:found match in dst footprint: 'BUCK_eFUSE_LED1'
01-03 15:13:33 com_github_MitjaNemec_ReplicateLayout.replicate_layout 990:Src text UUid:20c1a6e6-5d7c-4b37-9300-80651641fca0
01-03 15:13:33 com_github_MitjaNemec_ReplicateLayout.replicate_layout 991:Dst text UUid:13fe3271-fe13-46a1-ad3a-7826aa3b0bf1
01-03 15:13:33 com_github_MitjaNemec_ReplicateLayout.replicate_layout 990:Src text UUid:1322bf43-ad66-4413-a3a2-fbd3857fa58a
01-03 15:13:33 com_github_MitjaNemec_ReplicateLayout.replicate_layout 991:Dst text UUid:c5511fb9-dc76-4483-bd78-900c6311f2ed
01-03 15:13:33 com_github_MitjaNemec_ReplicateLayout.replicate_layout 990:Src text UUid:6f867dd9-5e7f-44af-ba98-e0e8d6bc2626
01-03 15:13:33 com_github_MitjaNemec_ReplicateLayout.replicate_layout 991:Dst text UUid:1941bbfb-1861-42bb-8d69-80c845f83b88
01-03 15:13:33 com_github_MitjaNemec_ReplicateLayout.replicate_layout 888:Replicating footprint: 'C50'
01-03 15:13:33 com_github_MitjaNemec_ReplicateLayout.replicate_layout 835:Src fp.id: '5F2E4265-BDAF-49C7-82F9-46AA5959DBBA'
01-03 15:13:33 com_github_MitjaNemec_ReplicateLayout.replicate_layout 839:Dst fp.id: '5F2E4265-BDAF-49C7-82F9-46AA5959DBBA'
01-03 15:13:33 com_github_MitjaNemec_ReplicateLayout.replicate_layout 895:found match in dst footprint: 'C28'
01-03 15:13:33 com_github_MitjaNemec_ReplicateLayout.replicate_layout 990:Src text UUid:1f8fa03d-5720-4b27-a559-560dfe0883b4
01-03 15:13:33 com_github_MitjaNemec_ReplicateLayout.replicate_layout 991:Dst text UUid:891e381f-1c9d-4fb0-a560-d94b95f5b3eb
01-03 15:13:33 com_github_MitjaNemec_ReplicateLayout.replicate_layout 990:Src text UUid:e4b9e2b1-59e4-41f7-ace4-c43bd2c82536
01-03 15:13:33 com_github_MitjaNemec_ReplicateLayout.replicate_layout 991:Dst text UUid:302c2344-0058-46f1-b66c-c44aa2f4f908
01-03 15:13:33 com_github_MitjaNemec_ReplicateLayout.replicate_layout 990:Src text UUid:edf54a60-dff3-4292-87ea-9fa218f3f734
01-03 15:13:33 com_github_MitjaNemec_ReplicateLayout.replicate_layout 991:Dst text UUid:002dccdb-ba02-490e-9c6f-b047aeb50b05
01-03 15:13:33 com_github_MitjaNemec_ReplicateLayout.replicate_layout 888:Replicating footprint: 'R52'
01-03 15:13:33 com_github_MitjaNemec_ReplicateLayout.replicate_layout 835:Src fp.id: '58E510CE-1070-40ED-811D-8A395EB86B3F'
01-03 15:13:33 com_github_MitjaNemec_ReplicateLayout.replicate_layout 839:Dst fp.id: '58E510CE-1070-40ED-811D-8A395EB86B3F'
01-03 15:13:33 com_github_MitjaNemec_ReplicateLayout.replicate_layout 895:found match in dst footprint: 'R32'
01-03 15:13:33 com_github_MitjaNemec_ReplicateLayout.replicate_layout 990:Src text UUid:32170aa7-a945-4737-854d-6ed1b3dfc796
01-03 15:13:33 com_github_MitjaNemec_ReplicateLayout.replicate_layout 991:Dst text UUid:09f6c860-76f1-4c31-af46-ade541c09850
01-03 15:13:33 com_github_MitjaNemec_ReplicateLayout.replicate_layout 990:Src text UUid:35bbb5b7-fa7c-445d-9d99-686ec186a7cd
01-03 15:13:33 com_github_MitjaNemec_ReplicateLayout.replicate_layout 991:Dst text UUid:2d9db634-a966-4a45-9a94-07549b98c5fc
01-03 15:13:33 com_github_MitjaNemec_ReplicateLayout.replicate_layout 990:Src text UUid:d3575b72-5c72-4269-bc59-bd2c37003bd2
01-03 15:13:33 com_github_MitjaNemec_ReplicateLayout.replicate_layout 991:Dst text UUid:d0218c8b-2504-42ee-b7cd-dfd8d9808176
01-03 15:13:33 com_github_MitjaNemec_ReplicateLayout.replicate_layout 888:Replicating footprint: 'C54'
01-03 15:13:33 com_github_MitjaNemec_ReplicateLayout.replicate_layout 835:Src fp.id: '34F720D8-0BF7-474D-8A31-30438C38D403'
01-03 15:13:33 com_github_MitjaNemec_ReplicateLayout.replicate_layout 839:Dst fp.id: '34F720D8-0BF7-474D-8A31-30438C38D403'
01-03 15:13:33 com_github_MitjaNemec_ReplicateLayout.replicate_layout 895:found match in dst footprint: 'C32'
01-03 15:13:33 com_github_MitjaNemec_ReplicateLayout.replicate_layout 990:Src text UUid:700e7d95-9573-455e-a0e1-b65fb4ffdb64
01-03 15:13:33 com_github_MitjaNemec_ReplicateLayout.replicate_layout 991:Dst text UUid:b4bfd761-741a-43f3-b992-2bc91e990598
01-03 15:13:33 com_github_MitjaNemec_ReplicateLayout.replicate_layout 990:Src text UUid:cf80a0a8-50db-4b5d-9938-0ee0235258e9
01-03 15:13:33 com_github_MitjaNemec_ReplicateLayout.replicate_layout 991:Dst text UUid:75619e8a-844f-412a-88a6-617b785defc4
01-03 15:13:33 com_github_MitjaNemec_ReplicateLayout.replicate_layout 990:Src text UUid:2e862510-018d-4a47-ba63-617cd66b5664
01-03 15:13:33 com_github_MitjaNemec_ReplicateLayout.replicate_layout 991:Dst text UUid:bbbb2623-e8dc-4a6a-8707-b71fd4b3de78
01-03 15:13:33 com_github_MitjaNemec_ReplicateLayout.replicate_layout 888:Replicating footprint: 'U13'
01-03 15:13:33 com_github_MitjaNemec_ReplicateLayout.replicate_layout 835:Src fp.id: '915C1B94-B969-4720-AE4B-514274F85E33'
01-03 15:13:33 com_github_MitjaNemec_ReplicateLayout.replicate_layout 839:Dst fp.id: '915C1B94-B969-4720-AE4B-514274F85E33'
01-03 15:13:33 com_github_MitjaNemec_ReplicateLayout.replicate_layout 895:found match in dst footprint: 'U9'
01-03 15:13:33 com_github_MitjaNemec_ReplicateLayout.replicate_layout 990:Src text UUid:dc9c9c97-c160-42a9-bc6d-6b67af9bf08c
01-03 15:13:33 com_github_MitjaNemec_ReplicateLayout.replicate_layout 991:Dst text UUid:b3ee4a4e-c8d5-410c-b2f4-61d9ebb2656b
01-03 15:13:33 com_github_MitjaNemec_ReplicateLayout.replicate_layout 990:Src text UUid:aeb977da-97b0-41c7-a71b-91e521490d93
01-03 15:13:33 com_github_MitjaNemec_ReplicateLayout.replicate_layout 991:Dst text UUid:6f2ac80b-26d4-441b-9b73-f85d8077df07
01-03 15:13:33 com_github_MitjaNemec_ReplicateLayout.replicate_layout 990:Src text UUid:68948056-4b2e-4e26-b410-b395817b855b
01-03 15:13:33 com_github_MitjaNemec_ReplicateLayout.replicate_layout 991:Dst text UUid:b20ea26e-4796-4767-8c05-3e433681d2a9
01-03 15:13:33 com_github_MitjaNemec_ReplicateLayout.replicate_layout 888:Replicating footprint: 'C48'
01-03 15:13:33 com_github_MitjaNemec_ReplicateLayout.replicate_layout 835:Src fp.id: '197461B8-6F9C-4761-8A3B-B26A51317F5F'
01-03 15:13:33 com_github_MitjaNemec_ReplicateLayout.replicate_layout 839:Dst fp.id: '197461B8-6F9C-4761-8A3B-B26A51317F5F'
01-03 15:13:33 com_github_MitjaNemec_ReplicateLayout.replicate_layout 895:found match in dst footprint: 'C26'
01-03 15:13:33 com_github_MitjaNemec_ReplicateLayout.replicate_layout 990:Src text UUid:a7f7bb5c-95d5-4a1e-8a29-96f492852011
01-03 15:13:33 com_github_MitjaNemec_ReplicateLayout.replicate_layout 991:Dst text UUid:d9e70287-e25c-4368-ba57-19761d8daa2b
01-03 15:13:33 com_github_MitjaNemec_ReplicateLayout.replicate_layout 990:Src text UUid:c49334d0-42c5-497d-8a42-d9a8d13b9b30
01-03 15:13:33 com_github_MitjaNemec_ReplicateLayout.replicate_layout 991:Dst text UUid:4a279f50-a077-4147-b5e8-2d420595109d
01-03 15:13:33 com_github_MitjaNemec_ReplicateLayout.replicate_layout 990:Src text UUid:2ef29b3e-054e-4939-84d8-11b07a1536ef
01-03 15:13:33 com_github_MitjaNemec_ReplicateLayout.replicate_layout 991:Dst text UUid:5703721f-bb1d-4a7e-9ac2-7ef628446ca8
01-03 15:13:33 com_github_MitjaNemec_ReplicateLayout.replicate_layout 888:Replicating footprint: 'U12'
01-03 15:13:33 com_github_MitjaNemec_ReplicateLayout.replicate_layout 835:Src fp.id: '244E02A6-B7B3-4A5C-A8EC-45C02F67DCA4'
01-03 15:13:33 com_github_MitjaNemec_ReplicateLayout.replicate_layout 839:Dst fp.id: '244E02A6-B7B3-4A5C-A8EC-45C02F67DCA4'
01-03 15:13:33 com_github_MitjaNemec_ReplicateLayout.replicate_layout 895:found match in dst footprint: 'U8'
01-03 15:13:33 com_github_MitjaNemec_ReplicateLayout.replicate_layout 990:Src text UUid:0553d20a-2925-4264-bc84-dcb405069563
01-03 15:13:33 com_github_MitjaNemec_ReplicateLayout.replicate_layout 991:Dst text UUid:84f63752-4f5c-4bca-8ae2-e08b70a2534d
01-03 15:13:33 com_github_MitjaNemec_ReplicateLayout.replicate_layout 990:Src text UUid:76c8d60d-2141-4ba1-b52d-2488d4f4fde5
01-03 15:13:33 com_github_MitjaNemec_ReplicateLayout.replicate_layout 991:Dst text UUid:f035e620-b584-4786-86b4-412ca87e193f
01-03 15:13:33 com_github_MitjaNemec_ReplicateLayout.replicate_layout 990:Src text UUid:e7eddae4-d28b-4555-b038-3f3bbff759c4
01-03 15:13:33 com_github_MitjaNemec_ReplicateLayout.replicate_layout 991:Dst text UUid:6343f1a5-a96b-4809-a879-a946e6cc849b
01-03 15:13:33 com_github_MitjaNemec_ReplicateLayout.replicate_layout 888:Replicating footprint: 'R48'
01-03 15:13:33 com_github_MitjaNemec_ReplicateLayout.replicate_layout 835:Src fp.id: '8BD9BCE8-4D4A-45C2-BB49-B2EB2DF212F3'
01-03 15:13:33 com_github_MitjaNemec_ReplicateLayout.replicate_layout 839:Dst fp.id: '8BD9BCE8-4D4A-45C2-BB49-B2EB2DF212F3'
01-03 15:13:33 com_github_MitjaNemec_ReplicateLayout.replicate_layout 895:found match in dst footprint: 'R28'
01-03 15:13:33 com_github_MitjaNemec_ReplicateLayout.replicate_layout 990:Src text UUid:ab897bd3-f486-4526-8498-4a5cb9bcc2c1
01-03 15:13:33 com_github_MitjaNemec_ReplicateLayout.replicate_layout 991:Dst text UUid:6f068b87-69ea-4481-b990-fed8f86fe044
01-03 15:13:33 com_github_MitjaNemec_ReplicateLayout.replicate_layout 990:Src text UUid:b52260fc-952c-46c8-b122-1e46fb2e1597
01-03 15:13:33 com_github_MitjaNemec_ReplicateLayout.replicate_layout 991:Dst text UUid:9bde0fd4-2118-4556-8f5f-3abda60b1175
01-03 15:13:33 com_github_MitjaNemec_ReplicateLayout.replicate_layout 990:Src text UUid:01648903-2f4e-4ed8-aefb-9f8452e127f2
01-03 15:13:33 com_github_MitjaNemec_ReplicateLayout.replicate_layout 991:Dst text UUid:8043208a-c758-4378-885e-604b26c5c70a
01-03 15:13:33 com_github_MitjaNemec_ReplicateLayout.replicate_layout 888:Replicating footprint: 'C57'
01-03 15:13:33 root 345:updating GUI with: 33
01-03 15:13:33 com_github_MitjaNemec_ReplicateLayout.replicate_layout 835:Src fp.id: '2D6950AB-16DC-4195-84B4-93C30E2F9EF5'
01-03 15:13:33 com_github_MitjaNemec_ReplicateLayout.replicate_layout 839:Dst fp.id: '2D6950AB-16DC-4195-84B4-93C30E2F9EF5'
01-03 15:13:33 com_github_MitjaNemec_ReplicateLayout.replicate_layout 895:found match in dst footprint: 'C35'
01-03 15:13:33 com_github_MitjaNemec_ReplicateLayout.replicate_layout 990:Src text UUid:43b18b2f-1cf6-47e3-8bf2-5c2b23a9a8d8
01-03 15:13:33 com_github_MitjaNemec_ReplicateLayout.replicate_layout 991:Dst text UUid:10fd8f5a-54c3-458f-b8df-f75f658c2cfe
01-03 15:13:33 com_github_MitjaNemec_ReplicateLayout.replicate_layout 990:Src text UUid:106c22f9-5598-4660-89be-f22dc8e2245f
01-03 15:13:33 com_github_MitjaNemec_ReplicateLayout.replicate_layout 991:Dst text UUid:08eb538c-5765-4283-992b-32084a939be1
01-03 15:13:33 com_github_MitjaNemec_ReplicateLayout.replicate_layout 990:Src text UUid:2b891d62-e907-443f-9644-4987c7228142
01-03 15:13:33 com_github_MitjaNemec_ReplicateLayout.replicate_layout 991:Dst text UUid:e62aa5ac-ade3-4d49-a074-b2c4e1ce23be
01-03 15:13:33 com_github_MitjaNemec_ReplicateLayout.replicate_layout 870:Replicating footprints on sheet ['Power', 'PanelPower2']
01-03 15:13:33 com_github_MitjaNemec_ReplicateLayout.replicate_layout 835:Src fp.id: '32C03665-81AD-4C52-ABB2-B387C2B13484'
01-03 15:13:33 com_github_MitjaNemec_ReplicateLayout.replicate_layout 839:Dst fp.id: '32C03665-81AD-4C52-ABB2-B387C2B13484'
01-03 15:13:33 com_github_MitjaNemec_ReplicateLayout.replicate_layout 888:Replicating footprint: 'R47'
01-03 15:13:33 com_github_MitjaNemec_ReplicateLayout.replicate_layout 835:Src fp.id: 'DDA96FB6-99D4-4328-93DD-49073939E536'
01-03 15:13:33 com_github_MitjaNemec_ReplicateLayout.replicate_layout 839:Dst fp.id: 'DDA96FB6-99D4-4328-93DD-49073939E536'
01-03 15:13:33 com_github_MitjaNemec_ReplicateLayout.replicate_layout 895:found match in dst footprint: 'R37'
01-03 15:13:33 com_github_MitjaNemec_ReplicateLayout.replicate_layout 990:Src text UUid:5eebeef8-3633-4cdb-bd13-4bd0c546a865
01-03 15:13:33 com_github_MitjaNemec_ReplicateLayout.replicate_layout 991:Dst text UUid:7886ca74-fb9f-4d55-8dc7-3c5e2188e13c
01-03 15:13:33 com_github_MitjaNemec_ReplicateLayout.replicate_layout 990:Src text UUid:a9cb349d-ba0b-40d3-8815-78d46d6fb429
01-03 15:13:33 com_github_MitjaNemec_ReplicateLayout.replicate_layout 991:Dst text UUid:260f1d1b-8963-4e58-a85f-6d1e1d955071
01-03 15:13:33 com_github_MitjaNemec_ReplicateLayout.replicate_layout 990:Src text UUid:fd0f9f47-ef2b-4396-8517-b6f7852bd90f
01-03 15:13:33 com_github_MitjaNemec_ReplicateLayout.replicate_layout 991:Dst text UUid:a32928a9-17c3-4ab3-b8a5-bc3f524f5146
01-03 15:13:33 com_github_MitjaNemec_ReplicateLayout.replicate_layout 888:Replicating footprint: 'JP7'
01-03 15:13:33 com_github_MitjaNemec_ReplicateLayout.replicate_layout 835:Src fp.id: '80D8C73D-D2D8-4263-9136-22CF130BEC72'
01-03 15:13:33 com_github_MitjaNemec_ReplicateLayout.replicate_layout 839:Dst fp.id: '80D8C73D-D2D8-4263-9136-22CF130BEC72'
01-03 15:13:33 com_github_MitjaNemec_ReplicateLayout.replicate_layout 895:found match in dst footprint: 'JP5'
01-03 15:13:33 com_github_MitjaNemec_ReplicateLayout.replicate_layout 990:Src text UUid:de19ec89-b66b-4575-aceb-99d8c7271811
01-03 15:13:33 com_github_MitjaNemec_ReplicateLayout.replicate_layout 991:Dst text UUid:86c77ca5-6457-4995-9504-a045a2e245e7
01-03 15:13:33 com_github_MitjaNemec_ReplicateLayout.replicate_layout 990:Src text UUid:9179e477-a192-4cd6-95b5-ac57b6ed478a
01-03 15:13:33 com_github_MitjaNemec_ReplicateLayout.replicate_layout 991:Dst text UUid:0173a530-8780-45ac-9d59-fc78e45bdd81
01-03 15:13:33 com_github_MitjaNemec_ReplicateLayout.replicate_layout 888:Replicating footprint: 'C49'
01-03 15:13:33 com_github_MitjaNemec_ReplicateLayout.replicate_layout 835:Src fp.id: '38305697-4F79-4CA2-BB9A-59C5A87B4A2A'
01-03 15:13:33 com_github_MitjaNemec_ReplicateLayout.replicate_layout 839:Dst fp.id: '38305697-4F79-4CA2-BB9A-59C5A87B4A2A'
01-03 15:13:33 com_github_MitjaNemec_ReplicateLayout.replicate_layout 895:found match in dst footprint: 'C38'
01-03 15:13:33 com_github_MitjaNemec_ReplicateLayout.replicate_layout 990:Src text UUid:3aa12e9d-6716-41b4-8880-077047da1706
01-03 15:13:33 com_github_MitjaNemec_ReplicateLayout.replicate_layout 991:Dst text UUid:6959e3be-3588-40ef-a8f8-60ea0cb65f41
01-03 15:13:33 com_github_MitjaNemec_ReplicateLayout.replicate_layout 990:Src text UUid:a2013fcf-d8e5-42c9-b6c2-cdb45d0d7fe9
01-03 15:13:33 com_github_MitjaNemec_ReplicateLayout.replicate_layout 991:Dst text UUid:40a4a654-9339-47f2-b87c-d5635915cc31
01-03 15:13:33 com_github_MitjaNemec_ReplicateLayout.replicate_layout 990:Src text UUid:a188a47d-d6ff-4642-be1c-37d610678c53
01-03 15:13:33 com_github_MitjaNemec_ReplicateLayout.replicate_layout 991:Dst text UUid:6b2b69b0-6bc9-4cb5-95bc-bdcd4b9f4f83
01-03 15:13:33 com_github_MitjaNemec_ReplicateLayout.replicate_layout 888:Replicating footprint: 'BUCK_LED3'
01-03 15:13:33 com_github_MitjaNemec_ReplicateLayout.replicate_layout 835:Src fp.id: '367239AA-4B29-426D-86F3-DF42EAE7C682'
01-03 15:13:33 com_github_MitjaNemec_ReplicateLayout.replicate_layout 839:Dst fp.id: '367239AA-4B29-426D-86F3-DF42EAE7C682'
01-03 15:13:33 com_github_MitjaNemec_ReplicateLayout.replicate_layout 895:found match in dst footprint: 'BUCK_LED2'
01-03 15:13:33 com_github_MitjaNemec_ReplicateLayout.replicate_layout 990:Src text UUid:f9a161b9-7bc0-4575-9ad5-1d1072e2c048
01-03 15:13:33 com_github_MitjaNemec_ReplicateLayout.replicate_layout 991:Dst text UUid:a568a62c-70e9-40c6-8ac1-a20239264738
01-03 15:13:33 com_github_MitjaNemec_ReplicateLayout.replicate_layout 990:Src text UUid:0927280a-1c43-4faf-a57e-7d8a84e7d0f2
01-03 15:13:33 com_github_MitjaNemec_ReplicateLayout.replicate_layout 991:Dst text UUid:a6d7f273-16e2-4aae-8c86-5e78eba19efe
01-03 15:13:33 com_github_MitjaNemec_ReplicateLayout.replicate_layout 990:Src text UUid:d55d30e2-3ed2-438f-b74b-168513deb478
01-03 15:13:33 com_github_MitjaNemec_ReplicateLayout.replicate_layout 991:Dst text UUid:6ba56db4-a549-4a44-a732-d221c56545be
01-03 15:13:33 com_github_MitjaNemec_ReplicateLayout.replicate_layout 888:Replicating footprint: 'C52'
01-03 15:13:33 com_github_MitjaNemec_ReplicateLayout.replicate_layout 835:Src fp.id: '0FA7B47C-F9D4-41F7-BDB3-E428C9CE346D'
01-03 15:13:33 com_github_MitjaNemec_ReplicateLayout.replicate_layout 839:Dst fp.id: '0FA7B47C-F9D4-41F7-BDB3-E428C9CE346D'
01-03 15:13:33 com_github_MitjaNemec_ReplicateLayout.replicate_layout 895:found match in dst footprint: 'C41'
01-03 15:13:33 com_github_MitjaNemec_ReplicateLayout.replicate_layout 990:Src text UUid:4ad40a67-4c34-4d99-b87a-3b07f2956ab9
01-03 15:13:33 com_github_MitjaNemec_ReplicateLayout.replicate_layout 991:Dst text UUid:b6e08696-f4de-40b0-9bac-e637c880edc6
01-03 15:13:33 com_github_MitjaNemec_ReplicateLayout.replicate_layout 990:Src text UUid:888464a9-7817-4d1a-8b3b-192bd773a920
01-03 15:13:33 com_github_MitjaNemec_ReplicateLayout.replicate_layout 991:Dst text UUid:3057b697-dc65-4379-99f2-b60a5e94527c
01-03 15:13:33 com_github_MitjaNemec_ReplicateLayout.replicate_layout 990:Src text UUid:433d53ed-9e75-471e-a22e-706eb431054b
01-03 15:13:33 com_github_MitjaNemec_ReplicateLayout.replicate_layout 991:Dst text UUid:ba2f3cd0-426f-4ba2-8b9a-c38c77441f2d
01-03 15:13:33 com_github_MitjaNemec_ReplicateLayout.replicate_layout 888:Replicating footprint: 'C47'
01-03 15:13:33 com_github_MitjaNemec_ReplicateLayout.replicate_layout 835:Src fp.id: '542A0383-0096-4FDD-9B08-53D0B34F1882'
01-03 15:13:33 com_github_MitjaNemec_ReplicateLayout.replicate_layout 839:Dst fp.id: '542A0383-0096-4FDD-9B08-53D0B34F1882'
01-03 15:13:33 com_github_MitjaNemec_ReplicateLayout.replicate_layout 895:found match in dst footprint: 'C36'
01-03 15:13:33 com_github_MitjaNemec_ReplicateLayout.replicate_layout 990:Src text UUid:6cd83171-eeaa-4876-9c1a-abbb567db925
01-03 15:13:33 com_github_MitjaNemec_ReplicateLayout.replicate_layout 991:Dst text UUid:ff99014c-b476-43b9-9e07-c7be18e1d291
01-03 15:13:33 com_github_MitjaNemec_ReplicateLayout.replicate_layout 990:Src text UUid:e2cc74a5-64b2-44b7-b5f2-dc3dd5847973
01-03 15:13:33 com_github_MitjaNemec_ReplicateLayout.replicate_layout 991:Dst text UUid:d592e84e-b4fd-4ff3-a7b4-e3d9d4d62a8c
01-03 15:13:33 com_github_MitjaNemec_ReplicateLayout.replicate_layout 990:Src text UUid:b33668d9-f36c-4a14-8aa4-7e7ad6241fcd
01-03 15:13:33 com_github_MitjaNemec_ReplicateLayout.replicate_layout 991:Dst text UUid:b0751193-601d-4d5e-b222-6db83bd83057
01-03 15:13:33 com_github_MitjaNemec_ReplicateLayout.replicate_layout 888:Replicating footprint: 'R49'
01-03 15:13:33 com_github_MitjaNemec_ReplicateLayout.replicate_layout 835:Src fp.id: '31325D64-BD1E-4557-A52B-2DF06234182A'
01-03 15:13:33 com_github_MitjaNemec_ReplicateLayout.replicate_layout 839:Dst fp.id: '31325D64-BD1E-4557-A52B-2DF06234182A'
01-03 15:13:33 com_github_MitjaNemec_ReplicateLayout.replicate_layout 895:found match in dst footprint: 'R39'
01-03 15:13:33 com_github_MitjaNemec_ReplicateLayout.replicate_layout 990:Src text UUid:6458b127-935c-49c8-afc2-6fd6aee7d99f
01-03 15:13:33 com_github_MitjaNemec_ReplicateLayout.replicate_layout 991:Dst text UUid:dbcaeb10-cd74-4454-9ec9-5ccef3fbcc9a
01-03 15:13:33 com_github_MitjaNemec_ReplicateLayout.replicate_layout 990:Src text UUid:9b8619ea-ff91-43d8-b0d2-118e68b4bcdd
01-03 15:13:33 com_github_MitjaNemec_ReplicateLayout.replicate_layout 991:Dst text UUid:41f5d264-7b98-4baf-9b5e-6d3a294ecc60
01-03 15:13:33 com_github_MitjaNemec_ReplicateLayout.replicate_layout 990:Src text UUid:e82effc8-3dfd-4309-ba5f-b0e116fd7a66
01-03 15:13:33 com_github_MitjaNemec_ReplicateLayout.replicate_layout 991:Dst text UUid:31485b43-b46f-4b11-bd0c-1db1d5ce1f52
01-03 15:13:33 com_github_MitjaNemec_ReplicateLayout.replicate_layout 888:Replicating footprint: 'J9'
01-03 15:13:33 com_github_MitjaNemec_ReplicateLayout.replicate_layout 835:Src fp.id: '32C03665-81AD-4C52-ABB2-B387C2B13484'
01-03 15:13:33 com_github_MitjaNemec_ReplicateLayout.replicate_layout 839:Dst fp.id: '32C03665-81AD-4C52-ABB2-B387C2B13484'
01-03 15:13:33 com_github_MitjaNemec_ReplicateLayout.replicate_layout 895:found match in dst footprint: 'J8'
01-03 15:13:33 com_github_MitjaNemec_ReplicateLayout.replicate_layout 990:Src text UUid:f28140b2-2aa7-46f8-8b23-191cea44d223
01-03 15:13:33 com_github_MitjaNemec_ReplicateLayout.replicate_layout 991:Dst text UUid:c3f8493e-4081-4fa9-8c12-6d99160a3e80
01-03 15:13:33 com_github_MitjaNemec_ReplicateLayout.replicate_layout 990:Src text UUid:376cbb08-d275-4526-a735-cc6d901b8762
01-03 15:13:33 com_github_MitjaNemec_ReplicateLayout.replicate_layout 991:Dst text UUid:b45925c4-b9d6-45fd-9d04-3444273172b6
01-03 15:13:33 com_github_MitjaNemec_ReplicateLayout.replicate_layout 990:Src text UUid:046c735a-4f06-4eb7-91c4-d9ae199e9e58
01-03 15:13:33 com_github_MitjaNemec_ReplicateLayout.replicate_layout 991:Dst text UUid:c5c85a29-7d8b-4b02-893f-c30203e902d7
01-03 15:13:33 com_github_MitjaNemec_ReplicateLayout.replicate_layout 888:Replicating footprint: 'L3'
01-03 15:13:33 com_github_MitjaNemec_ReplicateLayout.replicate_layout 835:Src fp.id: '730639AE-6855-4555-8C5A-EC41B7854BF8'
01-03 15:13:33 com_github_MitjaNemec_ReplicateLayout.replicate_layout 839:Dst fp.id: '730639AE-6855-4555-8C5A-EC41B7854BF8'
01-03 15:13:33 com_github_MitjaNemec_ReplicateLayout.replicate_layout 895:found match in dst footprint: 'L2'
01-03 15:13:33 com_github_MitjaNemec_ReplicateLayout.replicate_layout 990:Src text UUid:cb396d4b-0cba-4dc3-9a46-1d09d854a17b
01-03 15:13:33 com_github_MitjaNemec_ReplicateLayout.replicate_layout 991:Dst text UUid:7367e15e-9a1c-41cf-ba93-883af9119b0b
01-03 15:13:33 com_github_MitjaNemec_ReplicateLayout.replicate_layout 990:Src text UUid:43c0790f-213b-4de6-b476-75c2a8003525
01-03 15:13:33 com_github_MitjaNemec_ReplicateLayout.replicate_layout 991:Dst text UUid:7ce2349e-3177-4b9b-9e27-279cc3fac230
01-03 15:13:33 com_github_MitjaNemec_ReplicateLayout.replicate_layout 990:Src text UUid:73c49563-61c4-4439-9f72-2e3851875c23
01-03 15:13:33 com_github_MitjaNemec_ReplicateLayout.replicate_layout 991:Dst text UUid:77ebd889-2d7c-4bd3-b9ab-840c2c20403a
01-03 15:13:33 com_github_MitjaNemec_ReplicateLayout.replicate_layout 888:Replicating footprint: 'R55'
01-03 15:13:33 com_github_MitjaNemec_ReplicateLayout.replicate_layout 835:Src fp.id: 'FB57D091-BAEF-4442-9A4D-28B7436F7DCF'
01-03 15:13:33 com_github_MitjaNemec_ReplicateLayout.replicate_layout 839:Dst fp.id: 'FB57D091-BAEF-4442-9A4D-28B7436F7DCF'
01-03 15:13:33 com_github_MitjaNemec_ReplicateLayout.replicate_layout 895:found match in dst footprint: 'R45'
01-03 15:13:33 com_github_MitjaNemec_ReplicateLayout.replicate_layout 990:Src text UUid:06a8ef51-6654-4dd2-8a17-d7fd8340b121
01-03 15:13:33 com_github_MitjaNemec_ReplicateLayout.replicate_layout 991:Dst text UUid:4292420c-fac8-4fb0-ae79-8f1e77fb5b18
01-03 15:13:33 com_github_MitjaNemec_ReplicateLayout.replicate_layout 990:Src text UUid:da744707-47b2-4801-b1a0-0b7e44ed94c7
01-03 15:13:33 com_github_MitjaNemec_ReplicateLayout.replicate_layout 991:Dst text UUid:3fb1f284-95e5-401f-b7be-ed6f3c4eb0ad
01-03 15:13:33 com_github_MitjaNemec_ReplicateLayout.replicate_layout 990:Src text UUid:12e48482-da06-44e9-abbe-6cf08e55af83
01-03 15:13:33 com_github_MitjaNemec_ReplicateLayout.replicate_layout 991:Dst text UUid:f3856740-c37b-44b8-a4ba-8d1509a3a202
01-03 15:13:33 com_github_MitjaNemec_ReplicateLayout.replicate_layout 888:Replicating footprint: 'R54'
01-03 15:13:33 com_github_MitjaNemec_ReplicateLayout.replicate_layout 835:Src fp.id: '8668DA15-3568-430D-ACB7-FA2C6A4A699A'
01-03 15:13:33 com_github_MitjaNemec_ReplicateLayout.replicate_layout 839:Dst fp.id: '8668DA15-3568-430D-ACB7-FA2C6A4A699A'
01-03 15:13:33 com_github_MitjaNemec_ReplicateLayout.replicate_layout 895:found match in dst footprint: 'R44'
01-03 15:13:33 com_github_MitjaNemec_ReplicateLayout.replicate_layout 990:Src text UUid:7a99d63a-eda1-4615-a248-3af1f4164e96
01-03 15:13:33 com_github_MitjaNemec_ReplicateLayout.replicate_layout 991:Dst text UUid:eb2a72bb-0938-4ced-900c-c4fd96a9ca4e
01-03 15:13:33 com_github_MitjaNemec_ReplicateLayout.replicate_layout 990:Src text UUid:f4728c45-830f-4279-8f84-d7baf5de37cd
01-03 15:13:33 com_github_MitjaNemec_ReplicateLayout.replicate_layout 991:Dst text UUid:b0543e8e-8e7c-496a-9b45-bf81ab4faee0
01-03 15:13:33 com_github_MitjaNemec_ReplicateLayout.replicate_layout 990:Src text UUid:1bf345d5-4b87-45c6-8406-4aa824599f45
01-03 15:13:33 com_github_MitjaNemec_ReplicateLayout.replicate_layout 991:Dst text UUid:d199a891-5cb8-4808-a05c-49b590f92e06
01-03 15:13:33 com_github_MitjaNemec_ReplicateLayout.replicate_layout 888:Replicating footprint: 'R51'
01-03 15:13:33 com_github_MitjaNemec_ReplicateLayout.replicate_layout 835:Src fp.id: 'EB7C565C-E7D9-4038-A24C-0BC3787A98CD'
01-03 15:13:33 com_github_MitjaNemec_ReplicateLayout.replicate_layout 839:Dst fp.id: 'EB7C565C-E7D9-4038-A24C-0BC3787A98CD'
01-03 15:13:33 com_github_MitjaNemec_ReplicateLayout.replicate_layout 895:found match in dst footprint: 'R41'
01-03 15:13:33 com_github_MitjaNemec_ReplicateLayout.replicate_layout 990:Src text UUid:f6b654ec-1b05-4ceb-a593-21228eafb417
01-03 15:13:33 com_github_MitjaNemec_ReplicateLayout.replicate_layout 991:Dst text UUid:cc9b3df6-518d-41c1-ab6d-4415ee0366de
01-03 15:13:33 com_github_MitjaNemec_ReplicateLayout.replicate_layout 990:Src text UUid:71241f71-3ae2-4aa2-93ac-91d81f6f93ac
01-03 15:13:33 com_github_MitjaNemec_ReplicateLayout.replicate_layout 991:Dst text UUid:c80dcfa4-3510-429e-9eac-73ffeef976a3
01-03 15:13:33 com_github_MitjaNemec_ReplicateLayout.replicate_layout 990:Src text UUid:02b1619c-2a2d-4fce-887c-32ef24ffae75
01-03 15:13:33 com_github_MitjaNemec_ReplicateLayout.replicate_layout 991:Dst text UUid:93ca6be4-8ddf-48d4-9b64-52552b357817
01-03 15:13:33 com_github_MitjaNemec_ReplicateLayout.replicate_layout 888:Replicating footprint: 'TP5'
01-03 15:13:33 com_github_MitjaNemec_ReplicateLayout.replicate_layout 835:Src fp.id: 'D7538B5D-2F8E-4AAB-92F2-97648D350BE3'
01-03 15:13:33 com_github_MitjaNemec_ReplicateLayout.replicate_layout 839:Dst fp.id: 'D7538B5D-2F8E-4AAB-92F2-97648D350BE3'
01-03 15:13:33 com_github_MitjaNemec_ReplicateLayout.replicate_layout 895:found match in dst footprint: 'TP4'
01-03 15:13:33 com_github_MitjaNemec_ReplicateLayout.replicate_layout 990:Src text UUid:ecf5e3d4-9b01-4a6a-b61c-d7ccdd53b41f
01-03 15:13:33 com_github_MitjaNemec_ReplicateLayout.replicate_layout 991:Dst text UUid:d0cf2b49-30a2-408e-a7cf-4ae2a6d3fabf
01-03 15:13:33 com_github_MitjaNemec_ReplicateLayout.replicate_layout 990:Src text UUid:0801c82d-8105-416b-9b74-999ffe6e469a
01-03 15:13:33 com_github_MitjaNemec_ReplicateLayout.replicate_layout 991:Dst text UUid:79d69f0d-fe13-4d82-b925-6a36dab86ebd
01-03 15:13:33 com_github_MitjaNemec_ReplicateLayout.replicate_layout 990:Src text UUid:f355c231-1814-4d15-94f6-85971b7a52e5
01-03 15:13:33 com_github_MitjaNemec_ReplicateLayout.replicate_layout 991:Dst text UUid:f7c26e2e-2014-405a-937b-286ca7adeb57
01-03 15:13:33 com_github_MitjaNemec_ReplicateLayout.replicate_layout 888:Replicating footprint: 'R50'
01-03 15:13:33 com_github_MitjaNemec_ReplicateLayout.replicate_layout 835:Src fp.id: '93C53F67-0962-478C-BB8B-FE618E2F9379'
01-03 15:13:33 com_github_MitjaNemec_ReplicateLayout.replicate_layout 839:Dst fp.id: '93C53F67-0962-478C-BB8B-FE618E2F9379'
01-03 15:13:33 com_github_MitjaNemec_ReplicateLayout.replicate_layout 895:found match in dst footprint: 'R40'
01-03 15:13:33 com_github_MitjaNemec_ReplicateLayout.replicate_layout 990:Src text UUid:24aea941-d561-492b-821d-34285797c59e
01-03 15:13:33 com_github_MitjaNemec_ReplicateLayout.replicate_layout 991:Dst text UUid:d5be5fdf-920d-4bf4-a547-964ffee9a554
01-03 15:13:33 com_github_MitjaNemec_ReplicateLayout.replicate_layout 990:Src text UUid:c6539862-6e97-427f-908b-f4dbec9c60ae
01-03 15:13:33 com_github_MitjaNemec_ReplicateLayout.replicate_layout 991:Dst text UUid:b7d8a05c-ca0f-4533-ad87-a4f5fd4608d2
01-03 15:13:33 com_github_MitjaNemec_ReplicateLayout.replicate_layout 990:Src text UUid:ccc75771-d7c4-4cff-9412-eee8f07792b8
01-03 15:13:33 com_github_MitjaNemec_ReplicateLayout.replicate_layout 991:Dst text UUid:67588a24-0bc9-4211-8f2f-54c282acf8b7
01-03 15:13:33 com_github_MitjaNemec_ReplicateLayout.replicate_layout 888:Replicating footprint: 'JP6'
01-03 15:13:33 com_github_MitjaNemec_ReplicateLayout.replicate_layout 835:Src fp.id: '2F746E4B-7C1F-4383-A716-A9CF1A5AEE3E'
01-03 15:13:33 com_github_MitjaNemec_ReplicateLayout.replicate_layout 839:Dst fp.id: '2F746E4B-7C1F-4383-A716-A9CF1A5AEE3E'
01-03 15:13:33 com_github_MitjaNemec_ReplicateLayout.replicate_layout 895:found match in dst footprint: 'JP4'
01-03 15:13:33 com_github_MitjaNemec_ReplicateLayout.replicate_layout 990:Src text UUid:c1857a19-1356-4ee2-9ec0-ae326e442bcf
01-03 15:13:33 com_github_MitjaNemec_ReplicateLayout.replicate_layout 991:Dst text UUid:0c884368-f330-4403-9cb0-c7d2bcb0a4f9
01-03 15:13:33 com_github_MitjaNemec_ReplicateLayout.replicate_layout 990:Src text UUid:d2d9b620-1360-4452-8bc5-0e2e090f452a
01-03 15:13:33 com_github_MitjaNemec_ReplicateLayout.replicate_layout 991:Dst text UUid:c807cbf7-777f-4835-8e8c-f072bef0094c
01-03 15:13:33 com_github_MitjaNemec_ReplicateLayout.replicate_layout 888:Replicating footprint: 'C53'
01-03 15:13:33 com_github_MitjaNemec_ReplicateLayout.replicate_layout 835:Src fp.id: 'DE7EB07B-CD0B-4F4C-ACFF-506A55608011'
01-03 15:13:33 com_github_MitjaNemec_ReplicateLayout.replicate_layout 839:Dst fp.id: 'DE7EB07B-CD0B-4F4C-ACFF-506A55608011'
01-03 15:13:33 com_github_MitjaNemec_ReplicateLayout.replicate_layout 895:found match in dst footprint: 'C42'
01-03 15:13:33 com_github_MitjaNemec_ReplicateLayout.replicate_layout 990:Src text UUid:35b1c72a-bc50-4292-b49c-04e195105326
01-03 15:13:33 com_github_MitjaNemec_ReplicateLayout.replicate_layout 991:Dst text UUid:63e47c69-b141-48eb-9326-591f05c35fb3
01-03 15:13:33 com_github_MitjaNemec_ReplicateLayout.replicate_layout 990:Src text UUid:870d10d9-ccca-4f73-a521-65c790110c1d
01-03 15:13:33 com_github_MitjaNemec_ReplicateLayout.replicate_layout 991:Dst text UUid:0bbb6385-95b1-41f5-9050-e16302e0a38c
01-03 15:13:33 com_github_MitjaNemec_ReplicateLayout.replicate_layout 990:Src text UUid:00217b6b-3c34-4090-b9d6-89a227a02ae1
01-03 15:13:33 com_github_MitjaNemec_ReplicateLayout.replicate_layout 991:Dst text UUid:3052890d-7e3d-4045-a794-7b7fec2ba08d
01-03 15:13:33 com_github_MitjaNemec_ReplicateLayout.replicate_layout 888:Replicating footprint: 'C56'
01-03 15:13:33 com_github_MitjaNemec_ReplicateLayout.replicate_layout 835:Src fp.id: '76CB2A87-FD0E-4819-BE00-6B828B3CF61E'
01-03 15:13:33 com_github_MitjaNemec_ReplicateLayout.replicate_layout 839:Dst fp.id: '76CB2A87-FD0E-4819-BE00-6B828B3CF61E'
01-03 15:13:33 com_github_MitjaNemec_ReplicateLayout.replicate_layout 895:found match in dst footprint: 'C45'
01-03 15:13:33 com_github_MitjaNemec_ReplicateLayout.replicate_layout 990:Src text UUid:efac8b54-4432-4e62-a6ec-0e777230b5d1
01-03 15:13:33 com_github_MitjaNemec_ReplicateLayout.replicate_layout 991:Dst text UUid:d993703c-6bad-4538-8bfd-519979f735ec
01-03 15:13:33 com_github_MitjaNemec_ReplicateLayout.replicate_layout 990:Src text UUid:540d1534-31ce-4913-b890-44fe0c1a4d91
01-03 15:13:33 com_github_MitjaNemec_ReplicateLayout.replicate_layout 991:Dst text UUid:d700c1f8-2193-41c8-972f-c8d49f90472b
01-03 15:13:33 com_github_MitjaNemec_ReplicateLayout.replicate_layout 990:Src text UUid:0f13025d-88dd-4dcf-a03f-029aaaca9ec0
01-03 15:13:33 com_github_MitjaNemec_ReplicateLayout.replicate_layout 991:Dst text UUid:7660e598-acbc-4037-aa04-f18729848371
01-03 15:13:33 com_github_MitjaNemec_ReplicateLayout.replicate_layout 888:Replicating footprint: 'C51'
01-03 15:13:33 com_github_MitjaNemec_ReplicateLayout.replicate_layout 835:Src fp.id: '82807167-0329-4E60-BFFE-01F640320591'
01-03 15:13:33 com_github_MitjaNemec_ReplicateLayout.replicate_layout 839:Dst fp.id: '82807167-0329-4E60-BFFE-01F640320591'
01-03 15:13:33 com_github_MitjaNemec_ReplicateLayout.replicate_layout 895:found match in dst footprint: 'C40'
01-03 15:13:33 com_github_MitjaNemec_ReplicateLayout.replicate_layout 990:Src text UUid:3d832c56-3e0b-486d-9afa-d4624467fa6c
01-03 15:13:33 com_github_MitjaNemec_ReplicateLayout.replicate_layout 991:Dst text UUid:b4c511ef-d8a6-46e5-8994-5221cd96a0cb
01-03 15:13:33 com_github_MitjaNemec_ReplicateLayout.replicate_layout 990:Src text UUid:9da788f0-b5e9-43d5-bfe6-91622609ad0d
01-03 15:13:33 com_github_MitjaNemec_ReplicateLayout.replicate_layout 991:Dst text UUid:91e8a1b1-7348-4e0e-843b-55cb6c5ff72a
01-03 15:13:33 com_github_MitjaNemec_ReplicateLayout.replicate_layout 990:Src text UUid:a391c9a2-adf5-41f7-ba90-d2cbaa11a81e
01-03 15:13:33 com_github_MitjaNemec_ReplicateLayout.replicate_layout 991:Dst text UUid:2b2b8f50-18c3-4ba3-aefd-400eeb33fae2
01-03 15:13:33 com_github_MitjaNemec_ReplicateLayout.replicate_layout 888:Replicating footprint: 'R53'
01-03 15:13:33 com_github_MitjaNemec_ReplicateLayout.replicate_layout 835:Src fp.id: '969BA0E2-F1FD-4257-AFFF-78FBF29812AE'
01-03 15:13:33 com_github_MitjaNemec_ReplicateLayout.replicate_layout 839:Dst fp.id: '969BA0E2-F1FD-4257-AFFF-78FBF29812AE'
01-03 15:13:33 com_github_MitjaNemec_ReplicateLayout.replicate_layout 895:found match in dst footprint: 'R43'
01-03 15:13:33 com_github_MitjaNemec_ReplicateLayout.replicate_layout 990:Src text UUid:02235098-40bd-4919-9b84-fdb34cd4d671
01-03 15:13:33 com_github_MitjaNemec_ReplicateLayout.replicate_layout 991:Dst text UUid:9bde5111-0852-41f7-a474-2d0b08b4d202
01-03 15:13:33 com_github_MitjaNemec_ReplicateLayout.replicate_layout 990:Src text UUid:ba167268-704d-40c5-9c34-b7b4885c2514
01-03 15:13:33 com_github_MitjaNemec_ReplicateLayout.replicate_layout 991:Dst text UUid:d13df98f-69e6-495a-8bdd-181afc927d25
01-03 15:13:33 com_github_MitjaNemec_ReplicateLayout.replicate_layout 990:Src text UUid:67b268b7-966c-4c3c-b97d-5ecd42b3f181
01-03 15:13:33 com_github_MitjaNemec_ReplicateLayout.replicate_layout 991:Dst text UUid:4a6e9c7c-cc09-4ee4-9db3-49aaf6b2bb1f
01-03 15:13:33 com_github_MitjaNemec_ReplicateLayout.replicate_layout 888:Replicating footprint: 'C55'
01-03 15:13:33 com_github_MitjaNemec_ReplicateLayout.replicate_layout 835:Src fp.id: 'BB4DD7F7-A3B4-4277-A3F7-B9ED57F0EE32'
01-03 15:13:33 com_github_MitjaNemec_ReplicateLayout.replicate_layout 839:Dst fp.id: 'BB4DD7F7-A3B4-4277-A3F7-B9ED57F0EE32'
01-03 15:13:33 com_github_MitjaNemec_ReplicateLayout.replicate_layout 895:found match in dst footprint: 'C44'
01-03 15:13:33 com_github_MitjaNemec_ReplicateLayout.replicate_layout 990:Src text UUid:5b07b5df-2861-4bf4-aff3-9f1f0923a2bd
01-03 15:13:33 com_github_MitjaNemec_ReplicateLayout.replicate_layout 991:Dst text UUid:dbdb5bff-00f2-42f7-8b30-82d86ef3d8a0
01-03 15:13:33 com_github_MitjaNemec_ReplicateLayout.replicate_layout 990:Src text UUid:dc2eca93-b089-4f9a-a688-621925f09fb3
01-03 15:13:33 com_github_MitjaNemec_ReplicateLayout.replicate_layout 991:Dst text UUid:adef2f1f-1771-4d43-bf29-9cbef51c99c3
01-03 15:13:33 com_github_MitjaNemec_ReplicateLayout.replicate_layout 990:Src text UUid:b3690ef1-423b-4447-a4ba-9e67bd7bd29c
01-03 15:13:33 com_github_MitjaNemec_ReplicateLayout.replicate_layout 991:Dst text UUid:85e6139c-ba54-41da-b716-459ec211aed1
01-03 15:13:33 com_github_MitjaNemec_ReplicateLayout.replicate_layout 888:Replicating footprint: 'R46'
01-03 15:13:33 com_github_MitjaNemec_ReplicateLayout.replicate_layout 835:Src fp.id: '1C44D629-BC0D-4824-A190-636F2E20A636'
01-03 15:13:33 com_github_MitjaNemec_ReplicateLayout.replicate_layout 839:Dst fp.id: '1C44D629-BC0D-4824-A190-636F2E20A636'
01-03 15:13:33 com_github_MitjaNemec_ReplicateLayout.replicate_layout 895:found match in dst footprint: 'R36'
01-03 15:13:33 com_github_MitjaNemec_ReplicateLayout.replicate_layout 990:Src text UUid:c4f424d4-cdbd-49dd-b55d-eab495210bb1
01-03 15:13:33 com_github_MitjaNemec_ReplicateLayout.replicate_layout 991:Dst text UUid:6ae39231-d23b-46fb-a1a0-e4fd7bf76645
01-03 15:13:33 com_github_MitjaNemec_ReplicateLayout.replicate_layout 990:Src text UUid:c1e513c4-8fca-4793-9446-5b9a41dc6fae
01-03 15:13:33 com_github_MitjaNemec_ReplicateLayout.replicate_layout 991:Dst text UUid:bc93a469-334f-4cb9-b583-6ec8518eab8c
01-03 15:13:33 com_github_MitjaNemec_ReplicateLayout.replicate_layout 990:Src text UUid:6b15035a-7a2f-485e-bf3a-df5ded64764c
01-03 15:13:33 com_github_MitjaNemec_ReplicateLayout.replicate_layout 991:Dst text UUid:cf74abf2-85cf-4124-9689-a1d3514234c6
01-03 15:13:33 com_github_MitjaNemec_ReplicateLayout.replicate_layout 888:Replicating footprint: 'BUCK_eFUSE_LED3'
01-03 15:13:33 com_github_MitjaNemec_ReplicateLayout.replicate_layout 835:Src fp.id: '4FA1E4C3-74F6-43C6-9945-EF91ADCB62C9'
01-03 15:13:33 com_github_MitjaNemec_ReplicateLayout.replicate_layout 839:Dst fp.id: '4FA1E4C3-74F6-43C6-9945-EF91ADCB62C9'
01-03 15:13:33 com_github_MitjaNemec_ReplicateLayout.replicate_layout 895:found match in dst footprint: 'BUCK_eFUSE_LED2'
01-03 15:13:33 com_github_MitjaNemec_ReplicateLayout.replicate_layout 990:Src text UUid:20c1a6e6-5d7c-4b37-9300-80651641fca0
01-03 15:13:33 com_github_MitjaNemec_ReplicateLayout.replicate_layout 991:Dst text UUid:aef0cf12-6c13-4708-90b0-c0f98bd84df0
01-03 15:13:33 com_github_MitjaNemec_ReplicateLayout.replicate_layout 990:Src text UUid:1322bf43-ad66-4413-a3a2-fbd3857fa58a
01-03 15:13:33 com_github_MitjaNemec_ReplicateLayout.replicate_layout 991:Dst text UUid:7bfe9a7c-fa03-4a38-b71d-c2b1584d92dc
01-03 15:13:33 com_github_MitjaNemec_ReplicateLayout.replicate_layout 990:Src text UUid:6f867dd9-5e7f-44af-ba98-e0e8d6bc2626
01-03 15:13:33 com_github_MitjaNemec_ReplicateLayout.replicate_layout 991:Dst text UUid:38cabe7d-19a8-4de8-b715-b364821c8722
01-03 15:13:33 com_github_MitjaNemec_ReplicateLayout.replicate_layout 888:Replicating footprint: 'C50'
01-03 15:13:33 root 345:updating GUI with: 58
01-03 15:13:33 com_github_MitjaNemec_ReplicateLayout.replicate_layout 835:Src fp.id: '5F2E4265-BDAF-49C7-82F9-46AA5959DBBA'
01-03 15:13:33 com_github_MitjaNemec_ReplicateLayout.replicate_layout 839:Dst fp.id: '5F2E4265-BDAF-49C7-82F9-46AA5959DBBA'
01-03 15:13:33 com_github_MitjaNemec_ReplicateLayout.replicate_layout 895:found match in dst footprint: 'C39'
01-03 15:13:33 com_github_MitjaNemec_ReplicateLayout.replicate_layout 990:Src text UUid:1f8fa03d-5720-4b27-a559-560dfe0883b4
01-03 15:13:33 com_github_MitjaNemec_ReplicateLayout.replicate_layout 991:Dst text UUid:7fa0c256-6b16-4401-8765-936c0841c556
01-03 15:13:33 com_github_MitjaNemec_ReplicateLayout.replicate_layout 990:Src text UUid:e4b9e2b1-59e4-41f7-ace4-c43bd2c82536
01-03 15:13:33 com_github_MitjaNemec_ReplicateLayout.replicate_layout 991:Dst text UUid:5797725e-78f5-4223-bdd3-d4e40f835f40
01-03 15:13:33 com_github_MitjaNemec_ReplicateLayout.replicate_layout 990:Src text UUid:edf54a60-dff3-4292-87ea-9fa218f3f734
01-03 15:13:33 com_github_MitjaNemec_ReplicateLayout.replicate_layout 991:Dst text UUid:ce658825-4314-4058-b1b3-a5e31035e837
01-03 15:13:33 com_github_MitjaNemec_ReplicateLayout.replicate_layout 888:Replicating footprint: 'R52'
01-03 15:13:33 com_github_MitjaNemec_ReplicateLayout.replicate_layout 835:Src fp.id: '58E510CE-1070-40ED-811D-8A395EB86B3F'
01-03 15:13:33 com_github_MitjaNemec_ReplicateLayout.replicate_layout 839:Dst fp.id: '58E510CE-1070-40ED-811D-8A395EB86B3F'
01-03 15:13:33 com_github_MitjaNemec_ReplicateLayout.replicate_layout 895:found match in dst footprint: 'R42'
01-03 15:13:33 com_github_MitjaNemec_ReplicateLayout.replicate_layout 990:Src text UUid:32170aa7-a945-4737-854d-6ed1b3dfc796
01-03 15:13:33 com_github_MitjaNemec_ReplicateLayout.replicate_layout 991:Dst text UUid:01dd3a3f-3596-42c7-b013-296115113564
01-03 15:13:33 com_github_MitjaNemec_ReplicateLayout.replicate_layout 990:Src text UUid:35bbb5b7-fa7c-445d-9d99-686ec186a7cd
01-03 15:13:33 com_github_MitjaNemec_ReplicateLayout.replicate_layout 991:Dst text UUid:320bea71-2dee-40ff-9fab-e49cdc8fd010
01-03 15:13:33 com_github_MitjaNemec_ReplicateLayout.replicate_layout 990:Src text UUid:d3575b72-5c72-4269-bc59-bd2c37003bd2
01-03 15:13:33 com_github_MitjaNemec_ReplicateLayout.replicate_layout 991:Dst text UUid:f292b2d6-8c9a-43b8-92a9-3aa4aa858b35
01-03 15:13:33 com_github_MitjaNemec_ReplicateLayout.replicate_layout 888:Replicating footprint: 'C54'
01-03 15:13:33 com_github_MitjaNemec_ReplicateLayout.replicate_layout 835:Src fp.id: '34F720D8-0BF7-474D-8A31-30438C38D403'
01-03 15:13:33 com_github_MitjaNemec_ReplicateLayout.replicate_layout 839:Dst fp.id: '34F720D8-0BF7-474D-8A31-30438C38D403'
01-03 15:13:33 com_github_MitjaNemec_ReplicateLayout.replicate_layout 895:found match in dst footprint: 'C43'
01-03 15:13:33 com_github_MitjaNemec_ReplicateLayout.replicate_layout 990:Src text UUid:700e7d95-9573-455e-a0e1-b65fb4ffdb64
01-03 15:13:33 com_github_MitjaNemec_ReplicateLayout.replicate_layout 991:Dst text UUid:3dd3ba93-7b10-455e-80d1-f283c6baa087
01-03 15:13:33 com_github_MitjaNemec_ReplicateLayout.replicate_layout 990:Src text UUid:cf80a0a8-50db-4b5d-9938-0ee0235258e9
01-03 15:13:33 com_github_MitjaNemec_ReplicateLayout.replicate_layout 991:Dst text UUid:52f4f391-ad70-4bc1-a2a2-f1379c544a6b
01-03 15:13:33 com_github_MitjaNemec_ReplicateLayout.replicate_layout 990:Src text UUid:2e862510-018d-4a47-ba63-617cd66b5664
01-03 15:13:33 com_github_MitjaNemec_ReplicateLayout.replicate_layout 991:Dst text UUid:1a0c2966-5efc-4762-9add-b44429ea5b4e
01-03 15:13:33 com_github_MitjaNemec_ReplicateLayout.replicate_layout 888:Replicating footprint: 'U13'
01-03 15:13:33 com_github_MitjaNemec_ReplicateLayout.replicate_layout 835:Src fp.id: '915C1B94-B969-4720-AE4B-514274F85E33'
01-03 15:13:33 com_github_MitjaNemec_ReplicateLayout.replicate_layout 839:Dst fp.id: '915C1B94-B969-4720-AE4B-514274F85E33'
01-03 15:13:33 com_github_MitjaNemec_ReplicateLayout.replicate_layout 895:found match in dst footprint: 'U11'
01-03 15:13:33 com_github_MitjaNemec_ReplicateLayout.replicate_layout 990:Src text UUid:dc9c9c97-c160-42a9-bc6d-6b67af9bf08c
01-03 15:13:33 com_github_MitjaNemec_ReplicateLayout.replicate_layout 991:Dst text UUid:7e3905ae-06e8-4108-80a3-172fc8a2868d
01-03 15:13:33 com_github_MitjaNemec_ReplicateLayout.replicate_layout 990:Src text UUid:aeb977da-97b0-41c7-a71b-91e521490d93
01-03 15:13:33 com_github_MitjaNemec_ReplicateLayout.replicate_layout 991:Dst text UUid:dc20c548-d2e6-44e1-b833-68eb2c0d1332
01-03 15:13:33 com_github_MitjaNemec_ReplicateLayout.replicate_layout 990:Src text UUid:68948056-4b2e-4e26-b410-b395817b855b
01-03 15:13:33 com_github_MitjaNemec_ReplicateLayout.replicate_layout 991:Dst text UUid:ff0a8b6b-2180-415e-9107-be7517fb7803
01-03 15:13:33 com_github_MitjaNemec_ReplicateLayout.replicate_layout 888:Replicating footprint: 'C48'
01-03 15:13:33 com_github_MitjaNemec_ReplicateLayout.replicate_layout 835:Src fp.id: '197461B8-6F9C-4761-8A3B-B26A51317F5F'
01-03 15:13:33 com_github_MitjaNemec_ReplicateLayout.replicate_layout 839:Dst fp.id: '197461B8-6F9C-4761-8A3B-B26A51317F5F'
01-03 15:13:33 com_github_MitjaNemec_ReplicateLayout.replicate_layout 895:found match in dst footprint: 'C37'
01-03 15:13:33 com_github_MitjaNemec_ReplicateLayout.replicate_layout 990:Src text UUid:a7f7bb5c-95d5-4a1e-8a29-96f492852011
01-03 15:13:33 com_github_MitjaNemec_ReplicateLayout.replicate_layout 991:Dst text UUid:0bd3cb99-e805-4132-8c95-c311fa43a865
01-03 15:13:33 com_github_MitjaNemec_ReplicateLayout.replicate_layout 990:Src text UUid:c49334d0-42c5-497d-8a42-d9a8d13b9b30
01-03 15:13:33 com_github_MitjaNemec_ReplicateLayout.replicate_layout 991:Dst text UUid:ebb01513-0a2a-4ab5-a3a7-2a725ce2ba43
01-03 15:13:33 com_github_MitjaNemec_ReplicateLayout.replicate_layout 990:Src text UUid:2ef29b3e-054e-4939-84d8-11b07a1536ef
01-03 15:13:33 com_github_MitjaNemec_ReplicateLayout.replicate_layout 991:Dst text UUid:57545803-b4bc-489f-a2f0-aeeceab88db0
01-03 15:13:33 com_github_MitjaNemec_ReplicateLayout.replicate_layout 888:Replicating footprint: 'U12'
01-03 15:13:33 com_github_MitjaNemec_ReplicateLayout.replicate_layout 835:Src fp.id: '244E02A6-B7B3-4A5C-A8EC-45C02F67DCA4'
01-03 15:13:33 com_github_MitjaNemec_ReplicateLayout.replicate_layout 839:Dst fp.id: '244E02A6-B7B3-4A5C-A8EC-45C02F67DCA4'
01-03 15:13:33 com_github_MitjaNemec_ReplicateLayout.replicate_layout 895:found match in dst footprint: 'U10'
01-03 15:13:33 com_github_MitjaNemec_ReplicateLayout.replicate_layout 990:Src text UUid:0553d20a-2925-4264-bc84-dcb405069563
01-03 15:13:33 com_github_MitjaNemec_ReplicateLayout.replicate_layout 991:Dst text UUid:733dcab3-1ab3-45de-b6fb-7e2efabc17d5
01-03 15:13:33 com_github_MitjaNemec_ReplicateLayout.replicate_layout 990:Src text UUid:76c8d60d-2141-4ba1-b52d-2488d4f4fde5
01-03 15:13:33 com_github_MitjaNemec_ReplicateLayout.replicate_layout 991:Dst text UUid:c2efbfb2-77f1-4a1a-8935-30f84b3d1275
01-03 15:13:33 com_github_MitjaNemec_ReplicateLayout.replicate_layout 990:Src text UUid:e7eddae4-d28b-4555-b038-3f3bbff759c4
01-03 15:13:33 com_github_MitjaNemec_ReplicateLayout.replicate_layout 991:Dst text UUid:e52ec93f-86ae-474e-b04e-60f0ba09e62a
01-03 15:13:33 com_github_MitjaNemec_ReplicateLayout.replicate_layout 888:Replicating footprint: 'R48'
01-03 15:13:33 com_github_MitjaNemec_ReplicateLayout.replicate_layout 835:Src fp.id: '8BD9BCE8-4D4A-45C2-BB49-B2EB2DF212F3'
01-03 15:13:33 com_github_MitjaNemec_ReplicateLayout.replicate_layout 839:Dst fp.id: '8BD9BCE8-4D4A-45C2-BB49-B2EB2DF212F3'
01-03 15:13:33 com_github_MitjaNemec_ReplicateLayout.replicate_layout 895:found match in dst footprint: 'R38'
01-03 15:13:33 com_github_MitjaNemec_ReplicateLayout.replicate_layout 990:Src text UUid:ab897bd3-f486-4526-8498-4a5cb9bcc2c1
01-03 15:13:33 com_github_MitjaNemec_ReplicateLayout.replicate_layout 991:Dst text UUid:e1911a81-1650-4261-a5a7-621b35eca28a
01-03 15:13:33 com_github_MitjaNemec_ReplicateLayout.replicate_layout 990:Src text UUid:b52260fc-952c-46c8-b122-1e46fb2e1597
01-03 15:13:33 com_github_MitjaNemec_ReplicateLayout.replicate_layout 991:Dst text UUid:23db83d3-3531-43fc-ba76-e2a73d9f6769
01-03 15:13:33 com_github_MitjaNemec_ReplicateLayout.replicate_layout 990:Src text UUid:01648903-2f4e-4ed8-aefb-9f8452e127f2
01-03 15:13:33 com_github_MitjaNemec_ReplicateLayout.replicate_layout 991:Dst text UUid:11d2edb8-5588-4620-b8be-b5faa9f81d7d
01-03 15:13:33 com_github_MitjaNemec_ReplicateLayout.replicate_layout 888:Replicating footprint: 'C57'
01-03 15:13:33 com_github_MitjaNemec_ReplicateLayout.replicate_layout 835:Src fp.id: '2D6950AB-16DC-4195-84B4-93C30E2F9EF5'
01-03 15:13:33 com_github_MitjaNemec_ReplicateLayout.replicate_layout 839:Dst fp.id: '2D6950AB-16DC-4195-84B4-93C30E2F9EF5'
01-03 15:13:33 com_github_MitjaNemec_ReplicateLayout.replicate_layout 895:found match in dst footprint: 'C46'
01-03 15:13:33 com_github_MitjaNemec_ReplicateLayout.replicate_layout 990:Src text UUid:43b18b2f-1cf6-47e3-8bf2-5c2b23a9a8d8
01-03 15:13:33 com_github_MitjaNemec_ReplicateLayout.replicate_layout 991:Dst text UUid:e1f821e9-4b04-4e4a-82ba-200fa09a4763
01-03 15:13:33 com_github_MitjaNemec_ReplicateLayout.replicate_layout 990:Src text UUid:106c22f9-5598-4660-89be-f22dc8e2245f
01-03 15:13:33 com_github_MitjaNemec_ReplicateLayout.replicate_layout 991:Dst text UUid:5e0a1cf4-71c5-4f90-8790-524c897eb4f8
01-03 15:13:33 com_github_MitjaNemec_ReplicateLayout.replicate_layout 990:Src text UUid:2b891d62-e907-443f-9644-4987c7228142
01-03 15:13:33 com_github_MitjaNemec_ReplicateLayout.replicate_layout 991:Dst text UUid:18ada1c4-12c2-4213-802b-683b30d318cf
01-03 15:13:33 com_github_MitjaNemec_ReplicateLayout.replicate_layout 870:Replicating footprints on sheet ['Power', 'PanelPower4']
01-03 15:13:33 com_github_MitjaNemec_ReplicateLayout.replicate_layout 835:Src fp.id: '32C03665-81AD-4C52-ABB2-B387C2B13484'
01-03 15:13:33 com_github_MitjaNemec_ReplicateLayout.replicate_layout 839:Dst fp.id: '32C03665-81AD-4C52-ABB2-B387C2B13484'
01-03 15:13:33 com_github_MitjaNemec_ReplicateLayout.replicate_layout 888:Replicating footprint: 'R47'
01-03 15:13:33 com_github_MitjaNemec_ReplicateLayout.replicate_layout 835:Src fp.id: 'DDA96FB6-99D4-4328-93DD-49073939E536'
01-03 15:13:33 com_github_MitjaNemec_ReplicateLayout.replicate_layout 839:Dst fp.id: 'DDA96FB6-99D4-4328-93DD-49073939E536'
01-03 15:13:33 com_github_MitjaNemec_ReplicateLayout.replicate_layout 895:found match in dst footprint: 'R57'
01-03 15:13:33 com_github_MitjaNemec_ReplicateLayout.replicate_layout 990:Src text UUid:5eebeef8-3633-4cdb-bd13-4bd0c546a865
01-03 15:13:33 com_github_MitjaNemec_ReplicateLayout.replicate_layout 991:Dst text UUid:48a9281b-21e4-45bb-a159-d808f8e4a593
01-03 15:13:33 com_github_MitjaNemec_ReplicateLayout.replicate_layout 990:Src text UUid:a9cb349d-ba0b-40d3-8815-78d46d6fb429
01-03 15:13:33 com_github_MitjaNemec_ReplicateLayout.replicate_layout 991:Dst text UUid:4f21dcde-dd45-4b9a-a7ff-d3ee3b5ec35f
01-03 15:13:33 com_github_MitjaNemec_ReplicateLayout.replicate_layout 990:Src text UUid:fd0f9f47-ef2b-4396-8517-b6f7852bd90f
01-03 15:13:33 com_github_MitjaNemec_ReplicateLayout.replicate_layout 991:Dst text UUid:c6136ebc-096e-431c-812e-aa7bc41198fb
01-03 15:13:33 com_github_MitjaNemec_ReplicateLayout.replicate_layout 888:Replicating footprint: 'JP7'
01-03 15:13:33 com_github_MitjaNemec_ReplicateLayout.replicate_layout 835:Src fp.id: '80D8C73D-D2D8-4263-9136-22CF130BEC72'
01-03 15:13:33 com_github_MitjaNemec_ReplicateLayout.replicate_layout 839:Dst fp.id: '80D8C73D-D2D8-4263-9136-22CF130BEC72'
01-03 15:13:33 com_github_MitjaNemec_ReplicateLayout.replicate_layout 895:found match in dst footprint: 'JP9'
01-03 15:13:33 com_github_MitjaNemec_ReplicateLayout.replicate_layout 990:Src text UUid:de19ec89-b66b-4575-aceb-99d8c7271811
01-03 15:13:33 com_github_MitjaNemec_ReplicateLayout.replicate_layout 991:Dst text UUid:5cecc7b6-da62-49ca-bbec-912e55f30103
01-03 15:13:33 com_github_MitjaNemec_ReplicateLayout.replicate_layout 990:Src text UUid:9179e477-a192-4cd6-95b5-ac57b6ed478a
01-03 15:13:33 com_github_MitjaNemec_ReplicateLayout.replicate_layout 991:Dst text UUid:145f0233-0292-40f5-89ad-f4feca92f20e
01-03 15:13:33 com_github_MitjaNemec_ReplicateLayout.replicate_layout 888:Replicating footprint: 'C49'
01-03 15:13:33 com_github_MitjaNemec_ReplicateLayout.replicate_layout 835:Src fp.id: '38305697-4F79-4CA2-BB9A-59C5A87B4A2A'
01-03 15:13:33 com_github_MitjaNemec_ReplicateLayout.replicate_layout 839:Dst fp.id: '38305697-4F79-4CA2-BB9A-59C5A87B4A2A'
01-03 15:13:33 com_github_MitjaNemec_ReplicateLayout.replicate_layout 895:found match in dst footprint: 'C60'
01-03 15:13:33 com_github_MitjaNemec_ReplicateLayout.replicate_layout 990:Src text UUid:3aa12e9d-6716-41b4-8880-077047da1706
01-03 15:13:33 com_github_MitjaNemec_ReplicateLayout.replicate_layout 991:Dst text UUid:febecf34-514d-4026-9dda-c04841ffea1e
01-03 15:13:33 com_github_MitjaNemec_ReplicateLayout.replicate_layout 990:Src text UUid:a2013fcf-d8e5-42c9-b6c2-cdb45d0d7fe9
01-03 15:13:33 com_github_MitjaNemec_ReplicateLayout.replicate_layout 991:Dst text UUid:a55fa191-2613-4d7e-ae6d-49ad4e77af2a
01-03 15:13:33 com_github_MitjaNemec_ReplicateLayout.replicate_layout 990:Src text UUid:a188a47d-d6ff-4642-be1c-37d610678c53
01-03 15:13:33 com_github_MitjaNemec_ReplicateLayout.replicate_layout 991:Dst text UUid:010cbbd2-003d-4b78-980f-d15458d22e8a
01-03 15:13:33 com_github_MitjaNemec_ReplicateLayout.replicate_layout 888:Replicating footprint: 'BUCK_LED3'
01-03 15:13:33 com_github_MitjaNemec_ReplicateLayout.replicate_layout 835:Src fp.id: '367239AA-4B29-426D-86F3-DF42EAE7C682'
01-03 15:13:33 com_github_MitjaNemec_ReplicateLayout.replicate_layout 839:Dst fp.id: '367239AA-4B29-426D-86F3-DF42EAE7C682'
01-03 15:13:33 com_github_MitjaNemec_ReplicateLayout.replicate_layout 895:found match in dst footprint: 'BUCK_LED4'
01-03 15:13:33 com_github_MitjaNemec_ReplicateLayout.replicate_layout 990:Src text UUid:f9a161b9-7bc0-4575-9ad5-1d1072e2c048
01-03 15:13:33 com_github_MitjaNemec_ReplicateLayout.replicate_layout 991:Dst text UUid:c02da0be-96ac-432a-a6dd-019c6078972c
01-03 15:13:33 com_github_MitjaNemec_ReplicateLayout.replicate_layout 990:Src text UUid:0927280a-1c43-4faf-a57e-7d8a84e7d0f2
01-03 15:13:33 com_github_MitjaNemec_ReplicateLayout.replicate_layout 991:Dst text UUid:d58c13e7-7ee3-4fad-9efa-bafb47cd6c9e
01-03 15:13:33 com_github_MitjaNemec_ReplicateLayout.replicate_layout 990:Src text UUid:d55d30e2-3ed2-438f-b74b-168513deb478
01-03 15:13:33 com_github_MitjaNemec_ReplicateLayout.replicate_layout 991:Dst text UUid:7debec7b-1959-4048-a987-98b161788630
01-03 15:13:33 com_github_MitjaNemec_ReplicateLayout.replicate_layout 888:Replicating footprint: 'C52'
01-03 15:13:33 com_github_MitjaNemec_ReplicateLayout.replicate_layout 835:Src fp.id: '0FA7B47C-F9D4-41F7-BDB3-E428C9CE346D'
01-03 15:13:33 com_github_MitjaNemec_ReplicateLayout.replicate_layout 839:Dst fp.id: '0FA7B47C-F9D4-41F7-BDB3-E428C9CE346D'
01-03 15:13:33 com_github_MitjaNemec_ReplicateLayout.replicate_layout 895:found match in dst footprint: 'C63'
01-03 15:13:33 com_github_MitjaNemec_ReplicateLayout.replicate_layout 990:Src text UUid:4ad40a67-4c34-4d99-b87a-3b07f2956ab9
01-03 15:13:33 com_github_MitjaNemec_ReplicateLayout.replicate_layout 991:Dst text UUid:32bad2dd-f562-4b6e-8135-9b9cf92d3df9
01-03 15:13:33 com_github_MitjaNemec_ReplicateLayout.replicate_layout 990:Src text UUid:888464a9-7817-4d1a-8b3b-192bd773a920
01-03 15:13:33 com_github_MitjaNemec_ReplicateLayout.replicate_layout 991:Dst text UUid:cae4fe17-06f3-4aaf-82da-bb34e64dbda4
01-03 15:13:33 com_github_MitjaNemec_ReplicateLayout.replicate_layout 990:Src text UUid:433d53ed-9e75-471e-a22e-706eb431054b
01-03 15:13:33 com_github_MitjaNemec_ReplicateLayout.replicate_layout 991:Dst text UUid:a1f85869-60ff-45a1-a11c-8daf6676ad22
01-03 15:13:33 com_github_MitjaNemec_ReplicateLayout.replicate_layout 888:Replicating footprint: 'C47'
01-03 15:13:33 com_github_MitjaNemec_ReplicateLayout.replicate_layout 835:Src fp.id: '542A0383-0096-4FDD-9B08-53D0B34F1882'
01-03 15:13:33 com_github_MitjaNemec_ReplicateLayout.replicate_layout 839:Dst fp.id: '542A0383-0096-4FDD-9B08-53D0B34F1882'
01-03 15:13:33 com_github_MitjaNemec_ReplicateLayout.replicate_layout 895:found match in dst footprint: 'C58'
01-03 15:13:33 com_github_MitjaNemec_ReplicateLayout.replicate_layout 990:Src text UUid:6cd83171-eeaa-4876-9c1a-abbb567db925
01-03 15:13:33 com_github_MitjaNemec_ReplicateLayout.replicate_layout 991:Dst text UUid:4148645d-35a9-4ad7-9317-e3e294d9bbe4
01-03 15:13:33 com_github_MitjaNemec_ReplicateLayout.replicate_layout 990:Src text UUid:e2cc74a5-64b2-44b7-b5f2-dc3dd5847973
01-03 15:13:33 com_github_MitjaNemec_ReplicateLayout.replicate_layout 991:Dst text UUid:377db8cf-f9b8-4a1f-a5ce-80825bf691a7
01-03 15:13:33 com_github_MitjaNemec_ReplicateLayout.replicate_layout 990:Src text UUid:b33668d9-f36c-4a14-8aa4-7e7ad6241fcd
01-03 15:13:33 com_github_MitjaNemec_ReplicateLayout.replicate_layout 991:Dst text UUid:3aa07ca1-3ece-444e-9911-a8624b006d44
01-03 15:13:33 com_github_MitjaNemec_ReplicateLayout.replicate_layout 888:Replicating footprint: 'R49'
01-03 15:13:33 com_github_MitjaNemec_ReplicateLayout.replicate_layout 835:Src fp.id: '31325D64-BD1E-4557-A52B-2DF06234182A'
01-03 15:13:33 com_github_MitjaNemec_ReplicateLayout.replicate_layout 839:Dst fp.id: '31325D64-BD1E-4557-A52B-2DF06234182A'
01-03 15:13:33 com_github_MitjaNemec_ReplicateLayout.replicate_layout 895:found match in dst footprint: 'R59'
01-03 15:13:33 com_github_MitjaNemec_ReplicateLayout.replicate_layout 990:Src text UUid:6458b127-935c-49c8-afc2-6fd6aee7d99f
01-03 15:13:33 com_github_MitjaNemec_ReplicateLayout.replicate_layout 991:Dst text UUid:b1605256-f6a2-4925-85e2-a2232c767c81
01-03 15:13:33 com_github_MitjaNemec_ReplicateLayout.replicate_layout 990:Src text UUid:9b8619ea-ff91-43d8-b0d2-118e68b4bcdd
01-03 15:13:33 com_github_MitjaNemec_ReplicateLayout.replicate_layout 991:Dst text UUid:b210cead-3ac2-4555-ac08-1af1fa51750c
01-03 15:13:33 com_github_MitjaNemec_ReplicateLayout.replicate_layout 990:Src text UUid:e82effc8-3dfd-4309-ba5f-b0e116fd7a66
01-03 15:13:33 com_github_MitjaNemec_ReplicateLayout.replicate_layout 991:Dst text UUid:1bdd573d-24d9-437d-a300-0d86b69acbf8
01-03 15:13:33 com_github_MitjaNemec_ReplicateLayout.replicate_layout 888:Replicating footprint: 'J9'
01-03 15:13:33 com_github_MitjaNemec_ReplicateLayout.replicate_layout 835:Src fp.id: '32C03665-81AD-4C52-ABB2-B387C2B13484'
01-03 15:13:33 com_github_MitjaNemec_ReplicateLayout.replicate_layout 839:Dst fp.id: '32C03665-81AD-4C52-ABB2-B387C2B13484'
01-03 15:13:33 com_github_MitjaNemec_ReplicateLayout.replicate_layout 895:found match in dst footprint: 'J10'
01-03 15:13:33 com_github_MitjaNemec_ReplicateLayout.replicate_layout 990:Src text UUid:f28140b2-2aa7-46f8-8b23-191cea44d223
01-03 15:13:33 com_github_MitjaNemec_ReplicateLayout.replicate_layout 991:Dst text UUid:5dbdea97-518b-4707-9169-8afefd4b04ff
01-03 15:13:33 com_github_MitjaNemec_ReplicateLayout.replicate_layout 990:Src text UUid:376cbb08-d275-4526-a735-cc6d901b8762
01-03 15:13:33 com_github_MitjaNemec_ReplicateLayout.replicate_layout 991:Dst text UUid:5ca1f113-c0ba-4460-8cbb-9bb9ccc5bd48
01-03 15:13:33 com_github_MitjaNemec_ReplicateLayout.replicate_layout 990:Src text UUid:046c735a-4f06-4eb7-91c4-d9ae199e9e58
01-03 15:13:33 com_github_MitjaNemec_ReplicateLayout.replicate_layout 991:Dst text UUid:3fcbf06a-230f-4f98-bec5-a3dbfea1f879
01-03 15:13:33 com_github_MitjaNemec_ReplicateLayout.replicate_layout 888:Replicating footprint: 'L3'
01-03 15:13:33 com_github_MitjaNemec_ReplicateLayout.replicate_layout 835:Src fp.id: '730639AE-6855-4555-8C5A-EC41B7854BF8'
01-03 15:13:33 com_github_MitjaNemec_ReplicateLayout.replicate_layout 839:Dst fp.id: '730639AE-6855-4555-8C5A-EC41B7854BF8'
01-03 15:13:33 com_github_MitjaNemec_ReplicateLayout.replicate_layout 895:found match in dst footprint: 'L4'
01-03 15:13:33 com_github_MitjaNemec_ReplicateLayout.replicate_layout 990:Src text UUid:cb396d4b-0cba-4dc3-9a46-1d09d854a17b
01-03 15:13:33 com_github_MitjaNemec_ReplicateLayout.replicate_layout 991:Dst text UUid:4b3d7b13-e187-4fbf-bbd0-e023d4953648
01-03 15:13:33 com_github_MitjaNemec_ReplicateLayout.replicate_layout 990:Src text UUid:43c0790f-213b-4de6-b476-75c2a8003525
01-03 15:13:33 com_github_MitjaNemec_ReplicateLayout.replicate_layout 991:Dst text UUid:d60dc19c-ea84-48ef-94d5-b54619f72f7d
01-03 15:13:33 com_github_MitjaNemec_ReplicateLayout.replicate_layout 990:Src text UUid:73c49563-61c4-4439-9f72-2e3851875c23
01-03 15:13:33 com_github_MitjaNemec_ReplicateLayout.replicate_layout 991:Dst text UUid:989e2f4b-d645-4ed6-bc7c-50a0d73ba370
01-03 15:13:33 com_github_MitjaNemec_ReplicateLayout.replicate_layout 888:Replicating footprint: 'R55'
01-03 15:13:33 com_github_MitjaNemec_ReplicateLayout.replicate_layout 835:Src fp.id: 'FB57D091-BAEF-4442-9A4D-28B7436F7DCF'
01-03 15:13:33 com_github_MitjaNemec_ReplicateLayout.replicate_layout 839:Dst fp.id: 'FB57D091-BAEF-4442-9A4D-28B7436F7DCF'
01-03 15:13:33 com_github_MitjaNemec_ReplicateLayout.replicate_layout 895:found match in dst footprint: 'R65'
01-03 15:13:33 com_github_MitjaNemec_ReplicateLayout.replicate_layout 990:Src text UUid:06a8ef51-6654-4dd2-8a17-d7fd8340b121
01-03 15:13:33 com_github_MitjaNemec_ReplicateLayout.replicate_layout 991:Dst text UUid:9abb2a5c-1595-47f6-980a-b2ad6ba06d94
01-03 15:13:33 com_github_MitjaNemec_ReplicateLayout.replicate_layout 990:Src text UUid:da744707-47b2-4801-b1a0-0b7e44ed94c7
01-03 15:13:33 com_github_MitjaNemec_ReplicateLayout.replicate_layout 991:Dst text UUid:64f39541-08d4-4a6f-aa56-bcf5b4acc50b
01-03 15:13:33 com_github_MitjaNemec_ReplicateLayout.replicate_layout 990:Src text UUid:12e48482-da06-44e9-abbe-6cf08e55af83
01-03 15:13:33 com_github_MitjaNemec_ReplicateLayout.replicate_layout 991:Dst text UUid:773bc436-0e14-41a7-ac7d-10991d11a93c
01-03 15:13:33 com_github_MitjaNemec_ReplicateLayout.replicate_layout 888:Replicating footprint: 'R54'
01-03 15:13:33 com_github_MitjaNemec_ReplicateLayout.replicate_layout 835:Src fp.id: '8668DA15-3568-430D-ACB7-FA2C6A4A699A'
01-03 15:13:33 com_github_MitjaNemec_ReplicateLayout.replicate_layout 839:Dst fp.id: '8668DA15-3568-430D-ACB7-FA2C6A4A699A'
01-03 15:13:33 com_github_MitjaNemec_ReplicateLayout.replicate_layout 895:found match in dst footprint: 'R64'
01-03 15:13:33 com_github_MitjaNemec_ReplicateLayout.replicate_layout 990:Src text UUid:7a99d63a-eda1-4615-a248-3af1f4164e96
01-03 15:13:33 com_github_MitjaNemec_ReplicateLayout.replicate_layout 991:Dst text UUid:6d8209f5-4137-434e-b84a-916e7a950efc
01-03 15:13:33 com_github_MitjaNemec_ReplicateLayout.replicate_layout 990:Src text UUid:f4728c45-830f-4279-8f84-d7baf5de37cd
01-03 15:13:33 com_github_MitjaNemec_ReplicateLayout.replicate_layout 991:Dst text UUid:248d9317-47d7-40a2-b2a9-c275706fa851
01-03 15:13:33 com_github_MitjaNemec_ReplicateLayout.replicate_layout 990:Src text UUid:1bf345d5-4b87-45c6-8406-4aa824599f45
01-03 15:13:33 com_github_MitjaNemec_ReplicateLayout.replicate_layout 991:Dst text UUid:56fd7dee-d6d6-4f1f-a9a7-7f33bc7dcaee
01-03 15:13:33 com_github_MitjaNemec_ReplicateLayout.replicate_layout 888:Replicating footprint: 'R51'
01-03 15:13:33 com_github_MitjaNemec_ReplicateLayout.replicate_layout 835:Src fp.id: 'EB7C565C-E7D9-4038-A24C-0BC3787A98CD'
01-03 15:13:33 com_github_MitjaNemec_ReplicateLayout.replicate_layout 839:Dst fp.id: 'EB7C565C-E7D9-4038-A24C-0BC3787A98CD'
01-03 15:13:33 com_github_MitjaNemec_ReplicateLayout.replicate_layout 895:found match in dst footprint: 'R61'
01-03 15:13:33 com_github_MitjaNemec_ReplicateLayout.replicate_layout 990:Src text UUid:f6b654ec-1b05-4ceb-a593-21228eafb417
01-03 15:13:33 com_github_MitjaNemec_ReplicateLayout.replicate_layout 991:Dst text UUid:4b3242cc-f51c-4b82-97fc-c26305552268
01-03 15:13:33 com_github_MitjaNemec_ReplicateLayout.replicate_layout 990:Src text UUid:71241f71-3ae2-4aa2-93ac-91d81f6f93ac
01-03 15:13:33 com_github_MitjaNemec_ReplicateLayout.replicate_layout 991:Dst text UUid:42e9a98a-bb99-4014-97c2-bc5b30a4db8b
01-03 15:13:33 com_github_MitjaNemec_ReplicateLayout.replicate_layout 990:Src text UUid:02b1619c-2a2d-4fce-887c-32ef24ffae75
01-03 15:13:33 com_github_MitjaNemec_ReplicateLayout.replicate_layout 991:Dst text UUid:7062d199-4196-44d7-9d63-0c33e648e69f
01-03 15:13:33 com_github_MitjaNemec_ReplicateLayout.replicate_layout 888:Replicating footprint: 'TP5'
01-03 15:13:33 com_github_MitjaNemec_ReplicateLayout.replicate_layout 835:Src fp.id: 'D7538B5D-2F8E-4AAB-92F2-97648D350BE3'
01-03 15:13:33 com_github_MitjaNemec_ReplicateLayout.replicate_layout 839:Dst fp.id: 'D7538B5D-2F8E-4AAB-92F2-97648D350BE3'
01-03 15:13:33 com_github_MitjaNemec_ReplicateLayout.replicate_layout 895:found match in dst footprint: 'TP6'
01-03 15:13:33 com_github_MitjaNemec_ReplicateLayout.replicate_layout 990:Src text UUid:ecf5e3d4-9b01-4a6a-b61c-d7ccdd53b41f
01-03 15:13:33 com_github_MitjaNemec_ReplicateLayout.replicate_layout 991:Dst text UUid:22b3bff2-7f92-4a54-8384-a0a189ac0ed3
01-03 15:13:33 com_github_MitjaNemec_ReplicateLayout.replicate_layout 990:Src text UUid:0801c82d-8105-416b-9b74-999ffe6e469a
01-03 15:13:33 com_github_MitjaNemec_ReplicateLayout.replicate_layout 991:Dst text UUid:b44f94bd-a18d-4166-8656-7da3e1441d34
01-03 15:13:33 com_github_MitjaNemec_ReplicateLayout.replicate_layout 990:Src text UUid:f355c231-1814-4d15-94f6-85971b7a52e5
01-03 15:13:33 com_github_MitjaNemec_ReplicateLayout.replicate_layout 991:Dst text UUid:5be1c308-d8a4-454d-be60-6549f18f4490
01-03 15:13:33 com_github_MitjaNemec_ReplicateLayout.replicate_layout 888:Replicating footprint: 'R50'
01-03 15:13:33 root 345:updating GUI with: 82
01-03 15:13:33 com_github_MitjaNemec_ReplicateLayout.replicate_layout 835:Src fp.id: '93C53F67-0962-478C-BB8B-FE618E2F9379'
01-03 15:13:33 com_github_MitjaNemec_ReplicateLayout.replicate_layout 839:Dst fp.id: '93C53F67-0962-478C-BB8B-FE618E2F9379'
01-03 15:13:33 com_github_MitjaNemec_ReplicateLayout.replicate_layout 895:found match in dst footprint: 'R60'
01-03 15:13:33 com_github_MitjaNemec_ReplicateLayout.replicate_layout 990:Src text UUid:24aea941-d561-492b-821d-34285797c59e
01-03 15:13:33 com_github_MitjaNemec_ReplicateLayout.replicate_layout 991:Dst text UUid:d1f2f76a-2738-45a0-91f1-b2983d9f99ef
01-03 15:13:33 com_github_MitjaNemec_ReplicateLayout.replicate_layout 990:Src text UUid:c6539862-6e97-427f-908b-f4dbec9c60ae
01-03 15:13:33 com_github_MitjaNemec_ReplicateLayout.replicate_layout 991:Dst text UUid:2c1cb5be-7baf-4086-bde9-2fbccdb2c006
01-03 15:13:33 com_github_MitjaNemec_ReplicateLayout.replicate_layout 990:Src text UUid:ccc75771-d7c4-4cff-9412-eee8f07792b8
01-03 15:13:33 com_github_MitjaNemec_ReplicateLayout.replicate_layout 991:Dst text UUid:a6048f7d-d45a-4d51-985f-baf151263ea0
01-03 15:13:33 com_github_MitjaNemec_ReplicateLayout.replicate_layout 888:Replicating footprint: 'JP6'
01-03 15:13:33 com_github_MitjaNemec_ReplicateLayout.replicate_layout 835:Src fp.id: '2F746E4B-7C1F-4383-A716-A9CF1A5AEE3E'
01-03 15:13:33 com_github_MitjaNemec_ReplicateLayout.replicate_layout 839:Dst fp.id: '2F746E4B-7C1F-4383-A716-A9CF1A5AEE3E'
01-03 15:13:33 com_github_MitjaNemec_ReplicateLayout.replicate_layout 895:found match in dst footprint: 'JP8'
01-03 15:13:33 com_github_MitjaNemec_ReplicateLayout.replicate_layout 990:Src text UUid:c1857a19-1356-4ee2-9ec0-ae326e442bcf
01-03 15:13:33 com_github_MitjaNemec_ReplicateLayout.replicate_layout 991:Dst text UUid:17df4818-168c-4762-9af8-7fb74b7b394e
01-03 15:13:33 com_github_MitjaNemec_ReplicateLayout.replicate_layout 990:Src text UUid:d2d9b620-1360-4452-8bc5-0e2e090f452a
01-03 15:13:33 com_github_MitjaNemec_ReplicateLayout.replicate_layout 991:Dst text UUid:c7e74c66-9cec-42e9-af2c-c29c7e4a6db3
01-03 15:13:33 com_github_MitjaNemec_ReplicateLayout.replicate_layout 888:Replicating footprint: 'C53'
01-03 15:13:33 com_github_MitjaNemec_ReplicateLayout.replicate_layout 835:Src fp.id: 'DE7EB07B-CD0B-4F4C-ACFF-506A55608011'
01-03 15:13:33 com_github_MitjaNemec_ReplicateLayout.replicate_layout 839:Dst fp.id: 'DE7EB07B-CD0B-4F4C-ACFF-506A55608011'
01-03 15:13:33 com_github_MitjaNemec_ReplicateLayout.replicate_layout 895:found match in dst footprint: 'C64'
01-03 15:13:33 com_github_MitjaNemec_ReplicateLayout.replicate_layout 990:Src text UUid:35b1c72a-bc50-4292-b49c-04e195105326
01-03 15:13:33 com_github_MitjaNemec_ReplicateLayout.replicate_layout 991:Dst text UUid:c6fdb906-0ca8-484a-a740-3c83129768d8
01-03 15:13:33 com_github_MitjaNemec_ReplicateLayout.replicate_layout 990:Src text UUid:870d10d9-ccca-4f73-a521-65c790110c1d
01-03 15:13:33 com_github_MitjaNemec_ReplicateLayout.replicate_layout 991:Dst text UUid:08df5c3a-dc53-4ba8-a054-62808b900373
01-03 15:13:33 com_github_MitjaNemec_ReplicateLayout.replicate_layout 990:Src text UUid:00217b6b-3c34-4090-b9d6-89a227a02ae1
01-03 15:13:33 com_github_MitjaNemec_ReplicateLayout.replicate_layout 991:Dst text UUid:8f14ac97-fc03-427a-8cb3-62285f1c19d1
01-03 15:13:33 com_github_MitjaNemec_ReplicateLayout.replicate_layout 888:Replicating footprint: 'C56'
01-03 15:13:33 com_github_MitjaNemec_ReplicateLayout.replicate_layout 835:Src fp.id: '76CB2A87-FD0E-4819-BE00-6B828B3CF61E'
01-03 15:13:33 com_github_MitjaNemec_ReplicateLayout.replicate_layout 839:Dst fp.id: '76CB2A87-FD0E-4819-BE00-6B828B3CF61E'
01-03 15:13:33 com_github_MitjaNemec_ReplicateLayout.replicate_layout 895:found match in dst footprint: 'C67'
01-03 15:13:33 com_github_MitjaNemec_ReplicateLayout.replicate_layout 990:Src text UUid:efac8b54-4432-4e62-a6ec-0e777230b5d1
01-03 15:13:33 com_github_MitjaNemec_ReplicateLayout.replicate_layout 991:Dst text UUid:cdfe8cdd-f7ac-463b-a1fc-888869064103
01-03 15:13:33 com_github_MitjaNemec_ReplicateLayout.replicate_layout 990:Src text UUid:540d1534-31ce-4913-b890-44fe0c1a4d91
01-03 15:13:33 com_github_MitjaNemec_ReplicateLayout.replicate_layout 991:Dst text UUid:2ab63f79-9b91-4f4b-9630-508e30a01c6b
01-03 15:13:33 com_github_MitjaNemec_ReplicateLayout.replicate_layout 990:Src text UUid:0f13025d-88dd-4dcf-a03f-029aaaca9ec0
01-03 15:13:33 com_github_MitjaNemec_ReplicateLayout.replicate_layout 991:Dst text UUid:759fab90-db8f-4fab-b2e3-76596bfcb6ec
01-03 15:13:33 com_github_MitjaNemec_ReplicateLayout.replicate_layout 888:Replicating footprint: 'C51'
01-03 15:13:33 com_github_MitjaNemec_ReplicateLayout.replicate_layout 835:Src fp.id: '82807167-0329-4E60-BFFE-01F640320591'
01-03 15:13:33 com_github_MitjaNemec_ReplicateLayout.replicate_layout 839:Dst fp.id: '82807167-0329-4E60-BFFE-01F640320591'
01-03 15:13:33 com_github_MitjaNemec_ReplicateLayout.replicate_layout 895:found match in dst footprint: 'C62'
01-03 15:13:33 com_github_MitjaNemec_ReplicateLayout.replicate_layout 990:Src text UUid:3d832c56-3e0b-486d-9afa-d4624467fa6c
01-03 15:13:33 com_github_MitjaNemec_ReplicateLayout.replicate_layout 991:Dst text UUid:462d5231-68bb-4e9c-aea8-d61e0b029d03
01-03 15:13:33 com_github_MitjaNemec_ReplicateLayout.replicate_layout 990:Src text UUid:9da788f0-b5e9-43d5-bfe6-91622609ad0d
01-03 15:13:33 com_github_MitjaNemec_ReplicateLayout.replicate_layout 991:Dst text UUid:d4d88020-8d83-400d-bd4c-9f3d41a32081
01-03 15:13:33 com_github_MitjaNemec_ReplicateLayout.replicate_layout 990:Src text UUid:a391c9a2-adf5-41f7-ba90-d2cbaa11a81e
01-03 15:13:33 com_github_MitjaNemec_ReplicateLayout.replicate_layout 991:Dst text UUid:9895e73a-5a47-4c12-bab5-18c6cbbed58c
01-03 15:13:33 com_github_MitjaNemec_ReplicateLayout.replicate_layout 888:Replicating footprint: 'R53'
01-03 15:13:33 com_github_MitjaNemec_ReplicateLayout.replicate_layout 835:Src fp.id: '969BA0E2-F1FD-4257-AFFF-78FBF29812AE'
01-03 15:13:33 com_github_MitjaNemec_ReplicateLayout.replicate_layout 839:Dst fp.id: '969BA0E2-F1FD-4257-AFFF-78FBF29812AE'
01-03 15:13:33 com_github_MitjaNemec_ReplicateLayout.replicate_layout 895:found match in dst footprint: 'R63'
01-03 15:13:33 com_github_MitjaNemec_ReplicateLayout.replicate_layout 990:Src text UUid:02235098-40bd-4919-9b84-fdb34cd4d671
01-03 15:13:33 com_github_MitjaNemec_ReplicateLayout.replicate_layout 991:Dst text UUid:bf6664fd-dc3c-46e7-b272-ec1a0adcadf4
01-03 15:13:33 com_github_MitjaNemec_ReplicateLayout.replicate_layout 990:Src text UUid:ba167268-704d-40c5-9c34-b7b4885c2514
01-03 15:13:33 com_github_MitjaNemec_ReplicateLayout.replicate_layout 991:Dst text UUid:dc99d3a1-5462-42be-8237-ee80e8ca1f51
01-03 15:13:33 com_github_MitjaNemec_ReplicateLayout.replicate_layout 990:Src text UUid:67b268b7-966c-4c3c-b97d-5ecd42b3f181
01-03 15:13:33 com_github_MitjaNemec_ReplicateLayout.replicate_layout 991:Dst text UUid:30ac27fc-ffa0-4519-bd5c-d21598c10b6c
01-03 15:13:33 com_github_MitjaNemec_ReplicateLayout.replicate_layout 888:Replicating footprint: 'C55'
01-03 15:13:33 com_github_MitjaNemec_ReplicateLayout.replicate_layout 835:Src fp.id: 'BB4DD7F7-A3B4-4277-A3F7-B9ED57F0EE32'
01-03 15:13:33 com_github_MitjaNemec_ReplicateLayout.replicate_layout 839:Dst fp.id: 'BB4DD7F7-A3B4-4277-A3F7-B9ED57F0EE32'
01-03 15:13:33 com_github_MitjaNemec_ReplicateLayout.replicate_layout 895:found match in dst footprint: 'C66'
01-03 15:13:33 com_github_MitjaNemec_ReplicateLayout.replicate_layout 990:Src text UUid:5b07b5df-2861-4bf4-aff3-9f1f0923a2bd
01-03 15:13:33 com_github_MitjaNemec_ReplicateLayout.replicate_layout 991:Dst text UUid:dcb66186-6575-4f7e-bd63-fa3afad70403
01-03 15:13:33 com_github_MitjaNemec_ReplicateLayout.replicate_layout 990:Src text UUid:dc2eca93-b089-4f9a-a688-621925f09fb3
01-03 15:13:33 com_github_MitjaNemec_ReplicateLayout.replicate_layout 991:Dst text UUid:e80c35f7-c958-4be1-8b87-f84b8d3e8039
01-03 15:13:33 com_github_MitjaNemec_ReplicateLayout.replicate_layout 990:Src text UUid:b3690ef1-423b-4447-a4ba-9e67bd7bd29c
01-03 15:13:33 com_github_MitjaNemec_ReplicateLayout.replicate_layout 991:Dst text UUid:3115b788-b3d1-4c43-b077-52b17659a28a
01-03 15:13:33 com_github_MitjaNemec_ReplicateLayout.replicate_layout 888:Replicating footprint: 'R46'
01-03 15:13:33 com_github_MitjaNemec_ReplicateLayout.replicate_layout 835:Src fp.id: '1C44D629-BC0D-4824-A190-636F2E20A636'
01-03 15:13:33 com_github_MitjaNemec_ReplicateLayout.replicate_layout 839:Dst fp.id: '1C44D629-BC0D-4824-A190-636F2E20A636'
01-03 15:13:33 com_github_MitjaNemec_ReplicateLayout.replicate_layout 895:found match in dst footprint: 'R56'
01-03 15:13:33 com_github_MitjaNemec_ReplicateLayout.replicate_layout 990:Src text UUid:c4f424d4-cdbd-49dd-b55d-eab495210bb1
01-03 15:13:33 com_github_MitjaNemec_ReplicateLayout.replicate_layout 991:Dst text UUid:0d8b0fe3-3312-460a-8f1b-b0dda233b674
01-03 15:13:33 com_github_MitjaNemec_ReplicateLayout.replicate_layout 990:Src text UUid:c1e513c4-8fca-4793-9446-5b9a41dc6fae
01-03 15:13:33 com_github_MitjaNemec_ReplicateLayout.replicate_layout 991:Dst text UUid:c5e70e16-9e4c-46df-a6e9-8f0074e56ea7
01-03 15:13:33 com_github_MitjaNemec_ReplicateLayout.replicate_layout 990:Src text UUid:6b15035a-7a2f-485e-bf3a-df5ded64764c
01-03 15:13:33 com_github_MitjaNemec_ReplicateLayout.replicate_layout 991:Dst text UUid:b2ac1c88-7f09-4475-a38b-468f090c18ed
01-03 15:13:33 com_github_MitjaNemec_ReplicateLayout.replicate_layout 888:Replicating footprint: 'BUCK_eFUSE_LED3'
01-03 15:13:33 com_github_MitjaNemec_ReplicateLayout.replicate_layout 835:Src fp.id: '4FA1E4C3-74F6-43C6-9945-EF91ADCB62C9'
01-03 15:13:33 com_github_MitjaNemec_ReplicateLayout.replicate_layout 839:Dst fp.id: '4FA1E4C3-74F6-43C6-9945-EF91ADCB62C9'
01-03 15:13:33 com_github_MitjaNemec_ReplicateLayout.replicate_layout 895:found match in dst footprint: 'BUCK_eFUSE_LED4'
01-03 15:13:33 com_github_MitjaNemec_ReplicateLayout.replicate_layout 990:Src text UUid:20c1a6e6-5d7c-4b37-9300-80651641fca0
01-03 15:13:33 com_github_MitjaNemec_ReplicateLayout.replicate_layout 991:Dst text UUid:26bd64d8-d639-46da-89e7-3a58679c9af0
01-03 15:13:33 com_github_MitjaNemec_ReplicateLayout.replicate_layout 990:Src text UUid:1322bf43-ad66-4413-a3a2-fbd3857fa58a
01-03 15:13:33 com_github_MitjaNemec_ReplicateLayout.replicate_layout 991:Dst text UUid:e6b90334-da84-4088-b1e5-1c77f5ec9619
01-03 15:13:33 com_github_MitjaNemec_ReplicateLayout.replicate_layout 990:Src text UUid:6f867dd9-5e7f-44af-ba98-e0e8d6bc2626
01-03 15:13:33 com_github_MitjaNemec_ReplicateLayout.replicate_layout 991:Dst text UUid:6a930512-263a-4a07-94d7-99c8dc3a56e4
01-03 15:13:33 com_github_MitjaNemec_ReplicateLayout.replicate_layout 888:Replicating footprint: 'C50'
01-03 15:13:33 com_github_MitjaNemec_ReplicateLayout.replicate_layout 835:Src fp.id: '5F2E4265-BDAF-49C7-82F9-46AA5959DBBA'
01-03 15:13:33 com_github_MitjaNemec_ReplicateLayout.replicate_layout 839:Dst fp.id: '5F2E4265-BDAF-49C7-82F9-46AA5959DBBA'
01-03 15:13:33 com_github_MitjaNemec_ReplicateLayout.replicate_layout 895:found match in dst footprint: 'C61'
01-03 15:13:33 com_github_MitjaNemec_ReplicateLayout.replicate_layout 990:Src text UUid:1f8fa03d-5720-4b27-a559-560dfe0883b4
01-03 15:13:33 com_github_MitjaNemec_ReplicateLayout.replicate_layout 991:Dst text UUid:62fb7578-5052-4c9f-9640-407a2ccb9f0e
01-03 15:13:33 com_github_MitjaNemec_ReplicateLayout.replicate_layout 990:Src text UUid:e4b9e2b1-59e4-41f7-ace4-c43bd2c82536
01-03 15:13:33 com_github_MitjaNemec_ReplicateLayout.replicate_layout 991:Dst text UUid:f2234aeb-41b0-48c3-9e81-e71380671645
01-03 15:13:33 com_github_MitjaNemec_ReplicateLayout.replicate_layout 990:Src text UUid:edf54a60-dff3-4292-87ea-9fa218f3f734
01-03 15:13:33 com_github_MitjaNemec_ReplicateLayout.replicate_layout 991:Dst text UUid:33965753-62eb-4f3d-b86a-a0d75d2e90df
01-03 15:13:33 com_github_MitjaNemec_ReplicateLayout.replicate_layout 888:Replicating footprint: 'R52'
01-03 15:13:33 com_github_MitjaNemec_ReplicateLayout.replicate_layout 835:Src fp.id: '58E510CE-1070-40ED-811D-8A395EB86B3F'
01-03 15:13:33 com_github_MitjaNemec_ReplicateLayout.replicate_layout 839:Dst fp.id: '58E510CE-1070-40ED-811D-8A395EB86B3F'
01-03 15:13:33 com_github_MitjaNemec_ReplicateLayout.replicate_layout 895:found match in dst footprint: 'R62'
01-03 15:13:33 com_github_MitjaNemec_ReplicateLayout.replicate_layout 990:Src text UUid:32170aa7-a945-4737-854d-6ed1b3dfc796
01-03 15:13:33 com_github_MitjaNemec_ReplicateLayout.replicate_layout 991:Dst text UUid:3ec642f5-c525-4e27-8dc7-38d99926f7e2
01-03 15:13:33 com_github_MitjaNemec_ReplicateLayout.replicate_layout 990:Src text UUid:35bbb5b7-fa7c-445d-9d99-686ec186a7cd
01-03 15:13:33 com_github_MitjaNemec_ReplicateLayout.replicate_layout 991:Dst text UUid:0cb84e89-40e5-46a4-9a92-70fb8ae43b66
01-03 15:13:33 com_github_MitjaNemec_ReplicateLayout.replicate_layout 990:Src text UUid:d3575b72-5c72-4269-bc59-bd2c37003bd2
01-03 15:13:33 com_github_MitjaNemec_ReplicateLayout.replicate_layout 991:Dst text UUid:84446e12-850c-45ec-981b-1d13967a8d8b
01-03 15:13:33 com_github_MitjaNemec_ReplicateLayout.replicate_layout 888:Replicating footprint: 'C54'
01-03 15:13:33 com_github_MitjaNemec_ReplicateLayout.replicate_layout 835:Src fp.id: '34F720D8-0BF7-474D-8A31-30438C38D403'
01-03 15:13:33 com_github_MitjaNemec_ReplicateLayout.replicate_layout 839:Dst fp.id: '34F720D8-0BF7-474D-8A31-30438C38D403'
01-03 15:13:33 com_github_MitjaNemec_ReplicateLayout.replicate_layout 895:found match in dst footprint: 'C65'
01-03 15:13:33 com_github_MitjaNemec_ReplicateLayout.replicate_layout 990:Src text UUid:700e7d95-9573-455e-a0e1-b65fb4ffdb64
01-03 15:13:33 com_github_MitjaNemec_ReplicateLayout.replicate_layout 991:Dst text UUid:8770be13-c2f1-4aa6-a683-efe154067b8a
01-03 15:13:33 com_github_MitjaNemec_ReplicateLayout.replicate_layout 990:Src text UUid:cf80a0a8-50db-4b5d-9938-0ee0235258e9
01-03 15:13:33 com_github_MitjaNemec_ReplicateLayout.replicate_layout 991:Dst text UUid:0e01f70e-f678-4f87-b9f1-f148b0104381
01-03 15:13:33 com_github_MitjaNemec_ReplicateLayout.replicate_layout 990:Src text UUid:2e862510-018d-4a47-ba63-617cd66b5664
01-03 15:13:33 com_github_MitjaNemec_ReplicateLayout.replicate_layout 991:Dst text UUid:dcb10065-283a-49a7-9466-7e566127425e
01-03 15:13:33 com_github_MitjaNemec_ReplicateLayout.replicate_layout 888:Replicating footprint: 'U13'
01-03 15:13:33 com_github_MitjaNemec_ReplicateLayout.replicate_layout 835:Src fp.id: '915C1B94-B969-4720-AE4B-514274F85E33'
01-03 15:13:33 com_github_MitjaNemec_ReplicateLayout.replicate_layout 839:Dst fp.id: '915C1B94-B969-4720-AE4B-514274F85E33'
01-03 15:13:33 com_github_MitjaNemec_ReplicateLayout.replicate_layout 895:found match in dst footprint: 'U15'
01-03 15:13:33 com_github_MitjaNemec_ReplicateLayout.replicate_layout 990:Src text UUid:dc9c9c97-c160-42a9-bc6d-6b67af9bf08c
01-03 15:13:33 com_github_MitjaNemec_ReplicateLayout.replicate_layout 991:Dst text UUid:abbfed8e-9ca3-4f0c-8f53-b90d46b830c3
01-03 15:13:33 com_github_MitjaNemec_ReplicateLayout.replicate_layout 990:Src text UUid:aeb977da-97b0-41c7-a71b-91e521490d93
01-03 15:13:33 com_github_MitjaNemec_ReplicateLayout.replicate_layout 991:Dst text UUid:f1a92fef-496a-40fd-99e3-4093819900d9
01-03 15:13:33 com_github_MitjaNemec_ReplicateLayout.replicate_layout 990:Src text UUid:68948056-4b2e-4e26-b410-b395817b855b
01-03 15:13:33 com_github_MitjaNemec_ReplicateLayout.replicate_layout 991:Dst text UUid:e707d0e4-754a-411e-8982-4790323f20ed
01-03 15:13:33 com_github_MitjaNemec_ReplicateLayout.replicate_layout 888:Replicating footprint: 'C48'
01-03 15:13:33 com_github_MitjaNemec_ReplicateLayout.replicate_layout 835:Src fp.id: '197461B8-6F9C-4761-8A3B-B26A51317F5F'
01-03 15:13:33 com_github_MitjaNemec_ReplicateLayout.replicate_layout 839:Dst fp.id: '197461B8-6F9C-4761-8A3B-B26A51317F5F'
01-03 15:13:33 com_github_MitjaNemec_ReplicateLayout.replicate_layout 895:found match in dst footprint: 'C59'
01-03 15:13:33 com_github_MitjaNemec_ReplicateLayout.replicate_layout 990:Src text UUid:a7f7bb5c-95d5-4a1e-8a29-96f492852011
01-03 15:13:33 com_github_MitjaNemec_ReplicateLayout.replicate_layout 991:Dst text UUid:0f59fd6d-3993-487e-903a-893fbe1672cf
01-03 15:13:33 com_github_MitjaNemec_ReplicateLayout.replicate_layout 990:Src text UUid:c49334d0-42c5-497d-8a42-d9a8d13b9b30
01-03 15:13:33 com_github_MitjaNemec_ReplicateLayout.replicate_layout 991:Dst text UUid:94f6ef81-b1b4-45c5-8fef-e65f84421906
01-03 15:13:33 com_github_MitjaNemec_ReplicateLayout.replicate_layout 990:Src text UUid:2ef29b3e-054e-4939-84d8-11b07a1536ef
01-03 15:13:33 com_github_MitjaNemec_ReplicateLayout.replicate_layout 991:Dst text UUid:2626e716-bd23-4a15-b2c4-9fa13e446fc7
01-03 15:13:33 com_github_MitjaNemec_ReplicateLayout.replicate_layout 888:Replicating footprint: 'U12'
01-03 15:13:33 com_github_MitjaNemec_ReplicateLayout.replicate_layout 835:Src fp.id: '244E02A6-B7B3-4A5C-A8EC-45C02F67DCA4'
01-03 15:13:33 com_github_MitjaNemec_ReplicateLayout.replicate_layout 839:Dst fp.id: '244E02A6-B7B3-4A5C-A8EC-45C02F67DCA4'
01-03 15:13:33 com_github_MitjaNemec_ReplicateLayout.replicate_layout 895:found match in dst footprint: 'U14'
01-03 15:13:33 com_github_MitjaNemec_ReplicateLayout.replicate_layout 990:Src text UUid:0553d20a-2925-4264-bc84-dcb405069563
01-03 15:13:33 com_github_MitjaNemec_ReplicateLayout.replicate_layout 991:Dst text UUid:50423a1d-154a-4e03-a375-c15d6ca92428
01-03 15:13:33 com_github_MitjaNemec_ReplicateLayout.replicate_layout 990:Src text UUid:76c8d60d-2141-4ba1-b52d-2488d4f4fde5
01-03 15:13:33 com_github_MitjaNemec_ReplicateLayout.replicate_layout 991:Dst text UUid:b42601aa-6116-482e-ac97-7e459bbb39c3
01-03 15:13:33 com_github_MitjaNemec_ReplicateLayout.replicate_layout 990:Src text UUid:e7eddae4-d28b-4555-b038-3f3bbff759c4
01-03 15:13:33 com_github_MitjaNemec_ReplicateLayout.replicate_layout 991:Dst text UUid:d71efeff-08d9-4f81-bc73-b4c29cbd8ef0
01-03 15:13:33 com_github_MitjaNemec_ReplicateLayout.replicate_layout 888:Replicating footprint: 'R48'
01-03 15:13:33 com_github_MitjaNemec_ReplicateLayout.replicate_layout 835:Src fp.id: '8BD9BCE8-4D4A-45C2-BB49-B2EB2DF212F3'
01-03 15:13:33 com_github_MitjaNemec_ReplicateLayout.replicate_layout 839:Dst fp.id: '8BD9BCE8-4D4A-45C2-BB49-B2EB2DF212F3'
01-03 15:13:33 com_github_MitjaNemec_ReplicateLayout.replicate_layout 895:found match in dst footprint: 'R58'
01-03 15:13:33 com_github_MitjaNemec_ReplicateLayout.replicate_layout 990:Src text UUid:ab897bd3-f486-4526-8498-4a5cb9bcc2c1
01-03 15:13:33 com_github_MitjaNemec_ReplicateLayout.replicate_layout 991:Dst text UUid:36719221-b095-4350-abe9-3926392e6c89
01-03 15:13:33 com_github_MitjaNemec_ReplicateLayout.replicate_layout 990:Src text UUid:b52260fc-952c-46c8-b122-1e46fb2e1597
01-03 15:13:33 com_github_MitjaNemec_ReplicateLayout.replicate_layout 991:Dst text UUid:85691021-cf7a-4d9a-adfb-08fdb3bbd8ef
01-03 15:13:33 com_github_MitjaNemec_ReplicateLayout.replicate_layout 990:Src text UUid:01648903-2f4e-4ed8-aefb-9f8452e127f2
01-03 15:13:33 com_github_MitjaNemec_ReplicateLayout.replicate_layout 991:Dst text UUid:44ac1e95-fd9a-4e37-a095-fd5c8f43ee8d
01-03 15:13:33 com_github_MitjaNemec_ReplicateLayout.replicate_layout 888:Replicating footprint: 'C57'
01-03 15:13:33 com_github_MitjaNemec_ReplicateLayout.replicate_layout 835:Src fp.id: '2D6950AB-16DC-4195-84B4-93C30E2F9EF5'
01-03 15:13:33 com_github_MitjaNemec_ReplicateLayout.replicate_layout 839:Dst fp.id: '2D6950AB-16DC-4195-84B4-93C30E2F9EF5'
01-03 15:13:33 com_github_MitjaNemec_ReplicateLayout.replicate_layout 895:found match in dst footprint: 'C68'
01-03 15:13:33 com_github_MitjaNemec_ReplicateLayout.replicate_layout 990:Src text UUid:43b18b2f-1cf6-47e3-8bf2-5c2b23a9a8d8
01-03 15:13:33 com_github_MitjaNemec_ReplicateLayout.replicate_layout 991:Dst text UUid:d3a57521-e9b3-46d6-af62-3b56326cdc0d
01-03 15:13:33 com_github_MitjaNemec_ReplicateLayout.replicate_layout 990:Src text UUid:106c22f9-5598-4660-89be-f22dc8e2245f
01-03 15:13:33 com_github_MitjaNemec_ReplicateLayout.replicate_layout 991:Dst text UUid:e8a92bca-c1ba-489e-8faa-458e6c195d5b
01-03 15:13:33 com_github_MitjaNemec_ReplicateLayout.replicate_layout 990:Src text UUid:2b891d62-e907-443f-9644-4987c7228142
01-03 15:13:33 com_github_MitjaNemec_ReplicateLayout.replicate_layout 991:Dst text UUid:9a9e406d-1bba-4fd8-b907-e1ddd1c8b056
01-03 15:13:33 root 340:updating GUI message: 'Replicating tracks'
01-03 15:13:33 com_github_MitjaNemec_ReplicateLayout.replicate_layout 1014:Replicating tracks
01-03 15:13:33 com_github_MitjaNemec_ReplicateLayout.replicate_layout 1020:Replicating tracks on sheet ['Power', 'PanelPower1']
01-03 15:13:33 com_github_MitjaNemec_ReplicateLayout.replicate_layout 835:Src fp.id: '32C03665-81AD-4C52-ABB2-B387C2B13484'
01-03 15:13:33 com_github_MitjaNemec_ReplicateLayout.replicate_layout 839:Dst fp.id: '32C03665-81AD-4C52-ABB2-B387C2B13484'
01-03 15:13:33 com_github_MitjaNemec_ReplicateLayout.replicate_layout 792:Net pairs for sheet ['Power', 'PanelPower1'] :[('+5V', '+5V'), ('Net-(JP6-A)', 'Net-(JP2-A)'), ('/v_ilm_3', '/v_ilm_1'), ('unconnected-(J9-Pad5)', 'unconnected-(J7-Pad5)'), ('Net-(U13-~{FAULT})', 'Net-(U9-~{FAULT})'), ('Net-(U13-dV{slash}dT)', 'Net-(U9-dV{slash}dT)'), ('Net-(BUCK_LED3-A)', 'Net-(BUCK_LED1-A)'), ('Net-(BUCK_eFUSE_LED3-A)', 'Net-(BUCK_eFUSE_LED1-A)'), ('Net-(U12-BST)', 'Net-(U8-BST)'), ('GND', 'GND'), ('Net-(U12-EN)', 'Net-(U8-EN)'), ('/temp_sens_data_3', '/temp_sens_data_1'), ('Net-(U13-EN{slash}UVLO)', 'Net-(U9-EN{slash}UVLO)'), ('Net-(U12-FB)', 'Net-(U8-FB)'), ('Net-(U13-OVLO)', 'Net-(U9-OVLO)'), ('/Power/PanelPower3/PROTECTED_5V', '/Power/PanelPower1/PROTECTED_5V'), ('unconnected-(J9-Pad6)', 'unconnected-(J7-Pad6)'), ('', ''), ('/led_data_3', '/led_data_1'), ('Net-(U12-SW)', 'Net-(U8-SW)'), ('/Power/PanelPower1/PANEL_IN', '/Power/PanelPower1/PANEL_IN')]
01-03 15:13:33 root 345:updating GUI with: 0
01-03 15:13:33 com_github_MitjaNemec_ReplicateLayout.replicate_layout 1020:Replicating tracks on sheet ['Power', 'PanelPower2']
01-03 15:13:33 com_github_MitjaNemec_ReplicateLayout.replicate_layout 835:Src fp.id: '32C03665-81AD-4C52-ABB2-B387C2B13484'
01-03 15:13:33 com_github_MitjaNemec_ReplicateLayout.replicate_layout 839:Dst fp.id: '32C03665-81AD-4C52-ABB2-B387C2B13484'
01-03 15:13:33 com_github_MitjaNemec_ReplicateLayout.replicate_layout 792:Net pairs for sheet ['Power', 'PanelPower2'] :[('/temp_sens_data_3', '/temp_sens_data_2'), ('+5V', '+5V'), ('Net-(U12-EN)', 'Net-(U10-EN)'), ('Net-(U13-EN{slash}UVLO)', 'Net-(U11-EN{slash}UVLO)'), ('unconnected-(J9-Pad6)', 'unconnected-(J8-Pad6)'), ('unconnected-(J9-Pad5)', 'unconnected-(J8-Pad5)'), ('Net-(BUCK_eFUSE_LED3-A)', 'Net-(BUCK_eFUSE_LED2-A)'), ('Net-(JP6-A)', 'Net-(JP4-A)'), ('Net-(U13-OVLO)', 'Net-(U11-OVLO)'), ('GND', 'GND'), ('Net-(U12-SW)', 'Net-(U10-SW)'), ('Net-(U12-BST)', 'Net-(U10-BST)'), ('Net-(BUCK_LED3-A)', 'Net-(BUCK_LED2-A)'), ('Net-(U12-FB)', 'Net-(U10-FB)'), ('/Power/PanelPower3/PROTECTED_5V', '/Power/PanelPower2/PROTECTED_5V'), ('', ''), ('Net-(U13-~{FAULT})', 'Net-(U11-~{FAULT})'), ('/Power/PanelPower1/PANEL_IN', '/Power/PanelPower1/PANEL_IN'), ('Net-(U13-dV{slash}dT)', 'Net-(U11-dV{slash}dT)'), ('/v_ilm_3', '/v_ilm_2'), ('/led_data_3', '/led_data_2')]
01-03 15:13:33 com_github_MitjaNemec_ReplicateLayout.replicate_layout 1020:Replicating tracks on sheet ['Power', 'PanelPower4']
01-03 15:13:33 com_github_MitjaNemec_ReplicateLayout.replicate_layout 835:Src fp.id: '32C03665-81AD-4C52-ABB2-B387C2B13484'
01-03 15:13:33 com_github_MitjaNemec_ReplicateLayout.replicate_layout 839:Dst fp.id: '32C03665-81AD-4C52-ABB2-B387C2B13484'
01-03 15:13:33 com_github_MitjaNemec_ReplicateLayout.replicate_layout 792:Net pairs for sheet ['Power', 'PanelPower4'] :[('Net-(U12-FB)', 'Net-(U14-FB)'), ('+5V', '+5V'), ('Net-(U12-BST)', 'Net-(U14-BST)'), ('unconnected-(J9-Pad6)', 'unconnected-(J10-Pad6)'), ('Net-(U12-EN)', 'Net-(U14-EN)'), ('/led_data_3', '/led_data_4'), ('Net-(U13-OVLO)', 'Net-(U15-OVLO)'), ('Net-(BUCK_eFUSE_LED3-A)', 'Net-(BUCK_eFUSE_LED4-A)'), ('/v_ilm_3', '/v_ilm_4'), ('Net-(U12-SW)', 'Net-(U14-SW)'), ('Net-(U13-~{FAULT})', 'Net-(U15-~{FAULT})'), ('Net-(U13-EN{slash}UVLO)', 'Net-(U15-EN{slash}UVLO)'), ('GND', 'GND'), ('/Power/PanelPower3/PROTECTED_5V', '/Power/PanelPower4/PROTECTED_5V'), ('unconnected-(J9-Pad5)', 'unconnected-(J10-Pad5)'), ('Net-(BUCK_LED3-A)', 'Net-(BUCK_LED4-A)'), ('', ''), ('Net-(U13-dV{slash}dT)', 'Net-(U15-dV{slash}dT)'), ('/Power/PanelPower1/PANEL_IN', '/Power/PanelPower1/PANEL_IN'), ('/temp_sens_data_3', '/temp_sens_data_4'), ('Net-(JP6-A)', 'Net-(JP8-A)')]
01-03 15:13:33 root 340:updating GUI message: 'Replicating zones'
01-03 15:13:33 com_github_MitjaNemec_ReplicateLayout.replicate_layout 1084:Replicating zones
01-03 15:13:33 root 345:updating GUI with: 0
01-03 15:13:33 com_github_MitjaNemec_ReplicateLayout.replicate_layout 1091:Replicating zones on sheet ['Power', 'PanelPower1']
01-03 15:13:33 com_github_MitjaNemec_ReplicateLayout.replicate_layout 835:Src fp.id: '32C03665-81AD-4C52-ABB2-B387C2B13484'
01-03 15:13:33 com_github_MitjaNemec_ReplicateLayout.replicate_layout 839:Dst fp.id: '32C03665-81AD-4C52-ABB2-B387C2B13484'
01-03 15:13:33 com_github_MitjaNemec_ReplicateLayout.replicate_layout 792:Net pairs for sheet ['Power', 'PanelPower1'] :[('+5V', '+5V'), ('Net-(JP6-A)', 'Net-(JP2-A)'), ('/v_ilm_3', '/v_ilm_1'), ('unconnected-(J9-Pad5)', 'unconnected-(J7-Pad5)'), ('Net-(U13-~{FAULT})', 'Net-(U9-~{FAULT})'), ('Net-(U13-dV{slash}dT)', 'Net-(U9-dV{slash}dT)'), ('Net-(BUCK_LED3-A)', 'Net-(BUCK_LED1-A)'), ('Net-(BUCK_eFUSE_LED3-A)', 'Net-(BUCK_eFUSE_LED1-A)'), ('Net-(U12-BST)', 'Net-(U8-BST)'), ('GND', 'GND'), ('Net-(U12-EN)', 'Net-(U8-EN)'), ('/temp_sens_data_3', '/temp_sens_data_1'), ('Net-(U13-EN{slash}UVLO)', 'Net-(U9-EN{slash}UVLO)'), ('Net-(U12-FB)', 'Net-(U8-FB)'), ('Net-(U13-OVLO)', 'Net-(U9-OVLO)'), ('/Power/PanelPower3/PROTECTED_5V', '/Power/PanelPower1/PROTECTED_5V'), ('unconnected-(J9-Pad6)', 'unconnected-(J7-Pad6)'), ('', ''), ('/led_data_3', '/led_data_1'), ('Net-(U12-SW)', 'Net-(U8-SW)'), ('/Power/PanelPower1/PANEL_IN', '/Power/PanelPower1/PANEL_IN')]
01-03 15:13:33 com_github_MitjaNemec_ReplicateLayout.replicate_layout 1091:Replicating zones on sheet ['Power', 'PanelPower2']
01-03 15:13:33 com_github_MitjaNemec_ReplicateLayout.replicate_layout 835:Src fp.id: '32C03665-81AD-4C52-ABB2-B387C2B13484'
01-03 15:13:33 com_github_MitjaNemec_ReplicateLayout.replicate_layout 839:Dst fp.id: '32C03665-81AD-4C52-ABB2-B387C2B13484'
01-03 15:13:33 com_github_MitjaNemec_ReplicateLayout.replicate_layout 792:Net pairs for sheet ['Power', 'PanelPower2'] :[('/temp_sens_data_3', '/temp_sens_data_2'), ('+5V', '+5V'), ('Net-(U12-EN)', 'Net-(U10-EN)'), ('Net-(U13-EN{slash}UVLO)', 'Net-(U11-EN{slash}UVLO)'), ('unconnected-(J9-Pad6)', 'unconnected-(J8-Pad6)'), ('unconnected-(J9-Pad5)', 'unconnected-(J8-Pad5)'), ('Net-(BUCK_eFUSE_LED3-A)', 'Net-(BUCK_eFUSE_LED2-A)'), ('Net-(JP6-A)', 'Net-(JP4-A)'), ('Net-(U13-OVLO)', 'Net-(U11-OVLO)'), ('GND', 'GND'), ('Net-(U12-SW)', 'Net-(U10-SW)'), ('Net-(U12-BST)', 'Net-(U10-BST)'), ('Net-(BUCK_LED3-A)', 'Net-(BUCK_LED2-A)'), ('Net-(U12-FB)', 'Net-(U10-FB)'), ('/Power/PanelPower3/PROTECTED_5V', '/Power/PanelPower2/PROTECTED_5V'), ('', ''), ('Net-(U13-~{FAULT})', 'Net-(U11-~{FAULT})'), ('/Power/PanelPower1/PANEL_IN', '/Power/PanelPower1/PANEL_IN'), ('Net-(U13-dV{slash}dT)', 'Net-(U11-dV{slash}dT)'), ('/v_ilm_3', '/v_ilm_2'), ('/led_data_3', '/led_data_2')]
01-03 15:13:33 com_github_MitjaNemec_ReplicateLayout.replicate_layout 1091:Replicating zones on sheet ['Power', 'PanelPower4']
01-03 15:13:33 com_github_MitjaNemec_ReplicateLayout.replicate_layout 835:Src fp.id: '32C03665-81AD-4C52-ABB2-B387C2B13484'
01-03 15:13:33 com_github_MitjaNemec_ReplicateLayout.replicate_layout 839:Dst fp.id: '32C03665-81AD-4C52-ABB2-B387C2B13484'
01-03 15:13:33 com_github_MitjaNemec_ReplicateLayout.replicate_layout 792:Net pairs for sheet ['Power', 'PanelPower4'] :[('Net-(U12-FB)', 'Net-(U14-FB)'), ('+5V', '+5V'), ('Net-(U12-BST)', 'Net-(U14-BST)'), ('unconnected-(J9-Pad6)', 'unconnected-(J10-Pad6)'), ('Net-(U12-EN)', 'Net-(U14-EN)'), ('/led_data_3', '/led_data_4'), ('Net-(U13-OVLO)', 'Net-(U15-OVLO)'), ('Net-(BUCK_eFUSE_LED3-A)', 'Net-(BUCK_eFUSE_LED4-A)'), ('/v_ilm_3', '/v_ilm_4'), ('Net-(U12-SW)', 'Net-(U14-SW)'), ('Net-(U13-~{FAULT})', 'Net-(U15-~{FAULT})'), ('Net-(U13-EN{slash}UVLO)', 'Net-(U15-EN{slash}UVLO)'), ('GND', 'GND'), ('/Power/PanelPower3/PROTECTED_5V', '/Power/PanelPower4/PROTECTED_5V'), ('unconnected-(J9-Pad5)', 'unconnected-(J10-Pad5)'), ('Net-(BUCK_LED3-A)', 'Net-(BUCK_LED4-A)'), ('', ''), ('Net-(U13-dV{slash}dT)', 'Net-(U15-dV{slash}dT)'), ('/Power/PanelPower1/PANEL_IN', '/Power/PanelPower1/PANEL_IN'), ('/temp_sens_data_3', '/temp_sens_data_4'), ('Net-(JP6-A)', 'Net-(JP8-A)')]
01-03 15:13:33 root 340:updating GUI message: 'Replicating text'
01-03 15:13:33 com_github_MitjaNemec_ReplicateLayout.replicate_layout 1173:Replicating text
01-03 15:13:33 com_github_MitjaNemec_ReplicateLayout.replicate_layout 1180:Replicating text on sheet ['Power', 'PanelPower1']
01-03 15:13:33 com_github_MitjaNemec_ReplicateLayout.replicate_layout 835:Src fp.id: '32C03665-81AD-4C52-ABB2-B387C2B13484'
01-03 15:13:33 com_github_MitjaNemec_ReplicateLayout.replicate_layout 839:Dst fp.id: '32C03665-81AD-4C52-ABB2-B387C2B13484'
01-03 15:13:33 com_github_MitjaNemec_ReplicateLayout.replicate_layout 1180:Replicating text on sheet ['Power', 'PanelPower2']
01-03 15:13:33 com_github_MitjaNemec_ReplicateLayout.replicate_layout 835:Src fp.id: '32C03665-81AD-4C52-ABB2-B387C2B13484'
01-03 15:13:33 com_github_MitjaNemec_ReplicateLayout.replicate_layout 839:Dst fp.id: '32C03665-81AD-4C52-ABB2-B387C2B13484'
01-03 15:13:33 com_github_MitjaNemec_ReplicateLayout.replicate_layout 1180:Replicating text on sheet ['Power', 'PanelPower4']
01-03 15:13:33 com_github_MitjaNemec_ReplicateLayout.replicate_layout 835:Src fp.id: '32C03665-81AD-4C52-ABB2-B387C2B13484'
01-03 15:13:33 com_github_MitjaNemec_ReplicateLayout.replicate_layout 839:Dst fp.id: '32C03665-81AD-4C52-ABB2-B387C2B13484'
01-03 15:13:33 root 340:updating GUI message: 'Replicating drawings'
01-03 15:13:33 com_github_MitjaNemec_ReplicateLayout.replicate_layout 1224:Replicating drawings
01-03 15:13:33 com_github_MitjaNemec_ReplicateLayout.replicate_layout 1230:Replicating drawings on sheet ['Power', 'PanelPower1']
01-03 15:13:33 com_github_MitjaNemec_ReplicateLayout.replicate_layout 835:Src fp.id: '32C03665-81AD-4C52-ABB2-B387C2B13484'
01-03 15:13:33 com_github_MitjaNemec_ReplicateLayout.replicate_layout 839:Dst fp.id: '32C03665-81AD-4C52-ABB2-B387C2B13484'
01-03 15:13:33 com_github_MitjaNemec_ReplicateLayout.replicate_layout 1230:Replicating drawings on sheet ['Power', 'PanelPower2']
01-03 15:13:33 com_github_MitjaNemec_ReplicateLayout.replicate_layout 835:Src fp.id: '32C03665-81AD-4C52-ABB2-B387C2B13484'
01-03 15:13:33 com_github_MitjaNemec_ReplicateLayout.replicate_layout 839:Dst fp.id: '32C03665-81AD-4C52-ABB2-B387C2B13484'
01-03 15:13:33 com_github_MitjaNemec_ReplicateLayout.replicate_layout 1230:Replicating drawings on sheet ['Power', 'PanelPower4']
01-03 15:13:33 com_github_MitjaNemec_ReplicateLayout.replicate_layout 835:Src fp.id: '32C03665-81AD-4C52-ABB2-B387C2B13484'
01-03 15:13:33 com_github_MitjaNemec_ReplicateLayout.replicate_layout 839:Dst fp.id: '32C03665-81AD-4C52-ABB2-B387C2B13484'
01-03 15:13:33 com_github_MitjaNemec_ReplicateLayout.action_replicate_layout 264:Replication complete
