#
# There is insufficient memory for the Java Runtime Environment to continue.
# Native memory allocation (malloc) failed to allocate 1710560 bytes. Error detail: Chunk::new
# Possible reasons:
#   The system is out of physical RAM or swap space
#   This process is running with CompressedOops enabled, and the Java Heap may be blocking the growth of the native heap
# Possible solutions:
#   Reduce memory load on the system
#   Increase physical memory or swap space
#   Check if swap backing store is full
#   Decrease Java heap size (-Xmx/-Xms)
#   Decrease number of Java threads
#   Decrease Java thread stack sizes (-Xss)
#   Set larger code cache with -XX:ReservedCodeCacheSize=
#   JVM is running with Unscaled Compressed Oops mode in which the Java heap is
#     placed in the first 4GB address space. The Java Heap base address is the
#     maximum limit for the native heap growth. Please use -XX:HeapBaseMinAddress
#     to set the Java Heap base and to place the Java Heap above 4GB virtual address.
# This output file may be truncated or incomplete.
#
#  Out of Memory Error (arena.cpp:168), pid=1676, tid=17600
#
# JRE version: OpenJDK Runtime Environment Temurin-21.0.8+9 (21.0.8+9) (build 21.0.8+9-LTS)
# Java VM: OpenJDK 64-Bit Server VM Temurin-21.0.8+9 (21.0.8+9-LTS, mixed mode, tiered, compressed oops, compressed class ptrs, g1 gc, windows-amd64)
# No core dump will be written. Minidumps are not enabled by default on client versions of Windows
#

---------------  S U M M A R Y ------------

Command Line: -Djavax.net.ssl.trustStoreType=WINDOWS-ROOT -Dsun.java2d.d3d=false --add-exports=java.desktop/sun.awt=ALL-UNNAMED --add-opens=java.desktop/java.awt=ALL-UNNAMED -Dfile.encoding=UTF8 com.st.microxplorer.maingui.STM32CubeMX C:\Users\abina\Desktop\side\EcoCar\MechanicalRelaySally\Firmware\Rev 1\MechanicalRelaySallyFirmware.ioc

Host: 12th Gen Intel(R) Core(TM) i5-1235U, 12 cores, 7G,  Windows 11 , 64 bit Build 26100 (10.0.26100.7920)
Time: Tue Mar 31 13:15:22 2026 Mountain Daylight Time elapsed time: 1316.550815 seconds (0d 0h 21m 56s)

---------------  T H R E A D  ---------------

Current thread (0x00000244fdf64730):  JavaThread "C2 CompilerThread1" daemon [_thread_in_native, id=17600, stack(0x000000e4d2e00000,0x000000e4d2f00000) (1024K)]


Current CompileTask:
C2:1316550 26425       4       javax.swing.JComponent::reshape (10 bytes)

Stack: [0x000000e4d2e00000,0x000000e4d2f00000]
Native frames: (J=compiled Java code, j=interpreted, Vv=VM code, C=native code)
V  [jvm.dll+0x6d2449]
V  [jvm.dll+0x8ae341]
V  [jvm.dll+0x8b08be]
V  [jvm.dll+0x8b0fa3]
V  [jvm.dll+0x280c96]
V  [jvm.dll+0xc581d]
V  [jvm.dll+0xc5d53]
V  [jvm.dll+0x3b919c]
V  [jvm.dll+0x385315]
V  [jvm.dll+0x38477a]
V  [jvm.dll+0x248ed0]
V  [jvm.dll+0x2484af]
V  [jvm.dll+0x1c89ee]
V  [jvm.dll+0x257d4d]
V  [jvm.dll+0x2562ea]
V  [jvm.dll+0x3f2d16]
V  [jvm.dll+0x857e6b]
V  [jvm.dll+0x6d0b0d]
C  [ucrtbase.dll+0x37b0]
C  [KERNEL32.DLL+0x2e8d7]
C  [ntdll.dll+0x8c48c]


---------------  P R O C E S S  ---------------

Threads class SMR info:
_java_thread_list=0x000002448f7f53f0, length=48, elements={
0x00000244f71d6140, 0x00000244f7197c80, 0x00000244f71cab60, 0x00000244f71cb5b0,
0x00000244f71cc000, 0x00000244f71ccb80, 0x00000244f71ebce0, 0x00000244f721fc90,
0x00000244f73c5a80, 0x00000244f73d66d0, 0x00000244fc0d4c50, 0x00000244fc32ab90,
0x00000244fc0300c0, 0x00000244fc3260a0, 0x00000244e61c9870, 0x00000244feaccca0,
0x00000244feaca540, 0x00000244feacb8f0, 0x00000244fc38ef50, 0x00000244fc3916b0,
0x00000244fc391d40, 0x00000244fc38f5e0, 0x00000244fc3923d0, 0x00000244fc392a60,
0x00000244fc391020, 0x00000244fc3930f0, 0x00000244fc38fc70, 0x00000244fc390300,
0x00000244fc393780, 0x00000244fc394b30, 0x00000244fc396570, 0x00000244fc3944a0,
0x00000244feacabd0, 0x0000024494b9dff0, 0x00000244feacc610, 0x00000244feacd330,
0x00000244feacd9c0, 0x0000024495f515b0, 0x0000024495f51c40, 0x0000024495f53d10,
0x00000244fc393e10, 0x0000024494b9ed10, 0x000002448f5238d0, 0x00000244fc99e410,
0x0000024494b9d960, 0x000002448fa76b70, 0x00000244fdfe2230, 0x00000244fdf64730
}

Java Threads: ( => current thread )
  0x00000244f71d6140 JavaThread "Reference Handler"          daemon [_thread_blocked, id=10996, stack(0x000000e4cf200000,0x000000e4cf300000) (1024K)]
  0x00000244f7197c80 JavaThread "Finalizer"                  daemon [_thread_blocked, id=16604, stack(0x000000e4cf300000,0x000000e4cf400000) (1024K)]
  0x00000244f71cab60 JavaThread "Signal Dispatcher"          daemon [_thread_blocked, id=3808, stack(0x000000e4cf400000,0x000000e4cf500000) (1024K)]
  0x00000244f71cb5b0 JavaThread "Attach Listener"            daemon [_thread_blocked, id=12140, stack(0x000000e4cf500000,0x000000e4cf600000) (1024K)]
  0x00000244f71cc000 JavaThread "Service Thread"             daemon [_thread_blocked, id=11120, stack(0x000000e4cf600000,0x000000e4cf700000) (1024K)]
  0x00000244f71ccb80 JavaThread "Monitor Deflation Thread"   daemon [_thread_blocked, id=3244, stack(0x000000e4cf700000,0x000000e4cf800000) (1024K)]
  0x00000244f71ebce0 JavaThread "C2 CompilerThread0"         daemon [_thread_in_native, id=3704, stack(0x000000e4cf800000,0x000000e4cf900000) (1024K)]
  0x00000244f721fc90 JavaThread "C1 CompilerThread0"         daemon [_thread_blocked, id=15456, stack(0x000000e4cf900000,0x000000e4cfa00000) (1024K)]
  0x00000244f73c5a80 JavaThread "Common-Cleaner"             daemon [_thread_blocked, id=920, stack(0x000000e4cfa00000,0x000000e4cfb00000) (1024K)]
  0x00000244f73d66d0 JavaThread "Notification Thread"        daemon [_thread_blocked, id=10888, stack(0x000000e4cfb00000,0x000000e4cfc00000) (1024K)]
  0x00000244fc0d4c50 JavaThread "Java2D Disposer"            daemon [_thread_blocked, id=13828, stack(0x000000e4d0900000,0x000000e4d0a00000) (1024K)]
  0x00000244fc32ab90 JavaThread "AWT-Shutdown"                      [_thread_blocked, id=18120, stack(0x000000e4d0a00000,0x000000e4d0b00000) (1024K)]
  0x00000244fc0300c0 JavaThread "AWT-Windows"                daemon [_thread_in_native, id=6380, stack(0x000000e4d0b00000,0x000000e4d0c00000) (1024K)]
  0x00000244fc3260a0 JavaThread "AWT-EventQueue-0"                  [_thread_blocked, id=6164, stack(0x000000e4d0c00000,0x000000e4d0d00000) (1024K)]
  0x00000244e61c9870 JavaThread "DestroyJavaVM"                     [_thread_blocked, id=16092, stack(0x000000e4cea00000,0x000000e4ceb00000) (1024K)]
  0x00000244feaccca0 JavaThread "TimerQueue"                 daemon [_thread_blocked, id=17648, stack(0x000000e4d1100000,0x000000e4d1200000) (1024K)]
  0x00000244feaca540 JavaThread "IPC Server Thread"          daemon [_thread_in_native, id=12788, stack(0x000000e4d1900000,0x000000e4d1a00000) (1024K)]
  0x00000244feacb8f0 JavaThread "Chromium Process Thread"           [_thread_in_native, id=17808, stack(0x000000e4d1a00000,0x000000e4d1b00000) (1024K)]
  0x00000244fc38ef50 JavaThread "Chromium Process Logger"    daemon [_thread_in_native, id=5216, stack(0x000000e4d1b00000,0x000000e4d1c00000) (1024K)]
  0x00000244fc3916b0 JavaThread "IPC Memory Reader Thread"          [_thread_in_native, id=16812, stack(0x000000e4d1d00000,0x000000e4d1e00000) (1024K)]
  0x00000244fc391d40 JavaThread "Browser Thread: c3d8fcec-c3dc-498b-b341-5faf6c089c56" daemon [_thread_blocked, id=6776, stack(0x000000e4d1e00000,0x000000e4d1f00000) (1024K)]
  0x00000244fc38f5e0 JavaThread "Socket Connection Checker: c3d8fcec-c3dc-498b-b341-5faf6c089c56"        [_thread_in_native, id=4568, stack(0x000000e4d1f00000,0x000000e4d2000000) (1024K)]
  0x00000244fc3923d0 JavaThread "Network Thread: 8b336146-b4c7-4ce1-a54b-89ed3afb4ca6" daemon [_thread_blocked, id=3436, stack(0x000000e4d2200000,0x000000e4d2300000) (1024K)]
  0x00000244fc392a60 JavaThread "Socket Connection Checker: 8b336146-b4c7-4ce1-a54b-89ed3afb4ca6"        [_thread_in_native, id=18328, stack(0x000000e4d2300000,0x000000e4d2400000) (1024K)]
  0x00000244fc391020 JavaThread "IPC Memory Reader Thread"          [_thread_in_native, id=9324, stack(0x000000e4d2100000,0x000000e4d2200000) (1024K)]
  0x00000244fc3930f0 JavaThread "GPU Thread: 46c20020-1213-47bf-8f8c-476f4ac62e17" daemon [_thread_blocked, id=12800, stack(0x000000e4d2500000,0x000000e4d2600000) (1024K)]
  0x00000244fc38fc70 JavaThread "IPC Memory Reader Thread"          [_thread_in_native, id=16196, stack(0x000000e4d2400000,0x000000e4d2500000) (1024K)]
  0x00000244fc390300 JavaThread "Socket Connection Checker: 46c20020-1213-47bf-8f8c-476f4ac62e17"        [_thread_in_native, id=5560, stack(0x000000e4d2600000,0x000000e4d2700000) (1024K)]
  0x00000244fc393780 JavaThread "SwingWorker-pool-3-thread-1" daemon [_thread_blocked, id=16956, stack(0x000000e4d1000000,0x000000e4d1100000) (1024K)]
  0x00000244fc394b30 JavaThread "Render Thread: ce280f26-9b4b-44ba-b98f-cc6ab34264e3" daemon [_thread_blocked, id=7952, stack(0x000000e4d2c00000,0x000000e4d2d00000) (1024K)]
  0x00000244fc396570 JavaThread "IPC Memory Reader Thread"          [_thread_in_native, id=14224, stack(0x000000e4d1800000,0x000000e4d1900000) (1024K)]
  0x00000244fc3944a0 JavaThread "Socket Connection Checker: ce280f26-9b4b-44ba-b98f-cc6ab34264e3"        [_thread_in_native, id=14088, stack(0x000000e4d2d00000,0x000000e4d2e00000) (1024K)]
  0x00000244feacabd0 JavaThread "SwingWorker-pool-3-thread-2" daemon [_thread_blocked, id=4916, stack(0x000000e4d0d00000,0x000000e4d0e00000) (1024K)]
  0x0000024494b9dff0 JavaThread "RMI TCP Accept-52905"       daemon [_thread_in_native, id=18004, stack(0x000000e4ce900000,0x000000e4cea00000) (1024K)]
  0x00000244feacc610 JavaThread "RMI TCP Accept-0"           daemon [_thread_in_native, id=10752, stack(0x000000e4cfc00000,0x000000e4cfd00000) (1024K)]
  0x00000244feacd330 JavaThread "RMI Reaper"                        [_thread_blocked, id=14464, stack(0x000000e4d1400000,0x000000e4d1500000) (1024K)]
  0x00000244feacd9c0 JavaThread "RMI GC Daemon"              daemon [_thread_blocked, id=16672, stack(0x000000e4d1500000,0x000000e4d1600000) (1024K)]
  0x0000024495f515b0 JavaThread "RMI Scheduler(0)"           daemon [_thread_blocked, id=1188, stack(0x000000e4d1700000,0x000000e4d1800000) (1024K)]
  0x0000024495f51c40 JavaThread "RMI TCP Accept-52915"       daemon [_thread_in_native, id=13988, stack(0x000000e4ce800000,0x000000e4ce900000) (1024K)]
  0x0000024495f53d10 JavaThread "Swing-Shell"                daemon [_thread_blocked, id=17536, stack(0x000000e4d2b00000,0x000000e4d2c00000) (1024K)]
  0x00000244fc393e10 JavaThread "RMI TCP Accept-52922"       daemon [_thread_in_native, id=5476, stack(0x000000e4d2800000,0x000000e4d2900000) (1024K)]
  0x0000024494b9ed10 JavaThread "SwingWorker-pool-3-thread-3" daemon [_thread_blocked, id=7752, stack(0x000000e4d1600000,0x000000e4d1700000) (1024K)]
  0x000002448f5238d0 JavaThread "SwingWorker-pool-3-thread-4" daemon [_thread_blocked, id=13188, stack(0x000000e4d0f00000,0x000000e4d1000000) (1024K)]
  0x00000244fc99e410 JavaThread "Thread-7101"                daemon [_thread_blocked, id=11044, stack(0x000000e4d1300000,0x000000e4d1400000) (1024K)]
  0x0000024494b9d960 JavaThread "Thread-7521"                daemon [_thread_blocked, id=17240, stack(0x000000e4d2700000,0x000000e4d2800000) (1024K)]
  0x000002448fa76b70 JavaThread "SwingWorker-pool-3-thread-5" daemon [_thread_in_Java, id=5236, stack(0x000000e4ce700000,0x000000e4ce800000) (1024K)]
  0x00000244fdfe2230 JavaThread "Thread-16135"               daemon [_thread_blocked, id=2492, stack(0x000000e4d2900000,0x000000e4d2a00000) (1024K)]
=>0x00000244fdf64730 JavaThread "C2 CompilerThread1"         daemon [_thread_in_native, id=17600, stack(0x000000e4d2e00000,0x000000e4d2f00000) (1024K)]
Total: 48

Other Threads:
  0x00000244f7169410 VMThread "VM Thread"                           [id=15216, stack(0x000000e4cf100000,0x000000e4cf200000) (1024K)]
  0x00000244f6a72120 WatcherThread "VM Periodic Task Thread"        [id=15680, stack(0x000000e4cf000000,0x000000e4cf100000) (1024K)]
  0x00000244e862b290 WorkerThread "GC Thread#0"                     [id=16908, stack(0x000000e4ceb00000,0x000000e4cec00000) (1024K)]
  0x00000244f79d8400 WorkerThread "GC Thread#1"                     [id=2892, stack(0x000000e4cfe00000,0x000000e4cff00000) (1024K)]
  0x00000244f7c18a30 WorkerThread "GC Thread#2"                     [id=14928, stack(0x000000e4cff00000,0x000000e4d0000000) (1024K)]
  0x00000244f7c18dd0 WorkerThread "GC Thread#3"                     [id=6272, stack(0x000000e4d0000000,0x000000e4d0100000) (1024K)]
  0x00000244f7c19980 WorkerThread "GC Thread#4"                     [id=17032, stack(0x000000e4d0100000,0x000000e4d0200000) (1024K)]
  0x00000244f7c1a120 WorkerThread "GC Thread#5"                     [id=13320, stack(0x000000e4d0200000,0x000000e4d0300000) (1024K)]
  0x00000244f7c1d0f0 WorkerThread "GC Thread#6"                     [id=17716, stack(0x000000e4d0300000,0x000000e4d0400000) (1024K)]
  0x00000244f79d1bf0 WorkerThread "GC Thread#7"                     [id=7492, stack(0x000000e4d0400000,0x000000e4d0500000) (1024K)]
  0x00000244f79d2a70 WorkerThread "GC Thread#8"                     [id=17396, stack(0x000000e4d0500000,0x000000e4d0600000) (1024K)]
  0x00000244f79d1110 WorkerThread "GC Thread#9"                     [id=3524, stack(0x000000e4d0600000,0x000000e4d0700000) (1024K)]
  0x00000244e863c890 ConcurrentGCThread "G1 Main Marker"            [id=11440, stack(0x000000e4cec00000,0x000000e4ced00000) (1024K)]
  0x00000244e863d2a0 WorkerThread "G1 Conc#0"                       [id=16408, stack(0x000000e4ced00000,0x000000e4cee00000) (1024K)]
  0x00000244f79d2330 WorkerThread "G1 Conc#1"                       [id=5756, stack(0x000000e4d0700000,0x000000e4d0800000) (1024K)]
  0x00000244f79d14b0 WorkerThread "G1 Conc#2"                       [id=3864, stack(0x000000e4d0800000,0x000000e4d0900000) (1024K)]
  0x00000244f6945440 ConcurrentGCThread "G1 Refine#0"               [id=8316, stack(0x000000e4cee00000,0x000000e4cef00000) (1024K)]
  0x00000244f6945c60 ConcurrentGCThread "G1 Service"                [id=17592, stack(0x000000e4cef00000,0x000000e4cf000000) (1024K)]
Total: 18

Threads with active compile tasks:
C2 CompilerThread0  1316583 26784   !   4       com.st.microxplorer.mcu.Mode::getUnusedModes (188 bytes)
C2 CompilerThread1  1316583 26425       4       javax.swing.JComponent::reshape (10 bytes)
Total: 2

VM state: not at safepoint (normal execution)

VM Mutex/Monitor currently owned by a thread: None

Heap address: 0x0000000084800000, size: 1976 MB, Compressed Oops mode: 32-bit

CDS archive(s) not mapped
Compressed class space mapped at: 0x0000000100000000-0x0000000140000000, reserved size: 1073741824
Narrow klass base: 0x0000000000000000, Narrow klass shift: 3, Narrow klass range: 0x140000000

GC Precious Log:
 CardTable entry size: 512
 Card Set container configuration: InlinePtr #cards 5 size 8 Array Of Cards #cards 12 size 40 Howl #buckets 4 coarsen threshold 1843 Howl Bitmap #cards 512 size 80 coarsen threshold 460 Card regions per heap region 1 cards per card region 2048
 CPUs: 12 total, 12 available
 Memory: 7903M
 Large Page Support: Disabled
 NUMA Support: Disabled
 Compressed Oops: Enabled (32-bit)
 Heap Region Size: 1M
 Heap Min Capacity: 8M
 Heap Initial Capacity: 124M
 Heap Max Capacity: 1976M
 Pre-touch: Disabled
 Parallel Workers: 10
 Concurrent Workers: 3
 Concurrent Refinement Workers: 10
 Periodic GC: Disabled

Heap:
 garbage-first heap   total 829440K, used 697805K [0x0000000084800000, 0x0000000100000000)
  region size 1024K, 418 young (428032K), 27 survivors (27648K)
 Metaspace       used 112075K, committed 113600K, reserved 1179648K
  class space    used 12507K, committed 13184K, reserved 1048576K

Heap Regions: E=young(eden), S=young(survivor), O=old, HS=humongous(starts), HC=humongous(continues), CS=collection set, F=free, TAMS=top-at-mark-start, PB=parsable bottom
|   0|0x0000000084800000, 0x0000000084900000, 0x0000000084900000|100%|HS|  |TAMS 0x0000000084800000| PB 0x0000000084800000| Complete 
|   1|0x0000000084900000, 0x0000000084a00000, 0x0000000084a00000|100%|HC|  |TAMS 0x0000000084900000| PB 0x0000000084900000| Complete 
|   2|0x0000000084a00000, 0x0000000084b00000, 0x0000000084b00000|100%|HC|  |TAMS 0x0000000084a00000| PB 0x0000000084a00000| Complete 
|   3|0x0000000084b00000, 0x0000000084c00000, 0x0000000084c00000|100%|HC|  |TAMS 0x0000000084b00000| PB 0x0000000084b00000| Complete 
|   4|0x0000000084c00000, 0x0000000084d00000, 0x0000000084d00000|100%|HC|  |TAMS 0x0000000084c00000| PB 0x0000000084c00000| Complete 
|   5|0x0000000084d00000, 0x0000000084e00000, 0x0000000084e00000|100%|HC|  |TAMS 0x0000000084d00000| PB 0x0000000084d00000| Complete 
|   6|0x0000000084e00000, 0x0000000084f00000, 0x0000000084f00000|100%|HS|  |TAMS 0x0000000084e00000| PB 0x0000000084e00000| Complete 
|   7|0x0000000084f00000, 0x0000000085000000, 0x0000000085000000|100%| O|  |TAMS 0x0000000084f00000| PB 0x0000000084f00000| Untracked 
|   8|0x0000000085000000, 0x0000000085100000, 0x0000000085100000|100%| O|  |TAMS 0x0000000085000000| PB 0x0000000085000000| Untracked 
|   9|0x0000000085100000, 0x0000000085200000, 0x0000000085200000|100%| O|  |TAMS 0x0000000085100000| PB 0x0000000085100000| Untracked 
|  10|0x0000000085200000, 0x0000000085300000, 0x0000000085300000|100%| O|  |TAMS 0x0000000085200000| PB 0x0000000085200000| Untracked 
|  11|0x0000000085300000, 0x0000000085400000, 0x0000000085400000|100%|HS|  |TAMS 0x0000000085300000| PB 0x0000000085300000| Complete 
|  12|0x0000000085400000, 0x00000000854ffff0, 0x0000000085500000| 99%| O|  |TAMS 0x0000000085400000| PB 0x0000000085400000| Untracked 
|  13|0x0000000085500000, 0x00000000855fffd0, 0x0000000085600000| 99%| O|  |TAMS 0x0000000085500000| PB 0x0000000085500000| Untracked 
|  14|0x0000000085600000, 0x00000000856ffff8, 0x0000000085700000| 99%| O|  |TAMS 0x0000000085600000| PB 0x0000000085600000| Untracked 
|  15|0x0000000085700000, 0x0000000085800000, 0x0000000085800000|100%| O|  |TAMS 0x0000000085700000| PB 0x0000000085700000| Untracked 
|  16|0x0000000085800000, 0x0000000085900000, 0x0000000085900000|100%| O|  |TAMS 0x0000000085800000| PB 0x0000000085800000| Untracked 
|  17|0x0000000085900000, 0x0000000085a00000, 0x0000000085a00000|100%| O|  |TAMS 0x0000000085900000| PB 0x0000000085900000| Untracked 
|  18|0x0000000085a00000, 0x0000000085b00000, 0x0000000085b00000|100%| O|  |TAMS 0x0000000085a00000| PB 0x0000000085a00000| Untracked 
|  19|0x0000000085b00000, 0x0000000085bffff0, 0x0000000085c00000| 99%| O|  |TAMS 0x0000000085b00000| PB 0x0000000085b00000| Untracked 
|  20|0x0000000085c00000, 0x0000000085cf3930, 0x0000000085d00000| 95%| O|  |TAMS 0x0000000085c00000| PB 0x0000000085c00000| Untracked 
|  21|0x0000000085d00000, 0x0000000085e00000, 0x0000000085e00000|100%| O|  |TAMS 0x0000000085d00000| PB 0x0000000085d00000| Untracked 
|  22|0x0000000085e00000, 0x0000000085efff30, 0x0000000085f00000| 99%| O|  |TAMS 0x0000000085e00000| PB 0x0000000085e00000| Untracked 
|  23|0x0000000085f00000, 0x0000000086000000, 0x0000000086000000|100%| O|  |TAMS 0x0000000085f00000| PB 0x0000000085f00000| Untracked 
|  24|0x0000000086000000, 0x00000000860fffe8, 0x0000000086100000| 99%| O|  |TAMS 0x0000000086000000| PB 0x0000000086000000| Untracked 
|  25|0x0000000086100000, 0x0000000086200000, 0x0000000086200000|100%| O|  |TAMS 0x0000000086100000| PB 0x0000000086100000| Untracked 
|  26|0x0000000086200000, 0x0000000086300000, 0x0000000086300000|100%| O|  |TAMS 0x0000000086200000| PB 0x0000000086200000| Untracked 
|  27|0x0000000086300000, 0x0000000086400000, 0x0000000086400000|100%|HS|  |TAMS 0x0000000086300000| PB 0x0000000086300000| Complete 
|  28|0x0000000086400000, 0x0000000086500000, 0x0000000086500000|100%| O|  |TAMS 0x0000000086400000| PB 0x0000000086400000| Untracked 
|  29|0x0000000086500000, 0x0000000086600000, 0x0000000086600000|100%| O|  |TAMS 0x0000000086500000| PB 0x0000000086500000| Untracked 
|  30|0x0000000086600000, 0x0000000086700000, 0x0000000086700000|100%|HS|  |TAMS 0x0000000086600000| PB 0x0000000086600000| Complete 
|  31|0x0000000086700000, 0x0000000086800000, 0x0000000086800000|100%|HC|  |TAMS 0x0000000086700000| PB 0x0000000086700000| Complete 
|  32|0x0000000086800000, 0x0000000086900000, 0x0000000086900000|100%| O|  |TAMS 0x0000000086800000| PB 0x0000000086800000| Untracked 
|  33|0x0000000086900000, 0x0000000086a00000, 0x0000000086a00000|100%| O|  |TAMS 0x0000000086900000| PB 0x0000000086900000| Untracked 
|  34|0x0000000086a00000, 0x0000000086affff8, 0x0000000086b00000| 99%| O|  |TAMS 0x0000000086a00000| PB 0x0000000086a00000| Untracked 
|  35|0x0000000086b00000, 0x0000000086bffff0, 0x0000000086c00000| 99%| O|  |TAMS 0x0000000086b00000| PB 0x0000000086b00000| Untracked 
|  36|0x0000000086c00000, 0x0000000086d00000, 0x0000000086d00000|100%| O|  |TAMS 0x0000000086c00000| PB 0x0000000086c00000| Untracked 
|  37|0x0000000086d00000, 0x0000000086dffff0, 0x0000000086e00000| 99%| O|  |TAMS 0x0000000086d00000| PB 0x0000000086d00000| Untracked 
|  38|0x0000000086e00000, 0x0000000086effff8, 0x0000000086f00000| 99%| O|  |TAMS 0x0000000086e00000| PB 0x0000000086e00000| Untracked 
|  39|0x0000000086f00000, 0x0000000087000000, 0x0000000087000000|100%| O|  |TAMS 0x0000000086f00000| PB 0x0000000086f00000| Untracked 
|  40|0x0000000087000000, 0x00000000870ffff0, 0x0000000087100000| 99%| O|  |TAMS 0x0000000087000000| PB 0x0000000087000000| Untracked 
|  41|0x0000000087100000, 0x0000000087200000, 0x0000000087200000|100%| O|  |TAMS 0x0000000087100000| PB 0x0000000087100000| Untracked 
|  42|0x0000000087200000, 0x0000000087300000, 0x0000000087300000|100%|HS|  |TAMS 0x0000000087200000| PB 0x0000000087200000| Complete 
|  43|0x0000000087300000, 0x0000000087400000, 0x0000000087400000|100%|HC|  |TAMS 0x0000000087300000| PB 0x0000000087300000| Complete 
|  44|0x0000000087400000, 0x0000000087500000, 0x0000000087500000|100%|HS|  |TAMS 0x0000000087400000| PB 0x0000000087400000| Complete 
|  45|0x0000000087500000, 0x0000000087600000, 0x0000000087600000|100%|HC|  |TAMS 0x0000000087500000| PB 0x0000000087500000| Complete 
|  46|0x0000000087600000, 0x0000000087700000, 0x0000000087700000|100%|HC|  |TAMS 0x0000000087600000| PB 0x0000000087600000| Complete 
|  47|0x0000000087700000, 0x0000000087800000, 0x0000000087800000|100%|HC|  |TAMS 0x0000000087700000| PB 0x0000000087700000| Complete 
|  48|0x0000000087800000, 0x0000000087900000, 0x0000000087900000|100%|HS|  |TAMS 0x0000000087800000| PB 0x0000000087800000| Complete 
|  49|0x0000000087900000, 0x0000000087a00000, 0x0000000087a00000|100%|HC|  |TAMS 0x0000000087900000| PB 0x0000000087900000| Complete 
|  50|0x0000000087a00000, 0x0000000087b00000, 0x0000000087b00000|100%|HC|  |TAMS 0x0000000087a00000| PB 0x0000000087a00000| Complete 
|  51|0x0000000087b00000, 0x0000000087c00000, 0x0000000087c00000|100%|HC|  |TAMS 0x0000000087b00000| PB 0x0000000087b00000| Complete 
|  52|0x0000000087c00000, 0x0000000087d00000, 0x0000000087d00000|100%|HS|  |TAMS 0x0000000087c00000| PB 0x0000000087c00000| Complete 
|  53|0x0000000087d00000, 0x0000000087e00000, 0x0000000087e00000|100%|HC|  |TAMS 0x0000000087d00000| PB 0x0000000087d00000| Complete 
|  54|0x0000000087e00000, 0x0000000087f00000, 0x0000000087f00000|100%|HC|  |TAMS 0x0000000087e00000| PB 0x0000000087e00000| Complete 
|  55|0x0000000087f00000, 0x0000000088000000, 0x0000000088000000|100%|HC|  |TAMS 0x0000000087f00000| PB 0x0000000087f00000| Complete 
|  56|0x0000000088000000, 0x0000000088100000, 0x0000000088100000|100%|HS|  |TAMS 0x0000000088000000| PB 0x0000000088000000| Complete 
|  57|0x0000000088100000, 0x0000000088200000, 0x0000000088200000|100%|HC|  |TAMS 0x0000000088100000| PB 0x0000000088100000| Complete 
|  58|0x0000000088200000, 0x0000000088300000, 0x0000000088300000|100%|HC|  |TAMS 0x0000000088200000| PB 0x0000000088200000| Complete 
|  59|0x0000000088300000, 0x0000000088400000, 0x0000000088400000|100%|HS|  |TAMS 0x0000000088300000| PB 0x0000000088300000| Complete 
|  60|0x0000000088400000, 0x0000000088500000, 0x0000000088500000|100%|HC|  |TAMS 0x0000000088400000| PB 0x0000000088400000| Complete 
|  61|0x0000000088500000, 0x0000000088600000, 0x0000000088600000|100%|HC|  |TAMS 0x0000000088500000| PB 0x0000000088500000| Complete 
|  62|0x0000000088600000, 0x0000000088700000, 0x0000000088700000|100%|HC|  |TAMS 0x0000000088600000| PB 0x0000000088600000| Complete 
|  63|0x0000000088700000, 0x0000000088800000, 0x0000000088800000|100%|HS|  |TAMS 0x0000000088700000| PB 0x0000000088700000| Complete 
|  64|0x0000000088800000, 0x0000000088900000, 0x0000000088900000|100%|HC|  |TAMS 0x0000000088800000| PB 0x0000000088800000| Complete 
|  65|0x0000000088900000, 0x0000000088a00000, 0x0000000088a00000|100%|HC|  |TAMS 0x0000000088900000| PB 0x0000000088900000| Complete 
|  66|0x0000000088a00000, 0x0000000088b00000, 0x0000000088b00000|100%|HC|  |TAMS 0x0000000088a00000| PB 0x0000000088a00000| Complete 
|  67|0x0000000088b00000, 0x0000000088bffff0, 0x0000000088c00000| 99%| O|  |TAMS 0x0000000088b00000| PB 0x0000000088b00000| Untracked 
|  68|0x0000000088c00000, 0x0000000088d00000, 0x0000000088d00000|100%|HS|  |TAMS 0x0000000088c00000| PB 0x0000000088c00000| Complete 
|  69|0x0000000088d00000, 0x0000000088e00000, 0x0000000088e00000|100%|HC|  |TAMS 0x0000000088d00000| PB 0x0000000088d00000| Complete 
|  70|0x0000000088e00000, 0x0000000088f00000, 0x0000000088f00000|100%|HC|  |TAMS 0x0000000088e00000| PB 0x0000000088e00000| Complete 
|  71|0x0000000088f00000, 0x0000000089000000, 0x0000000089000000|100%|HC|  |TAMS 0x0000000088f00000| PB 0x0000000088f00000| Complete 
|  72|0x0000000089000000, 0x0000000089100000, 0x0000000089100000|100%|HS|  |TAMS 0x0000000089000000| PB 0x0000000089000000| Complete 
|  73|0x0000000089100000, 0x0000000089200000, 0x0000000089200000|100%|HC|  |TAMS 0x0000000089100000| PB 0x0000000089100000| Complete 
|  74|0x0000000089200000, 0x0000000089300000, 0x0000000089300000|100%|HC|  |TAMS 0x0000000089200000| PB 0x0000000089200000| Complete 
|  75|0x0000000089300000, 0x0000000089400000, 0x0000000089400000|100%|HC|  |TAMS 0x0000000089300000| PB 0x0000000089300000| Complete 
|  76|0x0000000089400000, 0x0000000089500000, 0x0000000089500000|100%|HS|  |TAMS 0x0000000089400000| PB 0x0000000089400000| Complete 
|  77|0x0000000089500000, 0x0000000089600000, 0x0000000089600000|100%|HC|  |TAMS 0x0000000089500000| PB 0x0000000089500000| Complete 
|  78|0x0000000089600000, 0x0000000089700000, 0x0000000089700000|100%|HC|  |TAMS 0x0000000089600000| PB 0x0000000089600000| Complete 
|  79|0x0000000089700000, 0x0000000089800000, 0x0000000089800000|100%|HC|  |TAMS 0x0000000089700000| PB 0x0000000089700000| Complete 
|  80|0x0000000089800000, 0x00000000898ffff8, 0x0000000089900000| 99%| O|  |TAMS 0x0000000089800000| PB 0x0000000089800000| Untracked 
|  81|0x0000000089900000, 0x0000000089a00000, 0x0000000089a00000|100%|HS|  |TAMS 0x0000000089900000| PB 0x0000000089900000| Complete 
|  82|0x0000000089a00000, 0x0000000089b00000, 0x0000000089b00000|100%|HC|  |TAMS 0x0000000089a00000| PB 0x0000000089a00000| Complete 
|  83|0x0000000089b00000, 0x0000000089c00000, 0x0000000089c00000|100%|HC|  |TAMS 0x0000000089b00000| PB 0x0000000089b00000| Complete 
|  84|0x0000000089c00000, 0x0000000089d00000, 0x0000000089d00000|100%| O|  |TAMS 0x0000000089c00000| PB 0x0000000089c00000| Untracked 
|  85|0x0000000089d00000, 0x0000000089e00000, 0x0000000089e00000|100%| O|  |TAMS 0x0000000089d00000| PB 0x0000000089d00000| Untracked 
|  86|0x0000000089e00000, 0x0000000089f00000, 0x0000000089f00000|100%| O|  |TAMS 0x0000000089e00000| PB 0x0000000089e00000| Untracked 
|  87|0x0000000089f00000, 0x0000000089fffff8, 0x000000008a000000| 99%| O|  |TAMS 0x0000000089f00000| PB 0x0000000089f00000| Untracked 
|  88|0x000000008a000000, 0x000000008a100000, 0x000000008a100000|100%| O|  |TAMS 0x000000008a000000| PB 0x000000008a000000| Untracked 
|  89|0x000000008a100000, 0x000000008a200000, 0x000000008a200000|100%| O|  |TAMS 0x000000008a100000| PB 0x000000008a100000| Untracked 
|  90|0x000000008a200000, 0x000000008a300000, 0x000000008a300000|100%| O|  |TAMS 0x000000008a200000| PB 0x000000008a200000| Untracked 
|  91|0x000000008a300000, 0x000000008a400000, 0x000000008a400000|100%| O|  |TAMS 0x000000008a300000| PB 0x000000008a300000| Untracked 
|  92|0x000000008a400000, 0x000000008a500000, 0x000000008a500000|100%| O|  |TAMS 0x000000008a400000| PB 0x000000008a400000| Untracked 
|  93|0x000000008a500000, 0x000000008a600000, 0x000000008a600000|100%| O|  |TAMS 0x000000008a500000| PB 0x000000008a500000| Untracked 
|  94|0x000000008a600000, 0x000000008a6fffe8, 0x000000008a700000| 99%| O|  |TAMS 0x000000008a600000| PB 0x000000008a600000| Untracked 
|  95|0x000000008a700000, 0x000000008a800000, 0x000000008a800000|100%| O|  |TAMS 0x000000008a700000| PB 0x000000008a700000| Untracked 
|  96|0x000000008a800000, 0x000000008a900000, 0x000000008a900000|100%| O|  |TAMS 0x000000008a800000| PB 0x000000008a800000| Untracked 
|  97|0x000000008a900000, 0x000000008a9fff70, 0x000000008aa00000| 99%| O|  |TAMS 0x000000008a900000| PB 0x000000008a900000| Untracked 
|  98|0x000000008aa00000, 0x000000008ab00000, 0x000000008ab00000|100%| O|  |TAMS 0x000000008aa00000| PB 0x000000008aa00000| Untracked 
|  99|0x000000008ab00000, 0x000000008ac00000, 0x000000008ac00000|100%| O|  |TAMS 0x000000008ab00000| PB 0x000000008ab00000| Untracked 
| 100|0x000000008ac00000, 0x000000008ad00000, 0x000000008ad00000|100%| O|  |TAMS 0x000000008ac00000| PB 0x000000008ac00000| Untracked 
| 101|0x000000008ad00000, 0x000000008ae00000, 0x000000008ae00000|100%| O|  |TAMS 0x000000008ad00000| PB 0x000000008ad00000| Untracked 
| 102|0x000000008ae00000, 0x000000008af00000, 0x000000008af00000|100%| O|  |TAMS 0x000000008ae00000| PB 0x000000008ae00000| Untracked 
| 103|0x000000008af00000, 0x000000008b000000, 0x000000008b000000|100%| O|  |TAMS 0x000000008af00000| PB 0x000000008af00000| Untracked 
| 104|0x000000008b000000, 0x000000008b100000, 0x000000008b100000|100%| O|  |TAMS 0x000000008b000000| PB 0x000000008b000000| Untracked 
| 105|0x000000008b100000, 0x000000008b200000, 0x000000008b200000|100%| O|  |TAMS 0x000000008b100000| PB 0x000000008b100000| Untracked 
| 106|0x000000008b200000, 0x000000008b2fffe8, 0x000000008b300000| 99%| O|  |TAMS 0x000000008b200000| PB 0x000000008b200000| Untracked 
| 107|0x000000008b300000, 0x000000008b400000, 0x000000008b400000|100%| O|  |TAMS 0x000000008b300000| PB 0x000000008b300000| Untracked 
| 108|0x000000008b400000, 0x000000008b500000, 0x000000008b500000|100%| O|  |TAMS 0x000000008b400000| PB 0x000000008b400000| Untracked 
| 109|0x000000008b500000, 0x000000008b600000, 0x000000008b600000|100%| O|  |TAMS 0x000000008b500000| PB 0x000000008b500000| Untracked 
| 110|0x000000008b600000, 0x000000008b700000, 0x000000008b700000|100%| O|  |TAMS 0x000000008b600000| PB 0x000000008b600000| Untracked 
| 111|0x000000008b700000, 0x000000008b800000, 0x000000008b800000|100%| O|  |TAMS 0x000000008b700000| PB 0x000000008b700000| Untracked 
| 112|0x000000008b800000, 0x000000008b900000, 0x000000008b900000|100%| O|  |TAMS 0x000000008b800000| PB 0x000000008b800000| Untracked 
| 113|0x000000008b900000, 0x000000008b9ffff0, 0x000000008ba00000| 99%| O|  |TAMS 0x000000008b900000| PB 0x000000008b900000| Untracked 
| 114|0x000000008ba00000, 0x000000008bb00000, 0x000000008bb00000|100%| O|  |TAMS 0x000000008ba00000| PB 0x000000008ba00000| Untracked 
| 115|0x000000008bb00000, 0x000000008bc00000, 0x000000008bc00000|100%| O|  |TAMS 0x000000008bb00000| PB 0x000000008bb00000| Untracked 
| 116|0x000000008bc00000, 0x000000008bc00000, 0x000000008bd00000|  0%| F|  |TAMS 0x000000008bc00000| PB 0x000000008bc00000| Untracked 
| 117|0x000000008bd00000, 0x000000008be00000, 0x000000008be00000|100%| O|  |TAMS 0x000000008bd00000| PB 0x000000008bd00000| Untracked 
| 118|0x000000008be00000, 0x000000008bf00000, 0x000000008bf00000|100%| O|  |TAMS 0x000000008be00000| PB 0x000000008be00000| Untracked 
| 119|0x000000008bf00000, 0x000000008c000000, 0x000000008c000000|100%| O|  |TAMS 0x000000008bf00000| PB 0x000000008bf00000| Untracked 
| 120|0x000000008c000000, 0x000000008c100000, 0x000000008c100000|100%| O|  |TAMS 0x000000008c000000| PB 0x000000008c000000| Untracked 
| 121|0x000000008c100000, 0x000000008c200000, 0x000000008c200000|100%| O|  |TAMS 0x000000008c100000| PB 0x000000008c100000| Untracked 
| 122|0x000000008c200000, 0x000000008c2ffff0, 0x000000008c300000| 99%| O|  |TAMS 0x000000008c200000| PB 0x000000008c200000| Untracked 
| 123|0x000000008c300000, 0x000000008c3ffff8, 0x000000008c400000| 99%| O|  |TAMS 0x000000008c300000| PB 0x000000008c300000| Untracked 
| 124|0x000000008c400000, 0x000000008c500000, 0x000000008c500000|100%| O|  |TAMS 0x000000008c400000| PB 0x000000008c400000| Untracked 
| 125|0x000000008c500000, 0x000000008c600000, 0x000000008c600000|100%| O|  |TAMS 0x000000008c500000| PB 0x000000008c500000| Untracked 
| 126|0x000000008c600000, 0x000000008c700000, 0x000000008c700000|100%| O|  |TAMS 0x000000008c600000| PB 0x000000008c600000| Untracked 
| 127|0x000000008c700000, 0x000000008c800000, 0x000000008c800000|100%| O|  |TAMS 0x000000008c700000| PB 0x000000008c700000| Untracked 
| 128|0x000000008c800000, 0x000000008c900000, 0x000000008c900000|100%| O|  |TAMS 0x000000008c800000| PB 0x000000008c800000| Untracked 
| 129|0x000000008c900000, 0x000000008ca00000, 0x000000008ca00000|100%| O|  |TAMS 0x000000008c900000| PB 0x000000008c900000| Untracked 
| 130|0x000000008ca00000, 0x000000008cb00000, 0x000000008cb00000|100%| O|  |TAMS 0x000000008ca00000| PB 0x000000008ca00000| Untracked 
| 131|0x000000008cb00000, 0x000000008cc00000, 0x000000008cc00000|100%| O|  |TAMS 0x000000008cb00000| PB 0x000000008cb00000| Untracked 
| 132|0x000000008cc00000, 0x000000008cd00000, 0x000000008cd00000|100%| O|  |TAMS 0x000000008cc00000| PB 0x000000008cc00000| Untracked 
| 133|0x000000008cd00000, 0x000000008ce00000, 0x000000008ce00000|100%| O|  |TAMS 0x000000008cd00000| PB 0x000000008cd00000| Untracked 
| 134|0x000000008ce00000, 0x000000008cf00000, 0x000000008cf00000|100%| O|  |TAMS 0x000000008ce00000| PB 0x000000008ce00000| Untracked 
| 135|0x000000008cf00000, 0x000000008d000000, 0x000000008d000000|100%| O|  |TAMS 0x000000008cf00000| PB 0x000000008cf00000| Untracked 
| 136|0x000000008d000000, 0x000000008d100000, 0x000000008d100000|100%| O|Cm|TAMS 0x000000008d000000| PB 0x000000008d000000| Complete 
| 137|0x000000008d100000, 0x000000008d200000, 0x000000008d200000|100%| O|  |TAMS 0x000000008d100000| PB 0x000000008d100000| Untracked 
| 138|0x000000008d200000, 0x000000008d300000, 0x000000008d300000|100%| O|  |TAMS 0x000000008d200000| PB 0x000000008d200000| Untracked 
| 139|0x000000008d300000, 0x000000008d400000, 0x000000008d400000|100%| O|  |TAMS 0x000000008d300000| PB 0x000000008d300000| Untracked 
| 140|0x000000008d400000, 0x000000008d500000, 0x000000008d500000|100%| O|  |TAMS 0x000000008d400000| PB 0x000000008d400000| Untracked 
| 141|0x000000008d500000, 0x000000008d600000, 0x000000008d600000|100%| O|  |TAMS 0x000000008d500000| PB 0x000000008d500000| Untracked 
| 142|0x000000008d600000, 0x000000008d700000, 0x000000008d700000|100%| O|  |TAMS 0x000000008d600000| PB 0x000000008d600000| Untracked 
| 143|0x000000008d700000, 0x000000008d800000, 0x000000008d800000|100%| O|  |TAMS 0x000000008d700000| PB 0x000000008d700000| Untracked 
| 144|0x000000008d800000, 0x000000008d900000, 0x000000008d900000|100%| O|  |TAMS 0x000000008d800000| PB 0x000000008d800000| Untracked 
| 145|0x000000008d900000, 0x000000008da00000, 0x000000008da00000|100%| O|  |TAMS 0x000000008d900000| PB 0x000000008d900000| Untracked 
| 146|0x000000008da00000, 0x000000008db00000, 0x000000008db00000|100%| O|  |TAMS 0x000000008da00000| PB 0x000000008da00000| Untracked 
| 147|0x000000008db00000, 0x000000008dc00000, 0x000000008dc00000|100%| O|  |TAMS 0x000000008db00000| PB 0x000000008db00000| Untracked 
| 148|0x000000008dc00000, 0x000000008dc00000, 0x000000008dd00000|  0%| F|  |TAMS 0x000000008dc00000| PB 0x000000008dc00000| Untracked 
| 149|0x000000008dd00000, 0x000000008de00000, 0x000000008de00000|100%| O|  |TAMS 0x000000008dd00000| PB 0x000000008dd00000| Untracked 
| 150|0x000000008de00000, 0x000000008df00000, 0x000000008df00000|100%| O|  |TAMS 0x000000008de00000| PB 0x000000008de00000| Untracked 
| 151|0x000000008df00000, 0x000000008df00000, 0x000000008e000000|  0%| F|  |TAMS 0x000000008df00000| PB 0x000000008df00000| Untracked 
| 152|0x000000008e000000, 0x000000008e100000, 0x000000008e100000|100%| O|  |TAMS 0x000000008e000000| PB 0x000000008e000000| Untracked 
| 153|0x000000008e100000, 0x000000008e100000, 0x000000008e200000|  0%| F|  |TAMS 0x000000008e100000| PB 0x000000008e100000| Untracked 
| 154|0x000000008e200000, 0x000000008e300000, 0x000000008e300000|100%| O|  |TAMS 0x000000008e200000| PB 0x000000008e200000| Untracked 
| 155|0x000000008e300000, 0x000000008e400000, 0x000000008e400000|100%| O|  |TAMS 0x000000008e300000| PB 0x000000008e300000| Untracked 
| 156|0x000000008e400000, 0x000000008e500000, 0x000000008e500000|100%| O|  |TAMS 0x000000008e400000| PB 0x000000008e400000| Untracked 
| 157|0x000000008e500000, 0x000000008e600000, 0x000000008e600000|100%| O|  |TAMS 0x000000008e500000| PB 0x000000008e500000| Untracked 
| 158|0x000000008e600000, 0x000000008e700000, 0x000000008e700000|100%| O|Cm|TAMS 0x000000008e600000| PB 0x000000008e600000| Complete 
| 159|0x000000008e700000, 0x000000008e800000, 0x000000008e800000|100%| O|  |TAMS 0x000000008e700000| PB 0x000000008e700000| Untracked 
| 160|0x000000008e800000, 0x000000008e900000, 0x000000008e900000|100%| O|  |TAMS 0x000000008e800000| PB 0x000000008e800000| Untracked 
| 161|0x000000008e900000, 0x000000008ea00000, 0x000000008ea00000|100%| O|  |TAMS 0x000000008e900000| PB 0x000000008e900000| Untracked 
| 162|0x000000008ea00000, 0x000000008ea00000, 0x000000008eb00000|  0%| F|  |TAMS 0x000000008ea00000| PB 0x000000008ea00000| Untracked 
| 163|0x000000008eb00000, 0x000000008eb00000, 0x000000008ec00000|  0%| F|  |TAMS 0x000000008eb00000| PB 0x000000008eb00000| Untracked 
| 164|0x000000008ec00000, 0x000000008ec00000, 0x000000008ed00000|  0%| F|  |TAMS 0x000000008ec00000| PB 0x000000008ec00000| Untracked 
| 165|0x000000008ed00000, 0x000000008ed00000, 0x000000008ee00000|  0%| F|  |TAMS 0x000000008ed00000| PB 0x000000008ed00000| Untracked 
| 166|0x000000008ee00000, 0x000000008ee00000, 0x000000008ef00000|  0%| F|  |TAMS 0x000000008ee00000| PB 0x000000008ee00000| Untracked 
| 167|0x000000008ef00000, 0x000000008ef00000, 0x000000008f000000|  0%| F|  |TAMS 0x000000008ef00000| PB 0x000000008ef00000| Untracked 
| 168|0x000000008f000000, 0x000000008f000000, 0x000000008f100000|  0%| F|  |TAMS 0x000000008f000000| PB 0x000000008f000000| Untracked 
| 169|0x000000008f100000, 0x000000008f100000, 0x000000008f200000|  0%| F|  |TAMS 0x000000008f100000| PB 0x000000008f100000| Untracked 
| 170|0x000000008f200000, 0x000000008f200000, 0x000000008f300000|  0%| F|  |TAMS 0x000000008f200000| PB 0x000000008f200000| Untracked 
| 171|0x000000008f300000, 0x000000008f300000, 0x000000008f400000|  0%| F|  |TAMS 0x000000008f300000| PB 0x000000008f300000| Untracked 
| 172|0x000000008f400000, 0x000000008f400000, 0x000000008f500000|  0%| F|  |TAMS 0x000000008f400000| PB 0x000000008f400000| Untracked 
| 173|0x000000008f500000, 0x000000008f600000, 0x000000008f600000|100%| O|  |TAMS 0x000000008f500000| PB 0x000000008f500000| Untracked 
| 174|0x000000008f600000, 0x000000008f700000, 0x000000008f700000|100%| O|  |TAMS 0x000000008f600000| PB 0x000000008f600000| Untracked 
| 175|0x000000008f700000, 0x000000008f800000, 0x000000008f800000|100%| O|  |TAMS 0x000000008f700000| PB 0x000000008f700000| Untracked 
| 176|0x000000008f800000, 0x000000008f900000, 0x000000008f900000|100%| O|  |TAMS 0x000000008f800000| PB 0x000000008f800000| Untracked 
| 177|0x000000008f900000, 0x000000008fa00000, 0x000000008fa00000|100%| O|Cm|TAMS 0x000000008f900000| PB 0x000000008f900000| Complete 
| 178|0x000000008fa00000, 0x000000008fb00000, 0x000000008fb00000|100%| O|  |TAMS 0x000000008fa00000| PB 0x000000008fa00000| Untracked 
| 179|0x000000008fb00000, 0x000000008fb00000, 0x000000008fc00000|  0%| F|  |TAMS 0x000000008fb00000| PB 0x000000008fb00000| Untracked 
| 180|0x000000008fc00000, 0x000000008fc00000, 0x000000008fd00000|  0%| F|  |TAMS 0x000000008fc00000| PB 0x000000008fc00000| Untracked 
| 181|0x000000008fd00000, 0x000000008fd00000, 0x000000008fe00000|  0%| F|  |TAMS 0x000000008fd00000| PB 0x000000008fd00000| Untracked 
| 182|0x000000008fe00000, 0x000000008fe00000, 0x000000008ff00000|  0%| F|  |TAMS 0x000000008fe00000| PB 0x000000008fe00000| Untracked 
| 183|0x000000008ff00000, 0x0000000090000000, 0x0000000090000000|100%| O|Cm|TAMS 0x000000008ff00000| PB 0x000000008ff00000| Complete 
| 184|0x0000000090000000, 0x00000000900fffe0, 0x0000000090100000| 99%| O|  |TAMS 0x0000000090000000| PB 0x0000000090000000| Untracked 
| 185|0x0000000090100000, 0x00000000901fff78, 0x0000000090200000| 99%| O|  |TAMS 0x0000000090100000| PB 0x0000000090100000| Untracked 
| 186|0x0000000090200000, 0x0000000090300000, 0x0000000090300000|100%| O|  |TAMS 0x0000000090200000| PB 0x0000000090200000| Untracked 
| 187|0x0000000090300000, 0x00000000903fffd0, 0x0000000090400000| 99%| O|Cm|TAMS 0x0000000090300000| PB 0x0000000090300000| Complete 
| 188|0x0000000090400000, 0x0000000090500000, 0x0000000090500000|100%| O|  |TAMS 0x0000000090400000| PB 0x0000000090400000| Untracked 
| 189|0x0000000090500000, 0x0000000090600000, 0x0000000090600000|100%| O|  |TAMS 0x0000000090500000| PB 0x0000000090500000| Untracked 
| 190|0x0000000090600000, 0x0000000090700000, 0x0000000090700000|100%| O|  |TAMS 0x0000000090600000| PB 0x0000000090600000| Untracked 
| 191|0x0000000090700000, 0x0000000090800000, 0x0000000090800000|100%| O|  |TAMS 0x0000000090700000| PB 0x0000000090700000| Untracked 
| 192|0x0000000090800000, 0x00000000908fffd0, 0x0000000090900000| 99%| O|  |TAMS 0x0000000090800000| PB 0x0000000090800000| Untracked 
| 193|0x0000000090900000, 0x0000000090a00000, 0x0000000090a00000|100%| O|  |TAMS 0x0000000090900000| PB 0x0000000090900000| Untracked 
| 194|0x0000000090a00000, 0x0000000090b00000, 0x0000000090b00000|100%| O|  |TAMS 0x0000000090a00000| PB 0x0000000090a00000| Untracked 
| 195|0x0000000090b00000, 0x0000000090c00000, 0x0000000090c00000|100%| O|  |TAMS 0x0000000090b00000| PB 0x0000000090b00000| Untracked 
| 196|0x0000000090c00000, 0x0000000090cffff0, 0x0000000090d00000| 99%| O|  |TAMS 0x0000000090c00000| PB 0x0000000090c00000| Untracked 
| 197|0x0000000090d00000, 0x0000000090e00000, 0x0000000090e00000|100%| O|  |TAMS 0x0000000090d00000| PB 0x0000000090d00000| Untracked 
| 198|0x0000000090e00000, 0x0000000090f00000, 0x0000000090f00000|100%| O|  |TAMS 0x0000000090e00000| PB 0x0000000090e00000| Untracked 
| 199|0x0000000090f00000, 0x0000000091000000, 0x0000000091000000|100%| O|  |TAMS 0x0000000090f00000| PB 0x0000000090f00000| Untracked 
| 200|0x0000000091000000, 0x0000000091100000, 0x0000000091100000|100%| O|  |TAMS 0x0000000091000000| PB 0x0000000091000000| Untracked 
| 201|0x0000000091100000, 0x0000000091200000, 0x0000000091200000|100%| O|  |TAMS 0x0000000091100000| PB 0x0000000091100000| Untracked 
| 202|0x0000000091200000, 0x00000000912ffff8, 0x0000000091300000| 99%| O|  |TAMS 0x0000000091200000| PB 0x0000000091200000| Untracked 
| 203|0x0000000091300000, 0x0000000091400000, 0x0000000091400000|100%| O|  |TAMS 0x0000000091300000| PB 0x0000000091300000| Untracked 
| 204|0x0000000091400000, 0x0000000091500000, 0x0000000091500000|100%| O|  |TAMS 0x0000000091400000| PB 0x0000000091400000| Untracked 
| 205|0x0000000091500000, 0x0000000091600000, 0x0000000091600000|100%| O|  |TAMS 0x0000000091500000| PB 0x0000000091500000| Untracked 
| 206|0x0000000091600000, 0x0000000091700000, 0x0000000091700000|100%| O|  |TAMS 0x0000000091600000| PB 0x0000000091600000| Untracked 
| 207|0x0000000091700000, 0x0000000091800000, 0x0000000091800000|100%| O|  |TAMS 0x0000000091700000| PB 0x0000000091700000| Untracked 
| 208|0x0000000091800000, 0x0000000091900000, 0x0000000091900000|100%| O|  |TAMS 0x0000000091800000| PB 0x0000000091800000| Untracked 
| 209|0x0000000091900000, 0x0000000091a00000, 0x0000000091a00000|100%| O|  |TAMS 0x0000000091900000| PB 0x0000000091900000| Untracked 
| 210|0x0000000091a00000, 0x0000000091b00000, 0x0000000091b00000|100%| O|Cm|TAMS 0x0000000091a00000| PB 0x0000000091a00000| Complete 
| 211|0x0000000091b00000, 0x0000000091c00000, 0x0000000091c00000|100%| O|  |TAMS 0x0000000091b00000| PB 0x0000000091b00000| Untracked 
| 212|0x0000000091c00000, 0x0000000091d00000, 0x0000000091d00000|100%| O|  |TAMS 0x0000000091c00000| PB 0x0000000091c00000| Untracked 
| 213|0x0000000091d00000, 0x0000000091e00000, 0x0000000091e00000|100%| O|  |TAMS 0x0000000091d00000| PB 0x0000000091d00000| Untracked 
| 214|0x0000000091e00000, 0x0000000091f00000, 0x0000000091f00000|100%| O|  |TAMS 0x0000000091e00000| PB 0x0000000091e00000| Untracked 
| 215|0x0000000091f00000, 0x0000000092000000, 0x0000000092000000|100%| O|  |TAMS 0x0000000091f00000| PB 0x0000000091f00000| Untracked 
| 216|0x0000000092000000, 0x0000000092100000, 0x0000000092100000|100%| O|  |TAMS 0x0000000092000000| PB 0x0000000092000000| Untracked 
| 217|0x0000000092100000, 0x0000000092200000, 0x0000000092200000|100%| O|  |TAMS 0x0000000092100000| PB 0x0000000092100000| Untracked 
| 218|0x0000000092200000, 0x0000000092300000, 0x0000000092300000|100%| O|  |TAMS 0x0000000092200000| PB 0x0000000092200000| Untracked 
| 219|0x0000000092300000, 0x0000000092400000, 0x0000000092400000|100%| O|  |TAMS 0x0000000092300000| PB 0x0000000092300000| Untracked 
| 220|0x0000000092400000, 0x0000000092500000, 0x0000000092500000|100%| O|  |TAMS 0x0000000092400000| PB 0x0000000092400000| Untracked 
| 221|0x0000000092500000, 0x0000000092600000, 0x0000000092600000|100%| O|  |TAMS 0x0000000092500000| PB 0x0000000092500000| Untracked 
| 222|0x0000000092600000, 0x0000000092700000, 0x0000000092700000|100%| O|  |TAMS 0x0000000092600000| PB 0x0000000092600000| Untracked 
| 223|0x0000000092700000, 0x0000000092800000, 0x0000000092800000|100%| O|  |TAMS 0x0000000092700000| PB 0x0000000092700000| Untracked 
| 224|0x0000000092800000, 0x0000000092900000, 0x0000000092900000|100%| O|  |TAMS 0x0000000092800000| PB 0x0000000092800000| Untracked 
| 225|0x0000000092900000, 0x0000000092a00000, 0x0000000092a00000|100%| O|  |TAMS 0x0000000092900000| PB 0x0000000092900000| Untracked 
| 226|0x0000000092a00000, 0x0000000092b00000, 0x0000000092b00000|100%| O|  |TAMS 0x0000000092a00000| PB 0x0000000092a00000| Untracked 
| 227|0x0000000092b00000, 0x0000000092c00000, 0x0000000092c00000|100%| O|  |TAMS 0x0000000092b00000| PB 0x0000000092b00000| Untracked 
| 228|0x0000000092c00000, 0x0000000092d00000, 0x0000000092d00000|100%| O|  |TAMS 0x0000000092c00000| PB 0x0000000092c00000| Untracked 
| 229|0x0000000092d00000, 0x0000000092e00000, 0x0000000092e00000|100%| O|  |TAMS 0x0000000092d00000| PB 0x0000000092d00000| Untracked 
| 230|0x0000000092e00000, 0x0000000092f00000, 0x0000000092f00000|100%| O|  |TAMS 0x0000000092e00000| PB 0x0000000092e00000| Untracked 
| 231|0x0000000092f00000, 0x0000000093000000, 0x0000000093000000|100%| O|  |TAMS 0x0000000092f00000| PB 0x0000000092f00000| Untracked 
| 232|0x0000000093000000, 0x0000000093100000, 0x0000000093100000|100%| O|  |TAMS 0x0000000093000000| PB 0x0000000093000000| Untracked 
| 233|0x0000000093100000, 0x0000000093200000, 0x0000000093200000|100%| O|  |TAMS 0x0000000093100000| PB 0x0000000093100000| Untracked 
| 234|0x0000000093200000, 0x0000000093300000, 0x0000000093300000|100%| O|  |TAMS 0x0000000093200000| PB 0x0000000093200000| Untracked 
| 235|0x0000000093300000, 0x0000000093400000, 0x0000000093400000|100%| O|  |TAMS 0x0000000093300000| PB 0x0000000093300000| Untracked 
| 236|0x0000000093400000, 0x0000000093500000, 0x0000000093500000|100%| O|  |TAMS 0x0000000093400000| PB 0x0000000093400000| Untracked 
| 237|0x0000000093500000, 0x0000000093600000, 0x0000000093600000|100%| O|  |TAMS 0x0000000093500000| PB 0x0000000093500000| Untracked 
| 238|0x0000000093600000, 0x0000000093700000, 0x0000000093700000|100%| O|  |TAMS 0x0000000093600000| PB 0x0000000093600000| Untracked 
| 239|0x0000000093700000, 0x0000000093800000, 0x0000000093800000|100%| O|  |TAMS 0x0000000093700000| PB 0x0000000093700000| Untracked 
| 240|0x0000000093800000, 0x0000000093900000, 0x0000000093900000|100%| O|Cm|TAMS 0x0000000093800000| PB 0x0000000093800000| Complete 
| 241|0x0000000093900000, 0x0000000093a00000, 0x0000000093a00000|100%| O|  |TAMS 0x0000000093900000| PB 0x0000000093900000| Untracked 
| 242|0x0000000093a00000, 0x0000000093b00000, 0x0000000093b00000|100%|HS|  |TAMS 0x0000000093a00000| PB 0x0000000093a00000| Complete 
| 243|0x0000000093b00000, 0x0000000093c00000, 0x0000000093c00000|100%|HC|  |TAMS 0x0000000093b00000| PB 0x0000000093b00000| Complete 
| 244|0x0000000093c00000, 0x0000000093d00000, 0x0000000093d00000|100%|HC|  |TAMS 0x0000000093c00000| PB 0x0000000093c00000| Complete 
| 245|0x0000000093d00000, 0x0000000093e00000, 0x0000000093e00000|100%|HC|  |TAMS 0x0000000093d00000| PB 0x0000000093d00000| Complete 
| 246|0x0000000093e00000, 0x0000000093f00000, 0x0000000093f00000|100%|HC|  |TAMS 0x0000000093e00000| PB 0x0000000093e00000| Complete 
| 247|0x0000000093f00000, 0x0000000094000000, 0x0000000094000000|100%| O|  |TAMS 0x0000000093f00000| PB 0x0000000093f00000| Untracked 
| 248|0x0000000094000000, 0x0000000094100000, 0x0000000094100000|100%| O|  |TAMS 0x0000000094000000| PB 0x0000000094000000| Untracked 
| 249|0x0000000094100000, 0x0000000094200000, 0x0000000094200000|100%| O|  |TAMS 0x0000000094100000| PB 0x0000000094100000| Untracked 
| 250|0x0000000094200000, 0x0000000094200000, 0x0000000094300000|  0%| F|  |TAMS 0x0000000094200000| PB 0x0000000094200000| Untracked 
| 251|0x0000000094300000, 0x0000000094300000, 0x0000000094400000|  0%| F|  |TAMS 0x0000000094300000| PB 0x0000000094300000| Untracked 
| 252|0x0000000094400000, 0x0000000094400000, 0x0000000094500000|  0%| F|  |TAMS 0x0000000094400000| PB 0x0000000094400000| Untracked 
| 253|0x0000000094500000, 0x0000000094500000, 0x0000000094600000|  0%| F|  |TAMS 0x0000000094500000| PB 0x0000000094500000| Untracked 
| 254|0x0000000094600000, 0x0000000094600000, 0x0000000094700000|  0%| F|  |TAMS 0x0000000094600000| PB 0x0000000094600000| Untracked 
| 255|0x0000000094700000, 0x0000000094700000, 0x0000000094800000|  0%| F|  |TAMS 0x0000000094700000| PB 0x0000000094700000| Untracked 
| 256|0x0000000094800000, 0x0000000094800000, 0x0000000094900000|  0%| F|  |TAMS 0x0000000094800000| PB 0x0000000094800000| Untracked 
| 257|0x0000000094900000, 0x0000000094900000, 0x0000000094a00000|  0%| F|  |TAMS 0x0000000094900000| PB 0x0000000094900000| Untracked 
| 258|0x0000000094a00000, 0x0000000094b00000, 0x0000000094b00000|100%|HS|  |TAMS 0x0000000094a00000| PB 0x0000000094a00000| Complete 
| 259|0x0000000094b00000, 0x0000000094c00000, 0x0000000094c00000|100%|HC|  |TAMS 0x0000000094b00000| PB 0x0000000094b00000| Complete 
| 260|0x0000000094c00000, 0x0000000094d00000, 0x0000000094d00000|100%|HC|  |TAMS 0x0000000094c00000| PB 0x0000000094c00000| Complete 
| 261|0x0000000094d00000, 0x0000000094e00000, 0x0000000094e00000|100%|HC|  |TAMS 0x0000000094d00000| PB 0x0000000094d00000| Complete 
| 262|0x0000000094e00000, 0x0000000094f00000, 0x0000000094f00000|100%|HC|  |TAMS 0x0000000094e00000| PB 0x0000000094e00000| Complete 
| 263|0x0000000094f00000, 0x0000000095000000, 0x0000000095000000|100%|HC|  |TAMS 0x0000000094f00000| PB 0x0000000094f00000| Complete 
| 264|0x0000000095000000, 0x0000000095100000, 0x0000000095100000|100%|HC|  |TAMS 0x0000000095000000| PB 0x0000000095000000| Complete 
| 265|0x0000000095100000, 0x0000000095200000, 0x0000000095200000|100%|HC|  |TAMS 0x0000000095100000| PB 0x0000000095100000| Complete 
| 266|0x0000000095200000, 0x0000000095300000, 0x0000000095300000|100%|HC|  |TAMS 0x0000000095200000| PB 0x0000000095200000| Complete 
| 267|0x0000000095300000, 0x0000000095400000, 0x0000000095400000|100%|HC|  |TAMS 0x0000000095300000| PB 0x0000000095300000| Complete 
| 268|0x0000000095400000, 0x0000000095500000, 0x0000000095500000|100%|HC|  |TAMS 0x0000000095400000| PB 0x0000000095400000| Complete 
| 269|0x0000000095500000, 0x0000000095600000, 0x0000000095600000|100%|HC|  |TAMS 0x0000000095500000| PB 0x0000000095500000| Complete 
| 270|0x0000000095600000, 0x0000000095700000, 0x0000000095700000|100%|HC|  |TAMS 0x0000000095600000| PB 0x0000000095600000| Complete 
| 271|0x0000000095700000, 0x0000000095800000, 0x0000000095800000|100%|HC|  |TAMS 0x0000000095700000| PB 0x0000000095700000| Complete 
| 272|0x0000000095800000, 0x0000000095800000, 0x0000000095900000|  0%| F|  |TAMS 0x0000000095800000| PB 0x0000000095800000| Untracked 
| 273|0x0000000095900000, 0x0000000095900000, 0x0000000095a00000|  0%| F|  |TAMS 0x0000000095900000| PB 0x0000000095900000| Untracked 
| 274|0x0000000095a00000, 0x0000000095a00000, 0x0000000095b00000|  0%| F|  |TAMS 0x0000000095a00000| PB 0x0000000095a00000| Untracked 
| 275|0x0000000095b00000, 0x0000000095b00000, 0x0000000095c00000|  0%| F|  |TAMS 0x0000000095b00000| PB 0x0000000095b00000| Untracked 
| 276|0x0000000095c00000, 0x0000000095c00000, 0x0000000095d00000|  0%| F|  |TAMS 0x0000000095c00000| PB 0x0000000095c00000| Untracked 
| 277|0x0000000095d00000, 0x0000000095d00000, 0x0000000095e00000|  0%| F|  |TAMS 0x0000000095d00000| PB 0x0000000095d00000| Untracked 
| 278|0x0000000095e00000, 0x0000000095e00000, 0x0000000095f00000|  0%| F|  |TAMS 0x0000000095e00000| PB 0x0000000095e00000| Untracked 
| 279|0x0000000095f00000, 0x0000000095f00000, 0x0000000096000000|  0%| F|  |TAMS 0x0000000095f00000| PB 0x0000000095f00000| Untracked 
| 280|0x0000000096000000, 0x0000000096000000, 0x0000000096100000|  0%| F|  |TAMS 0x0000000096000000| PB 0x0000000096000000| Untracked 
| 281|0x0000000096100000, 0x0000000096100000, 0x0000000096200000|  0%| F|  |TAMS 0x0000000096100000| PB 0x0000000096100000| Untracked 
| 282|0x0000000096200000, 0x0000000096200000, 0x0000000096300000|  0%| F|  |TAMS 0x0000000096200000| PB 0x0000000096200000| Untracked 
| 283|0x0000000096300000, 0x0000000096300000, 0x0000000096400000|  0%| F|  |TAMS 0x0000000096300000| PB 0x0000000096300000| Untracked 
| 284|0x0000000096400000, 0x0000000096400000, 0x0000000096500000|  0%| F|  |TAMS 0x0000000096400000| PB 0x0000000096400000| Untracked 
| 285|0x0000000096500000, 0x0000000096580000, 0x0000000096600000| 50%| S|CS|TAMS 0x0000000096500000| PB 0x0000000096500000| Complete 
| 286|0x0000000096600000, 0x0000000096700000, 0x0000000096700000|100%| S|CS|TAMS 0x0000000096600000| PB 0x0000000096600000| Complete 
| 287|0x0000000096700000, 0x0000000096800000, 0x0000000096800000|100%| S|CS|TAMS 0x0000000096700000| PB 0x0000000096700000| Complete 
| 288|0x0000000096800000, 0x0000000096900000, 0x0000000096900000|100%| S|CS|TAMS 0x0000000096800000| PB 0x0000000096800000| Complete 
| 289|0x0000000096900000, 0x0000000096a00000, 0x0000000096a00000|100%| S|CS|TAMS 0x0000000096900000| PB 0x0000000096900000| Complete 
| 290|0x0000000096a00000, 0x0000000096b00000, 0x0000000096b00000|100%| S|CS|TAMS 0x0000000096a00000| PB 0x0000000096a00000| Complete 
| 291|0x0000000096b00000, 0x0000000096c00000, 0x0000000096c00000|100%| S|CS|TAMS 0x0000000096b00000| PB 0x0000000096b00000| Complete 
| 292|0x0000000096c00000, 0x0000000096d00000, 0x0000000096d00000|100%| S|CS|TAMS 0x0000000096c00000| PB 0x0000000096c00000| Complete 
| 293|0x0000000096d00000, 0x0000000096e00000, 0x0000000096e00000|100%| S|CS|TAMS 0x0000000096d00000| PB 0x0000000096d00000| Complete 
| 294|0x0000000096e00000, 0x0000000096f00000, 0x0000000096f00000|100%| S|CS|TAMS 0x0000000096e00000| PB 0x0000000096e00000| Complete 
| 295|0x0000000096f00000, 0x0000000097000000, 0x0000000097000000|100%| S|CS|TAMS 0x0000000096f00000| PB 0x0000000096f00000| Complete 
| 296|0x0000000097000000, 0x0000000097100000, 0x0000000097100000|100%| S|CS|TAMS 0x0000000097000000| PB 0x0000000097000000| Complete 
| 297|0x0000000097100000, 0x0000000097200000, 0x0000000097200000|100%| S|CS|TAMS 0x0000000097100000| PB 0x0000000097100000| Complete 
| 298|0x0000000097200000, 0x0000000097300000, 0x0000000097300000|100%| S|CS|TAMS 0x0000000097200000| PB 0x0000000097200000| Complete 
| 299|0x0000000097300000, 0x0000000097400000, 0x0000000097400000|100%| S|CS|TAMS 0x0000000097300000| PB 0x0000000097300000| Complete 
| 300|0x0000000097400000, 0x0000000097500000, 0x0000000097500000|100%| S|CS|TAMS 0x0000000097400000| PB 0x0000000097400000| Complete 
| 301|0x0000000097500000, 0x0000000097600000, 0x0000000097600000|100%| S|CS|TAMS 0x0000000097500000| PB 0x0000000097500000| Complete 
| 302|0x0000000097600000, 0x0000000097700000, 0x0000000097700000|100%| S|CS|TAMS 0x0000000097600000| PB 0x0000000097600000| Complete 
| 303|0x0000000097700000, 0x0000000097800000, 0x0000000097800000|100%| S|CS|TAMS 0x0000000097700000| PB 0x0000000097700000| Complete 
| 304|0x0000000097800000, 0x0000000097900000, 0x0000000097900000|100%| S|CS|TAMS 0x0000000097800000| PB 0x0000000097800000| Complete 
| 305|0x0000000097900000, 0x0000000097a00000, 0x0000000097a00000|100%| S|CS|TAMS 0x0000000097900000| PB 0x0000000097900000| Complete 
| 306|0x0000000097a00000, 0x0000000097b00000, 0x0000000097b00000|100%| S|CS|TAMS 0x0000000097a00000| PB 0x0000000097a00000| Complete 
| 307|0x0000000097b00000, 0x0000000097c00000, 0x0000000097c00000|100%| S|CS|TAMS 0x0000000097b00000| PB 0x0000000097b00000| Complete 
| 308|0x0000000097c00000, 0x0000000097d00000, 0x0000000097d00000|100%| S|CS|TAMS 0x0000000097c00000| PB 0x0000000097c00000| Complete 
| 309|0x0000000097d00000, 0x0000000097e00000, 0x0000000097e00000|100%| S|CS|TAMS 0x0000000097d00000| PB 0x0000000097d00000| Complete 
| 310|0x0000000097e00000, 0x0000000097f00000, 0x0000000097f00000|100%| S|CS|TAMS 0x0000000097e00000| PB 0x0000000097e00000| Complete 
| 311|0x0000000097f00000, 0x0000000097f00000, 0x0000000098000000|  0%| F|  |TAMS 0x0000000097f00000| PB 0x0000000097f00000| Untracked 
| 312|0x0000000098000000, 0x0000000098000000, 0x0000000098100000|  0%| F|  |TAMS 0x0000000098000000| PB 0x0000000098000000| Untracked 
| 313|0x0000000098100000, 0x0000000098100000, 0x0000000098200000|  0%| F|  |TAMS 0x0000000098100000| PB 0x0000000098100000| Untracked 
| 314|0x0000000098200000, 0x0000000098200000, 0x0000000098300000|  0%| F|  |TAMS 0x0000000098200000| PB 0x0000000098200000| Untracked 
| 315|0x0000000098300000, 0x0000000098300000, 0x0000000098400000|  0%| F|  |TAMS 0x0000000098300000| PB 0x0000000098300000| Untracked 
| 316|0x0000000098400000, 0x0000000098400000, 0x0000000098500000|  0%| F|  |TAMS 0x0000000098400000| PB 0x0000000098400000| Untracked 
| 317|0x0000000098500000, 0x0000000098500000, 0x0000000098600000|  0%| F|  |TAMS 0x0000000098500000| PB 0x0000000098500000| Untracked 
| 318|0x0000000098600000, 0x0000000098600000, 0x0000000098700000|  0%| F|  |TAMS 0x0000000098600000| PB 0x0000000098600000| Untracked 
| 319|0x0000000098700000, 0x0000000098700000, 0x0000000098800000|  0%| F|  |TAMS 0x0000000098700000| PB 0x0000000098700000| Untracked 
| 320|0x0000000098800000, 0x0000000098800000, 0x0000000098900000|  0%| F|  |TAMS 0x0000000098800000| PB 0x0000000098800000| Untracked 
| 321|0x0000000098900000, 0x0000000098900000, 0x0000000098a00000|  0%| F|  |TAMS 0x0000000098900000| PB 0x0000000098900000| Untracked 
| 322|0x0000000098a00000, 0x0000000098a00000, 0x0000000098b00000|  0%| F|  |TAMS 0x0000000098a00000| PB 0x0000000098a00000| Untracked 
| 323|0x0000000098b00000, 0x0000000098b00000, 0x0000000098c00000|  0%| F|  |TAMS 0x0000000098b00000| PB 0x0000000098b00000| Untracked 
| 324|0x0000000098c00000, 0x0000000098c00000, 0x0000000098d00000|  0%| F|  |TAMS 0x0000000098c00000| PB 0x0000000098c00000| Untracked 
| 325|0x0000000098d00000, 0x0000000098d00000, 0x0000000098e00000|  0%| F|  |TAMS 0x0000000098d00000| PB 0x0000000098d00000| Untracked 
| 326|0x0000000098e00000, 0x0000000098e00000, 0x0000000098f00000|  0%| F|  |TAMS 0x0000000098e00000| PB 0x0000000098e00000| Untracked 
| 327|0x0000000098f00000, 0x0000000098f00000, 0x0000000099000000|  0%| F|  |TAMS 0x0000000098f00000| PB 0x0000000098f00000| Untracked 
| 328|0x0000000099000000, 0x0000000099000000, 0x0000000099100000|  0%| F|  |TAMS 0x0000000099000000| PB 0x0000000099000000| Untracked 
| 329|0x0000000099100000, 0x0000000099100000, 0x0000000099200000|  0%| F|  |TAMS 0x0000000099100000| PB 0x0000000099100000| Untracked 
| 330|0x0000000099200000, 0x0000000099200000, 0x0000000099300000|  0%| F|  |TAMS 0x0000000099200000| PB 0x0000000099200000| Untracked 
| 331|0x0000000099300000, 0x0000000099400000, 0x0000000099400000|100%| S|CS|TAMS 0x0000000099300000| PB 0x0000000099300000| Complete 
| 332|0x0000000099400000, 0x0000000099400000, 0x0000000099500000|  0%| F|  |TAMS 0x0000000099400000| PB 0x0000000099400000| Untracked 
| 333|0x0000000099500000, 0x0000000099500000, 0x0000000099600000|  0%| F|  |TAMS 0x0000000099500000| PB 0x0000000099500000| Untracked 
| 334|0x0000000099600000, 0x0000000099600000, 0x0000000099700000|  0%| F|  |TAMS 0x0000000099600000| PB 0x0000000099600000| Untracked 
| 335|0x0000000099700000, 0x0000000099700000, 0x0000000099800000|  0%| F|  |TAMS 0x0000000099700000| PB 0x0000000099700000| Untracked 
| 336|0x0000000099800000, 0x0000000099800000, 0x0000000099900000|  0%| F|  |TAMS 0x0000000099800000| PB 0x0000000099800000| Untracked 
| 337|0x0000000099900000, 0x0000000099900000, 0x0000000099a00000|  0%| F|  |TAMS 0x0000000099900000| PB 0x0000000099900000| Untracked 
| 338|0x0000000099a00000, 0x0000000099a00000, 0x0000000099b00000|  0%| F|  |TAMS 0x0000000099a00000| PB 0x0000000099a00000| Untracked 
| 339|0x0000000099b00000, 0x0000000099b00000, 0x0000000099c00000|  0%| F|  |TAMS 0x0000000099b00000| PB 0x0000000099b00000| Untracked 
| 340|0x0000000099c00000, 0x0000000099c00000, 0x0000000099d00000|  0%| F|  |TAMS 0x0000000099c00000| PB 0x0000000099c00000| Untracked 
| 341|0x0000000099d00000, 0x0000000099d00000, 0x0000000099e00000|  0%| F|  |TAMS 0x0000000099d00000| PB 0x0000000099d00000| Untracked 
| 342|0x0000000099e00000, 0x0000000099e00000, 0x0000000099f00000|  0%| F|  |TAMS 0x0000000099e00000| PB 0x0000000099e00000| Untracked 
| 343|0x0000000099f00000, 0x0000000099f00000, 0x000000009a000000|  0%| F|  |TAMS 0x0000000099f00000| PB 0x0000000099f00000| Untracked 
| 344|0x000000009a000000, 0x000000009a000000, 0x000000009a100000|  0%| F|  |TAMS 0x000000009a000000| PB 0x000000009a000000| Untracked 
| 345|0x000000009a100000, 0x000000009a100000, 0x000000009a200000|  0%| F|  |TAMS 0x000000009a100000| PB 0x000000009a100000| Untracked 
| 346|0x000000009a200000, 0x000000009a200000, 0x000000009a300000|  0%| F|  |TAMS 0x000000009a200000| PB 0x000000009a200000| Untracked 
| 347|0x000000009a300000, 0x000000009a300000, 0x000000009a400000|  0%| F|  |TAMS 0x000000009a300000| PB 0x000000009a300000| Untracked 
| 348|0x000000009a400000, 0x000000009a400000, 0x000000009a500000|  0%| F|  |TAMS 0x000000009a400000| PB 0x000000009a400000| Untracked 
| 349|0x000000009a500000, 0x000000009a500000, 0x000000009a600000|  0%| F|  |TAMS 0x000000009a500000| PB 0x000000009a500000| Untracked 
| 350|0x000000009a600000, 0x000000009a600000, 0x000000009a700000|  0%| F|  |TAMS 0x000000009a600000| PB 0x000000009a600000| Untracked 
| 351|0x000000009a700000, 0x000000009a700000, 0x000000009a800000|  0%| F|  |TAMS 0x000000009a700000| PB 0x000000009a700000| Untracked 
| 352|0x000000009a800000, 0x000000009a800000, 0x000000009a900000|  0%| F|  |TAMS 0x000000009a800000| PB 0x000000009a800000| Untracked 
| 353|0x000000009a900000, 0x000000009a900000, 0x000000009aa00000|  0%| F|  |TAMS 0x000000009a900000| PB 0x000000009a900000| Untracked 
| 354|0x000000009aa00000, 0x000000009aa00000, 0x000000009ab00000|  0%| F|  |TAMS 0x000000009aa00000| PB 0x000000009aa00000| Untracked 
| 355|0x000000009ab00000, 0x000000009ab00000, 0x000000009ac00000|  0%| F|  |TAMS 0x000000009ab00000| PB 0x000000009ab00000| Untracked 
| 356|0x000000009ac00000, 0x000000009ac00000, 0x000000009ad00000|  0%| F|  |TAMS 0x000000009ac00000| PB 0x000000009ac00000| Untracked 
| 357|0x000000009ad00000, 0x000000009ad00000, 0x000000009ae00000|  0%| F|  |TAMS 0x000000009ad00000| PB 0x000000009ad00000| Untracked 
| 358|0x000000009ae00000, 0x000000009ae00000, 0x000000009af00000|  0%| F|  |TAMS 0x000000009ae00000| PB 0x000000009ae00000| Untracked 
| 359|0x000000009af00000, 0x000000009af00000, 0x000000009b000000|  0%| F|  |TAMS 0x000000009af00000| PB 0x000000009af00000| Untracked 
| 360|0x000000009b000000, 0x000000009b000000, 0x000000009b100000|  0%| F|  |TAMS 0x000000009b000000| PB 0x000000009b000000| Untracked 
| 361|0x000000009b100000, 0x000000009b100000, 0x000000009b200000|  0%| F|  |TAMS 0x000000009b100000| PB 0x000000009b100000| Untracked 
| 362|0x000000009b200000, 0x000000009b200000, 0x000000009b300000|  0%| F|  |TAMS 0x000000009b200000| PB 0x000000009b200000| Untracked 
| 363|0x000000009b300000, 0x000000009b300000, 0x000000009b400000|  0%| F|  |TAMS 0x000000009b300000| PB 0x000000009b300000| Untracked 
| 364|0x000000009b400000, 0x000000009b400000, 0x000000009b500000|  0%| F|  |TAMS 0x000000009b400000| PB 0x000000009b400000| Untracked 
| 365|0x000000009b500000, 0x000000009b500000, 0x000000009b600000|  0%| F|  |TAMS 0x000000009b500000| PB 0x000000009b500000| Untracked 
| 366|0x000000009b600000, 0x000000009b600000, 0x000000009b700000|  0%| F|  |TAMS 0x000000009b600000| PB 0x000000009b600000| Untracked 
| 367|0x000000009b700000, 0x000000009b700000, 0x000000009b800000|  0%| F|  |TAMS 0x000000009b700000| PB 0x000000009b700000| Untracked 
| 368|0x000000009b800000, 0x000000009b800000, 0x000000009b900000|  0%| F|  |TAMS 0x000000009b800000| PB 0x000000009b800000| Untracked 
| 369|0x000000009b900000, 0x000000009b900000, 0x000000009ba00000|  0%| F|  |TAMS 0x000000009b900000| PB 0x000000009b900000| Untracked 
| 370|0x000000009ba00000, 0x000000009ba00000, 0x000000009bb00000|  0%| F|  |TAMS 0x000000009ba00000| PB 0x000000009ba00000| Untracked 
| 371|0x000000009bb00000, 0x000000009bb00000, 0x000000009bc00000|  0%| F|  |TAMS 0x000000009bb00000| PB 0x000000009bb00000| Untracked 
| 372|0x000000009bc00000, 0x000000009bc00000, 0x000000009bd00000|  0%| F|  |TAMS 0x000000009bc00000| PB 0x000000009bc00000| Untracked 
| 373|0x000000009bd00000, 0x000000009bd00000, 0x000000009be00000|  0%| F|  |TAMS 0x000000009bd00000| PB 0x000000009bd00000| Untracked 
| 374|0x000000009be00000, 0x000000009be80000, 0x000000009bf00000| 50%| E|  |TAMS 0x000000009be00000| PB 0x000000009be00000| Complete 
| 375|0x000000009bf00000, 0x000000009c000000, 0x000000009c000000|100%| E|CS|TAMS 0x000000009bf00000| PB 0x000000009bf00000| Complete 
| 376|0x000000009c000000, 0x000000009c100000, 0x000000009c100000|100%| E|CS|TAMS 0x000000009c000000| PB 0x000000009c000000| Complete 
| 377|0x000000009c100000, 0x000000009c200000, 0x000000009c200000|100%| E|CS|TAMS 0x000000009c100000| PB 0x000000009c100000| Complete 
| 378|0x000000009c200000, 0x000000009c300000, 0x000000009c300000|100%| E|CS|TAMS 0x000000009c200000| PB 0x000000009c200000| Complete 
| 379|0x000000009c300000, 0x000000009c400000, 0x000000009c400000|100%| E|CS|TAMS 0x000000009c300000| PB 0x000000009c300000| Complete 
| 380|0x000000009c400000, 0x000000009c500000, 0x000000009c500000|100%| E|CS|TAMS 0x000000009c400000| PB 0x000000009c400000| Complete 
| 381|0x000000009c500000, 0x000000009c600000, 0x000000009c600000|100%| E|CS|TAMS 0x000000009c500000| PB 0x000000009c500000| Complete 
| 382|0x000000009c600000, 0x000000009c700000, 0x000000009c700000|100%| E|CS|TAMS 0x000000009c600000| PB 0x000000009c600000| Complete 
| 383|0x000000009c700000, 0x000000009c800000, 0x000000009c800000|100%| E|CS|TAMS 0x000000009c700000| PB 0x000000009c700000| Complete 
| 384|0x000000009c800000, 0x000000009c900000, 0x000000009c900000|100%| E|CS|TAMS 0x000000009c800000| PB 0x000000009c800000| Complete 
| 385|0x000000009c900000, 0x000000009ca00000, 0x000000009ca00000|100%| E|CS|TAMS 0x000000009c900000| PB 0x000000009c900000| Complete 
| 386|0x000000009ca00000, 0x000000009cb00000, 0x000000009cb00000|100%| E|CS|TAMS 0x000000009ca00000| PB 0x000000009ca00000| Complete 
| 387|0x000000009cb00000, 0x000000009cc00000, 0x000000009cc00000|100%| E|CS|TAMS 0x000000009cb00000| PB 0x000000009cb00000| Complete 
| 388|0x000000009cc00000, 0x000000009cd00000, 0x000000009cd00000|100%| E|CS|TAMS 0x000000009cc00000| PB 0x000000009cc00000| Complete 
| 389|0x000000009cd00000, 0x000000009ce00000, 0x000000009ce00000|100%| E|CS|TAMS 0x000000009cd00000| PB 0x000000009cd00000| Complete 
| 390|0x000000009ce00000, 0x000000009cf00000, 0x000000009cf00000|100%| E|CS|TAMS 0x000000009ce00000| PB 0x000000009ce00000| Complete 
| 391|0x000000009cf00000, 0x000000009d000000, 0x000000009d000000|100%| E|CS|TAMS 0x000000009cf00000| PB 0x000000009cf00000| Complete 
| 392|0x000000009d000000, 0x000000009d100000, 0x000000009d100000|100%| E|CS|TAMS 0x000000009d000000| PB 0x000000009d000000| Complete 
| 393|0x000000009d100000, 0x000000009d200000, 0x000000009d200000|100%| E|CS|TAMS 0x000000009d100000| PB 0x000000009d100000| Complete 
| 394|0x000000009d200000, 0x000000009d300000, 0x000000009d300000|100%| E|CS|TAMS 0x000000009d200000| PB 0x000000009d200000| Complete 
| 395|0x000000009d300000, 0x000000009d400000, 0x000000009d400000|100%| E|CS|TAMS 0x000000009d300000| PB 0x000000009d300000| Complete 
| 396|0x000000009d400000, 0x000000009d500000, 0x000000009d500000|100%| E|CS|TAMS 0x000000009d400000| PB 0x000000009d400000| Complete 
| 397|0x000000009d500000, 0x000000009d600000, 0x000000009d600000|100%| E|CS|TAMS 0x000000009d500000| PB 0x000000009d500000| Complete 
| 398|0x000000009d600000, 0x000000009d700000, 0x000000009d700000|100%| E|CS|TAMS 0x000000009d600000| PB 0x000000009d600000| Complete 
| 399|0x000000009d700000, 0x000000009d800000, 0x000000009d800000|100%| E|CS|TAMS 0x000000009d700000| PB 0x000000009d700000| Complete 
| 400|0x000000009d800000, 0x000000009d900000, 0x000000009d900000|100%| E|CS|TAMS 0x000000009d800000| PB 0x000000009d800000| Complete 
| 401|0x000000009d900000, 0x000000009da00000, 0x000000009da00000|100%| E|CS|TAMS 0x000000009d900000| PB 0x000000009d900000| Complete 
| 402|0x000000009da00000, 0x000000009db00000, 0x000000009db00000|100%| E|CS|TAMS 0x000000009da00000| PB 0x000000009da00000| Complete 
| 403|0x000000009db00000, 0x000000009dc00000, 0x000000009dc00000|100%| E|CS|TAMS 0x000000009db00000| PB 0x000000009db00000| Complete 
| 404|0x000000009dc00000, 0x000000009dd00000, 0x000000009dd00000|100%| E|CS|TAMS 0x000000009dc00000| PB 0x000000009dc00000| Complete 
| 405|0x000000009dd00000, 0x000000009de00000, 0x000000009de00000|100%| E|CS|TAMS 0x000000009dd00000| PB 0x000000009dd00000| Complete 
| 406|0x000000009de00000, 0x000000009df00000, 0x000000009df00000|100%| E|CS|TAMS 0x000000009de00000| PB 0x000000009de00000| Complete 
| 407|0x000000009df00000, 0x000000009e000000, 0x000000009e000000|100%| E|CS|TAMS 0x000000009df00000| PB 0x000000009df00000| Complete 
| 408|0x000000009e000000, 0x000000009e100000, 0x000000009e100000|100%| E|CS|TAMS 0x000000009e000000| PB 0x000000009e000000| Complete 
| 409|0x000000009e100000, 0x000000009e200000, 0x000000009e200000|100%| E|CS|TAMS 0x000000009e100000| PB 0x000000009e100000| Complete 
| 410|0x000000009e200000, 0x000000009e300000, 0x000000009e300000|100%| E|CS|TAMS 0x000000009e200000| PB 0x000000009e200000| Complete 
| 411|0x000000009e300000, 0x000000009e400000, 0x000000009e400000|100%| E|CS|TAMS 0x000000009e300000| PB 0x000000009e300000| Complete 
| 412|0x000000009e400000, 0x000000009e500000, 0x000000009e500000|100%| E|CS|TAMS 0x000000009e400000| PB 0x000000009e400000| Complete 
| 413|0x000000009e500000, 0x000000009e600000, 0x000000009e600000|100%| E|CS|TAMS 0x000000009e500000| PB 0x000000009e500000| Complete 
| 414|0x000000009e600000, 0x000000009e700000, 0x000000009e700000|100%| E|CS|TAMS 0x000000009e600000| PB 0x000000009e600000| Complete 
| 415|0x000000009e700000, 0x000000009e800000, 0x000000009e800000|100%| E|CS|TAMS 0x000000009e700000| PB 0x000000009e700000| Complete 
| 416|0x000000009e800000, 0x000000009e900000, 0x000000009e900000|100%| E|CS|TAMS 0x000000009e800000| PB 0x000000009e800000| Complete 
| 417|0x000000009e900000, 0x000000009ea00000, 0x000000009ea00000|100%| E|CS|TAMS 0x000000009e900000| PB 0x000000009e900000| Complete 
| 418|0x000000009ea00000, 0x000000009eb00000, 0x000000009eb00000|100%| E|CS|TAMS 0x000000009ea00000| PB 0x000000009ea00000| Complete 
| 419|0x000000009eb00000, 0x000000009ec00000, 0x000000009ec00000|100%| E|CS|TAMS 0x000000009eb00000| PB 0x000000009eb00000| Complete 
| 420|0x000000009ec00000, 0x000000009ed00000, 0x000000009ed00000|100%| E|CS|TAMS 0x000000009ec00000| PB 0x000000009ec00000| Complete 
| 421|0x000000009ed00000, 0x000000009ee00000, 0x000000009ee00000|100%| E|CS|TAMS 0x000000009ed00000| PB 0x000000009ed00000| Complete 
| 422|0x000000009ee00000, 0x000000009ef00000, 0x000000009ef00000|100%| E|CS|TAMS 0x000000009ee00000| PB 0x000000009ee00000| Complete 
| 423|0x000000009ef00000, 0x000000009f000000, 0x000000009f000000|100%| E|CS|TAMS 0x000000009ef00000| PB 0x000000009ef00000| Complete 
| 424|0x000000009f000000, 0x000000009f100000, 0x000000009f100000|100%| E|CS|TAMS 0x000000009f000000| PB 0x000000009f000000| Complete 
| 425|0x000000009f100000, 0x000000009f200000, 0x000000009f200000|100%| E|CS|TAMS 0x000000009f100000| PB 0x000000009f100000| Complete 
| 426|0x000000009f200000, 0x000000009f300000, 0x000000009f300000|100%| E|CS|TAMS 0x000000009f200000| PB 0x000000009f200000| Complete 
| 427|0x000000009f300000, 0x000000009f400000, 0x000000009f400000|100%| E|CS|TAMS 0x000000009f300000| PB 0x000000009f300000| Complete 
| 428|0x000000009f400000, 0x000000009f500000, 0x000000009f500000|100%| E|CS|TAMS 0x000000009f400000| PB 0x000000009f400000| Complete 
| 429|0x000000009f500000, 0x000000009f600000, 0x000000009f600000|100%| E|CS|TAMS 0x000000009f500000| PB 0x000000009f500000| Complete 
| 430|0x000000009f600000, 0x000000009f700000, 0x000000009f700000|100%| E|CS|TAMS 0x000000009f600000| PB 0x000000009f600000| Complete 
| 431|0x000000009f700000, 0x000000009f800000, 0x000000009f800000|100%| E|CS|TAMS 0x000000009f700000| PB 0x000000009f700000| Complete 
| 432|0x000000009f800000, 0x000000009f900000, 0x000000009f900000|100%| E|CS|TAMS 0x000000009f800000| PB 0x000000009f800000| Complete 
| 433|0x000000009f900000, 0x000000009fa00000, 0x000000009fa00000|100%| E|CS|TAMS 0x000000009f900000| PB 0x000000009f900000| Complete 
| 434|0x000000009fa00000, 0x000000009fb00000, 0x000000009fb00000|100%| E|CS|TAMS 0x000000009fa00000| PB 0x000000009fa00000| Complete 
| 435|0x000000009fb00000, 0x000000009fc00000, 0x000000009fc00000|100%| E|CS|TAMS 0x000000009fb00000| PB 0x000000009fb00000| Complete 
| 436|0x000000009fc00000, 0x000000009fd00000, 0x000000009fd00000|100%| E|CS|TAMS 0x000000009fc00000| PB 0x000000009fc00000| Complete 
| 437|0x000000009fd00000, 0x000000009fe00000, 0x000000009fe00000|100%| E|CS|TAMS 0x000000009fd00000| PB 0x000000009fd00000| Complete 
| 438|0x000000009fe00000, 0x000000009ff00000, 0x000000009ff00000|100%| E|CS|TAMS 0x000000009fe00000| PB 0x000000009fe00000| Complete 
| 439|0x000000009ff00000, 0x00000000a0000000, 0x00000000a0000000|100%| E|CS|TAMS 0x000000009ff00000| PB 0x000000009ff00000| Complete 
| 440|0x00000000a0000000, 0x00000000a0100000, 0x00000000a0100000|100%| E|CS|TAMS 0x00000000a0000000| PB 0x00000000a0000000| Complete 
| 441|0x00000000a0100000, 0x00000000a0200000, 0x00000000a0200000|100%| E|CS|TAMS 0x00000000a0100000| PB 0x00000000a0100000| Complete 
| 442|0x00000000a0200000, 0x00000000a0300000, 0x00000000a0300000|100%| E|CS|TAMS 0x00000000a0200000| PB 0x00000000a0200000| Complete 
| 443|0x00000000a0300000, 0x00000000a0400000, 0x00000000a0400000|100%| E|CS|TAMS 0x00000000a0300000| PB 0x00000000a0300000| Complete 
| 444|0x00000000a0400000, 0x00000000a0500000, 0x00000000a0500000|100%| E|CS|TAMS 0x00000000a0400000| PB 0x00000000a0400000| Complete 
| 445|0x00000000a0500000, 0x00000000a0600000, 0x00000000a0600000|100%| E|CS|TAMS 0x00000000a0500000| PB 0x00000000a0500000| Complete 
| 446|0x00000000a0600000, 0x00000000a0700000, 0x00000000a0700000|100%| E|CS|TAMS 0x00000000a0600000| PB 0x00000000a0600000| Complete 
| 447|0x00000000a0700000, 0x00000000a0800000, 0x00000000a0800000|100%| E|CS|TAMS 0x00000000a0700000| PB 0x00000000a0700000| Complete 
| 448|0x00000000a0800000, 0x00000000a0900000, 0x00000000a0900000|100%| E|CS|TAMS 0x00000000a0800000| PB 0x00000000a0800000| Complete 
| 449|0x00000000a0900000, 0x00000000a0a00000, 0x00000000a0a00000|100%| E|CS|TAMS 0x00000000a0900000| PB 0x00000000a0900000| Complete 
| 450|0x00000000a0a00000, 0x00000000a0b00000, 0x00000000a0b00000|100%| E|CS|TAMS 0x00000000a0a00000| PB 0x00000000a0a00000| Complete 
| 451|0x00000000a0b00000, 0x00000000a0c00000, 0x00000000a0c00000|100%| E|CS|TAMS 0x00000000a0b00000| PB 0x00000000a0b00000| Complete 
| 452|0x00000000a0c00000, 0x00000000a0d00000, 0x00000000a0d00000|100%| E|CS|TAMS 0x00000000a0c00000| PB 0x00000000a0c00000| Complete 
| 453|0x00000000a0d00000, 0x00000000a0e00000, 0x00000000a0e00000|100%| E|CS|TAMS 0x00000000a0d00000| PB 0x00000000a0d00000| Complete 
| 454|0x00000000a0e00000, 0x00000000a0f00000, 0x00000000a0f00000|100%| E|CS|TAMS 0x00000000a0e00000| PB 0x00000000a0e00000| Complete 
| 455|0x00000000a0f00000, 0x00000000a1000000, 0x00000000a1000000|100%| E|CS|TAMS 0x00000000a0f00000| PB 0x00000000a0f00000| Complete 
| 456|0x00000000a1000000, 0x00000000a1100000, 0x00000000a1100000|100%| E|CS|TAMS 0x00000000a1000000| PB 0x00000000a1000000| Complete 
| 457|0x00000000a1100000, 0x00000000a1200000, 0x00000000a1200000|100%| E|CS|TAMS 0x00000000a1100000| PB 0x00000000a1100000| Complete 
| 458|0x00000000a1200000, 0x00000000a1300000, 0x00000000a1300000|100%| E|CS|TAMS 0x00000000a1200000| PB 0x00000000a1200000| Complete 
| 459|0x00000000a1300000, 0x00000000a1400000, 0x00000000a1400000|100%| E|CS|TAMS 0x00000000a1300000| PB 0x00000000a1300000| Complete 
| 460|0x00000000a1400000, 0x00000000a1500000, 0x00000000a1500000|100%| E|CS|TAMS 0x00000000a1400000| PB 0x00000000a1400000| Complete 
| 461|0x00000000a1500000, 0x00000000a1600000, 0x00000000a1600000|100%| E|CS|TAMS 0x00000000a1500000| PB 0x00000000a1500000| Complete 
| 462|0x00000000a1600000, 0x00000000a1700000, 0x00000000a1700000|100%| E|CS|TAMS 0x00000000a1600000| PB 0x00000000a1600000| Complete 
| 463|0x00000000a1700000, 0x00000000a1800000, 0x00000000a1800000|100%| E|CS|TAMS 0x00000000a1700000| PB 0x00000000a1700000| Complete 
| 464|0x00000000a1800000, 0x00000000a1900000, 0x00000000a1900000|100%| E|CS|TAMS 0x00000000a1800000| PB 0x00000000a1800000| Complete 
| 465|0x00000000a1900000, 0x00000000a1a00000, 0x00000000a1a00000|100%| E|CS|TAMS 0x00000000a1900000| PB 0x00000000a1900000| Complete 
| 466|0x00000000a1a00000, 0x00000000a1b00000, 0x00000000a1b00000|100%| E|CS|TAMS 0x00000000a1a00000| PB 0x00000000a1a00000| Complete 
| 467|0x00000000a1b00000, 0x00000000a1c00000, 0x00000000a1c00000|100%| E|CS|TAMS 0x00000000a1b00000| PB 0x00000000a1b00000| Complete 
| 468|0x00000000a1c00000, 0x00000000a1d00000, 0x00000000a1d00000|100%| E|CS|TAMS 0x00000000a1c00000| PB 0x00000000a1c00000| Complete 
| 469|0x00000000a1d00000, 0x00000000a1e00000, 0x00000000a1e00000|100%| E|CS|TAMS 0x00000000a1d00000| PB 0x00000000a1d00000| Complete 
| 470|0x00000000a1e00000, 0x00000000a1f00000, 0x00000000a1f00000|100%| E|CS|TAMS 0x00000000a1e00000| PB 0x00000000a1e00000| Complete 
| 471|0x00000000a1f00000, 0x00000000a2000000, 0x00000000a2000000|100%| E|CS|TAMS 0x00000000a1f00000| PB 0x00000000a1f00000| Complete 
| 472|0x00000000a2000000, 0x00000000a2100000, 0x00000000a2100000|100%| E|CS|TAMS 0x00000000a2000000| PB 0x00000000a2000000| Complete 
| 473|0x00000000a2100000, 0x00000000a2200000, 0x00000000a2200000|100%| E|CS|TAMS 0x00000000a2100000| PB 0x00000000a2100000| Complete 
| 474|0x00000000a2200000, 0x00000000a2300000, 0x00000000a2300000|100%| E|CS|TAMS 0x00000000a2200000| PB 0x00000000a2200000| Complete 
| 475|0x00000000a2300000, 0x00000000a2400000, 0x00000000a2400000|100%| E|CS|TAMS 0x00000000a2300000| PB 0x00000000a2300000| Complete 
| 476|0x00000000a2400000, 0x00000000a2500000, 0x00000000a2500000|100%| E|CS|TAMS 0x00000000a2400000| PB 0x00000000a2400000| Complete 
| 477|0x00000000a2500000, 0x00000000a2600000, 0x00000000a2600000|100%| E|CS|TAMS 0x00000000a2500000| PB 0x00000000a2500000| Complete 
| 478|0x00000000a2600000, 0x00000000a2700000, 0x00000000a2700000|100%| E|CS|TAMS 0x00000000a2600000| PB 0x00000000a2600000| Complete 
| 479|0x00000000a2700000, 0x00000000a2800000, 0x00000000a2800000|100%| E|CS|TAMS 0x00000000a2700000| PB 0x00000000a2700000| Complete 
| 480|0x00000000a2800000, 0x00000000a2900000, 0x00000000a2900000|100%| E|CS|TAMS 0x00000000a2800000| PB 0x00000000a2800000| Complete 
| 481|0x00000000a2900000, 0x00000000a2a00000, 0x00000000a2a00000|100%| E|CS|TAMS 0x00000000a2900000| PB 0x00000000a2900000| Complete 
| 482|0x00000000a2a00000, 0x00000000a2b00000, 0x00000000a2b00000|100%| E|CS|TAMS 0x00000000a2a00000| PB 0x00000000a2a00000| Complete 
| 483|0x00000000a2b00000, 0x00000000a2c00000, 0x00000000a2c00000|100%| E|CS|TAMS 0x00000000a2b00000| PB 0x00000000a2b00000| Complete 
| 484|0x00000000a2c00000, 0x00000000a2d00000, 0x00000000a2d00000|100%| E|CS|TAMS 0x00000000a2c00000| PB 0x00000000a2c00000| Complete 
| 485|0x00000000a2d00000, 0x00000000a2e00000, 0x00000000a2e00000|100%| E|CS|TAMS 0x00000000a2d00000| PB 0x00000000a2d00000| Complete 
| 486|0x00000000a2e00000, 0x00000000a2f00000, 0x00000000a2f00000|100%| E|CS|TAMS 0x00000000a2e00000| PB 0x00000000a2e00000| Complete 
| 487|0x00000000a2f00000, 0x00000000a3000000, 0x00000000a3000000|100%| E|CS|TAMS 0x00000000a2f00000| PB 0x00000000a2f00000| Complete 
| 488|0x00000000a3000000, 0x00000000a3100000, 0x00000000a3100000|100%| E|CS|TAMS 0x00000000a3000000| PB 0x00000000a3000000| Complete 
| 489|0x00000000a3100000, 0x00000000a3200000, 0x00000000a3200000|100%| E|CS|TAMS 0x00000000a3100000| PB 0x00000000a3100000| Complete 
| 490|0x00000000a3200000, 0x00000000a3300000, 0x00000000a3300000|100%| E|CS|TAMS 0x00000000a3200000| PB 0x00000000a3200000| Complete 
| 491|0x00000000a3300000, 0x00000000a3400000, 0x00000000a3400000|100%| E|CS|TAMS 0x00000000a3300000| PB 0x00000000a3300000| Complete 
| 492|0x00000000a3400000, 0x00000000a3500000, 0x00000000a3500000|100%| E|CS|TAMS 0x00000000a3400000| PB 0x00000000a3400000| Complete 
| 493|0x00000000a3500000, 0x00000000a3600000, 0x00000000a3600000|100%| E|CS|TAMS 0x00000000a3500000| PB 0x00000000a3500000| Complete 
| 494|0x00000000a3600000, 0x00000000a3700000, 0x00000000a3700000|100%| E|CS|TAMS 0x00000000a3600000| PB 0x00000000a3600000| Complete 
| 495|0x00000000a3700000, 0x00000000a3800000, 0x00000000a3800000|100%| E|CS|TAMS 0x00000000a3700000| PB 0x00000000a3700000| Complete 
| 496|0x00000000a3800000, 0x00000000a3900000, 0x00000000a3900000|100%| E|CS|TAMS 0x00000000a3800000| PB 0x00000000a3800000| Complete 
| 497|0x00000000a3900000, 0x00000000a3a00000, 0x00000000a3a00000|100%| E|CS|TAMS 0x00000000a3900000| PB 0x00000000a3900000| Complete 
| 498|0x00000000a3a00000, 0x00000000a3b00000, 0x00000000a3b00000|100%| E|CS|TAMS 0x00000000a3a00000| PB 0x00000000a3a00000| Complete 
| 499|0x00000000a3b00000, 0x00000000a3c00000, 0x00000000a3c00000|100%| E|CS|TAMS 0x00000000a3b00000| PB 0x00000000a3b00000| Complete 
| 500|0x00000000a3c00000, 0x00000000a3d00000, 0x00000000a3d00000|100%| E|CS|TAMS 0x00000000a3c00000| PB 0x00000000a3c00000| Complete 
| 501|0x00000000a3d00000, 0x00000000a3e00000, 0x00000000a3e00000|100%| E|CS|TAMS 0x00000000a3d00000| PB 0x00000000a3d00000| Complete 
| 502|0x00000000a3e00000, 0x00000000a3f00000, 0x00000000a3f00000|100%| E|CS|TAMS 0x00000000a3e00000| PB 0x00000000a3e00000| Complete 
| 503|0x00000000a3f00000, 0x00000000a4000000, 0x00000000a4000000|100%| E|CS|TAMS 0x00000000a3f00000| PB 0x00000000a3f00000| Complete 
| 504|0x00000000a4000000, 0x00000000a4100000, 0x00000000a4100000|100%| E|CS|TAMS 0x00000000a4000000| PB 0x00000000a4000000| Complete 
| 505|0x00000000a4100000, 0x00000000a4200000, 0x00000000a4200000|100%| E|CS|TAMS 0x00000000a4100000| PB 0x00000000a4100000| Complete 
| 506|0x00000000a4200000, 0x00000000a4300000, 0x00000000a4300000|100%| E|CS|TAMS 0x00000000a4200000| PB 0x00000000a4200000| Complete 
| 507|0x00000000a4300000, 0x00000000a4400000, 0x00000000a4400000|100%| E|CS|TAMS 0x00000000a4300000| PB 0x00000000a4300000| Complete 
| 508|0x00000000a4400000, 0x00000000a4500000, 0x00000000a4500000|100%| E|CS|TAMS 0x00000000a4400000| PB 0x00000000a4400000| Complete 
| 509|0x00000000a4500000, 0x00000000a4600000, 0x00000000a4600000|100%| E|CS|TAMS 0x00000000a4500000| PB 0x00000000a4500000| Complete 
| 510|0x00000000a4600000, 0x00000000a4700000, 0x00000000a4700000|100%| E|CS|TAMS 0x00000000a4600000| PB 0x00000000a4600000| Complete 
| 511|0x00000000a4700000, 0x00000000a4800000, 0x00000000a4800000|100%| E|CS|TAMS 0x00000000a4700000| PB 0x00000000a4700000| Complete 
| 512|0x00000000a4800000, 0x00000000a4900000, 0x00000000a4900000|100%| E|CS|TAMS 0x00000000a4800000| PB 0x00000000a4800000| Complete 
| 513|0x00000000a4900000, 0x00000000a4a00000, 0x00000000a4a00000|100%| E|CS|TAMS 0x00000000a4900000| PB 0x00000000a4900000| Complete 
| 514|0x00000000a4a00000, 0x00000000a4b00000, 0x00000000a4b00000|100%| E|CS|TAMS 0x00000000a4a00000| PB 0x00000000a4a00000| Complete 
| 515|0x00000000a4b00000, 0x00000000a4c00000, 0x00000000a4c00000|100%| E|CS|TAMS 0x00000000a4b00000| PB 0x00000000a4b00000| Complete 
| 516|0x00000000a4c00000, 0x00000000a4d00000, 0x00000000a4d00000|100%| E|CS|TAMS 0x00000000a4c00000| PB 0x00000000a4c00000| Complete 
| 517|0x00000000a4d00000, 0x00000000a4e00000, 0x00000000a4e00000|100%| E|CS|TAMS 0x00000000a4d00000| PB 0x00000000a4d00000| Complete 
| 518|0x00000000a4e00000, 0x00000000a4f00000, 0x00000000a4f00000|100%| E|CS|TAMS 0x00000000a4e00000| PB 0x00000000a4e00000| Complete 
| 519|0x00000000a4f00000, 0x00000000a5000000, 0x00000000a5000000|100%| E|CS|TAMS 0x00000000a4f00000| PB 0x00000000a4f00000| Complete 
| 520|0x00000000a5000000, 0x00000000a5100000, 0x00000000a5100000|100%| E|CS|TAMS 0x00000000a5000000| PB 0x00000000a5000000| Complete 
| 521|0x00000000a5100000, 0x00000000a5200000, 0x00000000a5200000|100%| E|CS|TAMS 0x00000000a5100000| PB 0x00000000a5100000| Complete 
| 522|0x00000000a5200000, 0x00000000a5300000, 0x00000000a5300000|100%| E|CS|TAMS 0x00000000a5200000| PB 0x00000000a5200000| Complete 
| 523|0x00000000a5300000, 0x00000000a5400000, 0x00000000a5400000|100%| E|CS|TAMS 0x00000000a5300000| PB 0x00000000a5300000| Complete 
| 524|0x00000000a5400000, 0x00000000a5500000, 0x00000000a5500000|100%| E|CS|TAMS 0x00000000a5400000| PB 0x00000000a5400000| Complete 
| 525|0x00000000a5500000, 0x00000000a5600000, 0x00000000a5600000|100%| E|CS|TAMS 0x00000000a5500000| PB 0x00000000a5500000| Complete 
| 526|0x00000000a5600000, 0x00000000a5700000, 0x00000000a5700000|100%| E|CS|TAMS 0x00000000a5600000| PB 0x00000000a5600000| Complete 
| 527|0x00000000a5700000, 0x00000000a5800000, 0x00000000a5800000|100%| E|CS|TAMS 0x00000000a5700000| PB 0x00000000a5700000| Complete 
| 528|0x00000000a5800000, 0x00000000a5900000, 0x00000000a5900000|100%| E|CS|TAMS 0x00000000a5800000| PB 0x00000000a5800000| Complete 
| 529|0x00000000a5900000, 0x00000000a5a00000, 0x00000000a5a00000|100%| E|CS|TAMS 0x00000000a5900000| PB 0x00000000a5900000| Complete 
| 530|0x00000000a5a00000, 0x00000000a5b00000, 0x00000000a5b00000|100%| E|CS|TAMS 0x00000000a5a00000| PB 0x00000000a5a00000| Complete 
| 531|0x00000000a5b00000, 0x00000000a5c00000, 0x00000000a5c00000|100%| E|CS|TAMS 0x00000000a5b00000| PB 0x00000000a5b00000| Complete 
| 532|0x00000000a5c00000, 0x00000000a5d00000, 0x00000000a5d00000|100%| E|CS|TAMS 0x00000000a5c00000| PB 0x00000000a5c00000| Complete 
| 533|0x00000000a5d00000, 0x00000000a5e00000, 0x00000000a5e00000|100%| E|CS|TAMS 0x00000000a5d00000| PB 0x00000000a5d00000| Complete 
| 534|0x00000000a5e00000, 0x00000000a5f00000, 0x00000000a5f00000|100%| E|CS|TAMS 0x00000000a5e00000| PB 0x00000000a5e00000| Complete 
| 535|0x00000000a5f00000, 0x00000000a6000000, 0x00000000a6000000|100%| E|CS|TAMS 0x00000000a5f00000| PB 0x00000000a5f00000| Complete 
| 536|0x00000000a6000000, 0x00000000a6100000, 0x00000000a6100000|100%| E|CS|TAMS 0x00000000a6000000| PB 0x00000000a6000000| Complete 
| 537|0x00000000a6100000, 0x00000000a6200000, 0x00000000a6200000|100%| E|CS|TAMS 0x00000000a6100000| PB 0x00000000a6100000| Complete 
| 538|0x00000000a6200000, 0x00000000a6300000, 0x00000000a6300000|100%| E|CS|TAMS 0x00000000a6200000| PB 0x00000000a6200000| Complete 
| 539|0x00000000a6300000, 0x00000000a6400000, 0x00000000a6400000|100%| E|CS|TAMS 0x00000000a6300000| PB 0x00000000a6300000| Complete 
| 540|0x00000000a6400000, 0x00000000a6500000, 0x00000000a6500000|100%| E|CS|TAMS 0x00000000a6400000| PB 0x00000000a6400000| Complete 
| 541|0x00000000a6500000, 0x00000000a6600000, 0x00000000a6600000|100%| E|CS|TAMS 0x00000000a6500000| PB 0x00000000a6500000| Complete 
| 542|0x00000000a6600000, 0x00000000a6700000, 0x00000000a6700000|100%| E|CS|TAMS 0x00000000a6600000| PB 0x00000000a6600000| Complete 
| 543|0x00000000a6700000, 0x00000000a6800000, 0x00000000a6800000|100%| E|CS|TAMS 0x00000000a6700000| PB 0x00000000a6700000| Complete 
| 544|0x00000000a6800000, 0x00000000a6900000, 0x00000000a6900000|100%| E|CS|TAMS 0x00000000a6800000| PB 0x00000000a6800000| Complete 
| 545|0x00000000a6900000, 0x00000000a6a00000, 0x00000000a6a00000|100%| E|CS|TAMS 0x00000000a6900000| PB 0x00000000a6900000| Complete 
| 546|0x00000000a6a00000, 0x00000000a6b00000, 0x00000000a6b00000|100%| E|CS|TAMS 0x00000000a6a00000| PB 0x00000000a6a00000| Complete 
| 547|0x00000000a6b00000, 0x00000000a6c00000, 0x00000000a6c00000|100%| E|CS|TAMS 0x00000000a6b00000| PB 0x00000000a6b00000| Complete 
| 548|0x00000000a6c00000, 0x00000000a6d00000, 0x00000000a6d00000|100%| E|CS|TAMS 0x00000000a6c00000| PB 0x00000000a6c00000| Complete 
| 549|0x00000000a6d00000, 0x00000000a6e00000, 0x00000000a6e00000|100%| E|CS|TAMS 0x00000000a6d00000| PB 0x00000000a6d00000| Complete 
| 550|0x00000000a6e00000, 0x00000000a6f00000, 0x00000000a6f00000|100%| E|CS|TAMS 0x00000000a6e00000| PB 0x00000000a6e00000| Complete 
| 551|0x00000000a6f00000, 0x00000000a7000000, 0x00000000a7000000|100%| E|CS|TAMS 0x00000000a6f00000| PB 0x00000000a6f00000| Complete 
| 552|0x00000000a7000000, 0x00000000a7100000, 0x00000000a7100000|100%| E|CS|TAMS 0x00000000a7000000| PB 0x00000000a7000000| Complete 
| 553|0x00000000a7100000, 0x00000000a7200000, 0x00000000a7200000|100%| E|CS|TAMS 0x00000000a7100000| PB 0x00000000a7100000| Complete 
| 554|0x00000000a7200000, 0x00000000a7300000, 0x00000000a7300000|100%| E|CS|TAMS 0x00000000a7200000| PB 0x00000000a7200000| Complete 
| 555|0x00000000a7300000, 0x00000000a7400000, 0x00000000a7400000|100%| E|CS|TAMS 0x00000000a7300000| PB 0x00000000a7300000| Complete 
| 556|0x00000000a7400000, 0x00000000a7500000, 0x00000000a7500000|100%| E|CS|TAMS 0x00000000a7400000| PB 0x00000000a7400000| Complete 
| 557|0x00000000a7500000, 0x00000000a7600000, 0x00000000a7600000|100%| E|CS|TAMS 0x00000000a7500000| PB 0x00000000a7500000| Complete 
| 558|0x00000000a7600000, 0x00000000a7700000, 0x00000000a7700000|100%| E|CS|TAMS 0x00000000a7600000| PB 0x00000000a7600000| Complete 
| 559|0x00000000a7700000, 0x00000000a7800000, 0x00000000a7800000|100%| E|CS|TAMS 0x00000000a7700000| PB 0x00000000a7700000| Complete 
| 560|0x00000000a7800000, 0x00000000a7900000, 0x00000000a7900000|100%| E|CS|TAMS 0x00000000a7800000| PB 0x00000000a7800000| Complete 
| 561|0x00000000a7900000, 0x00000000a7a00000, 0x00000000a7a00000|100%| E|CS|TAMS 0x00000000a7900000| PB 0x00000000a7900000| Complete 
| 562|0x00000000a7a00000, 0x00000000a7b00000, 0x00000000a7b00000|100%| E|CS|TAMS 0x00000000a7a00000| PB 0x00000000a7a00000| Complete 
| 563|0x00000000a7b00000, 0x00000000a7c00000, 0x00000000a7c00000|100%| E|CS|TAMS 0x00000000a7b00000| PB 0x00000000a7b00000| Complete 
| 564|0x00000000a7c00000, 0x00000000a7d00000, 0x00000000a7d00000|100%| E|CS|TAMS 0x00000000a7c00000| PB 0x00000000a7c00000| Complete 
| 565|0x00000000a7d00000, 0x00000000a7e00000, 0x00000000a7e00000|100%| E|CS|TAMS 0x00000000a7d00000| PB 0x00000000a7d00000| Complete 
| 566|0x00000000a7e00000, 0x00000000a7f00000, 0x00000000a7f00000|100%| E|CS|TAMS 0x00000000a7e00000| PB 0x00000000a7e00000| Complete 
| 567|0x00000000a7f00000, 0x00000000a8000000, 0x00000000a8000000|100%| E|CS|TAMS 0x00000000a7f00000| PB 0x00000000a7f00000| Complete 
| 568|0x00000000a8000000, 0x00000000a8100000, 0x00000000a8100000|100%| E|CS|TAMS 0x00000000a8000000| PB 0x00000000a8000000| Complete 
| 569|0x00000000a8100000, 0x00000000a8200000, 0x00000000a8200000|100%| E|CS|TAMS 0x00000000a8100000| PB 0x00000000a8100000| Complete 
| 570|0x00000000a8200000, 0x00000000a8300000, 0x00000000a8300000|100%| E|CS|TAMS 0x00000000a8200000| PB 0x00000000a8200000| Complete 
| 571|0x00000000a8300000, 0x00000000a8400000, 0x00000000a8400000|100%| E|CS|TAMS 0x00000000a8300000| PB 0x00000000a8300000| Complete 
| 572|0x00000000a8400000, 0x00000000a8500000, 0x00000000a8500000|100%| E|CS|TAMS 0x00000000a8400000| PB 0x00000000a8400000| Complete 
| 573|0x00000000a8500000, 0x00000000a8600000, 0x00000000a8600000|100%| E|CS|TAMS 0x00000000a8500000| PB 0x00000000a8500000| Complete 
| 574|0x00000000a8600000, 0x00000000a8700000, 0x00000000a8700000|100%| E|CS|TAMS 0x00000000a8600000| PB 0x00000000a8600000| Complete 
| 575|0x00000000a8700000, 0x00000000a8800000, 0x00000000a8800000|100%| E|CS|TAMS 0x00000000a8700000| PB 0x00000000a8700000| Complete 
| 576|0x00000000a8800000, 0x00000000a8900000, 0x00000000a8900000|100%| E|CS|TAMS 0x00000000a8800000| PB 0x00000000a8800000| Complete 
| 577|0x00000000a8900000, 0x00000000a8a00000, 0x00000000a8a00000|100%| E|CS|TAMS 0x00000000a8900000| PB 0x00000000a8900000| Complete 
| 578|0x00000000a8a00000, 0x00000000a8b00000, 0x00000000a8b00000|100%| E|CS|TAMS 0x00000000a8a00000| PB 0x00000000a8a00000| Complete 
| 579|0x00000000a8b00000, 0x00000000a8c00000, 0x00000000a8c00000|100%| E|CS|TAMS 0x00000000a8b00000| PB 0x00000000a8b00000| Complete 
| 580|0x00000000a8c00000, 0x00000000a8d00000, 0x00000000a8d00000|100%| E|CS|TAMS 0x00000000a8c00000| PB 0x00000000a8c00000| Complete 
| 581|0x00000000a8d00000, 0x00000000a8e00000, 0x00000000a8e00000|100%| E|CS|TAMS 0x00000000a8d00000| PB 0x00000000a8d00000| Complete 
| 582|0x00000000a8e00000, 0x00000000a8f00000, 0x00000000a8f00000|100%| E|CS|TAMS 0x00000000a8e00000| PB 0x00000000a8e00000| Complete 
| 583|0x00000000a8f00000, 0x00000000a9000000, 0x00000000a9000000|100%| E|CS|TAMS 0x00000000a8f00000| PB 0x00000000a8f00000| Complete 
| 584|0x00000000a9000000, 0x00000000a9100000, 0x00000000a9100000|100%| E|CS|TAMS 0x00000000a9000000| PB 0x00000000a9000000| Complete 
| 585|0x00000000a9100000, 0x00000000a9200000, 0x00000000a9200000|100%| E|CS|TAMS 0x00000000a9100000| PB 0x00000000a9100000| Complete 
| 586|0x00000000a9200000, 0x00000000a9300000, 0x00000000a9300000|100%| E|CS|TAMS 0x00000000a9200000| PB 0x00000000a9200000| Complete 
| 587|0x00000000a9300000, 0x00000000a9400000, 0x00000000a9400000|100%| E|CS|TAMS 0x00000000a9300000| PB 0x00000000a9300000| Complete 
| 588|0x00000000a9400000, 0x00000000a9500000, 0x00000000a9500000|100%| E|CS|TAMS 0x00000000a9400000| PB 0x00000000a9400000| Complete 
| 589|0x00000000a9500000, 0x00000000a9600000, 0x00000000a9600000|100%| E|CS|TAMS 0x00000000a9500000| PB 0x00000000a9500000| Complete 
| 590|0x00000000a9600000, 0x00000000a9700000, 0x00000000a9700000|100%| E|CS|TAMS 0x00000000a9600000| PB 0x00000000a9600000| Complete 
| 591|0x00000000a9700000, 0x00000000a9800000, 0x00000000a9800000|100%| E|CS|TAMS 0x00000000a9700000| PB 0x00000000a9700000| Complete 
| 592|0x00000000a9800000, 0x00000000a9900000, 0x00000000a9900000|100%| E|CS|TAMS 0x00000000a9800000| PB 0x00000000a9800000| Complete 
| 593|0x00000000a9900000, 0x00000000a9a00000, 0x00000000a9a00000|100%| E|CS|TAMS 0x00000000a9900000| PB 0x00000000a9900000| Complete 
| 594|0x00000000a9a00000, 0x00000000a9b00000, 0x00000000a9b00000|100%| E|CS|TAMS 0x00000000a9a00000| PB 0x00000000a9a00000| Complete 
| 595|0x00000000a9b00000, 0x00000000a9c00000, 0x00000000a9c00000|100%| E|CS|TAMS 0x00000000a9b00000| PB 0x00000000a9b00000| Complete 
| 596|0x00000000a9c00000, 0x00000000a9d00000, 0x00000000a9d00000|100%| E|CS|TAMS 0x00000000a9c00000| PB 0x00000000a9c00000| Complete 
| 597|0x00000000a9d00000, 0x00000000a9e00000, 0x00000000a9e00000|100%| E|CS|TAMS 0x00000000a9d00000| PB 0x00000000a9d00000| Complete 
| 598|0x00000000a9e00000, 0x00000000a9f00000, 0x00000000a9f00000|100%| E|CS|TAMS 0x00000000a9e00000| PB 0x00000000a9e00000| Complete 
| 599|0x00000000a9f00000, 0x00000000aa000000, 0x00000000aa000000|100%| E|CS|TAMS 0x00000000a9f00000| PB 0x00000000a9f00000| Complete 
| 600|0x00000000aa000000, 0x00000000aa100000, 0x00000000aa100000|100%| E|CS|TAMS 0x00000000aa000000| PB 0x00000000aa000000| Complete 
| 601|0x00000000aa100000, 0x00000000aa200000, 0x00000000aa200000|100%| E|CS|TAMS 0x00000000aa100000| PB 0x00000000aa100000| Complete 
| 602|0x00000000aa200000, 0x00000000aa300000, 0x00000000aa300000|100%| E|CS|TAMS 0x00000000aa200000| PB 0x00000000aa200000| Complete 
| 603|0x00000000aa300000, 0x00000000aa400000, 0x00000000aa400000|100%| E|CS|TAMS 0x00000000aa300000| PB 0x00000000aa300000| Complete 
| 604|0x00000000aa400000, 0x00000000aa500000, 0x00000000aa500000|100%| E|CS|TAMS 0x00000000aa400000| PB 0x00000000aa400000| Complete 
| 605|0x00000000aa500000, 0x00000000aa600000, 0x00000000aa600000|100%| E|CS|TAMS 0x00000000aa500000| PB 0x00000000aa500000| Complete 
| 606|0x00000000aa600000, 0x00000000aa700000, 0x00000000aa700000|100%| E|CS|TAMS 0x00000000aa600000| PB 0x00000000aa600000| Complete 
| 607|0x00000000aa700000, 0x00000000aa800000, 0x00000000aa800000|100%| E|CS|TAMS 0x00000000aa700000| PB 0x00000000aa700000| Complete 
| 608|0x00000000aa800000, 0x00000000aa900000, 0x00000000aa900000|100%| E|CS|TAMS 0x00000000aa800000| PB 0x00000000aa800000| Complete 
| 609|0x00000000aa900000, 0x00000000aaa00000, 0x00000000aaa00000|100%| E|CS|TAMS 0x00000000aa900000| PB 0x00000000aa900000| Complete 
| 610|0x00000000aaa00000, 0x00000000aab00000, 0x00000000aab00000|100%| E|CS|TAMS 0x00000000aaa00000| PB 0x00000000aaa00000| Complete 
| 611|0x00000000aab00000, 0x00000000aac00000, 0x00000000aac00000|100%| E|CS|TAMS 0x00000000aab00000| PB 0x00000000aab00000| Complete 
| 612|0x00000000aac00000, 0x00000000aad00000, 0x00000000aad00000|100%| E|CS|TAMS 0x00000000aac00000| PB 0x00000000aac00000| Complete 
| 613|0x00000000aad00000, 0x00000000aae00000, 0x00000000aae00000|100%| E|CS|TAMS 0x00000000aad00000| PB 0x00000000aad00000| Complete 
| 614|0x00000000aae00000, 0x00000000aaf00000, 0x00000000aaf00000|100%| E|CS|TAMS 0x00000000aae00000| PB 0x00000000aae00000| Complete 
| 615|0x00000000aaf00000, 0x00000000ab000000, 0x00000000ab000000|100%| E|CS|TAMS 0x00000000aaf00000| PB 0x00000000aaf00000| Complete 
| 616|0x00000000ab000000, 0x00000000ab100000, 0x00000000ab100000|100%| E|CS|TAMS 0x00000000ab000000| PB 0x00000000ab000000| Complete 
| 617|0x00000000ab100000, 0x00000000ab200000, 0x00000000ab200000|100%| E|CS|TAMS 0x00000000ab100000| PB 0x00000000ab100000| Complete 
| 618|0x00000000ab200000, 0x00000000ab300000, 0x00000000ab300000|100%| E|CS|TAMS 0x00000000ab200000| PB 0x00000000ab200000| Complete 
| 619|0x00000000ab300000, 0x00000000ab400000, 0x00000000ab400000|100%| E|CS|TAMS 0x00000000ab300000| PB 0x00000000ab300000| Complete 
| 620|0x00000000ab400000, 0x00000000ab500000, 0x00000000ab500000|100%| E|CS|TAMS 0x00000000ab400000| PB 0x00000000ab400000| Complete 
| 621|0x00000000ab500000, 0x00000000ab600000, 0x00000000ab600000|100%| E|CS|TAMS 0x00000000ab500000| PB 0x00000000ab500000| Complete 
| 622|0x00000000ab600000, 0x00000000ab700000, 0x00000000ab700000|100%| E|CS|TAMS 0x00000000ab600000| PB 0x00000000ab600000| Complete 
| 623|0x00000000ab700000, 0x00000000ab800000, 0x00000000ab800000|100%| E|CS|TAMS 0x00000000ab700000| PB 0x00000000ab700000| Complete 
| 624|0x00000000ab800000, 0x00000000ab900000, 0x00000000ab900000|100%| E|CS|TAMS 0x00000000ab800000| PB 0x00000000ab800000| Complete 
| 625|0x00000000ab900000, 0x00000000aba00000, 0x00000000aba00000|100%| E|CS|TAMS 0x00000000ab900000| PB 0x00000000ab900000| Complete 
| 626|0x00000000aba00000, 0x00000000abb00000, 0x00000000abb00000|100%| E|CS|TAMS 0x00000000aba00000| PB 0x00000000aba00000| Complete 
| 627|0x00000000abb00000, 0x00000000abc00000, 0x00000000abc00000|100%| E|CS|TAMS 0x00000000abb00000| PB 0x00000000abb00000| Complete 
| 628|0x00000000abc00000, 0x00000000abd00000, 0x00000000abd00000|100%| E|CS|TAMS 0x00000000abc00000| PB 0x00000000abc00000| Complete 
| 629|0x00000000abd00000, 0x00000000abe00000, 0x00000000abe00000|100%| E|CS|TAMS 0x00000000abd00000| PB 0x00000000abd00000| Complete 
| 630|0x00000000abe00000, 0x00000000abf00000, 0x00000000abf00000|100%| E|CS|TAMS 0x00000000abe00000| PB 0x00000000abe00000| Complete 
| 631|0x00000000abf00000, 0x00000000ac000000, 0x00000000ac000000|100%| E|CS|TAMS 0x00000000abf00000| PB 0x00000000abf00000| Complete 
| 632|0x00000000ac000000, 0x00000000ac100000, 0x00000000ac100000|100%| E|CS|TAMS 0x00000000ac000000| PB 0x00000000ac000000| Complete 
| 633|0x00000000ac100000, 0x00000000ac200000, 0x00000000ac200000|100%| E|CS|TAMS 0x00000000ac100000| PB 0x00000000ac100000| Complete 
| 634|0x00000000ac200000, 0x00000000ac300000, 0x00000000ac300000|100%| E|CS|TAMS 0x00000000ac200000| PB 0x00000000ac200000| Complete 
| 635|0x00000000ac300000, 0x00000000ac400000, 0x00000000ac400000|100%| E|CS|TAMS 0x00000000ac300000| PB 0x00000000ac300000| Complete 
| 636|0x00000000ac400000, 0x00000000ac500000, 0x00000000ac500000|100%| E|CS|TAMS 0x00000000ac400000| PB 0x00000000ac400000| Complete 
| 637|0x00000000ac500000, 0x00000000ac600000, 0x00000000ac600000|100%| E|CS|TAMS 0x00000000ac500000| PB 0x00000000ac500000| Complete 
| 638|0x00000000ac600000, 0x00000000ac700000, 0x00000000ac700000|100%| E|CS|TAMS 0x00000000ac600000| PB 0x00000000ac600000| Complete 
| 639|0x00000000ac700000, 0x00000000ac800000, 0x00000000ac800000|100%| E|CS|TAMS 0x00000000ac700000| PB 0x00000000ac700000| Complete 
| 640|0x00000000ac800000, 0x00000000ac900000, 0x00000000ac900000|100%| E|CS|TAMS 0x00000000ac800000| PB 0x00000000ac800000| Complete 
| 641|0x00000000ac900000, 0x00000000aca00000, 0x00000000aca00000|100%| E|CS|TAMS 0x00000000ac900000| PB 0x00000000ac900000| Complete 
| 642|0x00000000aca00000, 0x00000000acb00000, 0x00000000acb00000|100%| E|CS|TAMS 0x00000000aca00000| PB 0x00000000aca00000| Complete 
| 643|0x00000000acb00000, 0x00000000acc00000, 0x00000000acc00000|100%| E|CS|TAMS 0x00000000acb00000| PB 0x00000000acb00000| Complete 
| 644|0x00000000acc00000, 0x00000000acd00000, 0x00000000acd00000|100%| E|CS|TAMS 0x00000000acc00000| PB 0x00000000acc00000| Complete 
| 645|0x00000000acd00000, 0x00000000ace00000, 0x00000000ace00000|100%| E|CS|TAMS 0x00000000acd00000| PB 0x00000000acd00000| Complete 
| 646|0x00000000ace00000, 0x00000000acf00000, 0x00000000acf00000|100%| E|CS|TAMS 0x00000000ace00000| PB 0x00000000ace00000| Complete 
| 647|0x00000000acf00000, 0x00000000ad000000, 0x00000000ad000000|100%| E|CS|TAMS 0x00000000acf00000| PB 0x00000000acf00000| Complete 
| 648|0x00000000ad000000, 0x00000000ad100000, 0x00000000ad100000|100%| E|CS|TAMS 0x00000000ad000000| PB 0x00000000ad000000| Complete 
| 649|0x00000000ad100000, 0x00000000ad200000, 0x00000000ad200000|100%| E|CS|TAMS 0x00000000ad100000| PB 0x00000000ad100000| Complete 
| 650|0x00000000ad200000, 0x00000000ad300000, 0x00000000ad300000|100%| E|CS|TAMS 0x00000000ad200000| PB 0x00000000ad200000| Complete 
| 651|0x00000000ad300000, 0x00000000ad400000, 0x00000000ad400000|100%| E|CS|TAMS 0x00000000ad300000| PB 0x00000000ad300000| Complete 
| 652|0x00000000ad400000, 0x00000000ad500000, 0x00000000ad500000|100%| E|CS|TAMS 0x00000000ad400000| PB 0x00000000ad400000| Complete 
| 653|0x00000000ad500000, 0x00000000ad600000, 0x00000000ad600000|100%| E|CS|TAMS 0x00000000ad500000| PB 0x00000000ad500000| Complete 
| 654|0x00000000ad600000, 0x00000000ad700000, 0x00000000ad700000|100%| E|CS|TAMS 0x00000000ad600000| PB 0x00000000ad600000| Complete 
| 655|0x00000000ad700000, 0x00000000ad800000, 0x00000000ad800000|100%| E|CS|TAMS 0x00000000ad700000| PB 0x00000000ad700000| Complete 
| 656|0x00000000ad800000, 0x00000000ad900000, 0x00000000ad900000|100%| E|CS|TAMS 0x00000000ad800000| PB 0x00000000ad800000| Complete 
| 657|0x00000000ad900000, 0x00000000ada00000, 0x00000000ada00000|100%| E|CS|TAMS 0x00000000ad900000| PB 0x00000000ad900000| Complete 
| 658|0x00000000ada00000, 0x00000000adb00000, 0x00000000adb00000|100%| E|CS|TAMS 0x00000000ada00000| PB 0x00000000ada00000| Complete 
| 659|0x00000000adb00000, 0x00000000adc00000, 0x00000000adc00000|100%| E|CS|TAMS 0x00000000adb00000| PB 0x00000000adb00000| Complete 
| 660|0x00000000adc00000, 0x00000000add00000, 0x00000000add00000|100%| E|CS|TAMS 0x00000000adc00000| PB 0x00000000adc00000| Complete 
| 661|0x00000000add00000, 0x00000000ade00000, 0x00000000ade00000|100%| E|CS|TAMS 0x00000000add00000| PB 0x00000000add00000| Complete 
| 662|0x00000000ade00000, 0x00000000adf00000, 0x00000000adf00000|100%| E|CS|TAMS 0x00000000ade00000| PB 0x00000000ade00000| Complete 
| 663|0x00000000adf00000, 0x00000000ae000000, 0x00000000ae000000|100%| E|CS|TAMS 0x00000000adf00000| PB 0x00000000adf00000| Complete 
| 664|0x00000000ae000000, 0x00000000ae100000, 0x00000000ae100000|100%| E|CS|TAMS 0x00000000ae000000| PB 0x00000000ae000000| Complete 
| 665|0x00000000ae100000, 0x00000000ae200000, 0x00000000ae200000|100%| E|CS|TAMS 0x00000000ae100000| PB 0x00000000ae100000| Complete 
| 666|0x00000000ae200000, 0x00000000ae300000, 0x00000000ae300000|100%| E|CS|TAMS 0x00000000ae200000| PB 0x00000000ae200000| Complete 
| 667|0x00000000ae300000, 0x00000000ae400000, 0x00000000ae400000|100%| E|CS|TAMS 0x00000000ae300000| PB 0x00000000ae300000| Complete 
| 668|0x00000000ae400000, 0x00000000ae500000, 0x00000000ae500000|100%| E|CS|TAMS 0x00000000ae400000| PB 0x00000000ae400000| Complete 
| 669|0x00000000ae500000, 0x00000000ae600000, 0x00000000ae600000|100%| E|CS|TAMS 0x00000000ae500000| PB 0x00000000ae500000| Complete 
| 670|0x00000000ae600000, 0x00000000ae700000, 0x00000000ae700000|100%| E|CS|TAMS 0x00000000ae600000| PB 0x00000000ae600000| Complete 
| 671|0x00000000ae700000, 0x00000000ae800000, 0x00000000ae800000|100%| E|CS|TAMS 0x00000000ae700000| PB 0x00000000ae700000| Complete 
| 672|0x00000000ae800000, 0x00000000ae900000, 0x00000000ae900000|100%| E|CS|TAMS 0x00000000ae800000| PB 0x00000000ae800000| Complete 
| 673|0x00000000ae900000, 0x00000000aea00000, 0x00000000aea00000|100%| E|CS|TAMS 0x00000000ae900000| PB 0x00000000ae900000| Complete 
| 674|0x00000000aea00000, 0x00000000aeb00000, 0x00000000aeb00000|100%| E|CS|TAMS 0x00000000aea00000| PB 0x00000000aea00000| Complete 
| 675|0x00000000aeb00000, 0x00000000aec00000, 0x00000000aec00000|100%| E|CS|TAMS 0x00000000aeb00000| PB 0x00000000aeb00000| Complete 
| 676|0x00000000aec00000, 0x00000000aed00000, 0x00000000aed00000|100%| E|CS|TAMS 0x00000000aec00000| PB 0x00000000aec00000| Complete 
| 677|0x00000000aed00000, 0x00000000aee00000, 0x00000000aee00000|100%| E|CS|TAMS 0x00000000aed00000| PB 0x00000000aed00000| Complete 
| 678|0x00000000aee00000, 0x00000000aef00000, 0x00000000aef00000|100%| E|CS|TAMS 0x00000000aee00000| PB 0x00000000aee00000| Complete 
| 679|0x00000000aef00000, 0x00000000af000000, 0x00000000af000000|100%| E|CS|TAMS 0x00000000aef00000| PB 0x00000000aef00000| Complete 
| 680|0x00000000af000000, 0x00000000af100000, 0x00000000af100000|100%| E|CS|TAMS 0x00000000af000000| PB 0x00000000af000000| Complete 
| 681|0x00000000af100000, 0x00000000af200000, 0x00000000af200000|100%| E|CS|TAMS 0x00000000af100000| PB 0x00000000af100000| Complete 
| 682|0x00000000af200000, 0x00000000af300000, 0x00000000af300000|100%| E|CS|TAMS 0x00000000af200000| PB 0x00000000af200000| Complete 
| 683|0x00000000af300000, 0x00000000af400000, 0x00000000af400000|100%| E|CS|TAMS 0x00000000af300000| PB 0x00000000af300000| Complete 
| 684|0x00000000af400000, 0x00000000af500000, 0x00000000af500000|100%| E|CS|TAMS 0x00000000af400000| PB 0x00000000af400000| Complete 
| 685|0x00000000af500000, 0x00000000af600000, 0x00000000af600000|100%| E|CS|TAMS 0x00000000af500000| PB 0x00000000af500000| Complete 
| 686|0x00000000af600000, 0x00000000af700000, 0x00000000af700000|100%| E|CS|TAMS 0x00000000af600000| PB 0x00000000af600000| Complete 
| 687|0x00000000af700000, 0x00000000af800000, 0x00000000af800000|100%| E|CS|TAMS 0x00000000af700000| PB 0x00000000af700000| Complete 
| 688|0x00000000af800000, 0x00000000af900000, 0x00000000af900000|100%| E|CS|TAMS 0x00000000af800000| PB 0x00000000af800000| Complete 
| 689|0x00000000af900000, 0x00000000afa00000, 0x00000000afa00000|100%| E|CS|TAMS 0x00000000af900000| PB 0x00000000af900000| Complete 
| 690|0x00000000afa00000, 0x00000000afb00000, 0x00000000afb00000|100%| E|CS|TAMS 0x00000000afa00000| PB 0x00000000afa00000| Complete 
| 691|0x00000000afb00000, 0x00000000afc00000, 0x00000000afc00000|100%| E|CS|TAMS 0x00000000afb00000| PB 0x00000000afb00000| Complete 
| 692|0x00000000afc00000, 0x00000000afd00000, 0x00000000afd00000|100%| E|CS|TAMS 0x00000000afc00000| PB 0x00000000afc00000| Complete 
| 693|0x00000000afd00000, 0x00000000afe00000, 0x00000000afe00000|100%| E|CS|TAMS 0x00000000afd00000| PB 0x00000000afd00000| Complete 
| 694|0x00000000afe00000, 0x00000000aff00000, 0x00000000aff00000|100%| E|CS|TAMS 0x00000000afe00000| PB 0x00000000afe00000| Complete 
| 695|0x00000000aff00000, 0x00000000b0000000, 0x00000000b0000000|100%| E|CS|TAMS 0x00000000aff00000| PB 0x00000000aff00000| Complete 
| 696|0x00000000b0000000, 0x00000000b0100000, 0x00000000b0100000|100%| E|CS|TAMS 0x00000000b0000000| PB 0x00000000b0000000| Complete 
| 697|0x00000000b0100000, 0x00000000b0200000, 0x00000000b0200000|100%| E|CS|TAMS 0x00000000b0100000| PB 0x00000000b0100000| Complete 
| 698|0x00000000b0200000, 0x00000000b0300000, 0x00000000b0300000|100%| E|CS|TAMS 0x00000000b0200000| PB 0x00000000b0200000| Complete 
| 699|0x00000000b0300000, 0x00000000b0400000, 0x00000000b0400000|100%| E|CS|TAMS 0x00000000b0300000| PB 0x00000000b0300000| Complete 
| 700|0x00000000b0400000, 0x00000000b0500000, 0x00000000b0500000|100%| E|CS|TAMS 0x00000000b0400000| PB 0x00000000b0400000| Complete 
| 701|0x00000000b0500000, 0x00000000b0600000, 0x00000000b0600000|100%| E|CS|TAMS 0x00000000b0500000| PB 0x00000000b0500000| Complete 
| 702|0x00000000b0600000, 0x00000000b0700000, 0x00000000b0700000|100%| E|CS|TAMS 0x00000000b0600000| PB 0x00000000b0600000| Complete 
| 703|0x00000000b0700000, 0x00000000b0800000, 0x00000000b0800000|100%| E|CS|TAMS 0x00000000b0700000| PB 0x00000000b0700000| Complete 
| 704|0x00000000b0800000, 0x00000000b0900000, 0x00000000b0900000|100%| E|CS|TAMS 0x00000000b0800000| PB 0x00000000b0800000| Complete 
| 705|0x00000000b0900000, 0x00000000b0a00000, 0x00000000b0a00000|100%| E|CS|TAMS 0x00000000b0900000| PB 0x00000000b0900000| Complete 
| 706|0x00000000b0a00000, 0x00000000b0b00000, 0x00000000b0b00000|100%| E|CS|TAMS 0x00000000b0a00000| PB 0x00000000b0a00000| Complete 
| 707|0x00000000b0b00000, 0x00000000b0c00000, 0x00000000b0c00000|100%| E|CS|TAMS 0x00000000b0b00000| PB 0x00000000b0b00000| Complete 
| 708|0x00000000b0c00000, 0x00000000b0d00000, 0x00000000b0d00000|100%| E|CS|TAMS 0x00000000b0c00000| PB 0x00000000b0c00000| Complete 
| 709|0x00000000b0d00000, 0x00000000b0e00000, 0x00000000b0e00000|100%| E|CS|TAMS 0x00000000b0d00000| PB 0x00000000b0d00000| Complete 
| 710|0x00000000b0e00000, 0x00000000b0f00000, 0x00000000b0f00000|100%| E|CS|TAMS 0x00000000b0e00000| PB 0x00000000b0e00000| Complete 
| 711|0x00000000b0f00000, 0x00000000b1000000, 0x00000000b1000000|100%| E|CS|TAMS 0x00000000b0f00000| PB 0x00000000b0f00000| Complete 
| 712|0x00000000b1000000, 0x00000000b1100000, 0x00000000b1100000|100%| E|CS|TAMS 0x00000000b1000000| PB 0x00000000b1000000| Complete 
| 713|0x00000000b1100000, 0x00000000b1200000, 0x00000000b1200000|100%| E|CS|TAMS 0x00000000b1100000| PB 0x00000000b1100000| Complete 
| 714|0x00000000b1200000, 0x00000000b1300000, 0x00000000b1300000|100%| E|CS|TAMS 0x00000000b1200000| PB 0x00000000b1200000| Complete 
| 715|0x00000000b1300000, 0x00000000b1400000, 0x00000000b1400000|100%| E|CS|TAMS 0x00000000b1300000| PB 0x00000000b1300000| Complete 
| 716|0x00000000b1400000, 0x00000000b1500000, 0x00000000b1500000|100%| E|CS|TAMS 0x00000000b1400000| PB 0x00000000b1400000| Complete 
| 717|0x00000000b1500000, 0x00000000b1600000, 0x00000000b1600000|100%| E|CS|TAMS 0x00000000b1500000| PB 0x00000000b1500000| Complete 
| 718|0x00000000b1600000, 0x00000000b1700000, 0x00000000b1700000|100%| E|CS|TAMS 0x00000000b1600000| PB 0x00000000b1600000| Complete 
| 719|0x00000000b1700000, 0x00000000b1800000, 0x00000000b1800000|100%| E|CS|TAMS 0x00000000b1700000| PB 0x00000000b1700000| Complete 
| 720|0x00000000b1800000, 0x00000000b1900000, 0x00000000b1900000|100%| E|CS|TAMS 0x00000000b1800000| PB 0x00000000b1800000| Complete 
| 721|0x00000000b1900000, 0x00000000b1a00000, 0x00000000b1a00000|100%| E|CS|TAMS 0x00000000b1900000| PB 0x00000000b1900000| Complete 
| 722|0x00000000b1a00000, 0x00000000b1b00000, 0x00000000b1b00000|100%| E|CS|TAMS 0x00000000b1a00000| PB 0x00000000b1a00000| Complete 
| 723|0x00000000b1b00000, 0x00000000b1c00000, 0x00000000b1c00000|100%| E|CS|TAMS 0x00000000b1b00000| PB 0x00000000b1b00000| Complete 
| 724|0x00000000b1c00000, 0x00000000b1d00000, 0x00000000b1d00000|100%| E|CS|TAMS 0x00000000b1c00000| PB 0x00000000b1c00000| Complete 
| 725|0x00000000b1d00000, 0x00000000b1e00000, 0x00000000b1e00000|100%| E|CS|TAMS 0x00000000b1d00000| PB 0x00000000b1d00000| Complete 
| 726|0x00000000b1e00000, 0x00000000b1f00000, 0x00000000b1f00000|100%| E|CS|TAMS 0x00000000b1e00000| PB 0x00000000b1e00000| Complete 
| 727|0x00000000b1f00000, 0x00000000b2000000, 0x00000000b2000000|100%| E|CS|TAMS 0x00000000b1f00000| PB 0x00000000b1f00000| Complete 
| 728|0x00000000b2000000, 0x00000000b2100000, 0x00000000b2100000|100%| E|CS|TAMS 0x00000000b2000000| PB 0x00000000b2000000| Complete 
| 729|0x00000000b2100000, 0x00000000b2200000, 0x00000000b2200000|100%| E|CS|TAMS 0x00000000b2100000| PB 0x00000000b2100000| Complete 
| 730|0x00000000b2200000, 0x00000000b2300000, 0x00000000b2300000|100%| E|CS|TAMS 0x00000000b2200000| PB 0x00000000b2200000| Complete 
| 731|0x00000000b2300000, 0x00000000b2400000, 0x00000000b2400000|100%| E|CS|TAMS 0x00000000b2300000| PB 0x00000000b2300000| Complete 
| 732|0x00000000b2400000, 0x00000000b2500000, 0x00000000b2500000|100%| E|CS|TAMS 0x00000000b2400000| PB 0x00000000b2400000| Complete 
| 733|0x00000000b2500000, 0x00000000b2600000, 0x00000000b2600000|100%| E|CS|TAMS 0x00000000b2500000| PB 0x00000000b2500000| Complete 
| 734|0x00000000b2600000, 0x00000000b2700000, 0x00000000b2700000|100%| E|CS|TAMS 0x00000000b2600000| PB 0x00000000b2600000| Complete 
| 735|0x00000000b2700000, 0x00000000b2800000, 0x00000000b2800000|100%| E|CS|TAMS 0x00000000b2700000| PB 0x00000000b2700000| Complete 
| 736|0x00000000b2800000, 0x00000000b2900000, 0x00000000b2900000|100%| E|CS|TAMS 0x00000000b2800000| PB 0x00000000b2800000| Complete 
| 737|0x00000000b2900000, 0x00000000b2a00000, 0x00000000b2a00000|100%| E|CS|TAMS 0x00000000b2900000| PB 0x00000000b2900000| Complete 
| 738|0x00000000b2a00000, 0x00000000b2b00000, 0x00000000b2b00000|100%| E|CS|TAMS 0x00000000b2a00000| PB 0x00000000b2a00000| Complete 
| 739|0x00000000b2b00000, 0x00000000b2c00000, 0x00000000b2c00000|100%| E|CS|TAMS 0x00000000b2b00000| PB 0x00000000b2b00000| Complete 
| 740|0x00000000b2c00000, 0x00000000b2d00000, 0x00000000b2d00000|100%| E|CS|TAMS 0x00000000b2c00000| PB 0x00000000b2c00000| Complete 
| 741|0x00000000b2d00000, 0x00000000b2e00000, 0x00000000b2e00000|100%| E|CS|TAMS 0x00000000b2d00000| PB 0x00000000b2d00000| Complete 
| 742|0x00000000b2e00000, 0x00000000b2f00000, 0x00000000b2f00000|100%| E|CS|TAMS 0x00000000b2e00000| PB 0x00000000b2e00000| Complete 
| 743|0x00000000b2f00000, 0x00000000b3000000, 0x00000000b3000000|100%| E|CS|TAMS 0x00000000b2f00000| PB 0x00000000b2f00000| Complete 
| 744|0x00000000b3000000, 0x00000000b3100000, 0x00000000b3100000|100%| E|CS|TAMS 0x00000000b3000000| PB 0x00000000b3000000| Complete 
| 745|0x00000000b3100000, 0x00000000b3200000, 0x00000000b3200000|100%| E|CS|TAMS 0x00000000b3100000| PB 0x00000000b3100000| Complete 
| 746|0x00000000b3200000, 0x00000000b3300000, 0x00000000b3300000|100%| E|CS|TAMS 0x00000000b3200000| PB 0x00000000b3200000| Complete 
| 747|0x00000000b3300000, 0x00000000b3400000, 0x00000000b3400000|100%| E|CS|TAMS 0x00000000b3300000| PB 0x00000000b3300000| Complete 
| 748|0x00000000b3400000, 0x00000000b3500000, 0x00000000b3500000|100%| E|CS|TAMS 0x00000000b3400000| PB 0x00000000b3400000| Complete 
| 749|0x00000000b3500000, 0x00000000b3600000, 0x00000000b3600000|100%| E|CS|TAMS 0x00000000b3500000| PB 0x00000000b3500000| Complete 
| 750|0x00000000b3600000, 0x00000000b3700000, 0x00000000b3700000|100%| E|CS|TAMS 0x00000000b3600000| PB 0x00000000b3600000| Complete 
| 751|0x00000000b3700000, 0x00000000b3800000, 0x00000000b3800000|100%| E|CS|TAMS 0x00000000b3700000| PB 0x00000000b3700000| Complete 
| 752|0x00000000b3800000, 0x00000000b3900000, 0x00000000b3900000|100%| E|CS|TAMS 0x00000000b3800000| PB 0x00000000b3800000| Complete 
| 753|0x00000000b3900000, 0x00000000b3a00000, 0x00000000b3a00000|100%| E|CS|TAMS 0x00000000b3900000| PB 0x00000000b3900000| Complete 
| 754|0x00000000b3a00000, 0x00000000b3b00000, 0x00000000b3b00000|100%| E|CS|TAMS 0x00000000b3a00000| PB 0x00000000b3a00000| Complete 
| 755|0x00000000b3b00000, 0x00000000b3c00000, 0x00000000b3c00000|100%| E|CS|TAMS 0x00000000b3b00000| PB 0x00000000b3b00000| Complete 
| 756|0x00000000b3c00000, 0x00000000b3d00000, 0x00000000b3d00000|100%| E|CS|TAMS 0x00000000b3c00000| PB 0x00000000b3c00000| Complete 
| 757|0x00000000b3d00000, 0x00000000b3e00000, 0x00000000b3e00000|100%| E|CS|TAMS 0x00000000b3d00000| PB 0x00000000b3d00000| Complete 
| 758|0x00000000b3e00000, 0x00000000b3f00000, 0x00000000b3f00000|100%| E|CS|TAMS 0x00000000b3e00000| PB 0x00000000b3e00000| Complete 
| 759|0x00000000b3f00000, 0x00000000b4000000, 0x00000000b4000000|100%| E|CS|TAMS 0x00000000b3f00000| PB 0x00000000b3f00000| Complete 
| 760|0x00000000b4000000, 0x00000000b4100000, 0x00000000b4100000|100%| E|CS|TAMS 0x00000000b4000000| PB 0x00000000b4000000| Complete 
| 761|0x00000000b4100000, 0x00000000b4200000, 0x00000000b4200000|100%| E|CS|TAMS 0x00000000b4100000| PB 0x00000000b4100000| Complete 
| 762|0x00000000b4200000, 0x00000000b4300000, 0x00000000b4300000|100%| E|CS|TAMS 0x00000000b4200000| PB 0x00000000b4200000| Complete 
| 763|0x00000000b4300000, 0x00000000b4400000, 0x00000000b4400000|100%| E|CS|TAMS 0x00000000b4300000| PB 0x00000000b4300000| Complete 
| 764|0x00000000b4400000, 0x00000000b4500000, 0x00000000b4500000|100%| E|CS|TAMS 0x00000000b4400000| PB 0x00000000b4400000| Complete 
| 765|0x00000000b4500000, 0x00000000b4600000, 0x00000000b4600000|100%| E|CS|TAMS 0x00000000b4500000| PB 0x00000000b4500000| Complete 
| 766|0x00000000b4600000, 0x00000000b4700000, 0x00000000b4700000|100%| E|CS|TAMS 0x00000000b4600000| PB 0x00000000b4600000| Complete 
| 767|0x00000000b4700000, 0x00000000b4800000, 0x00000000b4800000|100%| E|CS|TAMS 0x00000000b4700000| PB 0x00000000b4700000| Complete 
| 768|0x00000000b4800000, 0x00000000b4900000, 0x00000000b4900000|100%| E|CS|TAMS 0x00000000b4800000| PB 0x00000000b4800000| Complete 
| 769|0x00000000b4900000, 0x00000000b4a00000, 0x00000000b4a00000|100%| E|CS|TAMS 0x00000000b4900000| PB 0x00000000b4900000| Complete 
| 770|0x00000000b4a00000, 0x00000000b4b00000, 0x00000000b4b00000|100%| E|CS|TAMS 0x00000000b4a00000| PB 0x00000000b4a00000| Complete 
| 771|0x00000000b4b00000, 0x00000000b4c00000, 0x00000000b4c00000|100%| E|CS|TAMS 0x00000000b4b00000| PB 0x00000000b4b00000| Complete 
| 772|0x00000000b4c00000, 0x00000000b4d00000, 0x00000000b4d00000|100%| E|CS|TAMS 0x00000000b4c00000| PB 0x00000000b4c00000| Complete 
|1939|0x00000000fdb00000, 0x00000000fdc00000, 0x00000000fdc00000|100%| E|CS|TAMS 0x00000000fdb00000| PB 0x00000000fdb00000| Complete 
|1940|0x00000000fdc00000, 0x00000000fdd00000, 0x00000000fdd00000|100%| E|CS|TAMS 0x00000000fdc00000| PB 0x00000000fdc00000| Complete 
|1941|0x00000000fdd00000, 0x00000000fde00000, 0x00000000fde00000|100%| E|CS|TAMS 0x00000000fdd00000| PB 0x00000000fdd00000| Complete 
|1942|0x00000000fde00000, 0x00000000fdf00000, 0x00000000fdf00000|100%| E|CS|TAMS 0x00000000fde00000| PB 0x00000000fde00000| Complete 
|1943|0x00000000fdf00000, 0x00000000fe000000, 0x00000000fe000000|100%| E|CS|TAMS 0x00000000fdf00000| PB 0x00000000fdf00000| Complete 
|1944|0x00000000fe000000, 0x00000000fe100000, 0x00000000fe100000|100%| O|  |TAMS 0x00000000fe000000| PB 0x00000000fe000000| Untracked 
|1945|0x00000000fe100000, 0x00000000fe200000, 0x00000000fe200000|100%| O|  |TAMS 0x00000000fe100000| PB 0x00000000fe100000| Untracked 
|1946|0x00000000fe200000, 0x00000000fe300000, 0x00000000fe300000|100%| O|  |TAMS 0x00000000fe200000| PB 0x00000000fe200000| Untracked 
|1947|0x00000000fe300000, 0x00000000fe400000, 0x00000000fe400000|100%| O|  |TAMS 0x00000000fe300000| PB 0x00000000fe300000| Untracked 
|1948|0x00000000fe400000, 0x00000000fe500000, 0x00000000fe500000|100%| O|  |TAMS 0x00000000fe400000| PB 0x00000000fe400000| Untracked 
|1949|0x00000000fe500000, 0x00000000fe600000, 0x00000000fe600000|100%| O|  |TAMS 0x00000000fe500000| PB 0x00000000fe500000| Untracked 
|1950|0x00000000fe600000, 0x00000000fe700000, 0x00000000fe700000|100%| O|  |TAMS 0x00000000fe600000| PB 0x00000000fe600000| Untracked 
|1951|0x00000000fe700000, 0x00000000fe800000, 0x00000000fe800000|100%| O|  |TAMS 0x00000000fe700000| PB 0x00000000fe700000| Untracked 
|1952|0x00000000fe800000, 0x00000000fe900000, 0x00000000fe900000|100%| O|  |TAMS 0x00000000fe800000| PB 0x00000000fe800000| Untracked 
|1953|0x00000000fe900000, 0x00000000fea00000, 0x00000000fea00000|100%| O|  |TAMS 0x00000000fe900000| PB 0x00000000fe900000| Untracked 
|1954|0x00000000fea00000, 0x00000000feb00000, 0x00000000feb00000|100%| O|  |TAMS 0x00000000fea00000| PB 0x00000000fea00000| Untracked 
|1955|0x00000000feb00000, 0x00000000fec00000, 0x00000000fec00000|100%| O|  |TAMS 0x00000000feb00000| PB 0x00000000feb00000| Untracked 
|1956|0x00000000fec00000, 0x00000000fed00000, 0x00000000fed00000|100%| O|  |TAMS 0x00000000fec00000| PB 0x00000000fec00000| Untracked 
|1957|0x00000000fed00000, 0x00000000fee00000, 0x00000000fee00000|100%| O|  |TAMS 0x00000000fed00000| PB 0x00000000fed00000| Untracked 
|1958|0x00000000fee00000, 0x00000000fef00000, 0x00000000fef00000|100%| O|  |TAMS 0x00000000fee00000| PB 0x00000000fee00000| Untracked 
|1959|0x00000000fef00000, 0x00000000ff000000, 0x00000000ff000000|100%| O|  |TAMS 0x00000000fef00000| PB 0x00000000fef00000| Untracked 
|1960|0x00000000ff000000, 0x00000000ff100000, 0x00000000ff100000|100%| O|  |TAMS 0x00000000ff000000| PB 0x00000000ff000000| Untracked 
|1961|0x00000000ff100000, 0x00000000ff200000, 0x00000000ff200000|100%| E|CS|TAMS 0x00000000ff100000| PB 0x00000000ff100000| Complete 
|1962|0x00000000ff200000, 0x00000000ff300000, 0x00000000ff300000|100%| O|  |TAMS 0x00000000ff200000| PB 0x00000000ff200000| Untracked 
|1963|0x00000000ff300000, 0x00000000ff400000, 0x00000000ff400000|100%| E|CS|TAMS 0x00000000ff300000| PB 0x00000000ff300000| Complete 
|1964|0x00000000ff400000, 0x00000000ff500000, 0x00000000ff500000|100%| E|CS|TAMS 0x00000000ff400000| PB 0x00000000ff400000| Complete 
|1965|0x00000000ff500000, 0x00000000ff600000, 0x00000000ff600000|100%| E|CS|TAMS 0x00000000ff500000| PB 0x00000000ff500000| Complete 
|1966|0x00000000ff600000, 0x00000000ff700000, 0x00000000ff700000|100%| E|CS|TAMS 0x00000000ff600000| PB 0x00000000ff600000| Complete 
|1967|0x00000000ff700000, 0x00000000ff800000, 0x00000000ff800000|100%| E|CS|TAMS 0x00000000ff700000| PB 0x00000000ff700000| Complete 
|1968|0x00000000ff800000, 0x00000000ff900000, 0x00000000ff900000|100%| O|  |TAMS 0x00000000ff800000| PB 0x00000000ff800000| Untracked 
|1969|0x00000000ff900000, 0x00000000ffa00000, 0x00000000ffa00000|100%| E|CS|TAMS 0x00000000ff900000| PB 0x00000000ff900000| Complete 
|1970|0x00000000ffa00000, 0x00000000ffb00000, 0x00000000ffb00000|100%| O|  |TAMS 0x00000000ffa00000| PB 0x00000000ffa00000| Untracked 
|1971|0x00000000ffb00000, 0x00000000ffc00000, 0x00000000ffc00000|100%| E|CS|TAMS 0x00000000ffb00000| PB 0x00000000ffb00000| Complete 
|1972|0x00000000ffc00000, 0x00000000ffd00000, 0x00000000ffd00000|100%| E|CS|TAMS 0x00000000ffc00000| PB 0x00000000ffc00000| Complete 
|1973|0x00000000ffd00000, 0x00000000ffe00000, 0x00000000ffe00000|100%| E|CS|TAMS 0x00000000ffd00000| PB 0x00000000ffd00000| Complete 
|1974|0x00000000ffe00000, 0x00000000fff00000, 0x00000000fff00000|100%| E|CS|TAMS 0x00000000ffe00000| PB 0x00000000ffe00000| Complete 
|1975|0x00000000fff00000, 0x0000000100000000, 0x0000000100000000|100%| E|CS|TAMS 0x00000000fff00000| PB 0x00000000fff00000| Complete 

Card table byte_map: [0x00000244f21c0000,0x00000244f25a0000] _byte_map_base: 0x00000244f1d9c000

Marking Bits: (CMBitMap*) 0x00000244e862b8a0
 Bits: [0x00000244f25a0000, 0x00000244f4480000)

Polling page: 0x00000244e63e0000

Metaspace:

Usage:
  Non-class:     97.24 MB used.
      Class:     12.21 MB used.
       Both:    109.45 MB used.

Virtual space:
  Non-class space:      128.00 MB reserved,      98.06 MB ( 77%) committed,  2 nodes.
      Class space:        1.00 GB reserved,      12.88 MB (  1%) committed,  1 nodes.
             Both:        1.12 GB reserved,     110.94 MB ( 10%) committed. 

Chunk freelists:
   Non-Class:  13.65 MB
       Class:  3.00 MB
        Both:  16.65 MB

MaxMetaspaceSize: unlimited
CompressedClassSpaceSize: 1.00 GB
Initial GC threshold: 21.00 MB
Current GC threshold: 184.94 MB
CDS: off
 - commit_granule_bytes: 65536.
 - commit_granule_words: 8192.
 - virtual_space_node_default_size: 8388608.
 - enlarge_chunks_in_place: 1.
 - use_allocation_guard: 0.


Internal statistics:

num_allocs_failed_limit: 6.
num_arena_births: 1646.
num_arena_deaths: 82.
num_vsnodes_births: 3.
num_vsnodes_deaths: 0.
num_space_committed: 1792.
num_space_uncommitted: 13.
num_chunks_returned_to_freelist: 247.
num_chunks_taken_from_freelist: 5045.
num_chunk_merges: 82.
num_chunk_splits: 3413.
num_chunks_enlarged: 2267.
num_inconsistent_stats: 0.

CodeHeap 'non-profiled nmethods': size=120000Kb used=6791Kb max_used=10300Kb free=113209Kb
 bounds [0x0000024487ad0000, 0x0000024488560000, 0x000002448f000000]
CodeHeap 'profiled nmethods': size=120000Kb used=10150Kb max_used=23836Kb free=109849Kb
 bounds [0x0000024480000000, 0x0000024481770000, 0x0000024487530000]
CodeHeap 'non-nmethods': size=5760Kb used=2170Kb max_used=2238Kb free=3589Kb
 bounds [0x0000024487530000, 0x00000244877a0000, 0x0000024487ad0000]
CodeCache: size=245760Kb, used=19111Kb, max_used=36374Kb, free=226647Kb
 total_blobs=6953, nmethods=5844, adapters=1010, full_count=0
Compilation: enabled, stopped_count=0, restarted_count=0

Compilation events (20 events):
Event: 1316.398 Thread 0x00000244f71ebce0 nmethod 25731 0x0000024487af0890 code [0x0000024487af0a20, 0x0000024487af0b20]
Event: 1316.398 Thread 0x00000244f71ebce0 23216       4       javax.swing.tree.VariableHeightLayoutCache$TreeStateNode::shiftYOriginBy (11 bytes)
Event: 1316.399 Thread 0x00000244f71ebce0 nmethod 23216 0x0000024487afe590 code [0x0000024487afe720, 0x0000024487afe7b0]
Event: 1316.399 Thread 0x00000244f71ebce0 21825       4       java.nio.Buffer::position (52 bytes)
Event: 1316.399 Thread 0x00000244f71ebce0 nmethod 21825 0x0000024487b03090 code [0x0000024487b03220, 0x0000024487b03310]
Event: 1316.399 Thread 0x00000244f71ebce0 23401       4       com.st.microxplorer.plugins.thirdparty.db.solver.condition.EvaluatedConditionItem::resolveOtherConditions (1 bytes)
Event: 1316.400 Thread 0x00000244f71ebce0 nmethod 23401 0x0000024487b4fe90 code [0x0000024487b50020, 0x0000024487b500a8]
Event: 1316.400 Thread 0x00000244f71ebce0 24573       4       sun.awt.image.ByteInterleavedRaster::setRect (187 bytes)
Event: 1316.409 Thread 0x00000244f71ebce0 nmethod 24573 0x0000024487bd7890 code [0x0000024487bd7a80, 0x0000024487bd81b8]
Event: 1316.409 Thread 0x00000244f71ebce0 26426   !   4       java.awt.Component::reshape (312 bytes)
Event: 1316.431 Thread 0x00000244fdf64730 nmethod 25694 0x000002448825ce90 code [0x000002448825d5a0, 0x000002448825fb20]
Event: 1316.431 Thread 0x00000244fdf64730 26427       4       java.awt.Component::setBounds (10 bytes)
Event: 1316.432 Thread 0x00000244fdf64730 nmethod 26427 0x0000024487b6f810 code [0x0000024487b6f9a0, 0x0000024487b6fa50]
Event: 1316.432 Thread 0x00000244fdf64730 26425       4       javax.swing.JComponent::reshape (10 bytes)
Event: 1316.447 Thread 0x00000244f721fc90 26785       1       com.st.microxplorer.mcu.IP::setNVICServiceList (6 bytes)
Event: 1316.447 Thread 0x00000244f721fc90 nmethod 26785 0x0000024487b7b710 code [0x0000024487b7b8a0, 0x0000024487b7b9b8]
Event: 1316.476 Thread 0x00000244f721fc90 26786       1       com.st.microxplorer.mcu.IP::setNVICService (6 bytes)
Event: 1316.476 Thread 0x00000244f721fc90 nmethod 26786 0x0000024487b7c010 code [0x0000024487b7c1a0, 0x0000024487b7c2b8]
Event: 1316.485 Thread 0x00000244f721fc90 26787       1       com.st.microxplorer.mcu.IP::setMDMAService (6 bytes)
Event: 1316.486 Thread 0x00000244f721fc90 nmethod 26787 0x0000024487b81590 code [0x0000024487b81720, 0x0000024487b81838]

GC Heap History (20 events):
Event: 1311.967 GC heap before
{Heap before GC invocations=146 (full 2):
 garbage-first heap   total 746496K, used 679442K [0x0000000084800000, 0x0000000100000000)
  region size 1024K, 430 young (440320K), 27 survivors (27648K)
 Metaspace       used 111885K, committed 113408K, reserved 1179648K
  class space    used 12506K, committed 13184K, reserved 1048576K
}
Event: 1311.991 GC heap after
{Heap after GC invocations=147 (full 2):
 garbage-first heap   total 746496K, used 279802K [0x0000000084800000, 0x0000000100000000)
  region size 1024K, 37 young (37888K), 37 survivors (37888K)
 Metaspace       used 111885K, committed 113408K, reserved 1179648K
  class space    used 12506K, committed 13184K, reserved 1048576K
}
Event: 1313.244 GC heap before
{Heap before GC invocations=148 (full 2):
 garbage-first heap   total 746496K, used 683258K [0x0000000084800000, 0x0000000100000000)
  region size 1024K, 418 young (428032K), 37 survivors (37888K)
 Metaspace       used 112076K, committed 113536K, reserved 1179648K
  class space    used 12510K, committed 13184K, reserved 1048576K
}
Event: 1313.270 GC heap after
{Heap after GC invocations=149 (full 2):
 garbage-first heap   total 746496K, used 303930K [0x0000000084800000, 0x0000000100000000)
  region size 1024K, 37 young (37888K), 37 survivors (37888K)
 Metaspace       used 112076K, committed 113536K, reserved 1179648K
  class space    used 12510K, committed 13184K, reserved 1048576K
}
Event: 1313.628 GC heap before
{Heap before GC invocations=149 (full 2):
 garbage-first heap   total 746496K, used 670522K [0x0000000084800000, 0x0000000100000000)
  region size 1024K, 395 young (404480K), 37 survivors (37888K)
 Metaspace       used 112111K, committed 113600K, reserved 1179648K
  class space    used 12511K, committed 13184K, reserved 1048576K
}
Event: 1313.653 GC heap after
{Heap after GC invocations=150 (full 2):
 garbage-first heap   total 746496K, used 306637K [0x0000000084800000, 0x0000000100000000)
  region size 1024K, 29 young (29696K), 29 survivors (29696K)
 Metaspace       used 112111K, committed 113600K, reserved 1179648K
  class space    used 12511K, committed 13184K, reserved 1048576K
}
Event: 1313.903 GC heap before
{Heap before GC invocations=150 (full 2):
 garbage-first heap   total 746496K, used 678349K [0x0000000084800000, 0x0000000100000000)
  region size 1024K, 392 young (401408K), 29 survivors (29696K)
 Metaspace       used 112112K, committed 113600K, reserved 1179648K
  class space    used 12511K, committed 13184K, reserved 1048576K
}
Event: 1313.921 GC heap after
{Heap after GC invocations=151 (full 2):
 garbage-first heap   total 829440K, used 312345K [0x0000000084800000, 0x0000000100000000)
  region size 1024K, 22 young (22528K), 22 survivors (22528K)
 Metaspace       used 112112K, committed 113600K, reserved 1179648K
  class space    used 12511K, committed 13184K, reserved 1048576K
}
Event: 1314.280 GC heap before
{Heap before GC invocations=152 (full 2):
 garbage-first heap   total 829440K, used 744473K [0x0000000084800000, 0x0000000100000000)
  region size 1024K, 463 young (474112K), 22 survivors (22528K)
 Metaspace       used 112112K, committed 113600K, reserved 1179648K
  class space    used 12511K, committed 13184K, reserved 1048576K
}
Event: 1314.295 GC heap after
{Heap after GC invocations=153 (full 2):
 garbage-first heap   total 829440K, used 294937K [0x0000000084800000, 0x0000000100000000)
  region size 1024K, 24 young (24576K), 24 survivors (24576K)
 Metaspace       used 112112K, committed 113600K, reserved 1179648K
  class space    used 12511K, committed 13184K, reserved 1048576K
}
Event: 1314.596 GC heap before
{Heap before GC invocations=153 (full 2):
 garbage-first heap   total 829440K, used 761881K [0x0000000084800000, 0x0000000100000000)
  region size 1024K, 480 young (491520K), 24 survivors (24576K)
 Metaspace       used 112112K, committed 113600K, reserved 1179648K
  class space    used 12511K, committed 13184K, reserved 1048576K
}
Event: 1314.613 GC heap after
{Heap after GC invocations=154 (full 2):
 garbage-first heap   total 829440K, used 291431K [0x0000000084800000, 0x0000000100000000)
  region size 1024K, 25 young (25600K), 25 survivors (25600K)
 Metaspace       used 112112K, committed 113600K, reserved 1179648K
  class space    used 12511K, committed 13184K, reserved 1048576K
}
Event: 1314.933 GC heap before
{Heap before GC invocations=154 (full 2):
 garbage-first heap   total 829440K, used 761447K [0x0000000084800000, 0x0000000100000000)
  region size 1024K, 484 young (495616K), 25 survivors (25600K)
 Metaspace       used 112112K, committed 113600K, reserved 1179648K
  class space    used 12511K, committed 13184K, reserved 1048576K
}
Event: 1314.951 GC heap after
{Heap after GC invocations=155 (full 2):
 garbage-first heap   total 829440K, used 295527K [0x0000000084800000, 0x0000000100000000)
  region size 1024K, 29 young (29696K), 29 survivors (29696K)
 Metaspace       used 112112K, committed 113600K, reserved 1179648K
  class space    used 12511K, committed 13184K, reserved 1048576K
}
Event: 1315.338 GC heap before
{Heap before GC invocations=156 (full 2):
 garbage-first heap   total 829440K, used 757351K [0x0000000084800000, 0x0000000100000000)
  region size 1024K, 480 young (491520K), 29 survivors (29696K)
 Metaspace       used 112112K, committed 113600K, reserved 1179648K
  class space    used 12511K, committed 13184K, reserved 1048576K
}
Event: 1315.355 GC heap after
{Heap after GC invocations=157 (full 2):
 garbage-first heap   total 829440K, used 298599K [0x0000000084800000, 0x0000000100000000)
  region size 1024K, 32 young (32768K), 32 survivors (32768K)
 Metaspace       used 112112K, committed 113600K, reserved 1179648K
  class space    used 12511K, committed 13184K, reserved 1048576K
}
Event: 1315.799 GC heap before
{Heap before GC invocations=157 (full 2):
 garbage-first heap   total 829440K, used 754279K [0x0000000084800000, 0x0000000100000000)
  region size 1024K, 477 young (488448K), 32 survivors (32768K)
 Metaspace       used 112112K, committed 113600K, reserved 1179648K
  class space    used 12511K, committed 13184K, reserved 1048576K
}
Event: 1315.818 GC heap after
{Heap after GC invocations=158 (full 2):
 garbage-first heap   total 829440K, used 297421K [0x0000000084800000, 0x0000000100000000)
  region size 1024K, 26 young (26624K), 26 survivors (26624K)
 Metaspace       used 112112K, committed 113600K, reserved 1179648K
  class space    used 12511K, committed 13184K, reserved 1048576K
}
Event: 1316.268 GC heap before
{Heap before GC invocations=158 (full 2):
 garbage-first heap   total 829440K, used 760269K [0x0000000084800000, 0x0000000100000000)
  region size 1024K, 478 young (489472K), 26 survivors (26624K)
 Metaspace       used 112114K, committed 113600K, reserved 1179648K
  class space    used 12511K, committed 13184K, reserved 1048576K
}
Event: 1316.279 GC heap after
{Heap after GC invocations=159 (full 2):
 garbage-first heap   total 829440K, used 298445K [0x0000000084800000, 0x0000000100000000)
  region size 1024K, 27 young (27648K), 27 survivors (27648K)
 Metaspace       used 112114K, committed 113600K, reserved 1179648K
  class space    used 12511K, committed 13184K, reserved 1048576K
}

Dll operation events (20 events):
Event: 0.032 Loaded shared library C:\Program Files\STMicroelectronics\STM32Cube\STM32CubeMX\jre\bin\jsvml.dll
Event: 0.069 Loaded shared library C:\Program Files\STMicroelectronics\STM32Cube\STM32CubeMX\jre\bin\net.dll
Event: 0.070 Loaded shared library C:\Program Files\STMicroelectronics\STM32Cube\STM32CubeMX\jre\bin\nio.dll
Event: 0.091 Loaded shared library C:\Program Files\STMicroelectronics\STM32Cube\STM32CubeMX\jre\bin\zip.dll
Event: 0.115 Loaded shared library C:\Program Files\STMicroelectronics\STM32Cube\STM32CubeMX\jre\bin\jimage.dll
Event: 0.246 Loaded shared library C:\Program Files\STMicroelectronics\STM32Cube\STM32CubeMX\jre\bin\management.dll
Event: 0.250 Loaded shared library C:\Program Files\STMicroelectronics\STM32Cube\STM32CubeMX\jre\bin\management_ext.dll
Event: 0.616 Loaded shared library C:\Program Files\STMicroelectronics\STM32Cube\STM32CubeMX\jre\bin\awt.dll
Event: 0.780 Loaded shared library C:\Program Files\STMicroelectronics\STM32Cube\STM32CubeMX\jre\bin\freetype.dll
Event: 0.781 Loaded shared library C:\Program Files\STMicroelectronics\STM32Cube\STM32CubeMX\jre\bin\fontmanager.dll
Event: 0.880 Loaded shared library C:\Program Files\STMicroelectronics\STM32Cube\STM32CubeMX\jre\bin\verify.dll
Event: 0.968 Loaded shared library C:\Program Files\STMicroelectronics\STM32Cube\STM32CubeMX\jre\bin\prefs.dll
Event: 1.052 Loaded shared library C:\Users\abina\AppData\Local\Temp\jna-92605467\jna9924882193413878403.dll
Event: 3.651 Loaded shared library C:\Program Files\STMicroelectronics\STM32Cube\STM32CubeMX\jre\bin\sunmscapi.dll
Event: 3.964 Loaded shared library C:\Program Files\STMicroelectronics\STM32Cube\STM32CubeMX\jre\bin\extnet.dll
Event: 4.406 Loaded shared library C:\Program Files\STMicroelectronics\STM32Cube\STM32CubeMX\jre\bin\javajpeg.dll
Event: 5.462 Loaded shared library C:\Users\abina\.stm32cubemx\.jxbrowser-8.11.0\Chromium\toolkit64.dll
Event: 5.810 Loaded shared library C:\Users\abina\.stm32cubemx\.jxbrowser-8.11.0\Chromium\ipc64.dll
Event: 12.246 Loaded shared library C:\Users\abina\AppData\Local\Temp\sqlite-3.49.1.0-c76ca57f-a934-4334-9eb2-6c8e9bdf5451-sqlitejdbc.dll
Event: 199.430 Loaded shared library C:\Program Files\STMicroelectronics\STM32Cube\STM32CubeMX\jre\bin\rmi.dll

Deoptimization events (20 events):
Event: 1314.488 Thread 0x000002448fa76b70 DEOPT PACKING pc=0x00000244802f244d sp=0x000000e4ce7fdb60
Event: 1314.488 Thread 0x000002448fa76b70 DEOPT UNPACKING pc=0x0000024487584e42 sp=0x000000e4ce7fd198 mode 0
Event: 1314.489 Thread 0x000002448fa76b70 DEOPT PACKING pc=0x00000244802f244d sp=0x000000e4ce7fdb60
Event: 1314.489 Thread 0x000002448fa76b70 DEOPT UNPACKING pc=0x0000024487584e42 sp=0x000000e4ce7fd198 mode 0
Event: 1314.490 Thread 0x000002448fa76b70 DEOPT PACKING pc=0x00000244802f244d sp=0x000000e4ce7fdb60
Event: 1314.490 Thread 0x000002448fa76b70 DEOPT UNPACKING pc=0x0000024487584e42 sp=0x000000e4ce7fd198 mode 0
Event: 1314.491 Thread 0x000002448fa76b70 DEOPT PACKING pc=0x00000244802f244d sp=0x000000e4ce7fdb60
Event: 1314.491 Thread 0x000002448fa76b70 DEOPT UNPACKING pc=0x0000024487584e42 sp=0x000000e4ce7fd198 mode 0
Event: 1314.492 Thread 0x000002448fa76b70 DEOPT PACKING pc=0x00000244802f244d sp=0x000000e4ce7fdb60
Event: 1314.492 Thread 0x000002448fa76b70 DEOPT UNPACKING pc=0x0000024487584e42 sp=0x000000e4ce7fd198 mode 0
Event: 1314.493 Thread 0x000002448fa76b70 DEOPT PACKING pc=0x00000244802f244d sp=0x000000e4ce7fdb60
Event: 1314.493 Thread 0x000002448fa76b70 DEOPT UNPACKING pc=0x0000024487584e42 sp=0x000000e4ce7fd198 mode 0
Event: 1314.493 Thread 0x000002448fa76b70 DEOPT PACKING pc=0x00000244802f244d sp=0x000000e4ce7fdb60
Event: 1314.493 Thread 0x000002448fa76b70 DEOPT UNPACKING pc=0x0000024487584e42 sp=0x000000e4ce7fd198 mode 0
Event: 1314.494 Thread 0x000002448fa76b70 DEOPT PACKING pc=0x00000244802f244d sp=0x000000e4ce7fdb60
Event: 1314.494 Thread 0x000002448fa76b70 DEOPT UNPACKING pc=0x0000024487584e42 sp=0x000000e4ce7fd198 mode 0
Event: 1314.495 Thread 0x000002448fa76b70 DEOPT PACKING pc=0x00000244802f244d sp=0x000000e4ce7fdb60
Event: 1314.495 Thread 0x000002448fa76b70 DEOPT UNPACKING pc=0x0000024487584e42 sp=0x000000e4ce7fd198 mode 0
Event: 1314.496 Thread 0x000002448fa76b70 DEOPT PACKING pc=0x00000244802f244d sp=0x000000e4ce7fdb60
Event: 1314.496 Thread 0x000002448fa76b70 DEOPT UNPACKING pc=0x0000024487584e42 sp=0x000000e4ce7fd198 mode 0

Classes loaded (20 events):
Event: 1236.791 Loading class java/beans/Statement$1
Event: 1236.791 Loading class java/beans/ExceptionListener
Event: 1236.791 Loading class java/beans/ExceptionListener done
Event: 1236.791 Loading class java/beans/Statement$1 done
Event: 1236.919 Loading class javax/swing/JTable$DropLocation
Event: 1236.920 Loading class javax/swing/TransferHandler$DropLocation
Event: 1236.920 Loading class javax/swing/TransferHandler$DropLocation done
Event: 1236.920 Loading class javax/swing/JTable$DropLocation done
Event: 1236.920 Loading class javax/swing/plaf/basic/BasicTableUI$Actions
Event: 1236.921 Loading class javax/swing/plaf/basic/BasicTableUI$Actions done
Event: 1237.006 Loading class java/awt/ColorPaintContext
Event: 1237.007 Loading class java/awt/ColorPaintContext done
Event: 1237.012 Loading class java/awt/Component$2
Event: 1237.013 Loading class java/awt/Component$2 done
Event: 1240.390 Loading class javax/swing/JTable$PrintMode
Event: 1240.392 Loading class javax/swing/JTable$PrintMode done
Event: 1287.803 Loading class java/awt/Event
Event: 1287.810 Loading class java/awt/Event done
Event: 1287.915 Loading class javax/swing/JViewport$1
Event: 1287.916 Loading class javax/swing/JViewport$1 done

Classes unloaded (20 events):
Event: 1240.135 Thread 0x00000244f7169410 Unloading class 0x0000000100c98240 'com/st/stm32cube/ide/common/services/mx/jar/core/mx/plugin/PlugInInstaller$PlugInRoot'
Event: 1240.135 Thread 0x00000244f7169410 Unloading class 0x0000000100c98000 'com/st/stm32cube/ide/common/services/mx/jar/core/mx/plugin/PlugInInstaller'
Event: 1240.135 Thread 0x00000244f7169410 Unloading class 0x0000000100c97cd8 'com/st/stm32cube/ide/common/services/mx/jar/core/mx/plugin/PlugIn'
Event: 1240.135 Thread 0x00000244f7169410 Unloading class 0x0000000100c97a00 'com/st/stm32cube/ide/common/services/mx/jar/core/mx/plugin/PlugInAbstract'
Event: 1240.135 Thread 0x00000244f7169410 Unloading class 0x0000000100c97800 'com/st/stm32cube/ide/common/services/mx/jar/core/mx/plugin/PlugInInterface'
Event: 1308.170 Thread 0x00000244f7169410 Unloading class 0x0000000100d007f8 'com/st/stm32cube/ide/common/services/mx/jar/core/mx/plugin/PlugInInstaller$PlugInRoot'
Event: 1308.170 Thread 0x00000244f7169410 Unloading class 0x0000000100d005b8 'com/st/stm32cube/ide/common/services/mx/jar/core/mx/plugin/PlugInInstaller'
Event: 1308.170 Thread 0x00000244f7169410 Unloading class 0x0000000100d002d8 'com/st/stm32cube/ide/common/services/mx/jar/core/mx/plugin/PlugIn'
Event: 1308.170 Thread 0x00000244f7169410 Unloading class 0x0000000100d00000 'com/st/stm32cube/ide/common/services/mx/jar/core/mx/plugin/PlugInAbstract'
Event: 1308.170 Thread 0x00000244f7169410 Unloading class 0x0000000100cb9c00 'com/st/stm32cube/ide/common/services/mx/jar/core/mx/plugin/PlugInInterface'
Event: 1308.170 Thread 0x00000244f7169410 Unloading class 0x0000000100c9e7f8 'com/st/stm32cube/ide/common/services/mx/jar/core/mx/plugin/PlugInInstaller$PlugInRoot'
Event: 1308.170 Thread 0x00000244f7169410 Unloading class 0x0000000100c9e5b8 'com/st/stm32cube/ide/common/services/mx/jar/core/mx/plugin/PlugInInstaller'
Event: 1308.170 Thread 0x00000244f7169410 Unloading class 0x0000000100c9e2d8 'com/st/stm32cube/ide/common/services/mx/jar/core/mx/plugin/PlugIn'
Event: 1308.170 Thread 0x00000244f7169410 Unloading class 0x0000000100c9e000 'com/st/stm32cube/ide/common/services/mx/jar/core/mx/plugin/PlugInAbstract'
Event: 1308.170 Thread 0x00000244f7169410 Unloading class 0x0000000100c97c00 'com/st/stm32cube/ide/common/services/mx/jar/core/mx/plugin/PlugInInterface'
Event: 1316.377 Thread 0x00000244f7169410 Unloading class 0x0000000100c9e7f8 'com/st/stm32cube/ide/common/services/mx/jar/core/mx/plugin/PlugInInstaller$PlugInRoot'
Event: 1316.377 Thread 0x00000244f7169410 Unloading class 0x0000000100c9e5b8 'com/st/stm32cube/ide/common/services/mx/jar/core/mx/plugin/PlugInInstaller'
Event: 1316.377 Thread 0x00000244f7169410 Unloading class 0x0000000100c9e2d8 'com/st/stm32cube/ide/common/services/mx/jar/core/mx/plugin/PlugIn'
Event: 1316.377 Thread 0x00000244f7169410 Unloading class 0x0000000100c9e000 'com/st/stm32cube/ide/common/services/mx/jar/core/mx/plugin/PlugInAbstract'
Event: 1316.377 Thread 0x00000244f7169410 Unloading class 0x0000000100c97c00 'com/st/stm32cube/ide/common/services/mx/jar/core/mx/plugin/PlugInInterface'

Classes redefined (0 events):
No events

Internal exceptions (20 events):
Event: 1313.046 Thread 0x000002448f5238d0 Exception <a 'java/io/IOException'{0x000000009ec2f7e0}> (0x000000009ec2f7e0) 
thrown [s\src\hotspot\share\prims\jni.cpp, line 520]
Event: 1313.046 Thread 0x000002448f5238d0 Exception <a 'java/io/IOException'{0x000000009ec9d6f8}> (0x000000009ec9d6f8) 
thrown [s\src\hotspot\share\prims\jni.cpp, line 520]
Event: 1313.046 Thread 0x000002448f5238d0 Exception <a 'java/io/IOException'{0x000000009ec9dcc0}> (0x000000009ec9dcc0) 
thrown [s\src\hotspot\share\prims\jni.cpp, line 520]
Event: 1313.046 Thread 0x000002448f5238d0 Exception <a 'java/io/IOException'{0x000000009eb0ca70}> (0x000000009eb0ca70) 
thrown [s\src\hotspot\share\prims\jni.cpp, line 520]
Event: 1313.046 Thread 0x000002448f5238d0 Exception <a 'java/io/IOException'{0x000000009eb0d038}> (0x000000009eb0d038) 
thrown [s\src\hotspot\share\prims\jni.cpp, line 520]
Event: 1313.193 Thread 0x000002448f5238d0 Exception <a 'java/io/FileNotFoundException'{0x0000000099eba190}> (0x0000000099eba190) 
thrown [s\src\hotspot\share\prims\jni.cpp, line 520]
Event: 1313.194 Thread 0x000002448f5238d0 Exception <a 'java/io/IOException'{0x0000000099ecd920}> (0x0000000099ecd920) 
thrown [s\src\hotspot\share\prims\jni.cpp, line 520]
Event: 1313.194 Thread 0x000002448f5238d0 Exception <a 'java/io/IOException'{0x0000000099ecdee8}> (0x0000000099ecdee8) 
thrown [s\src\hotspot\share\prims\jni.cpp, line 520]
Event: 1313.194 Thread 0x000002448f5238d0 Exception <a 'java/io/IOException'{0x0000000099eced10}> (0x0000000099eced10) 
thrown [s\src\hotspot\share\prims\jni.cpp, line 520]
Event: 1313.194 Thread 0x000002448f5238d0 Exception <a 'java/io/IOException'{0x0000000099ecf2d8}> (0x0000000099ecf2d8) 
thrown [s\src\hotspot\share\prims\jni.cpp, line 520]
Event: 1313.204 Thread 0x000002448f5238d0 Exception <a 'java/io/IOException'{0x0000000099dd9e10}> (0x0000000099dd9e10) 
thrown [s\src\hotspot\share\prims\jni.cpp, line 520]
Event: 1313.204 Thread 0x000002448f5238d0 Exception <a 'java/io/IOException'{0x0000000099dda3d8}> (0x0000000099dda3d8) 
thrown [s\src\hotspot\share\prims\jni.cpp, line 520]
Event: 1313.204 Thread 0x000002448f5238d0 Exception <a 'java/io/IOException'{0x0000000099ddb228}> (0x0000000099ddb228) 
thrown [s\src\hotspot\share\prims\jni.cpp, line 520]
Event: 1313.204 Thread 0x000002448f5238d0 Exception <a 'java/io/IOException'{0x0000000099ddb7f0}> (0x0000000099ddb7f0) 
thrown [s\src\hotspot\share\prims\jni.cpp, line 520]
Event: 1313.382 Thread 0x00000244fc3260a0 Exception <a 'java/io/IOException'{0x00000000af0e4998}> (0x00000000af0e4998) 
thrown [s\src\hotspot\share\prims\jni.cpp, line 520]
Event: 1313.382 Thread 0x00000244fc3260a0 Exception <a 'java/io/IOException'{0x00000000af0e54c0}> (0x00000000af0e54c0) 
thrown [s\src\hotspot\share\prims\jni.cpp, line 520]
Event: 1313.391 Thread 0x000002448fa76b70 Exception <a 'java/io/IOException'{0x00000000aef63c40}> (0x00000000aef63c40) 
thrown [s\src\hotspot\share\prims\jni.cpp, line 520]
Event: 1313.391 Thread 0x000002448fa76b70 Exception <a 'java/io/IOException'{0x00000000aef64208}> (0x00000000aef64208) 
thrown [s\src\hotspot\share\prims\jni.cpp, line 520]
Event: 1316.220 Thread 0x000002448fa76b70 Exception <a 'java/io/IOException'{0x000000009d9aaa20}> (0x000000009d9aaa20) 
thrown [s\src\hotspot\share\prims\jni.cpp, line 520]
Event: 1316.220 Thread 0x000002448fa76b70 Exception <a 'java/io/IOException'{0x000000009d9aafe8}> (0x000000009d9aafe8) 
thrown [s\src\hotspot\share\prims\jni.cpp, line 520]

ZGC Phase Switch (0 events):
No events

VM Operations (20 events):
Event: 1314.280 Executing VM operation: G1CollectForAllocation (G1 Evacuation Pause)
Event: 1314.295 Executing VM operation: G1CollectForAllocation (G1 Evacuation Pause) done
Event: 1314.596 Executing VM operation: G1CollectForAllocation (G1 Evacuation Pause)
Event: 1314.613 Executing VM operation: G1CollectForAllocation (G1 Evacuation Pause) done
Event: 1314.933 Executing VM operation: G1CollectForAllocation (G1 Evacuation Pause)
Event: 1314.951 Executing VM operation: G1CollectForAllocation (G1 Evacuation Pause) done
Event: 1315.051 Executing VM operation: G1PauseRemark
Event: 1315.056 Executing VM operation: G1PauseRemark done
Event: 1315.097 Executing VM operation: G1PauseCleanup
Event: 1315.097 Executing VM operation: G1PauseCleanup done
Event: 1315.338 Executing VM operation: G1CollectForAllocation (G1 Evacuation Pause)
Event: 1315.355 Executing VM operation: G1CollectForAllocation (G1 Evacuation Pause) done
Event: 1315.799 Executing VM operation: G1CollectForAllocation (G1 Evacuation Pause)
Event: 1315.818 Executing VM operation: G1CollectForAllocation (G1 Evacuation Pause) done
Event: 1316.268 Executing VM operation: G1CollectForAllocation (G1 Evacuation Pause)
Event: 1316.280 Executing VM operation: G1CollectForAllocation (G1 Evacuation Pause) done
Event: 1316.376 Executing VM operation: G1PauseRemark
Event: 1316.393 Executing VM operation: G1PauseRemark done
Event: 1316.435 Executing VM operation: G1PauseCleanup
Event: 1316.435 Executing VM operation: G1PauseCleanup done

Memory protections (0 events):
No events

Nmethod flushes (20 events):
Event: 1316.392 Thread 0x00000244f7169410 flushing  nmethod 0x0000024480c30010
Event: 1316.392 Thread 0x00000244f7169410 flushing  nmethod 0x0000024480c30710
Event: 1316.392 Thread 0x00000244f7169410 flushing  nmethod 0x0000024480c5c510
Event: 1316.392 Thread 0x00000244f7169410 flushing  nmethod 0x0000024480c5c890
Event: 1316.392 Thread 0x00000244f7169410 flushing  nmethod 0x0000024480c5cc10
Event: 1316.392 Thread 0x00000244f7169410 flushing  nmethod 0x0000024480c5cf90
Event: 1316.392 Thread 0x00000244f7169410 flushing  nmethod 0x0000024480c6f110
Event: 1316.392 Thread 0x00000244f7169410 flushing  nmethod 0x0000024480c6ff90
Event: 1316.392 Thread 0x00000244f7169410 flushing  nmethod 0x0000024480c73010
Event: 1316.392 Thread 0x00000244f7169410 flushing  nmethod 0x0000024480c97e10
Event: 1316.392 Thread 0x00000244f7169410 flushing  nmethod 0x0000024480c99610
Event: 1316.392 Thread 0x00000244f7169410 flushing  nmethod 0x0000024480ca8410
Event: 1316.392 Thread 0x00000244f7169410 flushing  nmethod 0x0000024480ca8b10
Event: 1316.392 Thread 0x00000244f7169410 flushing  nmethod 0x0000024480ca9b90
Event: 1316.392 Thread 0x00000244f7169410 flushing  nmethod 0x0000024480cad390
Event: 1316.392 Thread 0x00000244f7169410 flushing  nmethod 0x000002448107d310
Event: 1316.392 Thread 0x00000244f7169410 flushing  nmethod 0x000002448107dc10
Event: 1316.392 Thread 0x00000244f7169410 flushing  nmethod 0x000002448107fd10
Event: 1316.392 Thread 0x00000244f7169410 flushing osr nmethod 0x00000244816ac790
Event: 1316.392 Thread 0x00000244f7169410 flushing  nmethod 0x000002448171b990

Events (20 events):
Event: 1316.198 Thread 0x000002448fa76b70 Thread added: 0x0000024495f78be0
Event: 1316.198 Thread 0x0000024495f78be0 Thread exited: 0x0000024495f78be0
Event: 1316.199 Thread 0x000002448fa76b70 Thread added: 0x0000024495f7a620
Event: 1316.199 Thread 0x0000024495f7a620 Thread exited: 0x0000024495f7a620
Event: 1316.199 Thread 0x000002448fa76b70 Thread added: 0x0000024495f7c060
Event: 1316.199 Thread 0x0000024495f7c060 Thread exited: 0x0000024495f7c060
Event: 1316.199 Thread 0x000002448fa76b70 Thread added: 0x0000024495f78be0
Event: 1316.199 Thread 0x0000024495f78be0 Thread exited: 0x0000024495f78be0
Event: 1316.199 Thread 0x000002448fa76b70 Thread added: 0x0000024495f7c060
Event: 1316.200 Thread 0x0000024495f7c060 Thread exited: 0x0000024495f7c060
Event: 1316.200 Thread 0x000002448fa76b70 Thread added: 0x0000024495f79f90
Event: 1316.200 Thread 0x0000024495f79f90 Thread exited: 0x0000024495f79f90
Event: 1316.200 Thread 0x000002448fa76b70 Thread added: 0x0000024495f7a620
Event: 1316.200 Thread 0x0000024495f7a620 Thread exited: 0x0000024495f7a620
Event: 1316.200 Thread 0x000002448fa76b70 Thread added: 0x0000024495f7acb0
Event: 1316.201 Thread 0x0000024495f7acb0 Thread exited: 0x0000024495f7acb0
Event: 1316.205 Thread 0x000002448fa76b70 Thread added: 0x000002448f523f60
Event: 1316.206 Thread 0x000002448f523f60 Thread exited: 0x000002448f523f60
Event: 1316.206 Thread 0x000002448fa76b70 Thread added: 0x000002448f522bb0
Event: 1316.206 Thread 0x000002448f522bb0 Thread exited: 0x000002448f522bb0


Dynamic libraries:
0x00007ff70a350000 - 0x00007ff70a35e000 	C:\Program Files\STMicroelectronics\STM32Cube\STM32CubeMX\jre\bin\javaw.exe
0x00007ffbd9de0000 - 0x00007ffbda047000 	C:\WINDOWS\SYSTEM32\ntdll.dll
0x00007ffbd8950000 - 0x00007ffbd8a19000 	C:\WINDOWS\System32\KERNEL32.DLL
0x00007ffbd7260000 - 0x00007ffbd7651000 	C:\WINDOWS\System32\KERNELBASE.dll
0x00007ffbd0b30000 - 0x00007ffbd0bcf000 	C:\WINDOWS\SYSTEM32\apphelp.dll
0x00007ffbd7110000 - 0x00007ffbd725b000 	C:\WINDOWS\System32\ucrtbase.dll
0x00007ffbce1d0000 - 0x00007ffbce1ee000 	C:\Program Files\STMicroelectronics\STM32Cube\STM32CubeMX\jre\bin\VCRUNTIME140.dll
0x00007ffbbe1f0000 - 0x00007ffbbe208000 	C:\Program Files\STMicroelectronics\STM32Cube\STM32CubeMX\jre\bin\jli.dll
0x00007ffbd9bd0000 - 0x00007ffbd9d95000 	C:\WINDOWS\System32\USER32.dll
0x00007ffbbad40000 - 0x00007ffbbafd3000 	C:\WINDOWS\WinSxS\amd64_microsoft.windows.common-controls_6595b64144ccf1df_6.0.26100.8037_none_3e092faae333b53b\COMCTL32.dll
0x00007ffbd7920000 - 0x00007ffbd7947000 	C:\WINDOWS\System32\win32u.dll
0x00007ffbd7d60000 - 0x00007ffbd7e09000 	C:\WINDOWS\System32\msvcrt.dll
0x00007ffbd99f0000 - 0x00007ffbd9a1b000 	C:\WINDOWS\System32\GDI32.dll
0x00007ffbd6f30000 - 0x00007ffbd705b000 	C:\WINDOWS\System32\gdi32full.dll
0x00007ffbd7060000 - 0x00007ffbd7103000 	C:\WINDOWS\System32\msvcp_win.dll
0x00007ffbd94a0000 - 0x00007ffbd94d1000 	C:\WINDOWS\System32\IMM32.DLL
0x00007ffbce110000 - 0x00007ffbce11c000 	C:\Program Files\STMicroelectronics\STM32Cube\STM32CubeMX\jre\bin\vcruntime140_1.dll
0x00007ffba0b20000 - 0x00007ffba0bad000 	C:\Program Files\STMicroelectronics\STM32Cube\STM32CubeMX\jre\bin\msvcp140.dll
0x00007ffb5aa70000 - 0x00007ffb5b807000 	C:\Program Files\STMicroelectronics\STM32Cube\STM32CubeMX\jre\bin\server\jvm.dll
0x00007ffbd9b00000 - 0x00007ffbd9bbb000 	C:\WINDOWS\System32\ADVAPI32.dll
0x00007ffbd8480000 - 0x00007ffbd8527000 	C:\WINDOWS\System32\sechost.dll
0x00007ffbd8790000 - 0x00007ffbd88a8000 	C:\WINDOWS\System32\RPCRT4.dll
0x00007ffbd9a70000 - 0x00007ffbd9ae4000 	C:\WINDOWS\System32\WS2_32.dll
0x00007ffbd13e0000 - 0x00007ffbd1415000 	C:\WINDOWS\SYSTEM32\WINMM.dll
0x00007ffbc43b0000 - 0x00007ffbc43bb000 	C:\WINDOWS\SYSTEM32\VERSION.dll
0x00007ffbd6540000 - 0x00007ffbd659e000 	C:\WINDOWS\SYSTEM32\POWRPROF.dll
0x00007ffbd6520000 - 0x00007ffbd6534000 	C:\WINDOWS\SYSTEM32\UMPDC.dll
0x00007ffbd5450000 - 0x00007ffbd546b000 	C:\WINDOWS\SYSTEM32\kernel.appcore.dll
0x00007ffbbe070000 - 0x00007ffbbe07a000 	C:\Program Files\STMicroelectronics\STM32Cube\STM32CubeMX\jre\bin\jimage.dll
0x00007ffbd47b0000 - 0x00007ffbd49f2000 	C:\WINDOWS\SYSTEM32\DBGHELP.DLL
0x00007ffbd94f0000 - 0x00007ffbd9872000 	C:\WINDOWS\System32\combase.dll
0x00007ffbd9220000 - 0x00007ffbd92f7000 	C:\WINDOWS\System32\OLEAUT32.dll
0x00007ffbb5db0000 - 0x00007ffbb5deb000 	C:\WINDOWS\SYSTEM32\dbgcore.DLL
0x00007ffbd76f0000 - 0x00007ffbd7795000 	C:\WINDOWS\System32\bcryptPrimitives.dll
0x00007ffbbd6d0000 - 0x00007ffbbd6ef000 	C:\Program Files\STMicroelectronics\STM32Cube\STM32CubeMX\jre\bin\java.dll
0x00007ffbd8a20000 - 0x00007ffbd917f000 	C:\WINDOWS\System32\SHELL32.dll
0x00007ffbd7a10000 - 0x00007ffbd7b7a000 	C:\WINDOWS\System32\wintypes.dll
0x00007ffbd66c0000 - 0x00007ffbd6f24000 	C:\WINDOWS\System32\windows.storage.dll
0x00007ffbd9880000 - 0x00007ffbd9977000 	C:\WINDOWS\System32\SHCORE.dll
0x00007ffbd9980000 - 0x00007ffbd99e7000 	C:\WINDOWS\System32\shlwapi.dll
0x00007ffbd65e0000 - 0x00007ffbd6609000 	C:\WINDOWS\SYSTEM32\profapi.dll
0x00007ffb9fa70000 - 0x00007ffb9fb47000 	C:\Program Files\STMicroelectronics\STM32Cube\STM32CubeMX\jre\bin\jsvml.dll
0x00007ffbbd9a0000 - 0x00007ffbbd9b0000 	C:\Program Files\STMicroelectronics\STM32Cube\STM32CubeMX\jre\bin\net.dll
0x00007ffbcd160000 - 0x00007ffbcd287000 	C:\WINDOWS\SYSTEM32\WINHTTP.dll
0x00007ffbd59c0000 - 0x00007ffbd5a2b000 	C:\WINDOWS\system32\mswsock.dll
0x00007ffbbd6b0000 - 0x00007ffbbd6c6000 	C:\Program Files\STMicroelectronics\STM32Cube\STM32CubeMX\jre\bin\nio.dll
0x00007ffbb1600000 - 0x00007ffbb1618000 	C:\Program Files\STMicroelectronics\STM32Cube\STM32CubeMX\jre\bin\zip.dll
0x00007ffbbd970000 - 0x00007ffbbd97a000 	C:\Program Files\STMicroelectronics\STM32Cube\STM32CubeMX\jre\bin\management.dll
0x00007ffbbd930000 - 0x00007ffbbd93b000 	C:\Program Files\STMicroelectronics\STM32Cube\STM32CubeMX\jre\bin\management_ext.dll
0x00007ffbd8940000 - 0x00007ffbd8948000 	C:\WINDOWS\System32\PSAPI.DLL
0x00007ffbab820000 - 0x00007ffbab838000 	C:\WINDOWS\system32\napinsp.dll
0x00007ffbd4f00000 - 0x00007ffbd502a000 	C:\WINDOWS\SYSTEM32\DNSAPI.dll
0x00007ffbd4e10000 - 0x00007ffbd4e43000 	C:\WINDOWS\SYSTEM32\IPHLPAPI.DLL
0x00007ffbd9bc0000 - 0x00007ffbd9bca000 	C:\WINDOWS\System32\NSI.dll
0x00007ffbab800000 - 0x00007ffbab812000 	C:\WINDOWS\System32\winrnr.dll
0x00007ffbab7d0000 - 0x00007ffbab7f2000 	C:\WINDOWS\system32\nlansp_c.dll
0x00007ffbab7b0000 - 0x00007ffbab7c6000 	C:\WINDOWS\system32\wshbth.dll
0x00007ffbcc540000 - 0x00007ffbcc54b000 	C:\Windows\System32\rasadhlp.dll
0x00007ffbce520000 - 0x00007ffbce5a6000 	C:\WINDOWS\System32\fwpuclnt.dll
0x00007ffb7f4e0000 - 0x00007ffb7f66e000 	C:\Program Files\STMicroelectronics\STM32Cube\STM32CubeMX\jre\bin\awt.dll
0x00007ffbd5ca0000 - 0x00007ffbd5cbb000 	C:\WINDOWS\SYSTEM32\CRYPTSP.dll
0x00007ffbd53b0000 - 0x00007ffbd53e9000 	C:\WINDOWS\system32\rsaenh.dll
0x00007ffbd5a70000 - 0x00007ffbd5aa2000 	C:\WINDOWS\SYSTEM32\USERENV.dll
0x00007ffbd65b0000 - 0x00007ffbd65da000 	C:\WINDOWS\SYSTEM32\bcrypt.dll
0x00007ffbd5cc0000 - 0x00007ffbd5ccc000 	C:\WINDOWS\SYSTEM32\CRYPTBASE.dll
0x00007ffbd0d70000 - 0x00007ffbd0e1a000 	C:\WINDOWS\system32\uxtheme.dll
0x00007ffbd8320000 - 0x00007ffbd847d000 	C:\WINDOWS\System32\MSCTF.dll
0x00007ffbd9300000 - 0x00007ffbd9495000 	C:\WINDOWS\System32\ole32.dll
0x00007ffbd1000000 - 0x00007ffbd102e000 	C:\WINDOWS\system32\DWMAPI.DLL
0x00007ffb5ca60000 - 0x00007ffb5cb6e000 	C:\WINDOWS\system32\opengl32.dll
0x00007ffba0a90000 - 0x00007ffba0abd000 	C:\WINDOWS\SYSTEM32\GLU32.dll
0x00007ffbd0e20000 - 0x00007ffbd0e63000 	C:\WINDOWS\SYSTEM32\dxcore.dll
0x00007ffba0a00000 - 0x00007ffba0a87000 	C:\Program Files\STMicroelectronics\STM32Cube\STM32CubeMX\jre\bin\freetype.dll
0x00007ffb9f980000 - 0x00007ffb9fa6b000 	C:\Program Files\STMicroelectronics\STM32Cube\STM32CubeMX\jre\bin\fontmanager.dll
0x00007ffbbd490000 - 0x00007ffbbd4a0000 	C:\Program Files\STMicroelectronics\STM32Cube\STM32CubeMX\jre\bin\verify.dll
0x00007ffbb15f0000 - 0x00007ffbb15f9000 	C:\Program Files\STMicroelectronics\STM32Cube\STM32CubeMX\jre\bin\prefs.dll
0x00007ffba44e0000 - 0x00007ffba4521000 	C:\Users\abina\AppData\Local\Temp\jna-92605467\jna9924882193413878403.dll
0x00007ffbb15c0000 - 0x00007ffbb15ce000 	C:\Program Files\STMicroelectronics\STM32Cube\STM32CubeMX\jre\bin\sunmscapi.dll
0x00007ffbd77a0000 - 0x00007ffbd7917000 	C:\WINDOWS\System32\CRYPT32.dll
0x00007ffbd5ec0000 - 0x00007ffbd5ef0000 	C:\WINDOWS\SYSTEM32\ncrypt.dll
0x00007ffbd5e70000 - 0x00007ffbd5eaf000 	C:\WINDOWS\SYSTEM32\NTASN1.dll
0x00007ffbd5d10000 - 0x00007ffbd5d23000 	C:\WINDOWS\SYSTEM32\MSASN1.dll
0x00007ffbd5a30000 - 0x00007ffbd5a60000 	C:\WINDOWS\SYSTEM32\gpapi.dll
0x00007ffbaf140000 - 0x00007ffbaf1cb000 	C:\WINDOWS\system32\ncryptprov.dll
0x00007ffbbd750000 - 0x00007ffbbd759000 	C:\Program Files\STMicroelectronics\STM32Cube\STM32CubeMX\jre\bin\extnet.dll
0x00007ffbb13a0000 - 0x00007ffbb13ce000 	C:\Program Files\STMicroelectronics\STM32Cube\STM32CubeMX\jre\bin\javajpeg.dll
0x00007ffbd8530000 - 0x00007ffbd85de000 	C:\WINDOWS\System32\clbcatq.dll
0x00007ffbced70000 - 0x00007ffbcef9d000 	C:\WINDOWS\SYSTEM32\WindowsCodecs.dll
0x00007ffb994e0000 - 0x00007ffb9953a000 	C:\WINDOWS\system32\dataexchange.dll
0x00007ffbcd490000 - 0x00007ffbcd6d4000 	C:\WINDOWS\system32\twinapi.appcore.dll
0x00007ffbac3f0000 - 0x00007ffbac538000 	C:\WINDOWS\SYSTEM32\textinputframework.dll
0x00007ffb99620000 - 0x00007ffb99696000 	C:\WINDOWS\system32\Oleacc.dll
0x00007ffbac060000 - 0x00007ffbac0be000 	C:\WINDOWS\system32\ApplicationTargetedFeatureDatabase.dll
0x00007ffb7f7b0000 - 0x00007ffb7f8a9000 	C:\Users\abina\.stm32cubemx\.jxbrowser-8.11.0\Chromium\toolkit64.dll
0x00007ffb7f6c0000 - 0x00007ffb7f7b0000 	C:\Users\abina\.stm32cubemx\.jxbrowser-8.11.0\Chromium\ipc64.dll
0x00007ffb80140000 - 0x00007ffb8023a000 	C:\Users\abina\AppData\Local\Temp\sqlite-3.49.1.0-c76ca57f-a934-4334-9eb2-6c8e9bdf5451-sqlitejdbc.dll
0x00007ffbd0650000 - 0x00007ffbd0777000 	C:\WINDOWS\SYSTEM32\CoreMessaging.dll
0x00007ffbcc550000 - 0x00007ffbcc832000 	C:\WINDOWS\SYSTEM32\CoreUIComponents.dll
0x00007ffbd5570000 - 0x00007ffbd55a6000 	C:\WINDOWS\SYSTEM32\ntmarta.dll
0x00007ffbd09f0000 - 0x00007ffbd09f7000 	C:\Program Files\STMicroelectronics\STM32Cube\STM32CubeMX\jre\bin\rmi.dll
0x00007ffbd0bf0000 - 0x00007ffbd0c19000 	C:\WINDOWS\system32\Wtsapi32.dll
0x00007ffbd56f0000 - 0x00007ffbd5739000 	C:\WINDOWS\SYSTEM32\SspiCli.dll
0x00007ffbd6470000 - 0x00007ffbd64d3000 	C:\WINDOWS\SYSTEM32\WINSTA.dll
0x00007ffbd1d70000 - 0x00007ffbd1e73000 	C:\WINDOWS\SYSTEM32\PROPSYS.dll
0x00007ffba9df0000 - 0x00007ffba9f67000 	C:\Windows\System32\Windows.System.Launcher.dll
0x00007ffbcc340000 - 0x00007ffbcc35a000 	C:\WINDOWS\SYSTEM32\windows.staterepositorycore.dll
0x00007ffbd6200000 - 0x00007ffbd6257000 	C:\WINDOWS\SYSTEM32\CFGMGR32.dll
0x00007ffbab2a0000 - 0x00007ffbab2bb000 	C:\WINDOWS\system32\NetworkExplorer.dll
0x00007ffba9c00000 - 0x00007ffba9c29000 	C:\WINDOWS\SYSTEM32\edputil.dll
0x00007ffbb1ee0000 - 0x00007ffbb1fa4000 	C:\Windows\System32\Windows.StateRepositoryPS.dll
0x00007ffbb7a90000 - 0x00007ffbb7c6d000 	C:\WINDOWS\SYSTEM32\urlmon.dll
0x00007ffbb75c0000 - 0x00007ffbb7884000 	C:\WINDOWS\SYSTEM32\iertutil.dll
0x00007ffbd4e00000 - 0x00007ffbd4e0d000 	C:\WINDOWS\SYSTEM32\netutils.dll
0x00007ffbb7590000 - 0x00007ffbb75b9000 	C:\WINDOWS\SYSTEM32\srvcli.dll
0x00007ffbb8690000 - 0x00007ffbb86a7000 	C:\WINDOWS\SYSTEM32\virtdisk.dll
0x00007ffbd5d80000 - 0x00007ffbd5de8000 	C:\WINDOWS\SYSTEM32\Wldp.dll
0x00007ffb950a0000 - 0x00007ffb9511c000 	C:\WINDOWS\system32\Ninput.dll

JVMTI agents: none

dbghelp: loaded successfully - version: 4.0.5 - missing functions: none
symbol engine: initialized successfully - sym options: 0x614 - pdb path: .;C:\Program Files\STMicroelectronics\STM32Cube\STM32CubeMX\jre\bin;C:\WINDOWS\SYSTEM32;C:\WINDOWS\WinSxS\amd64_microsoft.windows.common-controls_6595b64144ccf1df_6.0.26100.8037_none_3e092faae333b53b;C:\Program Files\STMicroelectronics\STM32Cube\STM32CubeMX\jre\bin\server;C:\Users\abina\AppData\Local\Temp\jna-92605467;C:\Users\abina\.stm32cubemx\.jxbrowser-8.11.0\Chromium;C:\Users\abina\AppData\Local\Temp

VM Arguments:
jvm_args: -Djavax.net.ssl.trustStoreType=WINDOWS-ROOT -Dsun.java2d.d3d=false --add-exports=java.desktop/sun.awt=ALL-UNNAMED --add-opens=java.desktop/java.awt=ALL-UNNAMED -Dfile.encoding=UTF8 
java_command: com.st.microxplorer.maingui.STM32CubeMX C:\Users\abina\Desktop\side\EcoCar\MechanicalRelaySally\Firmware\Rev 1\MechanicalRelaySallyFirmware.ioc
java_class_path (initial): C:\Program Files\STMicroelectronics\STM32Cube\STM32CubeMX\STM32CubeMX.exe;anything
Launcher Type: SUN_STANDARD

[Global flags]
     intx CICompilerCount                          = 4                                         {product} {ergonomic}
     uint ConcGCThreads                            = 3                                         {product} {ergonomic}
     uint G1ConcRefinementThreads                  = 10                                        {product} {ergonomic}
   size_t G1HeapRegionSize                         = 1048576                                   {product} {ergonomic}
    uintx GCDrainStackTargetSize                   = 64                                        {product} {ergonomic}
   size_t InitialHeapSize                          = 130023424                                 {product} {ergonomic}
   size_t MarkStackSize                            = 4194304                                   {product} {ergonomic}
   size_t MaxHeapSize                              = 2071986176                                {product} {ergonomic}
   size_t MaxNewSize                               = 1242562560                                {product} {ergonomic}
   size_t MinHeapDeltaBytes                        = 1048576                                   {product} {ergonomic}
   size_t MinHeapSize                              = 8388608                                   {product} {ergonomic}
    uintx NonNMethodCodeHeapSize                   = 5839372                                {pd product} {ergonomic}
    uintx NonProfiledCodeHeapSize                  = 122909434                              {pd product} {ergonomic}
    uintx ProfiledCodeHeapSize                     = 122909434                              {pd product} {ergonomic}
    uintx ReservedCodeCacheSize                    = 251658240                              {pd product} {ergonomic}
     bool SegmentedCodeCache                       = true                                      {product} {ergonomic}
   size_t SoftMaxHeapSize                          = 2071986176                             {manageable} {ergonomic}
     bool UseCompressedOops                        = true                           {product lp64_product} {ergonomic}
     bool UseG1GC                                  = true                                      {product} {ergonomic}
     bool UseLargePagesIndividualAllocation        = false                                  {pd product} {ergonomic}

Logging:
Log output configuration:
 #0: stdout all=warning uptime,level,tags foldmultilines=false
 #1: stderr all=off uptime,level,tags foldmultilines=false

Environment Variables:
PATH=C:\Program Files\STMicroelectronics\STM32Cube\STM32CubeMX\;C:\WINDOWS\system32;C:\WINDOWS;C:\WINDOWS\System32\Wbem;C:\WINDOWS\System32\WindowsPowerShell\v1.0\;C:\WINDOWS\System32\OpenSSH\;C:\Program Files\dotnet\;C:\Program Files\Git\cmd;C:\ProgramData\chocolatey\bin;C:\Program Files\PuTTY\;C:\Program Files\Microchip\xc8\v2.45\bin;C:\Program Files (x86)\IVI Foundation\VISA\WinNT\Bin\;C:\Program Files\IVI Foundation\VISA\Win64\Bin\;C:\Program Files (x86)\IVI Foundation\VISA\WinNT\Bin;C:\Program Files\PowerShell\7\;C:\Users\abina\AppData\Local\Microsoft\WindowsApps;C:\Users\abina\AppData\Local\Programs\Microsoft VS Code\bin;C:\Users\abina\AppData\Local\JetBrains\Toolbox\scripts;C:\Users\abina\AppData\Local\Packages\PythonSoftwareFoundation.Python.3.11_qbz5n2kfra8p0\LocalCache\local-packages\Python311\Scripts;C:\Program Files\Neovim\bin;%USERPROFILE%\AppData\Local\Microsoft\WindowsApps;C:\Program Files\STMicroelectronics\STM32Cube\STM32CubeMX\.\jre\\bin
USERNAME=abina
OS=Windows_NT
PROCESSOR_IDENTIFIER=Intel64 Family 6 Model 154 Stepping 4, GenuineIntel
TMP=C:\Users\abina\AppData\Local\Temp
TEMP=C:\Users\abina\AppData\Local\Temp




Periodic native trim disabled

---------------  S Y S T E M  ---------------

OS:
 Windows 11 , 64 bit Build 26100 (10.0.26100.7920)
OS uptime: 0 days 0:55 hours
Hyper-V role detected

CPU: total 12 (initial active 12) (6 cores per cpu, 2 threads per core) family 6 model 154 stepping 4 microcode 0x432, cx8, cmov, fxsr, ht, mmx, 3dnowpref, sse, sse2, sse3, ssse3, sse4.1, sse4.2, popcnt, lzcnt, tsc, tscinvbit, avx, avx2, aes, erms, clmul, bmi1, bmi2, adx, sha, fma, vzeroupper, clflush, clflushopt, clwb, hv, serialize, rdtscp, rdpid, fsrm, f16c, cet_ibt, cet_ss
Processor Information for processor 0
  Max Mhz: 1300, Current Mhz: 1300, Mhz Limit: 1300
Processor Information for processor 1
  Max Mhz: 1300, Current Mhz: 1300, Mhz Limit: 1300
Processor Information for processor 2
  Max Mhz: 1300, Current Mhz: 1300, Mhz Limit: 1300
Processor Information for processor 3
  Max Mhz: 1300, Current Mhz: 1300, Mhz Limit: 1300
Processor Information for processor 4
  Max Mhz: 1300, Current Mhz: 900, Mhz Limit: 897
Processor Information for processor 5
  Max Mhz: 1300, Current Mhz: 900, Mhz Limit: 897
Processor Information for processor 6
  Max Mhz: 1300, Current Mhz: 900, Mhz Limit: 897
Processor Information for processor 7
  Max Mhz: 1300, Current Mhz: 900, Mhz Limit: 897
Processor Information for processor 8
  Max Mhz: 1300, Current Mhz: 900, Mhz Limit: 897
Processor Information for processor 9
  Max Mhz: 1300, Current Mhz: 900, Mhz Limit: 897
Processor Information for processor 10
  Max Mhz: 1300, Current Mhz: 900, Mhz Limit: 897
Processor Information for processor 11
  Max Mhz: 1300, Current Mhz: 900, Mhz Limit: 897

Memory: 4k page, system-wide physical 7903M (474M free)
TotalPageFile size 13903M (AvailPageFile size 17M)
current process WorkingSet (physical memory assigned to process): 1020M, peak: 1023M
current process commit charge ("private bytes"): 1156M, peak: 1160M

vm_info: OpenJDK 64-Bit Server VM (21.0.8+9-LTS) for windows-amd64 JRE (21.0.8+9-LTS), built on 2025-07-15T00:00:00Z by "admin" with MS VC++ 17.7 (VS2022)

END.
