#
# There is insufficient memory for the Java Runtime Environment to continue.
# Native memory allocation (mmap) failed to map 1048576 bytes. Error detail: G1 virtual space
# Possible reasons:
#   The system is out of physical RAM or swap space
#   This process is running with CompressedOops enabled, and the Java Heap may be blocking the growth of the native heap
# Possible solutions:
#   Reduce memory load on the system
#   Increase physical memory or swap space
#   Check if swap backing store is full
#   Decrease Java heap size (-Xmx/-Xms)
#   Decrease number of Java threads
#   Decrease Java thread stack sizes (-Xss)
#   Set larger code cache with -XX:ReservedCodeCacheSize=
#   JVM is running with Unscaled Compressed Oops mode in which the Java heap is
#     placed in the first 4GB address space. The Java Heap base address is the
#     maximum limit for the native heap growth. Please use -XX:HeapBaseMinAddress
#     to set the Java Heap base and to place the Java Heap above 4GB virtual address.
# This output file may be truncated or incomplete.
#
#  Out of Memory Error (os_windows.cpp:3713), pid=16712, tid=1708
#
# JRE version: OpenJDK Runtime Environment Temurin-21.0.8+9 (21.0.8+9) (build 21.0.8+9-LTS)
# Java VM: OpenJDK 64-Bit Server VM Temurin-21.0.8+9 (21.0.8+9-LTS, mixed mode, tiered, compressed oops, compressed class ptrs, g1 gc, windows-amd64)
# No core dump will be written. Minidumps are not enabled by default on client versions of Windows
#

---------------  S U M M A R Y ------------

Command Line: -Djavax.net.ssl.trustStoreType=WINDOWS-ROOT -Dsun.java2d.d3d=false --add-exports=java.desktop/sun.awt=ALL-UNNAMED --add-opens=java.desktop/java.awt=ALL-UNNAMED -Dfile.encoding=UTF8 com.st.microxplorer.maingui.STM32CubeMX C:\Users\abina\Desktop\side\EcoCar\MechanicalRelaySally\Firmware\Rev 1\MechanicalRelaySallyFirmware.ioc

Host: 12th Gen Intel(R) Core(TM) i5-1235U, 12 cores, 7G,  Windows 11 , 64 bit Build 26100 (10.0.26100.7920)
Time: Tue Mar 31 12:42:36 2026 Mountain Daylight Time elapsed time: 799.761046 seconds (0d 0h 13m 19s)

---------------  T H R E A D  ---------------

Current thread (0x00000127535bd0c0):  JavaThread "updater-load-server-packages"        [_thread_in_vm, id=1708, stack(0x0000000fa0600000,0x0000000fa0700000) (1024K)]

Stack: [0x0000000fa0600000,0x0000000fa0700000]
Native frames: (J=compiled Java code, j=interpreted, Vv=VM code, C=native code)
V  [jvm.dll+0x6d2449]
V  [jvm.dll+0x8ae341]
V  [jvm.dll+0x8b08be]
V  [jvm.dll+0x8b0fa3]
V  [jvm.dll+0x280c96]
V  [jvm.dll+0x6cec15]
V  [jvm.dll+0x6c2c3a]
V  [jvm.dll+0x35867a]
V  [jvm.dll+0x360246]
V  [jvm.dll+0x3b1c9b]
V  [jvm.dll+0x3b2334]
V  [jvm.dll+0x3b1ea6]
V  [jvm.dll+0x32cd2e]
V  [jvm.dll+0x32afcf]
V  [jvm.dll+0x6626f0]
V  [jvm.dll+0x240042]
V  [jvm.dll+0x874027]
V  [jvm.dll+0x72e4a7]
C  0x000001273e8daa29

The last pc belongs to _new_array_Java (printed below).
Java frames: (J=compiled Java code, j=interpreted, Vv=VM code)
v  ~RuntimeStub::_new_array_Java 0x000001273e8daa29
J 23255 c2 com.st.microxplorer.plugins.updater.util.ZipFileManager.deflateEntrySupport(Ljava/util/zip/ZipInputStream;Ljava/io/File;)J (217 bytes) @ 0x000001273fa4636c [0x000001273fa44420+0x0000000000001f4c]
J 23264 c1 com.st.microxplorer.plugins.updater.util.ZipFileManager.deflateEntry(Ljava/util/zip/ZipInputStream;Ljava/io/File;)J (52 bytes) @ 0x0000012737a4f794 [0x0000012737a4efe0+0x00000000000007b4]
j  com.st.microxplorer.plugins.updater.util.ZipFileManager.deflateZip(Ljava/lang/String;Ljava/beans/PropertyChangeSupport;)I+249
j  com.st.microxplorer.plugins.updater.util.FileExtend.unzip(Ljava/lang/String;Ljava/beans/PropertyChangeSupport;)Z+229
j  com.st.microxplorer.plugins.updater.engine.LoadServerPackagesThread.loadAllFiles()I+1131
j  com.st.microxplorer.plugins.updater.engine.LoadServerPackagesThread.downloadPackageFiles()Z+32
j  com.st.microxplorer.plugins.updater.engine.LoadServerPackagesThread.run()V+41
v  ~StubRoutines::call_stub 0x000001273e7c100d
--------------------------------------------------------------------------------
Decoding CodeBlob, name: _new_array_Java, at  [0x000001273e8daa00, 0x000001273e8daa70]  112 bytes
[MachCode]
  0x000001273e8daa00: 4881 ec28 | 0000 0048 | 896c 2420 | 4989 a798 | 0300 0048 | 8bca 418b | d04d 8bc7 | 49ba 70e4 
  0x000001273e8daa20: f257 fb7f | 0000 41ff | d20f 1f84 | 0000 0000 | 004d 89a7 | 9803 0000 | 4d89 a7a0 | 0300 0049 
  0x000001273e8daa40: 8b87 f003 | 0000 4d89 | a7f0 0300 | 004d 3b67 | 0875 0648 | 83c4 205d | c333 db49 | ba00 0f7c 
  0x000001273e8daa60: 3e27 0100 | 0048 83c4 | 205d 41ff | e2f4 f4f4 
[/MachCode]
--------------------------------------------------------------------------------


Compiled method (c2) 799800 23255   !   4       com.st.microxplorer.plugins.updater.util.ZipFileManager::deflateEntrySupport (217 bytes)
 total in heap  [0x000001273fa43f10,0x000001273fa48cc0] = 19888
 relocation     [0x000001273fa44070,0x000001273fa44408] = 920
 main code      [0x000001273fa44420,0x000001273fa47530] = 12560
 stub code      [0x000001273fa47530,0x000001273fa476e8] = 440
 oops           [0x000001273fa476e8,0x000001273fa47700] = 24
 metadata       [0x000001273fa47700,0x000001273fa47880] = 384
 scopes data    [0x000001273fa47880,0x000001273fa48250] = 2512
 scopes pcs     [0x000001273fa48250,0x000001273fa487b0] = 1376
 dependencies   [0x000001273fa487b0,0x000001273fa48800] = 80
 handler table  [0x000001273fa48800,0x000001273fa48cb0] = 1200
 nul chk table  [0x000001273fa48cb0,0x000001273fa48cc0] = 16

[Constant Pool (empty)]

[MachCode]
[Entry Point]
  # {method} {0x000001274fc383e8} 'deflateEntrySupport' '(Ljava/util/zip/ZipInputStream;Ljava/io/File;)J' in 'com/st/microxplorer/plugins/updater/util/ZipFileManager'
  # this:     rdx:rdx   = 'com/st/microxplorer/plugins/updater/util/ZipFileManager'
  # parm0:    r8:r8     = 'java/util/zip/ZipInputStream'
  # parm1:    r9:r9     = 'java/io/File'
  #           [sp+0xb0]  (sp of caller)
  0x000001273fa44420: 448b 5208 | 49c1 e203 

  0x000001273fa44428: ;   {runtime_call ic_miss_stub}
  0x000001273fa44428: 493b c20f | 854f a3dc | fe66 6690 | 0f1f 8400 | 0000 0000 | 6666 6690 
[Verified Entry Point]
  0x000001273fa44440: 8984 2400 | 80ff ff55 | 4881 eca0 | 0000 0090 | 4181 7f20 | 9a00 0000 | 0f85 c530 | 0000 4c89 
  0x000001273fa44460: 4c24 304c | 8944 2428 | 4889 5424 

  0x000001273fa4446c: ;   {oop(a 'java/lang/Class'{0x00000000870179b8} = 'com/st/microxplorer/plugins/updater/util/BufferPool')}
  0x000001273fa4446c: 2049 bbb8 | 7901 8700 | 0000 0048 | 8d9c 2480 | 0000 0049 | 8b03 a802 | 0f85 2300 | 0000 4883 
  0x000001273fa4448c: c801 4889 | 03f0 490f | b11b 0f84 | 3700 0000 | 482b c448 | 2507 f0ff | ff48 8903 | e924 0000 
  0x000001273fa444ac: 004c 8bd0 | 4833 c0f0 | 4d0f b17a | 3e48 c703 | 0300 0000 | 7411 4c3b | f875 1549 | ff82 8600 
  0x000001273fa444cc: 0000 4833 | c075 0949 | ff87 4805 | 0000 33c0 | 0f85 8922 

  0x000001273fa444e0: ;   {oop(a 'java/lang/Class'{0x00000000870179b8} = 'com/st/microxplorer/plugins/updater/util/BufferPool')}
  0x000001273fa444e0: 0000 49ba | b879 0187 | 0000 0000 | 418b 6a74 | 85ed 0f84 | 000e 0000 

  0x000001273fa444f8: ;   {oop(a 'java/lang/Class'{0x00000000870179b8} = 'com/st/microxplorer/plugins/updater/util/BufferPool')}
  0x000001273fa444f8: 49bb b879 | 0187 0000 | 0000 488d | 8424 8000 | 0000 4883 | 3800 0f84 | 7900 0000 | 4d8b 1341 
  0x000001273fa44518: f6c2 020f | 8462 0000 | 0049 83ba | 8600 0000 | 0074 0949 | ff8a 8600 | 0000 eb4b | 498b 8296 
  0x000001273fa44538: 0000 0049 | 0b82 8e00 | 0000 750a | 49c7 423e | 0000 0000 | eb3d 4983 | ba9e 0000 | 0000 7422 
  0x000001273fa44558: 4833 c049 | c742 3e00 | 0000 00f0 | 8304 2400 | 4983 ba9e | 0000 0000 | 750d f04d | 0fb1 7a3e 
  0x000001273fa44578: 7505 83c8 | 01eb 0ca8 | 00eb 084c | 8b10 f04d | 0fb1 1375 | 0a49 ff8f | 4805 0000 | 4533 d20f 
  0x000001273fa44598: 859f 2100 | 0085 ed0f | 84df 2000 | 004c 8bdd | 488d 9c24 | 8000 0000 | 498b 03a8 | 020f 8523 
  0x000001273fa445b8: 0000 0048 | 83c8 0148 | 8903 f049 | 0fb1 1b0f | 8437 0000 | 0048 2bc4 | 4825 07f0 | ffff 4889 
  0x000001273fa445d8: 03e9 2400 | 0000 4c8b | d048 33c0 | f04d 0fb1 | 7a3e 48c7 | 0303 0000 | 0074 114c 

  0x000001273fa445f4: ;   {no_reloc}
  0x000001273fa445f4: 3bf8 7515 | 49ff 8286 | 0000 0048 | 33c0 7509 | 49ff 8748 | 0500 0033 | c00f 8582 | 2100 0044 
  0x000001273fa44614: 8b55 0c45 | 85d2 0f84 | 8820 0000 | 4c89 5c24 | 3849 8bd2 

  0x000001273fa44628: ;   {optimized virtual_call}
  0x000001273fa44628: 6666 90e8 

  0x000001273fa4462c: ; ImmutableOopMap {rbp=NarrowOop [32]=Oop [40]=Oop [48]=Oop [56]=Oop }
                      ;*invokevirtual isEmpty {reexecute=0 rethrow=0 return_oop=0}
                      ; - com.st.microxplorer.plugins.updater.util.BufferPool::mallocBuffer@4 (line 56)
                      ; - com.st.microxplorer.plugins.updater.util.ZipFileManager::deflateEntrySupport@8 (line 494)
  0x000001273fa4462c: b075 9bf7 

  0x000001273fa44630: ;   {other}
  0x000001273fa44630: 0f1f 8400 | 2007 0000 | 85c0 0f84 | b40e 0000 | 498b afb8 | 0100 004c | 8bd5 4981 | c210 0008 
  0x000001273fa44650: 004d 3b97 | c801 0000 | 0f83 c21d | 0000 4d89 | 97b8 0100 | 0048 8bfd | 4883 c710 | 48c7 4500 
  0x000001273fa44670: 0100 0000 | 410f 0d8a | c000 0000 

  0x000001273fa4467c: ;   {metadata({type array byte})}
  0x000001273fa4467c: c745 083b | 8100 2041 | 0f0d 8a00 | 0100 00c7 | 450c 0000 | 0800 410f | 0d8a 4001 | 0000 410f 
  0x000001273fa4469c: 0d8a 8001 | 0000 b900 | 0001 00c5 | fdef c0e9 | 0d00 0000 | c5fe 7f07 | c5fe 7f47 | 2048 83c7 
  0x000001273fa446bc: 4048 83e9 | 087d ed48 | 83c1 047c | 0cc5 fe7f | 0748 83c7 | 2048 83e9 | 0448 83c1 | 047e 1048 
  0x000001273fa446dc: ffc9 c5f9 | d607 4883 | c708 48ff 

  0x000001273fa446e8: ;   {oop(a 'org/apache/logging/log4j/core/Logger'{0x0000000087018600})}
  0x000001273fa446e8: c97d f348 | ba00 8601 | 8700 0000 

  0x000001273fa446f4: ;   {oop("Allocate new buffer"{0x0000000087018570})}
  0x000001273fa446f4: 0049 b870 | 8501 8700 

  0x000001273fa446fc: ;   {optimized virtual_call}
  0x000001273fa446fc: 0000 00e8 

  0x000001273fa44700: ; ImmutableOopMap {rbp=Oop [32]=Oop [40]=Oop [48]=Oop [56]=Oop }
                      ;*invokeinterface trace {reexecute=0 rethrow=0 return_oop=0}
                      ; - com.st.microxplorer.plugins.updater.util.BufferPool::mallocBuffer@20 (line 58)
                      ; - com.st.microxplorer.plugins.updater.util.ZipFileManager::deflateEntrySupport@8 (line 494)
  0x000001273fa44700: 7ca3 dcfe 

  0x000001273fa44704: ;   {other}
  0x000001273fa44704: 0f1f 8400 | f407 0001 | 4889 6c24 | 504c 8b5c | 2438 488d | 8424 8000 | 0000 4883 | 3800 0f84 
  0x000001273fa44724: 7900 0000 | 4d8b 1341 | f6c2 020f | 8462 0000 | 0049 83ba | 8600 0000 | 0074 0949 | ff8a 8600 
  0x000001273fa44744: 0000 eb4b | 498b 8296 | 0000 0049 | 0b82 8e00 | 0000 750a | 49c7 423e | 0000 0000 | eb3d 4983 
  0x000001273fa44764: ba9e 0000 | 0000 7422 | 4833 c049 | c742 3e00 | 0000 00f0 | 8304 2400 | 4983 ba9e | 0000 0000 
  0x000001273fa44784: 750d f04d | 0fb1 7a3e | 7505 83c8 | 01eb 0ca8 | 00eb 084c | 8b10 f04d | 0fb1 1375 | 0a49 ff8f 
  0x000001273fa447a4: 4805 0000 | 4533 d20f | 850d 2000 | 0049 8b87 | b801 0000 | 4c8b d049 | 83c2 204d | 3b97 c801 
  0x000001273fa447c4: 0000 0f83 | 561a 0000 | 4d89 97b8 | 0100 0041 | 0f0d 8ac0 | 0000 0048 | c700 0100 

  0x000001273fa447e0: ;   {metadata('java/io/FileOutputStream')}
  0x000001273fa447e0: 0000 c740 | 0866 dc00 | 2044 8960 | 0c4c 8960 | 104c 8960 | 1848 8bd8 | 498b 87b8 | 0100 004c 
  0x000001273fa44800: 8bd0 4983 | c210 4d3b | 97c8 0100 | 000f 8332 | 1a00 004d | 8997 b801 | 0000 410f | 0d8a c000 
  0x000001273fa44820: 0000 48c7 | 0001 0000 

  0x000001273fa44828: ;   {metadata('java/lang/Object')}
  0x000001273fa44828: 00c7 4008 | 3782 0020 | 4489 600c | 4c8b d34c | 8bc0 4489 | 431c 4c8b | d84d 33da | 49c1 eb14 
  0x000001273fa44848: 4d85 db74 | 1a49 c1ea | 0948 b900 | c07a 4627 | 0100 0049 | 03ca 8039 | 020f 854b | 1700 004c 
  0x000001273fa44868: 8b5c 2430 | 4d85 db0f | 84ed 0d00 | 0045 8b53 | 104c 8954 | 2448 4c89 | 5c24 4048 | 895c 2430 
  0x000001273fa44888: ;   {static_call}
  0x000001273fa44888: 6666 90e8 

  0x000001273fa4488c: ; ImmutableOopMap {[32]=Oop [40]=Oop [48]=Oop [64]=Oop [72]=Oop [80]=Oop }
                      ;*invokestatic getSecurityManager {reexecute=0 rethrow=0 return_oop=1}
                      ; - java.io.FileOutputStream::<init>@28 (line 216)
                      ; - java.io.FileOutputStream::<init>@3 (line 179)
                      ; - com.st.microxplorer.plugins.updater.util.ZipFileManager::deflateEntrySupport@18 (line 498)
  0x000001273fa4488c: 7032 3aff 

  0x000001273fa44890: ;   {other}
  0x000001273fa44890: 0f1f 8400 | 8009 0002 | 4885 c00f | 8545 1f00 | 004c 8b54 | 2448 4d85 | d20f 840d | 1e00 004c 
  0x000001273fa448b0: 8b5c 2440 | 4d85 db0f | 8423 1e00 | 004c 8954 | 2438 498b | d348 8b6c 

  0x000001273fa448c8: ;   {optimized virtual_call}
  0x000001273fa448c8: 2430 90e8 

  0x000001273fa448cc: ; ImmutableOopMap {rbp=Oop [32]=Oop [40]=Oop [48]=Oop [56]=Oop [80]=Oop }
                      ;*invokevirtual isInvalid {reexecute=0 rethrow=0 return_oop=0}
                      ; - java.io.FileOutputStream::<init>@57 (line 223)
                      ; - java.io.FileOutputStream::<init>@3 (line 179)
                      ; - com.st.microxplorer.plugins.updater.util.ZipFileManager::deflateEntrySupport@18 (line 498)
  0x000001273fa448cc: 107c b6ff 

  0x000001273fa448d0: ;   {other}
  0x000001273fa448d0: 0f1f 8400 | c009 0003 | 85c0 0f85 | 381f 0000 | 498b bfb8 | 0100 004c | 8bd7 4983 | c228 4d3b 
  0x000001273fa448f0: 97c8 0100 | 000f 836d | 1900 004d | 8997 b801 | 0000 410f | 0d8a c000 | 0000 48c7 | 0701 0000 
  0x000001273fa44910: ;   {metadata('java/io/FileDescriptor')}
  0x000001273fa44910: 00c7 4708 | feda 0020 | 4c89 6718 | 4c89 6720 | c747 0cff | ffff ff48 | c747 10ff | ffff ff41 
  0x000001273fa44930: 807f 4000 | 0f85 7315 | 0000 488b | 5c24 304c | 8bd3 4c8b | df4d 33da | 4c8b c744 | 8943 1049 
  0x000001273fa44950: c1eb 144d | 85db 741a | 49c1 ea09 | 48b9 00c0 | 7a46 2701 | 0000 4903 | ca80 3902 | 0f85 8e16 
  0x000001273fa44970: 0000 488b | d748 8beb 

  0x000001273fa44978: ;   {optimized virtual_call}
  0x000001273fa44978: 4c8b c3e8 

  0x000001273fa4497c: ; ImmutableOopMap {rbp=Oop [32]=Oop [40]=Oop [56]=Oop [80]=Oop }
                      ;*invokevirtual attach {reexecute=0 rethrow=0 return_oop=0}
                      ; - java.io.FileOutputStream::<init>@89 (line 227)
                      ; - java.io.FileOutputStream::<init>@3 (line 179)
                      ; - com.st.microxplorer.plugins.updater.util.ZipFileManager::deflateEntrySupport@18 (line 498)
  0x000001273fa4497c: 00d1 95f7 

  0x000001273fa44980: ;   {other}
  0x000001273fa44980: 0f1f 8400 | 700a 0004 | 4180 7f40 | 000f 8552 | 1500 004c | 8bd5 488b | 5c24 384c | 8bdb 4d33 
  0x000001273fa449a0: da4c 8bcb | 4489 4d18 | 49c1 eb14 | 4d85 db74 | 1a49 c1ea | 0948 b900 | c07a 4627 | 0100 0049 
  0x000001273fa449c0: 03ca 8039 | 020f 858f | 1600 0048 | 896c 2430 

  0x000001273fa449d0: ;   {static_call}
  0x000001273fa449d0: 6666 90e8 

  0x000001273fa449d4: ; ImmutableOopMap {rbp=Oop [32]=Oop [40]=Oop [48]=Oop [56]=Oop [80]=Oop }
                      ;*invokestatic begin {reexecute=0 rethrow=0 return_oop=0}
                      ; - java.io.FileOutputStream::open@0 (line 287)
                      ; - java.io.FileOutputStream::<init>@100 (line 230)
                      ; - java.io.FileOutputStream::<init>@3 (line 179)
                      ; - com.st.microxplorer.plugins.updater.util.ZipFileManager::deflateEntrySupport@18 (line 498)
  0x000001273fa449d4: c8a2 3cff 

  0x000001273fa449d8: ;   {other}
  0x000001273fa449d8: 0f1f 8400 | c80a 0005 | 4889 4424 | 4048 8bd5 | 4c8b 4424 | 3845 33c9 

  0x000001273fa449f0: ;   {optimized virtual_call}
  0x000001273fa449f0: 6666 90e8 

  0x000001273fa449f4: ; ImmutableOopMap {rbp=Oop [32]=Oop [40]=Oop [48]=Oop [80]=Oop }
                      ;*invokevirtual open0 {reexecute=0 rethrow=0 return_oop=0}
                      ; - java.io.FileOutputStream::open@7 (line 289)
                      ; - java.io.FileOutputStream::<init>@100 (line 230)
                      ; - java.io.FileOutputStream::<init>@3 (line 179)
                      ; - com.st.microxplorer.plugins.updater.util.ZipFileManager::deflateEntrySupport@18 (line 498)
  0x000001273fa449f4: 4084 4bff 

  0x000001273fa449f8: ;   {other}
  0x000001273fa449f8: 0f1f 8400 | e80a 0006 | 488b 5424 

  0x000001273fa44a04: ;   {static_call}
  0x000001273fa44a04: 4066 90e8 

  0x000001273fa44a08: ; ImmutableOopMap {rbp=Oop [32]=Oop [40]=Oop [48]=Oop [80]=Oop }
                      ;*invokestatic end {reexecute=0 rethrow=0 return_oop=0}
                      ; - java.io.FileOutputStream::open@11 (line 291)
                      ; - java.io.FileOutputStream::<init>@100 (line 230)
                      ; - java.io.FileOutputStream::<init>@3 (line 179)
                      ; - com.st.microxplorer.plugins.updater.util.ZipFileManager::deflateEntrySupport@18 (line 498)
  0x000001273fa44a08: 14a6 3cff 

  0x000001273fa44a0c: ;   {other}
  0x000001273fa44a0c: 0f1f 8400 | fc0a 0007 | 448b 5510 

  0x000001273fa44a18: ;   {static_call}
  0x000001273fa44a18: 498b d2e8 

  0x000001273fa44a1c: ; ImmutableOopMap {rbp=Oop [32]=Oop [40]=Oop [48]=Oop [80]=Oop }
                      ;*invokestatic register {reexecute=0 rethrow=0 return_oop=0}
                      ; - java.io.FileOutputStream::<init>@107 (line 231)
                      ; - java.io.FileOutputStream::<init>@3 (line 179)
                      ; - com.st.microxplorer.plugins.updater.util.ZipFileManager::deflateEntrySupport@18 (line 498)
  0x000001273fa44a1c: 8045 fdf7 

  0x000001273fa44a20: ;   {other}
  0x000001273fa44a20: 0f1f 8400 | 100b 0008 | 498b 87b8 | 0100 004c | 8bd0 4983 | c228 4d3b | 97c8 0100 | 000f 83ea 
  0x000001273fa44a40: 1800 004d | 8997 b801 | 0000 410f | 0d8a c000 | 0000 48c7 | 0001 0000 

  0x000001273fa44a58: ;   {metadata('java/io/BufferedOutputStream')}
  0x000001273fa44a58: 00c7 4008 | d0df 0020 | 4489 600c | 4c89 6010 | 4c89 6018 | 4c89 6020 | 4c8b c04c | 8b54 2450 
  0x000001273fa44a78: 418b 6a0c | 498b 87b8 | 0100 004c | 8bd8 4983 | c310 4d3b | 9fc8 0100 | 000f 8365 | 1800 004d 
  0x000001273fa44a98: 899f b801 | 0000 410f | 0d8b c000 | 0000 48c7 | 0001 0000 

  0x000001273fa44aac: ;   {metadata('java/lang/Object')}
  0x000001273fa44aac: 00c7 4008 | 3782 0020 | 4489 600c | 4c8b 4c24 | 304d 8bd9 | 488b d841 | 8958 1448 | 8bc8 498b 
  0x000001273fa44acc: d848 33cb | 48c1 e914 | 4885 c974 | 1a48 c1eb | 0948 b900 | c07a 4627 | 0100 0048 | 03cb 8039 
  0x000001273fa44aec: 020f 85b5 | 1500 0041 | 807f 4000 | 0f85 1a14 | 0000 4589 | 5810 498b | c949 8bd8 | 4833 cb48 
  0x000001273fa44b0c: c1e9 1448 | 85c9 741a | 48c1 eb09 | 48b9 00c0 | 7a46 2701 | 0000 4803 | cb80 3902 | 0f85 e015 
  0x000001273fa44b2c: 0000 85ed | 0f86 061d | 0000 4489 | 5c24 404c | 8944 2438 | 4c89 4c24 | 304c 8954 

  0x000001273fa44b48: ;   {static_call}
  0x000001273fa44b48: 2450 90e8 

  0x000001273fa44b4c: ; ImmutableOopMap {[32]=Oop [40]=Oop [48]=Oop [56]=Oop [64]=NarrowOop [80]=Oop }
                      ;*invokestatic newLockOrNull {reexecute=0 rethrow=0 return_oop=1}
                      ; - java.io.BufferedOutputStream::<init>@29 (line 89)
                      ; - java.io.BufferedOutputStream::<init>@4 (line 119)
                      ; - com.st.microxplorer.plugins.updater.util.ZipFileManager::deflateEntrySupport@32 (line 499)
  0x000001273fa44b4c: b005 16f8 

  0x000001273fa44b50: ;   {other}
  0x000001273fa44b50: 0f1f 8400 | 400c 0009 | 488b d841 | 807f 4000 | 0f85 1414 | 0000 4c8b | 5424 384c | 8bdb 4589 
  0x000001273fa44b70: 5a20 4d8b | da4c 8bc3 | 4d33 c349 | c1e8 144d | 85c0 741f | 4885 db74 | 1a49 c1eb | 0948 b900 
  0x000001273fa44b90: c07a 4627 | 0100 0049 | 03cb 8039 | 020f 852b | 1600 0044 | 8bdd 81fd | 0000 1000 | 0f87 9f17 
  0x000001273fa44bb0: 0000 498b | 9fb8 0100 | 0048 63cd | 4883 c117 | 4c8b c149 | 83e0 f84c | 8bcb 4d03 | c84d 3b8f 
  0x000001273fa44bd0: c801 0000 | 0f83 7717 | 0000 4d89 | 8fb8 0100 | 0041 0f0d | 89c0 0000 | 0048 c703 | 0100 0000 
  0x000001273fa44bf0: 410f 0d89 | 0001 0000 

  0x000001273fa44bf8: ;   {metadata({type array byte})}
  0x000001273fa44bf8: c743 083b | 8100 2089 | 6b0c 410f | 0d89 4001 | 0000 488b | fb48 83c7 | 1041 0f0d | 8980 0100 
  0x000001273fa44c18: 0048 c1e9 | 0348 83c1 | fe48 33c0 | 4883 f908 | 7f10 48ff | c978 4f48 | 8904 cf48 | ffc9 7df7 
  0x000001273fa44c38: eb44 c5fd | efc0 e90d | 0000 00c5 | fe7f 07c5 | fe7f 4720 | 4883 c740 | 4883 e908 | 7ded 4883 
  0x000001273fa44c58: c104 7c0c | c5fe 7f07 | 4883 c720 | 4883 e904 | 4883 c104 | 7e10 48ff | c9c5 f9d6 | 0748 83c7 
  0x000001273fa44c78: 0848 ffc9 | 7df3 4180 | 7f40 000f | 85be 1200 | 004c 8bcb | 4589 4a24 | 4d8b c24c | 8bcb 4d33 
  0x000001273fa44c98: c849 c1e9 | 144d 85c9 | 741a 49c1 | e809 48b9 | 00c0 7a46 | 2701 0000 | 4903 c880 | 3902 0f85 
  0x000001273fa44cb8: b814 0000 | 4589 5a1c | 488b 6c24 | 2848 85ed | 0f84 361a | 0000 4489 | 5c24 284c | 8954 2438 
  0x000001273fa44cd8: 488b d54c | 8b44 2450 | 4533 c941 

  0x000001273fa44ce4: ;   {optimized virtual_call}
  0x000001273fa44ce4: 8bfb 90e8 

  0x000001273fa44ce8: ; ImmutableOopMap {rbp=Oop [32]=Oop [48]=Oop [56]=Oop [64]=NarrowOop [80]=Oop }
                      ;*invokevirtual read {reexecute=0 rethrow=0 return_oop=0}
                      ; - com.st.microxplorer.plugins.updater.util.ZipFileManager::deflateEntrySupport@44 (line 502)
  0x000001273fa44ce8: 3424 fcff 

  0x000001273fa44cec: ;   {other}
  0x000001273fa44cec: 0f1f 8400 | dc0d 000a | 83f8 ff0f | 84d8 1800 | 0089 4424 | 2c49 b800 | c07a 4627 | 0100 0049 
  0x000001273fa44d0c: c7c1 ffff | ffff 33c9 | e9aa 0000 | 0048 8be8 | 488b 7c24 | 38eb 0848 | 8be8 488b | 7c24 3848 
  0x000001273fa44d2c: ;   {optimized virtual_call}
  0x000001273fa44d2c: 8bd7 90e8 

  0x000001273fa44d30: ; ImmutableOopMap {rbp=Oop [48]=Oop [80]=Oop }
                      ;*invokevirtual close {reexecute=0 rethrow=0 return_oop=0}
                      ; - com.st.microxplorer.plugins.updater.util.ZipFileManager::deflateEntrySupport@126 (line 497)
  0x000001273fa44d30: 4c9d dcfe 

  0x000001273fa44d34: ;   {other}
  0x000001273fa44d34: 0f1f 8400 | 240e 000b | 488b 5424 

  0x000001273fa44d40: ;   {optimized virtual_call}
  0x000001273fa44d40: 3066 90e8 

  0x000001273fa44d44: ; ImmutableOopMap {rbp=Oop [80]=Oop }
                      ;*invokevirtual close {reexecute=0 rethrow=0 return_oop=0}
                      ; - com.st.microxplorer.plugins.updater.util.ZipFileManager::deflateEntrySupport@156 (line 497)
  0x000001273fa44d44: 389d dcfe 

  0x000001273fa44d48: ;   {other}
  0x000001273fa44d48: 0f1f 8400 | 380e 000c | 448b 5508 | 4d33 db4f | 8d1c d34d 

  0x000001273fa44d5c: ;   {metadata('java/lang/Exception')}
  0x000001273fa44d5c: 8b53 4049 | bb20 3904 | 0001 0000 | 004d 3bd3 | 0f85 4905 | 0000 488b 

  0x000001273fa44d74: ;   {static_call}
  0x000001273fa44d74: 6c24 58e8 

  0x000001273fa44d78: ; ImmutableOopMap {[80]=Oop }
                      ;*invokestatic getBufferPool {reexecute=0 rethrow=0 return_oop=1}
                      ; - com.st.microxplorer.plugins.updater.util.ZipFileManager::deflateEntrySupport@191 (line 519)
  0x000001273fa44d78: 04a3 dcfe 

  0x000001273fa44d7c: ;   {other}
  0x000001273fa44d7c: 0f1f 8400 | 6c0e 000d | 4885 c00f | 84df 1a00 | 0048 8bd0 | 4c8b 4424 

  0x000001273fa44d94: ;   {optimized virtual_call}
  0x000001273fa44d94: 5066 90e8 

  0x000001273fa44d98: ; ImmutableOopMap {}
                      ;*invokevirtual freeBuffer {reexecute=0 rethrow=0 return_oop=0}
                      ; - com.st.microxplorer.plugins.updater.util.ZipFileManager::deflateEntrySupport@196 (line 519)
  0x000001273fa44d98: e49c dcfe 

  0x000001273fa44d9c: ;   {other}
  0x000001273fa44d9c: 0f1f 8400 | 8c0e 000e | e9f6 0400 | 000f 1f80 | 0000 0000 | 8944 242c | 4c8b 4424 | 484c 8b4c 
  0x000001273fa44dbc: 2458 488b | 4c24 604c | 8b54 2420 | 450f b65a | 1f45 85db | 0f85 910e | 0000 4889 | 4c24 604c 
  0x000001273fa44ddc: 894c 2458 | 4c89 4424 | 4848 8b54 | 2438 4c8b | 4424 5045 | 33c9 8b7c 

  0x000001273fa44df4: ;   {optimized virtual_call}
  0x000001273fa44df4: 242c 90e8 

  0x000001273fa44df8: ; ImmutableOopMap {rbp=Oop [32]=Oop [48]=Oop [56]=Oop [64]=NarrowOop [80]=Oop }
                      ;*invokevirtual write {reexecute=0 rethrow=0 return_oop=0}
                      ; - com.st.microxplorer.plugins.updater.util.ZipFileManager::deflateEntrySupport@69 (line 504)
  0x000001273fa44df8: 0495 f1ff 

  0x000001273fa44dfc: ;   {other}
  0x000001273fa44dfc: 0f1f 8400 | ec0e 000f | 4c63 5424 | 2c4c 8b5c | 2460 4d03 | da4c 895c | 2460 488b | d54c 8b44 
  0x000001273fa44e1c: 2450 4533 | c98b 7c24 

  0x000001273fa44e24: ;   {optimized virtual_call}
  0x000001273fa44e24: 2866 90e8 

  0x000001273fa44e28: ; ImmutableOopMap {rbp=Oop [32]=Oop [48]=Oop [56]=Oop [64]=NarrowOop [80]=Oop }
                      ;*invokevirtual read {reexecute=0 rethrow=0 return_oop=0}
                      ; - com.st.microxplorer.plugins.updater.util.ZipFileManager::deflateEntrySupport@85 (line 506)
  0x000001273fa44e28: f422 fcff 

  0x000001273fa44e2c: ;   {other}
  0x000001273fa44e2c: 0f1f 8400 | 1c0f 0010 | 4d8b 9750 

  0x000001273fa44e38: ; ImmutableOopMap {rbp=Oop [32]=Oop [48]=Oop [56]=Oop [64]=NarrowOop [80]=Oop }
                      ;*goto {reexecute=1 rethrow=0 return_oop=0}
                      ; - (reexecute) com.st.microxplorer.plugins.updater.util.ZipFileManager::deflateEntrySupport@90 (line 506)
                      ;   {poll}
  0x000001273fa44e38: 0400 0041 | 8502 83f8 | ff0f 8569 | ffff ff4c | 8b5c 2448 | 4c8b 4424 | 5848 8b4c | 2460 4c8b 
  0x000001273fa44e58: 4c24 3845 | 8b51 2045 | 85d2 0f84 | 0508 0000 | 4889 4c24 | 3849 8be9 | 4c89 4424 | 584c 895c 
  0x000001273fa44e78: 2428 498b 

  0x000001273fa44e7c: ;   {optimized virtual_call}
  0x000001273fa44e7c: d266 90e8 

  0x000001273fa44e80: ; ImmutableOopMap {rbp=Oop [32]=Oop [48]=Oop [64]=NarrowOop [80]=Oop }
                      ;*invokevirtual lock {reexecute=0 rethrow=0 return_oop=0}
                      ; - java.io.BufferedOutputStream::flush@11 (line 238)
                      ; - com.st.microxplorer.plugins.updater.util.ZipFileManager::deflateEntrySupport@95 (line 510)
  0x000001273fa44e80: dcf3 39ff 

  0x000001273fa44e84: ;   {other}
  0x000001273fa44e84: 0f1f 8400 | 740f 0012 

  0x000001273fa44e8c: ;   {optimized virtual_call}
  0x000001273fa44e8c: 488b d5e8 

  0x000001273fa44e90: ; ImmutableOopMap {rbp=Oop [32]=Oop [48]=Oop [64]=NarrowOop [80]=Oop }
                      ;*invokevirtual implFlush {reexecute=0 rethrow=0 return_oop=0}
                      ; - java.io.BufferedOutputStream::flush@15 (line 240)
                      ; - com.st.microxplorer.plugins.updater.util.ZipFileManager::deflateEntrySupport@95 (line 510)
  0x000001273fa44e90: ec6f eaf7 

  0x000001273fa44e94: ;   {other}
  0x000001273fa44e94: 0f1f 8400 | 840f 0013 | 4c8b d545 | 8b5a 2045 | 85db 0f84 | 361c 0000 

  0x000001273fa44eac: ;   {optimized virtual_call}
  0x000001273fa44eac: 498b d3e8 

  0x000001273fa44eb0: ; ImmutableOopMap {rbp=Oop [32]=Oop [48]=Oop [64]=NarrowOop [80]=Oop }
                      ;*invokevirtual unlock {reexecute=0 rethrow=0 return_oop=0}
                      ; - java.io.BufferedOutputStream::flush@22 (line 242)
                      ; - com.st.microxplorer.plugins.updater.util.ZipFileManager::deflateEntrySupport@95 (line 510)
  0x000001273fa44eb0: 2c3a 46ff 

  0x000001273fa44eb4: ;   {other}
  0x000001273fa44eb4: 0f1f 8400 | a40f 0014 | 4c8b d54c | 8b5c 2420 | 450f b65b | 1f45 85db | 740c 49c7 | c3ff ffff 
  0x000001273fa44ed4: ff4c 895c | 2438 450f | b65a 0c45 | 85db 0f84 | dd08 0000 | 4c8b 5424 | 3045 0fb6 | 5a0c 4585 
  0x000001273fa44ef4: db0f 8416 

  0x000001273fa44ef8: ;   {oop(a 'java/lang/Class'{0x00000000870179b8} = 'com/st/microxplorer/plugins/updater/util/BufferPool')}
  0x000001273fa44ef8: 0a00 0049 | bbb8 7901 | 8700 0000 | 0048 8d9c | 2480 0000 | 0049 8b03 | a802 0f85 | 2300 0000 
  0x000001273fa44f18: 4883 c801 | 4889 03f0 | 490f b11b | 0f84 3700 | 0000 482b | c448 2507 | f0ff ff48 | 8903 e924 
  0x000001273fa44f38: 0000 004c | 8bd0 4833 | c0f0 4d0f | b17a 3e48 | c703 0300 | 0000 7411 | 4c3b f875 | 1549 ff82 
  0x000001273fa44f58: 8600 0000 | 4833 c075 | 0949 ff87 | 4805 0000 | 33c0 0f85 | 321a 0000 

  0x000001273fa44f70: ;   {oop(a 'java/lang/Class'{0x00000000870179b8} = 'com/st/microxplorer/plugins/updater/util/BufferPool')}
  0x000001273fa44f70: 49ba b879 | 0187 0000 | 0000 458b | 5274 4489 | 5424 4045 | 85d2 0f84 | d10a 0000 

  0x000001273fa44f8c: ;   {oop(a 'java/lang/Class'{0x00000000870179b8} = 'com/st/microxplorer/plugins/updater/util/BufferPool')}
  0x000001273fa44f8c: 49bb b879 | 0187 0000 | 0000 488d | 8424 8000 | 0000 4883 | 3800 0f84 | 7900 0000 | 4d8b 1341 
  0x000001273fa44fac: f6c2 020f | 8462 0000 | 0049 83ba | 8600 0000 | 0074 0949 | ff8a 8600 | 0000 eb4b | 498b 8296 
  0x000001273fa44fcc: 0000 0049 | 0b82 8e00 | 0000 750a | 49c7 423e | 0000 0000 | eb3d 4983 | ba9e 0000 | 0000 7422 
  0x000001273fa44fec: 4833 c049 | c742 3e00 | 0000 00f0 | 8304 2400 | 4983 ba9e | 0000 0000 | 750d f04d | 0fb1 7a3e 
  0x000001273fa4500c: 7505 83c8 | 01eb 0ca8 | 00eb 084c | 8b10 f04d | 0fb1 1375 | 0a49 ff8f | 4805 0000 | 4533 d20f 
  0x000001273fa4502c: 8598 1900 | 0044 8b54 | 2440 4585 | d20f 8402 | 1900 0049 | 8bfa 488d | 9c24 8000 | 0000 488b 
  0x000001273fa4504c: 07a8 020f | 8523 0000 | 0048 83c8 | 0148 8903 | f048 0fb1 | 1f0f 8437 | 0000 0048 | 2bc4 4825 
  0x000001273fa4506c: 07f0 ffff | 4889 03e9 | 2400 0000 | 4c8b d048 | 33c0 f04d | 0fb1 7a3e | 48c7 0303 

  0x000001273fa45088: ;   {no_reloc}
  0x000001273fa45088: 0000 0074 | 114c 3bf8 | 7515 49ff | 8286 0000 | 0048 33c0 | 7509 49ff | 8748 0500 | 0033 c00f 
  0x000001273fa450a8: 854b 1900 | 0044 8b54 | 2440 418b | 6a0c 85ed | 0f84 9618 | 0000 4c8b | dd48 8d9c | 2488 0000 
  0x000001273fa450c8: 0049 8b03 | a802 0f85 | 2300 0000 | 4883 c801 | 4889 03f0 | 490f b11b | 0f84 3700 | 0000 482b 
  0x000001273fa450e8: c448 2507 | f0ff ff48 | 8903 e924 | 0000 004c | 8bd0 4833 | c0f0 4d0f | b17a 3e48 | c703 0300 
  0x000001273fa45108: 0000 7411 | 4c3b f875 | 1549 ff82 | 8600 0000 | 4833 c075 | 0949 ff87 | 4805 0000 | 33c0 0f85 
  0x000001273fa45128: f918 0000 | 8b5d 1048 | 8d84 2488 | 0000 0048 | 8338 000f | 8479 0000 | 004d 8b13 | 41f6 c202 
  0x000001273fa45148: 0f84 6200 | 0000 4983 | ba86 0000 | 0000 7409 | 49ff 8a86 | 0000 00eb | 4b49 8b82 | 9600 0000 
  0x000001273fa45168: 490b 828e | 0000 0075 | 0a49 c742 | 3e00 0000 | 00eb 3d49 | 83ba 9e00 | 0000 0074 | 2248 33c0 
  0x000001273fa45188: ;   {no_reloc}
  0x000001273fa45188: 49c7 423e | 0000 0000 | f083 0424 | 0049 83ba | 9e00 0000 | 0075 0df0 | 4d0f b17a | 3e75 0583 
  0x000001273fa451a8: c801 eb0c | a800 eb08 | 4c8b 10f0 | 4d0f b113 | 750a 49ff | 8f48 0500 | 0045 33d2 | 0f85 c818 
  0x000001273fa451c8: 0000 83fb | 037d 3044 | 8b5c 2440 | 458b 530c | 4585 d20f | 8427 1900 | 0049 8bd2 | 4c8b 4424 
  0x000001273fa451e8: 5048 8bef 

  0x000001273fa451ec: ;   {optimized virtual_call}
  0x000001273fa451ec: 6666 90e8 

  0x000001273fa451f0: ; ImmutableOopMap {rbp=Oop }
                      ;*invokevirtual addElement {reexecute=0 rethrow=0 return_oop=0}
                      ; - com.st.microxplorer.plugins.updater.util.BufferPool::freeBuffer@20 (line 73)
                      ; - com.st.microxplorer.plugins.updater.util.ZipFileManager::deflateEntrySupport@179 (line 519)
  0x000001273fa451f0: ecf5 47ff 

  0x000001273fa451f4: ;   {other}
  0x000001273fa451f4: 0f1f 8400 | e412 0015 | 488b fd48 | 8d84 2480 | 0000 0048 | 8338 000f | 8479 0000 | 004c 8b17 
  0x000001273fa45214: 41f6 c202 | 0f84 6200 | 0000 4983 | ba86 0000 | 0000 7409 | 49ff 8a86 | 0000 00eb | 4b49 8b82 
  0x000001273fa45234: 9600 0000 | 490b 828e | 0000 0075 | 0a49 c742 | 3e00 0000 | 00eb 3d49 | 83ba 9e00 | 0000 0074 
  0x000001273fa45254: 2248 33c0 | 49c7 423e | 0000 0000 | f083 0424 | 0049 83ba | 9e00 0000 | 0075 0df0 | 4d0f b17a 
  0x000001273fa45274: 3e75 0583 | c801 eb0c | a800 eb08 | 4c8b 10f0 | 4c0f b117 | 750a 49ff | 8f48 0500 | 0045 33d2 
  0x000001273fa45294: 0f85 2018 | 0000 488b | 6c24 3848 | 8bc5 4881 | c4a0 0000 

  0x000001273fa452a8: ;   {poll_return}
  0x000001273fa452a8: 005d 493b | a748 0400 | 000f 8756 | 2200 00c3 

  0x000001273fa452b8: ;   {static_call}
  0x000001273fa452b8: 488b e8e8 

  0x000001273fa452bc: ; ImmutableOopMap {rbp=Oop [80]=Oop }
                      ;*invokestatic getBufferPool {reexecute=0 rethrow=0 return_oop=1}
                      ; - com.st.microxplorer.plugins.updater.util.ZipFileManager::deflateEntrySupport@204 (line 519)
  0x000001273fa452bc: c09d dcfe 

  0x000001273fa452c0: ;   {other}
  0x000001273fa452c0: 0f1f 8400 | b013 0016 | 4885 c00f | 844b 1800 | 0048 8bd0 | 4c8b 4424 

  0x000001273fa452d8: ;   {optimized virtual_call}
  0x000001273fa452d8: 5066 90e8 

  0x000001273fa452dc: ; ImmutableOopMap {rbp=Oop }
                      ;*invokevirtual freeBuffer {reexecute=0 rethrow=0 return_oop=0}
                      ; - com.st.microxplorer.plugins.updater.util.ZipFileManager::deflateEntrySupport@209 (line 519)
  0x000001273fa452dc: a097 dcfe 

  0x000001273fa452e0: ;   {other}
  0x000001273fa452e0: 0f1f 8400 | d013 0017 | 488b d548 | 81c4 a000 

  0x000001273fa452f0: ;   {runtime_call _rethrow_Java}
  0x000001273fa452f0: 0000 5de9 | 88bb e9fe | 498b 9fb8 | 0100 004c | 8bd3 4983 | c210 4d3b | 97c8 0100 | 000f 8345 
  0x000001273fa45310: 1200 004d | 8997 b801 | 0000 410f | 0d8a c000 | 0000 48c7 | 0301 0000 

  0x000001273fa45328: ;   {metadata('com/st/microxplorer/plugins/updater/util/BufferPool')}
  0x000001273fa45328: 00c7 4308 | 2f1f 0f20 | 4489 630c | 498b bfb8 | 0100 004c | 8bd7 4983 | c220 4d3b | 97c8 0100 
  0x000001273fa45348: 000f 832d | 1200 004d | 8997 b801 | 0000 410f | 0d8a c000 | 0000 48c7 | 0701 0000 

  0x000001273fa45364: ;   {metadata('java/util/Vector')}
  0x000001273fa45364: 00c7 4708 | a8e6 0320 | 4489 670c | 4c89 6710 | 4c89 6718 | 498b 87b8 | 0100 004c | 8bd0 4983 
  0x000001273fa45384: c220 4d3b | 97c8 0100 | 000f 8310 | 1200 004d | 8997 b801 | 0000 410f | 0d8a c000 | 0000 48c7 
  0x000001273fa453a4: 0001 0000 | 0041 0f0d | 8a00 0100 

  0x000001273fa453b0: ;   {metadata('java/lang/Object'[])}
  0x000001273fa453b0: 00c7 4008 | 70b4 0020 | 410f 0d8a | 4001 0000 | c740 0c03 | 0000 0041 | 0f0d 8a80 | 0100 004c 
  0x000001273fa453d0: 8960 104c | 8960 1848 | 8beb 4c8b | d844 895f | 184c 8bd0 | 4c8b df4d | 33d3 4c8b | ef49 c1ea 
  0x000001273fa453f0: 144d 85d2 | 741a 49c1 | eb09 48b9 | 00c0 7a46 | 2701 0000 | 4903 cb80 | 3902 0f85 | 740f 0000 
  0x000001273fa45410: 4180 7f40 | 000f 85ae | 0e00 0044 | 896b 0c44 | 8967 144c | 8bd3 4c8b | df4d 33da | 49c1 eb14 
  0x000001273fa45430: 4d85 db74 | 1a49 c1ea | 0948 b900 | c07a 4627 | 0100 0049 | 03ca 8039 | 020f 8583 | 0f00 0041 
  0x000001273fa45450: 807f 4000 | 0f85 320e 

  0x000001273fa45458: ;   {oop(a 'java/lang/Class'{0x00000000870179b8} = 'com/st/microxplorer/plugins/updater/util/BufferPool')}
  0x000001273fa45458: 0000 49ba | b879 0187 | 0000 0000 | 4189 6a74 

  0x000001273fa45468: ;   {oop(a 'java/lang/Class'{0x00000000870179b8} = 'com/st/microxplorer/plugins/updater/util/BufferPool')}
  0x000001273fa45468: 4c8b d349 | bbb8 7901 | 8700 0000 | 004d 33d3 | 49c1 ea14 | 4d85 d20f | 8473 f0ff | ff49 c1eb 
  0x000001273fa45488: 0948 b900 | c07a 4627 | 0100 0049 | 03cb 8039 | 020f 8459 | f0ff ff4d | 8b57 484d | 8b5f 58f0 
  0x000001273fa454a8: 8344 24c0 | 0080 3900 | 742f 4488 | 214d 85d2 | 740f 4b89 | 4c13 f849 | 83c2 f84d | 8957 48eb 
  0x000001273fa454c8: 1849 8bd7 | 49ba a03c | b257 fb7f | 0000 41ff 

  0x000001273fa454d8: ;   {other}
  0x000001273fa454d8: d20f 1f84 | 0000 0000 

  0x000001273fa454e0: ;   {oop(a 'java/lang/Class'{0x00000000870179b8} = 'com/st/microxplorer/plugins/updater/util/BufferPool')}
  0x000001273fa454e0: 0049 bab8 | 7901 8700 | 0000 0041 | 8b6a 74e9 | 04f0 ffff | 448b 5d0c | 4585 db0f | 842f 1600 
  0x000001273fa45500: 0049 8bd3 

  0x000001273fa45504: ;   {optimized virtual_call}
  0x000001273fa45504: 6666 90e8 

  0x000001273fa45508: ; ImmutableOopMap {rbp=NarrowOop [32]=Oop [40]=Oop [48]=Oop [56]=Oop }
                      ;*invokevirtual lastElement {reexecute=0 rethrow=0 return_oop=1}
                      ; - com.st.microxplorer.plugins.updater.util.BufferPool::mallocBuffer@32 (line 60)
                      ; - com.st.microxplorer.plugins.updater.util.ZipFileManager::deflateEntrySupport@8 (line 494)
  0x000001273fa45508: 74aa 00f8 

  0x000001273fa4550c: ;   {other}
  0x000001273fa4550c: 0f1f 8400 | fc15 0018 

  0x000001273fa45514: ; implicit exception: dispatches to 0x000001273fa46f03
  0x000001273fa45514: 448b 5008 

  0x000001273fa45518: ;   {metadata({type array byte})}
  0x000001273fa45518: 4181 fa3b | 8100 200f | 8533 1600 | 0044 8b5d | 0c45 85db | 0f84 1216 | 0000 488b | e849 8bfb 
  0x000001273fa45538: 488d 9c24 | 8800 0000 | 488b 07a8 | 020f 8523 | 0000 0048 | 83c8 0148 | 8903 f048 | 0fb1 1f0f 
  0x000001273fa45558: 8437 0000 | 0048 2bc4 | 4825 07f0 | ffff 4889 | 03e9 2400 | 0000 4c8b | d048 33c0 | f04d 0fb1 
  0x000001273fa45578: 7a3e 48c7 | 0303 0000 | 0074 114c | 3bf8 7515 | 49ff 8286 | 0000 0048 | 33c0 7509 | 49ff 8748 
  0x000001273fa45598: 0500 0033 | c00f 85f5 | 1500 0041 | 8b5b 1048 | 8d84 2488 | 0000 0048 | 8338 000f | 8479 0000 
  0x000001273fa455b8: 004c 8b17 | 41f6 c202 | 0f84 6200 | 0000 4983 | ba86 0000 | 0000 7409 | 49ff 8a86 | 0000 00eb 
  0x000001273fa455d8: 4b49 8b82 | 9600 0000 | 490b 828e | 0000 0075 | 0a49 c742 | 3e00 0000 | 00eb 3d49 | 83ba 9e00 
  0x000001273fa455f8: 0000 0074 | 2248 33c0 | 49c7 423e | 0000 0000 | f083 0424 | 0049 83ba | 9e00 0000 

  0x000001273fa45614: ;   {no_reloc}
  0x000001273fa45614: 0075 0df0 | 4d0f b17a | 3e75 0583 | c801 eb0c | a800 eb08 | 4c8b 10f0 | 4c0f b117 | 750a 49ff 
  0x000001273fa45634: 8f48 0500 | 0045 33d2 | 0f85 2e15 | 0000 488b | d7ff cb44 

  0x000001273fa45648: ;   {optimized virtual_call}
  0x000001273fa45648: 8bc3 90e8 

  0x000001273fa4564c: ; ImmutableOopMap {rbp=Oop [32]=Oop [40]=Oop [48]=Oop [56]=Oop }
                      ;*invokevirtual removeElementAt {reexecute=0 rethrow=0 return_oop=0}
                      ; - com.st.microxplorer.plugins.updater.util.BufferPool::mallocBuffer@52 (line 61)
                      ; - com.st.microxplorer.plugins.updater.util.ZipFileManager::deflateEntrySupport@8 (line 494)
  0x000001273fa4564c: 1048 3dff 

  0x000001273fa45650: ;   {other}
  0x000001273fa45650: 0f1f 8400 | 4017 0019 | 4889 6c24 | 50e9 aff0 | ffff 4533 | db45 33d2 | e90c f2ff | ff48 8d9c 
  0x000001273fa45670: 2480 0000 | 0049 8b01 | a802 0f85 | 2300 0000 | 4883 c801 | 4889 03f0 | 490f b119 | 0f84 3700 
  0x000001273fa45690: 0000 482b | c448 2507 | f0ff ff48 | 8903 e924 | 0000 004c | 8bd0 4833 | c0f0 4d0f | b17a 3e48 
  0x000001273fa456b0: c703 0300 | 0000 7411 | 4c3b f875 | 1549 ff82 | 8600 0000 | 4833 c075 | 0949 ff87 | 4805 0000 
  0x000001273fa456d0: 33c0 0f85 | 6415 0000 | 4c89 5c24 | 284c 8944 | 2458 4889 | 4c24 3849 | 8be9 498b 

  0x000001273fa456ec: ;   {optimized virtual_call}
  0x000001273fa456ec: d166 90e8 

  0x000001273fa456f0: ; ImmutableOopMap {rbp=Oop [32]=Oop [48]=Oop [64]=NarrowOop [80]=Oop }
                      ;*invokevirtual implFlush {reexecute=0 rethrow=0 return_oop=0}
                      ; - java.io.BufferedOutputStream::flush@46 (line 246)
                      ; - com.st.microxplorer.plugins.updater.util.ZipFileManager::deflateEntrySupport@95 (line 510)
  0x000001273fa456f0: 8c93 dcfe 

  0x000001273fa456f4: ;   {other}
  0x000001273fa456f4: 0f1f 8400 | e417 001a | 4c8b d548 | 8d84 2480 | 0000 0048 | 8338 000f | 8479 0000 | 004d 8b1a 
  0x000001273fa45714: 41f6 c302 | 0f84 6200 | 0000 4983 | bb86 0000 | 0000 7409 | 49ff 8b86 | 0000 00eb | 4b49 8b83 
  0x000001273fa45734: 9600 0000 | 490b 838e | 0000 0075 | 0a49 c743 | 3e00 0000 | 00eb 3d49 | 83bb 9e00 | 0000 0074 
  0x000001273fa45754: 2248 33c0 | 49c7 433e | 0000 0000 | f083 0424 | 0049 83bb | 9e00 0000 | 0075 0df0 | 4d0f b17b 
  0x000001273fa45774: 3e75 0583 | c801 eb0c | a800 eb08 | 4c8b 18f0 | 4d0f b11a | 750a 49ff | 8f48 0500 | 0045 33db 
  0x000001273fa45794: 0f84 25f7 | ffff 498b | ca48 8d94 | 2480 0000 | 004d 8bc7 | 49ba f07b | f357 fb7f | 0000 41ff 
  0x000001273fa457b4: ;   {other}
  0x000001273fa457b4: d20f 1f84 | 0000 0000 | 004c 8bd5 | e9fa f6ff | ff45 8b5a | 1445 85db | 0f84 3314 | 0000 4d8b 
  0x000001273fa457d4: cb48 8d9c | 2480 0000 | 0049 8b01 | a802 0f85 | 2300 0000 | 4883 c801 | 4889 03f0 | 490f b119 
  0x000001273fa457f4: 0f84 3700 | 0000 482b | c448 2507 | f0ff ff48 | 8903 e924 | 0000 004c | 8bd8 4833 | c0f0 4d0f 
  0x000001273fa45814: b17b 3e48 | c703 0300 | 0000 7411 | 4c3b f875 | 1549 ff83 | 8600 0000 | 4833 c075 | 0949 ff87 
  0x000001273fa45834: 4805 0000 | 33c0 0f85 | 3514 0000 | 450f b642 | 0c45 85c0 | 0f84 3a04 | 0000 488d | 8424 8000 
  0x000001273fa45854: 0000 4883 | 3800 0f84 | 7900 0000 | 4d8b 1141 | f6c2 020f | 8462 0000 | 0049 83ba | 8600 0000 
  0x000001273fa45874: 0074 0949 | ff8a 8600 | 0000 eb4b | 498b 8296 | 0000 0049 | 0b82 8e00 | 0000 750a | 49c7 423e 
  0x000001273fa45894: 0000 0000 | eb3d 4983 | ba9e 0000 | 0000 7422 | 4833 c049 | c742 3e00 | 0000 00f0 | 8304 2400 
  0x000001273fa458b4: ;   {no_reloc}
  0x000001273fa458b4: 4983 ba9e | 0000 0000 | 750d f04d | 0fb1 7a3e | 7505 83c8 | 01eb 0ca8 | 00eb 084c | 8b10 f04d 
  0x000001273fa458d4: 0fb1 1175 | 0a49 ff8f | 4805 0000 | 4533 d20f | 84ff f5ff | ff49 8bc9 | 488d 9424 | 8000 0000 
  0x000001273fa458f4: 4d8b c749 | baf0 7bf3 | 57fb 7f00 | 0041 ffd2 

  0x000001273fa45904: ;   {other}
  0x000001273fa45904: 0f1f 8400 | 0000 0000 | e9d7 f5ff | ff45 8b5a | 1c45 85db | 0f84 0a13 | 0000 4d8b | c348 8d9c 
  0x000001273fa45924: 2480 0000 | 0049 8b00 | a802 0f85 | 2300 0000 | 4883 c801 | 4889 03f0 | 490f b118 | 0f84 3700 
  0x000001273fa45944: 0000 482b | c448 2507 | f0ff ff48 | 8903 e924 | 0000 004c | 8bd8 4833 | c0f0 4d0f | b17b 3e48 
  0x000001273fa45964: c703 0300 | 0000 7411 | 4c3b f875 | 1549 ff83 | 8600 0000 | 4833 c075 | 0949 ff87 | 4805 0000 
  0x000001273fa45984: 33c0 0f85 | 2b13 0000 | 450f b65a | 0c45 85db | 0f84 e403 | 0000 488d | 8424 8000 | 0000 4883 
  0x000001273fa459a4: 3800 0f84 | 7900 0000 | 4d8b 1041 | f6c2 020f | 8462 0000 | 0049 83ba | 8600 0000 | 0074 0949 
  0x000001273fa459c4: ff8a 8600 | 0000 eb4b | 498b 8296 | 0000 0049 | 0b82 8e00 | 0000 750a | 49c7 423e | 0000 0000 
  0x000001273fa459e4: eb3d 4983 | ba9e 0000 | 0000 7422 | 4833 c049 | c742 3e00 | 0000 00f0 | 8304 2400 

  0x000001273fa45a00: ;   {no_reloc}
  0x000001273fa45a00: 4983 ba9e | 0000 0000 | 750d f04d | 0fb1 7a3e | 7505 83c8 | 01eb 0ca8 | 00eb 084c | 8b10 f04d 
  0x000001273fa45a20: 0fb1 1075 | 0a49 ff8f | 4805 0000 | 4533 d20f | 84c6 f4ff | ff49 8bc8 | 488d 9424 | 8000 0000 
  0x000001273fa45a40: 4d8b c749 | baf0 7bf3 | 57fb 7f00 | 0041 ffd2 

  0x000001273fa45a50: ;   {other}
  0x000001273fa45a50: 0f1f 8400 | 0000 0000 | e99e f4ff | ff49 8b9f | b801 0000 | 4c8b d349 | 83c2 104d | 3b97 c801 
  0x000001273fa45a70: 0000 0f83 | 750b 0000 | 4d89 97b8 | 0100 0041 | 0f0d 8ac0 | 0000 0048 | c703 0100 

  0x000001273fa45a8c: ;   {metadata('com/st/microxplorer/plugins/updater/util/BufferPool')}
  0x000001273fa45a8c: 0000 c743 | 082f 1f0f | 2044 8963 | 0c49 8bbf | b801 0000 | 4c8b d749 | 83c2 204d | 3b97 c801 
  0x000001273fa45aac: 0000 0f83 | 580b 0000 | 4d89 97b8 | 0100 0041 | 0f0d 8ac0 | 0000 0048 | c707 0100 

  0x000001273fa45ac8: ;   {metadata('java/util/Vector')}
  0x000001273fa45ac8: 0000 c747 | 08a8 e603 | 2044 8967 | 0c4c 8967 | 104c 8967 | 1849 8b87 | b801 0000 | 4c8b d049 
  0x000001273fa45ae8: 83c2 204d | 3b97 c801 | 0000 0f83 | 4a0b 0000 | 4d89 97b8 | 0100 0041 | 0f0d 8ac0 | 0000 0048 
  0x000001273fa45b08: c700 0100 | 0000 410f | 0d8a 0001 

  0x000001273fa45b14: ;   {metadata('java/lang/Object'[])}
  0x000001273fa45b14: 0000 c740 | 0870 b400 | 2041 0f0d | 8a40 0100 | 00c7 400c | 0300 0000 | 410f 0d8a | 8001 0000 
  0x000001273fa45b34: 4c89 6010 | 4c89 6018 | 4c8b db44 | 895c 2440 | 4c8b d844 | 895f 184c | 8bd0 4c8b | df4d 33d3 
  0x000001273fa45b54: 488b ef49 | c1ea 144d | 85d2 741a | 49c1 eb09 | 48b9 00c0 | 7a46 2701 | 0000 4903 | cb80 3902 
  0x000001273fa45b74: 0f85 4209 | 0000 4180 | 7f40 000f | 8504 0900 | 0089 6b0c | 4489 6714 | 4c8b d34c | 8bdf 4d33 
  0x000001273fa45b94: da49 c1eb | 144d 85db | 741a 49c1 | ea09 48b9 | 00c0 7a46 | 2701 0000 | 4903 ca80 | 3902 0f85 
  0x000001273fa45bb4: 5209 0000 | 4180 7f40 | 000f 8589 

  0x000001273fa45bc0: ;   {oop(a 'java/lang/Class'{0x00000000870179b8} = 'com/st/microxplorer/plugins/updater/util/BufferPool')}
  0x000001273fa45bc0: 0800 0049 | bab8 7901 | 8700 0000 | 0044 8b44 | 2440 4589 | 4274 4c8b 

  0x000001273fa45bd8: ;   {oop(a 'java/lang/Class'{0x00000000870179b8} = 'com/st/microxplorer/plugins/updater/util/BufferPool')}
  0x000001273fa45bd8: d349 bbb8 | 7901 8700 | 0000 004d | 33d3 49c1 | ea14 4d85 | d20f 8499 | f3ff ff49 | c1eb 094c 
  0x000001273fa45bf8: 8b44 2428 | 4d03 c341 | 8038 020f | 8483 f3ff | ff4d 8b57 | 484d 8b5f | 58f0 8344 | 24c0 0041 
  0x000001273fa45c18: 8038 0074 | 3245 8820 | 4d85 d274 | 0f4f 8944 | 13f8 4983 | c2f8 4d89 | 5748 eb1b | 498b c849 
  0x000001273fa45c38: 8bd7 49ba | a03c b257 | fb7f 0000 

  0x000001273fa45c44: ;   {other}
  0x000001273fa45c44: 41ff d20f | 1f84 0000 

  0x000001273fa45c4c: ;   {oop(a 'java/lang/Class'{0x00000000870179b8} = 'com/st/microxplorer/plugins/updater/util/BufferPool')}
  0x000001273fa45c4c: 0000 0049 | bab8 7901 | 8700 0000 | 0045 8b52 | 7444 8954 | 2440 e925 | f3ff ffba | 45ff ffff 
  0x000001273fa45c6c: 488b 6c24 | 2048 894c | 2420 4489 

  0x000001273fa45c78: ;   {runtime_call UncommonTrapBlob}
  0x000001273fa45c78: 5c24 40e8 

  0x000001273fa45c7c: ; ImmutableOopMap {rbp=Oop [48]=Oop [56]=Oop [80]=Oop }
                      ;*ifne {reexecute=1 rethrow=0 return_oop=0}
                      ; - (reexecute) com.st.microxplorer.plugins.updater.util.ZipFileManager::deflateEntrySupport@59 (line 503)
  0x000001273fa45c7c: 80e9 dcfe 

  0x000001273fa45c80: ;   {other}
  0x000001273fa45c80: 0f1f 8400 | 701d 001b | 41c6 420c | 01f0 8344 | 24c0 0048 | 8d84 2480 | 0000 0048 | 8338 000f 
  0x000001273fa45ca0: 8479 0000 | 004d 8b19 | 41f6 c302 | 0f84 6200 | 0000 4983 | bb86 0000 | 0000 7409 | 49ff 8b86 
  0x000001273fa45cc0: 0000 00eb | 4b49 8b83 | 9600 0000 | 490b 838e | 0000 0075 | 0a49 c743 | 3e00 0000 | 00eb 3d49 
  0x000001273fa45ce0: 83bb 9e00 | 0000 0074 | 2248 33c0 | 49c7 433e | 0000 0000 | f083 0424 | 0049 83bb | 9e00 0000 
  0x000001273fa45d00: 0075 0df0 | 4d0f b17b | 3e75 0583 | c801 eb0c | a800 eb08 | 4c8b 18f0 | 4d0f b119 | 750a 49ff 
  0x000001273fa45d20: 8f48 0500 | 0045 33db | 0f85 1e10 | 0000 4c8b | 5c24 384c | 895c 2420 | 498b ea49 

  0x000001273fa45d3c: ;   {optimized virtual_call}
  0x000001273fa45d3c: 8bd2 90e8 

  0x000001273fa45d40: ; ImmutableOopMap {rbp=Oop [48]=Oop [64]=NarrowOop [80]=Oop }
                      ;*invokevirtual flush {reexecute=0 rethrow=0 return_oop=0}
                      ; - java.io.FilterOutputStream::close@43 (line 184)
                      ; - com.st.microxplorer.plugins.updater.util.ZipFileManager::deflateEntrySupport@116 (line 516)
  0x000001273fa45d40: 5c7a eaf7 

  0x000001273fa45d44: ;   {other}
  0x000001273fa45d44: 0f1f 8400 | 341e 001c | 4c8b d545 | 8b52 1049 | 8bd2 488b | 6c24 2066 | 9048 b830 | e306 0001 
  0x000001273fa45d64: ;   {virtual_call}
  0x000001273fa45d64: 0000 00e8 

  0x000001273fa45d68: ; ImmutableOopMap {[48]=Oop [64]=NarrowOop [80]=Oop }
                      ;*invokevirtual close {reexecute=0 rethrow=0 return_oop=0}
                      ; - java.io.FilterOutputStream::close@54 (line 190)
                      ; - com.st.microxplorer.plugins.updater.util.ZipFileManager::deflateEntrySupport@116 (line 516)
  0x000001273fa45d68: 14e5 d5f7 

  0x000001273fa45d6c: ;   {other}
  0x000001273fa45d6c: 0f1f 8400 | 5c1e 001d | 4889 6c24 | 38e9 6af1 | ffff 41c6 | 420c 01f0 | 8344 24c0 | 0048 8d84 
  0x000001273fa45d8c: 2480 0000 | 0048 8338 | 000f 8479 | 0000 004d | 8b18 41f6 | c302 0f84 | 6200 0000 | 4983 bb86 
  0x000001273fa45dac: 0000 0000 | 7409 49ff | 8b86 0000 | 00eb 4b49 | 8b83 9600 | 0000 490b | 838e 0000 | 0075 0a49 
  0x000001273fa45dcc: c743 3e00 | 0000 00eb | 3d49 83bb | 9e00 0000 | 0074 2248 | 33c0 49c7 | 433e 0000 | 0000 f083 
  0x000001273fa45dec: 0424 0049 | 83bb 9e00 | 0000 0075 | 0df0 4d0f | b17b 3e75 | 0583 c801 | eb0c a800 | eb08 4c8b 
  0x000001273fa45e0c: 18f0 4d0f | b118 750a | 49ff 8f48 | 0500 0045 | 33db 0f85 | 560f 0000 | 458b 4214 | 4585 c074 
  0x000001273fa45e2c: 1649 8bea 

  0x000001273fa45e30: ;   {optimized virtual_call}
  0x000001273fa45e30: 498b d0e8 

  0x000001273fa45e34: ; ImmutableOopMap {rbp=Oop [64]=NarrowOop [80]=Oop }
                      ;*invokevirtual close {reexecute=0 rethrow=0 return_oop=0}
                      ; - java.io.FileOutputStream::close@50 (line 414)
                      ; - com.st.microxplorer.plugins.updater.util.ZipFileManager::deflateEntrySupport@146 (line 516)
  0x000001273fa45e34: 488c dcfe 

  0x000001273fa45e38: ;   {other}
  0x000001273fa45e38: 0f1f 8400 | 281f 001e | 4c8b d541 | 8b6a 104d | 8b87 b801 | 0000 4d8b | d849 83c3 | 104d 3b9f 
  0x000001273fa45e58: c801 0000 | 0f83 060b | 0000 4d89 | 9fb8 0100 | 0041 0f0d | 8bc0 0000 | 0049 c700 | 0100 0000 
  0x000001273fa45e78: ;   {metadata('java/io/FileOutputStream$1')}
  0x000001273fa45e78: 41c7 4008 | a99a 0620 | 4589 600c | 448b 5c24 | 4045 8958 | 0c85 ed0f | 84a0 0e00 | 0048 8bd5 
  0x000001273fa45e98: ;   {optimized virtual_call}
  0x000001273fa45e98: 6666 90e8 

  0x000001273fa45e9c: ; ImmutableOopMap {[80]=Oop }
                      ;*invokevirtual closeAll {reexecute=0 rethrow=0 return_oop=0}
                      ; - java.io.FileOutputStream::close@65 (line 417)
                      ; - com.st.microxplorer.plugins.updater.util.ZipFileManager::deflateEntrySupport@146 (line 516)
  0x000001273fa45e9c: e08b dcfe 

  0x000001273fa45ea0: ;   {other}
  0x000001273fa45ea0: 0f1f 8400 | 901f 001f | e94e f0ff | ff48 8b5c | 2430 448b | 5310 4585 | d20f 8480 | eaff ff4d 
  0x000001273fa45ec0: 8b5f 2849 | 8bca 4d85 | db0f 84b1 | 0900 004d | 8b57 384b | 894c 1af8 | 4983 c3f8 | 4d89 5f28 
  0x000001273fa45ee0: e95a eaff | ff44 8b5d | 1845 85db | 0f84 a1ea | ffff 4d8b | 5728 498b | cb4d 85d2 | 0f84 9b09 
  0x000001273fa45f00: 0000 4d8b | 5f38 4b89 | 4c13 f849 | 83c2 f84d | 8957 28e9 | 7bea ffff | 418b 4810 | 85c9 0f84 
  0x000001273fa45f20: daeb ffff | 498b 5f28 | 4885 db0f | 8489 0900 | 0049 8b7f | 3848 894c | 1ff8 4883 | c3f8 4989 
  0x000001273fa45f40: 5f28 e9b7 | ebff ff45 | 8b42 2445 | 85c0 0f84 | 35ed ffff | 4d8b 4f28 | 498b c84d | 85c9 0f84 
  0x000001273fa45f60: ae09 0000 | 4d8b 4738 | 4b89 4c08 | f849 83c1 | f84d 894f | 28e9 0fed | ffff 4c8b | 5424 3845 
  0x000001273fa45f80: 8b42 2045 | 85c0 0f84 | dfeb ffff | 4d8b 5f28 | 498b c84d | 85db 0f84 | 5309 0000 

  0x000001273fa45f9c: ;   {no_reloc}
  0x000001273fa45f9c: 4d8b 4738 | 4b89 4c18 | f849 83c3 | f84d 895f | 28e9 b9eb | ffff 4d8b | 5758 4d8b | 5f48 f083 
  0x000001273fa45fbc: 4424 c000 | 8039 000f | 849e e8ff | ff44 8821 | 4d85 db75 | 1d49 8bd7 | 49ba a03c | b257 fb7f 
  0x000001273fa45fdc: 0000 41ff 

  0x000001273fa45fe0: ;   {other}
  0x000001273fa45fe0: d20f 1f84 | 0000 0000 | 00e9 79e8 | ffff 4b89 | 4c1a f849 | 83c3 f84d | 895f 48e9 | 67e8 ffff 
  0x000001273fa46000: 4d8b 5748 | 4d8b 5f58 | f083 4424 | c000 8039 | 0074 2f44 | 8821 4d85 | d274 0f4b | 894c 13f8 
  0x000001273fa46020: 4983 c2f8 | 4d89 5748 | eb18 498b | d749 baa0 | 3cb2 57fb | 7f00 0041 

  0x000001273fa46038: ;   {other}
  0x000001273fa46038: ffd2 0f1f | 8400 0000 | 0000 448b | 5b10 4585 | db0f 8459 | 0d00 004d | 8bd3 498b | fae9 18e9 
  0x000001273fa46058: ffff 4d8b | 5748 4d8b | 5f58 f083 | 4424 c000 | 8039 000f | 845a e9ff | ff44 8821 | 4d85 d275 
  0x000001273fa46078: 1d49 8bd7 | 49ba a03c | b257 fb7f | 0000 41ff 

  0x000001273fa46088: ;   {other}
  0x000001273fa46088: d20f 1f84 | 0000 0000 | 00e9 35e9 | ffff 4b89 | 4c13 f849 | 83c2 f84d | 8957 48e9 | 23e9 ffff 
  0x000001273fa460a8: 498b 5f58 | 498b 7f48 | f083 4424 | c000 8039 | 000f 8434 | eaff ff44 | 8821 4885 | ff75 3545 
  0x000001273fa460c8: 8bf3 498b | f049 8bf9 | 498b da49 | 8bd7 49ba | a03c b257 | fb7f 0000 

  0x000001273fa460e0: ;   {other}
  0x000001273fa460e0: 41ff d20f | 1f84 0000 | 0000 004c | 8bd3 4c8b | cf4c 8bc6 | 458b dee9 | f7e9 ffff | 4889 4c3b 
  0x000001273fa46100: f848 83c7 | f849 897f | 48e9 e5e9 | ffff 498b | 5f48 498b | 7f58 f083 | 4424 c000 | 8039 000f 
  0x000001273fa46120: 8409 eaff | ff44 8821 | 4885 db75 | 3545 8bf3 | 498b f049 | 8bf9 498b | da49 8bd7 | 49ba a03c 
  0x000001273fa46140: b257 fb7f | 0000 41ff 

  0x000001273fa46148: ;   {other}
  0x000001273fa46148: d20f 1f84 | 0000 0000 | 004c 8bd3 | 4c8b cf4c | 8bc6 458b | dee9 cce9 | ffff 4889 | 4c1f f848 
  0x000001273fa46168: 83c3 f849 | 895f 48e9 | bae9 ffff | 4d8b 4758 | 4d8b 4f48 | f083 4424 | c000 8039 | 000f 8431 
  0x000001273fa46188: ebff ff44 | 8821 4d85 | c975 2941 | 8bfb 498b | da49 8bd7 | 49ba a03c | b257 fb7f | 0000 41ff 
  0x000001273fa461a8: ;   {other}
  0x000001273fa461a8: d20f 1f84 | 0000 0000 | 004c 8bd3 | 448b dfe9 | 00eb ffff | 4b89 4c08 | f849 83c1 | f84d 894f 
  0x000001273fa461c8: 48e9 eeea | ffff 4d8b | 5f58 4d8b | 4748 f083 | 4424 c000 | 8039 000f | 84be e9ff | ff44 8821 
  0x000001273fa461e8: 4d85 c075 | 2349 8bda | 498b d749 | baa0 3cb2 | 57fb 7f00 | 0041 ffd2 

  0x000001273fa46200: ;   {other}
  0x000001273fa46200: 0f1f 8400 | 0000 0000 | 4c8b d3e9 | 93e9 ffff | 4b89 4c03 | f849 83c0 | f84d 8947 | 48e9 81e9 
  0x000001273fa46220: ;   {metadata('java/io/FileOutputStream')}
  0x000001273fa46220: ffff 48ba | 30e3 0600 | 0100 0000 | 488b 6c24 

  0x000001273fa46230: ;   {runtime_call _new_instance_Java}
  0x000001273fa46230: 2066 90e8 

  0x000001273fa46234: ; ImmutableOopMap {rbp=Oop [32]=Oop [40]=Oop [48]=Oop [80]=Oop }
                      ;*new {reexecute=0 rethrow=0 return_oop=1}
                      ; - com.st.microxplorer.plugins.updater.util.ZipFileManager::deflateEntrySupport@13 (line 498)
  0x000001273fa46234: c844 e9fe 

  0x000001273fa46238: ;   {other}
  0x000001273fa46238: 0f1f 8400 | 2823 0020 | e9b0 e5ff | ff48 8beb 

  0x000001273fa46248: ;   {metadata('java/lang/Object')}
  0x000001273fa46248: 48ba b811 | 0400 0100 

  0x000001273fa46250: ;   {runtime_call _new_instance_Java}
  0x000001273fa46250: 0000 90e8 

  0x000001273fa46254: ; ImmutableOopMap {rbp=Oop [32]=Oop [40]=Oop [48]=Oop [80]=Oop }
                      ;*new {reexecute=0 rethrow=0 return_oop=1}
                      ; - java.io.FileOutputStream::<init>@5 (line 88)
                      ; - java.io.FileOutputStream::<init>@3 (line 179)
                      ; - com.st.microxplorer.plugins.updater.util.ZipFileManager::deflateEntrySupport@18 (line 498)
  0x000001273fa46254: a844 e9fe 

  0x000001273fa46258: ;   {other}
  0x000001273fa46258: 0f1f 8400 | 4823 0021 | 488b dde9 | cce5 ffff 

  0x000001273fa46268: ;   {metadata('java/io/FileDescriptor')}
  0x000001273fa46268: 48ba f0d7 | 0600 0100 | 0000 488b 

  0x000001273fa46274: ;   {runtime_call _new_instance_Java}
  0x000001273fa46274: 6c24 20e8 

  0x000001273fa46278: ; ImmutableOopMap {rbp=Oop [32]=Oop [40]=Oop [48]=Oop [56]=Oop [80]=Oop }
                      ;*new {reexecute=0 rethrow=0 return_oop=1}
                      ; - java.io.FileOutputStream::<init>@74 (line 226)
                      ; - java.io.FileOutputStream::<init>@3 (line 179)
                      ; - com.st.microxplorer.plugins.updater.util.ZipFileManager::deflateEntrySupport@18 (line 498)
  0x000001273fa46278: 8444 e9fe 

  0x000001273fa4627c: ;   {other}
  0x000001273fa4627c: 0f1f 8400 | 6c23 0022 | 488b f8e9 | 94e6 ffff 

  0x000001273fa4628c: ;   {oop(a 'java/lang/Class'{0x00000000870179b8} = 'com/st/microxplorer/plugins/updater/util/BufferPool')}
  0x000001273fa4628c: 49ba b879 | 0187 0000 | 0000 458b | 5274 4585 | d20f 84b7 | f1ff ff4d | 8b5f 2849 | 8bca 4d85 
  0x000001273fa462ac: db0f 8435 | 0900 004d | 8b57 384b | 894c 1af8 | 4983 c3f8 | 4d89 5f28 | e991 f1ff | ff44 8b53 
  0x000001273fa462cc: 0c45 85d2 | 0f84 45f1 | ffff 4d8b | 5f28 498b | ca4d 85db | 0f84 e508 | 0000 4d8b | 5738 4b89 
  0x000001273fa462ec: 4c1a f849 | 83c3 f84d | 895f 28e9 | 1ff1 ffff | 896c 2438 

  0x000001273fa46300: ;   {metadata('java/lang/Object')}
  0x000001273fa46300: 498b e848 | bab8 1104 | 0001 0000 

  0x000001273fa4630c: ;   {runtime_call _new_instance_Java}
  0x000001273fa4630c: 0066 90e8 

  0x000001273fa46310: ; ImmutableOopMap {rbp=Oop [32]=Oop [40]=Oop [48]=Oop [80]=Oop }
                      ;*new {reexecute=0 rethrow=0 return_oop=1}
                      ; - java.io.FilterOutputStream::<init>@5 (line 60)
                      ; - java.io.BufferedOutputStream::<init>@2 (line 81)
                      ; - java.io.BufferedOutputStream::<init>@4 (line 119)
                      ; - com.st.microxplorer.plugins.updater.util.ZipFileManager::deflateEntrySupport@32 (line 499)
  0x000001273fa46310: ec43 e9fe 

  0x000001273fa46314: ;   {other}
  0x000001273fa46314: 0f1f 8400 | 0424 0023 | 4c8b 5424 | 504c 8bc5 | 8b6c 2438 | e98b e7ff 

  0x000001273fa4632c: ;   {metadata('java/io/BufferedOutputStream')}
  0x000001273fa4632c: ff48 ba80 | fe06 0001 | 0000 0048 | 8b6c 2420 

  0x000001273fa4633c: ;   {runtime_call _new_instance_Java}
  0x000001273fa4633c: 6666 90e8 

  0x000001273fa46340: ; ImmutableOopMap {rbp=Oop [32]=Oop [40]=Oop [48]=Oop [80]=Oop }
                      ;*new {reexecute=0 rethrow=0 return_oop=1}
                      ; - com.st.microxplorer.plugins.updater.util.ZipFileManager::deflateEntrySupport@23 (line 499)
  0x000001273fa46340: bc43 e9fe 

  0x000001273fa46344: ;   {other}
  0x000001273fa46344: 0f1f 8400 | 3424 0024 | e91f e7ff | ff89 6c24 | 3849 8bea 

  0x000001273fa46358: ;   {metadata({type array byte})}
  0x000001273fa46358: 48ba d809 | 0400 0100 | 0000 458b 

  0x000001273fa46364: ;   {runtime_call _new_array_Java}
  0x000001273fa46364: c366 90e8 

  0x000001273fa46368: ; ImmutableOopMap {rbp=Oop [32]=Oop [40]=Oop [48]=Oop [64]=NarrowOop [80]=Oop }
                      ;*newarray {reexecute=0 rethrow=0 return_oop=1}
                      ; - java.io.BufferedOutputStream::<init>@37 (line 90)
                      ; - java.io.BufferedOutputStream::<init>@4 (line 119)
                      ; - com.st.microxplorer.plugins.updater.util.ZipFileManager::deflateEntrySupport@32 (line 499)
  0x000001273fa46368: 9446 e9fe 

  0x000001273fa4636c: ;   {other}
  0x000001273fa4636c: 0f1f 8400 | 5c24 0025 | 4c8b d544 | 8b5c 2438 | 488b d8e9 | fae8 ffff | 4d8b 5748 | 4d8b 5f58 
  0x000001273fa4638c: f083 4424 | c000 8039 | 000f 8475 | f0ff ff44 | 8821 4d85 | d275 1d49 | 8bd7 49ba | a03c b257 
  0x000001273fa463ac: fb7f 0000 

  0x000001273fa463b0: ;   {other}
  0x000001273fa463b0: 41ff d20f | 1f84 0000 | 0000 00e9 | 50f0 ffff | 4b89 4c13 | f849 83c2 | f84d 8957 | 48e9 3ef0 
  0x000001273fa463d0: ffff 4d8b | 5748 4d8b | 5f58 f083 | 4424 c000 | 8039 000f | 8466 f0ff | ff44 8821 | 4d85 d275 
  0x000001273fa463f0: 1d49 8bd7 | 49ba a03c | b257 fb7f | 0000 41ff 

  0x000001273fa46400: ;   {other}
  0x000001273fa46400: d20f 1f84 | 0000 0000 | 00e9 41f0 | ffff 4b89 | 4c13 f849 | 83c2 f84d | 8957 48e9 | 2ff0 ffff 
  0x000001273fa46420: 41b8 0000 

  0x000001273fa46424: ;   {metadata({type array byte})}
  0x000001273fa46424: 0800 48ba | d809 0400 | 0100 0000 | 488b 6c24 

  0x000001273fa46434: ;   {runtime_call _new_array_Java}
  0x000001273fa46434: 2066 90e8 

  0x000001273fa46438: ; ImmutableOopMap {rbp=Oop [32]=Oop [40]=Oop [48]=Oop [56]=Oop }
                      ;*newarray {reexecute=0 rethrow=0 return_oop=1}
                      ; - com.st.microxplorer.plugins.updater.util.BufferPool::mallocBuffer@12 (line 57)
                      ; - com.st.microxplorer.plugins.updater.util.ZipFileManager::deflateEntrySupport@8 (line 494)
  0x000001273fa46438: c445 e9fe 

  0x000001273fa4643c: ;   {other}
  0x000001273fa4643c: 0f1f 8400 | 2c25 0026 | 488b e8e9 | 9fe2 ffff 

  0x000001273fa4644c: ;   {oop(a 'java/lang/Class'{0x00000000870179b8} = 'com/st/microxplorer/plugins/updater/util/BufferPool')}
  0x000001273fa4644c: 49ba b879 | 0187 0000 | 0000 458b | 5274 4585 | d20f 8460 | f7ff ff4d | 8b5f 2849 | 8bca 4d85 
  0x000001273fa4646c: db0f 8488 | 0800 004d | 8b57 384b | 894c 1af8 | 4983 c3f8 | 4d89 5f28 | e93a f7ff | ff44 8b53 
  0x000001273fa4648c: 0c45 85d2 | 0f84 eff6 | ffff 4d8b | 5f28 498b | ca4d 85db | 0f84 7208 | 0000 4d8b | 5738 4b89 
  0x000001273fa464ac: 4c1a f849 | 83c3 f84d | 895f 28e9 | c9f6 ffff | 4d8b 5748 | 4d8b 5f58 | f083 4424 | c000 8039 
  0x000001273fa464cc: 000f 84a7 | f6ff ff44 | 8821 4d85 | d275 1d49 | 8bd7 49ba | a03c b257 | fb7f 0000 

  0x000001273fa464e8: ;   {other}
  0x000001273fa464e8: 41ff d20f | 1f84 0000 | 0000 00e9 | 82f6 ffff | 4b89 4c13 | f849 83c2 | f84d 8957 | 48e9 70f6 
  0x000001273fa46508: ffff 4d8b | 5748 4d8b | 5f58 f083 | 4424 c000 | 8039 000f | 8497 f6ff | ff44 8821 | 4d85 d275 
  0x000001273fa46528: 1d49 8bd7 | 49ba a03c | b257 fb7f | 0000 41ff 

  0x000001273fa46538: ;   {other}
  0x000001273fa46538: d20f 1f84 | 0000 0000 | 00e9 72f6 | ffff 4b89 | 4c13 f849 | 83c2 f84d | 8957 48e9 | 60f6 ffff 
  0x000001273fa46558: ;   {metadata('com/st/microxplorer/plugins/updater/util/BufferPool')}
  0x000001273fa46558: 48ba 78f9 | 7800 0100 | 0000 488b 

  0x000001273fa46564: ;   {runtime_call _new_instance_Java}
  0x000001273fa46564: 6c24 20e8 

  0x000001273fa46568: ; ImmutableOopMap {rbp=Oop [32]=Oop [40]=Oop [48]=Oop }
                      ;*new {reexecute=0 rethrow=0 return_oop=1}
                      ; - com.st.microxplorer.plugins.updater.util.BufferPool::getBufferPool@6 (line 45)
                      ; - com.st.microxplorer.plugins.updater.util.ZipFileManager::deflateEntrySupport@5 (line 494)
  0x000001273fa46568: 9441 e9fe 

  0x000001273fa4656c: ;   {other}
  0x000001273fa4656c: 0f1f 8400 | 5c26 0027 | 488b d8e9 | b8ed ffff 

  0x000001273fa4657c: ;   {metadata('java/util/Vector')}
  0x000001273fa4657c: 488b eb48 | ba40 351f | 0001 0000 

  0x000001273fa46588: ;   {runtime_call _new_instance_Java}
  0x000001273fa46588: 0066 90e8 

  0x000001273fa4658c: ; ImmutableOopMap {rbp=Oop [32]=Oop [40]=Oop [48]=Oop }
                      ;*new {reexecute=0 rethrow=0 return_oop=1}
                      ; - com.st.microxplorer.plugins.updater.util.BufferPool::<init>@5 (line 35)
                      ; - com.st.microxplorer.plugins.updater.util.BufferPool::getBufferPool@10 (line 45)
                      ; - com.st.microxplorer.plugins.updater.util.ZipFileManager::deflateEntrySupport@5 (line 494)
  0x000001273fa4658c: 7041 e9fe 

  0x000001273fa46590: ;   {other}
  0x000001273fa46590: 0f1f 8400 | 8026 0028 | 488b dd48 | 8bf8 e9d5 | edff ff48 | 897c 2438 

  0x000001273fa465a8: ;   {metadata('java/lang/Object'[])}
  0x000001273fa465a8: 488b eb48 | ba80 a305 | 0001 0000 | 0041 b803 

  0x000001273fa465b8: ;   {runtime_call _new_array_Java}
  0x000001273fa465b8: 0000 00e8 

  0x000001273fa465bc: ; ImmutableOopMap {rbp=Oop [32]=Oop [40]=Oop [48]=Oop [56]=Oop }
                      ;*anewarray {reexecute=0 rethrow=0 return_oop=1}
                      ; - java.util.Vector::<init>@37 (line 146)
                      ; - java.util.Vector::<init>@3 (line 159)
                      ; - com.st.microxplorer.plugins.updater.util.BufferPool::<init>@10 (line 35)
                      ; - com.st.microxplorer.plugins.updater.util.BufferPool::getBufferPool@10 (line 45)
                      ; - com.st.microxplorer.plugins.updater.util.ZipFileManager::deflateEntrySupport@5 (line 494)
  0x000001273fa465bc: 4044 e9fe 

  0x000001273fa465c0: ;   {other}
  0x000001273fa465c0: 0f1f 8400 | b026 0029 | 488b dd48 | 8b7c 2438 | e902 eeff | ff49 bb00 | c07a 4627 | 0100 0049 
  0x000001273fa465e0: c7c0 ffff | ffff 33c9 | e969 e8ff 

  0x000001273fa465ec: ;   {metadata('com/st/microxplorer/plugins/updater/util/BufferPool')}
  0x000001273fa465ec: ff48 ba78 | f978 0001 

  0x000001273fa465f4: ;   {runtime_call _new_instance_Java}
  0x000001273fa465f4: 0000 00e8 

  0x000001273fa465f8: ; ImmutableOopMap {[80]=Oop }
                      ;*new {reexecute=0 rethrow=0 return_oop=1}
                      ; - com.st.microxplorer.plugins.updater.util.BufferPool::getBufferPool@6 (line 45)
                      ; - com.st.microxplorer.plugins.updater.util.ZipFileManager::deflateEntrySupport@174 (line 519)
  0x000001273fa465f8: 0441 e9fe 

  0x000001273fa465fc: ;   {other}
  0x000001273fa465fc: 0f1f 8400 | ec26 002a | 488b d8e9 | 8df4 ffff | 4889 5c24 | 2048 8b6c 

  0x000001273fa46614: ;   {metadata('java/util/Vector')}
  0x000001273fa46614: 2438 48ba | 4035 1f00 | 0100 0000 

  0x000001273fa46620: ;   {runtime_call _new_instance_Java}
  0x000001273fa46620: 6666 90e8 

  0x000001273fa46624: ; ImmutableOopMap {[32]=Oop [80]=Oop }
                      ;*new {reexecute=0 rethrow=0 return_oop=1}
                      ; - com.st.microxplorer.plugins.updater.util.BufferPool::<init>@5 (line 35)
                      ; - com.st.microxplorer.plugins.updater.util.BufferPool::getBufferPool@10 (line 45)
                      ; - com.st.microxplorer.plugins.updater.util.ZipFileManager::deflateEntrySupport@174 (line 519)
  0x000001273fa46624: d840 e9fe 

  0x000001273fa46628: ;   {other}
  0x000001273fa46628: 0f1f 8400 | 1827 002b | 4889 6c24 | 3848 8b5c | 2420 488b | f8e9 9bf4 | ffff 4889 | 7c24 3048 
  0x000001273fa46648: 895c 2420 | 488b 6c24 

  0x000001273fa46650: ;   {metadata('java/lang/Object'[])}
  0x000001273fa46650: 3848 ba80 | a305 0001 | 0000 0041 | b803 0000 

  0x000001273fa46660: ;   {runtime_call _new_array_Java}
  0x000001273fa46660: 0066 90e8 

  0x000001273fa46664: ; ImmutableOopMap {[32]=Oop [48]=Oop [80]=Oop }
                      ;*anewarray {reexecute=0 rethrow=0 return_oop=1}
                      ; - java.util.Vector::<init>@37 (line 146)
                      ; - java.util.Vector::<init>@3 (line 159)
                      ; - com.st.microxplorer.plugins.updater.util.BufferPool::<init>@10 (line 35)
                      ; - com.st.microxplorer.plugins.updater.util.BufferPool::getBufferPool@10 (line 45)
                      ; - com.st.microxplorer.plugins.updater.util.ZipFileManager::deflateEntrySupport@174 (line 519)
  0x000001273fa46664: 9843 e9fe 

  0x000001273fa46668: ;   {other}
  0x000001273fa46668: 0f1f 8400 | 5827 002c | 4889 6c24 | 3848 8b5c | 2420 488b | 7c24 30e9 | b8f4 ffff | baf6 ffff 
  0x000001273fa46688: ff48 8b6c | 2420 4c8b | 5424 284c | 8954 2420 

  0x000001273fa46698: ;   {runtime_call UncommonTrapBlob}
  0x000001273fa46698: 6666 90e8 

  0x000001273fa4669c: ; ImmutableOopMap {rbp=Oop [32]=Oop [48]=Oop }
                      ;*invokevirtual mallocBuffer {reexecute=0 rethrow=0 return_oop=0}
                      ; - com.st.microxplorer.plugins.updater.util.ZipFileManager::deflateEntrySupport@8 (line 494)
  0x000001273fa4669c: 60df dcfe 

  0x000001273fa466a0: ;   {other}
  0x000001273fa466a0: 0f1f 8400 | 9027 002d | baf6 ffff 

  0x000001273fa466ac: ;   {runtime_call UncommonTrapBlob}
  0x000001273fa466ac: ff66 90e8 

  0x000001273fa466b0: ; ImmutableOopMap {rbp=NarrowOop [32]=Oop [40]=Oop [48]=Oop }
                      ;*invokevirtual isEmpty {reexecute=0 rethrow=0 return_oop=0}
                      ; - com.st.microxplorer.plugins.updater.util.BufferPool::mallocBuffer@4 (line 56)
                      ; - com.st.microxplorer.plugins.updater.util.ZipFileManager::deflateEntrySupport@8 (line 494)
  0x000001273fa466b0: 4cdf dcfe 

  0x000001273fa466b4: ;   {other}
  0x000001273fa466b4: 0f1f 8400 | a427 002e | ba27 0000 | 0048 8b6c | 2420 4c8b | 5424 284c | 8954 2420 

  0x000001273fa466d0: ;   {runtime_call UncommonTrapBlob}
  0x000001273fa466d0: 6666 90e8 

  0x000001273fa466d4: ; ImmutableOopMap {rbp=Oop [32]=Oop [48]=Oop [80]=Oop }
                      ;*new {reexecute=0 rethrow=0 return_oop=0}
                      ; - java.io.FileOutputStream::<init>@48 (line 221)
                      ; - java.io.FileOutputStream::<init>@3 (line 179)
                      ; - com.st.microxplorer.plugins.updater.util.ZipFileManager::deflateEntrySupport@18 (line 498)
  0x000001273fa466d4: 28df dcfe 

  0x000001273fa466d8: ;   {other}
  0x000001273fa466d8: 0f1f 8400 | c827 002f | baf6 ffff | ff48 8b6c | 2420 4c8b | 5424 284c | 8954 2420 

  0x000001273fa466f4: ;   {runtime_call UncommonTrapBlob}
  0x000001273fa466f4: 6666 90e8 

  0x000001273fa466f8: ; ImmutableOopMap {rbp=Oop [32]=Oop [48]=Oop [80]=Oop }
                      ;*invokevirtual isInvalid {reexecute=0 rethrow=0 return_oop=0}
                      ; - java.io.FileOutputStream::<init>@57 (line 223)
                      ; - java.io.FileOutputStream::<init>@3 (line 179)
                      ; - com.st.microxplorer.plugins.updater.util.ZipFileManager::deflateEntrySupport@18 (line 498)
  0x000001273fa466f8: 04df dcfe 

  0x000001273fa466fc: ;   {other}
  0x000001273fa466fc: 0f1f 8400 | ec27 0030 | baf6 ffff | ff48 8b6c | 2420 4c8b | 4424 504c | 8944 2420 | 4c8b 4424 
  0x000001273fa4671c: 304c 8944 | 2428 4c89 | 5424 3044 | 895c 2440 

  0x000001273fa4672c: ;   {runtime_call UncommonTrapBlob}
  0x000001273fa4672c: 6666 90e8 

  0x000001273fa46730: ; ImmutableOopMap {rbp=Oop [32]=Oop [40]=Oop [48]=Oop }
                      ;*invokevirtual read {reexecute=0 rethrow=0 return_oop=0}
                      ; - com.st.microxplorer.plugins.updater.util.ZipFileManager::deflateEntrySupport@44 (line 502)
  0x000001273fa46730: ccde dcfe 

  0x000001273fa46734: ;   {other}
  0x000001273fa46734: 0f1f 8400 | 2428 0031 

  0x000001273fa4673c: ;   {oop(a 'java/lang/Class'{0x00000000870179b8} = 'com/st/microxplorer/plugins/updater/util/BufferPool')}
  0x000001273fa4673c: 48b9 b879 | 0187 0000 | 0000 488d | 9424 8000 | 0000 4d8b | c749 baf0 | 7bf3 57fb | 7f00 0041 
  0x000001273fa4675c: ;   {other}
  0x000001273fa4675c: ffd2 0f1f | 8400 0000 | 0000 e932 

  0x000001273fa46768: ;   {oop(a 'java/lang/Class'{0x00000000870179b8} = 'com/st/microxplorer/plugins/updater/util/BufferPool')}
  0x000001273fa46768: deff ff48 | bab8 7901 | 8700 0000 | 004c 8d84 | 2480 0000 | 0048 8b6c 

  0x000001273fa46780: ;   {runtime_call _complete_monitor_locking_Java}
  0x000001273fa46780: 2420 90e8 

  0x000001273fa46784: ; ImmutableOopMap {rbp=Oop [32]=Oop [40]=Oop [48]=Oop }
                      ;*synchronization entry
                      ; - com.st.microxplorer.plugins.updater.util.BufferPool::getBufferPool@-1 (line 44)
                      ; - com.st.microxplorer.plugins.updater.util.ZipFileManager::deflateEntrySupport@5 (line 494)
  0x000001273fa46784: 7848 e9fe 

  0x000001273fa46788: ;   {other}
  0x000001273fa46788: 0f1f 8400 | 7828 0032 | e94d ddff | ff4c 895c | 2438 498b | d34c 8d84 | 2480 0000 

  0x000001273fa467a4: ;   {runtime_call _complete_monitor_locking_Java}
  0x000001273fa467a4: 0066 90e8 

  0x000001273fa467a8: ; ImmutableOopMap {rbp=NarrowOop [32]=Oop [40]=Oop [48]=Oop [56]=Oop }
                      ;*synchronization entry
                      ; - com.st.microxplorer.plugins.updater.util.BufferPool::mallocBuffer@-1 (line 56)
                      ; - com.st.microxplorer.plugins.updater.util.ZipFileManager::deflateEntrySupport@8 (line 494)
  0x000001273fa467a8: 5448 e9fe 

  0x000001273fa467ac: ;   {other}
  0x000001273fa467ac: 0f1f 8400 | 9c28 0033 | 4c8b 5c24 | 38e9 55de | ffff 498b | cb48 8d94 | 2480 0000 | 004d 8bc7 
  0x000001273fa467cc: 49ba f07b | f357 fb7f | 0000 41ff 

  0x000001273fa467d8: ;   {other}
  0x000001273fa467d8: d20f 1f84 | 0000 0000 | 00e9 cbdf | ffff baad | ffff ff48 | 8b6c 2420 | 4c8b 5424 | 284c 8954 
  0x000001273fa467f8: 2420 4c8b | 5424 504c | 8954 2428 | 4889 4424 

  0x000001273fa46808: ;   {runtime_call UncommonTrapBlob}
  0x000001273fa46808: 5066 90e8 

  0x000001273fa4680c: ; ImmutableOopMap {rbp=Oop [32]=Oop [40]=Oop [48]=Oop [64]=Oop [72]=Oop [80]=Oop }
                      ;*invokevirtual checkWrite {reexecute=0 rethrow=0 return_oop=0}
                      ; - java.io.FileOutputStream::<init>@41 (line 218)
                      ; - java.io.FileOutputStream::<init>@3 (line 179)
                      ; - com.st.microxplorer.plugins.updater.util.ZipFileManager::deflateEntrySupport@18 (line 498)
  0x000001273fa4680c: f0dd dcfe 

  0x000001273fa46810: ;   {other}
  0x000001273fa46810: 0f1f 8400 | 0029 0034 | ba2e 0000 | 0048 8b6c | 2420 4c8b | 5424 284c | 8954 2420 

  0x000001273fa4682c: ;   {runtime_call UncommonTrapBlob}
  0x000001273fa4682c: 6666 90e8 

  0x000001273fa46830: ; ImmutableOopMap {rbp=Oop [32]=Oop [48]=Oop [80]=Oop }
                      ;*new {reexecute=0 rethrow=0 return_oop=0}
                      ; - java.io.FileOutputStream::<init>@63 (line 224)
                      ; - java.io.FileOutputStream::<init>@3 (line 179)
                      ; - com.st.microxplorer.plugins.updater.util.ZipFileManager::deflateEntrySupport@18 (line 498)
  0x000001273fa46830: ccdd dcfe 

  0x000001273fa46834: ;   {other}
  0x000001273fa46834: 0f1f 8400 | 2429 0035 | ba18 0000 | 0048 8b6c | 2420 4c8b | 5c24 284c | 895c 2420 | 4c89 5424 
  0x000001273fa46854: 284c 894c | 2430 4c89 

  0x000001273fa4685c: ;   {runtime_call UncommonTrapBlob}
  0x000001273fa4685c: 4424 38e8 

  0x000001273fa46860: ; ImmutableOopMap {rbp=Oop [32]=Oop [40]=Oop [48]=Oop [56]=Oop }
                      ;*new {reexecute=0 rethrow=0 return_oop=0}
                      ; - java.io.BufferedOutputStream::<init>@9 (line 84)
                      ; - java.io.BufferedOutputStream::<init>@4 (line 119)
                      ; - com.st.microxplorer.plugins.updater.util.ZipFileManager::deflateEntrySupport@32 (line 499)
  0x000001273fa46860: 9cdd dcfe 

  0x000001273fa46864: ;   {other}
  0x000001273fa46864: 0f1f 8400 | 5429 0036 | baf6 ffff 

  0x000001273fa46870: ;   {runtime_call UncommonTrapBlob}
  0x000001273fa46870: ff66 90e8 

  0x000001273fa46874: ; ImmutableOopMap {[80]=Oop }
                      ;*invokevirtual freeBuffer {reexecute=0 rethrow=0 return_oop=0}
                      ; - com.st.microxplorer.plugins.updater.util.ZipFileManager::deflateEntrySupport@196 (line 519)
  0x000001273fa46874: 88dd dcfe 

  0x000001273fa46878: ;   {other}
  0x000001273fa46878: 0f1f 8400 | 6829 0037 | 498b d749 | bac0 3cb2 | 57fb 7f00 | 0041 ffd2 

  0x000001273fa46890: ;   {other}
  0x000001273fa46890: 0f1f 8400 | 0000 0000 | e9a2 e0ff | ff49 8bd7 | 49ba c03c | b257 fb7f | 0000 41ff 

  0x000001273fa468ac: ;   {other}
  0x000001273fa468ac: d20f 1f84 | 0000 0000 | 00e9 d9e0 | ffff 458b | f349 8bf0 | 498b f949 | 8bda 498b | d749 bac0 
  0x000001273fa468cc: 3cb2 57fb | 7f00 0041 

  0x000001273fa468d4: ;   {other}
  0x000001273fa468d4: ffd2 0f1f | 8400 0000 | 0000 4c8b | d34c 8bcf | 4c8b c645 | 8bde e90f | e2ff ff49 | 8bfa 498b 
  0x000001273fa468f4: d749 bac0 | 3cb2 57fb | 7f00 0041 

  0x000001273fa46900: ;   {other}
  0x000001273fa46900: ffd2 0f1f | 8400 0000 | 0000 4c8b | d7e9 59e2 | ffff 488b | fb41 8bf3 | 498b da49 | 8bd7 49ba 
  0x000001273fa46920: c03c b257 | fb7f 0000 

  0x000001273fa46928: ;   {other}
  0x000001273fa46928: 41ff d20f | 1f84 0000 | 0000 004c | 8bd3 448b | de48 8bdf | e948 e3ff | ffba f6ff 

  0x000001273fa46944: ;   {runtime_call UncommonTrapBlob}
  0x000001273fa46944: ffff 90e8 

  0x000001273fa46948: ; ImmutableOopMap {[80]=Oop }
                      ;*invokevirtual freeBuffer {reexecute=0 rethrow=0 return_oop=0}
                      ; - com.st.microxplorer.plugins.updater.util.ZipFileManager::deflateEntrySupport@179 (line 519)
  0x000001273fa46948: b4dc dcfe 

  0x000001273fa4694c: ;   {other}
  0x000001273fa4694c: 0f1f 8400 | 3c2a 0038 | baf6 ffff 

  0x000001273fa46958: ;   {runtime_call UncommonTrapBlob}
  0x000001273fa46958: ff66 90e8 

  0x000001273fa4695c: ; ImmutableOopMap {[64]=NarrowOop }
                      ;*invokevirtual size {reexecute=0 rethrow=0 return_oop=0}
                      ; - com.st.microxplorer.plugins.updater.util.BufferPool::freeBuffer@8 (line 72)
                      ; - com.st.microxplorer.plugins.updater.util.ZipFileManager::deflateEntrySupport@179 (line 519)
  0x000001273fa4695c: a0dc dcfe 

  0x000001273fa46960: ;   {other}
  0x000001273fa46960: 0f1f 8400 | 502a 0039 | 4c8b 5c24 | 384c 895c 

  0x000001273fa46970: ;   {metadata('java/io/FileOutputStream$1')}
  0x000001273fa46970: 2430 48ba | 48d5 3400 | 0100 0000 | 4c89 5424 

  0x000001273fa46980: ;   {runtime_call _new_instance_Java}
  0x000001273fa46980: 2066 90e8 

  0x000001273fa46984: ; ImmutableOopMap {rbp=NarrowOop [32]=Oop [64]=NarrowOop [80]=Oop }
                      ;*new {reexecute=0 rethrow=0 return_oop=1}
                      ; - java.io.FileOutputStream::close@57 (line 417)
                      ; - com.st.microxplorer.plugins.updater.util.ZipFileManager::deflateEntrySupport@146 (line 516)
  0x000001273fa46984: 783d e9fe 

  0x000001273fa46988: ;   {other}
  0x000001273fa46988: 0f1f 8400 | 782a 003a | 4c8b 5c24 | 304c 895c | 2438 4c8b | c0e9 e2f4 

  0x000001273fa469a0: ;   {oop(a 'java/lang/Class'{0x00000000870179b8} = 'com/st/microxplorer/plugins/updater/util/BufferPool')}
  0x000001273fa469a0: ffff 48ba | b879 0187 | 0000 0000 | 4c8d 8424 | 8000 0000 

  0x000001273fa469b4: ;   {runtime_call _complete_monitor_locking_Java}
  0x000001273fa469b4: 6666 90e8 

  0x000001273fa469b8: ; ImmutableOopMap {[80]=Oop }
                      ;*synchronization entry
                      ; - com.st.microxplorer.plugins.updater.util.BufferPool::getBufferPool@-1 (line 44)
                      ; - com.st.microxplorer.plugins.updater.util.ZipFileManager::deflateEntrySupport@174 (line 519)
  0x000001273fa469b8: 4446 e9fe 

  0x000001273fa469bc: ;   {other}
  0x000001273fa469bc: 0f1f 8400 | ac2a 003b | e9a7 e5ff 

  0x000001273fa469c8: ;   {oop(a 'java/lang/Class'{0x00000000870179b8} = 'com/st/microxplorer/plugins/updater/util/BufferPool')}
  0x000001273fa469c8: ff48 b9b8 | 7901 8700 | 0000 0048 | 8d94 2480 | 0000 004d | 8bc7 49ba | f07b f357 | fb7f 0000 
  0x000001273fa469e8: ;   {other}
  0x000001273fa469e8: 41ff d20f | 1f84 0000 | 0000 00e9 | 39e6 ffff | 4889 7c24 | 2048 8bd7 | 4c8d 8424 | 8000 0000 
  0x000001273fa46a08: ;   {runtime_call _complete_monitor_locking_Java}
  0x000001273fa46a08: 6666 90e8 

  0x000001273fa46a0c: ; ImmutableOopMap {[32]=Oop [64]=NarrowOop [80]=Oop }
                      ;*synchronization entry
                      ; - com.st.microxplorer.plugins.updater.util.BufferPool::freeBuffer@-1 (line 72)
                      ; - com.st.microxplorer.plugins.updater.util.ZipFileManager::deflateEntrySupport@179 (line 519)
  0x000001273fa46a0c: f045 e9fe 

  0x000001273fa46a10: ;   {other}
  0x000001273fa46a10: 0f1f 8400 | 002b 003c | 4c8b 5424 | 2049 8bfa | e988 e6ff | ff48 8944 | 24f8 8b44 | 2440 8944 
  0x000001273fa46a30: 2458 488b | 4424 f84c | 895c 2430 | 4889 7c24 | 284c 8b54 | 2438 4c89 | 5424 2049 | 8bd3 4c8d 
  0x000001273fa46a50: 8424 8800 

  0x000001273fa46a54: ;   {runtime_call _complete_monitor_locking_Java}
  0x000001273fa46a54: 0000 90e8 

  0x000001273fa46a58: ; ImmutableOopMap {rbp=NarrowOop [40]=Oop [48]=Oop [80]=Oop [88]=NarrowOop }
                      ;*synchronization entry
                      ; - java.util.Vector::size@-1 (line 305)
                      ; - com.st.microxplorer.plugins.updater.util.BufferPool::freeBuffer@8 (line 72)
                      ; - com.st.microxplorer.plugins.updater.util.ZipFileManager::deflateEntrySupport@179 (line 519)
  0x000001273fa46a58: a445 e9fe 

  0x000001273fa46a5c: ;   {other}
  0x000001273fa46a5c: 0f1f 8400 | 4c2b 003d | 4c8b 5424 | 204c 8954 | 2438 4c8b | 5424 284c | 8b5c 2430 | 4889 4424 
  0x000001273fa46a7c: f88b 4424 | 5889 4424 | 4048 8b44 | 24f8 498b | fae9 9ae6 | ffff 498b | cb48 8d94 | 2488 0000 
  0x000001273fa46a9c: 004d 8bc7 | 49ba f07b | f357 fb7f | 0000 41ff 

  0x000001273fa46aac: ;   {other}
  0x000001273fa46aac: d20f 1f84 | 0000 0000 | 00e9 10e7 | ffff 488b | cf48 8d94 | 2480 0000 | 004d 8bc7 | 49ba f07b 
  0x000001273fa46acc: f357 fb7f | 0000 41ff 

  0x000001273fa46ad4: ;   {other}
  0x000001273fa46ad4: d20f 1f84 | 0000 0000 | 00e9 b8e7 | ffff baf6 | ffff ff48 | 8b6c 2420 | 4c8b 5c24 | 384c 895c 
  0x000001273fa46af4: 2420 4c89 

  0x000001273fa46af8: ;   {runtime_call UncommonTrapBlob}
  0x000001273fa46af8: 5424 38e8 

  0x000001273fa46afc: ; ImmutableOopMap {rbp=Oop [48]=Oop [56]=Oop [80]=Oop }
                      ;*invokevirtual unlock {reexecute=0 rethrow=0 return_oop=0}
                      ; - java.io.BufferedOutputStream::flush@22 (line 242)
                      ; - com.st.microxplorer.plugins.updater.util.ZipFileManager::deflateEntrySupport@95 (line 510)
  0x000001273fa46afc: 00db dcfe 

  0x000001273fa46b00: ;   {other}
  0x000001273fa46b00: 0f1f 8400 | f02b 003e | baf6 ffff 

  0x000001273fa46b0c: ;   {runtime_call UncommonTrapBlob}
  0x000001273fa46b0c: ff66 90e8 

  0x000001273fa46b10: ; ImmutableOopMap {[64]=NarrowOop [80]=Oop }
                      ;*invokevirtual addElement {reexecute=0 rethrow=0 return_oop=0}
                      ; - com.st.microxplorer.plugins.updater.util.BufferPool::freeBuffer@20 (line 73)
                      ; - com.st.microxplorer.plugins.updater.util.ZipFileManager::deflateEntrySupport@179 (line 519)
  0x000001273fa46b10: ecda dcfe 

  0x000001273fa46b14: ;   {other}
  0x000001273fa46b14: 0f1f 8400 | 042c 003f | baf6 ffff 

  0x000001273fa46b20: ;   {runtime_call UncommonTrapBlob}
  0x000001273fa46b20: ff66 90e8 

  0x000001273fa46b24: ; ImmutableOopMap {rbp=Oop [80]=Oop }
                      ;*invokevirtual freeBuffer {reexecute=0 rethrow=0 return_oop=0}
                      ; - com.st.microxplorer.plugins.updater.util.ZipFileManager::deflateEntrySupport@209 (line 519)
  0x000001273fa46b24: d8da dcfe 

  0x000001273fa46b28: ;   {other}
  0x000001273fa46b28: 0f1f 8400 | 182c 0040 | baf6 ffff 

  0x000001273fa46b34: ;   {runtime_call UncommonTrapBlob}
  0x000001273fa46b34: ff66 90e8 

  0x000001273fa46b38: ; ImmutableOopMap {rbp=NarrowOop [32]=Oop [40]=Oop [48]=Oop }
                      ;*invokevirtual lastElement {reexecute=0 rethrow=0 return_oop=0}
                      ; - com.st.microxplorer.plugins.updater.util.BufferPool::mallocBuffer@32 (line 60)
                      ; - com.st.microxplorer.plugins.updater.util.ZipFileManager::deflateEntrySupport@8 (line 494)
  0x000001273fa46b38: c4da dcfe 

  0x000001273fa46b3c: ;   {other}
  0x000001273fa46b3c: 0f1f 8400 | 2c2c 0041 | baf6 ffff 

  0x000001273fa46b48: ;   {runtime_call UncommonTrapBlob}
  0x000001273fa46b48: ff66 90e8 

  0x000001273fa46b4c: ; ImmutableOopMap {rbp=NarrowOop [32]=Oop [40]=Oop [48]=Oop }
                      ;*invokevirtual size {reexecute=0 rethrow=0 return_oop=0}
                      ; - com.st.microxplorer.plugins.updater.util.BufferPool::mallocBuffer@47 (line 61)
                      ; - com.st.microxplorer.plugins.updater.util.ZipFileManager::deflateEntrySupport@8 (line 494)
  0x000001273fa46b4c: b0da dcfe 

  0x000001273fa46b50: ;   {other}
  0x000001273fa46b50: 0f1f 8400 | 402c 0042 | bade ffff | ff48 8944 

  0x000001273fa46b60: ;   {runtime_call UncommonTrapBlob}
  0x000001273fa46b60: 2438 90e8 

  0x000001273fa46b64: ; ImmutableOopMap {rbp=NarrowOop [32]=Oop [40]=Oop [48]=Oop [56]=Oop }
                      ;*checkcast {reexecute=0 rethrow=0 return_oop=0}
                      ; - com.st.microxplorer.plugins.updater.util.BufferPool::mallocBuffer@35 (line 60)
                      ; - com.st.microxplorer.plugins.updater.util.ZipFileManager::deflateEntrySupport@8 (line 494)
  0x000001273fa46b64: 98da dcfe 

  0x000001273fa46b68: ;   {other}
  0x000001273fa46b68: 0f1f 8400 | 582c 0043 | 488b cf48 | 8d94 2488 | 0000 004d | 8bc7 49ba | f07b f357 | fb7f 0000 
  0x000001273fa46b88: ;   {other}
  0x000001273fa46b88: 41ff d20f | 1f84 0000 | 0000 00e9 | aaea ffff | 4889 7c24 | 4844 895c | 2440 488b | d74c 8d84 
  0x000001273fa46ba8: 2488 0000 

  0x000001273fa46bac: ;   {runtime_call _complete_monitor_locking_Java}
  0x000001273fa46bac: 0066 90e8 

  0x000001273fa46bb0: ; ImmutableOopMap {rbp=Oop [32]=Oop [40]=Oop [48]=Oop [56]=Oop [64]=NarrowOop [72]=Oop }
                      ;*synchronization entry
                      ; - java.util.Vector::size@-1 (line 305)
                      ; - com.st.microxplorer.plugins.updater.util.BufferPool::mallocBuffer@47 (line 61)
                      ; - com.st.microxplorer.plugins.updater.util.ZipFileManager::deflateEntrySupport@8 (line 494)
  0x000001273fa46bb0: 4c44 e9fe 

  0x000001273fa46bb4: ;   {other}
  0x000001273fa46bb4: 0f1f 8400 | a42c 0044 | 448b 5c24 | 4048 8b7c | 2448 e9d8 | e9ff ff49 | 8bd7 49ba | c03c b257 
  0x000001273fa46bd4: fb7f 0000 

  0x000001273fa46bd8: ;   {other}
  0x000001273fa46bd8: 41ff d20f | 1f84 0000 | 0000 00e9 | 33e8 ffff | 498b d749 | bac0 3cb2 | 57fb 7f00 | 0041 ffd2 
  0x000001273fa46bf8: ;   {other}
  0x000001273fa46bf8: 0f1f 8400 | 0000 0000 | e955 e8ff | ffba f6ff | ffff 4c8b | 5c24 304c | 895c 2428 | 4c89 5424 
  0x000001273fa46c18: ;   {runtime_call UncommonTrapBlob}
  0x000001273fa46c18: 3066 90e8 

  0x000001273fa46c1c: ; ImmutableOopMap {[40]=Oop [48]=Oop [80]=Oop }
                      ;*monitorenter {reexecute=0 rethrow=0 return_oop=0}
                      ; - java.io.FilterOutputStream::close@14 (line 175)
                      ; - com.st.microxplorer.plugins.updater.util.ZipFileManager::deflateEntrySupport@116 (line 516)
  0x000001273fa46c1c: e0d9 dcfe 

  0x000001273fa46c20: ;   {other}
  0x000001273fa46c20: 0f1f 8400 | 102d 0045 | baf6 ffff 

  0x000001273fa46c2c: ;   {runtime_call UncommonTrapBlob}
  0x000001273fa46c2c: ff66 90e8 

  0x000001273fa46c30: ; ImmutableOopMap {[48]=Oop [80]=Oop }
                      ;*monitorenter {reexecute=0 rethrow=0 return_oop=0}
                      ; - java.io.FileOutputStream::close@14 (line 403)
                      ; - com.st.microxplorer.plugins.updater.util.ZipFileManager::deflateEntrySupport@146 (line 516)
  0x000001273fa46c30: ccd9 dcfe 

  0x000001273fa46c34: ;   {other}
  0x000001273fa46c34: 0f1f 8400 | 242d 0046 | 4889 4c24 | 3849 8be9 | 4c89 4424 | 584c 895c | 2428 498b | d14c 8d84 
  0x000001273fa46c54: 2480 0000 

  0x000001273fa46c58: ;   {runtime_call _complete_monitor_locking_Java}
  0x000001273fa46c58: 0066 90e8 

  0x000001273fa46c5c: ; ImmutableOopMap {rbp=Oop [32]=Oop [48]=Oop [64]=NarrowOop [80]=Oop }
                      ;*monitorenter {reexecute=0 rethrow=0 return_oop=0}
                      ; - java.io.BufferedOutputStream::flush@44 (line 245)
                      ; - com.st.microxplorer.plugins.updater.util.ZipFileManager::deflateEntrySupport@95 (line 510)
  0x000001273fa46c5c: a043 e9fe 

  0x000001273fa46c60: ;   {other}
  0x000001273fa46c60: 0f1f 8400 | 502d 0047 | 4c8b cd48 | 8b4c 2438 | e96d eaff | ff4c 894c | 2448 4c8b | 5c24 384c 
  0x000001273fa46c80: 895c 2420 | 498b ea49 | 8bd1 4c8d | 8424 8000 

  0x000001273fa46c90: ;   {runtime_call _complete_monitor_locking_Java}
  0x000001273fa46c90: 0000 90e8 

  0x000001273fa46c94: ; ImmutableOopMap {rbp=Oop [48]=Oop [64]=NarrowOop [72]=Oop [80]=Oop }
                      ;*monitorenter {reexecute=0 rethrow=0 return_oop=0}
                      ; - java.io.FilterOutputStream::close@14 (line 175)
                      ; - com.st.microxplorer.plugins.updater.util.ZipFileManager::deflateEntrySupport@116 (line 516)
  0x000001273fa46c94: 6843 e9fe 

  0x000001273fa46c98: ;   {other}
  0x000001273fa46c98: 0f1f 8400 | 882d 0048 | 4c8b d54c | 8b5c 2420 | 4c89 5c24 | 384c 8b4c | 2448 e989 | ebff ff4c 
  0x000001273fa46cb8: 8944 2430 | 4c8b 5c24 | 384c 895c | 2420 498b | ea49 8bd0 | 4c8d 8424 | 8000 0000 

  0x000001273fa46cd4: ;   {runtime_call _complete_monitor_locking_Java}
  0x000001273fa46cd4: 6666 90e8 

  0x000001273fa46cd8: ; ImmutableOopMap {rbp=Oop [48]=Oop [64]=NarrowOop [80]=Oop }
                      ;*monitorenter {reexecute=0 rethrow=0 return_oop=0}
                      ; - java.io.FileOutputStream::close@14 (line 403)
                      ; - com.st.microxplorer.plugins.updater.util.ZipFileManager::deflateEntrySupport@146 (line 516)
  0x000001273fa46cd8: 2443 e9fe 

  0x000001273fa46cdc: ;   {other}
  0x000001273fa46cdc: 0f1f 8400 | cc2d 0049 | 4c8b d54c | 8b5c 2420 | 4c89 5c24 | 384c 8b44 | 2430 e991 | ecff ff49 
  0x000001273fa46cfc: 8bd7 49ba | c03c b257 | fb7f 0000 

  0x000001273fa46d08: ;   {other}
  0x000001273fa46d08: 41ff d20f | 1f84 0000 | 0000 00e9 | abee ffff | 498b d749 | bac0 3cb2 | 57fb 7f00 | 0041 ffd2 
  0x000001273fa46d28: ;   {other}
  0x000001273fa46d28: 0f1f 8400 | 0000 0000 | e950 eeff | ffba f6ff | ffff 4c89 

  0x000001273fa46d3c: ;   {runtime_call UncommonTrapBlob}
  0x000001273fa46d3c: 4424 28e8 

  0x000001273fa46d40: ; ImmutableOopMap {[40]=Oop [80]=Oop }
                      ;*invokevirtual closeAll {reexecute=0 rethrow=0 return_oop=0}
                      ; - java.io.FileOutputStream::close@65 (line 417)
                      ; - com.st.microxplorer.plugins.updater.util.ZipFileManager::deflateEntrySupport@146 (line 516)
  0x000001273fa46d40: bcd8 dcfe 

  0x000001273fa46d44: ;   {other}
  0x000001273fa46d44: 0f1f 8400 | 342e 004a | 498b da49 | 8bc9 488d | 9424 8000 | 0000 4d8b | c749 baf0 | 7bf3 57fb 
  0x000001273fa46d64: 7f00 0041 

  0x000001273fa46d68: ;   {other}
  0x000001273fa46d68: ffd2 0f1f | 8400 0000 | 0000 4c8b | d3e9 b4ef | ffff 498b | da49 8bc8 | 488d 9424 | 8000 0000 
  0x000001273fa46d88: 4d8b c749 | baf0 7bf3 | 57fb 7f00 | 0041 ffd2 

  0x000001273fa46d98: ;   {other}
  0x000001273fa46d98: 0f1f 8400 | 0000 0000 | 4c8b d3e9 | 7cf0 ffff | baf6 ffff | ff48 8b6c | 2420 4c8b | 5424 284c 
  0x000001273fa46db8: 8954 2420 | 4889 5c24 

  0x000001273fa46dc0: ;   {runtime_call UncommonTrapBlob}
  0x000001273fa46dc0: 3866 90e8 

  0x000001273fa46dc4: ; ImmutableOopMap {rbp=Oop [32]=Oop [56]=Oop [80]=Oop }
                      ;*invokevirtual attach {reexecute=0 rethrow=0 return_oop=0}
                      ; - java.io.FileOutputStream::<init>@89 (line 227)
                      ; - java.io.FileOutputStream::<init>@3 (line 179)
                      ; - com.st.microxplorer.plugins.updater.util.ZipFileManager::deflateEntrySupport@18 (line 498)
  0x000001273fa46dc4: 38d8 dcfe 

  0x000001273fa46dc8: ;   {other}
  0x000001273fa46dc8: 0f1f 8400 | b82e 004b | 488b e849 | c7c2 ffff | ffff 4c89 | 5424 5848 | 8b7c 2438 | e942 dfff 
  0x000001273fa46de8: ff48 8bd5 

  0x000001273fa46dec: ;   {optimized virtual_call}
  0x000001273fa46dec: 4c8b c0e8 

  0x000001273fa46df0: ; ImmutableOopMap {rbp=Oop [80]=Oop }
                      ;*invokevirtual addSuppressed {reexecute=0 rethrow=0 return_oop=0}
                      ; - com.st.microxplorer.plugins.updater.util.ZipFileManager::deflateEntrySupport@168 (line 497)
  0x000001273fa46df0: 8c7c dcfe 

  0x000001273fa46df4: ;   {other}
  0x000001273fa46df4: 0f1f 8400 | e42e 004c | e94f dfff | ff48 8bd5 

  0x000001273fa46e04: ;   {optimized virtual_call}
  0x000001273fa46e04: 4c8b c0e8 

  0x000001273fa46e08: ; ImmutableOopMap {rbp=Oop [48]=Oop [80]=Oop }
                      ;*invokevirtual addSuppressed {reexecute=0 rethrow=0 return_oop=0}
                      ; - com.st.microxplorer.plugins.updater.util.ZipFileManager::deflateEntrySupport@138 (line 497)
  0x000001273fa46e08: 747c dcfe 

  0x000001273fa46e0c: ;   {other}
  0x000001273fa46e0c: 0f1f 8400 | fc2e 004d | e923 dfff | ff48 8bd0 | e9ca e4ff | ff48 8bd0 | e9c2 e4ff | ff48 8bd8 
  0x000001273fa46e2c: 488d 8424 | 8000 0000 | 4c8b dd48 | 8338 000f | 8479 0000 | 004d 8b13 | 41f6 c202 | 0f84 6200 
  0x000001273fa46e4c: 0000 4983 | ba86 0000 | 0000 7409 | 49ff 8a86 | 0000 00eb | 4b49 8b82 | 9600 0000 | 490b 828e 
  0x000001273fa46e6c: 0000 0075 | 0a49 c742 | 3e00 0000 | 00eb 3d49 | 83ba 9e00 | 0000 0074 | 2248 33c0 | 49c7 423e 
  0x000001273fa46e8c: 0000 0000 | f083 0424 | 0049 83ba | 9e00 0000 | 0075 0df0 | 4d0f b17a | 3e75 0583 | c801 eb0c 
  0x000001273fa46eac: a800 eb08 | 4c8b 10f0 | 4d0f b113 | 750a 49ff | 8f48 0500 | 0045 33d2 | 7508 488b | d3e9 1de4 
  0x000001273fa46ecc: ffff 498b | cb48 8d94 | 2480 0000 | 004d 8bc7 | 49ba f07b | f357 fb7f | 0000 41ff 

  0x000001273fa46ee8: ;   {other}
  0x000001273fa46ee8: d20f 1f84 | 0000 0000 | 00eb d348 | 8bd0 e9f0 | e3ff ff48 | 8bd0 e9e8 | e3ff ffba | f4ff ffff 
  0x000001273fa46f08: ;   {runtime_call UncommonTrapBlob}
  0x000001273fa46f08: 6666 90e8 

  0x000001273fa46f0c: ; ImmutableOopMap {rbp=NarrowOop [32]=Oop [40]=Oop [48]=Oop }
                      ;*checkcast {reexecute=0 rethrow=0 return_oop=0}
                      ; - com.st.microxplorer.plugins.updater.util.BufferPool::mallocBuffer@35 (line 60)
                      ; - com.st.microxplorer.plugins.updater.util.ZipFileManager::deflateEntrySupport@8 (line 494)
  0x000001273fa46f0c: f0d6 dcfe 

  0x000001273fa46f10: ;   {other}
  0x000001273fa46f10: 0f1f 8400 | 0030 004e | 448b 5808 | 4d33 d24f | 8d14 da4d 

  0x000001273fa46f24: ;   {metadata('java/lang/Exception')}
  0x000001273fa46f24: 8b52 4049 | bb20 3904 | 0001 0000 | 004d 3bd3 | 750c 48c7 | c5ff ffff | ffe9 35de | ffff 488b 
  0x000001273fa46f44: e8e9 71e3 | ffff eb02 | eb00 488b | e849 c7c2 | ffff ffff | 4c89 5424 | 58e9 dadd | ffff 488b 
  0x000001273fa46f64: e849 c7c2 | ffff ffff | 4c89 5424 | 58e9 c6dd | ffff 488b | d8eb 1248 | 8bd8 eb0d | 488b d8eb 
  0x000001273fa46f84: 0848 8bd8 | eb03 488b | d84c 8b5c | 2438 488d | 8424 8000 | 0000 4883 | 3800 0f84 | 7900 0000 
  0x000001273fa46fa4: 4d8b 1341 | f6c2 020f | 8462 0000 | 0049 83ba | 8600 0000 | 0074 0949 | ff8a 8600 | 0000 eb4b 
  0x000001273fa46fc4: 498b 8296 | 0000 0049 | 0b82 8e00 | 0000 750a | 49c7 423e | 0000 0000 | eb3d 4983 | ba9e 0000 
  0x000001273fa46fe4: 0000 7422 | 4833 c049 | c742 3e00 | 0000 00f0 | 8304 2400 | 4983 ba9e | 0000 0000 | 750d f04d 
  0x000001273fa47004: 0fb1 7a3e | 7505 83c8 | 01eb 0ca8 | 00eb 084c | 8b10 f04d | 0fb1 1375 | 0a49 ff8f | 4805 0000 
  0x000001273fa47024: ;   {no_reloc}
  0x000001273fa47024: 4533 d275 | 0848 8bd3 | e9ba e2ff | ff49 8bcb | 488d 9424 | 8000 0000 | 4d8b c749 | baf0 7bf3 
  0x000001273fa47044: 57fb 7f00 | 0041 ffd2 

  0x000001273fa4704c: ;   {other}
  0x000001273fa4704c: 0f1f 8400 | 0000 0000 | ebd3 488b | d8eb 0848 | 8bd8 eb03 

  0x000001273fa47060: ;   {oop(a 'java/lang/Class'{0x00000000870179b8} = 'com/st/microxplorer/plugins/updater/util/BufferPool')}
  0x000001273fa47060: 488b d849 | bbb8 7901 | 8700 0000 | 0048 8d84 | 2480 0000 | 0048 8338 | 000f 8479 | 0000 004d 
  0x000001273fa47080: 8b13 41f6 | c202 0f84 | 6200 0000 | 4983 ba86 | 0000 0000 | 7409 49ff | 8a86 0000 | 00eb 4b49 
  0x000001273fa470a0: 8b82 9600 | 0000 490b | 828e 0000 | 0075 0a49 | c742 3e00 | 0000 00eb | 3d49 83ba | 9e00 0000 
  0x000001273fa470c0: 0074 2248 | 33c0 49c7 | 423e 0000 | 0000 f083 | 0424 0049 | 83ba 9e00 | 0000 0075 | 0df0 4d0f 
  0x000001273fa470e0: b17a 3e75 | 0583 c801 | eb0c a800 | eb08 4c8b | 10f0 4d0f | b113 750a | 49ff 8f48 | 0500 0045 
  0x000001273fa47100: 33d2 7508 | 488b d3e9 | dfe1 ffff 

  0x000001273fa4710c: ;   {oop(a 'java/lang/Class'{0x00000000870179b8} = 'com/st/microxplorer/plugins/updater/util/BufferPool')}
  0x000001273fa4710c: 48b9 b879 | 0187 0000 | 0000 488d | 9424 8000 | 0000 4d8b | c749 baf0 | 7bf3 57fb | 7f00 0041 
  0x000001273fa4712c: ;   {other}
  0x000001273fa4712c: ffd2 0f1f | 8400 0000 | 0000 ebcc | e980 0000 | 0044 8b50 | 084d 33db | 4f8d 1cd3 | eb7e 448b 
  0x000001273fa4714c: 5008 4d33 | db4f 8d1c | d3eb 7144 | 8b50 084d | 33db 4f8d | 1cd3 eb64 | 448b 5008 | 4d33 db4f 
  0x000001273fa4716c: 8d1c d3eb | 5744 8b50 | 084d 33db | 4f8d 1cd3 | eb4a 448b | 5008 4d33 | db4f 8d1c | d3eb 3deb 
  0x000001273fa4718c: 30eb 2e48 | 8944 2438 | 488b 6c24 | 204c 8b54 | 2428 4c89 | 5424 2048 | 8b54 2440 

  0x000001273fa471a8: ;   {static_call}
  0x000001273fa471a8: 6666 90e8 

  0x000001273fa471ac: ; ImmutableOopMap {rbp=Oop [32]=Oop [48]=Oop [56]=Oop [80]=Oop }
                      ;*invokestatic end {reexecute=0 rethrow=0 return_oop=0}
                      ; - java.io.FileOutputStream::open@20 (line 291)
                      ; - java.io.FileOutputStream::<init>@100 (line 230)
                      ; - java.io.FileOutputStream::<init>@3 (line 179)
                      ; - com.st.microxplorer.plugins.updater.util.ZipFileManager::deflateEntrySupport@18 (line 498)
  0x000001273fa471ac: d07e dcfe 

  0x000001273fa471b0: ;   {other}
  0x000001273fa471b0: 0f1f 8400 | a032 004f | 488b 4424 | 3844 8b50 | 084d 33db | 4f8d 1cd3 | 4d8b 5340 

  0x000001273fa471cc: ;   {metadata('java/lang/Exception')}
  0x000001273fa471cc: 49bb 2039 | 0400 0100 | 0000 4d3b | d30f 85d9 | e0ff ff48 | c7c5 ffff | ffff e98c | dbff ff44 
  0x000001273fa471ec: 8b58 084d | 33d2 4f8d | 14da 4d8b 

  0x000001273fa471f8: ;   {metadata('java/lang/Exception')}
  0x000001273fa471f8: 5240 49bb | 2039 0400 | 0100 0000 | 4d3b d375 | 0a48 8b6c | 2458 e964 | dbff ff48 | 8be8 e9a0 
  0x000001273fa47218: e0ff ff48 | 8be8 e919 | dbff ff48 | 8bd8 eb08 | 488b d8eb | 0348 8bd8 

  0x000001273fa47230: ;   {oop(a 'java/lang/Class'{0x00000000870179b8} = 'com/st/microxplorer/plugins/updater/util/BufferPool')}
  0x000001273fa47230: 49bb b879 | 0187 0000 | 0000 488d | 8424 8000 | 0000 4883 | 3800 0f84 | 7900 0000 | 4d8b 1341 
  0x000001273fa47250: f6c2 020f | 8462 0000 | 0049 83ba | 8600 0000 | 0074 0949 | ff8a 8600 | 0000 eb4b | 498b 8296 
  0x000001273fa47270: 0000 0049 | 0b82 8e00 | 0000 750a | 49c7 423e | 0000 0000 | eb3d 4983 | ba9e 0000 | 0000 7422 
  0x000001273fa47290: 4833 c049 | c742 3e00 | 0000 00f0 | 8304 2400 | 4983 ba9e | 0000 0000 | 750d f04d | 0fb1 7a3e 
  0x000001273fa472b0: 7505 83c8 | 01eb 0ca8 | 00eb 084c | 8b10 f04d | 0fb1 1375 | 0a49 ff8f | 4805 0000 | 4533 d275 
  0x000001273fa472d0: 0848 8bd3 | e912 e0ff 

  0x000001273fa472d8: ;   {oop(a 'java/lang/Class'{0x00000000870179b8} = 'com/st/microxplorer/plugins/updater/util/BufferPool')}
  0x000001273fa472d8: ff48 b9b8 | 7901 8700 | 0000 0048 | 8d94 2480 | 0000 004d | 8bc7 49ba | f07b f357 | fb7f 0000 
  0x000001273fa472f8: ;   {other}
  0x000001273fa472f8: 41ff d20f | 1f84 0000 | 0000 00eb | cc48 8bd8 | 488b 7c24 | 28e9 1401 | 0000 488b | d848 8bfd 
  0x000001273fa47318: 488d 8424 | 8000 0000 | 4883 3800 | 0f84 7900 | 0000 4c8b | 1741 f6c2 | 020f 8462 | 0000 0049 
  0x000001273fa47338: 83ba 8600 | 0000 0074 | 0949 ff8a | 8600 0000 | eb4b 498b | 8296 0000 | 0049 0b82 | 8e00 0000 
  0x000001273fa47358: 750a 49c7 | 423e 0000 | 0000 eb3d | 4983 ba9e | 0000 0000 | 7422 4833 | c049 c742 | 3e00 0000 
  0x000001273fa47378: 00f0 8304 | 2400 4983 | ba9e 0000 | 0000 750d | f04d 0fb1 | 7a3e 7505 | 83c8 01eb | 0ca8 00eb 
  0x000001273fa47398: 084c 8b10 | f04c 0fb1 | 1775 0a49 | ff8f 4805 | 0000 4533 | d274 7748 | 8bcf 488d | 9424 8000 
  0x000001273fa473b8: 0000 4d8b | c749 baf0 | 7bf3 57fb | 7f00 0041 

  0x000001273fa473c8: ;   {other}
  0x000001273fa473c8: ffd2 0f1f | 8400 0000 | 0000 eb52 | 488b d848 | 8bfd eb4a | 488b d848 | 8bfd eb42 | 4889 4424 
  0x000001273fa473e8: 404c 8bdd | 458b 5320 | 4585 d274 | 394c 895c | 2428 498b | d248 8b6c | 2420 4c8b | 5424 384c 
  0x000001273fa47408: 8954 2420 

  0x000001273fa4740c: ;   {optimized virtual_call}
  0x000001273fa4740c: 6666 90e8 

  0x000001273fa47410: ; ImmutableOopMap {rbp=Oop [40]=Oop [48]=Oop [64]=Oop [80]=Oop }
                      ;*invokevirtual unlock {reexecute=0 rethrow=0 return_oop=0}
                      ; - java.io.BufferedOutputStream::flush@33 (line 242)
                      ; - com.st.microxplorer.plugins.updater.util.ZipFileManager::deflateEntrySupport@95 (line 510)
  0x000001273fa47410: 6c76 dcfe 

  0x000001273fa47414: ;   {other}
  0x000001273fa47414: 0f1f 8400 | 0435 0050 | 488b 5c24 | 4048 8b7c | 2428 488b | ebe9 fdd8 | ffff baf6 | ffff ff48 
  0x000001273fa47434: 8b6c 2420 | 4c8b 5424 | 384c 8954 | 2420 4c89 

  0x000001273fa47444: ;   {runtime_call UncommonTrapBlob}
  0x000001273fa47444: 5c24 38e8 

  0x000001273fa47448: ; ImmutableOopMap {rbp=Oop [48]=Oop [56]=Oop [64]=Oop [80]=Oop }
                      ;*invokevirtual unlock {reexecute=0 rethrow=0 return_oop=0}
                      ; - java.io.BufferedOutputStream::flush@33 (line 242)
                      ; - com.st.microxplorer.plugins.updater.util.ZipFileManager::deflateEntrySupport@95 (line 510)
  0x000001273fa47448: b4d1 dcfe 

  0x000001273fa4744c: ;   {other}
  0x000001273fa4744c: 0f1f 8400 | 3c35 0051 | 448b 4008 | 4d33 d24f | 8d14 c2eb | 1844 8b40 | 084d 33d2 | 4f8d 14c2 
  0x000001273fa4746c: eb0b 448b | 5808 4d33 | d24f 8d14 | da4d 8b52 

  0x000001273fa4747c: ;   {metadata('java/lang/Exception')}
  0x000001273fa4747c: 4049 bb20 | 3904 0001 | 0000 004d | 3bd3 750a | 488b 6c24 | 58e9 e1d8 | ffff 488b | e8e9 1dde 
  0x000001273fa4749c: ffff eb65 | 4c8b 5c24 | 284c 8bd0 | 4c3b d874 | 2048 8944 | 2428 488b | d04d 8bc3 

  0x000001273fa474b8: ;   {optimized virtual_call}
  0x000001273fa474b8: 6666 90e8 

  0x000001273fa474bc: ; ImmutableOopMap {[40]=Oop [48]=Oop [80]=Oop }
                      ;*invokevirtual addSuppressed {reexecute=0 rethrow=0 return_oop=0}
                      ; - java.io.FilterOutputStream::close@124 (line 196)
                      ; - com.st.microxplorer.plugins.updater.util.ZipFileManager::deflateEntrySupport@116 (line 516)
  0x000001273fa474bc: c075 dcfe 

  0x000001273fa474c0: ;   {other}
  0x000001273fa474c0: 0f1f 8400 | b035 0052 | 4c8b 5424 | 2849 8bc2 | eb33 eb31 | 4889 4424 | 284c 8bd5 | 458b 5210 
  0x000001273fa474e0: 498b d248 | 8b6c 2420 | 9048 b8ff | ffff ffff 

  0x000001273fa474f0: ;   {virtual_call}
  0x000001273fa474f0: ffff ffe8 

  0x000001273fa474f4: ; ImmutableOopMap {[40]=Oop [48]=Oop [80]=Oop }
                      ;*invokevirtual close {reexecute=0 rethrow=0 return_oop=0}
                      ; - java.io.FilterOutputStream::close@107 (line 193)
                      ; - com.st.microxplorer.plugins.updater.util.ZipFileManager::deflateEntrySupport@116 (line 516)
  0x000001273fa474f4: 8878 dcfe 

  0x000001273fa474f8: ;   {other}
  0x000001273fa474f8: 0f1f 8400 | e835 0053 | 488b 4424 | 2848 8be8 | e92f d8ff 

  0x000001273fa4750c: ;   {internal_word}
  0x000001273fa4750c: ff49 baaa | 52a4 3f27 | 0100 004d | 8997 6004 

  0x000001273fa4751c: ;   {runtime_call SafepointBlob}
  0x000001273fa4751c: 0000 e9dd 

  0x000001273fa47520: ;   {runtime_call StubRoutines (final stubs)}
  0x000001273fa47520: e1dc fee8 | f8d7 dafe | e931 cfff | fff4 f4f4 
[Stub Code]
  0x000001273fa47530: ;   {no_reloc}
  0x000001273fa47530: 48bb 0000 | 0000 0000 

  0x000001273fa47538: ;   {runtime_call nmethod}
  0x000001273fa47538: 0000 e9fb 

  0x000001273fa4753c: ;   {static_stub}
  0x000001273fa4753c: ffff ff48 | bb00 0000 | 0000 0000 

  0x000001273fa47548: ;   {runtime_call nmethod}
  0x000001273fa47548: 00e9 fbff 

  0x000001273fa4754c: ;   {static_stub}
  0x000001273fa4754c: ffff 48bb | 0000 0000 | 0000 0000 

  0x000001273fa47558: ;   {runtime_call nmethod}
  0x000001273fa47558: e9fb ffff 

  0x000001273fa4755c: ;   {static_stub}
  0x000001273fa4755c: ff48 bb00 | 0000 0000 

  0x000001273fa47564: ;   {runtime_call nmethod}
  0x000001273fa47564: 0000 00e9 | fbff ffff 

  0x000001273fa4756c: ;   {static_stub}
  0x000001273fa4756c: 48bb 0000 | 0000 0000 

  0x000001273fa47574: ;   {runtime_call nmethod}
  0x000001273fa47574: 0000 e9fb 

  0x000001273fa47578: ;   {static_stub}
  0x000001273fa47578: ffff ff48 | bb00 0000 | 0000 0000 

  0x000001273fa47584: ;   {runtime_call nmethod}
  0x000001273fa47584: 00e9 fbff 

  0x000001273fa47588: ;   {static_stub}
  0x000001273fa47588: ffff 48bb | 0000 0000 | 0000 0000 

  0x000001273fa47594: ;   {runtime_call nmethod}
  0x000001273fa47594: e9fb ffff 

  0x000001273fa47598: ;   {static_stub}
  0x000001273fa47598: ff48 bb00 | 0000 0000 

  0x000001273fa475a0: ;   {runtime_call nmethod}
  0x000001273fa475a0: 0000 00e9 | fbff ffff 

  0x000001273fa475a8: ;   {static_stub}
  0x000001273fa475a8: 48bb 0000 | 0000 0000 

  0x000001273fa475b0: ;   {runtime_call nmethod}
  0x000001273fa475b0: 0000 e9fb 

  0x000001273fa475b4: ;   {static_stub}
  0x000001273fa475b4: ffff ff48 | bb00 0000 | 0000 0000 

  0x000001273fa475c0: ;   {runtime_call nmethod}
  0x000001273fa475c0: 00e9 fbff 

  0x000001273fa475c4: ;   {static_stub}
  0x000001273fa475c4: ffff 48bb | a03b fe4c | 2701 0000 

  0x000001273fa475d0: ;   {runtime_call I2C/C2I adapters}
  0x000001273fa475d0: e985 bedc 

  0x000001273fa475d4: ;   {static_stub}
  0x000001273fa475d4: fe48 bb00 | 0000 0000 

  0x000001273fa475dc: ;   {runtime_call nmethod}
  0x000001273fa475dc: 0000 00e9 | fbff ffff 

  0x000001273fa475e4: ;   {static_stub}
  0x000001273fa475e4: 48bb 0000 | 0000 0000 

  0x000001273fa475ec: ;   {runtime_call nmethod}
  0x000001273fa475ec: 0000 e9fb 

  0x000001273fa475f0: ;   {static_stub}
  0x000001273fa475f0: ffff ff48 | bb00 0000 | 0000 0000 

  0x000001273fa475fc: ;   {runtime_call nmethod}
  0x000001273fa475fc: 00e9 fbff 

  0x000001273fa47600: ;   {static_stub}
  0x000001273fa47600: ffff 48bb | 0000 0000 | 0000 0000 

  0x000001273fa4760c: ;   {runtime_call nmethod}
  0x000001273fa4760c: e9fb ffff 

  0x000001273fa47610: ;   {static_stub}
  0x000001273fa47610: ff48 bb00 | 0000 0000 

  0x000001273fa47618: ;   {runtime_call nmethod}
  0x000001273fa47618: 0000 00e9 | fbff ffff 

  0x000001273fa47620: ;   {static_stub}
  0x000001273fa47620: 48bb 0000 | 0000 0000 

  0x000001273fa47628: ;   {runtime_call nmethod}
  0x000001273fa47628: 0000 e9fb 

  0x000001273fa4762c: ;   {static_stub}
  0x000001273fa4762c: ffff ff48 | bb00 0000 | 0000 0000 

  0x000001273fa47638: ;   {runtime_call nmethod}
  0x000001273fa47638: 00e9 fbff 

  0x000001273fa4763c: ;   {static_stub}
  0x000001273fa4763c: ffff 48bb | 0000 0000 | 0000 0000 

  0x000001273fa47648: ;   {runtime_call nmethod}
  0x000001273fa47648: e9fb ffff 

  0x000001273fa4764c: ;   {static_stub}
  0x000001273fa4764c: ff48 bb00 | 0000 0000 

  0x000001273fa47654: ;   {runtime_call nmethod}
  0x000001273fa47654: 0000 00e9 | fbff ffff 

  0x000001273fa4765c: ;   {static_stub}
  0x000001273fa4765c: 48bb 0000 | 0000 0000 

  0x000001273fa47664: ;   {runtime_call nmethod}
  0x000001273fa47664: 0000 e9fb 

  0x000001273fa47668: ;   {static_stub}
  0x000001273fa47668: ffff ff48 | bb00 0000 | 0000 0000 

  0x000001273fa47674: ;   {runtime_call nmethod}
  0x000001273fa47674: 00e9 fbff 

  0x000001273fa47678: ;   {static_stub}
  0x000001273fa47678: ffff 48bb | 0000 0000 | 0000 0000 

  0x000001273fa47684: ;   {runtime_call nmethod}
  0x000001273fa47684: e9fb ffff 

  0x000001273fa47688: ;   {static_stub}
  0x000001273fa47688: ff48 bb00 | 0000 0000 

  0x000001273fa47690: ;   {runtime_call nmethod}
  0x000001273fa47690: 0000 00e9 | fbff ffff 

  0x000001273fa47698: ;   {static_stub}
  0x000001273fa47698: 48bb 0000 | 0000 0000 

  0x000001273fa476a0: ;   {runtime_call nmethod}
  0x000001273fa476a0: 0000 e9fb 

  0x000001273fa476a4: ;   {static_stub}
  0x000001273fa476a4: ffff ff48 | bb00 0000 | 0000 0000 

  0x000001273fa476b0: ;   {runtime_call nmethod}
  0x000001273fa476b0: 00e9 fbff 

  0x000001273fa476b4: ;   {static_stub}
  0x000001273fa476b4: ffff 48bb | 0000 0000 | 0000 0000 

  0x000001273fa476c0: ;   {runtime_call nmethod}
  0x000001273fa476c0: e9fb ffff 

  0x000001273fa476c4: ;   {static_stub}
  0x000001273fa476c4: ff48 bb00 | 0000 0000 

  0x000001273fa476cc: ;   {runtime_call nmethod}
  0x000001273fa476cc: 0000 00e9 | fbff ffff 
[Exception Handler]
  0x000001273fa476d4: ;   {runtime_call ExceptionBlob}
  0x000001273fa476d4: e927 f7e8 | fee8 0000 | 0000 4883 

  0x000001273fa476e0: ;   {runtime_call DeoptimizationBlob}
  0x000001273fa476e0: 2c24 05e9 | b8d2 dcfe 
[/MachCode]


Compiled method (c1) 799867 23264   !   3       com.st.microxplorer.plugins.updater.util.ZipFileManager::deflateEntry (52 bytes)
 total in heap  [0x0000012737a4ed90,0x0000012737a4fd50] = 4032
 relocation     [0x0000012737a4eef0,0x0000012737a4efe0] = 240
 main code      [0x0000012737a4efe0,0x0000012737a4f960] = 2432
 stub code      [0x0000012737a4f960,0x0000012737a4f9e8] = 136
 oops           [0x0000012737a4f9e8,0x0000012737a4f9f8] = 16
 metadata       [0x0000012737a4f9f8,0x0000012737a4fa48] = 80
 scopes data    [0x0000012737a4fa48,0x0000012737a4fb60] = 280
 scopes pcs     [0x0000012737a4fb60,0x0000012737a4fc80] = 288
 dependencies   [0x0000012737a4fc80,0x0000012737a4fc98] = 24
 handler table  [0x0000012737a4fc98,0x0000012737a4fd40] = 168
 nul chk table  [0x0000012737a4fd40,0x0000012737a4fd50] = 16

[Constant Pool (empty)]

[MachCode]
[Entry Point]
  # {method} {0x000001274fc381a0} 'deflateEntry' '(Ljava/util/zip/ZipInputStream;Ljava/io/File;)J' in 'com/st/microxplorer/plugins/updater/util/ZipFileManager'
  # this:     rdx:rdx   = 'com/st/microxplorer/plugins/updater/util/ZipFileManager'
  # parm0:    r8:r8     = 'java/util/zip/ZipInputStream'
  # parm1:    r9:r9     = 'java/io/File'
  #           [sp+0xa0]  (sp of caller)
  0x0000012737a4efe0: 448b 5208 | 49c1 e203 

  0x0000012737a4efe8: ;   {runtime_call ic_miss_stub}
  0x0000012737a4efe8: 4c3b d00f | 858f f7db | 0666 6666 | 0f1f 8400 | 0000 0000 | 6666 6690 
[Verified Entry Point]
  0x0000012737a4f000: 8984 2400 | 80ff ff55 | 4881 ec90 | 0000 0090 | 4181 7f20 | 9a00 0000 

  0x0000012737a4f018: ;   {runtime_call StubRoutines (final stubs)}
  0x0000012737a4f018: 7405 e801 

  0x0000012737a4f01c: ;   {metadata(method data for {method} {0x000001274fc381a0} 'deflateEntry' '(Ljava/util/zip/ZipInputStream;Ljava/io/File;)J' in 'com/st/microxplorer/plugins/updater/util/ZipFileManager')}
  0x0000012737a4f01c: 5dda 0648 | be48 bc25 | 5927 0100 | 008b becc | 0000 0083 | c702 89be | cc00 0000 | 81e7 fe07 
  0x0000012737a4f03c: 0000 85ff | 0f84 a907 | 0000 493b | 0149 8bf1 

  0x0000012737a4f04c: ;   {metadata(method data for {method} {0x000001274fc381a0} 'deflateEntry' '(Ljava/util/zip/ZipInputStream;Ljava/io/File;)J' in 'com/st/microxplorer/plugins/updater/util/ZipFileManager')}
  0x0000012737a4f04c: 48bf 48bc | 2559 2701 | 0000 8b76 | 0848 c1e6 | 0348 3bb7 | 2001 0000 | 750d 4883 | 8728 0100 
  0x0000012737a4f06c: 0001 e960 | 0000 0048 | 3bb7 3001 | 0000 750d | 4883 8738 | 0100 0001 | e94a 0000 | 0048 83bf 
  0x0000012737a4f08c: 2001 0000 | 0075 1748 | 89b7 2001 | 0000 48c7 | 8728 0100 | 0001 0000 | 00e9 2900 | 0000 4883 
  0x0000012737a4f0ac: bf30 0100 | 0000 7517 | 4889 b730 | 0100 0048 | c787 3801 | 0000 0100 | 0000 e908 | 0000 0048 
  0x0000012737a4f0cc: 8387 1001 

  0x0000012737a4f0d0: ;   {metadata(method data for {method} {0x000001274c2f9ce0} 'exists' '()Z' in 'java/io/File')}
  0x0000012737a4f0d0: 0000 0148 | be30 2764 | 4d27 0100 | 008b becc | 0000 0083 | c702 89be | cc00 0000 | 81e7 feff 
  0x0000012737a4f0f0: 1f00 85ff | 0f84 1b07 

  0x0000012737a4f0f8: ;   {metadata(method data for {method} {0x000001274c2f9ce0} 'exists' '()Z' in 'java/io/File')}
  0x0000012737a4f0f8: 0000 48be | 3027 644d | 2701 0000 | 4883 8610 | 0100 0001 

  0x0000012737a4f10c: ;   {metadata(method data for {method} {0x000001274c02e360} 'getSecurityManager' '()Ljava/lang/SecurityManager;' in 'java/lang/System')}
  0x0000012737a4f10c: 48be 60d8 | 624c 2701 | 0000 8bbe | cc00 0000 | 83c7 0289 | becc 0000 | 0081 e7fe | ff1f 0085 
  0x0000012737a4f12c: ff0f 8403 

  0x0000012737a4f130: ;   {metadata(method data for {method} {0x000001274c02e360} 'getSecurityManager' '()Ljava/lang/SecurityManager;' in 'java/lang/System')}
  0x0000012737a4f130: 0700 0048 | be60 d862 | 4c27 0100 | 0048 8386 | 1001 0000 

  0x0000012737a4f144: ;   {metadata(method data for {method} {0x000001274c02d7a0} 'allowSecurityManager' '()Z' in 'java/lang/System')}
  0x0000012737a4f144: 0148 bed8 | d962 4c27 | 0100 008b | becc 0000 | 0083 c702 | 89be cc00 | 0000 81e7 | feff 1f00 
  0x0000012737a4f164: 85ff 0f84 | eb06 0000 

  0x0000012737a4f16c: ;   {metadata(method data for {method} {0x000001274c02d7a0} 'allowSecurityManager' '()Z' in 'java/lang/System')}
  0x0000012737a4f16c: 48be d8d9 | 624c 2701 | 0000 ff86 | 1001 0000 

  0x0000012737a4f17c: ;   {metadata(method data for {method} {0x000001274c02e360} 'getSecurityManager' '()Ljava/lang/SecurityManager;' in 'java/lang/System')}
  0x0000012737a4f17c: 48be 60d8 | 624c 2701 | 0000 ff86 | 2001 0000 

  0x0000012737a4f18c: ;   {metadata(method data for {method} {0x000001274c2f9ce0} 'exists' '()Z' in 'java/io/File')}
  0x0000012737a4f18c: 48be 3027 | 644d 2701 | 0000 ff86 | 2001 0000 | 4c89 4424 | 7848 8954 | 2470 498b 

  0x0000012737a4f1a8: ;   {metadata(method data for {method} {0x000001274c2f9ce0} 'exists' '()Z' in 'java/io/File')}
  0x0000012737a4f1a8: f148 bf30 | 2764 4d27 | 0100 0048 | 8387 7801 | 0000 0149 | 8bd1 4c89 | 4c24 680f 

  0x0000012737a4f1c4: ;   {optimized virtual_call}
  0x0000012737a4f1c4: 1f40 00e8 

  0x0000012737a4f1c8: ; ImmutableOopMap {[104]=Oop [112]=Oop [120]=Oop }
                      ;*invokevirtual isInvalid {reexecute=0 rethrow=0 return_oop=0}
                      ; - java.io.File::exists@17 (line 833)
                      ; - com.st.microxplorer.plugins.updater.util.ZipFileManager::deflateEntry@8 (line 473)
  0x0000012737a4f1c8: 14d3 b507 

  0x0000012737a4f1cc: ;   {other}
  0x0000012737a4f1cc: 0f1f 8400 | 3c04 0000 

  0x0000012737a4f1d4: ;   {metadata(method data for {method} {0x000001274c2f9ce0} 'exists' '()Z' in 'java/io/File')}
  0x0000012737a4f1d4: 85c0 49b8 | 3027 644d | 2701 0000 | 48c7 c2b0 | 0100 0074 | 0748 c7c2 | c001 0000 | 498b 3410 
  0x0000012737a4f1f4: 488d 7601 | 4989 3410 | 0f84 0a00 | 0000 be00 | 0000 00e9 | 4201 0000 

  0x0000012737a4f20c: ;   {oop(a 'java/io/WinNTFileSystem'{0x0000000084ff40e0})}
  0x0000012737a4f20c: 48ba e040 | ff84 0000 | 0000 4c8b 

  0x0000012737a4f218: ;   {metadata(method data for {method} {0x000001274c2f9ce0} 'exists' '()Z' in 'java/io/File')}
  0x0000012737a4f218: c248 be30 | 2764 4d27 | 0100 0045 | 8b40 0849 | c1e0 034c | 3b86 e001 | 0000 750d | 4883 86e8 
  0x0000012737a4f238: 0100 0001 | e960 0000 | 004c 3b86 | f001 0000 | 750d 4883 | 86f8 0100 | 0001 e94a | 0000 0048 
  0x0000012737a4f258: 83be e001 | 0000 0075 | 174c 8986 | e001 0000 | 48c7 86e8 | 0100 0001 | 0000 00e9 | 2900 0000 
  0x0000012737a4f278: 4883 bef0 | 0100 0000 | 7517 4c89 | 86f0 0100 | 0048 c786 | f801 0000 | 0100 0000 | e908 0000 
  0x0000012737a4f298: 0048 8386 | d001 0000 

  0x0000012737a4f2a0: ;   {metadata(method data for {method} {0x000001274c3039d0} 'hasBooleanAttributes' '(Ljava/io/File;I)Z' in 'java/io/FileSystem')}
  0x0000012737a4f2a0: 0149 b890 | 2b64 4d27 | 0100 0041 | 8bb0 cc00 | 0000 83c6 | 0241 89b0 | cc00 0000 | 81e6 feff 
  0x0000012737a4f2c0: 1f00 85f6 | 0f84 ae05 | 0000 4c8b 

  0x0000012737a4f2cc: ;   {metadata(method data for {method} {0x000001274c3039d0} 'hasBooleanAttributes' '(Ljava/io/File;I)Z' in 'java/io/FileSystem')}
  0x0000012737a4f2cc: c248 be90 | 2b64 4d27 | 0100 0048 | 8386 1001 | 0000 014c | 8b44 2468 

  0x0000012737a4f2e4: ;   {optimized virtual_call}
  0x0000012737a4f2e4: 6666 90e8 

  0x0000012737a4f2e8: ; ImmutableOopMap {[104]=Oop [112]=Oop [120]=Oop }
                      ;*invokevirtual getBooleanAttributes {reexecute=0 rethrow=0 return_oop=0}
                      ; - java.io.FileSystem::hasBooleanAttributes@2 (line 125)
                      ; - java.io.File::exists@30 (line 836)
                      ; - com.st.microxplorer.plugins.updater.util.ZipFileManager::deflateEntry@8 (line 473)
  0x0000012737a4f2e8: f4dc 4107 

  0x0000012737a4f2ec: ;   {other}
  0x0000012737a4f2ec: 0f1f 8400 | 5c05 0001 | 83e0 0183 

  0x0000012737a4f2f8: ;   {metadata(method data for {method} {0x000001274c3039d0} 'hasBooleanAttributes' '(Ljava/io/File;I)Z' in 'java/io/FileSystem')}
  0x0000012737a4f2f8: f801 48ba | 902b 644d | 2701 0000 | 48c7 c648 | 0100 0075 | 0748 c7c6 | 5801 0000 | 488b 3c32 
  0x0000012737a4f318: 488d 7f01 | 4889 3c32 | 0f85 1a00 

  0x0000012737a4f324: ;   {metadata(method data for {method} {0x000001274c3039d0} 'hasBooleanAttributes' '(Ljava/io/File;I)Z' in 'java/io/FileSystem')}
  0x0000012737a4f324: 0000 48ba | 902b 644d | 2701 0000 | ff82 6801 | 0000 ba01 | 0000 00e9 | 0500 0000 | ba00 0000 
  0x0000012737a4f344: 0083 e201 | 83e2 0148 | 8bf2 85f6 

  0x0000012737a4f350: ;   {metadata(method data for {method} {0x000001274fc381a0} 'deflateEntry' '(Ljava/util/zip/ZipInputStream;Ljava/io/File;)J' in 'com/st/microxplorer/plugins/updater/util/ZipFileManager')}
  0x0000012737a4f350: 48ba 48bc | 2559 2701 | 0000 48c7 | c658 0100 | 0075 0748 | c7c6 4801 | 0000 488b | 3c32 488d 
  0x0000012737a4f370: 7f01 4889 | 3c32 0f85 | 0a00 0000 | be01 0000 | 00e9 a403 | 0000 4c8b 

  0x0000012737a4f388: ;   {metadata(method data for {method} {0x000001274fc381a0} 'deflateEntry' '(Ljava/util/zip/ZipInputStream;Ljava/io/File;)J' in 'com/st/microxplorer/plugins/updater/util/ZipFileManager')}
  0x0000012737a4f388: 4c24 6848 | ba48 bc25 | 5927 0100 | 0045 8b49 | 0849 c1e1 | 034c 3b8a | 7801 0000 | 750d 4883 
  0x0000012737a4f3a8: 8280 0100 | 0001 e960 | 0000 004c | 3b8a 8801 | 0000 750d | 4883 8290 | 0100 0001 | e94a 0000 
  0x0000012737a4f3c8: 0048 83ba | 7801 0000 | 0075 174c | 898a 7801 | 0000 48c7 | 8280 0100 | 0001 0000 | 00e9 2900 
  0x0000012737a4f3e8: 0000 4883 | ba88 0100 | 0000 7517 | 4c89 8a88 | 0100 0048 | c782 9001 | 0000 0100 | 0000 e908 
  0x0000012737a4f408: 0000 0048 | 8382 6801 

  0x0000012737a4f410: ;   {metadata(method data for {method} {0x000001274c2f9bf8} 'canWrite' '()Z' in 'java/io/File')}
  0x0000012737a4f410: 0000 0148 | ba90 1d1f | 5927 0100 | 008b b2cc | 0000 0083 | c602 89b2 | cc00 0000 | 81e6 feff 
  0x0000012737a4f430: 1f00 85f6 | 0f84 5f04 

  0x0000012737a4f438: ;   {metadata(method data for {method} {0x000001274c2f9bf8} 'canWrite' '()Z' in 'java/io/File')}
  0x0000012737a4f438: 0000 48ba | 901d 1f59 | 2701 0000 | 4883 8210 | 0100 0001 

  0x0000012737a4f44c: ;   {metadata(method data for {method} {0x000001274c02e360} 'getSecurityManager' '()Ljava/lang/SecurityManager;' in 'java/lang/System')}
  0x0000012737a4f44c: 48ba 60d8 | 624c 2701 | 0000 8bb2 | cc00 0000 | 83c6 0289 | b2cc 0000 | 0081 e6fe | ff1f 0085 
  0x0000012737a4f46c: f60f 8447 

  0x0000012737a4f470: ;   {metadata(method data for {method} {0x000001274c02e360} 'getSecurityManager' '()Ljava/lang/SecurityManager;' in 'java/lang/System')}
  0x0000012737a4f470: 0400 0048 | ba60 d862 | 4c27 0100 | 0048 8382 | 1001 0000 

  0x0000012737a4f484: ;   {metadata(method data for {method} {0x000001274c02d7a0} 'allowSecurityManager' '()Z' in 'java/lang/System')}
  0x0000012737a4f484: 0148 bad8 | d962 4c27 | 0100 008b | b2cc 0000 | 0083 c602 | 89b2 cc00 | 0000 81e6 | feff 1f00 
  0x0000012737a4f4a4: 85f6 0f84 | 2f04 0000 

  0x0000012737a4f4ac: ;   {metadata(method data for {method} {0x000001274c02d7a0} 'allowSecurityManager' '()Z' in 'java/lang/System')}
  0x0000012737a4f4ac: 48ba d8d9 | 624c 2701 | 0000 ff82 | 1001 0000 

  0x0000012737a4f4bc: ;   {metadata(method data for {method} {0x000001274c02e360} 'getSecurityManager' '()Ljava/lang/SecurityManager;' in 'java/lang/System')}
  0x0000012737a4f4bc: 48ba 60d8 | 624c 2701 | 0000 ff82 | 2001 0000 

  0x0000012737a4f4cc: ;   {metadata(method data for {method} {0x000001274c2f9bf8} 'canWrite' '()Z' in 'java/io/File')}
  0x0000012737a4f4cc: 48ba 901d | 1f59 2701 | 0000 ff82 | 2001 0000 | 4c8b 4c24 

  0x0000012737a4f4e0: ;   {metadata(method data for {method} {0x000001274c2f9bf8} 'canWrite' '()Z' in 'java/io/File')}
  0x0000012737a4f4e0: 6848 ba90 | 1d1f 5927 | 0100 0048 | 8382 7801 | 0000 0148 | 8b54 2468 | 0f1f 8000 

  0x0000012737a4f4fc: ;   {optimized virtual_call}
  0x0000012737a4f4fc: 0000 00e8 

  0x0000012737a4f500: ; ImmutableOopMap {[104]=Oop [112]=Oop [120]=Oop }
                      ;*invokevirtual isInvalid {reexecute=0 rethrow=0 return_oop=0}
                      ; - java.io.File::canWrite@17 (line 809)
                      ; - com.st.microxplorer.plugins.updater.util.ZipFileManager::deflateEntry@15 (line 473)
  0x0000012737a4f500: 7cf5 db06 

  0x0000012737a4f504: ;   {other}
  0x0000012737a4f504: 0f1f 8400 | 7407 0002 

  0x0000012737a4f50c: ;   {metadata(method data for {method} {0x000001274c2f9bf8} 'canWrite' '()Z' in 'java/io/File')}
  0x0000012737a4f50c: 85c0 49b8 | 901d 1f59 | 2701 0000 | 49c7 c1b0 | 0100 0074 | 0749 c7c1 | c001 0000 | 4b8b 1408 
  0x0000012737a4f52c: 488d 5201 | 4b89 1408 | 0f84 0a00 | 0000 be00 | 0000 00e9 | 3e00 0000 

  0x0000012737a4f544: ;   {oop(a 'java/io/WinNTFileSystem'{0x0000000084ff40e0})}
  0x0000012737a4f544: 48ba e040 | ff84 0000 | 0000 4c8b 

  0x0000012737a4f550: ;   {metadata(method data for {method} {0x000001274c2f9bf8} 'canWrite' '()Z' in 'java/io/File')}
  0x0000012737a4f550: c249 b990 | 1d1f 5927 | 0100 0049 | 8381 d001 | 0000 014c | 8b44 2468 | 41b9 0200 

  0x0000012737a4f56c: ;   {optimized virtual_call}
  0x0000012737a4f56c: 0000 90e8 

  0x0000012737a4f570: ; ImmutableOopMap {[104]=Oop [112]=Oop [120]=Oop }
                      ;*invokevirtual checkAccess {reexecute=0 rethrow=0 return_oop=0}
                      ; - java.io.File::canWrite@30 (line 812)
                      ; - com.st.microxplorer.plugins.updater.util.ZipFileManager::deflateEntry@15 (line 473)
  0x0000012737a4f570: 0cf5 db06 

  0x0000012737a4f574: ;   {other}
  0x0000012737a4f574: 0f1f 8400 | e407 0003 | 83e0 0148 | 8bf0 85f6 

  0x0000012737a4f584: ;   {metadata(method data for {method} {0x000001274fc381a0} 'deflateEntry' '(Ljava/util/zip/ZipInputStream;Ljava/io/File;)J' in 'com/st/microxplorer/plugins/updater/util/ZipFileManager')}
  0x0000012737a4f584: 49b8 48bc | 2559 2701 | 0000 49c7 | c1b0 0100 | 0074 0749 | c7c1 a001 | 0000 4b8b | 1408 488d 
  0x0000012737a4f5a4: 5201 4b89 | 1408 0f84 | 0a00 0000 | be01 0000 | 00e9 7001 | 0000 4c8b 

  0x0000012737a4f5bc: ;   {metadata(method data for {method} {0x000001274fc381a0} 'deflateEntry' '(Ljava/util/zip/ZipInputStream;Ljava/io/File;)J' in 'com/st/microxplorer/plugins/updater/util/ZipFileManager')}
  0x0000012737a4f5bc: 4c24 6849 | b848 bc25 | 5927 0100 | 0045 8b49 | 0849 c1e1 | 034d 3b88 | d001 0000 | 750d 4983 
  0x0000012737a4f5dc: 80d8 0100 | 0001 e960 | 0000 004d | 3b88 e001 | 0000 750d | 4983 80e8 | 0100 0001 | e94a 0000 
  0x0000012737a4f5fc: 0049 83b8 | d001 0000 | 0075 174d | 8988 d001 | 0000 49c7 | 80d8 0100 | 0001 0000 | 00e9 2900 
  0x0000012737a4f61c: 0000 4983 | b8e0 0100 | 0000 7517 | 4d89 88e0 | 0100 0049 | c780 e801 | 0000 0100 | 0000 e908 
  0x0000012737a4f63c: 0000 0049 | 8380 c001 

  0x0000012737a4f644: ;   {metadata(method data for {method} {0x000001274c2fb2c0} 'setWritable' '(Z)Z' in 'java/io/File')}
  0x0000012737a4f644: 0000 0149 | b8d8 1f1f | 5927 0100 | 0045 8b88 | cc00 0000 | 4183 c102 | 4589 88cc | 0000 0041 
  0x0000012737a4f664: 81e1 feff | 1f00 4585 | c90f 8489 | 0200 004c | 8b4c 2468 

  0x0000012737a4f678: ;   {metadata(method data for {method} {0x000001274c2fb2c0} 'setWritable' '(Z)Z' in 'java/io/File')}
  0x0000012737a4f678: 49b8 d81f | 1f59 2701 | 0000 458b | 4908 49c1 | e103 4d3b | 8820 0100 | 0075 0d49 | 8380 2801 
  0x0000012737a4f698: 0000 01e9 | 6000 0000 | 4d3b 8830 | 0100 0075 | 0d49 8380 | 3801 0000 | 01e9 4a00 | 0000 4983 
  0x0000012737a4f6b8: b820 0100 | 0000 7517 | 4d89 8820 | 0100 0049 | c780 2801 | 0000 0100 | 0000 e929 | 0000 0049 
  0x0000012737a4f6d8: 83b8 3001 | 0000 0075 | 174d 8988 | 3001 0000 | 49c7 8038 | 0100 0001 | 0000 00e9 | 0800 0000 
  0x0000012737a4f6f8: 4983 8010 | 0100 0001 | 41b8 0100 | 0000 41b9 | 0100 0000 | 488b 5424 | 6866 0f1f 

  0x0000012737a4f714: ;   {optimized virtual_call}
  0x0000012737a4f714: 4400 00e8 

  0x0000012737a4f718: ; ImmutableOopMap {[104]=Oop [112]=Oop [120]=Oop }
                      ;*invokevirtual setWritable {reexecute=0 rethrow=0 return_oop=0}
                      ; - java.io.File::setWritable@3 (line 1611)
                      ; - com.st.microxplorer.plugins.updater.util.ZipFileManager::deflateEntry@23 (line 474)
  0x0000012737a4f718: 64f3 db06 

  0x0000012737a4f71c: ;   {other}
  0x0000012737a4f71c: 0f1f 8400 | 8c09 0004 | 83e0 0148 | 8bf0 85f6 

  0x0000012737a4f72c: ;   {metadata(method data for {method} {0x000001274fc381a0} 'deflateEntry' '(Ljava/util/zip/ZipInputStream;Ljava/io/File;)J' in 'com/st/microxplorer/plugins/updater/util/ZipFileManager')}
  0x0000012737a4f72c: 49b8 48bc | 2559 2701 | 0000 49c7 | c108 0200 | 0075 0749 | c7c1 f801 | 0000 4b8b | 1408 488d 
  0x0000012737a4f74c: 5201 4b89 | 1408 0f85 | 0c00 0000 | 48c7 c6ff | ffff ffe9 | 3b00 0000 | 4c8b 4c24 | 684c 8b44 
  0x0000012737a4f76c: 2478 488b | 5424 7048 

  0x0000012737a4f774: ;   {metadata(method data for {method} {0x000001274fc381a0} 'deflateEntry' '(Ljava/util/zip/ZipInputStream;Ljava/io/File;)J' in 'com/st/microxplorer/plugins/updater/util/ZipFileManager')}
  0x0000012737a4f774: 8bf2 48bf | 48bc 2559 | 2701 0000 | 4883 8718 | 0200 0001 | 0f1f 8000 

  0x0000012737a4f78c: ;   {optimized virtual_call}
  0x0000012737a4f78c: 0000 00e8 

  0x0000012737a4f790: ; ImmutableOopMap {}
                      ;*invokevirtual deflateEntrySupport {reexecute=0 rethrow=0 return_oop=0}
                      ; - com.st.microxplorer.plugins.updater.util.ZipFileManager::deflateEntry@34 (line 478)
  0x0000012737a4f790: ac4c ff07 

  0x0000012737a4f794: ;   {other}
  0x0000012737a4f794: 0f1f 8400 | 040a 0005 

  0x0000012737a4f79c: ;   {metadata(method data for {method} {0x000001274fc381a0} 'deflateEntry' '(Ljava/util/zip/ZipInputStream;Ljava/io/File;)J' in 'com/st/microxplorer/plugins/updater/util/ZipFileManager')}
  0x0000012737a4f79c: 488b f048 | b848 bc25 | 5927 0100 | 00ff 8050 | 0200 00e9 | 2200 0000 | 498b 87f8 | 0400 004d 
  0x0000012737a4f7bc: 33d2 4d89 | 97f8 0400 | 004d 33d2 | 4d89 9700 | 0500 0048 | c7c6 ffff | ffff 488b | c648 81c4 
  0x0000012737a4f7dc: 9000 0000 

  0x0000012737a4f7e0: ;   {poll_return}
  0x0000012737a4f7e0: 5d49 3ba7 | 4804 0000 | 0f87 2f01 

  0x0000012737a4f7ec: ;   {metadata({method} {0x000001274fc381a0} 'deflateEntry' '(Ljava/util/zip/ZipInputStream;Ljava/io/File;)J' in 'com/st/microxplorer/plugins/updater/util/ZipFileManager')}
  0x0000012737a4f7ec: 0000 c349 | ba98 81c3 | 4f27 0100 | 004c 8954 | 2408 48c7 | 0424 ffff 

  0x0000012737a4f804: ;   {runtime_call counter_overflow Runtime1 stub}
  0x0000012737a4f804: ffff e875 

  0x0000012737a4f808: ; ImmutableOopMap {rdx=Oop r8=Oop r9=Oop }
                      ;*synchronization entry
                      ; - com.st.microxplorer.plugins.updater.util.ZipFileManager::deflateEntry@-1 (line 467)
  0x0000012737a4f808: 60e8 06e9 | 36f8 ffff 

  0x0000012737a4f810: ;   {runtime_call throw_null_pointer_exception Runtime1 stub}
  0x0000012737a4f810: e86b 0fe8 

  0x0000012737a4f814: ; ImmutableOopMap {rdx=Oop r8=Oop r9=Oop }
                      ;*invokevirtual exists {reexecute=0 rethrow=0 return_oop=0}
                      ; - com.st.microxplorer.plugins.updater.util.ZipFileManager::deflateEntry@8 (line 473)
                      ;   {metadata({method} {0x000001274c2f9ce0} 'exists' '()Z' in 'java/io/File')}
  0x0000012737a4f814: 0649 bad8 | 9c2f 4c27 | 0100 004c | 8954 2408 | 48c7 0424 | ffff ffff 

  0x0000012737a4f82c: ;   {runtime_call counter_overflow Runtime1 stub}
  0x0000012737a4f82c: e84f 60e8 

  0x0000012737a4f830: ; ImmutableOopMap {rdx=Oop r8=Oop r9=Oop }
                      ;*synchronization entry
                      ; - java.io.File::exists@-1 (line 829)
                      ; - com.st.microxplorer.plugins.updater.util.ZipFileManager::deflateEntry@8 (line 473)
  0x0000012737a4f830: 06e9 c4f8 

  0x0000012737a4f834: ;   {metadata({method} {0x000001274c02e360} 'getSecurityManager' '()Ljava/lang/SecurityManager;' in 'java/lang/System')}
  0x0000012737a4f834: ffff 49ba | 58e3 024c | 2701 0000 | 4c89 5424 | 0848 c704 | 24ff ffff 

  0x0000012737a4f84c: ;   {runtime_call counter_overflow Runtime1 stub}
  0x0000012737a4f84c: ffe8 2e60 

  0x0000012737a4f850: ; ImmutableOopMap {rdx=Oop r8=Oop r9=Oop }
                      ;*synchronization entry
                      ; - java.lang.System::getSecurityManager@-1 (line 504)
                      ; - java.io.File::exists@0 (line 829)
                      ; - com.st.microxplorer.plugins.updater.util.ZipFileManager::deflateEntry@8 (line 473)
  0x0000012737a4f850: e806 e9dc 

  0x0000012737a4f854: ;   {metadata({method} {0x000001274c02d7a0} 'allowSecurityManager' '()Z' in 'java/lang/System')}
  0x0000012737a4f854: f8ff ff49 | ba98 d702 | 4c27 0100 | 004c 8954 | 2408 48c7 | 0424 ffff 

  0x0000012737a4f86c: ;   {runtime_call counter_overflow Runtime1 stub}
  0x0000012737a4f86c: ffff e80d 

  0x0000012737a4f870: ; ImmutableOopMap {rdx=Oop r8=Oop r9=Oop }
                      ;*synchronization entry
                      ; - java.lang.System::allowSecurityManager@-1 (line 212)
                      ; - java.lang.System::getSecurityManager@0 (line 504)
                      ; - java.io.File::exists@0 (line 829)
                      ; - com.st.microxplorer.plugins.updater.util.ZipFileManager::deflateEntry@8 (line 473)
  0x0000012737a4f870: 60e8 06e9 | f4f8 ffff 

  0x0000012737a4f878: ;   {metadata({method} {0x000001274c3039d0} 'hasBooleanAttributes' '(Ljava/io/File;I)Z' in 'java/io/FileSystem')}
  0x0000012737a4f878: 49ba c839 | 304c 2701 | 0000 4c89 | 5424 0848 | c704 24ff 

  0x0000012737a4f88c: ;   {runtime_call counter_overflow Runtime1 stub}
  0x0000012737a4f88c: ffff ffe8 

  0x0000012737a4f890: ; ImmutableOopMap {rdx=Oop [104]=Oop [112]=Oop [120]=Oop }
                      ;*synchronization entry
                      ; - java.io.FileSystem::hasBooleanAttributes@-1 (line 125)
                      ; - java.io.File::exists@30 (line 836)
                      ; - com.st.microxplorer.plugins.updater.util.ZipFileManager::deflateEntry@8 (line 473)
  0x0000012737a4f890: ec5f e806 | e931 faff 

  0x0000012737a4f898: ;   {metadata({method} {0x000001274c2f9bf8} 'canWrite' '()Z' in 'java/io/File')}
  0x0000012737a4f898: ff49 baf0 | 9b2f 4c27 | 0100 004c | 8954 2408 | 48c7 0424 | ffff ffff 

  0x0000012737a4f8b0: ;   {runtime_call counter_overflow Runtime1 stub}
  0x0000012737a4f8b0: e8cb 5fe8 

  0x0000012737a4f8b4: ; ImmutableOopMap {[104]=Oop [112]=Oop [120]=Oop }
                      ;*synchronization entry
                      ; - java.io.File::canWrite@-1 (line 805)
                      ; - com.st.microxplorer.plugins.updater.util.ZipFileManager::deflateEntry@15 (line 473)
  0x0000012737a4f8b4: 06e9 80fb 

  0x0000012737a4f8b8: ;   {metadata({method} {0x000001274c02e360} 'getSecurityManager' '()Ljava/lang/SecurityManager;' in 'java/lang/System')}
  0x0000012737a4f8b8: ffff 49ba | 58e3 024c | 2701 0000 | 4c89 5424 | 0848 c704 | 24ff ffff 

  0x0000012737a4f8d0: ;   {runtime_call counter_overflow Runtime1 stub}
  0x0000012737a4f8d0: ffe8 aa5f 

  0x0000012737a4f8d4: ; ImmutableOopMap {[104]=Oop [112]=Oop [120]=Oop }
                      ;*synchronization entry
                      ; - java.lang.System::getSecurityManager@-1 (line 504)
                      ; - java.io.File::canWrite@0 (line 805)
                      ; - com.st.microxplorer.plugins.updater.util.ZipFileManager::deflateEntry@15 (line 473)
  0x0000012737a4f8d4: e806 e998 

  0x0000012737a4f8d8: ;   {metadata({method} {0x000001274c02d7a0} 'allowSecurityManager' '()Z' in 'java/lang/System')}
  0x0000012737a4f8d8: fbff ff49 | ba98 d702 | 4c27 0100 | 004c 8954 | 2408 48c7 | 0424 ffff 

  0x0000012737a4f8f0: ;   {runtime_call counter_overflow Runtime1 stub}
  0x0000012737a4f8f0: ffff e889 

  0x0000012737a4f8f4: ; ImmutableOopMap {[104]=Oop [112]=Oop [120]=Oop }
                      ;*synchronization entry
                      ; - java.lang.System::allowSecurityManager@-1 (line 212)
                      ; - java.lang.System::getSecurityManager@0 (line 504)
                      ; - java.io.File::canWrite@0 (line 805)
                      ; - com.st.microxplorer.plugins.updater.util.ZipFileManager::deflateEntry@15 (line 473)
  0x0000012737a4f8f4: 5fe8 06e9 | b0fb ffff 

  0x0000012737a4f8fc: ;   {metadata({method} {0x000001274c2fb2c0} 'setWritable' '(Z)Z' in 'java/io/File')}
  0x0000012737a4f8fc: 49ba b8b2 | 2f4c 2701 | 0000 4c89 | 5424 0848 | c704 24ff 

  0x0000012737a4f910: ;   {runtime_call counter_overflow Runtime1 stub}
  0x0000012737a4f910: ffff ffe8 

  0x0000012737a4f914: ; ImmutableOopMap {[104]=Oop [112]=Oop [120]=Oop }
                      ;*synchronization entry
                      ; - java.io.File::setWritable@-1 (line 1611)
                      ; - com.st.microxplorer.plugins.updater.util.ZipFileManager::deflateEntry@23 (line 474)
  0x0000012737a4f914: 685f e806 | e956 fdff 

  0x0000012737a4f91c: ;   {internal_word}
  0x0000012737a4f91c: ff49 bae1 | f7a4 3727 | 0100 004d | 8997 6004 

  0x0000012737a4f92c: ;   {runtime_call SafepointBlob}
  0x0000012737a4f92c: 0000 e9cd | 5ddc 0649 | 8b87 f804 | 0000 49c7 | 87f8 0400 | 0000 0000 | 0049 c787 | 0005 0000 
  0x0000012737a4f94c: 0000 0000 | 4881 c490 | 0000 005d 

  0x0000012737a4f958: ;   {runtime_call unwind_exception Runtime1 stub}
  0x0000012737a4f958: e923 ffe7 | 06f4 f4f4 
[Stub Code]
  0x0000012737a4f960: ;   {no_reloc}
  0x0000012737a4f960: 0f1f 4400 

  0x0000012737a4f964: ;   {static_stub}
  0x0000012737a4f964: 0048 bb00 | 0000 0000 

  0x0000012737a4f96c: ;   {runtime_call nmethod}
  0x0000012737a4f96c: 0000 00e9 | fbff ffff 

  0x0000012737a4f974: ;   {static_stub}
  0x0000012737a4f974: 48bb 0000 | 0000 0000 

  0x0000012737a4f97c: ;   {runtime_call nmethod}
  0x0000012737a4f97c: 0000 e9fb 

  0x0000012737a4f980: ;   {static_stub}
  0x0000012737a4f980: ffff ff48 | bb00 0000 | 0000 0000 

  0x0000012737a4f98c: ;   {runtime_call nmethod}
  0x0000012737a4f98c: 00e9 fbff 

  0x0000012737a4f990: ;   {static_stub}
  0x0000012737a4f990: ffff 48bb | 0000 0000 | 0000 0000 

  0x0000012737a4f99c: ;   {runtime_call nmethod}
  0x0000012737a4f99c: e9fb ffff 

  0x0000012737a4f9a0: ;   {static_stub}
  0x0000012737a4f9a0: ff48 bb00 | 0000 0000 

  0x0000012737a4f9a8: ;   {runtime_call nmethod}
  0x0000012737a4f9a8: 0000 00e9 | fbff ffff 
[Exception Handler]
  0x0000012737a4f9b0: ;   {runtime_call handle_exception_from_callee Runtime1 stub}
  0x0000012737a4f9b0: e8cb 2be8 

  0x0000012737a4f9b4: ;   {external_word}
  0x0000012737a4f9b4: 0648 b990 | e21f 58fb | 7f00 0048 

  0x0000012737a4f9c0: ;   {runtime_call}
  0x0000012737a4f9c0: 83e4 f048 | b810 79e2 | 57fb 7f00 | 00ff d0f4 
[Deopt Handler Code]
  0x0000012737a4f9d0: ;   {section_word}
  0x0000012737a4f9d0: 49ba d0f9 | a437 2701 | 0000 4152 

  0x0000012737a4f9dc: ;   {runtime_call DeoptimizationBlob}
  0x0000012737a4f9dc: e9bf 4fdc | 06f4 f4f4 | f4f4 f4f4 
[/MachCode]


---------------  P R O C E S S  ---------------

Threads class SMR info:
_java_thread_list=0x0000012753d49ca0, length=44, elements={
0x000001274bbba240, 0x000001274bba5f90, 0x000001274bbcbc80, 0x000001274bbcc6d0,
0x000001274bbd4d40, 0x000001274bbaddc0, 0x000001274bbae750, 0x000001274bbe6690,
0x000001274bd8e650, 0x000001274bd974d0, 0x0000012750ab5ed0, 0x00000127508f5260,
0x00000127508f58c0, 0x00000127507fd750, 0x000001272bbdc340, 0x00000127535bf190,
0x00000127535bfeb0, 0x00000127535bd750, 0x00000127546c2f90, 0x00000127546c01a0,
0x00000127546c0830, 0x00000127546c2900, 0x00000127546c1550, 0x00000127546c1be0,
0x00000127546c2270, 0x00000127546c3620, 0x00000127546c3cb0, 0x00000127546c49d0,
0x00000127546bfb10, 0x00000127535c0540, 0x000001275bb75fb0, 0x000001275bb76cd0,
0x000001275bb74570, 0x00000127546c6410, 0x00000127546c7130, 0x00000127535bf820,
0x00000127535bdde0, 0x00000127546c56f0, 0x000001275bb75290, 0x00000127546c5060,
0x00000127535beb00, 0x00000127535bd0c0, 0x000001275b868060, 0x000001275b86bb70
}

Java Threads: ( => current thread )
  0x000001274bbba240 JavaThread "Reference Handler"          daemon [_thread_blocked, id=10148, stack(0x0000000f9e200000,0x0000000f9e300000) (1024K)]
  0x000001274bba5f90 JavaThread "Finalizer"                  daemon [_thread_blocked, id=12120, stack(0x0000000f9e300000,0x0000000f9e400000) (1024K)]
  0x000001274bbcbc80 JavaThread "Signal Dispatcher"          daemon [_thread_blocked, id=4924, stack(0x0000000f9e400000,0x0000000f9e500000) (1024K)]
  0x000001274bbcc6d0 JavaThread "Attach Listener"            daemon [_thread_blocked, id=18076, stack(0x0000000f9e500000,0x0000000f9e600000) (1024K)]
  0x000001274bbd4d40 JavaThread "Service Thread"             daemon [_thread_blocked, id=17960, stack(0x0000000f9e600000,0x0000000f9e700000) (1024K)]
  0x000001274bbaddc0 JavaThread "Monitor Deflation Thread"   daemon [_thread_blocked, id=17976, stack(0x0000000f9e700000,0x0000000f9e800000) (1024K)]
  0x000001274bbae750 JavaThread "C2 CompilerThread0"         daemon [_thread_blocked, id=17980, stack(0x0000000f9e800000,0x0000000f9e900000) (1024K)]
  0x000001274bbe6690 JavaThread "C1 CompilerThread0"         daemon [_thread_blocked, id=17984, stack(0x0000000f9e900000,0x0000000f9ea00000) (1024K)]
  0x000001274bd8e650 JavaThread "Common-Cleaner"             daemon [_thread_blocked, id=17988, stack(0x0000000f9ea00000,0x0000000f9eb00000) (1024K)]
  0x000001274bd974d0 JavaThread "Notification Thread"        daemon [_thread_blocked, id=18000, stack(0x0000000f9eb00000,0x0000000f9ec00000) (1024K)]
  0x0000012750ab5ed0 JavaThread "Java2D Disposer"            daemon [_thread_blocked, id=13780, stack(0x0000000f9ec00000,0x0000000f9ed00000) (1024K)]
  0x00000127508f5260 JavaThread "AWT-Shutdown"                      [_thread_blocked, id=4228, stack(0x0000000f9f900000,0x0000000f9fa00000) (1024K)]
  0x00000127508f58c0 JavaThread "AWT-Windows"                daemon [_thread_blocked, id=10844, stack(0x0000000f9fa00000,0x0000000f9fb00000) (1024K)]
  0x00000127507fd750 JavaThread "AWT-EventQueue-0"                  [_thread_blocked, id=12456, stack(0x0000000f9ed00000,0x0000000f9ee00000) (1024K)]
  0x000001272bbdc340 JavaThread "DestroyJavaVM"                     [_thread_blocked, id=2456, stack(0x0000000f9da00000,0x0000000f9db00000) (1024K)]
  0x00000127535bf190 JavaThread "TimerQueue"                 daemon [_thread_blocked, id=11780, stack(0x0000000f9fd00000,0x0000000f9fe00000) (1024K)]
  0x00000127535bfeb0 JavaThread "IPC Server Thread"          daemon [_thread_in_native, id=7200, stack(0x0000000fa0500000,0x0000000fa0600000) (1024K)]
  0x00000127535bd750 JavaThread "Chromium Process Thread"           [_thread_in_native, id=10692, stack(0x0000000fa0a00000,0x0000000fa0b00000) (1024K)]
  0x00000127546c2f90 JavaThread "Chromium Process Logger"    daemon [_thread_in_native, id=1676, stack(0x0000000fa0300000,0x0000000fa0400000) (1024K)]
  0x00000127546c01a0 JavaThread "IPC Memory Reader Thread"          [_thread_in_native, id=5456, stack(0x0000000fa0c00000,0x0000000fa0d00000) (1024K)]
  0x00000127546c0830 JavaThread "Browser Thread: 197572cf-e27f-409c-8392-12c6cc7e03c5" daemon [_thread_blocked, id=5776, stack(0x0000000fa0d00000,0x0000000fa0e00000) (1024K)]
  0x00000127546c2900 JavaThread "Socket Connection Checker: 197572cf-e27f-409c-8392-12c6cc7e03c5"        [_thread_in_native, id=3272, stack(0x0000000fa0e00000,0x0000000fa0f00000) (1024K)]
  0x00000127546c1550 JavaThread "Network Thread: ddaab7a8-784b-4ab7-875d-db04f9145139" daemon [_thread_blocked, id=17728, stack(0x0000000fa1100000,0x0000000fa1200000) (1024K)]
  0x00000127546c1be0 JavaThread "IPC Memory Reader Thread"          [_thread_in_native, id=16236, stack(0x0000000fa1000000,0x0000000fa1100000) (1024K)]
  0x00000127546c2270 JavaThread "Socket Connection Checker: ddaab7a8-784b-4ab7-875d-db04f9145139"        [_thread_in_native, id=17760, stack(0x0000000fa1200000,0x0000000fa1300000) (1024K)]
  0x00000127546c3620 JavaThread "GPU Thread: 74c85179-58b8-4355-be24-51649d0d16cd" daemon [_thread_blocked, id=6716, stack(0x0000000fa1500000,0x0000000fa1600000) (1024K)]
  0x00000127546c3cb0 JavaThread "IPC Memory Reader Thread"          [_thread_in_native, id=9064, stack(0x0000000fa1400000,0x0000000fa1500000) (1024K)]
  0x00000127546c49d0 JavaThread "Socket Connection Checker: 74c85179-58b8-4355-be24-51649d0d16cd"        [_thread_in_native, id=12204, stack(0x0000000fa1600000,0x0000000fa1700000) (1024K)]
  0x00000127546bfb10 JavaThread "SwingWorker-pool-3-thread-1" daemon [_thread_blocked, id=1752, stack(0x0000000fa0000000,0x0000000fa0100000) (1024K)]
  0x00000127535c0540 JavaThread "SwingWorker-pool-3-thread-2" daemon [_thread_blocked, id=17164, stack(0x0000000fa0400000,0x0000000fa0500000) (1024K)]
  0x000001275bb75fb0 JavaThread "Render Thread: 0407e969-130f-489f-82d4-1310bfd83e76" daemon [_thread_blocked, id=13956, stack(0x0000000f9fe00000,0x0000000f9ff00000) (1024K)]
  0x000001275bb76cd0 JavaThread "IPC Memory Reader Thread"          [_thread_in_native, id=14160, stack(0x0000000f9fc00000,0x0000000f9fd00000) (1024K)]
  0x000001275bb74570 JavaThread "Socket Connection Checker: 0407e969-130f-489f-82d4-1310bfd83e76"        [_thread_in_native, id=13840, stack(0x0000000f9ff00000,0x0000000fa0000000) (1024K)]
  0x00000127546c6410 JavaThread "RMI TCP Accept-54201"       daemon [_thread_in_native, id=12408, stack(0x0000000f9d900000,0x0000000f9da00000) (1024K)]
  0x00000127546c7130 JavaThread "RMI TCP Accept-0"           daemon [_thread_in_native, id=11700, stack(0x0000000fa0900000,0x0000000fa0a00000) (1024K)]
  0x00000127535bf820 JavaThread "RMI Reaper"                        [_thread_blocked, id=11120, stack(0x0000000fa1700000,0x0000000fa1800000) (1024K)]
  0x00000127535bdde0 JavaThread "RMI GC Daemon"              daemon [_thread_blocked, id=10780, stack(0x0000000fa1800000,0x0000000fa1900000) (1024K)]
  0x00000127546c56f0 JavaThread "SwingWorker-pool-3-thread-3" daemon [_thread_blocked, id=7964, stack(0x0000000f9d700000,0x0000000f9d800000) (1024K)]
  0x000001275bb75290 JavaThread "SwingWorker-pool-3-thread-4" daemon [_thread_blocked, id=7776, stack(0x0000000f9d800000,0x0000000f9d900000) (1024K)]
  0x00000127546c5060 JavaThread "RMI TCP Accept-54206"       daemon [_thread_in_native, id=5668, stack(0x0000000fa1900000,0x0000000fa1a00000) (1024K)]
  0x00000127535beb00 JavaThread "SwingWorker-pool-3-thread-5" daemon [_thread_blocked, id=16056, stack(0x0000000fa0100000,0x0000000fa0200000) (1024K)]
=>0x00000127535bd0c0 JavaThread "updater-load-server-packages"        [_thread_in_vm, id=1708, stack(0x0000000fa0600000,0x0000000fa0700000) (1024K)]
  0x000001275b868060 JavaThread "Keep-Alive-Timer"           daemon [_thread_blocked, id=10352, stack(0x0000000fa0700000,0x0000000fa0800000) (1024K)]
  0x000001275b86bb70 JavaThread "Image Fetcher 0"            daemon [_thread_blocked, id=4484, stack(0x0000000fa1a00000,0x0000000fa1b00000) (1024K)]
Total: 44

Other Threads:
  0x000001274bb41260 VMThread "VM Thread"                           [id=10332, stack(0x0000000f9e100000,0x0000000f9e200000) (1024K)]
  0x000001274bab6680 WatcherThread "VM Periodic Task Thread"        [id=4912, stack(0x0000000f9e000000,0x0000000f9e100000) (1024K)]
  0x000001272e02db80 WorkerThread "GC Thread#0"                     [id=4420, stack(0x0000000f9db00000,0x0000000f9dc00000) (1024K)]
  0x0000012750a9a910 WorkerThread "GC Thread#1"                     [id=18088, stack(0x0000000f9ee00000,0x0000000f9ef00000) (1024K)]
  0x0000012750d3e670 WorkerThread "GC Thread#2"                     [id=18156, stack(0x0000000f9ef00000,0x0000000f9f000000) (1024K)]
  0x00000127509ba830 WorkerThread "GC Thread#3"                     [id=18144, stack(0x0000000f9f000000,0x0000000f9f100000) (1024K)]
  0x0000012750c7a660 WorkerThread "GC Thread#4"                     [id=18152, stack(0x0000000f9f100000,0x0000000f9f200000) (1024K)]
  0x0000012750c7b610 WorkerThread "GC Thread#5"                     [id=18148, stack(0x0000000f9f200000,0x0000000f9f300000) (1024K)]
  0x0000012750c36520 WorkerThread "GC Thread#6"                     [id=18160, stack(0x0000000f9f300000,0x0000000f9f400000) (1024K)]
  0x0000012750c378d0 WorkerThread "GC Thread#7"                     [id=18164, stack(0x0000000f9f400000,0x0000000f9f500000) (1024K)]
  0x0000012750c37c70 WorkerThread "GC Thread#8"                     [id=18012, stack(0x0000000f9f500000,0x0000000f9f600000) (1024K)]
  0x00000127509896b0 WorkerThread "GC Thread#9"                     [id=17908, stack(0x0000000f9f600000,0x0000000f9f700000) (1024K)]
  0x000001272e03f790 ConcurrentGCThread "G1 Main Marker"            [id=8992, stack(0x0000000f9dc00000,0x0000000f9dd00000) (1024K)]
  0x000001272e0420b0 WorkerThread "G1 Conc#0"                       [id=6464, stack(0x0000000f9dd00000,0x0000000f9de00000) (1024K)]
  0x0000012750988f70 WorkerThread "G1 Conc#1"                       [id=11504, stack(0x0000000f9f700000,0x0000000f9f800000) (1024K)]
  0x0000012750989a50 WorkerThread "G1 Conc#2"                       [id=10812, stack(0x0000000f9f800000,0x0000000f9f900000) (1024K)]
  0x000001272e08e860 ConcurrentGCThread "G1 Refine#0"               [id=11852, stack(0x0000000f9de00000,0x0000000f9df00000) (1024K)]
  0x000001274b9895c0 ConcurrentGCThread "G1 Service"                [id=12856, stack(0x0000000f9df00000,0x0000000f9e000000) (1024K)]
Total: 18

Threads with active compile tasks:
Total: 0

VM state: not at safepoint (normal execution)

VM Mutex/Monitor currently owned by a thread:  ([mutex/lock_event])
[0x00007ffb584b5558] Heap_lock - owner thread: 0x00000127535bd0c0

Heap address: 0x0000000084800000, size: 1976 MB, Compressed Oops mode: 32-bit

CDS archive(s) not mapped
Compressed class space mapped at: 0x0000000100000000-0x0000000140000000, reserved size: 1073741824
Narrow klass base: 0x0000000000000000, Narrow klass shift: 3, Narrow klass range: 0x140000000

GC Precious Log:
 CardTable entry size: 512
 Card Set container configuration: InlinePtr #cards 5 size 8 Array Of Cards #cards 12 size 40 Howl #buckets 4 coarsen threshold 1843 Howl Bitmap #cards 512 size 80 coarsen threshold 460 Card regions per heap region 1 cards per card region 2048
 CPUs: 12 total, 12 available
 Memory: 7903M
 Large Page Support: Disabled
 NUMA Support: Disabled
 Compressed Oops: Enabled (32-bit)
 Heap Region Size: 1M
 Heap Min Capacity: 8M
 Heap Initial Capacity: 124M
 Heap Max Capacity: 1976M
 Pre-touch: Disabled
 Parallel Workers: 10
 Concurrent Workers: 3
 Concurrent Refinement Workers: 10
 Periodic GC: Disabled

Heap:
 garbage-first heap   total 590848K, used 590305K [0x0000000084800000, 0x0000000100000000)
  region size 1024K, 17 young (17408K), 8 survivors (8192K)
 Metaspace       used 113595K, committed 115072K, reserved 1179648K
  class space    used 12668K, committed 13376K, reserved 1048576K

Heap Regions: E=young(eden), S=young(survivor), O=old, HS=humongous(starts), HC=humongous(continues), CS=collection set, F=free, TAMS=top-at-mark-start, PB=parsable bottom
|   0|0x0000000084800000, 0x0000000084900000, 0x0000000084900000|100%|HS|  |TAMS 0x0000000084800000| PB 0x0000000084800000| Complete 
|   1|0x0000000084900000, 0x0000000084a00000, 0x0000000084a00000|100%|HC|  |TAMS 0x0000000084900000| PB 0x0000000084900000| Complete 
|   2|0x0000000084a00000, 0x0000000084b00000, 0x0000000084b00000|100%|HC|  |TAMS 0x0000000084a00000| PB 0x0000000084a00000| Complete 
|   3|0x0000000084b00000, 0x0000000084c00000, 0x0000000084c00000|100%|HC|  |TAMS 0x0000000084b00000| PB 0x0000000084b00000| Complete 
|   4|0x0000000084c00000, 0x0000000084d00000, 0x0000000084d00000|100%|HC|  |TAMS 0x0000000084c00000| PB 0x0000000084c00000| Complete 
|   5|0x0000000084d00000, 0x0000000084e00000, 0x0000000084e00000|100%|HC|  |TAMS 0x0000000084d00000| PB 0x0000000084d00000| Complete 
|   6|0x0000000084e00000, 0x0000000084f00000, 0x0000000084f00000|100%|HS|  |TAMS 0x0000000084e00000| PB 0x0000000084e00000| Complete 
|   7|0x0000000084f00000, 0x0000000085000000, 0x0000000085000000|100%| O|  |TAMS 0x0000000084f00000| PB 0x0000000084f00000| Untracked 
|   8|0x0000000085000000, 0x0000000085100000, 0x0000000085100000|100%| O|  |TAMS 0x0000000085000000| PB 0x0000000085000000| Untracked 
|   9|0x0000000085100000, 0x0000000085200000, 0x0000000085200000|100%| O|  |TAMS 0x0000000085100000| PB 0x0000000085100000| Untracked 
|  10|0x0000000085200000, 0x0000000085300000, 0x0000000085300000|100%| O|  |TAMS 0x0000000085200000| PB 0x0000000085200000| Untracked 
|  11|0x0000000085300000, 0x0000000085400000, 0x0000000085400000|100%|HS|  |TAMS 0x0000000085300000| PB 0x0000000085300000| Complete 
|  12|0x0000000085400000, 0x0000000085500000, 0x0000000085500000|100%| O|  |TAMS 0x0000000085400000| PB 0x0000000085400000| Untracked 
|  13|0x0000000085500000, 0x0000000085600000, 0x0000000085600000|100%| O|  |TAMS 0x0000000085500000| PB 0x0000000085500000| Untracked 
|  14|0x0000000085600000, 0x0000000085700000, 0x0000000085700000|100%| O|  |TAMS 0x0000000085600000| PB 0x0000000085600000| Untracked 
|  15|0x0000000085700000, 0x0000000085800000, 0x0000000085800000|100%| O|  |TAMS 0x0000000085700000| PB 0x0000000085700000| Untracked 
|  16|0x0000000085800000, 0x0000000085900000, 0x0000000085900000|100%| O|  |TAMS 0x0000000085800000| PB 0x0000000085800000| Untracked 
|  17|0x0000000085900000, 0x0000000085a00000, 0x0000000085a00000|100%| O|  |TAMS 0x0000000085900000| PB 0x0000000085900000| Untracked 
|  18|0x0000000085a00000, 0x0000000085b00000, 0x0000000085b00000|100%| O|  |TAMS 0x0000000085a00000| PB 0x0000000085a00000| Untracked 
|  19|0x0000000085b00000, 0x0000000085c00000, 0x0000000085c00000|100%| O|  |TAMS 0x0000000085b00000| PB 0x0000000085b00000| Untracked 
|  20|0x0000000085c00000, 0x0000000085d00000, 0x0000000085d00000|100%| O|  |TAMS 0x0000000085c00000| PB 0x0000000085c00000| Untracked 
|  21|0x0000000085d00000, 0x0000000085e00000, 0x0000000085e00000|100%| O|  |TAMS 0x0000000085d00000| PB 0x0000000085d00000| Untracked 
|  22|0x0000000085e00000, 0x0000000085f00000, 0x0000000085f00000|100%|HS|  |TAMS 0x0000000085e00000| PB 0x0000000085e00000| Complete 
|  23|0x0000000085f00000, 0x0000000086000000, 0x0000000086000000|100%| O|  |TAMS 0x0000000085f00000| PB 0x0000000085f00000| Untracked 
|  24|0x0000000086000000, 0x0000000086100000, 0x0000000086100000|100%| O|  |TAMS 0x0000000086000000| PB 0x0000000086000000| Untracked 
|  25|0x0000000086100000, 0x0000000086200000, 0x0000000086200000|100%| O|  |TAMS 0x0000000086100000| PB 0x0000000086100000| Untracked 
|  26|0x0000000086200000, 0x0000000086300000, 0x0000000086300000|100%| O|  |TAMS 0x0000000086200000| PB 0x0000000086200000| Untracked 
|  27|0x0000000086300000, 0x0000000086400000, 0x0000000086400000|100%| O|  |TAMS 0x0000000086300000| PB 0x0000000086300000| Untracked 
|  28|0x0000000086400000, 0x0000000086500000, 0x0000000086500000|100%| O|  |TAMS 0x0000000086400000| PB 0x0000000086400000| Untracked 
|  29|0x0000000086500000, 0x0000000086600000, 0x0000000086600000|100%| O|  |TAMS 0x0000000086500000| PB 0x0000000086500000| Untracked 
|  30|0x0000000086600000, 0x0000000086700000, 0x0000000086700000|100%| O|  |TAMS 0x0000000086600000| PB 0x0000000086600000| Untracked 
|  31|0x0000000086700000, 0x0000000086800000, 0x0000000086800000|100%| O|  |TAMS 0x0000000086700000| PB 0x0000000086700000| Untracked 
|  32|0x0000000086800000, 0x0000000086900000, 0x0000000086900000|100%|HS|  |TAMS 0x0000000086800000| PB 0x0000000086800000| Complete 
|  33|0x0000000086900000, 0x0000000086a00000, 0x0000000086a00000|100%|HC|  |TAMS 0x0000000086900000| PB 0x0000000086900000| Complete 
|  34|0x0000000086a00000, 0x0000000086b00000, 0x0000000086b00000|100%| O|  |TAMS 0x0000000086a00000| PB 0x0000000086a00000| Untracked 
|  35|0x0000000086b00000, 0x0000000086c00000, 0x0000000086c00000|100%|HS|  |TAMS 0x0000000086b00000| PB 0x0000000086b00000| Complete 
|  36|0x0000000086c00000, 0x0000000086d00000, 0x0000000086d00000|100%|HS|  |TAMS 0x0000000086c00000| PB 0x0000000086c00000| Complete 
|  37|0x0000000086d00000, 0x0000000086e00000, 0x0000000086e00000|100%|HC|  |TAMS 0x0000000086d00000| PB 0x0000000086d00000| Complete 
|  38|0x0000000086e00000, 0x0000000086f00000, 0x0000000086f00000|100%| O|  |TAMS 0x0000000086e00000| PB 0x0000000086e00000| Untracked 
|  39|0x0000000086f00000, 0x0000000087000000, 0x0000000087000000|100%| O|  |TAMS 0x0000000086f00000| PB 0x0000000086f00000| Untracked 
|  40|0x0000000087000000, 0x0000000087100000, 0x0000000087100000|100%| O|  |TAMS 0x0000000087000000| PB 0x0000000087000000| Untracked 
|  41|0x0000000087100000, 0x0000000087200000, 0x0000000087200000|100%|HS|  |TAMS 0x0000000087100000| PB 0x0000000087100000| Complete 
|  42|0x0000000087200000, 0x0000000087300000, 0x0000000087300000|100%| O|  |TAMS 0x0000000087200000| PB 0x0000000087200000| Untracked 
|  43|0x0000000087300000, 0x0000000087400000, 0x0000000087400000|100%| O|  |TAMS 0x0000000087300000| PB 0x0000000087300000| Untracked 
|  44|0x0000000087400000, 0x0000000087500000, 0x0000000087500000|100%| O|  |TAMS 0x0000000087400000| PB 0x0000000087400000| Untracked 
|  45|0x0000000087500000, 0x0000000087600000, 0x0000000087600000|100%|HS|  |TAMS 0x0000000087500000| PB 0x0000000087500000| Complete 
|  46|0x0000000087600000, 0x0000000087700000, 0x0000000087700000|100%|HC|  |TAMS 0x0000000087600000| PB 0x0000000087600000| Complete 
|  47|0x0000000087700000, 0x0000000087800000, 0x0000000087800000|100%|HC|  |TAMS 0x0000000087700000| PB 0x0000000087700000| Complete 
|  48|0x0000000087800000, 0x0000000087900000, 0x0000000087900000|100%|HC|  |TAMS 0x0000000087800000| PB 0x0000000087800000| Complete 
|  49|0x0000000087900000, 0x0000000087a00000, 0x0000000087a00000|100%|HS|  |TAMS 0x0000000087900000| PB 0x0000000087900000| Complete 
|  50|0x0000000087a00000, 0x0000000087b00000, 0x0000000087b00000|100%|HC|  |TAMS 0x0000000087a00000| PB 0x0000000087a00000| Complete 
|  51|0x0000000087b00000, 0x0000000087c00000, 0x0000000087c00000|100%|HC|  |TAMS 0x0000000087b00000| PB 0x0000000087b00000| Complete 
|  52|0x0000000087c00000, 0x0000000087d00000, 0x0000000087d00000|100%|HC|  |TAMS 0x0000000087c00000| PB 0x0000000087c00000| Complete 
|  53|0x0000000087d00000, 0x0000000087e00000, 0x0000000087e00000|100%|HS|  |TAMS 0x0000000087d00000| PB 0x0000000087d00000| Complete 
|  54|0x0000000087e00000, 0x0000000087f00000, 0x0000000087f00000|100%|HC|  |TAMS 0x0000000087e00000| PB 0x0000000087e00000| Complete 
|  55|0x0000000087f00000, 0x0000000088000000, 0x0000000088000000|100%|HC|  |TAMS 0x0000000087f00000| PB 0x0000000087f00000| Complete 
|  56|0x0000000088000000, 0x0000000088100000, 0x0000000088100000|100%|HC|  |TAMS 0x0000000088000000| PB 0x0000000088000000| Complete 
|  57|0x0000000088100000, 0x0000000088200000, 0x0000000088200000|100%|HS|  |TAMS 0x0000000088100000| PB 0x0000000088100000| Complete 
|  58|0x0000000088200000, 0x0000000088300000, 0x0000000088300000|100%|HC|  |TAMS 0x0000000088200000| PB 0x0000000088200000| Complete 
|  59|0x0000000088300000, 0x0000000088400000, 0x0000000088400000|100%|HC|  |TAMS 0x0000000088300000| PB 0x0000000088300000| Complete 
|  60|0x0000000088400000, 0x0000000088500000, 0x0000000088500000|100%|HS|  |TAMS 0x0000000088400000| PB 0x0000000088400000| Complete 
|  61|0x0000000088500000, 0x0000000088600000, 0x0000000088600000|100%|HC|  |TAMS 0x0000000088500000| PB 0x0000000088500000| Complete 
|  62|0x0000000088600000, 0x0000000088700000, 0x0000000088700000|100%|HC|  |TAMS 0x0000000088600000| PB 0x0000000088600000| Complete 
|  63|0x0000000088700000, 0x0000000088800000, 0x0000000088800000|100%|HS|  |TAMS 0x0000000088700000| PB 0x0000000088700000| Complete 
|  64|0x0000000088800000, 0x0000000088900000, 0x0000000088900000|100%|HC|  |TAMS 0x0000000088800000| PB 0x0000000088800000| Complete 
|  65|0x0000000088900000, 0x0000000088a00000, 0x0000000088a00000|100%|HC|  |TAMS 0x0000000088900000| PB 0x0000000088900000| Complete 
|  66|0x0000000088a00000, 0x0000000088b00000, 0x0000000088b00000|100%|HC|  |TAMS 0x0000000088a00000| PB 0x0000000088a00000| Complete 
|  67|0x0000000088b00000, 0x0000000088c00000, 0x0000000088c00000|100%| O|  |TAMS 0x0000000088b00000| PB 0x0000000088b00000| Untracked 
|  68|0x0000000088c00000, 0x0000000088d00000, 0x0000000088d00000|100%| O|  |TAMS 0x0000000088c00000| PB 0x0000000088c00000| Untracked 
|  69|0x0000000088d00000, 0x0000000088e00000, 0x0000000088e00000|100%| O|  |TAMS 0x0000000088d00000| PB 0x0000000088d00000| Untracked 
|  70|0x0000000088e00000, 0x0000000088f00000, 0x0000000088f00000|100%|HS|  |TAMS 0x0000000088e00000| PB 0x0000000088e00000| Complete 
|  71|0x0000000088f00000, 0x0000000089000000, 0x0000000089000000|100%|HC|  |TAMS 0x0000000088f00000| PB 0x0000000088f00000| Complete 
|  72|0x0000000089000000, 0x0000000089100000, 0x0000000089100000|100%|HC|  |TAMS 0x0000000089000000| PB 0x0000000089000000| Complete 
|  73|0x0000000089100000, 0x0000000089200000, 0x0000000089200000|100%|HC|  |TAMS 0x0000000089100000| PB 0x0000000089100000| Complete 
|  74|0x0000000089200000, 0x0000000089300000, 0x0000000089300000|100%|HS|  |TAMS 0x0000000089200000| PB 0x0000000089200000| Complete 
|  75|0x0000000089300000, 0x0000000089400000, 0x0000000089400000|100%|HC|  |TAMS 0x0000000089300000| PB 0x0000000089300000| Complete 
|  76|0x0000000089400000, 0x0000000089500000, 0x0000000089500000|100%|HC|  |TAMS 0x0000000089400000| PB 0x0000000089400000| Complete 
|  77|0x0000000089500000, 0x0000000089600000, 0x0000000089600000|100%|HC|  |TAMS 0x0000000089500000| PB 0x0000000089500000| Complete 
|  78|0x0000000089600000, 0x0000000089700000, 0x0000000089700000|100%| O|  |TAMS 0x0000000089600000| PB 0x0000000089600000| Untracked 
|  79|0x0000000089700000, 0x0000000089800000, 0x0000000089800000|100%|HS|  |TAMS 0x0000000089700000| PB 0x0000000089700000| Complete 
|  80|0x0000000089800000, 0x0000000089900000, 0x0000000089900000|100%| O|  |TAMS 0x0000000089800000| PB 0x0000000089800000| Untracked 
|  81|0x0000000089900000, 0x0000000089a00000, 0x0000000089a00000|100%|HS|  |TAMS 0x0000000089900000| PB 0x0000000089900000| Complete 
|  82|0x0000000089a00000, 0x0000000089b00000, 0x0000000089b00000|100%|HC|  |TAMS 0x0000000089a00000| PB 0x0000000089a00000| Complete 
|  83|0x0000000089b00000, 0x0000000089c00000, 0x0000000089c00000|100%|HC|  |TAMS 0x0000000089b00000| PB 0x0000000089b00000| Complete 
|  84|0x0000000089c00000, 0x0000000089d00000, 0x0000000089d00000|100%|HC|  |TAMS 0x0000000089c00000| PB 0x0000000089c00000| Complete 
|  85|0x0000000089d00000, 0x0000000089e00000, 0x0000000089e00000|100%|HS|  |TAMS 0x0000000089d00000| PB 0x0000000089d00000| Complete 
|  86|0x0000000089e00000, 0x0000000089f00000, 0x0000000089f00000|100%|HC|  |TAMS 0x0000000089e00000| PB 0x0000000089e00000| Complete 
|  87|0x0000000089f00000, 0x000000008a000000, 0x000000008a000000|100%|HC|  |TAMS 0x0000000089f00000| PB 0x0000000089f00000| Complete 
|  88|0x000000008a000000, 0x000000008a100000, 0x000000008a100000|100%|HC|  |TAMS 0x000000008a000000| PB 0x000000008a000000| Complete 
|  89|0x000000008a100000, 0x000000008a200000, 0x000000008a200000|100%|HS|  |TAMS 0x000000008a100000| PB 0x000000008a100000| Complete 
|  90|0x000000008a200000, 0x000000008a300000, 0x000000008a300000|100%|HC|  |TAMS 0x000000008a200000| PB 0x000000008a200000| Complete 
|  91|0x000000008a300000, 0x000000008a400000, 0x000000008a400000|100%|HC|  |TAMS 0x000000008a300000| PB 0x000000008a300000| Complete 
|  92|0x000000008a400000, 0x000000008a500000, 0x000000008a500000|100%|HC|  |TAMS 0x000000008a400000| PB 0x000000008a400000| Complete 
|  93|0x000000008a500000, 0x000000008a600000, 0x000000008a600000|100%|HC|  |TAMS 0x000000008a500000| PB 0x000000008a500000| Complete 
|  94|0x000000008a600000, 0x000000008a700000, 0x000000008a700000|100%| O|  |TAMS 0x000000008a600000| PB 0x000000008a600000| Untracked 
|  95|0x000000008a700000, 0x000000008a800000, 0x000000008a800000|100%| O|  |TAMS 0x000000008a700000| PB 0x000000008a700000| Untracked 
|  96|0x000000008a800000, 0x000000008a900000, 0x000000008a900000|100%| O|  |TAMS 0x000000008a800000| PB 0x000000008a800000| Untracked 
|  97|0x000000008a900000, 0x000000008aa00000, 0x000000008aa00000|100%| O|  |TAMS 0x000000008a900000| PB 0x000000008a900000| Untracked 
|  98|0x000000008aa00000, 0x000000008ab00000, 0x000000008ab00000|100%| O|  |TAMS 0x000000008aa00000| PB 0x000000008aa00000| Untracked 
|  99|0x000000008ab00000, 0x000000008ac00000, 0x000000008ac00000|100%| O|  |TAMS 0x000000008ab00000| PB 0x000000008ab00000| Untracked 
| 100|0x000000008ac00000, 0x000000008ad00000, 0x000000008ad00000|100%| O|  |TAMS 0x000000008ac00000| PB 0x000000008ac00000| Untracked 
| 101|0x000000008ad00000, 0x000000008ae00000, 0x000000008ae00000|100%| O|  |TAMS 0x000000008ad00000| PB 0x000000008ad00000| Untracked 
| 102|0x000000008ae00000, 0x000000008af00000, 0x000000008af00000|100%| O|  |TAMS 0x000000008ae00000| PB 0x000000008ae00000| Untracked 
| 103|0x000000008af00000, 0x000000008b000000, 0x000000008b000000|100%| O|  |TAMS 0x000000008af00000| PB 0x000000008af00000| Untracked 
| 104|0x000000008b000000, 0x000000008b100000, 0x000000008b100000|100%| O|  |TAMS 0x000000008b000000| PB 0x000000008b000000| Untracked 
| 105|0x000000008b100000, 0x000000008b200000, 0x000000008b200000|100%| O|  |TAMS 0x000000008b100000| PB 0x000000008b100000| Untracked 
| 106|0x000000008b200000, 0x000000008b300000, 0x000000008b300000|100%| O|  |TAMS 0x000000008b200000| PB 0x000000008b200000| Untracked 
| 107|0x000000008b300000, 0x000000008b400000, 0x000000008b400000|100%| O|  |TAMS 0x000000008b300000| PB 0x000000008b300000| Untracked 
| 108|0x000000008b400000, 0x000000008b500000, 0x000000008b500000|100%| O|  |TAMS 0x000000008b400000| PB 0x000000008b400000| Untracked 
| 109|0x000000008b500000, 0x000000008b600000, 0x000000008b600000|100%| O|  |TAMS 0x000000008b500000| PB 0x000000008b500000| Untracked 
| 110|0x000000008b600000, 0x000000008b700000, 0x000000008b700000|100%| O|  |TAMS 0x000000008b600000| PB 0x000000008b600000| Untracked 
| 111|0x000000008b700000, 0x000000008b800000, 0x000000008b800000|100%| O|  |TAMS 0x000000008b700000| PB 0x000000008b700000| Untracked 
| 112|0x000000008b800000, 0x000000008b900000, 0x000000008b900000|100%| O|  |TAMS 0x000000008b800000| PB 0x000000008b800000| Untracked 
| 113|0x000000008b900000, 0x000000008ba00000, 0x000000008ba00000|100%| O|  |TAMS 0x000000008b900000| PB 0x000000008b900000| Untracked 
| 114|0x000000008ba00000, 0x000000008bb00000, 0x000000008bb00000|100%| O|  |TAMS 0x000000008ba00000| PB 0x000000008ba00000| Untracked 
| 115|0x000000008bb00000, 0x000000008bc00000, 0x000000008bc00000|100%|HS|  |TAMS 0x000000008bb00000| PB 0x000000008bb00000| Complete 
| 116|0x000000008bc00000, 0x000000008bd00000, 0x000000008bd00000|100%| O|  |TAMS 0x000000008bc00000| PB 0x000000008bc00000| Untracked 
| 117|0x000000008bd00000, 0x000000008be00000, 0x000000008be00000|100%| O|  |TAMS 0x000000008bd00000| PB 0x000000008bd00000| Untracked 
| 118|0x000000008be00000, 0x000000008bf00000, 0x000000008bf00000|100%| O|  |TAMS 0x000000008be00000| PB 0x000000008be00000| Untracked 
| 119|0x000000008bf00000, 0x000000008c000000, 0x000000008c000000|100%| O|  |TAMS 0x000000008bf00000| PB 0x000000008bf00000| Untracked 
| 120|0x000000008c000000, 0x000000008c100000, 0x000000008c100000|100%| O|  |TAMS 0x000000008c000000| PB 0x000000008c000000| Untracked 
| 121|0x000000008c100000, 0x000000008c200000, 0x000000008c200000|100%| O|  |TAMS 0x000000008c100000| PB 0x000000008c100000| Untracked 
| 122|0x000000008c200000, 0x000000008c300000, 0x000000008c300000|100%| O|  |TAMS 0x000000008c200000| PB 0x000000008c200000| Untracked 
| 123|0x000000008c300000, 0x000000008c400000, 0x000000008c400000|100%| O|  |TAMS 0x000000008c300000| PB 0x000000008c300000| Untracked 
| 124|0x000000008c400000, 0x000000008c500000, 0x000000008c500000|100%| O|  |TAMS 0x000000008c400000| PB 0x000000008c400000| Untracked 
| 125|0x000000008c500000, 0x000000008c600000, 0x000000008c600000|100%| O|  |TAMS 0x000000008c500000| PB 0x000000008c500000| Untracked 
| 126|0x000000008c600000, 0x000000008c700000, 0x000000008c700000|100%| O|  |TAMS 0x000000008c600000| PB 0x000000008c600000| Untracked 
| 127|0x000000008c700000, 0x000000008c800000, 0x000000008c800000|100%| O|  |TAMS 0x000000008c700000| PB 0x000000008c700000| Untracked 
| 128|0x000000008c800000, 0x000000008c900000, 0x000000008c900000|100%| O|  |TAMS 0x000000008c800000| PB 0x000000008c800000| Untracked 
| 129|0x000000008c900000, 0x000000008ca00000, 0x000000008ca00000|100%| O|  |TAMS 0x000000008c900000| PB 0x000000008c900000| Untracked 
| 130|0x000000008ca00000, 0x000000008cb00000, 0x000000008cb00000|100%| O|  |TAMS 0x000000008ca00000| PB 0x000000008ca00000| Untracked 
| 131|0x000000008cb00000, 0x000000008cc00000, 0x000000008cc00000|100%| O|  |TAMS 0x000000008cb00000| PB 0x000000008cb00000| Untracked 
| 132|0x000000008cc00000, 0x000000008cd00000, 0x000000008cd00000|100%| O|  |TAMS 0x000000008cc00000| PB 0x000000008cc00000| Untracked 
| 133|0x000000008cd00000, 0x000000008ce00000, 0x000000008ce00000|100%| O|  |TAMS 0x000000008cd00000| PB 0x000000008cd00000| Untracked 
| 134|0x000000008ce00000, 0x000000008cf00000, 0x000000008cf00000|100%| O|  |TAMS 0x000000008ce00000| PB 0x000000008ce00000| Untracked 
| 135|0x000000008cf00000, 0x000000008d000000, 0x000000008d000000|100%| O|  |TAMS 0x000000008cf00000| PB 0x000000008cf00000| Untracked 
| 136|0x000000008d000000, 0x000000008d100000, 0x000000008d100000|100%| O|  |TAMS 0x000000008d000000| PB 0x000000008d000000| Untracked 
| 137|0x000000008d100000, 0x000000008d200000, 0x000000008d200000|100%| O|  |TAMS 0x000000008d100000| PB 0x000000008d100000| Untracked 
| 138|0x000000008d200000, 0x000000008d300000, 0x000000008d300000|100%| O|  |TAMS 0x000000008d200000| PB 0x000000008d200000| Untracked 
| 139|0x000000008d300000, 0x000000008d400000, 0x000000008d400000|100%| O|  |TAMS 0x000000008d300000| PB 0x000000008d300000| Untracked 
| 140|0x000000008d400000, 0x000000008d500000, 0x000000008d500000|100%| O|  |TAMS 0x000000008d400000| PB 0x000000008d400000| Untracked 
| 141|0x000000008d500000, 0x000000008d600000, 0x000000008d600000|100%| O|  |TAMS 0x000000008d500000| PB 0x000000008d500000| Untracked 
| 142|0x000000008d600000, 0x000000008d700000, 0x000000008d700000|100%| O|  |TAMS 0x000000008d600000| PB 0x000000008d600000| Untracked 
| 143|0x000000008d700000, 0x000000008d800000, 0x000000008d800000|100%| O|  |TAMS 0x000000008d700000| PB 0x000000008d700000| Untracked 
| 144|0x000000008d800000, 0x000000008d900000, 0x000000008d900000|100%| O|  |TAMS 0x000000008d800000| PB 0x000000008d800000| Untracked 
| 145|0x000000008d900000, 0x000000008da00000, 0x000000008da00000|100%| O|  |TAMS 0x000000008d900000| PB 0x000000008d900000| Untracked 
| 146|0x000000008da00000, 0x000000008db00000, 0x000000008db00000|100%| O|  |TAMS 0x000000008da00000| PB 0x000000008da00000| Untracked 
| 147|0x000000008db00000, 0x000000008dc00000, 0x000000008dc00000|100%| O|  |TAMS 0x000000008db00000| PB 0x000000008db00000| Untracked 
| 148|0x000000008dc00000, 0x000000008dd00000, 0x000000008dd00000|100%| O|  |TAMS 0x000000008dc00000| PB 0x000000008dc00000| Untracked 
| 149|0x000000008dd00000, 0x000000008de00000, 0x000000008de00000|100%| O|  |TAMS 0x000000008dd00000| PB 0x000000008dd00000| Untracked 
| 150|0x000000008de00000, 0x000000008df00000, 0x000000008df00000|100%|HS|  |TAMS 0x000000008de00000| PB 0x000000008de00000| Complete 
| 151|0x000000008df00000, 0x000000008e000000, 0x000000008e000000|100%| O|  |TAMS 0x000000008df00000| PB 0x000000008df00000| Untracked 
| 152|0x000000008e000000, 0x000000008e100000, 0x000000008e100000|100%| O|  |TAMS 0x000000008e000000| PB 0x000000008e000000| Untracked 
| 153|0x000000008e100000, 0x000000008e200000, 0x000000008e200000|100%| O|  |TAMS 0x000000008e100000| PB 0x000000008e100000| Untracked 
| 154|0x000000008e200000, 0x000000008e300000, 0x000000008e300000|100%| O|  |TAMS 0x000000008e200000| PB 0x000000008e200000| Untracked 
| 155|0x000000008e300000, 0x000000008e400000, 0x000000008e400000|100%| O|  |TAMS 0x000000008e300000| PB 0x000000008e300000| Untracked 
| 156|0x000000008e400000, 0x000000008e500000, 0x000000008e500000|100%| O|  |TAMS 0x000000008e400000| PB 0x000000008e400000| Untracked 
| 157|0x000000008e500000, 0x000000008e600000, 0x000000008e600000|100%| O|  |TAMS 0x000000008e500000| PB 0x000000008e500000| Untracked 
| 158|0x000000008e600000, 0x000000008e700000, 0x000000008e700000|100%| O|  |TAMS 0x000000008e600000| PB 0x000000008e600000| Untracked 
| 159|0x000000008e700000, 0x000000008e800000, 0x000000008e800000|100%| O|  |TAMS 0x000000008e700000| PB 0x000000008e700000| Untracked 
| 160|0x000000008e800000, 0x000000008e900000, 0x000000008e900000|100%| O|  |TAMS 0x000000008e800000| PB 0x000000008e800000| Untracked 
| 161|0x000000008e900000, 0x000000008ea00000, 0x000000008ea00000|100%| O|  |TAMS 0x000000008e900000| PB 0x000000008e900000| Untracked 
| 162|0x000000008ea00000, 0x000000008eb00000, 0x000000008eb00000|100%| O|  |TAMS 0x000000008ea00000| PB 0x000000008ea00000| Untracked 
| 163|0x000000008eb00000, 0x000000008ec00000, 0x000000008ec00000|100%| O|  |TAMS 0x000000008eb00000| PB 0x000000008eb00000| Untracked 
| 164|0x000000008ec00000, 0x000000008ed00000, 0x000000008ed00000|100%| O|  |TAMS 0x000000008ec00000| PB 0x000000008ec00000| Untracked 
| 165|0x000000008ed00000, 0x000000008ee00000, 0x000000008ee00000|100%| O|  |TAMS 0x000000008ed00000| PB 0x000000008ed00000| Untracked 
| 166|0x000000008ee00000, 0x000000008ef00000, 0x000000008ef00000|100%|HS|  |TAMS 0x000000008ee00000| PB 0x000000008ee00000| Complete 
| 167|0x000000008ef00000, 0x000000008f000000, 0x000000008f000000|100%|HC|  |TAMS 0x000000008ef00000| PB 0x000000008ef00000| Complete 
| 168|0x000000008f000000, 0x000000008f100000, 0x000000008f100000|100%|HC|  |TAMS 0x000000008f000000| PB 0x000000008f000000| Complete 
| 169|0x000000008f100000, 0x000000008f200000, 0x000000008f200000|100%|HC|  |TAMS 0x000000008f100000| PB 0x000000008f100000| Complete 
| 170|0x000000008f200000, 0x000000008f300000, 0x000000008f300000|100%|HC|  |TAMS 0x000000008f200000| PB 0x000000008f200000| Complete 
| 171|0x000000008f300000, 0x000000008f400000, 0x000000008f400000|100%|HC|  |TAMS 0x000000008f300000| PB 0x000000008f300000| Complete 
| 172|0x000000008f400000, 0x000000008f500000, 0x000000008f500000|100%|HC|  |TAMS 0x000000008f400000| PB 0x000000008f400000| Complete 
| 173|0x000000008f500000, 0x000000008f600000, 0x000000008f600000|100%|HC|  |TAMS 0x000000008f500000| PB 0x000000008f500000| Complete 
| 174|0x000000008f600000, 0x000000008f700000, 0x000000008f700000|100%|HC|  |TAMS 0x000000008f600000| PB 0x000000008f600000| Complete 
| 175|0x000000008f700000, 0x000000008f800000, 0x000000008f800000|100%|HC|  |TAMS 0x000000008f700000| PB 0x000000008f700000| Complete 
| 176|0x000000008f800000, 0x000000008f900000, 0x000000008f900000|100%|HC|  |TAMS 0x000000008f800000| PB 0x000000008f800000| Complete 
| 177|0x000000008f900000, 0x000000008fa00000, 0x000000008fa00000|100%|HC|  |TAMS 0x000000008f900000| PB 0x000000008f900000| Complete 
| 178|0x000000008fa00000, 0x000000008fb00000, 0x000000008fb00000|100%|HC|  |TAMS 0x000000008fa00000| PB 0x000000008fa00000| Complete 
| 179|0x000000008fb00000, 0x000000008fc00000, 0x000000008fc00000|100%|HC|  |TAMS 0x000000008fb00000| PB 0x000000008fb00000| Complete 
| 180|0x000000008fc00000, 0x000000008fd00000, 0x000000008fd00000|100%| O|  |TAMS 0x000000008fc00000| PB 0x000000008fc00000| Untracked 
| 181|0x000000008fd00000, 0x000000008fe00000, 0x000000008fe00000|100%| O|  |TAMS 0x000000008fd00000| PB 0x000000008fd00000| Untracked 
| 182|0x000000008fe00000, 0x000000008ff00000, 0x000000008ff00000|100%| O|  |TAMS 0x000000008fe00000| PB 0x000000008fe00000| Untracked 
| 183|0x000000008ff00000, 0x0000000090000000, 0x0000000090000000|100%| O|  |TAMS 0x000000008ff00000| PB 0x000000008ff00000| Untracked 
| 184|0x0000000090000000, 0x0000000090100000, 0x0000000090100000|100%| O|  |TAMS 0x0000000090000000| PB 0x0000000090000000| Untracked 
| 185|0x0000000090100000, 0x0000000090200000, 0x0000000090200000|100%| O|  |TAMS 0x0000000090100000| PB 0x0000000090100000| Untracked 
| 186|0x0000000090200000, 0x0000000090300000, 0x0000000090300000|100%| O|  |TAMS 0x0000000090200000| PB 0x0000000090200000| Untracked 
| 187|0x0000000090300000, 0x0000000090400000, 0x0000000090400000|100%| O|  |TAMS 0x0000000090300000| PB 0x0000000090300000| Untracked 
| 188|0x0000000090400000, 0x0000000090500000, 0x0000000090500000|100%| O|  |TAMS 0x0000000090400000| PB 0x0000000090400000| Untracked 
| 189|0x0000000090500000, 0x0000000090600000, 0x0000000090600000|100%| O|  |TAMS 0x0000000090500000| PB 0x0000000090500000| Untracked 
| 190|0x0000000090600000, 0x0000000090700000, 0x0000000090700000|100%| O|  |TAMS 0x0000000090600000| PB 0x0000000090600000| Untracked 
| 191|0x0000000090700000, 0x0000000090800000, 0x0000000090800000|100%| O|  |TAMS 0x0000000090700000| PB 0x0000000090700000| Untracked 
| 192|0x0000000090800000, 0x0000000090900000, 0x0000000090900000|100%| O|  |TAMS 0x0000000090800000| PB 0x0000000090800000| Untracked 
| 193|0x0000000090900000, 0x0000000090a00000, 0x0000000090a00000|100%| O|  |TAMS 0x0000000090900000| PB 0x0000000090900000| Untracked 
| 194|0x0000000090a00000, 0x0000000090b00000, 0x0000000090b00000|100%| O|  |TAMS 0x0000000090a00000| PB 0x0000000090a00000| Untracked 
| 195|0x0000000090b00000, 0x0000000090c00000, 0x0000000090c00000|100%| O|  |TAMS 0x0000000090b00000| PB 0x0000000090b00000| Untracked 
| 196|0x0000000090c00000, 0x0000000090d00000, 0x0000000090d00000|100%| O|  |TAMS 0x0000000090c00000| PB 0x0000000090c00000| Untracked 
| 197|0x0000000090d00000, 0x0000000090e00000, 0x0000000090e00000|100%| O|  |TAMS 0x0000000090d00000| PB 0x0000000090d00000| Untracked 
| 198|0x0000000090e00000, 0x0000000090f00000, 0x0000000090f00000|100%| O|  |TAMS 0x0000000090e00000| PB 0x0000000090e00000| Untracked 
| 199|0x0000000090f00000, 0x0000000091000000, 0x0000000091000000|100%| O|  |TAMS 0x0000000090f00000| PB 0x0000000090f00000| Untracked 
| 200|0x0000000091000000, 0x0000000091100000, 0x0000000091100000|100%| O|  |TAMS 0x0000000091000000| PB 0x0000000091000000| Untracked 
| 201|0x0000000091100000, 0x0000000091200000, 0x0000000091200000|100%| O|  |TAMS 0x0000000091100000| PB 0x0000000091100000| Untracked 
| 202|0x0000000091200000, 0x0000000091300000, 0x0000000091300000|100%| O|  |TAMS 0x0000000091200000| PB 0x0000000091200000| Untracked 
| 203|0x0000000091300000, 0x0000000091400000, 0x0000000091400000|100%| O|  |TAMS 0x0000000091300000| PB 0x0000000091300000| Untracked 
| 204|0x0000000091400000, 0x0000000091500000, 0x0000000091500000|100%| O|  |TAMS 0x0000000091400000| PB 0x0000000091400000| Untracked 
| 205|0x0000000091500000, 0x0000000091600000, 0x0000000091600000|100%| O|  |TAMS 0x0000000091500000| PB 0x0000000091500000| Untracked 
| 206|0x0000000091600000, 0x0000000091700000, 0x0000000091700000|100%| O|  |TAMS 0x0000000091600000| PB 0x0000000091600000| Untracked 
| 207|0x0000000091700000, 0x0000000091800000, 0x0000000091800000|100%| O|  |TAMS 0x0000000091700000| PB 0x0000000091700000| Untracked 
| 208|0x0000000091800000, 0x0000000091900000, 0x0000000091900000|100%| O|  |TAMS 0x0000000091800000| PB 0x0000000091800000| Untracked 
| 209|0x0000000091900000, 0x0000000091a00000, 0x0000000091a00000|100%| O|  |TAMS 0x0000000091900000| PB 0x0000000091900000| Untracked 
| 210|0x0000000091a00000, 0x0000000091b00000, 0x0000000091b00000|100%| O|  |TAMS 0x0000000091a00000| PB 0x0000000091a00000| Untracked 
| 211|0x0000000091b00000, 0x0000000091c00000, 0x0000000091c00000|100%| O|  |TAMS 0x0000000091b00000| PB 0x0000000091b00000| Untracked 
| 212|0x0000000091c00000, 0x0000000091d00000, 0x0000000091d00000|100%| O|  |TAMS 0x0000000091c00000| PB 0x0000000091c00000| Untracked 
| 213|0x0000000091d00000, 0x0000000091e00000, 0x0000000091e00000|100%|HS|  |TAMS 0x0000000091d00000| PB 0x0000000091d00000| Complete 
| 214|0x0000000091e00000, 0x0000000091f00000, 0x0000000091f00000|100%| O|  |TAMS 0x0000000091e00000| PB 0x0000000091e00000| Untracked 
| 215|0x0000000091f00000, 0x0000000092000000, 0x0000000092000000|100%| O|Cm|TAMS 0x0000000091f00000| PB 0x0000000091f00000| Complete 
| 216|0x0000000092000000, 0x0000000092100000, 0x0000000092100000|100%|HS|  |TAMS 0x0000000092000000| PB 0x0000000092000000| Complete 
| 217|0x0000000092100000, 0x0000000092200000, 0x0000000092200000|100%| O|  |TAMS 0x0000000092100000| PB 0x0000000092100000| Untracked 
| 218|0x0000000092200000, 0x0000000092300000, 0x0000000092300000|100%| O|  |TAMS 0x0000000092200000| PB 0x0000000092200000| Untracked 
| 219|0x0000000092300000, 0x0000000092400000, 0x0000000092400000|100%| O|  |TAMS 0x0000000092300000| PB 0x0000000092300000| Untracked 
| 220|0x0000000092400000, 0x0000000092500000, 0x0000000092500000|100%| O|  |TAMS 0x0000000092400000| PB 0x0000000092400000| Untracked 
| 221|0x0000000092500000, 0x0000000092600000, 0x0000000092600000|100%| O|  |TAMS 0x0000000092500000| PB 0x0000000092500000| Untracked 
| 222|0x0000000092600000, 0x0000000092700000, 0x0000000092700000|100%|HS|  |TAMS 0x0000000092600000| PB 0x0000000092600000| Complete 
| 223|0x0000000092700000, 0x0000000092800000, 0x0000000092800000|100%|HS|  |TAMS 0x0000000092700000| PB 0x0000000092700000| Complete 
| 224|0x0000000092800000, 0x0000000092900000, 0x0000000092900000|100%| O|  |TAMS 0x0000000092800000| PB 0x0000000092800000| Untracked 
| 225|0x0000000092900000, 0x0000000092a00000, 0x0000000092a00000|100%| O|  |TAMS 0x0000000092900000| PB 0x0000000092900000| Untracked 
| 226|0x0000000092a00000, 0x0000000092b00000, 0x0000000092b00000|100%| O|  |TAMS 0x0000000092a00000| PB 0x0000000092a00000| Untracked 
| 227|0x0000000092b00000, 0x0000000092c00000, 0x0000000092c00000|100%| O|  |TAMS 0x0000000092b00000| PB 0x0000000092b00000| Untracked 
| 228|0x0000000092c00000, 0x0000000092d00000, 0x0000000092d00000|100%| O|  |TAMS 0x0000000092c00000| PB 0x0000000092c00000| Untracked 
| 229|0x0000000092d00000, 0x0000000092e00000, 0x0000000092e00000|100%| O|  |TAMS 0x0000000092d00000| PB 0x0000000092d00000| Untracked 
| 230|0x0000000092e00000, 0x0000000092f00000, 0x0000000092f00000|100%| O|  |TAMS 0x0000000092e00000| PB 0x0000000092e00000| Untracked 
| 231|0x0000000092f00000, 0x0000000093000000, 0x0000000093000000|100%|HS|  |TAMS 0x0000000092f00000| PB 0x0000000092f00000| Complete 
| 232|0x0000000093000000, 0x0000000093100000, 0x0000000093100000|100%|HS|  |TAMS 0x0000000093000000| PB 0x0000000093000000| Complete 
| 233|0x0000000093100000, 0x0000000093200000, 0x0000000093200000|100%|HS|  |TAMS 0x0000000093100000| PB 0x0000000093100000| Complete 
| 234|0x0000000093200000, 0x0000000093300000, 0x0000000093300000|100%|HS|  |TAMS 0x0000000093200000| PB 0x0000000093200000| Complete 
| 235|0x0000000093300000, 0x0000000093400000, 0x0000000093400000|100%|HS|  |TAMS 0x0000000093300000| PB 0x0000000093300000| Complete 
| 236|0x0000000093400000, 0x0000000093500000, 0x0000000093500000|100%| O|Cm|TAMS 0x0000000093400000| PB 0x0000000093400000| Complete 
| 237|0x0000000093500000, 0x0000000093600000, 0x0000000093600000|100%|HS|  |TAMS 0x0000000093500000| PB 0x0000000093500000| Complete 
| 238|0x0000000093600000, 0x0000000093700000, 0x0000000093700000|100%|HS|  |TAMS 0x0000000093600000| PB 0x0000000093600000| Complete 
| 239|0x0000000093700000, 0x0000000093800000, 0x0000000093800000|100%|HS|  |TAMS 0x0000000093700000| PB 0x0000000093700000| Complete 
| 240|0x0000000093800000, 0x0000000093900000, 0x0000000093900000|100%|HS|  |TAMS 0x0000000093800000| PB 0x0000000093800000| Complete 
| 241|0x0000000093900000, 0x0000000093a00000, 0x0000000093a00000|100%|HS|  |TAMS 0x0000000093900000| PB 0x0000000093900000| Complete 
| 242|0x0000000093a00000, 0x0000000093b00000, 0x0000000093b00000|100%| O|  |TAMS 0x0000000093a00000| PB 0x0000000093a00000| Untracked 
| 243|0x0000000093b00000, 0x0000000093c00000, 0x0000000093c00000|100%| O|  |TAMS 0x0000000093b00000| PB 0x0000000093b00000| Untracked 
| 244|0x0000000093c00000, 0x0000000093d00000, 0x0000000093d00000|100%| O|  |TAMS 0x0000000093c00000| PB 0x0000000093c00000| Untracked 
| 245|0x0000000093d00000, 0x0000000093e00000, 0x0000000093e00000|100%| O|  |TAMS 0x0000000093d00000| PB 0x0000000093d00000| Untracked 
| 246|0x0000000093e00000, 0x0000000093f00000, 0x0000000093f00000|100%| O|  |TAMS 0x0000000093e00000| PB 0x0000000093e00000| Untracked 
| 247|0x0000000093f00000, 0x0000000094000000, 0x0000000094000000|100%|HS|  |TAMS 0x0000000093f00000| PB 0x0000000093f00000| Complete 
| 248|0x0000000094000000, 0x0000000094100000, 0x0000000094100000|100%| O|  |TAMS 0x0000000094000000| PB 0x0000000094000000| Untracked 
| 249|0x0000000094100000, 0x0000000094200000, 0x0000000094200000|100%|HS|  |TAMS 0x0000000094100000| PB 0x0000000094100000| Complete 
| 250|0x0000000094200000, 0x0000000094300000, 0x0000000094300000|100%|HS|  |TAMS 0x0000000094200000| PB 0x0000000094200000| Complete 
| 251|0x0000000094300000, 0x0000000094400000, 0x0000000094400000|100%|HS|  |TAMS 0x0000000094300000| PB 0x0000000094300000| Complete 
| 252|0x0000000094400000, 0x0000000094500000, 0x0000000094500000|100%|HS|  |TAMS 0x0000000094400000| PB 0x0000000094400000| Complete 
| 253|0x0000000094500000, 0x0000000094600000, 0x0000000094600000|100%| O|  |TAMS 0x0000000094500000| PB 0x0000000094500000| Untracked 
| 254|0x0000000094600000, 0x0000000094700000, 0x0000000094700000|100%| O|  |TAMS 0x0000000094600000| PB 0x0000000094600000| Untracked 
| 255|0x0000000094700000, 0x0000000094800000, 0x0000000094800000|100%|HS|  |TAMS 0x0000000094700000| PB 0x0000000094700000| Complete 
| 256|0x0000000094800000, 0x0000000094900000, 0x0000000094900000|100%| O|  |TAMS 0x0000000094800000| PB 0x0000000094800000| Untracked 
| 257|0x0000000094900000, 0x0000000094a00000, 0x0000000094a00000|100%| O|  |TAMS 0x0000000094900000| PB 0x0000000094900000| Untracked 
| 258|0x0000000094a00000, 0x0000000094b00000, 0x0000000094b00000|100%| O|  |TAMS 0x0000000094a00000| PB 0x0000000094a00000| Untracked 
| 259|0x0000000094b00000, 0x0000000094c00000, 0x0000000094c00000|100%|HS|  |TAMS 0x0000000094b00000| PB 0x0000000094b00000| Complete 
| 260|0x0000000094c00000, 0x0000000094d00000, 0x0000000094d00000|100%|HS|  |TAMS 0x0000000094c00000| PB 0x0000000094c00000| Complete 
| 261|0x0000000094d00000, 0x0000000094e00000, 0x0000000094e00000|100%|HS|  |TAMS 0x0000000094d00000| PB 0x0000000094d00000| Complete 
| 262|0x0000000094e00000, 0x0000000094f00000, 0x0000000094f00000|100%|HS|  |TAMS 0x0000000094e00000| PB 0x0000000094e00000| Complete 
| 263|0x0000000094f00000, 0x0000000095000000, 0x0000000095000000|100%|HS|  |TAMS 0x0000000094f00000| PB 0x0000000094f00000| Complete 
| 264|0x0000000095000000, 0x0000000095100000, 0x0000000095100000|100%|HS|  |TAMS 0x0000000095000000| PB 0x0000000095000000| Complete 
| 265|0x0000000095100000, 0x0000000095200000, 0x0000000095200000|100%|HS|  |TAMS 0x0000000095100000| PB 0x0000000095100000| Complete 
| 266|0x0000000095200000, 0x0000000095300000, 0x0000000095300000|100%|HS|  |TAMS 0x0000000095200000| PB 0x0000000095200000| Complete 
| 267|0x0000000095300000, 0x0000000095400000, 0x0000000095400000|100%|HS|  |TAMS 0x0000000095300000| PB 0x0000000095300000| Complete 
| 268|0x0000000095400000, 0x0000000095500000, 0x0000000095500000|100%|HS|  |TAMS 0x0000000095400000| PB 0x0000000095400000| Complete 
| 269|0x0000000095500000, 0x0000000095600000, 0x0000000095600000|100%|HS|  |TAMS 0x0000000095500000| PB 0x0000000095500000| Complete 
| 270|0x0000000095600000, 0x0000000095700000, 0x0000000095700000|100%|HS|  |TAMS 0x0000000095600000| PB 0x0000000095600000| Complete 
| 271|0x0000000095700000, 0x0000000095800000, 0x0000000095800000|100%|HS|  |TAMS 0x0000000095700000| PB 0x0000000095700000| Complete 
| 272|0x0000000095800000, 0x0000000095900000, 0x0000000095900000|100%|HS|  |TAMS 0x0000000095800000| PB 0x0000000095800000| Complete 
| 273|0x0000000095900000, 0x0000000095a00000, 0x0000000095a00000|100%|HS|  |TAMS 0x0000000095900000| PB 0x0000000095900000| Complete 
| 274|0x0000000095a00000, 0x0000000095b00000, 0x0000000095b00000|100%|HS|  |TAMS 0x0000000095a00000| PB 0x0000000095a00000| Complete 
| 275|0x0000000095b00000, 0x0000000095c00000, 0x0000000095c00000|100%|HS|  |TAMS 0x0000000095b00000| PB 0x0000000095b00000| Complete 
| 276|0x0000000095c00000, 0x0000000095d00000, 0x0000000095d00000|100%|HS|  |TAMS 0x0000000095c00000| PB 0x0000000095c00000| Complete 
| 277|0x0000000095d00000, 0x0000000095e00000, 0x0000000095e00000|100%|HS|  |TAMS 0x0000000095d00000| PB 0x0000000095d00000| Complete 
| 278|0x0000000095e00000, 0x0000000095f00000, 0x0000000095f00000|100%|HS|  |TAMS 0x0000000095e00000| PB 0x0000000095e00000| Complete 
| 279|0x0000000095f00000, 0x0000000096000000, 0x0000000096000000|100%|HS|  |TAMS 0x0000000095f00000| PB 0x0000000095f00000| Complete 
| 280|0x0000000096000000, 0x0000000096100000, 0x0000000096100000|100%|HS|  |TAMS 0x0000000096000000| PB 0x0000000096000000| Complete 
| 281|0x0000000096100000, 0x0000000096200000, 0x0000000096200000|100%|HS|  |TAMS 0x0000000096100000| PB 0x0000000096100000| Complete 
| 282|0x0000000096200000, 0x0000000096300000, 0x0000000096300000|100%|HS|  |TAMS 0x0000000096200000| PB 0x0000000096200000| Complete 
| 283|0x0000000096300000, 0x0000000096400000, 0x0000000096400000|100%|HS|  |TAMS 0x0000000096300000| PB 0x0000000096300000| Complete 
| 284|0x0000000096400000, 0x0000000096500000, 0x0000000096500000|100%|HS|  |TAMS 0x0000000096400000| PB 0x0000000096400000| Complete 
| 285|0x0000000096500000, 0x0000000096600000, 0x0000000096600000|100%|HS|  |TAMS 0x0000000096500000| PB 0x0000000096500000| Complete 
| 286|0x0000000096600000, 0x0000000096700000, 0x0000000096700000|100%|HS|  |TAMS 0x0000000096600000| PB 0x0000000096600000| Complete 
| 287|0x0000000096700000, 0x0000000096800000, 0x0000000096800000|100%|HS|  |TAMS 0x0000000096700000| PB 0x0000000096700000| Complete 
| 288|0x0000000096800000, 0x0000000096900000, 0x0000000096900000|100%|HS|  |TAMS 0x0000000096800000| PB 0x0000000096800000| Complete 
| 289|0x0000000096900000, 0x0000000096a00000, 0x0000000096a00000|100%|HS|  |TAMS 0x0000000096900000| PB 0x0000000096900000| Complete 
| 290|0x0000000096a00000, 0x0000000096b00000, 0x0000000096b00000|100%|HS|  |TAMS 0x0000000096a00000| PB 0x0000000096a00000| Complete 
| 291|0x0000000096b00000, 0x0000000096c00000, 0x0000000096c00000|100%|HS|  |TAMS 0x0000000096b00000| PB 0x0000000096b00000| Complete 
| 292|0x0000000096c00000, 0x0000000096d00000, 0x0000000096d00000|100%|HS|  |TAMS 0x0000000096c00000| PB 0x0000000096c00000| Complete 
| 293|0x0000000096d00000, 0x0000000096e00000, 0x0000000096e00000|100%|HS|  |TAMS 0x0000000096d00000| PB 0x0000000096d00000| Complete 
| 294|0x0000000096e00000, 0x0000000096f00000, 0x0000000096f00000|100%|HS|  |TAMS 0x0000000096e00000| PB 0x0000000096e00000| Complete 
| 295|0x0000000096f00000, 0x0000000097000000, 0x0000000097000000|100%|HS|  |TAMS 0x0000000096f00000| PB 0x0000000096f00000| Complete 
| 296|0x0000000097000000, 0x0000000097100000, 0x0000000097100000|100%|HS|  |TAMS 0x0000000097000000| PB 0x0000000097000000| Complete 
| 297|0x0000000097100000, 0x0000000097200000, 0x0000000097200000|100%|HS|  |TAMS 0x0000000097100000| PB 0x0000000097100000| Complete 
| 298|0x0000000097200000, 0x0000000097300000, 0x0000000097300000|100%|HS|  |TAMS 0x0000000097200000| PB 0x0000000097200000| Complete 
| 299|0x0000000097300000, 0x0000000097400000, 0x0000000097400000|100%|HS|  |TAMS 0x0000000097300000| PB 0x0000000097300000| Complete 
| 300|0x0000000097400000, 0x0000000097500000, 0x0000000097500000|100%|HS|  |TAMS 0x0000000097400000| PB 0x0000000097400000| Complete 
| 301|0x0000000097500000, 0x0000000097600000, 0x0000000097600000|100%|HS|  |TAMS 0x0000000097500000| PB 0x0000000097500000| Complete 
| 302|0x0000000097600000, 0x0000000097700000, 0x0000000097700000|100%|HS|  |TAMS 0x0000000097600000| PB 0x0000000097600000| Complete 
| 303|0x0000000097700000, 0x0000000097800000, 0x0000000097800000|100%|HS|  |TAMS 0x0000000097700000| PB 0x0000000097700000| Complete 
| 304|0x0000000097800000, 0x0000000097900000, 0x0000000097900000|100%|HS|  |TAMS 0x0000000097800000| PB 0x0000000097800000| Complete 
| 305|0x0000000097900000, 0x0000000097a00000, 0x0000000097a00000|100%|HS|  |TAMS 0x0000000097900000| PB 0x0000000097900000| Complete 
| 306|0x0000000097a00000, 0x0000000097b00000, 0x0000000097b00000|100%|HS|  |TAMS 0x0000000097a00000| PB 0x0000000097a00000| Complete 
| 307|0x0000000097b00000, 0x0000000097c00000, 0x0000000097c00000|100%|HS|  |TAMS 0x0000000097b00000| PB 0x0000000097b00000| Complete 
| 308|0x0000000097c00000, 0x0000000097d00000, 0x0000000097d00000|100%|HS|  |TAMS 0x0000000097c00000| PB 0x0000000097c00000| Complete 
| 309|0x0000000097d00000, 0x0000000097e00000, 0x0000000097e00000|100%|HS|  |TAMS 0x0000000097d00000| PB 0x0000000097d00000| Complete 
| 310|0x0000000097e00000, 0x0000000097f00000, 0x0000000097f00000|100%|HS|  |TAMS 0x0000000097e00000| PB 0x0000000097e00000| Complete 
| 311|0x0000000097f00000, 0x0000000098000000, 0x0000000098000000|100%|HS|  |TAMS 0x0000000097f00000| PB 0x0000000097f00000| Complete 
| 312|0x0000000098000000, 0x0000000098100000, 0x0000000098100000|100%|HS|  |TAMS 0x0000000098000000| PB 0x0000000098000000| Complete 
| 313|0x0000000098100000, 0x0000000098200000, 0x0000000098200000|100%|HS|  |TAMS 0x0000000098100000| PB 0x0000000098100000| Complete 
| 314|0x0000000098200000, 0x0000000098300000, 0x0000000098300000|100%|HS|  |TAMS 0x0000000098200000| PB 0x0000000098200000| Complete 
| 315|0x0000000098300000, 0x0000000098400000, 0x0000000098400000|100%|HS|  |TAMS 0x0000000098300000| PB 0x0000000098300000| Complete 
| 316|0x0000000098400000, 0x0000000098500000, 0x0000000098500000|100%|HS|  |TAMS 0x0000000098400000| PB 0x0000000098400000| Complete 
| 317|0x0000000098500000, 0x0000000098600000, 0x0000000098600000|100%|HS|  |TAMS 0x0000000098500000| PB 0x0000000098500000| Complete 
| 318|0x0000000098600000, 0x0000000098700000, 0x0000000098700000|100%|HS|  |TAMS 0x0000000098600000| PB 0x0000000098600000| Complete 
| 319|0x0000000098700000, 0x0000000098800000, 0x0000000098800000|100%|HS|  |TAMS 0x0000000098700000| PB 0x0000000098700000| Complete 
| 320|0x0000000098800000, 0x0000000098900000, 0x0000000098900000|100%|HS|  |TAMS 0x0000000098800000| PB 0x0000000098800000| Complete 
| 321|0x0000000098900000, 0x0000000098a00000, 0x0000000098a00000|100%|HS|  |TAMS 0x0000000098900000| PB 0x0000000098900000| Complete 
| 322|0x0000000098a00000, 0x0000000098b00000, 0x0000000098b00000|100%|HS|  |TAMS 0x0000000098a00000| PB 0x0000000098a00000| Complete 
| 323|0x0000000098b00000, 0x0000000098c00000, 0x0000000098c00000|100%|HS|  |TAMS 0x0000000098b00000| PB 0x0000000098b00000| Complete 
| 324|0x0000000098c00000, 0x0000000098d00000, 0x0000000098d00000|100%|HS|  |TAMS 0x0000000098c00000| PB 0x0000000098c00000| Complete 
| 325|0x0000000098d00000, 0x0000000098e00000, 0x0000000098e00000|100%|HS|  |TAMS 0x0000000098d00000| PB 0x0000000098d00000| Complete 
| 326|0x0000000098e00000, 0x0000000098f00000, 0x0000000098f00000|100%|HS|  |TAMS 0x0000000098e00000| PB 0x0000000098e00000| Complete 
| 327|0x0000000098f00000, 0x0000000099000000, 0x0000000099000000|100%|HS|  |TAMS 0x0000000098f00000| PB 0x0000000098f00000| Complete 
| 328|0x0000000099000000, 0x0000000099100000, 0x0000000099100000|100%|HS|  |TAMS 0x0000000099000000| PB 0x0000000099000000| Complete 
| 329|0x0000000099100000, 0x0000000099200000, 0x0000000099200000|100%|HS|  |TAMS 0x0000000099100000| PB 0x0000000099100000| Complete 
| 330|0x0000000099200000, 0x0000000099300000, 0x0000000099300000|100%|HS|  |TAMS 0x0000000099200000| PB 0x0000000099200000| Complete 
| 331|0x0000000099300000, 0x0000000099400000, 0x0000000099400000|100%|HS|  |TAMS 0x0000000099300000| PB 0x0000000099300000| Complete 
| 332|0x0000000099400000, 0x0000000099500000, 0x0000000099500000|100%|HS|  |TAMS 0x0000000099400000| PB 0x0000000099400000| Complete 
| 333|0x0000000099500000, 0x0000000099600000, 0x0000000099600000|100%|HS|  |TAMS 0x0000000099500000| PB 0x0000000099500000| Complete 
| 334|0x0000000099600000, 0x0000000099700000, 0x0000000099700000|100%|HS|  |TAMS 0x0000000099600000| PB 0x0000000099600000| Complete 
| 335|0x0000000099700000, 0x0000000099800000, 0x0000000099800000|100%|HS|  |TAMS 0x0000000099700000| PB 0x0000000099700000| Complete 
| 336|0x0000000099800000, 0x0000000099900000, 0x0000000099900000|100%|HS|  |TAMS 0x0000000099800000| PB 0x0000000099800000| Complete 
| 337|0x0000000099900000, 0x0000000099a00000, 0x0000000099a00000|100%|HS|  |TAMS 0x0000000099900000| PB 0x0000000099900000| Complete 
| 338|0x0000000099a00000, 0x0000000099b00000, 0x0000000099b00000|100%|HS|  |TAMS 0x0000000099a00000| PB 0x0000000099a00000| Complete 
| 339|0x0000000099b00000, 0x0000000099c00000, 0x0000000099c00000|100%|HS|  |TAMS 0x0000000099b00000| PB 0x0000000099b00000| Complete 
| 340|0x0000000099c00000, 0x0000000099d00000, 0x0000000099d00000|100%|HS|  |TAMS 0x0000000099c00000| PB 0x0000000099c00000| Complete 
| 341|0x0000000099d00000, 0x0000000099e00000, 0x0000000099e00000|100%|HS|  |TAMS 0x0000000099d00000| PB 0x0000000099d00000| Complete 
| 342|0x0000000099e00000, 0x0000000099f00000, 0x0000000099f00000|100%|HS|  |TAMS 0x0000000099e00000| PB 0x0000000099e00000| Complete 
| 343|0x0000000099f00000, 0x000000009a000000, 0x000000009a000000|100%|HS|  |TAMS 0x0000000099f00000| PB 0x0000000099f00000| Complete 
| 344|0x000000009a000000, 0x000000009a100000, 0x000000009a100000|100%|HS|  |TAMS 0x000000009a000000| PB 0x000000009a000000| Complete 
| 345|0x000000009a100000, 0x000000009a200000, 0x000000009a200000|100%|HS|  |TAMS 0x000000009a100000| PB 0x000000009a100000| Complete 
| 346|0x000000009a200000, 0x000000009a300000, 0x000000009a300000|100%|HS|  |TAMS 0x000000009a200000| PB 0x000000009a200000| Complete 
| 347|0x000000009a300000, 0x000000009a400000, 0x000000009a400000|100%|HS|  |TAMS 0x000000009a300000| PB 0x000000009a300000| Complete 
| 348|0x000000009a400000, 0x000000009a500000, 0x000000009a500000|100%|HS|  |TAMS 0x000000009a400000| PB 0x000000009a400000| Complete 
| 349|0x000000009a500000, 0x000000009a600000, 0x000000009a600000|100%|HS|  |TAMS 0x000000009a500000| PB 0x000000009a500000| Complete 
| 350|0x000000009a600000, 0x000000009a700000, 0x000000009a700000|100%|HS|  |TAMS 0x000000009a600000| PB 0x000000009a600000| Complete 
| 351|0x000000009a700000, 0x000000009a800000, 0x000000009a800000|100%|HS|  |TAMS 0x000000009a700000| PB 0x000000009a700000| Complete 
| 352|0x000000009a800000, 0x000000009a900000, 0x000000009a900000|100%|HS|  |TAMS 0x000000009a800000| PB 0x000000009a800000| Complete 
| 353|0x000000009a900000, 0x000000009aa00000, 0x000000009aa00000|100%|HS|  |TAMS 0x000000009a900000| PB 0x000000009a900000| Complete 
| 354|0x000000009aa00000, 0x000000009ab00000, 0x000000009ab00000|100%|HS|  |TAMS 0x000000009aa00000| PB 0x000000009aa00000| Complete 
| 355|0x000000009ab00000, 0x000000009ac00000, 0x000000009ac00000|100%|HS|  |TAMS 0x000000009ab00000| PB 0x000000009ab00000| Complete 
| 356|0x000000009ac00000, 0x000000009ad00000, 0x000000009ad00000|100%|HS|  |TAMS 0x000000009ac00000| PB 0x000000009ac00000| Complete 
| 357|0x000000009ad00000, 0x000000009ae00000, 0x000000009ae00000|100%|HS|  |TAMS 0x000000009ad00000| PB 0x000000009ad00000| Complete 
| 358|0x000000009ae00000, 0x000000009af00000, 0x000000009af00000|100%|HS|  |TAMS 0x000000009ae00000| PB 0x000000009ae00000| Complete 
| 359|0x000000009af00000, 0x000000009b000000, 0x000000009b000000|100%|HS|  |TAMS 0x000000009af00000| PB 0x000000009af00000| Complete 
| 360|0x000000009b000000, 0x000000009b100000, 0x000000009b100000|100%|HS|  |TAMS 0x000000009b000000| PB 0x000000009b000000| Complete 
| 361|0x000000009b100000, 0x000000009b200000, 0x000000009b200000|100%|HS|  |TAMS 0x000000009b100000| PB 0x000000009b100000| Complete 
| 362|0x000000009b200000, 0x000000009b300000, 0x000000009b300000|100%|HS|  |TAMS 0x000000009b200000| PB 0x000000009b200000| Complete 
| 363|0x000000009b300000, 0x000000009b400000, 0x000000009b400000|100%|HS|  |TAMS 0x000000009b300000| PB 0x000000009b300000| Complete 
| 364|0x000000009b400000, 0x000000009b500000, 0x000000009b500000|100%|HS|  |TAMS 0x000000009b400000| PB 0x000000009b400000| Complete 
| 365|0x000000009b500000, 0x000000009b600000, 0x000000009b600000|100%|HS|  |TAMS 0x000000009b500000| PB 0x000000009b500000| Complete 
| 366|0x000000009b600000, 0x000000009b700000, 0x000000009b700000|100%|HS|  |TAMS 0x000000009b600000| PB 0x000000009b600000| Complete 
| 367|0x000000009b700000, 0x000000009b800000, 0x000000009b800000|100%|HS|  |TAMS 0x000000009b700000| PB 0x000000009b700000| Complete 
| 368|0x000000009b800000, 0x000000009b900000, 0x000000009b900000|100%|HS|  |TAMS 0x000000009b800000| PB 0x000000009b800000| Complete 
| 369|0x000000009b900000, 0x000000009ba00000, 0x000000009ba00000|100%|HS|  |TAMS 0x000000009b900000| PB 0x000000009b900000| Complete 
| 370|0x000000009ba00000, 0x000000009bb00000, 0x000000009bb00000|100%|HS|  |TAMS 0x000000009ba00000| PB 0x000000009ba00000| Complete 
| 371|0x000000009bb00000, 0x000000009bc00000, 0x000000009bc00000|100%|HS|  |TAMS 0x000000009bb00000| PB 0x000000009bb00000| Complete 
| 372|0x000000009bc00000, 0x000000009bd00000, 0x000000009bd00000|100%|HS|  |TAMS 0x000000009bc00000| PB 0x000000009bc00000| Complete 
| 373|0x000000009bd00000, 0x000000009be00000, 0x000000009be00000|100%|HS|  |TAMS 0x000000009bd00000| PB 0x000000009bd00000| Complete 
| 374|0x000000009be00000, 0x000000009bf00000, 0x000000009bf00000|100%|HS|  |TAMS 0x000000009be00000| PB 0x000000009be00000| Complete 
| 375|0x000000009bf00000, 0x000000009c000000, 0x000000009c000000|100%|HS|  |TAMS 0x000000009bf00000| PB 0x000000009bf00000| Complete 
| 376|0x000000009c000000, 0x000000009c100000, 0x000000009c100000|100%|HS|  |TAMS 0x000000009c000000| PB 0x000000009c000000| Complete 
| 377|0x000000009c100000, 0x000000009c200000, 0x000000009c200000|100%|HS|  |TAMS 0x000000009c100000| PB 0x000000009c100000| Complete 
| 378|0x000000009c200000, 0x000000009c300000, 0x000000009c300000|100%|HS|  |TAMS 0x000000009c200000| PB 0x000000009c200000| Complete 
| 379|0x000000009c300000, 0x000000009c400000, 0x000000009c400000|100%|HS|  |TAMS 0x000000009c300000| PB 0x000000009c300000| Complete 
| 380|0x000000009c400000, 0x000000009c500000, 0x000000009c500000|100%|HS|  |TAMS 0x000000009c400000| PB 0x000000009c400000| Complete 
| 381|0x000000009c500000, 0x000000009c600000, 0x000000009c600000|100%|HS|  |TAMS 0x000000009c500000| PB 0x000000009c500000| Complete 
| 382|0x000000009c600000, 0x000000009c700000, 0x000000009c700000|100%|HS|  |TAMS 0x000000009c600000| PB 0x000000009c600000| Complete 
| 383|0x000000009c700000, 0x000000009c800000, 0x000000009c800000|100%|HS|  |TAMS 0x000000009c700000| PB 0x000000009c700000| Complete 
| 384|0x000000009c800000, 0x000000009c900000, 0x000000009c900000|100%|HS|  |TAMS 0x000000009c800000| PB 0x000000009c800000| Complete 
| 385|0x000000009c900000, 0x000000009ca00000, 0x000000009ca00000|100%|HS|  |TAMS 0x000000009c900000| PB 0x000000009c900000| Complete 
| 386|0x000000009ca00000, 0x000000009cb00000, 0x000000009cb00000|100%|HS|  |TAMS 0x000000009ca00000| PB 0x000000009ca00000| Complete 
| 387|0x000000009cb00000, 0x000000009cc00000, 0x000000009cc00000|100%|HS|  |TAMS 0x000000009cb00000| PB 0x000000009cb00000| Complete 
| 388|0x000000009cc00000, 0x000000009cd00000, 0x000000009cd00000|100%|HS|  |TAMS 0x000000009cc00000| PB 0x000000009cc00000| Complete 
| 389|0x000000009cd00000, 0x000000009ce00000, 0x000000009ce00000|100%|HS|  |TAMS 0x000000009cd00000| PB 0x000000009cd00000| Complete 
| 390|0x000000009ce00000, 0x000000009cf00000, 0x000000009cf00000|100%|HS|  |TAMS 0x000000009ce00000| PB 0x000000009ce00000| Complete 
| 391|0x000000009cf00000, 0x000000009d000000, 0x000000009d000000|100%|HS|  |TAMS 0x000000009cf00000| PB 0x000000009cf00000| Complete 
| 392|0x000000009d000000, 0x000000009d100000, 0x000000009d100000|100%|HS|  |TAMS 0x000000009d000000| PB 0x000000009d000000| Complete 
| 393|0x000000009d100000, 0x000000009d200000, 0x000000009d200000|100%|HS|  |TAMS 0x000000009d100000| PB 0x000000009d100000| Complete 
| 394|0x000000009d200000, 0x000000009d300000, 0x000000009d300000|100%|HS|  |TAMS 0x000000009d200000| PB 0x000000009d200000| Complete 
| 395|0x000000009d300000, 0x000000009d400000, 0x000000009d400000|100%|HS|  |TAMS 0x000000009d300000| PB 0x000000009d300000| Complete 
| 396|0x000000009d400000, 0x000000009d500000, 0x000000009d500000|100%|HS|  |TAMS 0x000000009d400000| PB 0x000000009d400000| Complete 
| 397|0x000000009d500000, 0x000000009d600000, 0x000000009d600000|100%|HS|  |TAMS 0x000000009d500000| PB 0x000000009d500000| Complete 
| 398|0x000000009d600000, 0x000000009d700000, 0x000000009d700000|100%|HS|  |TAMS 0x000000009d600000| PB 0x000000009d600000| Complete 
| 399|0x000000009d700000, 0x000000009d800000, 0x000000009d800000|100%|HS|  |TAMS 0x000000009d700000| PB 0x000000009d700000| Complete 
| 400|0x000000009d800000, 0x000000009d900000, 0x000000009d900000|100%|HS|  |TAMS 0x000000009d800000| PB 0x000000009d800000| Complete 
| 401|0x000000009d900000, 0x000000009da00000, 0x000000009da00000|100%|HS|  |TAMS 0x000000009d900000| PB 0x000000009d900000| Complete 
| 402|0x000000009da00000, 0x000000009db00000, 0x000000009db00000|100%|HS|  |TAMS 0x000000009da00000| PB 0x000000009da00000| Complete 
| 403|0x000000009db00000, 0x000000009dc00000, 0x000000009dc00000|100%|HS|  |TAMS 0x000000009db00000| PB 0x000000009db00000| Complete 
| 404|0x000000009dc00000, 0x000000009dd00000, 0x000000009dd00000|100%|HS|  |TAMS 0x000000009dc00000| PB 0x000000009dc00000| Complete 
| 405|0x000000009dd00000, 0x000000009de00000, 0x000000009de00000|100%|HS|  |TAMS 0x000000009dd00000| PB 0x000000009dd00000| Complete 
| 406|0x000000009de00000, 0x000000009df00000, 0x000000009df00000|100%|HS|  |TAMS 0x000000009de00000| PB 0x000000009de00000| Complete 
| 407|0x000000009df00000, 0x000000009e000000, 0x000000009e000000|100%|HS|  |TAMS 0x000000009df00000| PB 0x000000009df00000| Complete 
| 408|0x000000009e000000, 0x000000009e100000, 0x000000009e100000|100%|HS|  |TAMS 0x000000009e000000| PB 0x000000009e000000| Complete 
| 409|0x000000009e100000, 0x000000009e200000, 0x000000009e200000|100%|HS|  |TAMS 0x000000009e100000| PB 0x000000009e100000| Complete 
| 410|0x000000009e200000, 0x000000009e300000, 0x000000009e300000|100%|HS|  |TAMS 0x000000009e200000| PB 0x000000009e200000| Complete 
| 411|0x000000009e300000, 0x000000009e400000, 0x000000009e400000|100%|HS|  |TAMS 0x000000009e300000| PB 0x000000009e300000| Complete 
| 412|0x000000009e400000, 0x000000009e500000, 0x000000009e500000|100%|HS|  |TAMS 0x000000009e400000| PB 0x000000009e400000| Complete 
| 413|0x000000009e500000, 0x000000009e600000, 0x000000009e600000|100%|HS|  |TAMS 0x000000009e500000| PB 0x000000009e500000| Complete 
| 414|0x000000009e600000, 0x000000009e700000, 0x000000009e700000|100%|HS|  |TAMS 0x000000009e600000| PB 0x000000009e600000| Complete 
| 415|0x000000009e700000, 0x000000009e800000, 0x000000009e800000|100%|HS|  |TAMS 0x000000009e700000| PB 0x000000009e700000| Complete 
| 416|0x000000009e800000, 0x000000009e900000, 0x000000009e900000|100%|HS|  |TAMS 0x000000009e800000| PB 0x000000009e800000| Complete 
| 417|0x000000009e900000, 0x000000009ea00000, 0x000000009ea00000|100%|HS|  |TAMS 0x000000009e900000| PB 0x000000009e900000| Complete 
| 418|0x000000009ea00000, 0x000000009eb00000, 0x000000009eb00000|100%|HS|  |TAMS 0x000000009ea00000| PB 0x000000009ea00000| Complete 
| 419|0x000000009eb00000, 0x000000009ec00000, 0x000000009ec00000|100%|HS|  |TAMS 0x000000009eb00000| PB 0x000000009eb00000| Complete 
| 420|0x000000009ec00000, 0x000000009ed00000, 0x000000009ed00000|100%|HS|  |TAMS 0x000000009ec00000| PB 0x000000009ec00000| Complete 
| 421|0x000000009ed00000, 0x000000009ee00000, 0x000000009ee00000|100%|HS|  |TAMS 0x000000009ed00000| PB 0x000000009ed00000| Complete 
| 422|0x000000009ee00000, 0x000000009ef00000, 0x000000009ef00000|100%|HS|  |TAMS 0x000000009ee00000| PB 0x000000009ee00000| Complete 
| 423|0x000000009ef00000, 0x000000009f000000, 0x000000009f000000|100%|HS|  |TAMS 0x000000009ef00000| PB 0x000000009ef00000| Complete 
| 424|0x000000009f000000, 0x000000009f100000, 0x000000009f100000|100%|HS|  |TAMS 0x000000009f000000| PB 0x000000009f000000| Complete 
| 425|0x000000009f100000, 0x000000009f200000, 0x000000009f200000|100%|HS|  |TAMS 0x000000009f100000| PB 0x000000009f100000| Complete 
| 426|0x000000009f200000, 0x000000009f300000, 0x000000009f300000|100%|HS|  |TAMS 0x000000009f200000| PB 0x000000009f200000| Complete 
| 427|0x000000009f300000, 0x000000009f400000, 0x000000009f400000|100%|HS|  |TAMS 0x000000009f300000| PB 0x000000009f300000| Complete 
| 428|0x000000009f400000, 0x000000009f500000, 0x000000009f500000|100%|HS|  |TAMS 0x000000009f400000| PB 0x000000009f400000| Complete 
| 429|0x000000009f500000, 0x000000009f600000, 0x000000009f600000|100%|HS|  |TAMS 0x000000009f500000| PB 0x000000009f500000| Complete 
| 430|0x000000009f600000, 0x000000009f700000, 0x000000009f700000|100%|HS|  |TAMS 0x000000009f600000| PB 0x000000009f600000| Complete 
| 431|0x000000009f700000, 0x000000009f800000, 0x000000009f800000|100%|HS|  |TAMS 0x000000009f700000| PB 0x000000009f700000| Complete 
| 432|0x000000009f800000, 0x000000009f900000, 0x000000009f900000|100%|HS|  |TAMS 0x000000009f800000| PB 0x000000009f800000| Complete 
| 433|0x000000009f900000, 0x000000009fa00000, 0x000000009fa00000|100%|HS|  |TAMS 0x000000009f900000| PB 0x000000009f900000| Complete 
| 434|0x000000009fa00000, 0x000000009fb00000, 0x000000009fb00000|100%|HS|  |TAMS 0x000000009fa00000| PB 0x000000009fa00000| Complete 
| 435|0x000000009fb00000, 0x000000009fc00000, 0x000000009fc00000|100%|HS|  |TAMS 0x000000009fb00000| PB 0x000000009fb00000| Complete 
| 436|0x000000009fc00000, 0x000000009fd00000, 0x000000009fd00000|100%|HS|  |TAMS 0x000000009fc00000| PB 0x000000009fc00000| Complete 
| 437|0x000000009fd00000, 0x000000009fe00000, 0x000000009fe00000|100%|HS|  |TAMS 0x000000009fd00000| PB 0x000000009fd00000| Complete 
| 438|0x000000009fe00000, 0x000000009ff00000, 0x000000009ff00000|100%|HS|  |TAMS 0x000000009fe00000| PB 0x000000009fe00000| Complete 
| 439|0x000000009ff00000, 0x00000000a0000000, 0x00000000a0000000|100%|HS|  |TAMS 0x000000009ff00000| PB 0x000000009ff00000| Complete 
| 440|0x00000000a0000000, 0x00000000a0100000, 0x00000000a0100000|100%|HS|  |TAMS 0x00000000a0000000| PB 0x00000000a0000000| Complete 
| 441|0x00000000a0100000, 0x00000000a0200000, 0x00000000a0200000|100%|HS|  |TAMS 0x00000000a0100000| PB 0x00000000a0100000| Complete 
| 442|0x00000000a0200000, 0x00000000a0300000, 0x00000000a0300000|100%|HS|  |TAMS 0x00000000a0200000| PB 0x00000000a0200000| Complete 
| 443|0x00000000a0300000, 0x00000000a0400000, 0x00000000a0400000|100%|HS|  |TAMS 0x00000000a0300000| PB 0x00000000a0300000| Complete 
| 444|0x00000000a0400000, 0x00000000a0500000, 0x00000000a0500000|100%|HS|  |TAMS 0x00000000a0400000| PB 0x00000000a0400000| Complete 
| 445|0x00000000a0500000, 0x00000000a0600000, 0x00000000a0600000|100%|HS|  |TAMS 0x00000000a0500000| PB 0x00000000a0500000| Complete 
| 446|0x00000000a0600000, 0x00000000a0700000, 0x00000000a0700000|100%|HS|  |TAMS 0x00000000a0600000| PB 0x00000000a0600000| Complete 
| 447|0x00000000a0700000, 0x00000000a0800000, 0x00000000a0800000|100%|HS|  |TAMS 0x00000000a0700000| PB 0x00000000a0700000| Complete 
| 448|0x00000000a0800000, 0x00000000a0900000, 0x00000000a0900000|100%|HS|  |TAMS 0x00000000a0800000| PB 0x00000000a0800000| Complete 
| 449|0x00000000a0900000, 0x00000000a0a00000, 0x00000000a0a00000|100%|HS|  |TAMS 0x00000000a0900000| PB 0x00000000a0900000| Complete 
| 450|0x00000000a0a00000, 0x00000000a0b00000, 0x00000000a0b00000|100%|HS|  |TAMS 0x00000000a0a00000| PB 0x00000000a0a00000| Complete 
| 451|0x00000000a0b00000, 0x00000000a0c00000, 0x00000000a0c00000|100%|HS|  |TAMS 0x00000000a0b00000| PB 0x00000000a0b00000| Complete 
| 452|0x00000000a0c00000, 0x00000000a0d00000, 0x00000000a0d00000|100%|HS|  |TAMS 0x00000000a0c00000| PB 0x00000000a0c00000| Complete 
| 453|0x00000000a0d00000, 0x00000000a0e00000, 0x00000000a0e00000|100%|HS|  |TAMS 0x00000000a0d00000| PB 0x00000000a0d00000| Complete 
| 454|0x00000000a0e00000, 0x00000000a0f00000, 0x00000000a0f00000|100%|HS|  |TAMS 0x00000000a0e00000| PB 0x00000000a0e00000| Complete 
| 455|0x00000000a0f00000, 0x00000000a1000000, 0x00000000a1000000|100%|HS|  |TAMS 0x00000000a0f00000| PB 0x00000000a0f00000| Complete 
| 456|0x00000000a1000000, 0x00000000a1100000, 0x00000000a1100000|100%|HS|  |TAMS 0x00000000a1000000| PB 0x00000000a1000000| Complete 
| 457|0x00000000a1100000, 0x00000000a1200000, 0x00000000a1200000|100%|HS|  |TAMS 0x00000000a1100000| PB 0x00000000a1100000| Complete 
| 458|0x00000000a1200000, 0x00000000a1300000, 0x00000000a1300000|100%|HS|  |TAMS 0x00000000a1200000| PB 0x00000000a1200000| Complete 
| 459|0x00000000a1300000, 0x00000000a1400000, 0x00000000a1400000|100%|HS|  |TAMS 0x00000000a1300000| PB 0x00000000a1300000| Complete 
| 460|0x00000000a1400000, 0x00000000a1500000, 0x00000000a1500000|100%|HS|  |TAMS 0x00000000a1400000| PB 0x00000000a1400000| Complete 
| 461|0x00000000a1500000, 0x00000000a1600000, 0x00000000a1600000|100%|HS|  |TAMS 0x00000000a1500000| PB 0x00000000a1500000| Complete 
| 462|0x00000000a1600000, 0x00000000a1700000, 0x00000000a1700000|100%|HS|  |TAMS 0x00000000a1600000| PB 0x00000000a1600000| Complete 
| 463|0x00000000a1700000, 0x00000000a1800000, 0x00000000a1800000|100%|HS|  |TAMS 0x00000000a1700000| PB 0x00000000a1700000| Complete 
| 464|0x00000000a1800000, 0x00000000a1900000, 0x00000000a1900000|100%|HS|  |TAMS 0x00000000a1800000| PB 0x00000000a1800000| Complete 
| 465|0x00000000a1900000, 0x00000000a1a00000, 0x00000000a1a00000|100%|HS|  |TAMS 0x00000000a1900000| PB 0x00000000a1900000| Complete 
| 466|0x00000000a1a00000, 0x00000000a1b00000, 0x00000000a1b00000|100%|HS|  |TAMS 0x00000000a1a00000| PB 0x00000000a1a00000| Complete 
| 467|0x00000000a1b00000, 0x00000000a1c00000, 0x00000000a1c00000|100%|HS|  |TAMS 0x00000000a1b00000| PB 0x00000000a1b00000| Complete 
| 468|0x00000000a1c00000, 0x00000000a1d00000, 0x00000000a1d00000|100%|HS|  |TAMS 0x00000000a1c00000| PB 0x00000000a1c00000| Complete 
| 469|0x00000000a1d00000, 0x00000000a1e00000, 0x00000000a1e00000|100%|HS|  |TAMS 0x00000000a1d00000| PB 0x00000000a1d00000| Complete 
| 470|0x00000000a1e00000, 0x00000000a1f00000, 0x00000000a1f00000|100%|HS|  |TAMS 0x00000000a1e00000| PB 0x00000000a1e00000| Complete 
| 471|0x00000000a1f00000, 0x00000000a2000000, 0x00000000a2000000|100%|HS|  |TAMS 0x00000000a1f00000| PB 0x00000000a1f00000| Complete 
| 472|0x00000000a2000000, 0x00000000a2100000, 0x00000000a2100000|100%|HS|  |TAMS 0x00000000a2000000| PB 0x00000000a2000000| Complete 
| 473|0x00000000a2100000, 0x00000000a2200000, 0x00000000a2200000|100%|HS|  |TAMS 0x00000000a2100000| PB 0x00000000a2100000| Complete 
| 474|0x00000000a2200000, 0x00000000a2300000, 0x00000000a2300000|100%|HS|  |TAMS 0x00000000a2200000| PB 0x00000000a2200000| Complete 
| 475|0x00000000a2300000, 0x00000000a2400000, 0x00000000a2400000|100%|HS|  |TAMS 0x00000000a2300000| PB 0x00000000a2300000| Complete 
| 476|0x00000000a2400000, 0x00000000a2500000, 0x00000000a2500000|100%|HS|  |TAMS 0x00000000a2400000| PB 0x00000000a2400000| Complete 
| 477|0x00000000a2500000, 0x00000000a2600000, 0x00000000a2600000|100%|HS|  |TAMS 0x00000000a2500000| PB 0x00000000a2500000| Complete 
| 478|0x00000000a2600000, 0x00000000a2700000, 0x00000000a2700000|100%|HS|  |TAMS 0x00000000a2600000| PB 0x00000000a2600000| Complete 
| 479|0x00000000a2700000, 0x00000000a2800000, 0x00000000a2800000|100%|HS|  |TAMS 0x00000000a2700000| PB 0x00000000a2700000| Complete 
| 480|0x00000000a2800000, 0x00000000a2900000, 0x00000000a2900000|100%|HS|  |TAMS 0x00000000a2800000| PB 0x00000000a2800000| Complete 
| 481|0x00000000a2900000, 0x00000000a2a00000, 0x00000000a2a00000|100%|HS|  |TAMS 0x00000000a2900000| PB 0x00000000a2900000| Complete 
| 482|0x00000000a2a00000, 0x00000000a2b00000, 0x00000000a2b00000|100%|HS|  |TAMS 0x00000000a2a00000| PB 0x00000000a2a00000| Complete 
| 483|0x00000000a2b00000, 0x00000000a2c00000, 0x00000000a2c00000|100%|HS|  |TAMS 0x00000000a2b00000| PB 0x00000000a2b00000| Complete 
| 484|0x00000000a2c00000, 0x00000000a2d00000, 0x00000000a2d00000|100%|HS|  |TAMS 0x00000000a2c00000| PB 0x00000000a2c00000| Complete 
| 485|0x00000000a2d00000, 0x00000000a2e00000, 0x00000000a2e00000|100%|HS|  |TAMS 0x00000000a2d00000| PB 0x00000000a2d00000| Complete 
| 486|0x00000000a2e00000, 0x00000000a2f00000, 0x00000000a2f00000|100%|HS|  |TAMS 0x00000000a2e00000| PB 0x00000000a2e00000| Complete 
| 487|0x00000000a2f00000, 0x00000000a3000000, 0x00000000a3000000|100%|HS|  |TAMS 0x00000000a2f00000| PB 0x00000000a2f00000| Complete 
| 488|0x00000000a3000000, 0x00000000a3100000, 0x00000000a3100000|100%|HS|  |TAMS 0x00000000a3000000| PB 0x00000000a3000000| Complete 
| 489|0x00000000a3100000, 0x00000000a3200000, 0x00000000a3200000|100%|HS|  |TAMS 0x00000000a3100000| PB 0x00000000a3100000| Complete 
| 490|0x00000000a3200000, 0x00000000a3300000, 0x00000000a3300000|100%|HS|  |TAMS 0x00000000a3200000| PB 0x00000000a3200000| Complete 
| 491|0x00000000a3300000, 0x00000000a3400000, 0x00000000a3400000|100%|HS|  |TAMS 0x00000000a3300000| PB 0x00000000a3300000| Complete 
| 492|0x00000000a3400000, 0x00000000a3500000, 0x00000000a3500000|100%|HS|  |TAMS 0x00000000a3400000| PB 0x00000000a3400000| Complete 
| 493|0x00000000a3500000, 0x00000000a3600000, 0x00000000a3600000|100%|HS|  |TAMS 0x00000000a3500000| PB 0x00000000a3500000| Complete 
| 494|0x00000000a3600000, 0x00000000a3700000, 0x00000000a3700000|100%|HS|  |TAMS 0x00000000a3600000| PB 0x00000000a3600000| Complete 
| 495|0x00000000a3700000, 0x00000000a3800000, 0x00000000a3800000|100%|HS|  |TAMS 0x00000000a3700000| PB 0x00000000a3700000| Complete 
| 496|0x00000000a3800000, 0x00000000a3900000, 0x00000000a3900000|100%|HS|  |TAMS 0x00000000a3800000| PB 0x00000000a3800000| Complete 
| 497|0x00000000a3900000, 0x00000000a3a00000, 0x00000000a3a00000|100%|HS|  |TAMS 0x00000000a3900000| PB 0x00000000a3900000| Complete 
| 498|0x00000000a3a00000, 0x00000000a3b00000, 0x00000000a3b00000|100%|HS|  |TAMS 0x00000000a3a00000| PB 0x00000000a3a00000| Complete 
| 499|0x00000000a3b00000, 0x00000000a3c00000, 0x00000000a3c00000|100%|HS|  |TAMS 0x00000000a3b00000| PB 0x00000000a3b00000| Complete 
| 500|0x00000000a3c00000, 0x00000000a3d00000, 0x00000000a3d00000|100%|HS|  |TAMS 0x00000000a3c00000| PB 0x00000000a3c00000| Complete 
| 501|0x00000000a3d00000, 0x00000000a3e00000, 0x00000000a3e00000|100%|HS|  |TAMS 0x00000000a3d00000| PB 0x00000000a3d00000| Complete 
| 502|0x00000000a3e00000, 0x00000000a3f00000, 0x00000000a3f00000|100%|HS|  |TAMS 0x00000000a3e00000| PB 0x00000000a3e00000| Complete 
| 503|0x00000000a3f00000, 0x00000000a4000000, 0x00000000a4000000|100%|HS|  |TAMS 0x00000000a3f00000| PB 0x00000000a3f00000| Complete 
| 504|0x00000000a4000000, 0x00000000a4100000, 0x00000000a4100000|100%|HS|  |TAMS 0x00000000a4000000| PB 0x00000000a4000000| Complete 
| 505|0x00000000a4100000, 0x00000000a4200000, 0x00000000a4200000|100%|HS|  |TAMS 0x00000000a4100000| PB 0x00000000a4100000| Complete 
| 506|0x00000000a4200000, 0x00000000a4300000, 0x00000000a4300000|100%|HS|  |TAMS 0x00000000a4200000| PB 0x00000000a4200000| Complete 
| 507|0x00000000a4300000, 0x00000000a4400000, 0x00000000a4400000|100%|HS|  |TAMS 0x00000000a4300000| PB 0x00000000a4300000| Complete 
| 508|0x00000000a4400000, 0x00000000a4500000, 0x00000000a4500000|100%|HS|  |TAMS 0x00000000a4400000| PB 0x00000000a4400000| Complete 
| 509|0x00000000a4500000, 0x00000000a4600000, 0x00000000a4600000|100%|HS|  |TAMS 0x00000000a4500000| PB 0x00000000a4500000| Complete 
| 510|0x00000000a4600000, 0x00000000a4700000, 0x00000000a4700000|100%|HS|  |TAMS 0x00000000a4600000| PB 0x00000000a4600000| Complete 
| 511|0x00000000a4700000, 0x00000000a4800000, 0x00000000a4800000|100%|HS|  |TAMS 0x00000000a4700000| PB 0x00000000a4700000| Complete 
| 512|0x00000000a4800000, 0x00000000a4900000, 0x00000000a4900000|100%|HS|  |TAMS 0x00000000a4800000| PB 0x00000000a4800000| Complete 
| 513|0x00000000a4900000, 0x00000000a4a00000, 0x00000000a4a00000|100%|HS|  |TAMS 0x00000000a4900000| PB 0x00000000a4900000| Complete 
| 514|0x00000000a4a00000, 0x00000000a4b00000, 0x00000000a4b00000|100%|HS|  |TAMS 0x00000000a4a00000| PB 0x00000000a4a00000| Complete 
| 515|0x00000000a4b00000, 0x00000000a4c00000, 0x00000000a4c00000|100%|HS|  |TAMS 0x00000000a4b00000| PB 0x00000000a4b00000| Complete 
| 516|0x00000000a4c00000, 0x00000000a4d00000, 0x00000000a4d00000|100%|HS|  |TAMS 0x00000000a4c00000| PB 0x00000000a4c00000| Complete 
| 517|0x00000000a4d00000, 0x00000000a4e00000, 0x00000000a4e00000|100%|HS|  |TAMS 0x00000000a4d00000| PB 0x00000000a4d00000| Complete 
| 518|0x00000000a4e00000, 0x00000000a4f00000, 0x00000000a4f00000|100%|HS|  |TAMS 0x00000000a4e00000| PB 0x00000000a4e00000| Complete 
| 519|0x00000000a4f00000, 0x00000000a5000000, 0x00000000a5000000|100%|HS|  |TAMS 0x00000000a4f00000| PB 0x00000000a4f00000| Complete 
| 520|0x00000000a5000000, 0x00000000a5100000, 0x00000000a5100000|100%|HS|  |TAMS 0x00000000a5000000| PB 0x00000000a5000000| Complete 
| 521|0x00000000a5100000, 0x00000000a5200000, 0x00000000a5200000|100%|HS|  |TAMS 0x00000000a5100000| PB 0x00000000a5100000| Complete 
| 522|0x00000000a5200000, 0x00000000a5300000, 0x00000000a5300000|100%|HS|  |TAMS 0x00000000a5200000| PB 0x00000000a5200000| Complete 
| 523|0x00000000a5300000, 0x00000000a5400000, 0x00000000a5400000|100%|HS|  |TAMS 0x00000000a5300000| PB 0x00000000a5300000| Complete 
| 524|0x00000000a5400000, 0x00000000a5500000, 0x00000000a5500000|100%|HS|  |TAMS 0x00000000a5400000| PB 0x00000000a5400000| Complete 
| 525|0x00000000a5500000, 0x00000000a5600000, 0x00000000a5600000|100%|HS|  |TAMS 0x00000000a5500000| PB 0x00000000a5500000| Complete 
| 526|0x00000000a5600000, 0x00000000a5700000, 0x00000000a5700000|100%|HS|  |TAMS 0x00000000a5600000| PB 0x00000000a5600000| Complete 
| 527|0x00000000a5700000, 0x00000000a5800000, 0x00000000a5800000|100%|HS|  |TAMS 0x00000000a5700000| PB 0x00000000a5700000| Complete 
| 528|0x00000000a5800000, 0x00000000a5900000, 0x00000000a5900000|100%|HS|  |TAMS 0x00000000a5800000| PB 0x00000000a5800000| Complete 
| 529|0x00000000a5900000, 0x00000000a5a00000, 0x00000000a5a00000|100%|HS|  |TAMS 0x00000000a5900000| PB 0x00000000a5900000| Complete 
| 530|0x00000000a5a00000, 0x00000000a5b00000, 0x00000000a5b00000|100%|HS|  |TAMS 0x00000000a5a00000| PB 0x00000000a5a00000| Complete 
| 531|0x00000000a5b00000, 0x00000000a5c00000, 0x00000000a5c00000|100%|HS|  |TAMS 0x00000000a5b00000| PB 0x00000000a5b00000| Complete 
| 532|0x00000000a5c00000, 0x00000000a5d00000, 0x00000000a5d00000|100%|HS|  |TAMS 0x00000000a5c00000| PB 0x00000000a5c00000| Complete 
| 533|0x00000000a5d00000, 0x00000000a5e00000, 0x00000000a5e00000|100%|HS|  |TAMS 0x00000000a5d00000| PB 0x00000000a5d00000| Complete 
| 534|0x00000000a5e00000, 0x00000000a5f00000, 0x00000000a5f00000|100%|HS|  |TAMS 0x00000000a5e00000| PB 0x00000000a5e00000| Complete 
| 535|0x00000000a5f00000, 0x00000000a6000000, 0x00000000a6000000|100%|HS|  |TAMS 0x00000000a5f00000| PB 0x00000000a5f00000| Complete 
| 536|0x00000000a6000000, 0x00000000a6100000, 0x00000000a6100000|100%|HS|  |TAMS 0x00000000a6000000| PB 0x00000000a6000000| Complete 
| 537|0x00000000a6100000, 0x00000000a6200000, 0x00000000a6200000|100%|HS|  |TAMS 0x00000000a6100000| PB 0x00000000a6100000| Complete 
| 538|0x00000000a6200000, 0x00000000a6300000, 0x00000000a6300000|100%|HS|  |TAMS 0x00000000a6200000| PB 0x00000000a6200000| Complete 
| 539|0x00000000a6300000, 0x00000000a6400000, 0x00000000a6400000|100%|HS|  |TAMS 0x00000000a6300000| PB 0x00000000a6300000| Complete 
| 540|0x00000000a6400000, 0x00000000a6500000, 0x00000000a6500000|100%|HS|  |TAMS 0x00000000a6400000| PB 0x00000000a6400000| Complete 
| 541|0x00000000a6500000, 0x00000000a6600000, 0x00000000a6600000|100%|HS|  |TAMS 0x00000000a6500000| PB 0x00000000a6500000| Complete 
| 542|0x00000000a6600000, 0x00000000a6700000, 0x00000000a6700000|100%|HS|  |TAMS 0x00000000a6600000| PB 0x00000000a6600000| Complete 
| 543|0x00000000a6700000, 0x00000000a6800000, 0x00000000a6800000|100%|HS|  |TAMS 0x00000000a6700000| PB 0x00000000a6700000| Complete 
| 544|0x00000000a6800000, 0x00000000a6900000, 0x00000000a6900000|100%|HS|  |TAMS 0x00000000a6800000| PB 0x00000000a6800000| Complete 
| 545|0x00000000a6900000, 0x00000000a6a00000, 0x00000000a6a00000|100%|HS|  |TAMS 0x00000000a6900000| PB 0x00000000a6900000| Complete 
| 546|0x00000000a6a00000, 0x00000000a6b00000, 0x00000000a6b00000|100%|HS|  |TAMS 0x00000000a6a00000| PB 0x00000000a6a00000| Complete 
| 547|0x00000000a6b00000, 0x00000000a6c00000, 0x00000000a6c00000|100%|HS|  |TAMS 0x00000000a6b00000| PB 0x00000000a6b00000| Complete 
| 548|0x00000000a6c00000, 0x00000000a6d00000, 0x00000000a6d00000|100%|HS|  |TAMS 0x00000000a6c00000| PB 0x00000000a6c00000| Complete 
| 549|0x00000000a6d00000, 0x00000000a6e00000, 0x00000000a6e00000|100%|HS|  |TAMS 0x00000000a6d00000| PB 0x00000000a6d00000| Complete 
| 550|0x00000000a6e00000, 0x00000000a6f00000, 0x00000000a6f00000|100%|HS|  |TAMS 0x00000000a6e00000| PB 0x00000000a6e00000| Complete 
| 551|0x00000000a6f00000, 0x00000000a7000000, 0x00000000a7000000|100%|HS|  |TAMS 0x00000000a6f00000| PB 0x00000000a6f00000| Complete 
| 552|0x00000000a7000000, 0x00000000a7100000, 0x00000000a7100000|100%|HS|  |TAMS 0x00000000a7000000| PB 0x00000000a7000000| Complete 
| 553|0x00000000a7100000, 0x00000000a7200000, 0x00000000a7200000|100%|HS|  |TAMS 0x00000000a7100000| PB 0x00000000a7100000| Complete 
| 554|0x00000000a7200000, 0x00000000a7300000, 0x00000000a7300000|100%|HS|  |TAMS 0x00000000a7200000| PB 0x00000000a7200000| Complete 
| 555|0x00000000a7300000, 0x00000000a7400000, 0x00000000a7400000|100%| E|  |TAMS 0x00000000a7300000| PB 0x00000000a7300000| Complete 
| 556|0x00000000a7400000, 0x00000000a7500000, 0x00000000a7500000|100%| E|CS|TAMS 0x00000000a7400000| PB 0x00000000a7400000| Complete 
| 557|0x00000000a7500000, 0x00000000a7600000, 0x00000000a7600000|100%| E|CS|TAMS 0x00000000a7500000| PB 0x00000000a7500000| Complete 
| 558|0x00000000a7600000, 0x00000000a7700000, 0x00000000a7700000|100%| E|CS|TAMS 0x00000000a7600000| PB 0x00000000a7600000| Complete 
| 559|0x00000000a7700000, 0x00000000a7800000, 0x00000000a7800000|100%| E|CS|TAMS 0x00000000a7700000| PB 0x00000000a7700000| Complete 
| 560|0x00000000a7800000, 0x00000000a7900000, 0x00000000a7900000|100%| E|CS|TAMS 0x00000000a7800000| PB 0x00000000a7800000| Complete 
| 561|0x00000000a7900000, 0x00000000a7a00000, 0x00000000a7a00000|100%| E|CS|TAMS 0x00000000a7900000| PB 0x00000000a7900000| Complete 
| 562|0x00000000a7a00000, 0x00000000a7b00000, 0x00000000a7b00000|100%| E|CS|TAMS 0x00000000a7a00000| PB 0x00000000a7a00000| Complete 
| 563|0x00000000a7b00000, 0x00000000a7c00000, 0x00000000a7c00000|100%| S|CS|TAMS 0x00000000a7b00000| PB 0x00000000a7b00000| Complete 
| 564|0x00000000a7c00000, 0x00000000a7d00000, 0x00000000a7d00000|100%| S|CS|TAMS 0x00000000a7c00000| PB 0x00000000a7c00000| Complete 
| 565|0x00000000a7d00000, 0x00000000a7e00000, 0x00000000a7e00000|100%| S|CS|TAMS 0x00000000a7d00000| PB 0x00000000a7d00000| Complete 
| 566|0x00000000a7e00000, 0x00000000a7f00000, 0x00000000a7f00000|100%| S|CS|TAMS 0x00000000a7e00000| PB 0x00000000a7e00000| Complete 
| 567|0x00000000a7f00000, 0x00000000a8000000, 0x00000000a8000000|100%| S|CS|TAMS 0x00000000a7f00000| PB 0x00000000a7f00000| Complete 
| 568|0x00000000a8000000, 0x00000000a8100000, 0x00000000a8100000|100%| S|CS|TAMS 0x00000000a8000000| PB 0x00000000a8000000| Complete 
| 569|0x00000000a8100000, 0x00000000a8200000, 0x00000000a8200000|100%| S|CS|TAMS 0x00000000a8100000| PB 0x00000000a8100000| Complete 
| 570|0x00000000a8200000, 0x00000000a8300000, 0x00000000a8300000|100%| S|CS|TAMS 0x00000000a8200000| PB 0x00000000a8200000| Complete 
| 571|0x00000000a8300000, 0x00000000a8400000, 0x00000000a8400000|100%|HS|  |TAMS 0x00000000a8300000| PB 0x00000000a8300000| Complete 
|1971|0x00000000ffb00000, 0x00000000ffb787e0, 0x00000000ffc00000| 47%| O|  |TAMS 0x00000000ffb00000| PB 0x00000000ffb00000| Untracked 
|1972|0x00000000ffc00000, 0x00000000ffd00000, 0x00000000ffd00000|100%| O|  |TAMS 0x00000000ffc00000| PB 0x00000000ffc00000| Untracked 
|1973|0x00000000ffd00000, 0x00000000ffe00000, 0x00000000ffe00000|100%| O|  |TAMS 0x00000000ffd00000| PB 0x00000000ffd00000| Untracked 
|1974|0x00000000ffe00000, 0x00000000fff00000, 0x00000000fff00000|100%| E|CS|TAMS 0x00000000ffe00000| PB 0x00000000ffe00000| Complete 
|1975|0x00000000fff00000, 0x0000000100000000, 0x0000000100000000|100%| O|  |TAMS 0x00000000fff00000| PB 0x00000000fff00000| Untracked 

Card table byte_map: [0x0000012746bd0000,0x0000012746fb0000] _byte_map_base: 0x00000127467ac000

Marking Bits: (CMBitMap*) 0x000001272e02e190
 Bits: [0x0000012746fb0000, 0x0000012748e90000)

Polling page: 0x000001272be50000

Metaspace:

Usage:
  Non-class:     98.56 MB used.
      Class:     12.37 MB used.
       Both:    110.93 MB used.

Virtual space:
  Non-class space:      128.00 MB reserved,      99.31 MB ( 78%) committed,  2 nodes.
      Class space:        1.00 GB reserved,      13.06 MB (  1%) committed,  1 nodes.
             Both:        1.12 GB reserved,     112.38 MB ( 10%) committed. 

Chunk freelists:
   Non-Class:  12.72 MB
       Class:  3.00 MB
        Both:  15.73 MB

MaxMetaspaceSize: unlimited
CompressedClassSpaceSize: 1.00 GB
Initial GC threshold: 21.00 MB
Current GC threshold: 187.19 MB
CDS: off
 - commit_granule_bytes: 65536.
 - commit_granule_words: 8192.
 - virtual_space_node_default_size: 8388608.
 - enlarge_chunks_in_place: 1.
 - use_allocation_guard: 0.


Internal statistics:

num_allocs_failed_limit: 9.
num_arena_births: 1574.
num_arena_deaths: 72.
num_vsnodes_births: 3.
num_vsnodes_deaths: 0.
num_space_committed: 1814.
num_space_uncommitted: 11.
num_chunks_returned_to_freelist: 199.
num_chunks_taken_from_freelist: 4896.
num_chunk_merges: 65.
num_chunk_splits: 3382.
num_chunks_enlarged: 2329.
num_inconsistent_stats: 0.

CodeHeap 'non-profiled nmethods': size=120000Kb used=12905Kb max_used=13284Kb free=107094Kb
 bounds [0x000001273ed60000, 0x000001273fa60000, 0x0000012746290000]
CodeHeap 'profiled nmethods': size=120000Kb used=18607Kb max_used=21673Kb free=101392Kb
 bounds [0x0000012737290000, 0x00000127387e0000, 0x000001273e7c0000]
CodeHeap 'non-nmethods': size=5760Kb used=2182Kb max_used=2266Kb free=3577Kb
 bounds [0x000001273e7c0000, 0x000001273ea30000, 0x000001273ed60000]
CodeCache: size=245760Kb, used=33694Kb, max_used=37223Kb, free=212063Kb
 total_blobs=11233, nmethods=10114, adapters=1020, full_count=0
Compilation: enabled, stopped_count=0, restarted_count=0

Compilation events (20 events):
Event: 795.452 Thread 0x000001274bbe6690 23260       3       java.awt.event.FocusEvent::getOppositeComponent (31 bytes)
Event: 795.452 Thread 0x000001274bbe6690 nmethod 23260 0x0000012737a50490 code [0x0000012737a506a0, 0x0000012737a50d10]
Event: 795.706 Thread 0x000001274bbae750 23261       4       java.io.WinNTFileSystem::normalize (224 bytes)
Event: 795.726 Thread 0x000001274bbe6690 23262  s    3       java.util.Vector::lastElement (26 bytes)
Event: 795.727 Thread 0x000001274bbe6690 nmethod 23262 0x0000012737a4fd90 code [0x0000012737a4ff60, 0x0000012737a50318]
Event: 795.745 Thread 0x000001274bbae750 nmethod 23261 0x000001273fa53590 code [0x000001273fa539e0, 0x000001273fa56fe8]
Event: 795.746 Thread 0x000001274bbe6690 23263       1       java.util.zip.ZipEntry::getCompressedSize (5 bytes)
Event: 795.746 Thread 0x000001274bbe6690 nmethod 23263 0x000001273fa58d90 code [0x000001273fa58f20, 0x000001273fa58fe8]
Event: 795.870 Thread 0x000001274bbe6690 23264   !   3       com.st.microxplorer.plugins.updater.util.ZipFileManager::deflateEntry (52 bytes)
Event: 795.870 Thread 0x000001274bbe6690 nmethod 23264 0x0000012737a4ed90 code [0x0000012737a4efe0, 0x0000012737a4f9e8]
Event: 796.330 Thread 0x000001274bbe6690 23265       3       sun.java2d.marlin.TransformingPathConsumer2D$PathClipFilter::clip (144 bytes)
Event: 796.330 Thread 0x000001274bbe6690 nmethod 23265 0x00000127372dfb10 code [0x00000127372dfd20, 0x00000127372e0170]
Event: 796.337 Thread 0x000001274bbe6690 23266       3       javax.swing.text.html.parser.Parser::error (19 bytes)
Event: 796.338 Thread 0x000001274bbe6690 nmethod 23266 0x0000012737f47b10 code [0x0000012737f48040, 0x0000012737f4b090]
Event: 796.338 Thread 0x000001274bbe6690 23267       3       javax.swing.text.html.parser.DocumentParser::handleError (13 bytes)
Event: 796.338 Thread 0x000001274bbe6690 nmethod 23267 0x00000127372f1790 code [0x00000127372f1940, 0x00000127372f1bb8]
Event: 796.545 Thread 0x000001274bbae750 23268       4       sun.java2d.marlin.TransformingPathConsumer2D$CurveClipSplitter::init (63 bytes)
Event: 796.546 Thread 0x000001274bbae750 nmethod 23268 0x000001273eecc390 code [0x000001273eecc540, 0x000001273eecc638]
Event: 797.591 Thread 0x000001274bbae750 23269   !   4       sun.java2d.marlin.DMarlinRenderingEngine::getAATileGenerator (382 bytes)
Event: 797.605 Thread 0x000001274bbae750 nmethod 23269 0x000001273f9de090 code [0x000001273f9de420, 0x000001273f9df968]

GC Heap History (20 events):
Event: 703.447 GC heap before
{Heap before GC invocations=276 (full 0):
 garbage-first heap   total 435200K, used 414042K [0x0000000084800000, 0x0000000100000000)
  region size 1024K, 155 young (158720K), 9 survivors (9216K)
 Metaspace       used 112934K, committed 114432K, reserved 1179648K
  class space    used 12603K, committed 13312K, reserved 1048576K
}
Event: 703.453 GC heap after
{Heap after GC invocations=277 (full 0):
 garbage-first heap   total 435200K, used 264830K [0x0000000084800000, 0x0000000100000000)
  region size 1024K, 9 young (9216K), 9 survivors (9216K)
 Metaspace       used 112934K, committed 114432K, reserved 1179648K
  class space    used 12603K, committed 13312K, reserved 1048576K
}
Event: 703.806 GC heap before
{Heap before GC invocations=277 (full 0):
 garbage-first heap   total 435200K, used 275070K [0x0000000084800000, 0x0000000100000000)
  region size 1024K, 20 young (20480K), 9 survivors (9216K)
 Metaspace       used 112944K, committed 114432K, reserved 1179648K
  class space    used 12603K, committed 13312K, reserved 1048576K
}
Event: 703.812 GC heap after
{Heap after GC invocations=278 (full 0):
 garbage-first heap   total 435200K, used 268644K [0x0000000084800000, 0x0000000100000000)
  region size 1024K, 13 young (13312K), 13 survivors (13312K)
 Metaspace       used 112944K, committed 114432K, reserved 1179648K
  class space    used 12603K, committed 13312K, reserved 1048576K
}
Event: 715.543 GC heap before
{Heap before GC invocations=279 (full 0):
 garbage-first heap   total 437248K, used 403812K [0x0000000084800000, 0x0000000100000000)
  region size 1024K, 139 young (142336K), 13 survivors (13312K)
 Metaspace       used 113401K, committed 114816K, reserved 1179648K
  class space    used 12655K, committed 13312K, reserved 1048576K
}
Event: 715.549 GC heap after
{Heap after GC invocations=280 (full 0):
 garbage-first heap   total 437248K, used 273959K [0x0000000084800000, 0x0000000100000000)
  region size 1024K, 8 young (8192K), 8 survivors (8192K)
 Metaspace       used 113401K, committed 114816K, reserved 1179648K
  class space    used 12655K, committed 13312K, reserved 1048576K
}
Event: 732.366 GC heap before
{Heap before GC invocations=280 (full 0):
 garbage-first heap   total 437248K, used 406055K [0x0000000084800000, 0x0000000100000000)
  region size 1024K, 137 young (140288K), 8 survivors (8192K)
 Metaspace       used 113628K, committed 115136K, reserved 1179648K
  class space    used 12660K, committed 13312K, reserved 1048576K
}
Event: 732.370 GC heap after
{Heap after GC invocations=281 (full 0):
 garbage-first heap   total 437248K, used 273014K [0x0000000084800000, 0x0000000100000000)
  region size 1024K, 8 young (8192K), 8 survivors (8192K)
 Metaspace       used 113628K, committed 115136K, reserved 1179648K
  class space    used 12660K, committed 13312K, reserved 1048576K
}
Event: 746.921 GC heap before
{Heap before GC invocations=281 (full 0):
 garbage-first heap   total 437248K, used 388726K [0x0000000084800000, 0x0000000100000000)
  region size 1024K, 122 young (124928K), 8 survivors (8192K)
 Metaspace       used 113708K, committed 115200K, reserved 1179648K
  class space    used 12668K, committed 13376K, reserved 1048576K
}
Event: 746.926 GC heap after
{Heap after GC invocations=282 (full 0):
 garbage-first heap   total 437248K, used 273014K [0x0000000084800000, 0x0000000100000000)
  region size 1024K, 8 young (8192K), 8 survivors (8192K)
 Metaspace       used 113708K, committed 115200K, reserved 1179648K
  class space    used 12668K, committed 13376K, reserved 1048576K
}
Event: 791.911 GC heap before
{Heap before GC invocations=283 (full 0):
 garbage-first heap   total 437248K, used 390774K [0x0000000084800000, 0x0000000100000000)
  region size 1024K, 139 young (142336K), 8 survivors (8192K)
 Metaspace       used 113577K, committed 115008K, reserved 1179648K
  class space    used 12668K, committed 13376K, reserved 1048576K
}
Event: 791.915 GC heap after
{Heap after GC invocations=284 (full 0):
 garbage-first heap   total 437248K, used 255900K [0x0000000084800000, 0x0000000100000000)
  region size 1024K, 9 young (9216K), 9 survivors (9216K)
 Metaspace       used 113577K, committed 115008K, reserved 1179648K
  class space    used 12668K, committed 13376K, reserved 1048576K
}
Event: 795.782 GC heap before
{Heap before GC invocations=284 (full 0):
 garbage-first heap   total 571392K, used 570268K [0x0000000084800000, 0x0000000100000000)
  region size 1024K, 145 young (148480K), 9 survivors (9216K)
 Metaspace       used 113591K, committed 115072K, reserved 1179648K
  class space    used 12668K, committed 13376K, reserved 1048576K
}
Event: 795.788 GC heap after
{Heap after GC invocations=285 (full 0):
 garbage-first heap   total 581632K, used 253288K [0x0000000084800000, 0x0000000100000000)
  region size 1024K, 8 young (8192K), 8 survivors (8192K)
 Metaspace       used 113591K, committed 115072K, reserved 1179648K
  class space    used 12668K, committed 13376K, reserved 1048576K
}
Event: 795.797 GC heap before
{Heap before GC invocations=285 (full 0):
 garbage-first heap   total 581632K, used 276840K [0x0000000084800000, 0x0000000100000000)
  region size 1024K, 18 young (18432K), 8 survivors (8192K)
 Metaspace       used 113591K, committed 115072K, reserved 1179648K
  class space    used 12668K, committed 13376K, reserved 1048576K
}
Event: 795.802 GC heap after
{Heap after GC invocations=286 (full 0):
 garbage-first heap   total 581632K, used 253137K [0x0000000084800000, 0x0000000100000000)
  region size 1024K, 8 young (8192K), 8 survivors (8192K)
 Metaspace       used 113591K, committed 115072K, reserved 1179648K
  class space    used 12668K, committed 13376K, reserved 1048576K
}
Event: 795.803 GC heap before
{Heap before GC invocations=286 (full 0):
 garbage-first heap   total 581632K, used 255185K [0x0000000084800000, 0x0000000100000000)
  region size 1024K, 10 young (10240K), 8 survivors (8192K)
 Metaspace       used 113591K, committed 115072K, reserved 1179648K
  class space    used 12668K, committed 13376K, reserved 1048576K
}
Event: 795.807 GC heap after
{Heap after GC invocations=287 (full 0):
 garbage-first heap   total 581632K, used 253710K [0x0000000084800000, 0x0000000100000000)
  region size 1024K, 9 young (9216K), 9 survivors (9216K)
 Metaspace       used 113591K, committed 115072K, reserved 1179648K
  class space    used 12668K, committed 13376K, reserved 1048576K
}
Event: 796.582 GC heap before
{Heap before GC invocations=288 (full 0):
 garbage-first heap   total 581632K, used 580366K [0x0000000084800000, 0x0000000100000000)
  region size 1024K, 221 young (226304K), 9 survivors (9216K)
 Metaspace       used 113595K, committed 115072K, reserved 1179648K
  class space    used 12668K, committed 13376K, reserved 1048576K
}
Event: 797.587 GC heap after
{Heap after GC invocations=289 (full 0):
 garbage-first heap   total 589824K, used 253409K [0x0000000084800000, 0x0000000100000000)
  region size 1024K, 8 young (8192K), 8 survivors (8192K)
 Metaspace       used 113595K, committed 115072K, reserved 1179648K
  class space    used 12668K, committed 13376K, reserved 1048576K
}

Dll operation events (20 events):
Event: 0.116 Loaded shared library C:\Program Files\STMicroelectronics\STM32Cube\STM32CubeMX\jre\bin\jsvml.dll
Event: 0.244 Loaded shared library C:\Program Files\STMicroelectronics\STM32Cube\STM32CubeMX\jre\bin\net.dll
Event: 0.250 Loaded shared library C:\Program Files\STMicroelectronics\STM32Cube\STM32CubeMX\jre\bin\nio.dll
Event: 0.314 Loaded shared library C:\Program Files\STMicroelectronics\STM32Cube\STM32CubeMX\jre\bin\zip.dll
Event: 0.391 Loaded shared library C:\Program Files\STMicroelectronics\STM32Cube\STM32CubeMX\jre\bin\jimage.dll
Event: 0.785 Loaded shared library C:\Program Files\STMicroelectronics\STM32Cube\STM32CubeMX\jre\bin\management.dll
Event: 0.800 Loaded shared library C:\Program Files\STMicroelectronics\STM32Cube\STM32CubeMX\jre\bin\management_ext.dll
Event: 1.901 Loaded shared library C:\Program Files\STMicroelectronics\STM32Cube\STM32CubeMX\jre\bin\awt.dll
Event: 2.452 Loaded shared library C:\Program Files\STMicroelectronics\STM32Cube\STM32CubeMX\jre\bin\freetype.dll
Event: 2.455 Loaded shared library C:\Program Files\STMicroelectronics\STM32Cube\STM32CubeMX\jre\bin\fontmanager.dll
Event: 2.911 Loaded shared library C:\Program Files\STMicroelectronics\STM32Cube\STM32CubeMX\jre\bin\verify.dll
Event: 3.039 Loaded shared library C:\Program Files\STMicroelectronics\STM32Cube\STM32CubeMX\jre\bin\prefs.dll
Event: 3.179 Loaded shared library C:\Users\abina\AppData\Local\Temp\jna-92605467\jna7630709753813843556.dll
Event: 6.272 Loaded shared library C:\Program Files\STMicroelectronics\STM32Cube\STM32CubeMX\jre\bin\sunmscapi.dll
Event: 6.563 Loaded shared library C:\Program Files\STMicroelectronics\STM32Cube\STM32CubeMX\jre\bin\extnet.dll
Event: 7.931 Loaded shared library C:\Program Files\STMicroelectronics\STM32Cube\STM32CubeMX\jre\bin\javajpeg.dll
Event: 10.389 Loaded shared library C:\Users\abina\.stm32cubemx\.jxbrowser-8.11.0\Chromium\toolkit64.dll
Event: 11.033 Loaded shared library C:\Users\abina\.stm32cubemx\.jxbrowser-8.11.0\Chromium\ipc64.dll
Event: 26.169 Loaded shared library C:\Users\abina\AppData\Local\Temp\sqlite-3.49.1.0-852ca447-8634-4f27-9c29-3f626a9d1716-sqlitejdbc.dll
Event: 677.640 Loaded shared library C:\Program Files\STMicroelectronics\STM32Cube\STM32CubeMX\jre\bin\rmi.dll

Deoptimization events (20 events):
Event: 792.385 Thread 0x00000127507fd750 DEOPT PACKING pc=0x000001273f738be0 sp=0x0000000f9edfe8d0
Event: 792.385 Thread 0x00000127507fd750 DEOPT UNPACKING pc=0x000001273e8146a2 sp=0x0000000f9edfe830 mode 2
Event: 792.385 Thread 0x00000127507fd750 Uncommon trap: trap_request=0xffffff45 fr.pc=0x000001273f5ce0b8 relative=0x0000000000001538
Event: 792.385 Thread 0x00000127507fd750 Uncommon trap: reason=unstable_if action=reinterpret pc=0x000001273f5ce0b8 method=sun.java2d.marlin.TransformingPathConsumer2D$PathClipFilter.lineTo(DD)V @ 82 c2
Event: 792.385 Thread 0x00000127507fd750 DEOPT PACKING pc=0x000001273f5ce0b8 sp=0x0000000f9edfe900
Event: 792.385 Thread 0x00000127507fd750 DEOPT UNPACKING pc=0x000001273e8146a2 sp=0x0000000f9edfe828 mode 2
Event: 792.879 Thread 0x00000127535bd0c0 Uncommon trap: trap_request=0xffffff45 fr.pc=0x000001273fa40808 relative=0x0000000000000248
Event: 792.879 Thread 0x00000127535bd0c0 Uncommon trap: reason=unstable_if action=reinterpret pc=0x000001273fa40808 method=com.st.microxplorer.plugins.updater.util.ZipFileManager.deflateEntrySupport(Ljava/util/zip/ZipInputStream;Ljava/io/File;)J @ 52 c2
Event: 792.879 Thread 0x00000127535bd0c0 DEOPT PACKING pc=0x000001273fa40808 sp=0x0000000fa06ff1e0
Event: 792.879 Thread 0x00000127535bd0c0 DEOPT UNPACKING pc=0x000001273e8146a2 sp=0x0000000fa06ff170 mode 2
Event: 793.310 Thread 0x00000127535bd0c0 DEOPT PACKING pc=0x0000012737f8b124 sp=0x0000000fa06ff0a0
Event: 793.310 Thread 0x00000127535bd0c0 DEOPT UNPACKING pc=0x000001273e814e42 sp=0x0000000fa06fe670 mode 0
Event: 796.440 Thread 0x00000127507fd750 Uncommon trap: trap_request=0xffffff45 fr.pc=0x000001273f98b130 relative=0x00000000000006b0
Event: 796.440 Thread 0x00000127507fd750 Uncommon trap: reason=unstable_if action=reinterpret pc=0x000001273f98b130 method=jdk.internal.math.FloatToDecimal.toDecimal(F)I @ 45 c2
Event: 796.440 Thread 0x00000127507fd750 DEOPT PACKING pc=0x000001273f98b130 sp=0x0000000f9edfe7a0
Event: 796.440 Thread 0x00000127507fd750 DEOPT UNPACKING pc=0x000001273e8146a2 sp=0x0000000f9edfe6e8 mode 2
Event: 796.441 Thread 0x00000127507fd750 Uncommon trap: trap_request=0xffffffde fr.pc=0x000001273f9e516c relative=0x00000000000019cc
Event: 796.441 Thread 0x00000127507fd750 Uncommon trap: reason=class_check action=maybe_recompile pc=0x000001273f9e516c method=sun.java2d.pipe.ValidatePipe.fill(Lsun/java2d/SunGraphics2D;Ljava/awt/Shape;)V @ 14 c2
Event: 796.441 Thread 0x00000127507fd750 DEOPT PACKING pc=0x000001273f9e516c sp=0x0000000f9edfecd0
Event: 796.441 Thread 0x00000127507fd750 DEOPT UNPACKING pc=0x000001273e8146a2 sp=0x0000000f9edfea00 mode 2

Classes loaded (20 events):
Event: 715.152 Loading class javax/swing/JEditorPane$3
Event: 715.152 Loading class javax/swing/JEditorPane$3 done
Event: 715.153 Loading class javax/swing/JTable$CellEditorRemover
Event: 715.154 Loading class javax/swing/JTable$CellEditorRemover done
Event: 715.154 Loading class javax/swing/LegacyGlueFocusTraversalPolicy
Event: 715.154 Loading class javax/swing/LegacyGlueFocusTraversalPolicy done
Event: 715.154 Loading class javax/swing/JToggleButton$1
Event: 715.155 Loading class javax/swing/JToggleButton$1 done
Event: 715.159 Loading class javax/swing/JEditorPane$PageLoader$1
Event: 715.159 Loading class javax/swing/JEditorPane$PageLoader$1 done
Event: 715.163 Loading class javax/swing/JEditorPane$PageLoader$3
Event: 715.163 Loading class javax/swing/JEditorPane$PageLoader$3 done
Event: 716.217 Loading class java/nio/file/AccessDeniedException
Event: 716.217 Loading class java/nio/file/AccessDeniedException done
Event: 747.057 Loading class javax/swing/text/rtf/RTFEditorKit
Event: 747.057 Loading class javax/swing/text/rtf/RTFEditorKit done
Event: 750.793 Loading class java/util/Enumeration$1
Event: 750.793 Loading class java/util/Enumeration$1 done
Event: 791.628 Loading class java/util/concurrent/ConcurrentLinkedQueue$Itr
Event: 791.628 Loading class java/util/concurrent/ConcurrentLinkedQueue$Itr done

Classes unloaded (20 events):
Event: 746.997 Thread 0x000001274bb41260 Unloading class 0x0000000100ca39f8 'com/st/stm32cube/ide/common/services/mx/jar/core/mx/plugin/PlugInInstaller$PlugInRoot'
Event: 746.997 Thread 0x000001274bb41260 Unloading class 0x0000000100ca37b8 'com/st/stm32cube/ide/common/services/mx/jar/core/mx/plugin/PlugInInstaller'
Event: 746.997 Thread 0x000001274bb41260 Unloading class 0x0000000100ca34d8 'com/st/stm32cube/ide/common/services/mx/jar/core/mx/plugin/PlugIn'
Event: 746.997 Thread 0x000001274bb41260 Unloading class 0x0000000100ca3200 'com/st/stm32cube/ide/common/services/mx/jar/core/mx/plugin/PlugInAbstract'
Event: 746.997 Thread 0x000001274bb41260 Unloading class 0x0000000100ca3000 'com/st/stm32cube/ide/common/services/mx/jar/core/mx/plugin/PlugInInterface'
Event: 746.997 Thread 0x000001274bb41260 Unloading class 0x0000000100ca29f8 'com/st/stm32cube/ide/common/services/mx/jar/core/mx/plugin/PlugInInstaller$PlugInRoot'
Event: 746.997 Thread 0x000001274bb41260 Unloading class 0x0000000100ca27b8 'com/st/stm32cube/ide/common/services/mx/jar/core/mx/plugin/PlugInInstaller'
Event: 746.997 Thread 0x000001274bb41260 Unloading class 0x0000000100ca24d8 'com/st/stm32cube/ide/common/services/mx/jar/core/mx/plugin/PlugIn'
Event: 746.997 Thread 0x000001274bb41260 Unloading class 0x0000000100ca2200 'com/st/stm32cube/ide/common/services/mx/jar/core/mx/plugin/PlugInAbstract'
Event: 746.997 Thread 0x000001274bb41260 Unloading class 0x0000000100ca2000 'com/st/stm32cube/ide/common/services/mx/jar/core/mx/plugin/PlugInInterface'
Event: 746.997 Thread 0x000001274bb41260 Unloading class 0x0000000100ca19f8 'com/st/stm32cube/ide/common/services/mx/jar/core/mx/plugin/PlugInInstaller$PlugInRoot'
Event: 746.997 Thread 0x000001274bb41260 Unloading class 0x0000000100ca17b8 'com/st/stm32cube/ide/common/services/mx/jar/core/mx/plugin/PlugInInstaller'
Event: 746.997 Thread 0x000001274bb41260 Unloading class 0x0000000100ca14d8 'com/st/stm32cube/ide/common/services/mx/jar/core/mx/plugin/PlugIn'
Event: 746.997 Thread 0x000001274bb41260 Unloading class 0x0000000100ca1200 'com/st/stm32cube/ide/common/services/mx/jar/core/mx/plugin/PlugInAbstract'
Event: 746.997 Thread 0x000001274bb41260 Unloading class 0x0000000100ca1000 'com/st/stm32cube/ide/common/services/mx/jar/core/mx/plugin/PlugInInterface'
Event: 746.997 Thread 0x000001274bb41260 Unloading class 0x0000000100ca09f8 'com/st/stm32cube/ide/common/services/mx/jar/core/mx/plugin/PlugInInstaller$PlugInRoot'
Event: 746.997 Thread 0x000001274bb41260 Unloading class 0x0000000100ca07b8 'com/st/stm32cube/ide/common/services/mx/jar/core/mx/plugin/PlugInInstaller'
Event: 746.997 Thread 0x000001274bb41260 Unloading class 0x0000000100ca04d8 'com/st/stm32cube/ide/common/services/mx/jar/core/mx/plugin/PlugIn'
Event: 746.997 Thread 0x000001274bb41260 Unloading class 0x0000000100ca0200 'com/st/stm32cube/ide/common/services/mx/jar/core/mx/plugin/PlugInAbstract'
Event: 746.997 Thread 0x000001274bb41260 Unloading class 0x0000000100ca0000 'com/st/stm32cube/ide/common/services/mx/jar/core/mx/plugin/PlugInInterface'

Classes redefined (0 events):
No events

Internal exceptions (20 events):
Event: 711.314 Thread 0x00000127535bd0c0 Exception <a 'java/lang/ArrayIndexOutOfBoundsException'{0x00000000990cc078}: Index 1 out of bounds for length 1> (0x00000000990cc078) 
thrown [s\src\hotspot\share\interpreter\interpreterRuntime.cpp, line 439]
Event: 711.314 Thread 0x00000127535bd0c0 Exception <a 'java/lang/ArrayIndexOutOfBoundsException'{0x00000000990cc588}: Index 1 out of bounds for length 1> (0x00000000990cc588) 
thrown [s\src\hotspot\share\interpreter\interpreterRuntime.cpp, line 439]
Event: 711.314 Thread 0x00000127535bd0c0 Exception <a 'java/lang/ArrayIndexOutOfBoundsException'{0x00000000990ccb08}: Index 1 out of bounds for length 1> (0x00000000990ccb08) 
thrown [s\src\hotspot\share\interpreter\interpreterRuntime.cpp, line 439]
Event: 711.314 Thread 0x00000127535bd0c0 Exception <a 'java/lang/ArrayIndexOutOfBoundsException'{0x00000000990ccfd0}: Index 1 out of bounds for length 1> (0x00000000990ccfd0) 
thrown [s\src\hotspot\share\interpreter\interpreterRuntime.cpp, line 439]
Event: 711.314 Thread 0x00000127535bd0c0 Exception <a 'java/lang/ArrayIndexOutOfBoundsException'{0x00000000990cd498}: Index 1 out of bounds for length 1> (0x00000000990cd498) 
thrown [s\src\hotspot\share\interpreter\interpreterRuntime.cpp, line 439]
Event: 711.497 Thread 0x00000127535bd0c0 Exception <a 'java/io/IOException'{0x0000000098c210f8}> (0x0000000098c210f8) 
thrown [s\src\hotspot\share\prims\jni.cpp, line 520]
Event: 711.497 Thread 0x00000127535bd0c0 Exception <a 'java/io/IOException'{0x0000000098c21410}> (0x0000000098c21410) 
thrown [s\src\hotspot\share\prims\jni.cpp, line 520]
Event: 717.126 Thread 0x00000127535bd0c0 Exception <a 'java/io/IOException'{0x000000009cfcabd8}> (0x000000009cfcabd8) 
thrown [s\src\hotspot\share\prims\jni.cpp, line 520]
Event: 717.126 Thread 0x00000127535bd0c0 Exception <a 'java/io/IOException'{0x000000009cfcb1a0}> (0x000000009cfcb1a0) 
thrown [s\src\hotspot\share\prims\jni.cpp, line 520]
Event: 717.127 Thread 0x00000127535bd0c0 Exception <a 'java/io/IOException'{0x000000009cfd1b40}> (0x000000009cfd1b40) 
thrown [s\src\hotspot\share\prims\jni.cpp, line 520]
Event: 717.127 Thread 0x00000127535bd0c0 Exception <a 'java/io/IOException'{0x000000009cfd2108}> (0x000000009cfd2108) 
thrown [s\src\hotspot\share\prims\jni.cpp, line 520]
Event: 791.548 Thread 0x00000127535bd0c0 Exception <a 'java/lang/NoSuchMethodError'{0x000000009e254270}: 'int java.lang.invoke.DelegatingMethodHandle$Holder.reinvoke_L(java.lang.Object, java.lang.Object, java.lang.Object, java.lang.Object, java.lang.Object)'> (0x000000009e254270) 
thrown [s\src\hotspot\share\interpreter\linkResolver.cpp, line 773]
Event: 791.632 Thread 0x00000127535bd0c0 Implicit null exception at 0x000001273f9ab719 to 0x000001273f9ab80d
Event: 791.662 Thread 0x00000127535bd0c0 Implicit null exception at 0x000001273f9a71b0 to 0x000001273f9a968c
Event: 791.697 Thread 0x00000127535bd0c0 Exception <a 'java/io/IOException'{0x000000009dfdd8c8}> (0x000000009dfdd8c8) 
thrown [s\src\hotspot\share\prims\jni.cpp, line 520]
Event: 791.697 Thread 0x00000127535bd0c0 Exception <a 'java/io/IOException'{0x000000009dfdde90}> (0x000000009dfdde90) 
thrown [s\src\hotspot\share\prims\jni.cpp, line 520]
Event: 791.699 Thread 0x00000127535bd0c0 Exception <a 'java/io/IOException'{0x000000009dfe2118}> (0x000000009dfe2118) 
thrown [s\src\hotspot\share\prims\jni.cpp, line 520]
Event: 791.699 Thread 0x00000127535bd0c0 Exception <a 'java/io/IOException'{0x000000009dfe26e0}> (0x000000009dfe26e0) 
thrown [s\src\hotspot\share\prims\jni.cpp, line 520]
Event: 791.701 Thread 0x00000127535bd0c0 Exception <a 'java/io/IOException'{0x000000009dfe38e8}> (0x000000009dfe38e8) 
thrown [s\src\hotspot\share\prims\jni.cpp, line 520]
Event: 791.701 Thread 0x00000127535bd0c0 Exception <a 'java/io/IOException'{0x000000009dfe3eb0}> (0x000000009dfe3eb0) 
thrown [s\src\hotspot\share\prims\jni.cpp, line 520]

ZGC Phase Switch (0 events):
No events

VM Operations (20 events):
Event: 792.915 Executing VM operation: Cleanup
Event: 792.915 Executing VM operation: Cleanup done
Event: 793.917 Executing VM operation: Cleanup
Event: 793.917 Executing VM operation: Cleanup done
Event: 794.917 Executing VM operation: Cleanup
Event: 794.917 Executing VM operation: Cleanup done
Event: 795.782 Executing VM operation: G1CollectForAllocation (G1 Evacuation Pause)
Event: 795.788 Executing VM operation: G1CollectForAllocation (G1 Evacuation Pause) done
Event: 795.797 Executing VM operation: G1TryInitiateConcMark (G1 Humongous Allocation)
Event: 795.802 Executing VM operation: G1TryInitiateConcMark (G1 Humongous Allocation) done
Event: 795.803 Executing VM operation: G1TryInitiateConcMark (G1 Humongous Allocation)
Event: 795.803 Executing VM operation: G1TryInitiateConcMark (G1 Humongous Allocation) done
Event: 795.803 Executing VM operation: G1CollectForAllocation (GCLocker Initiated GC)
Event: 795.807 Executing VM operation: G1CollectForAllocation (GCLocker Initiated GC) done
Event: 795.878 Executing VM operation: G1PauseRemark
Event: 795.966 Executing VM operation: G1PauseRemark done
Event: 795.993 Executing VM operation: G1PauseCleanup
Event: 795.993 Executing VM operation: G1PauseCleanup done
Event: 796.582 Executing VM operation: G1CollectForAllocation (G1 Evacuation Pause)
Event: 797.587 Executing VM operation: G1CollectForAllocation (G1 Evacuation Pause) done

Memory protections (0 events):
No events

Nmethod flushes (20 events):
Event: 795.887 Thread 0x000001274bb41260 flushing  nmethod 0x00000127378b4610
Event: 795.887 Thread 0x000001274bb41260 flushing  nmethod 0x0000012737904990
Event: 795.887 Thread 0x000001274bb41260 flushing  nmethod 0x0000012737ec2f90
Event: 795.965 Thread 0x000001274bb41260 flushing  nmethod 0x0000012737f15d90
Event: 795.965 Thread 0x000001274bb41260 flushing  nmethod 0x0000012737f18310
Event: 795.965 Thread 0x000001274bb41260 flushing  nmethod 0x000001273806ab10
Event: 795.965 Thread 0x000001274bb41260 flushing  nmethod 0x00000127382caa90
Event: 795.965 Thread 0x000001274bb41260 flushing  nmethod 0x00000127382ef390
Event: 795.965 Thread 0x000001274bb41260 flushing  nmethod 0x0000012738330590
Event: 795.965 Thread 0x000001274bb41260 flushing  nmethod 0x0000012738357710
Event: 795.965 Thread 0x000001274bb41260 flushing  nmethod 0x0000012738357e90
Event: 795.965 Thread 0x000001274bb41260 flushing  nmethod 0x00000127384e7110
Event: 795.965 Thread 0x000001274bb41260 flushing  nmethod 0x00000127384ead90
Event: 795.965 Thread 0x000001274bb41260 flushing  nmethod 0x00000127384ebd90
Event: 795.965 Thread 0x000001274bb41260 flushing  nmethod 0x00000127384ed090
Event: 795.965 Thread 0x000001274bb41260 flushing  nmethod 0x00000127384eea10
Event: 795.965 Thread 0x000001274bb41260 flushing  nmethod 0x00000127385bcc90
Event: 795.965 Thread 0x000001274bb41260 flushing  nmethod 0x00000127386cba10
Event: 795.965 Thread 0x000001274bb41260 flushing  nmethod 0x00000127386d1d90
Event: 795.965 Thread 0x000001274bb41260 flushing  nmethod 0x0000012738712f90

Events (20 events):
Event: 711.497 Thread 0x00000127535bd0c0 Thread exited: 0x00000127535bd0c0
Event: 711.500 Thread 0x00000127535beb00 Thread exited: 0x00000127535beb00
Event: 713.648 Thread 0x00000127554925f0 Thread exited: 0x00000127554925f0
Event: 715.152 Thread 0x00000127507fd750 Thread added: 0x00000127535beb00
Event: 716.220 Thread 0x00000127507fd750 Thread added: 0x00000127535bd0c0
Event: 716.242 Thread 0x00000127535bd0c0 Thread added: 0x000001275bb75920
Event: 716.242 Thread 0x000001275bb75920 Thread exited: 0x000001275bb75920
Event: 716.473 Thread 0x00000127535be470 Thread exited: 0x00000127535be470
Event: 717.128 Thread 0x000001274bbe6690 Thread added: 0x000001275c0503d0
Event: 717.574 Thread 0x000001275c0503d0 Thread exited: 0x000001275c0503d0
Event: 743.145 Thread 0x00000127535bd0c0 Thread added: 0x000001275bb76640
Event: 746.971 Thread 0x000001274bbae750 Thread added: 0x0000012753462020
Event: 746.971 Thread 0x000001274bbae750 Thread added: 0x00000127534626f0
Event: 748.118 Thread 0x00000127534626f0 Thread exited: 0x00000127534626f0
Event: 748.118 Thread 0x0000012753462020 Thread exited: 0x0000012753462020
Event: 753.148 Thread 0x000001275bb76640 Thread exited: 0x000001275bb76640
Event: 791.662 Thread 0x00000127535bd0c0 Thread added: 0x000001275b868d80
Event: 791.662 Thread 0x000001275b868d80 Thread exited: 0x000001275b868d80
Event: 791.696 Thread 0x00000127535bd0c0 Thread added: 0x000001275b868060
Event: 796.338 Thread 0x00000127507fd750 Thread added: 0x000001275b86bb70


Dynamic libraries:
0x00007ff70fe90000 - 0x00007ff70fe9e000 	C:\Program Files\STMicroelectronics\STM32Cube\STM32CubeMX\jre\bin\javaw.exe
0x00007ffbd9de0000 - 0x00007ffbda047000 	C:\WINDOWS\SYSTEM32\ntdll.dll
0x00007ffbd8950000 - 0x00007ffbd8a19000 	C:\WINDOWS\System32\KERNEL32.DLL
0x00007ffbd7260000 - 0x00007ffbd7651000 	C:\WINDOWS\System32\KERNELBASE.dll
0x00007ffbd0b30000 - 0x00007ffbd0bcf000 	C:\WINDOWS\SYSTEM32\apphelp.dll
0x00007ffbd7110000 - 0x00007ffbd725b000 	C:\WINDOWS\System32\ucrtbase.dll
0x00007ffb989f0000 - 0x00007ffb98a0e000 	C:\Program Files\STMicroelectronics\STM32Cube\STM32CubeMX\jre\bin\VCRUNTIME140.dll
0x00007ffb997e0000 - 0x00007ffb997f8000 	C:\Program Files\STMicroelectronics\STM32Cube\STM32CubeMX\jre\bin\jli.dll
0x00007ffbd9bd0000 - 0x00007ffbd9d95000 	C:\WINDOWS\System32\USER32.dll
0x00007ffbd7920000 - 0x00007ffbd7947000 	C:\WINDOWS\System32\win32u.dll
0x00007ffbbad40000 - 0x00007ffbbafd3000 	C:\WINDOWS\WinSxS\amd64_microsoft.windows.common-controls_6595b64144ccf1df_6.0.26100.8037_none_3e092faae333b53b\COMCTL32.dll
0x00007ffbd99f0000 - 0x00007ffbd9a1b000 	C:\WINDOWS\System32\GDI32.dll
0x00007ffbd7d60000 - 0x00007ffbd7e09000 	C:\WINDOWS\System32\msvcrt.dll
0x00007ffbd6f30000 - 0x00007ffbd705b000 	C:\WINDOWS\System32\gdi32full.dll
0x00007ffbd7060000 - 0x00007ffbd7103000 	C:\WINDOWS\System32\msvcp_win.dll
0x00007ffbd94a0000 - 0x00007ffbd94d1000 	C:\WINDOWS\System32\IMM32.DLL
0x00007ffb997d0000 - 0x00007ffb997dc000 	C:\Program Files\STMicroelectronics\STM32Cube\STM32CubeMX\jre\bin\vcruntime140_1.dll
0x00007ffb87fc0000 - 0x00007ffb8804d000 	C:\Program Files\STMicroelectronics\STM32Cube\STM32CubeMX\jre\bin\msvcp140.dll
0x00007ffb57800000 - 0x00007ffb58597000 	C:\Program Files\STMicroelectronics\STM32Cube\STM32CubeMX\jre\bin\server\jvm.dll
0x00007ffbd9b00000 - 0x00007ffbd9bbb000 	C:\WINDOWS\System32\ADVAPI32.dll
0x00007ffbd8480000 - 0x00007ffbd8527000 	C:\WINDOWS\System32\sechost.dll
0x00007ffbd8790000 - 0x00007ffbd88a8000 	C:\WINDOWS\System32\RPCRT4.dll
0x00007ffbd9a70000 - 0x00007ffbd9ae4000 	C:\WINDOWS\System32\WS2_32.dll
0x00007ffbd6540000 - 0x00007ffbd659e000 	C:\WINDOWS\SYSTEM32\POWRPROF.dll
0x00007ffbd13e0000 - 0x00007ffbd1415000 	C:\WINDOWS\SYSTEM32\WINMM.dll
0x00007ffbc43b0000 - 0x00007ffbc43bb000 	C:\WINDOWS\SYSTEM32\VERSION.dll
0x00007ffbd6520000 - 0x00007ffbd6534000 	C:\WINDOWS\SYSTEM32\UMPDC.dll
0x00007ffbd5450000 - 0x00007ffbd546b000 	C:\WINDOWS\SYSTEM32\kernel.appcore.dll
0x00007ffb98a30000 - 0x00007ffb98a3a000 	C:\Program Files\STMicroelectronics\STM32Cube\STM32CubeMX\jre\bin\jimage.dll
0x00007ffbd47b0000 - 0x00007ffbd49f2000 	C:\WINDOWS\SYSTEM32\DBGHELP.DLL
0x00007ffbd94f0000 - 0x00007ffbd9872000 	C:\WINDOWS\System32\combase.dll
0x00007ffbd9220000 - 0x00007ffbd92f7000 	C:\WINDOWS\System32\OLEAUT32.dll
0x00007ffbb5db0000 - 0x00007ffbb5deb000 	C:\WINDOWS\SYSTEM32\dbgcore.DLL
0x00007ffbd76f0000 - 0x00007ffbd7795000 	C:\WINDOWS\System32\bcryptPrimitives.dll
0x00007ffb86580000 - 0x00007ffb8659f000 	C:\Program Files\STMicroelectronics\STM32Cube\STM32CubeMX\jre\bin\java.dll
0x00007ffbd8a20000 - 0x00007ffbd917f000 	C:\WINDOWS\System32\SHELL32.dll
0x00007ffbd7a10000 - 0x00007ffbd7b7a000 	C:\WINDOWS\System32\wintypes.dll
0x00007ffbd66c0000 - 0x00007ffbd6f24000 	C:\WINDOWS\System32\windows.storage.dll
0x00007ffbd9880000 - 0x00007ffbd9977000 	C:\WINDOWS\System32\SHCORE.dll
0x00007ffbd9980000 - 0x00007ffbd99e7000 	C:\WINDOWS\System32\shlwapi.dll
0x00007ffbd65e0000 - 0x00007ffbd6609000 	C:\WINDOWS\SYSTEM32\profapi.dll
0x00007ffb5f990000 - 0x00007ffb5fa67000 	C:\Program Files\STMicroelectronics\STM32Cube\STM32CubeMX\jre\bin\jsvml.dll
0x00007ffb947c0000 - 0x00007ffb947d0000 	C:\Program Files\STMicroelectronics\STM32Cube\STM32CubeMX\jre\bin\net.dll
0x00007ffbcd160000 - 0x00007ffbcd287000 	C:\WINDOWS\SYSTEM32\WINHTTP.dll
0x00007ffbd59c0000 - 0x00007ffbd5a2b000 	C:\WINDOWS\system32\mswsock.dll
0x00007ffb80260000 - 0x00007ffb80276000 	C:\Program Files\STMicroelectronics\STM32Cube\STM32CubeMX\jre\bin\nio.dll
0x00007ffb7fed0000 - 0x00007ffb7fee8000 	C:\Program Files\STMicroelectronics\STM32Cube\STM32CubeMX\jre\bin\zip.dll
0x00007ffba0c60000 - 0x00007ffba0c6a000 	C:\Program Files\STMicroelectronics\STM32Cube\STM32CubeMX\jre\bin\management.dll
0x00007ffba0c50000 - 0x00007ffba0c5b000 	C:\Program Files\STMicroelectronics\STM32Cube\STM32CubeMX\jre\bin\management_ext.dll
0x00007ffbd8940000 - 0x00007ffbd8948000 	C:\WINDOWS\System32\PSAPI.DLL
0x00007ffbab820000 - 0x00007ffbab838000 	C:\WINDOWS\system32\napinsp.dll
0x00007ffbd4f00000 - 0x00007ffbd502a000 	C:\WINDOWS\SYSTEM32\DNSAPI.dll
0x00007ffbd4e10000 - 0x00007ffbd4e43000 	C:\WINDOWS\SYSTEM32\IPHLPAPI.DLL
0x00007ffbd9bc0000 - 0x00007ffbd9bca000 	C:\WINDOWS\System32\NSI.dll
0x00007ffbab800000 - 0x00007ffbab812000 	C:\WINDOWS\System32\winrnr.dll
0x00007ffbab7d0000 - 0x00007ffbab7f2000 	C:\WINDOWS\system32\nlansp_c.dll
0x00007ffbab7b0000 - 0x00007ffbab7c6000 	C:\WINDOWS\system32\wshbth.dll
0x00007ffbcc540000 - 0x00007ffbcc54b000 	C:\Windows\System32\rasadhlp.dll
0x00007ffbce520000 - 0x00007ffbce5a6000 	C:\WINDOWS\System32\fwpuclnt.dll
0x00007ffba0ac0000 - 0x00007ffba0c4e000 	C:\Program Files\STMicroelectronics\STM32Cube\STM32CubeMX\jre\bin\awt.dll
0x00007ffbd5ca0000 - 0x00007ffbd5cbb000 	C:\WINDOWS\SYSTEM32\CRYPTSP.dll
0x00007ffbd53b0000 - 0x00007ffbd53e9000 	C:\WINDOWS\system32\rsaenh.dll
0x00007ffbd5a70000 - 0x00007ffbd5aa2000 	C:\WINDOWS\SYSTEM32\USERENV.dll
0x00007ffbd65b0000 - 0x00007ffbd65da000 	C:\WINDOWS\SYSTEM32\bcrypt.dll
0x00007ffbd5cc0000 - 0x00007ffbd5ccc000 	C:\WINDOWS\SYSTEM32\CRYPTBASE.dll
0x00007ffbd0d70000 - 0x00007ffbd0e1a000 	C:\WINDOWS\system32\uxtheme.dll
0x00007ffbd8320000 - 0x00007ffbd847d000 	C:\WINDOWS\System32\MSCTF.dll
0x00007ffbd9300000 - 0x00007ffbd9495000 	C:\WINDOWS\System32\ole32.dll
0x00007ffbd1000000 - 0x00007ffbd102e000 	C:\WINDOWS\system32\DWMAPI.DLL
0x00007ffb5ca60000 - 0x00007ffb5cb6e000 	C:\WINDOWS\system32\opengl32.dll
0x00007ffba0a90000 - 0x00007ffba0abd000 	C:\WINDOWS\SYSTEM32\GLU32.dll
0x00007ffbd0e20000 - 0x00007ffbd0e63000 	C:\WINDOWS\SYSTEM32\dxcore.dll
0x00007ffba0a00000 - 0x00007ffba0a87000 	C:\Program Files\STMicroelectronics\STM32Cube\STM32CubeMX\jre\bin\freetype.dll
0x00007ffb5c970000 - 0x00007ffb5ca5b000 	C:\Program Files\STMicroelectronics\STM32Cube\STM32CubeMX\jre\bin\fontmanager.dll
0x00007ffba09f0000 - 0x00007ffba0a00000 	C:\Program Files\STMicroelectronics\STM32Cube\STM32CubeMX\jre\bin\verify.dll
0x00007ffb97de0000 - 0x00007ffb97de9000 	C:\Program Files\STMicroelectronics\STM32Cube\STM32CubeMX\jre\bin\prefs.dll
0x00007ffb69fb0000 - 0x00007ffb69ff1000 	C:\Users\abina\AppData\Local\Temp\jna-92605467\jna7630709753813843556.dll
0x00007ffb91fa0000 - 0x00007ffb91fae000 	C:\Program Files\STMicroelectronics\STM32Cube\STM32CubeMX\jre\bin\sunmscapi.dll
0x00007ffbd77a0000 - 0x00007ffbd7917000 	C:\WINDOWS\System32\CRYPT32.dll
0x00007ffbd5ec0000 - 0x00007ffbd5ef0000 	C:\WINDOWS\SYSTEM32\ncrypt.dll
0x00007ffbd5e70000 - 0x00007ffbd5eaf000 	C:\WINDOWS\SYSTEM32\NTASN1.dll
0x00007ffbd5d10000 - 0x00007ffbd5d23000 	C:\WINDOWS\SYSTEM32\MSASN1.dll
0x00007ffbd5a30000 - 0x00007ffbd5a60000 	C:\WINDOWS\SYSTEM32\gpapi.dll
0x00007ffbaf140000 - 0x00007ffbaf1cb000 	C:\WINDOWS\system32\ncryptprov.dll
0x00007ffb8a250000 - 0x00007ffb8a259000 	C:\Program Files\STMicroelectronics\STM32Cube\STM32CubeMX\jre\bin\extnet.dll
0x00007ffb69f80000 - 0x00007ffb69fae000 	C:\Program Files\STMicroelectronics\STM32Cube\STM32CubeMX\jre\bin\javajpeg.dll
0x00007ffbd8530000 - 0x00007ffbd85de000 	C:\WINDOWS\System32\clbcatq.dll
0x00007ffbced70000 - 0x00007ffbcef9d000 	C:\WINDOWS\SYSTEM32\WindowsCodecs.dll
0x00007ffb994e0000 - 0x00007ffb9953a000 	C:\WINDOWS\system32\dataexchange.dll
0x00007ffbcd490000 - 0x00007ffbcd6d4000 	C:\WINDOWS\system32\twinapi.appcore.dll
0x00007ffbac3f0000 - 0x00007ffbac538000 	C:\WINDOWS\SYSTEM32\textinputframework.dll
0x00007ffb99620000 - 0x00007ffb99696000 	C:\WINDOWS\system32\Oleacc.dll
0x00007ffbac060000 - 0x00007ffbac0be000 	C:\WINDOWS\system32\ApplicationTargetedFeatureDatabase.dll
0x00007ffb5c870000 - 0x00007ffb5c969000 	C:\Users\abina\.stm32cubemx\.jxbrowser-8.11.0\Chromium\toolkit64.dll
0x00007ffb57560000 - 0x00007ffb57650000 	C:\Users\abina\.stm32cubemx\.jxbrowser-8.11.0\Chromium\ipc64.dll
0x00007ffbd0650000 - 0x00007ffbd0777000 	C:\WINDOWS\SYSTEM32\CoreMessaging.dll
0x00007ffbcc550000 - 0x00007ffbcc832000 	C:\WINDOWS\SYSTEM32\CoreUIComponents.dll
0x00007ffb5c770000 - 0x00007ffb5c86a000 	C:\Users\abina\AppData\Local\Temp\sqlite-3.49.1.0-852ca447-8634-4f27-9c29-3f626a9d1716-sqlitejdbc.dll
0x00007ffb950a0000 - 0x00007ffb9511c000 	C:\WINDOWS\system32\Ninput.dll
0x00007ffbd5570000 - 0x00007ffbd55a6000 	C:\WINDOWS\SYSTEM32\ntmarta.dll
0x00007ffbce110000 - 0x00007ffbce117000 	C:\Program Files\STMicroelectronics\STM32Cube\STM32CubeMX\jre\bin\rmi.dll

JVMTI agents: none

dbghelp: loaded successfully - version: 4.0.5 - missing functions: none
symbol engine: initialized successfully - sym options: 0x614 - pdb path: .;C:\Program Files\STMicroelectronics\STM32Cube\STM32CubeMX\jre\bin;C:\WINDOWS\SYSTEM32;C:\WINDOWS\WinSxS\amd64_microsoft.windows.common-controls_6595b64144ccf1df_6.0.26100.8037_none_3e092faae333b53b;C:\Program Files\STMicroelectronics\STM32Cube\STM32CubeMX\jre\bin\server;C:\Users\abina\AppData\Local\Temp\jna-92605467;C:\Users\abina\.stm32cubemx\.jxbrowser-8.11.0\Chromium;C:\Users\abina\AppData\Local\Temp

VM Arguments:
jvm_args: -Djavax.net.ssl.trustStoreType=WINDOWS-ROOT -Dsun.java2d.d3d=false --add-exports=java.desktop/sun.awt=ALL-UNNAMED --add-opens=java.desktop/java.awt=ALL-UNNAMED -Dfile.encoding=UTF8 
java_command: com.st.microxplorer.maingui.STM32CubeMX C:\Users\abina\Desktop\side\EcoCar\MechanicalRelaySally\Firmware\Rev 1\MechanicalRelaySallyFirmware.ioc
java_class_path (initial): C:\Program Files\STMicroelectronics\STM32Cube\STM32CubeMX\STM32CubeMX.exe;anything
Launcher Type: SUN_STANDARD

[Global flags]
     intx CICompilerCount                          = 4                                         {product} {ergonomic}
     uint ConcGCThreads                            = 3                                         {product} {ergonomic}
     uint G1ConcRefinementThreads                  = 10                                        {product} {ergonomic}
   size_t G1HeapRegionSize                         = 1048576                                   {product} {ergonomic}
    uintx GCDrainStackTargetSize                   = 64                                        {product} {ergonomic}
   size_t InitialHeapSize                          = 130023424                                 {product} {ergonomic}
   size_t MarkStackSize                            = 4194304                                   {product} {ergonomic}
   size_t MaxHeapSize                              = 2071986176                                {product} {ergonomic}
   size_t MaxNewSize                               = 1242562560                                {product} {ergonomic}
   size_t MinHeapDeltaBytes                        = 1048576                                   {product} {ergonomic}
   size_t MinHeapSize                              = 8388608                                   {product} {ergonomic}
    uintx NonNMethodCodeHeapSize                   = 5839372                                {pd product} {ergonomic}
    uintx NonProfiledCodeHeapSize                  = 122909434                              {pd product} {ergonomic}
    uintx ProfiledCodeHeapSize                     = 122909434                              {pd product} {ergonomic}
    uintx ReservedCodeCacheSize                    = 251658240                              {pd product} {ergonomic}
     bool SegmentedCodeCache                       = true                                      {product} {ergonomic}
   size_t SoftMaxHeapSize                          = 2071986176                             {manageable} {ergonomic}
     bool UseCompressedOops                        = true                           {product lp64_product} {ergonomic}
     bool UseG1GC                                  = true                                      {product} {ergonomic}
     bool UseLargePagesIndividualAllocation        = false                                  {pd product} {ergonomic}

Logging:
Log output configuration:
 #0: stdout all=warning uptime,level,tags foldmultilines=false
 #1: stderr all=off uptime,level,tags foldmultilines=false

Environment Variables:
PATH=C:\Program Files\STMicroelectronics\STM32Cube\STM32CubeMX\;C:/ST/STM32CubeIDE_2.0.0/STM32CubeIDE//plugins/com.st.stm32cube.ide.jre.win64_3.4.100.202508201254/jre/bin/server;C:/ST/STM32CubeIDE_2.0.0/STM32CubeIDE//plugins/com.st.stm32cube.ide.jre.win64_3.4.100.202508201254/jre/bin;C:\WINDOWS\system32;C:\WINDOWS;C:\WINDOWS\System32\Wbem;C:\WINDOWS\System32\WindowsPowerShell\v1.0\;C:\WINDOWS\System32\OpenSSH\;C:\Program Files\dotnet\;C:\Program Files\Git\cmd;C:\ProgramData\chocolatey\bin;C:\Program Files\PuTTY\;C:\Program Files\Microchip\xc8\v2.45\bin;C:\Program Files (x86)\IVI Foundation\VISA\WinNT\Bin\;C:\Program Files\IVI Foundation\VISA\Win64\Bin\;C:\Program Files (x86)\IVI Foundation\VISA\WinNT\Bin;C:\Program Files\PowerShell\7\;C:\Users\abina\AppData\Local\Microsoft\WindowsApps;C:\Users\abina\AppData\Local\Programs\Microsoft VS Code\bin;C:\Users\abina\AppData\Local\JetBrains\Toolbox\scripts;C:\Users\abina\AppData\Local\Packages\PythonSoftwareFoundation.Python.3.11_qbz5n2kfra8p0\LocalCache\local-packages\Python311\Scripts;C:\Program Files\Neovim\bin;%USERPROFILE%\AppData\Local\Microsoft\WindowsApps;C:\Users\abina\Desktop\side\EcoCar\MechanicalRelaySally\Firmware\Rev 1;;C:\Program Files\STMicroelectronics\STM32Cube\STM32CubeMX\.\jre\\bin
USERNAME=abina
OS=Windows_NT
PROCESSOR_IDENTIFIER=Intel64 Family 6 Model 154 Stepping 4, GenuineIntel
TMP=C:\Users\abina\AppData\Local\Temp
TEMP=C:\Users\abina\AppData\Local\Temp




Periodic native trim disabled

---------------  S Y S T E M  ---------------

OS:
 Windows 11 , 64 bit Build 26100 (10.0.26100.7920)
OS uptime: 0 days 0:22 hours
Hyper-V role detected

CPU: total 12 (initial active 12) (6 cores per cpu, 2 threads per core) family 6 model 154 stepping 4 microcode 0x432, cx8, cmov, fxsr, ht, mmx, 3dnowpref, sse, sse2, sse3, ssse3, sse4.1, sse4.2, popcnt, lzcnt, tsc, tscinvbit, avx, avx2, aes, erms, clmul, bmi1, bmi2, adx, sha, fma, vzeroupper, clflush, clflushopt, clwb, hv, serialize, rdtscp, rdpid, fsrm, f16c, cet_ibt, cet_ss
Processor Information for processor 0
  Max Mhz: 1300, Current Mhz: 1300, Mhz Limit: 1300
Processor Information for processor 1
  Max Mhz: 1300, Current Mhz: 1300, Mhz Limit: 1300
Processor Information for processor 2
  Max Mhz: 1300, Current Mhz: 1300, Mhz Limit: 1300
Processor Information for processor 3
  Max Mhz: 1300, Current Mhz: 1300, Mhz Limit: 1300
Processor Information for processor 4
  Max Mhz: 1300, Current Mhz: 900, Mhz Limit: 897
Processor Information for processor 5
  Max Mhz: 1300, Current Mhz: 900, Mhz Limit: 897
Processor Information for processor 6
  Max Mhz: 1300, Current Mhz: 900, Mhz Limit: 897
Processor Information for processor 7
  Max Mhz: 1300, Current Mhz: 900, Mhz Limit: 897
Processor Information for processor 8
  Max Mhz: 1300, Current Mhz: 900, Mhz Limit: 897
Processor Information for processor 9
  Max Mhz: 1300, Current Mhz: 900, Mhz Limit: 897
Processor Information for processor 10
  Max Mhz: 1300, Current Mhz: 900, Mhz Limit: 897
Processor Information for processor 11
  Max Mhz: 1300, Current Mhz: 900, Mhz Limit: 897

Memory: 4k page, system-wide physical 7903M (639M free)
TotalPageFile size 13903M (AvailPageFile size 1M)
current process WorkingSet (physical memory assigned to process): 781M, peak: 781M
current process commit charge ("private bytes"): 912M, peak: 913M

vm_info: OpenJDK 64-Bit Server VM (21.0.8+9-LTS) for windows-amd64 JRE (21.0.8+9-LTS), built on 2025-07-15T00:00:00Z by "admin" with MS VC++ 17.7 (VS2022)

END.
