2025-01-06 22:46:13,465 DEBUG [WB_to_MX.lambda$run_gui_mode$0] Arguments: [-mx_timeout, -1, -pack, assets/MotorControlPack/MotorControl.zip, -exp, templates/wb-defines_where_and_what.txt, -ftl, templates/wb_ioc_template.ftl, -xdm, C:\Users\abina\Desktop\EcoCar\Hyper-Drive-Motor-Controller\Motor Controller Firmware\HyperDriveMotorControllerST_MOTOR_WORKBENCH\WorkBench Generated Project\HyperDriveSTMGenerated_6_STEP\HyperDriveSTMGenerated_6_STEP.wbdef, -ioc, C:\Users\abina\Desktop\EcoCar\Hyper-Drive-Motor-Controller\Motor Controller Firmware\HyperDriveMotorControllerST_MOTOR_WORKBENCH\WorkBench Generated Project\HyperDriveSTMGenerated_6_STEP\HyperDriveSTMGenerated_6_STEP.ioc]
2025-01-06 22:46:13,466 DEBUG [ArgsValue.lambda$retrieve$2] CLI_ARG[ftl]: templates/wb_ioc_template.ftl
2025-01-06 22:46:13,467 DEBUG [ArgsValue.lambda$retrieve$2] CLI_ARG[exp]: templates/wb-defines_where_and_what.txt
2025-01-06 22:46:13,467 DEBUG [ArgsValue.lambda$retrieve$2] CLI_ARG[xdm]: C:\Users\abina\Desktop\EcoCar\Hyper-Drive-Motor-Controller\Motor Controller Firmware\HyperDriveMotorControllerST_MOTOR_WORKBENCH\WorkBench Generated Project\HyperDriveSTMGenerated_6_STEP\HyperDriveSTMGenerated_6_STEP.wbdef
2025-01-06 22:46:13,467 DEBUG [ArgsValue.lambda$retrieve$2] CLI_ARG[ioc]: C:\Users\abina\Desktop\EcoCar\Hyper-Drive-Motor-Controller\Motor Controller Firmware\HyperDriveMotorControllerST_MOTOR_WORKBENCH\WorkBench Generated Project\HyperDriveSTMGenerated_6_STEP\HyperDriveSTMGenerated_6_STEP.ioc
2025-01-06 22:46:13,467 DEBUG [ArgsValue.lambda$retrieve$2] CLI_ARG[pack]: assets/MotorControlPack/MotorControl.zip
2025-01-06 22:46:13,467 DEBUG [ArgsValue.lambda$retrieve$2] CLI_ARG[mx_timeout]: -1
2025-01-06 22:46:13,468 DEBUG [ArgsValue.retrieve] {xdm=C:\Users\abina\Desktop\EcoCar\Hyper-Drive-Motor-Controller\Motor Controller Firmware\HyperDriveMotorControllerST_MOTOR_WORKBENCH\WorkBench Generated Project\HyperDriveSTMGenerated_6_STEP\HyperDriveSTMGenerated_6_STEP.wbdef, updftl=templates/wb_ioc_mc-middleware.ftl, mx_timeout=-1, exp=templates/wb-defines_where_and_what.txt, ioc=C:\Users\abina\Desktop\EcoCar\Hyper-Drive-Motor-Controller\Motor Controller Firmware\HyperDriveMotorControllerST_MOTOR_WORKBENCH\WorkBench Generated Project\HyperDriveSTMGenerated_6_STEP\HyperDriveSTMGenerated_6_STEP.ioc, pack=assets/MotorControlPack/MotorControl.zip, ftl=templates/wb_ioc_template.ftl}
2025-01-06 22:46:13,483 DEBUG [WB_to_MX.run] Targeted MCU family = G4
2025-01-06 22:46:13,488 DEBUG [WB_to_MX.run] Minimum associated CubeMx to the `6.0.0-a0` targeted MCU family is `G4`
2025-01-06 22:46:32,956 DEBUG [EnvironmentChecker.checkPack] STM32CubeMX.Version: 6.12.1-RC4
2025-01-06 22:46:32,958 DEBUG [RetrieveFirmwareVersion.from_zip] Trying to read Firmware version from zipped version Pack: C:\Program Files (x86)\STMicroelectronics\MC_SDK_6.3.0\Utilities\PC_Software\STMCWB\assets\MotorControlPack\MotorControl.zip
2025-01-06 22:46:32,982 DEBUG [RetrieveFirmwareVersion.minimum_supporte_version] minimum_supporte_version MotorControlFirmware.Version: 6.3.0
2025-01-06 22:46:32,983 DEBUG [PackInfoFactory.deploy_MCPack_to_MxRepo] Deployment strategy class: VersionedFolderStyle_MCPackDeployer
2025-01-06 22:46:32,983 DEBUG [PackInfoFactory.deploy_MCPack_to_MxRepo] Expected MC Pack 6.3.0-Full already deployed
2025-01-06 22:46:32,997 DEBUG [DataSetUpdater.update] Updating data set
2025-01-06 22:46:32,997 DEBUG [DataSetUpdater.update] Update done
2025-01-06 22:46:32,997 INFO  [IocGenerator.logModulesVersionInfo] Version info: 
2025-01-06 22:46:33,004 INFO  [IocGenerator.logModulesVersionInfo]   MC Workbench       : 6.3.0
2025-01-06 22:46:33,005 INFO  [IocGenerator.logModulesVersionInfo]   WB_to_Mx           : 6.2.3.template-24-04-17
2025-01-06 22:46:33,005 INFO  [IocGenerator.logModulesVersionInfo]   STM32CubeMX        : 6.12.1
2025-01-06 22:46:33,005 INFO  [IocGenerator.logModulesVersionInfo]   MC Firmware Library: 6.3.0-Full
2025-01-06 22:46:33,005 INFO  [IocGenerator.logModulesVersionInfo] 
Generation options: 
2025-01-06 22:46:33,006 INFO  [IocGenerator.logModulesVersionInfo]   Target Toolchain   : ST STM32CubeIDE
2025-01-06 22:46:33,006 INFO  [IocGenerator.logModulesVersionInfo]   Target Driver      : HAL - Hardware Abstraction Layer
2025-01-06 22:46:33,006 INFO  [IocGenerator.logModulesVersionInfo]   Target STM32 FW    : Latest

2025-01-06 22:46:33,007 DEBUG [IocGenerator.process] C:\Users\abina\Desktop\EcoCar\Hyper-Drive-Motor-Controller\Motor Controller Firmware\HyperDriveMotorControllerST_MOTOR_WORKBENCH\WorkBench Generated Project\HyperDriveSTMGenerated_6_STEP\HyperDriveSTMGenerated_6_STEP.ioc ioc file: Generating
2025-01-06 22:46:33,008 DEBUG [IocGenerator.createOutput] Generating file from template templates\wb_ioc_template.ftl
2025-01-06 22:46:33,548 DEBUG [IocGenerator.process] ioc file C:\Users\abina\Desktop\EcoCar\Hyper-Drive-Motor-Controller\Motor Controller Firmware\HyperDriveMotorControllerST_MOTOR_WORKBENCH\WorkBench Generated Project\HyperDriveSTMGenerated_6_STEP\HyperDriveSTMGenerated_6_STEP.ioc Generated
2025-01-06 22:46:33,551 INFO  [LineInfo_to_exitCode.log_LineInfo] C:\Users\abina\Desktop\EcoCar\Hyper-Drive-Motor-Controller\Motor Controller Firmware\HyperDriveMotorControllerST_MOTOR_WORKBENCH\WorkBench Generated Project\HyperDriveSTMGenerated_6_STEP\HyperDriveSTMGenerated_6_STEP.ioc ioc: Generated
2025-01-06 22:46:33,616 INFO  [Wb2MxProcess.lambda$copyFolder$e7a869af$1] Folder Overwritten C:\Users\abina\Desktop\EcoCar\Hyper-Drive-Motor-Controller\Motor Controller Firmware\HyperDriveMotorControllerST_MOTOR_WORKBENCH\WorkBench Generated Project\HyperDriveSTMGenerated_6_STEP\ftl
2025-01-06 22:46:33,633 INFO  [extSettings.lambda$writeContentToFile$f5919002$1] Generated C:\Users\abina\Desktop\EcoCar\Hyper-Drive-Motor-Controller\Motor Controller Firmware\HyperDriveMotorControllerST_MOTOR_WORKBENCH\WorkBench Generated Project\HyperDriveSTMGenerated_6_STEP\.extSettings
2025-01-06 22:46:33,638 INFO  [Wb2MxProcess.lambda$run$$20] 
Started STM32CubeMX for final c-code generation
2025-01-06 22:46:33,651 DEBUG [CubeMxRunner.create_code_generation_script_for] Generated CubeMx script file: C:\Users\abina\AppData\Local\Temp\WB_to_Mx-hyperdrivestmgeneratedstep-15220596087541263567.script
2025-01-06 22:46:34,275 DEBUG [LineInfo_to_exitCode.log_LineInfo] 2025-01-06 22:46:34,272 [INFO] MicroXplorer:98 - [MX] MX Start == 1320055416315600
2025-01-06 22:46:34,275 DEBUG [LineInfo_to_exitCode.log_LineInfo] 2025-01-06 22:46:34,274 [INFO] MicroXplorer:653 - Detected Java Version = 17.0.11
2025-01-06 22:46:34,277 DEBUG [LineInfo_to_exitCode.log_LineInfo] 2025-01-06 22:46:34,276 [INFO] ApplicationProperties:184 - Using Application install path: C:\Program Files\STMicroelectronics\STM32Cube\STM32CubeMX
2025-01-06 22:46:34,289 DEBUG [LineInfo_to_exitCode.log_LineInfo] 2025-01-06 22:46:34,289 [INFO] DbMcusXml:78 - Set database path to: C:\Program Files\STMicroelectronics\STM32Cube\STM32CubeMX\\db\/mcu/
2025-01-06 22:46:34,289 DEBUG [LineInfo_to_exitCode.log_LineInfo] 2025-01-06 22:46:34,289 [INFO] ApiDb:274 - Set plugin database path to: C:\Program Files\STMicroelectronics\STM32Cube\STM32CubeMX\\db\/plugins/boardmanager/
2025-01-06 22:46:34,291 DEBUG [LineInfo_to_exitCode.log_LineInfo] 2025-01-06 22:46:34,291 [INFO] McuFinderGlobals:63 - Set McuFinder mode to 1 (CubeMX integrated)
2025-01-06 22:46:34,302 DEBUG [LineInfo_to_exitCode.log_LineInfo] 2025-01-06 22:46:34,302 [INFO] ApiDb:250 - Set database path to: C:\Users\abina\.stmcufinder\plugins\mcufinder//mcu/
2025-01-06 22:46:34,303 DEBUG [LineInfo_to_exitCode.log_LineInfo] 2025-01-06 22:46:34,302 [INFO] DbMcusAds:125 - Set database path to: C:\Users\abina\.stmcufinder\plugins\mcufinder//mcu/
2025-01-06 22:46:34,308 DEBUG [LineInfo_to_exitCode.log_LineInfo] 2025-01-06 22:46:34,308 [INFO] CrossReferenceDbSqlite:203 - Set database path to: C:\Users\abina\.stmcufinder\plugins\mcufinder//mcu/cs/
2025-01-06 22:46:34,399 DEBUG [LineInfo_to_exitCode.log_LineInfo] 2025-01-06 22:46:34,399 [INFO] RulesReader:64 - Compatibility file has been processed (297 Rules)
2025-01-06 22:46:34,417 DEBUG [LineInfo_to_exitCode.log_LineInfo] 2025-01-06 22:46:34,416 [INFO] STM32CubeMX:60 - Starting STM32CubeMX
2025-01-06 22:46:34,809 DEBUG [LineInfo_to_exitCode.log_LineInfo] 2025-01-06 22:46:34,808 [INFO] MainPanel:268 - HeapMemory: 50331648
2025-01-06 22:46:34,990 DEBUG [LineInfo_to_exitCode.log_LineInfo] 2025-01-06 22:46:34,989 [INFO] DbMcusXml:78 - Set database path to: C:\Program Files\STMicroelectronics\STM32Cube\STM32CubeMX\\db\/mcu/
2025-01-06 22:46:34,990 DEBUG [LineInfo_to_exitCode.log_LineInfo] 2025-01-06 22:46:34,990 [INFO] ApiDb:274 - Set plugin database path to: C:\Program Files\STMicroelectronics\STM32Cube\STM32CubeMX\\db\/plugins/boardmanager/
2025-01-06 22:46:34,990 DEBUG [LineInfo_to_exitCode.log_LineInfo] 2025-01-06 22:46:34,990 [INFO] ApiDb:261 - Set plugin images path to: C:\Program Files\STMicroelectronics\STM32Cube\STM32CubeMX\\db\/plugins/mcufinder/images/
2025-01-06 22:46:34,991 DEBUG [LineInfo_to_exitCode.log_LineInfo] 2025-01-06 22:46:34,991 [INFO] ApiDb:250 - Set database path to: C:\Users\abina\.stmcufinder\plugins\mcufinder//mcu/
2025-01-06 22:46:34,991 DEBUG [LineInfo_to_exitCode.log_LineInfo] 2025-01-06 22:46:34,991 [INFO] DbMcusAds:125 - Set database path to: C:\Users\abina\.stmcufinder\plugins\mcufinder//mcu/
2025-01-06 22:46:34,991 DEBUG [LineInfo_to_exitCode.log_LineInfo] 2025-01-06 22:46:34,991 [INFO] CrossReferenceDbSqlite:203 - Set database path to: C:\Users\abina\.stmcufinder\plugins\mcufinder//mcu/cs/
2025-01-06 22:46:35,006 DEBUG [LineInfo_to_exitCode.log_LineInfo] 2025-01-06 22:46:35,006 [INFO] ApplicationProperties:184 - Using Application install path: C:\Program Files\STMicroelectronics\STM32Cube\STM32CubeMX
2025-01-06 22:46:35,007 DEBUG [LineInfo_to_exitCode.log_LineInfo] 2025-01-06 22:46:35,007 [INFO] PluginManage:196 - Search for loadable plugins [exclusion list=, ]
2025-01-06 22:46:35,009 DEBUG [LineInfo_to_exitCode.log_LineInfo] 2025-01-06 22:46:35,008 [INFO] PluginManage:310 - Check plugin analytics
2025-01-06 22:46:39,799 DEBUG [LineInfo_to_exitCode.log_LineInfo] 2025-01-06 22:46:39,799 [INFO] AnalyticsPlugin:253 - Accepted Software Licenses: STM32CubeMX.6.8.1,STM32CubeMX.6.10.0,STM32CubeMX.6.11.1,STM32CubeMX.6.12.1
2025-01-06 22:46:39,799 DEBUG [LineInfo_to_exitCode.log_LineInfo] 2025-01-06 22:46:39,799 [INFO] AnalyticsPlugin:255 - Accepted CMSIS Pack Licenses: 
2025-01-06 22:46:39,799 DEBUG [LineInfo_to_exitCode.log_LineInfo] 2025-01-06 22:46:39,799 [INFO] AnalyticsPlugin:257 - Accepted Firmware Licenses: FW.F7.1.17.0,FW.H7.1.11.0,FW.L4.1.18.0,FW.G4.1.6.0,FW.G4.1.5.0
2025-01-06 22:46:39,801 DEBUG [LineInfo_to_exitCode.log_LineInfo] 2025-01-06 22:46:39,801 [INFO] PluginManage:359 - Loaded plugin analytics (category:tool,tabindex:-1)
2025-01-06 22:46:39,802 DEBUG [LineInfo_to_exitCode.log_LineInfo] 2025-01-06 22:46:39,801 [INFO] PluginManage:310 - Check plugin cadmodel
2025-01-06 22:46:39,823 DEBUG [LineInfo_to_exitCode.log_LineInfo] 2025-01-06 22:46:39,823 [INFO] CADModel:105 - Init CAD model plugin
2025-01-06 22:46:39,824 DEBUG [LineInfo_to_exitCode.log_LineInfo] 2025-01-06 22:46:39,823 [INFO] PluginManage:359 - Loaded plugin cadmodel (category:power,tabindex:5)
2025-01-06 22:46:39,824 DEBUG [LineInfo_to_exitCode.log_LineInfo] 2025-01-06 22:46:39,824 [INFO] PluginManage:310 - Check plugin clock
2025-01-06 22:46:39,830 DEBUG [LineInfo_to_exitCode.log_LineInfo] 2025-01-06 22:46:39,830 [INFO] PluginManage:359 - Loaded plugin clock (category:base,tabindex:2)
2025-01-06 22:46:39,831 DEBUG [LineInfo_to_exitCode.log_LineInfo] 2025-01-06 22:46:39,830 [INFO] PluginManage:310 - Check plugin ddr
2025-01-06 22:46:39,833 DEBUG [LineInfo_to_exitCode.log_LineInfo] 2025-01-06 22:46:39,833 [INFO] PluginManage:359 - Loaded plugin ddr (category:tool,tabindex:6)
2025-01-06 22:46:39,833 DEBUG [LineInfo_to_exitCode.log_LineInfo] 2025-01-06 22:46:39,833 [INFO] PluginManage:310 - Check plugin filemanager
2025-01-06 22:46:39,947 DEBUG [LineInfo_to_exitCode.log_LineInfo] 2025-01-06 22:46:39,947 [INFO] PluginManage:359 - Loaded plugin filemanager (category:base,tabindex:10)
2025-01-06 22:46:39,947 DEBUG [LineInfo_to_exitCode.log_LineInfo] 2025-01-06 22:46:39,947 [INFO] PluginManage:310 - Check plugin ipmanager
2025-01-06 22:46:39,954 DEBUG [LineInfo_to_exitCode.log_LineInfo] 2025-01-06 22:46:39,954 [INFO] PluginManage:359 - Loaded plugin ipmanager (category:base,tabindex:5)
2025-01-06 22:46:39,955 DEBUG [LineInfo_to_exitCode.log_LineInfo] 2025-01-06 22:46:39,954 [INFO] PluginManage:310 - Check plugin lpbam
2025-01-06 22:46:39,960 DEBUG [LineInfo_to_exitCode.log_LineInfo] 2025-01-06 22:46:39,959 [INFO] PluginManage:359 - Loaded plugin lpbam (category:base,tabindex:0)
2025-01-06 22:46:39,960 DEBUG [LineInfo_to_exitCode.log_LineInfo] 2025-01-06 22:46:39,960 [INFO] PluginManage:310 - Check plugin memorymap
2025-01-06 22:46:39,969 DEBUG [LineInfo_to_exitCode.log_LineInfo] 2025-01-06 22:46:39,969 [INFO] PluginManage:359 - Loaded plugin memorymap (category:base,tabindex:4)
2025-01-06 22:46:39,969 DEBUG [LineInfo_to_exitCode.log_LineInfo] 2025-01-06 22:46:39,969 [INFO] PluginManage:310 - Check plugin pinoutandconfiguration
2025-01-06 22:46:39,974 DEBUG [LineInfo_to_exitCode.log_LineInfo] 2025-01-06 22:46:39,974 [INFO] PluginManage:359 - Loaded plugin pinoutandconfiguration (category:base,tabindex:1)
2025-01-06 22:46:39,974 DEBUG [LineInfo_to_exitCode.log_LineInfo] 2025-01-06 22:46:39,974 [INFO] PluginManage:310 - Check plugin pinoutconfig
2025-01-06 22:46:40,164 DEBUG [LineInfo_to_exitCode.log_LineInfo] 2025-01-06 22:46:40,164 [INFO] PluginManage:359 - Loaded plugin pinoutconfig (category:base,tabindex:0)
2025-01-06 22:46:40,164 DEBUG [LineInfo_to_exitCode.log_LineInfo] 2025-01-06 22:46:40,164 [INFO] PluginManage:310 - Check plugin power
2025-01-06 22:46:40,171 DEBUG [LineInfo_to_exitCode.log_LineInfo] 2025-01-06 22:46:40,171 [INFO] PluginManage:359 - Loaded plugin power (category:power,tabindex:4)
2025-01-06 22:46:40,172 DEBUG [LineInfo_to_exitCode.log_LineInfo] 2025-01-06 22:46:40,171 [INFO] PluginManage:310 - Check plugin projectmanager
2025-01-06 22:46:40,230 DEBUG [LineInfo_to_exitCode.log_LineInfo] 2025-01-06 22:46:40,230 [INFO] PluginManage:359 - Loaded plugin projectmanager (category:projectmanager,tabindex:4)
2025-01-06 22:46:40,231 DEBUG [LineInfo_to_exitCode.log_LineInfo] 2025-01-06 22:46:40,230 [INFO] PluginManage:310 - Check plugin rif
2025-01-06 22:46:40,235 DEBUG [LineInfo_to_exitCode.log_LineInfo] 2025-01-06 22:46:40,234 [INFO] PluginManage:359 - Loaded plugin rif (category:base,tabindex:3)
2025-01-06 22:46:40,235 DEBUG [LineInfo_to_exitCode.log_LineInfo] 2025-01-06 22:46:40,235 [INFO] PluginManage:310 - Check plugin thirdparty
2025-01-06 22:46:40,349 DEBUG [LineInfo_to_exitCode.log_LineInfo] 2025-01-06 22:46:40,349 [INFO] PluginManage:359 - Loaded plugin thirdparty (category:base,tabindex:-1)
2025-01-06 22:46:40,349 DEBUG [LineInfo_to_exitCode.log_LineInfo] 2025-01-06 22:46:40,349 [INFO] PluginManage:310 - Check plugin tools
2025-01-06 22:46:40,350 DEBUG [LineInfo_to_exitCode.log_LineInfo] 2025-01-06 22:46:40,349 [INFO] IntegrityCheckThread:86 - entering critical section [integrity check]
2025-01-06 22:46:40,350 DEBUG [LineInfo_to_exitCode.log_LineInfo] 2025-01-06 22:46:40,350 [INFO] ThirdPartyUpdaterWithRetryManager:70 - Updater plugin not ready yet. [1/15]
2025-01-06 22:46:40,352 DEBUG [LineInfo_to_exitCode.log_LineInfo] 2025-01-06 22:46:40,351 [INFO] PluginManage:359 - Loaded plugin tools (category:base,tabindex:7)
2025-01-06 22:46:40,352 DEBUG [LineInfo_to_exitCode.log_LineInfo] 2025-01-06 22:46:40,352 [INFO] PluginManage:310 - Check plugin tutovideos
2025-01-06 22:46:40,478 DEBUG [LineInfo_to_exitCode.log_LineInfo] 2025-01-06 22:46:40,477 [INFO] PluginManage:359 - Loaded plugin tutovideos (category:base,tabindex:-1)
2025-01-06 22:46:40,478 DEBUG [LineInfo_to_exitCode.log_LineInfo] 2025-01-06 22:46:40,478 [INFO] PluginManage:310 - Check plugin updater
2025-01-06 22:46:40,492 DEBUG [LineInfo_to_exitCode.log_LineInfo] 2025-01-06 22:46:40,492 [INFO] PluginManage:359 - Loaded plugin updater (category:base,tabindex:12)
2025-01-06 22:46:40,493 DEBUG [LineInfo_to_exitCode.log_LineInfo] 2025-01-06 22:46:40,492 [INFO] PluginManage:310 - Check plugin userauth
2025-01-06 22:46:40,498 DEBUG [LineInfo_to_exitCode.log_LineInfo] 2025-01-06 22:46:40,498 [INFO] UserAuth:113 - Init User Auth plugin
2025-01-06 22:46:40,498 DEBUG [LineInfo_to_exitCode.log_LineInfo] 2025-01-06 22:46:40,498 [INFO] PluginManage:359 - Loaded plugin userauth (category:base,tabindex:14)
2025-01-06 22:46:40,499 DEBUG [LineInfo_to_exitCode.log_LineInfo] 2025-01-06 22:46:40,498 [INFO] PluginManage:283 - PluginManage : Loaded plugins [18]
2025-01-06 22:46:40,673 DEBUG [LineInfo_to_exitCode.log_LineInfo] 2025-01-06 22:46:40,672 [INFO] PinOutPanel:1561 - setPackage(No Configuration,No Configuration)
2025-01-06 22:46:40,746 DEBUG [LineInfo_to_exitCode.log_LineInfo] 2025-01-06 22:46:40,745 [INFO] CADModel:165 - CPN selected for project level
2025-01-06 22:46:40,746 DEBUG [LineInfo_to_exitCode.log_LineInfo] 2025-01-06 22:46:40,746 [INFO] CADModel:114 - Register for checkConnection events
2025-01-06 22:46:40,758 DEBUG [LineInfo_to_exitCode.log_LineInfo] 2025-01-06 22:46:40,758 [INFO] IPUIPlugin:80 - create IPUIPlugin
2025-01-06 22:46:40,759 DEBUG [LineInfo_to_exitCode.log_LineInfo] 2025-01-06 22:46:40,758 [INFO] PluginManager:220 - loadIPPluginJar : add adc
2025-01-06 22:46:40,761 DEBUG [LineInfo_to_exitCode.log_LineInfo] 2025-01-06 22:46:40,761 [INFO] IPUIPlugin:80 - create IPUIPlugin
2025-01-06 22:46:40,762 DEBUG [LineInfo_to_exitCode.log_LineInfo] 2025-01-06 22:46:40,761 [INFO] PluginManager:220 - loadIPPluginJar : add aes
2025-01-06 22:46:40,764 DEBUG [LineInfo_to_exitCode.log_LineInfo] 2025-01-06 22:46:40,763 [INFO] IPUIPlugin:80 - create IPUIPlugin
2025-01-06 22:46:40,764 DEBUG [LineInfo_to_exitCode.log_LineInfo] 2025-01-06 22:46:40,764 [INFO] PluginManager:220 - loadIPPluginJar : add can
2025-01-06 22:46:40,765 DEBUG [LineInfo_to_exitCode.log_LineInfo] 2025-01-06 22:46:40,765 [INFO] IPUIPlugin:80 - create IPUIPlugin
2025-01-06 22:46:40,766 DEBUG [LineInfo_to_exitCode.log_LineInfo] 2025-01-06 22:46:40,765 [INFO] PluginManager:220 - loadIPPluginJar : add comp
2025-01-06 22:46:40,767 DEBUG [LineInfo_to_exitCode.log_LineInfo] 2025-01-06 22:46:40,767 [INFO] IPUIPlugin:80 - create IPUIPlugin
2025-01-06 22:46:40,768 DEBUG [LineInfo_to_exitCode.log_LineInfo] 2025-01-06 22:46:40,767 [INFO] PluginManager:220 - loadIPPluginJar : add cryp
2025-01-06 22:46:40,771 DEBUG [LineInfo_to_exitCode.log_LineInfo] 2025-01-06 22:46:40,771 [INFO] IPUIPlugin:80 - create IPUIPlugin
2025-01-06 22:46:40,771 DEBUG [LineInfo_to_exitCode.log_LineInfo] 2025-01-06 22:46:40,771 [INFO] PluginManager:220 - loadIPPluginJar : add ddr_ctrl_phy
2025-01-06 22:46:40,774 DEBUG [LineInfo_to_exitCode.log_LineInfo] 2025-01-06 22:46:40,774 [INFO] IPUIPlugin:80 - create IPUIPlugin
2025-01-06 22:46:40,774 DEBUG [LineInfo_to_exitCode.log_LineInfo] 2025-01-06 22:46:40,774 [INFO] PluginManager:220 - loadIPPluginJar : add dfsdm
2025-01-06 22:46:40,780 DEBUG [LineInfo_to_exitCode.log_LineInfo] 2025-01-06 22:46:40,780 [INFO] IPUIPlugin:80 - create IPUIPlugin
2025-01-06 22:46:40,781 DEBUG [LineInfo_to_exitCode.log_LineInfo] 2025-01-06 22:46:40,780 [INFO] PluginManager:220 - loadIPPluginJar : add dma
2025-01-06 22:46:40,783 DEBUG [LineInfo_to_exitCode.log_LineInfo] 2025-01-06 22:46:40,782 [INFO] IPUIPlugin:80 - create IPUIPlugin
2025-01-06 22:46:40,783 DEBUG [LineInfo_to_exitCode.log_LineInfo] 2025-01-06 22:46:40,783 [INFO] PluginManager:220 - loadIPPluginJar : add dma3
2025-01-06 22:46:40,785 DEBUG [LineInfo_to_exitCode.log_LineInfo] 2025-01-06 22:46:40,785 [INFO] IPUIPlugin:80 - create IPUIPlugin
2025-01-06 22:46:40,785 DEBUG [LineInfo_to_exitCode.log_LineInfo] 2025-01-06 22:46:40,785 [INFO] PluginManager:220 - loadIPPluginJar : add extmemmanager
2025-01-06 22:46:40,786 DEBUG [LineInfo_to_exitCode.log_LineInfo] 2025-01-06 22:46:40,786 [INFO] IPUIPlugin:80 - create IPUIPlugin
2025-01-06 22:46:40,786 DEBUG [LineInfo_to_exitCode.log_LineInfo] 2025-01-06 22:46:40,786 [INFO] PluginManager:220 - loadIPPluginJar : add fatfs
2025-01-06 22:46:40,790 DEBUG [LineInfo_to_exitCode.log_LineInfo] 2025-01-06 22:46:40,789 [INFO] IPUIPlugin:80 - create IPUIPlugin
2025-01-06 22:46:40,790 DEBUG [LineInfo_to_exitCode.log_LineInfo] 2025-01-06 22:46:40,790 [INFO] PluginManager:220 - loadIPPluginJar : add fmc
2025-01-06 22:46:40,796 DEBUG [LineInfo_to_exitCode.log_LineInfo] 2025-01-06 22:46:40,795 [INFO] IPUIPlugin:80 - create IPUIPlugin
2025-01-06 22:46:40,796 DEBUG [LineInfo_to_exitCode.log_LineInfo] 2025-01-06 22:46:40,796 [INFO] PluginManager:220 - loadIPPluginJar : add freertos
2025-01-06 22:46:40,798 DEBUG [LineInfo_to_exitCode.log_LineInfo] 2025-01-06 22:46:40,798 [INFO] IPUIPlugin:80 - create IPUIPlugin
2025-01-06 22:46:40,798 DEBUG [LineInfo_to_exitCode.log_LineInfo] 2025-01-06 22:46:40,798 [INFO] PluginManager:220 - loadIPPluginJar : add genericplugin
2025-01-06 22:46:40,800 DEBUG [LineInfo_to_exitCode.log_LineInfo] 2025-01-06 22:46:40,800 [INFO] IPUIPlugin:80 - create IPUIPlugin
2025-01-06 22:46:40,800 DEBUG [LineInfo_to_exitCode.log_LineInfo] 2025-01-06 22:46:40,800 [INFO] PluginManager:220 - loadIPPluginJar : add gfxmmu
2025-01-06 22:46:40,803 DEBUG [LineInfo_to_exitCode.log_LineInfo] 2025-01-06 22:46:40,803 [INFO] IPUIPlugin:80 - create IPUIPlugin
2025-01-06 22:46:40,804 DEBUG [LineInfo_to_exitCode.log_LineInfo] 2025-01-06 22:46:40,803 [INFO] PluginManager:220 - loadIPPluginJar : add gic
2025-01-06 22:46:40,807 DEBUG [LineInfo_to_exitCode.log_LineInfo] 2025-01-06 22:46:40,806 [INFO] IPUIPlugin:80 - create IPUIPlugin
2025-01-06 22:46:40,807 DEBUG [LineInfo_to_exitCode.log_LineInfo] 2025-01-06 22:46:40,807 [INFO] PluginManager:220 - loadIPPluginJar : add gpio
2025-01-06 22:46:40,809 DEBUG [LineInfo_to_exitCode.log_LineInfo] 2025-01-06 22:46:40,809 [INFO] IPUIPlugin:80 - create IPUIPlugin
2025-01-06 22:46:40,809 DEBUG [LineInfo_to_exitCode.log_LineInfo] 2025-01-06 22:46:40,809 [INFO] PluginManager:220 - loadIPPluginJar : add gtzc
2025-01-06 22:46:40,811 DEBUG [LineInfo_to_exitCode.log_LineInfo] 2025-01-06 22:46:40,811 [INFO] IPUIPlugin:80 - create IPUIPlugin
2025-01-06 22:46:40,812 DEBUG [LineInfo_to_exitCode.log_LineInfo] 2025-01-06 22:46:40,811 [INFO] PluginManager:220 - loadIPPluginJar : add hash
2025-01-06 22:46:40,814 DEBUG [LineInfo_to_exitCode.log_LineInfo] 2025-01-06 22:46:40,814 [INFO] IPUIPlugin:80 - create IPUIPlugin
2025-01-06 22:46:40,815 DEBUG [LineInfo_to_exitCode.log_LineInfo] 2025-01-06 22:46:40,814 [INFO] PluginManager:220 - loadIPPluginJar : add i2c
2025-01-06 22:46:40,817 DEBUG [LineInfo_to_exitCode.log_LineInfo] 2025-01-06 22:46:40,816 [INFO] IPUIPlugin:80 - create IPUIPlugin
2025-01-06 22:46:40,817 DEBUG [LineInfo_to_exitCode.log_LineInfo] 2025-01-06 22:46:40,816 [INFO] PluginManager:220 - loadIPPluginJar : add i2s
2025-01-06 22:46:40,819 DEBUG [LineInfo_to_exitCode.log_LineInfo] 2025-01-06 22:46:40,819 [INFO] IPUIPlugin:80 - create IPUIPlugin
2025-01-06 22:46:40,819 DEBUG [LineInfo_to_exitCode.log_LineInfo] 2025-01-06 22:46:40,819 [INFO] PluginManager:220 - loadIPPluginJar : add i3c
2025-01-06 22:46:40,822 DEBUG [LineInfo_to_exitCode.log_LineInfo] 2025-01-06 22:46:40,821 [INFO] IPUIPlugin:80 - create IPUIPlugin
2025-01-06 22:46:40,822 DEBUG [LineInfo_to_exitCode.log_LineInfo] 2025-01-06 22:46:40,822 [INFO] PluginManager:220 - loadIPPluginJar : add ipddr
2025-01-06 22:46:40,827 DEBUG [LineInfo_to_exitCode.log_LineInfo] 2025-01-06 22:46:40,827 [INFO] IPUIPlugin:80 - create IPUIPlugin
2025-01-06 22:46:40,827 DEBUG [LineInfo_to_exitCode.log_LineInfo] 2025-01-06 22:46:40,827 [INFO] PluginManager:220 - loadIPPluginJar : add linkedlist
2025-01-06 22:46:40,830 DEBUG [LineInfo_to_exitCode.log_LineInfo] 2025-01-06 22:46:40,830 [INFO] IPUIPlugin:80 - create IPUIPlugin
2025-01-06 22:46:40,830 DEBUG [LineInfo_to_exitCode.log_LineInfo] 2025-01-06 22:46:40,830 [INFO] PluginManager:220 - loadIPPluginJar : add lorawan
2025-01-06 22:46:40,832 DEBUG [LineInfo_to_exitCode.log_LineInfo] 2025-01-06 22:46:40,831 [INFO] IPUIPlugin:80 - create IPUIPlugin
2025-01-06 22:46:40,832 DEBUG [LineInfo_to_exitCode.log_LineInfo] 2025-01-06 22:46:40,832 [INFO] PluginManager:220 - loadIPPluginJar : add ltdc
2025-01-06 22:46:40,836 DEBUG [LineInfo_to_exitCode.log_LineInfo] 2025-01-06 22:46:40,836 [INFO] IPUIPlugin:80 - create IPUIPlugin
2025-01-06 22:46:40,836 DEBUG [LineInfo_to_exitCode.log_LineInfo] 2025-01-06 22:46:40,836 [INFO] PluginManager:220 - loadIPPluginJar : add mdma
2025-01-06 22:46:40,839 DEBUG [LineInfo_to_exitCode.log_LineInfo] 2025-01-06 22:46:40,839 [INFO] IPUIPlugin:80 - create IPUIPlugin
2025-01-06 22:46:40,839 DEBUG [LineInfo_to_exitCode.log_LineInfo] 2025-01-06 22:46:40,839 [INFO] PluginManager:220 - loadIPPluginJar : add nvic
2025-01-06 22:46:40,841 DEBUG [LineInfo_to_exitCode.log_LineInfo] 2025-01-06 22:46:40,841 [INFO] IPUIPlugin:80 - create IPUIPlugin
2025-01-06 22:46:40,841 DEBUG [LineInfo_to_exitCode.log_LineInfo] 2025-01-06 22:46:40,841 [INFO] PluginManager:220 - loadIPPluginJar : add opamp
2025-01-06 22:46:40,843 DEBUG [LineInfo_to_exitCode.log_LineInfo] 2025-01-06 22:46:40,843 [INFO] IPUIPlugin:80 - create IPUIPlugin
2025-01-06 22:46:40,844 DEBUG [LineInfo_to_exitCode.log_LineInfo] 2025-01-06 22:46:40,843 [INFO] PluginManager:220 - loadIPPluginJar : add openamp
2025-01-06 22:46:40,846 DEBUG [LineInfo_to_exitCode.log_LineInfo] 2025-01-06 22:46:40,846 [INFO] IPUIPlugin:80 - create IPUIPlugin
2025-01-06 22:46:40,847 DEBUG [LineInfo_to_exitCode.log_LineInfo] 2025-01-06 22:46:40,846 [INFO] PluginManager:220 - loadIPPluginJar : add pdm2pcm
2025-01-06 22:46:40,850 DEBUG [LineInfo_to_exitCode.log_LineInfo] 2025-01-06 22:46:40,850 [INFO] IPUIPlugin:80 - create IPUIPlugin
2025-01-06 22:46:40,852 DEBUG [LineInfo_to_exitCode.log_LineInfo] 2025-01-06 22:46:40,852 [INFO] PluginManager:220 - loadIPPluginJar : add plateformsettings
2025-01-06 22:46:40,854 DEBUG [LineInfo_to_exitCode.log_LineInfo] 2025-01-06 22:46:40,853 [INFO] IPUIPlugin:80 - create IPUIPlugin
2025-01-06 22:46:40,854 DEBUG [LineInfo_to_exitCode.log_LineInfo] 2025-01-06 22:46:40,853 [INFO] PluginManager:220 - loadIPPluginJar : add quadspi
2025-01-06 22:46:40,855 DEBUG [LineInfo_to_exitCode.log_LineInfo] 2025-01-06 22:46:40,855 [INFO] IPUIPlugin:80 - create IPUIPlugin
2025-01-06 22:46:40,856 DEBUG [LineInfo_to_exitCode.log_LineInfo] 2025-01-06 22:46:40,855 [INFO] PluginManager:220 - loadIPPluginJar : add radio
2025-01-06 22:46:40,858 DEBUG [LineInfo_to_exitCode.log_LineInfo] 2025-01-06 22:46:40,858 [INFO] IPUIPlugin:80 - create IPUIPlugin
2025-01-06 22:46:40,858 DEBUG [LineInfo_to_exitCode.log_LineInfo] 2025-01-06 22:46:40,858 [INFO] PluginManager:220 - loadIPPluginJar : add resmgrutility
2025-01-06 22:46:40,861 DEBUG [LineInfo_to_exitCode.log_LineInfo] 2025-01-06 22:46:40,860 [INFO] IPUIPlugin:80 - create IPUIPlugin
2025-01-06 22:46:40,861 DEBUG [LineInfo_to_exitCode.log_LineInfo] 2025-01-06 22:46:40,860 [INFO] PluginManager:220 - loadIPPluginJar : add sai
2025-01-06 22:46:40,863 DEBUG [LineInfo_to_exitCode.log_LineInfo] 2025-01-06 22:46:40,863 [INFO] IPUIPlugin:80 - create IPUIPlugin
2025-01-06 22:46:40,863 DEBUG [LineInfo_to_exitCode.log_LineInfo] 2025-01-06 22:46:40,863 [INFO] PluginManager:220 - loadIPPluginJar : add spi
2025-01-06 22:46:40,866 DEBUG [LineInfo_to_exitCode.log_LineInfo] 2025-01-06 22:46:40,866 [INFO] IPUIPlugin:80 - create IPUIPlugin
2025-01-06 22:46:40,866 DEBUG [LineInfo_to_exitCode.log_LineInfo] 2025-01-06 22:46:40,866 [INFO] PluginManager:220 - loadIPPluginJar : add stm32_wpan
2025-01-06 22:46:40,868 DEBUG [LineInfo_to_exitCode.log_LineInfo] 2025-01-06 22:46:40,868 [INFO] IPUIPlugin:80 - create IPUIPlugin
2025-01-06 22:46:40,868 DEBUG [LineInfo_to_exitCode.log_LineInfo] 2025-01-06 22:46:40,868 [INFO] PluginManager:220 - loadIPPluginJar : add tim
2025-01-06 22:46:40,870 DEBUG [LineInfo_to_exitCode.log_LineInfo] 2025-01-06 22:46:40,870 [INFO] IPUIPlugin:80 - create IPUIPlugin
2025-01-06 22:46:40,870 DEBUG [LineInfo_to_exitCode.log_LineInfo] 2025-01-06 22:46:40,870 [INFO] PluginManager:220 - loadIPPluginJar : add touchsensing
2025-01-06 22:46:40,871 DEBUG [LineInfo_to_exitCode.log_LineInfo] 2025-01-06 22:46:40,871 [INFO] IPUIPlugin:80 - create IPUIPlugin
2025-01-06 22:46:40,872 DEBUG [LineInfo_to_exitCode.log_LineInfo] 2025-01-06 22:46:40,871 [INFO] PluginManager:220 - loadIPPluginJar : add tracer_emb
2025-01-06 22:46:40,873 DEBUG [LineInfo_to_exitCode.log_LineInfo] 2025-01-06 22:46:40,873 [INFO] IPUIPlugin:80 - create IPUIPlugin
2025-01-06 22:46:40,873 DEBUG [LineInfo_to_exitCode.log_LineInfo] 2025-01-06 22:46:40,873 [INFO] PluginManager:220 - loadIPPluginJar : add ts
2025-01-06 22:46:40,874 DEBUG [LineInfo_to_exitCode.log_LineInfo] 2025-01-06 22:46:40,874 [INFO] IPUIPlugin:80 - create IPUIPlugin
2025-01-06 22:46:40,874 DEBUG [LineInfo_to_exitCode.log_LineInfo] 2025-01-06 22:46:40,874 [INFO] PluginManager:220 - loadIPPluginJar : add tsc
2025-01-06 22:46:40,876 DEBUG [LineInfo_to_exitCode.log_LineInfo] 2025-01-06 22:46:40,875 [INFO] IPUIPlugin:80 - create IPUIPlugin
2025-01-06 22:46:40,876 DEBUG [LineInfo_to_exitCode.log_LineInfo] 2025-01-06 22:46:40,876 [INFO] PluginManager:220 - loadIPPluginJar : add ucpd
2025-01-06 22:46:40,878 DEBUG [LineInfo_to_exitCode.log_LineInfo] 2025-01-06 22:46:40,878 [INFO] IPUIPlugin:80 - create IPUIPlugin
2025-01-06 22:46:40,878 DEBUG [LineInfo_to_exitCode.log_LineInfo] 2025-01-06 22:46:40,878 [INFO] PluginManager:220 - loadIPPluginJar : add usart
2025-01-06 22:46:40,880 DEBUG [LineInfo_to_exitCode.log_LineInfo] 2025-01-06 22:46:40,880 [INFO] IPUIPlugin:80 - create IPUIPlugin
2025-01-06 22:46:40,881 DEBUG [LineInfo_to_exitCode.log_LineInfo] 2025-01-06 22:46:40,880 [INFO] PluginManager:220 - loadIPPluginJar : add usbx
2025-01-06 22:46:40,896 DEBUG [LineInfo_to_exitCode.log_LineInfo] 2025-01-06 22:46:40,896 [INFO] Updater:1100 - Updater Version found : 6.12.1
2025-01-06 22:46:40,907 DEBUG [LineInfo_to_exitCode.log_LineInfo] 2025-01-06 22:46:40,907 [INFO] ApplicationProperties:184 - Using Application install path: C:\Program Files\STMicroelectronics\STM32Cube\STM32CubeMX
2025-01-06 22:46:41,056 DEBUG [LineInfo_to_exitCode.log_LineInfo] 2025-01-06 22:46:41,056 [INFO] MainUpdater:2873 - connection check result : 10
2025-01-06 22:46:41,057 DEBUG [LineInfo_to_exitCode.log_LineInfo] 2025-01-06 22:46:41,057 [INFO] MainUpdater:290 - Updater Check For Update Now.
2025-01-06 22:46:41,057 DEBUG [LineInfo_to_exitCode.log_LineInfo] 2025-01-06 22:46:41,057 [INFO] MicroXplorer:498 - Change Database Version : DB.6.0.121
2025-01-06 22:46:41,168 DEBUG [LineInfo_to_exitCode.log_LineInfo] 2025-01-06 22:46:41,168 [INFO] CADModel:165 - CPN selected for project level
2025-01-06 22:46:41,169 DEBUG [LineInfo_to_exitCode.log_LineInfo] 2025-01-06 22:46:41,168 [INFO] CADModel:114 - Register for checkConnection events
2025-01-06 22:46:41,247 DEBUG [LineInfo_to_exitCode.log_LineInfo] 2025-01-06 22:46:41,246 [INFO] CheckServerUpdateThread:120 - End of CheckServer Thread
2025-01-06 22:46:41,272 DEBUG [LineInfo_to_exitCode.log_LineInfo] 2025-01-06 22:46:41,272 [INFO] CADModel:165 - CPN selected for project level
2025-01-06 22:46:41,273 DEBUG [LineInfo_to_exitCode.log_LineInfo] 2025-01-06 22:46:41,272 [INFO] CADModel:114 - Register for checkConnection events
2025-01-06 22:46:41,325 DEBUG [LineInfo_to_exitCode.log_LineInfo] 2025-01-06 22:46:41,325 [INFO] HomeAdPanel:103 - Auto-refresh data requested => check proxy status ongoing
2025-01-06 22:46:41,772 DEBUG [LineInfo_to_exitCode.log_LineInfo] 2025-01-06 22:46:41,772 [INFO] ServerAccessManage:473 - Download File 
2025-01-06 22:46:41,775 DEBUG [LineInfo_to_exitCode.log_LineInfo] 2025-01-06 22:46:41,774 [INFO] LoadUrlFilesThread:185 - End of LoadServerUrlFiles without Thread
2025-01-06 22:46:41,779 DEBUG [LineInfo_to_exitCode.log_LineInfo] 2025-01-06 22:46:41,779 [INFO] DbMcusAds:53 - JSON generation date=Tue Dec 17 09:01:15 MST 2024 (1734451275222)
2025-01-06 22:46:41,781 DEBUG [LineInfo_to_exitCode.log_LineInfo] 2025-01-06 22:46:41,781 [INFO] LoadUrlFilesThread:185 - End of LoadServerUrlFiles without Thread
2025-01-06 22:46:41,781 DEBUG [LineInfo_to_exitCode.log_LineInfo] 2025-01-06 22:46:41,781 [INFO] HomeAdPanel:114 - Refresh advertisement image is successful
2025-01-06 22:46:41,816 DEBUG [LineInfo_to_exitCode.log_LineInfo] 2025-01-06 22:46:41,815 [INFO] LoadUrlFilesThread:185 - End of LoadServerUrlFiles without Thread
2025-01-06 22:46:41,824 DEBUG [LineInfo_to_exitCode.log_LineInfo] 2025-01-06 22:46:41,824 [INFO] DetailPanel:341 - Set advertising image to C:/Users/abina/STM32Cube/Repository/\en.prom-stm32n6-mcu-finder.png
2025-01-06 22:46:42,218 DEBUG [LineInfo_to_exitCode.log_LineInfo] 2025-01-06 22:46:42,218 [INFO] ServerAccessManage:473 - Download File 
2025-01-06 22:46:42,286 DEBUG [LineInfo_to_exitCode.log_LineInfo] 2025-01-06 22:46:42,285 [INFO] FileExtend:240 - Unzip File : ad.zip
2025-01-06 22:46:42,286 DEBUG [LineInfo_to_exitCode.log_LineInfo] 2025-01-06 22:46:42,286 [INFO] FileExtend:255 - Standard Zip Deflate
2025-01-06 22:46:42,301 DEBUG [LineInfo_to_exitCode.log_LineInfo] 2025-01-06 22:46:42,301 [INFO] LoadUrlFilesThread:185 - End of LoadServerUrlFiles without Thread
2025-01-06 22:46:42,408 DEBUG [LineInfo_to_exitCode.log_LineInfo] 2025-01-06 22:46:42,407 [INFO] LoadUrlFilesThread:185 - End of LoadServerUrlFiles without Thread
2025-01-06 22:46:42,408 DEBUG [LineInfo_to_exitCode.log_LineInfo] 2025-01-06 22:46:42,408 [INFO] DetailPanel:341 - Set advertising image to C:/Users/abina/STM32Cube/Repository/\en.prom-stm32n6-mcu-finder.png
2025-01-06 22:46:42,515 DEBUG [LineInfo_to_exitCode.log_LineInfo] 2025-01-06 22:46:42,514 [INFO] MainFrame:202 - [MX] HOME_PANEL == 1320063661958900
2025-01-06 22:46:42,517 DEBUG [LineInfo_to_exitCode.log_LineInfo] 2025-01-06 22:46:42,517 [INFO] MainFrame:537 - Register for checkConnection events
2025-01-06 22:46:42,519 DEBUG [LineInfo_to_exitCode.log_LineInfo] 2025-01-06 22:46:42,518 [INFO] UserAuth:417 - Internet connection configuration mode: 1
2025-01-06 22:46:42,529 DEBUG [LineInfo_to_exitCode.log_LineInfo] 2025-01-06 22:46:42,528 [INFO] JxBrowserEngine:152 - Initiate JxBrowser Engine with user profile folder
2025-01-06 22:46:42,597 DEBUG [LineInfo_to_exitCode.log_LineInfo] 2025-01-06 22:46:42,596 [INFO] RulesReader:64 - Compatibility file has been processed (297 Rules)
2025-01-06 22:46:42,606 DEBUG [LineInfo_to_exitCode.log_LineInfo] 2025-01-06 22:46:42,605 [INFO] RulesReader:64 - Compatibility file has been processed (297 Rules)
2025-01-06 22:46:42,609 DEBUG [LineInfo_to_exitCode.log_LineInfo] 2025-01-06 22:46:42,609 [INFO] MicroXplorer:468 - Change Database Path : 
2025-01-06 22:46:42,609 DEBUG [LineInfo_to_exitCode.log_LineInfo] 2025-01-06 22:46:42,609 [INFO] MicroXplorer:498 - Change Database Version : DB.6.0.121
2025-01-06 22:46:43,104 DEBUG [LineInfo_to_exitCode.log_LineInfo] 2025-01-06 22:46:43,104 [INFO] WebApp:167 - Instantiating new browser for Auth
2025-01-06 22:46:43,756 DEBUG [LineInfo_to_exitCode.log_LineInfo] 2025-01-06 22:46:43,756 [INFO] WebApp:448 - Apply proxy settings
2025-01-06 22:46:43,757 DEBUG [LineInfo_to_exitCode.log_LineInfo] 2025-01-06 22:46:43,756 [INFO] WebApp:533 - Chromium requires no authentication
2025-01-06 22:46:43,773 DEBUG [LineInfo_to_exitCode.log_LineInfo] 2025-01-06 22:46:43,772 [INFO] WebApp:476 - Direct internet connection detected
2025-01-06 22:46:43,808 DEBUG [LineInfo_to_exitCode.log_LineInfo] 2025-01-06 22:46:43,808 [INFO] WebApp:869 - Register for checkConnection events
2025-01-06 22:46:43,809 DEBUG [LineInfo_to_exitCode.log_LineInfo] 2025-01-06 22:46:43,808 [INFO] WebApp:448 - Apply proxy settings
2025-01-06 22:46:43,809 DEBUG [LineInfo_to_exitCode.log_LineInfo] 2025-01-06 22:46:43,808 [INFO] WebApp:533 - Chromium requires no authentication
2025-01-06 22:46:43,810 DEBUG [LineInfo_to_exitCode.log_LineInfo] 2025-01-06 22:46:43,809 [INFO] WebApp:476 - Direct internet connection detected
2025-01-06 22:46:44,039 DEBUG [LineInfo_to_exitCode.log_LineInfo] 2025-01-06 22:46:44,039 [INFO] WebApp:220 - Starting web application
2025-01-06 22:46:44,040 DEBUG [LineInfo_to_exitCode.log_LineInfo] 2025-01-06 22:46:44,039 [INFO] WebApp:578 - Web application path used jar:file:/C:/Program%20Files/STMicroelectronics/STM32Cube/STM32CubeMX/STM32CubeMX.exe!/db/plugins/mcufinder/reactClient1/index.html
2025-01-06 22:46:44,184 DEBUG [LineInfo_to_exitCode.log_LineInfo] 2025-01-06 22:46:44,183 [INFO] WebApp:186 - Connection restablished
2025-01-06 22:46:44,705 ERROR [LineInfo_to_exitCode.log_LineInfo] Attr not supported : Dmpu
2025-01-06 22:46:44,706 ERROR [LineInfo_to_exitCode.log_LineInfo] Attr not supported : Dmpu
2025-01-06 22:46:44,706 ERROR [LineInfo_to_exitCode.log_LineInfo] Attr not supported : Dmpu
2025-01-06 22:46:44,706 ERROR [LineInfo_to_exitCode.log_LineInfo] Attr not supported : Dmpu
2025-01-06 22:46:44,706 ERROR [LineInfo_to_exitCode.log_LineInfo] Attr not supported : Dmpu
2025-01-06 22:46:44,707 ERROR [LineInfo_to_exitCode.log_LineInfo] Attr not supported : Dmpu
2025-01-06 22:46:44,707 ERROR [LineInfo_to_exitCode.log_LineInfo] Attr not supported : Dmpu
2025-01-06 22:46:44,707 ERROR [LineInfo_to_exitCode.log_LineInfo] Attr not supported : Dmpu
2025-01-06 22:46:44,707 ERROR [LineInfo_to_exitCode.log_LineInfo] Attr not supported : Dmpu
2025-01-06 22:46:44,707 ERROR [LineInfo_to_exitCode.log_LineInfo] Attr not supported : Dmpu
2025-01-06 22:46:44,708 ERROR [LineInfo_to_exitCode.log_LineInfo] Attr not supported : Dmpu
2025-01-06 22:46:44,708 ERROR [LineInfo_to_exitCode.log_LineInfo] Attr not supported : Dmpu
2025-01-06 22:46:44,716 ERROR [LineInfo_to_exitCode.log_LineInfo] Attr not supported : Dmpu
2025-01-06 22:46:44,717 ERROR [LineInfo_to_exitCode.log_LineInfo] Attr not supported : Dmpu
2025-01-06 22:46:44,717 ERROR [LineInfo_to_exitCode.log_LineInfo] Attr not supported : Dmpu
2025-01-06 22:46:44,720 ERROR [LineInfo_to_exitCode.log_LineInfo] Attr not supported : Dmpu
2025-01-06 22:46:44,724 ERROR [LineInfo_to_exitCode.log_LineInfo] Attr not supported : Dmpu
2025-01-06 22:46:44,728 ERROR [LineInfo_to_exitCode.log_LineInfo] Attr not supported : Dmpu
2025-01-06 22:46:44,731 ERROR [LineInfo_to_exitCode.log_LineInfo] Attr not supported : Dmpu
2025-01-06 22:46:44,731 ERROR [LineInfo_to_exitCode.log_LineInfo] Attr not supported : Dmpu
2025-01-06 22:46:44,731 ERROR [LineInfo_to_exitCode.log_LineInfo] Attr not supported : Dmpu
2025-01-06 22:46:44,732 ERROR [LineInfo_to_exitCode.log_LineInfo] Attr not supported : Dmpu
2025-01-06 22:46:44,732 ERROR [LineInfo_to_exitCode.log_LineInfo] Attr not supported : Dmpu
2025-01-06 22:46:44,732 ERROR [LineInfo_to_exitCode.log_LineInfo] Attr not supported : Dmpu
2025-01-06 22:46:44,733 ERROR [LineInfo_to_exitCode.log_LineInfo] Attr not supported : Dmpu
2025-01-06 22:46:44,733 ERROR [LineInfo_to_exitCode.log_LineInfo] Attr not supported : Dmpu
2025-01-06 22:46:44,733 ERROR [LineInfo_to_exitCode.log_LineInfo] Attr not supported : Dmpu
2025-01-06 22:46:44,733 ERROR [LineInfo_to_exitCode.log_LineInfo] Attr not supported : Dmpu
2025-01-06 22:46:44,734 ERROR [LineInfo_to_exitCode.log_LineInfo] Attr not supported : Dmpu
2025-01-06 22:46:44,734 ERROR [LineInfo_to_exitCode.log_LineInfo] Attr not supported : Dmpu
2025-01-06 22:46:44,734 ERROR [LineInfo_to_exitCode.log_LineInfo] Attr not supported : Dmpu
2025-01-06 22:46:44,735 ERROR [LineInfo_to_exitCode.log_LineInfo] Attr not supported : Dmpu
2025-01-06 22:46:44,735 ERROR [LineInfo_to_exitCode.log_LineInfo] Attr not supported : Dmpu
2025-01-06 22:46:44,735 ERROR [LineInfo_to_exitCode.log_LineInfo] Attr not supported : Dmpu
2025-01-06 22:46:44,735 ERROR [LineInfo_to_exitCode.log_LineInfo] Attr not supported : Dmpu
2025-01-06 22:46:44,736 ERROR [LineInfo_to_exitCode.log_LineInfo] Attr not supported : Dmpu
2025-01-06 22:46:44,736 ERROR [LineInfo_to_exitCode.log_LineInfo] Attr not supported : Dmpu
2025-01-06 22:46:44,736 ERROR [LineInfo_to_exitCode.log_LineInfo] Attr not supported : Dmpu
2025-01-06 22:46:44,736 ERROR [LineInfo_to_exitCode.log_LineInfo] Attr not supported : Dmpu
2025-01-06 22:46:44,737 ERROR [LineInfo_to_exitCode.log_LineInfo] Attr not supported : Dmpu
2025-01-06 22:46:44,737 ERROR [LineInfo_to_exitCode.log_LineInfo] Attr not supported : Dmpu
2025-01-06 22:46:44,738 ERROR [LineInfo_to_exitCode.log_LineInfo] Attr not supported : Dmpu
2025-01-06 22:46:44,738 ERROR [LineInfo_to_exitCode.log_LineInfo] Attr not supported : Dmpu
2025-01-06 22:46:44,738 ERROR [LineInfo_to_exitCode.log_LineInfo] Attr not supported : Dmpu
2025-01-06 22:46:44,738 ERROR [LineInfo_to_exitCode.log_LineInfo] Attr not supported : Dmpu
2025-01-06 22:46:44,739 ERROR [LineInfo_to_exitCode.log_LineInfo] Attr not supported : Dmpu
2025-01-06 22:46:44,739 ERROR [LineInfo_to_exitCode.log_LineInfo] Attr not supported : Dmpu
2025-01-06 22:46:44,739 ERROR [LineInfo_to_exitCode.log_LineInfo] Attr not supported : Dmpu
2025-01-06 22:46:44,739 ERROR [LineInfo_to_exitCode.log_LineInfo] Attr not supported : Dmpu
2025-01-06 22:46:44,739 ERROR [LineInfo_to_exitCode.log_LineInfo] Attr not supported : Dmpu
2025-01-06 22:46:44,740 ERROR [LineInfo_to_exitCode.log_LineInfo] Attr not supported : Dmpu
2025-01-06 22:46:44,740 ERROR [LineInfo_to_exitCode.log_LineInfo] Attr not supported : Dmpu
2025-01-06 22:46:44,740 ERROR [LineInfo_to_exitCode.log_LineInfo] Attr not supported : Dmpu
2025-01-06 22:46:44,740 ERROR [LineInfo_to_exitCode.log_LineInfo] Attr not supported : Dmpu
2025-01-06 22:46:44,741 ERROR [LineInfo_to_exitCode.log_LineInfo] Attr not supported : Dmpu
2025-01-06 22:46:44,741 ERROR [LineInfo_to_exitCode.log_LineInfo] Attr not supported : Dmpu
2025-01-06 22:46:44,741 ERROR [LineInfo_to_exitCode.log_LineInfo] Attr not supported : Dmpu
2025-01-06 22:46:44,741 ERROR [LineInfo_to_exitCode.log_LineInfo] Attr not supported : Dmpu
2025-01-06 22:46:44,741 ERROR [LineInfo_to_exitCode.log_LineInfo] Attr not supported : Dmpu
2025-01-06 22:46:44,742 ERROR [LineInfo_to_exitCode.log_LineInfo] Attr not supported : Dmpu
2025-01-06 22:46:44,742 ERROR [LineInfo_to_exitCode.log_LineInfo] Attr not supported : Dmpu
2025-01-06 22:46:44,742 ERROR [LineInfo_to_exitCode.log_LineInfo] Attr not supported : Dmpu
2025-01-06 22:46:44,742 ERROR [LineInfo_to_exitCode.log_LineInfo] Attr not supported : Dmpu
2025-01-06 22:46:44,743 ERROR [LineInfo_to_exitCode.log_LineInfo] Attr not supported : Dmpu
2025-01-06 22:46:44,766 ERROR [LineInfo_to_exitCode.log_LineInfo] C:\Users\abina\.stm32cubemx\thirdparties\pdsc\STMicroelectronics.X-CUBE-TCPP.4.2.0.pdsc: PDSC version is not supported
2025-01-06 22:46:45,684 DEBUG [LineInfo_to_exitCode.log_LineInfo] 2025-01-06 22:46:45,684 [INFO] ThirdParty:978 - Integrity check success = true
2025-01-06 22:46:45,685 DEBUG [LineInfo_to_exitCode.log_LineInfo] 2025-01-06 22:46:45,684 [INFO] IntegrityCheckThread:100 - exiting critical section [integrity check]
2025-01-06 22:46:45,685 DEBUG [LineInfo_to_exitCode.log_LineInfo] 2025-01-06 22:46:45,684 [INFO] IntegrityCheckThread:103 - End integrity checks thread
2025-01-06 22:46:45,685 DEBUG [LineInfo_to_exitCode.log_LineInfo] 2025-01-06 22:46:45,684 [INFO] ThirdParty:873 - entering critical section [close project]
2025-01-06 22:46:45,685 DEBUG [LineInfo_to_exitCode.log_LineInfo] 2025-01-06 22:46:45,685 [INFO] ThirdParty:883 - exiting critical section [close project]
2025-01-06 22:46:45,686 DEBUG [LineInfo_to_exitCode.log_LineInfo] 2025-01-06 22:46:45,686 [INFO] PinOutPanel:1561 - setPackage(No Configuration,No Configuration)
2025-01-06 22:46:45,707 DEBUG [LineInfo_to_exitCode.log_LineInfo] 2025-01-06 22:46:45,707 [INFO] UtilMem:75 - Begin LoadConfig() Used Memory: 243187200 Bytes (427819008)
2025-01-06 22:46:45,710 DEBUG [LineInfo_to_exitCode.log_LineInfo] 2025-01-06 22:46:45,710 [INFO] OpenFileManager:332 - Change cursor
2025-01-06 22:46:45,731 DEBUG [LineInfo_to_exitCode.log_LineInfo] 2025-01-06 22:46:45,731 [INFO] Mcu:2032 - Initializing MCU STM32G474R(B-C-E)Tx STM32G474RETx 
2025-01-06 22:46:45,809 DEBUG [LineInfo_to_exitCode.log_LineInfo] 2025-01-06 22:46:45,809 [INFO] ApiDb:581 - Connected to CubeFinder SQLite database (C:\Users\abina\.stmcufinder\plugins\mcufinder\mcu\cube-finder-db.db)
2025-01-06 22:46:45,899 DEBUG [LineInfo_to_exitCode.log_LineInfo] 2025-01-06 22:46:45,898 [INFO] ApiDb:668 - CubeFinder database Data Model version=2.1
2025-01-06 22:46:45,899 DEBUG [LineInfo_to_exitCode.log_LineInfo] 2025-01-06 22:46:45,899 [INFO] ApiDb:669 - CubeFinder database Configuration version=3.0.39
2025-01-06 22:46:45,899 DEBUG [LineInfo_to_exitCode.log_LineInfo] 2025-01-06 22:46:45,899 [INFO] ApiDb:670 - CubeFinder database generation date=2024-12-10 (1733817889)
2025-01-06 22:46:45,899 DEBUG [LineInfo_to_exitCode.log_LineInfo] 2025-01-06 22:46:45,899 [INFO] ApiDb:671 - CubeFinder database FW Pack versions=[FP-ATR-ASTRA1_V2.0.0, FP-SNS-FLIGHT1_V5.0.2, FP-SNS-MOTENV1_V5.0.0, FP-SNS-MOTENVWB1_V1.4.0, FP-SNS-SMARTAG2_V1.2.0, FP-SNS-STBOX1_V2.0.0, STM32Cube_FW_C0_V1.3.0, STM32Cube_FW_F4_V1.28.1, STM32Cube_FW_F7_V1.17.2, STM32Cube_FW_G0_V1.6.2, STM32Cube_FW_G4_V1.6.1, STM32Cube_FW_H5_V1.4.0, STM32Cube_FW_H7RS_V1.1.0, STM32Cube_FW_H7_V1.12.0, STM32Cube_FW_L0_V1.12.2, STM32Cube_FW_L4_V1.18.1, STM32Cube_FW_L5_V1.5.1, STM32Cube_FW_N6_V1.0.0, STM32Cube_FW_U0_V1.2.0, STM32Cube_FW_U3_V1.0.0, STM32Cube_FW_U5_V1.7.0, STM32Cube_FW_WB0_V1.1.0, STM32Cube_FW_WBA_V1.5.0, STM32Cube_FW_WB_V1.21.0, STM32Cube_FW_WL3_V1.0.0, STM32Cube_FW_WL_V1.3.0, X-CUBE-ALGOBUILD_V1.4.0, X-CUBE-ALS_V1.0.2, X-CUBE-AZRTOS-F4_V1.1.0, X-CUBE-AZRTOS-F7_V1.1.0, X-CUBE-AZRTOS-G0_V1.1.0, X-CUBE-AZRTOS-G4_V2.0.0, X-CUBE-AZRTOS-H7RS_V1.0.0, X-CUBE-AZRTOS-H7_V3.3.0, X-CUBE-AZRTOS-L4_V2.0.0, X-CUBE-AZRTOS-L5_V2.0.0, X-CUBE-AZRTOS-WB_V2.0.0, X-CUBE-AZRTOS-WL_V2.0.0, X-CUBE-BLE1_V7.0.0, X-CUBE-BLE2_V3.3.0, X-CUBE-BLEMGR_V3.1.0, X-CUBE-EEPRMA1_V5.1.0, X-CUBE-FREERTOS_V1.2.0, X-CUBE-GNSS1_V6.0.0, X-CUBE-MEMS1_V11.0.0, X-CUBE-NFC4_V3.0.0, X-CUBE-NFC7_V1.0.1, X-CUBE-SFXS2LP1_V4.0.0, X-CUBE-SUBG2_V5.0.0, X-CUBE-TOF1_V3.4.2]
2025-01-06 22:46:48,071 DEBUG [LineInfo_to_exitCode.log_LineInfo] 2025-01-06 22:46:48,070 [INFO] ApiDb:240 - Found 646 in-development CPN: [B-G473E-ZEST1S, B-WB1M-WPAN1, B-WL5M-SUBG1, NUCLEO-C031C6, NUCLEO-C071RB, NUCLEO-H503RB, NUCLEO-H533RE, NUCLEO-H563ZI, NUCLEO-H7S3L8, NUCLEO-U031R8, NUCLEO-U083RC, NUCLEO-U545RE-Q, NUCLEO-U5A5ZJ-Q, NUCLEO-WB05KZ, NUCLEO-WB07CC, NUCLEO-WB09KE, NUCLEO-WBA52CG, NUCLEO-WBA55CG, STEVAL-PROTEUS1, STEVAL-SMARTAG2, STEVAL-STWINBX1, STM320518-EVAL, STM32C0116-DK, STM32C011D6Y3TR, STM32C011D6Y6TR, STM32C011F4P3, STM32C011F4P6, STM32C011F4U3, STM32C011F4U6TR, STM32C011F6P3, STM32C011F6P6, STM32C011F6U3, STM32C011F6U6TR, STM32C011J4M3, STM32C011J4M6, STM32C011J6M3, STM32C011J6M6, STM32C0316-DK, STM32C031C4T3, STM32C031C4T6, STM32C031C4U3, STM32C031C4U6, STM32C031C6T3, STM32C031C6T6, STM32C031C6U3, STM32C031C6U6, STM32C031F4P3, STM32C031F4P6, STM32C031F6P3, STM32C031F6P6, STM32C031G4U3, STM32C031G4U6, STM32C031G6U3, STM32C031G6U6, STM32C031K4T3, STM32C031K4T6, STM32C031K4U3, STM32C031K4U6, STM32C031K6T3, STM32C031K6T6, STM32C031K6U3, STM32C031K6U6, STM32C071C8T6, STM32C071C8T6N, STM32C071C8U6, STM32C071C8U6N, STM32C071CBT6, STM32C071CBT6N, STM32C071CBU6, STM32C071CBU6N, STM32C071F8P6, STM32C071F8P6N, STM32C071FBP6, STM32C071FBP6N, STM32C071FBY6TR, STM32C071G8U6, STM32C071G8U6N, STM32C071GBU6, STM32C071GBU6N, STM32C071K8T6, STM32C071K8T6N, STM32C071K8U6, STM32C071K8U6N, STM32C071KBT6, STM32C071KBT6N, STM32C071KBU6, STM32C071KBU6N, STM32C071R8T6, STM32C071R8T6N, STM32C071RBI6N, STM32C071RBT6, STM32C071RBT6N, STM32G071K8TXN, STM32G071K8UXN, STM32G081GBU6N, STM32G081KBT6N, STM32G081KBUXN, STM32G0B1CCT6N, STM32G0B1KCT6, STM32G0B1NEY6TR, STM32G0B1RCT6N, STM32G0C1CCT6, STM32G0C1CCT6N, STM32G0C1CCU6N, STM32G0C1CET6N, STM32G0C1CEU6N, STM32G0C1KCT6, STM32G0C1NEY6TR, STM32G0C1RCI6N, STM32G0C1RCT6N, STM32G0C1REI6N, STM32G0C1RET6N, STM32G0C1VCI6, STM32G0C1VEI6, STM32G411C6T3, STM32G411C6T6, STM32G411C6U3, STM32G411C6U6, STM32G411C8T3, STM32G411C8T6, STM32G411C8U3, STM32G411C8U6, STM32G411CBT3, STM32G411CBT6, STM32G411CBU3, STM32G411CBU6, STM32G411K6T3, STM32G411K6T6, STM32G411K6U3, STM32G411K6U6, STM32G411K8T3, STM32G411K8T6, STM32G411K8U3, STM32G411K8U6, STM32G411KBT3, STM32G411KBT6, STM32G411KBU3, STM32G411KBU6, STM32G411M6T3, STM32G411M6T6, STM32G411M8T3, STM32G411M8T6, STM32G411MBT3, STM32G411MBT6, STM32G411R6T3, STM32G411R6T6, STM32G411R8T3, STM32G411R8T6, STM32G411RBT3, STM32G411RBT6, STM32G414CBT3, STM32G414CBT6, STM32G414CBU3, STM32G414CBU6, STM32G414CCT3, STM32G414CCT6, STM32G414CCU3, STM32G414CCU6, STM32G414MBT3, STM32G414MBT6, STM32G414MCT3, STM32G414MCT6, STM32G414RBT3, STM32G414RBT6, STM32G414RCT3, STM32G414RCT6, STM32G414VBT3, STM32G414VBT6, STM32G414VCT3, STM32G414VCT6, STM32G431CBT3Z, STM32G431RBT3Z, STM32G471CCT6, STM32G471CCU6, STM32G471CET3, STM32G471CET6, STM32G471CEU3, STM32G471CEU6, STM32G471MCT6, STM32G471MET3, STM32G471MET6, STM32G471MEY6TR, STM32G471QCT6, STM32G471QET3, STM32G471RCT6, STM32G471RET3, STM32G471RET6, STM32G471VCH6, STM32G471VCI6, STM32G471VCT6, STM32G471VEH3, STM32G471VEH6, STM32G471VEI3, STM32G471VEI6, STM32G471VET3, STM32G471VET6, STM32G473QET3Z, STM32G473RET3Z, STM32G474CCT6, STM32G491RET3Z, STM32H503CBT6, STM32H503CBU6, STM32H503EBY6TR, STM32H503KBU6, STM32H503RBT6, STM32H523CCT6, STM32H523CCU6, STM32H523CET6, STM32H523CEU6, STM32H523HEY6TR, STM32H523RCT6, STM32H523RET6, STM32H523VCI6, STM32H523VCT6, STM32H523VEI6, STM32H523VET6, STM32H523ZCJ6, STM32H523ZCT6, STM32H523ZEJ6, STM32H523ZET6, STM32H533CET6, STM32H533CEU6, STM32H533HEY6TR, STM32H533RET6, STM32H533VEI6, STM32H533VET6, STM32H533ZEJ6, STM32H533ZET6, STM32H562AGI6, STM32H562AII6, STM32H562IGK6, STM32H562IGT6, STM32H562IIK6, STM32H562IIT6, STM32H562RGT6, STM32H562RGV6, STM32H562RIT6, STM32H562RIV6, STM32H562VGT6, STM32H562VIT6, STM32H562ZGT6, STM32H562ZIT6, STM32H563AGI6, STM32H563AII3Q, STM32H563AII6, STM32H563IGK6, STM32H563IGT6, STM32H563IIK3Q, STM32H563IIK6, STM32H563IIT3Q, STM32H563IIT6, STM32H563MIY3QTR, STM32H563RGT6, STM32H563RGV6, STM32H563RIT6, STM32H563RIV6, STM32H563VGT6, STM32H563VIT3Q, STM32H563VIT6, STM32H563ZGT6, STM32H563ZIT3Q, STM32H563ZIT6, STM32H573AII3Q, STM32H573AII6, STM32H573I-DK, STM32H573IIK3Q, STM32H573IIK6, STM32H573IIT3Q, STM32H573IIT6, STM32H573MIY3QTR, STM32H573RIT6, STM32H573RIV6, STM32H573VIT3Q, STM32H573VIT6, STM32H573ZIT3Q, STM32H573ZIT6, STM32H7R3A8I6, STM32H7R3I8K6, STM32H7R3I8T6, STM32H7R3L8H6, STM32H7R3L8H6H, STM32H7R3R8V6, STM32H7R3V8H6, STM32H7R3V8T6, STM32H7R3V8Y6TR, STM32H7R3Z8J6, STM32H7R3Z8T6, STM32H7R7A8I6, STM32H7R7I8K6, STM32H7R7I8T6, STM32H7R7L8H6, STM32H7R7L8H6H, STM32H7R7Z8J6, STM32H7S3A8I6, STM32H7S3I8K6, STM32H7S3I8T6, STM32H7S3L8H6, STM32H7S3L8H6H, STM32H7S3R8V6, STM32H7S3V8H6, STM32H7S3V8T6, STM32H7S3V8Y6TR, STM32H7S3Z8J6, STM32H7S3Z8T6, STM32H7S78-DK, STM32H7S7A8I6, STM32H7S7I8K6, STM32H7S7I8T6, STM32H7S7L8H6, STM32H7S7L8H6H, STM32H7S7Z8J6, STM32L4R5QGI6STR, STM32MP131AAE3, STM32MP131AAF3, STM32MP131AAG3, STM32MP131CAE3, STM32MP131CAF3, STM32MP131CAG3, STM32MP131DAE7, STM32MP131DAF7, STM32MP131DAG7, STM32MP131FAE7, STM32MP131FAF7, STM32MP131FAG7, STM32MP133AAE3, STM32MP133AAF3, STM32MP133AAG3, STM32MP133CAE3, STM32MP133CAF3, STM32MP133CAG3, STM32MP133DAE7, STM32MP133DAF7, STM32MP133DAG7, STM32MP133FAE7, STM32MP133FAF7, STM32MP133FAG7, STM32MP135AAE3, STM32MP135AAF3, STM32MP135AAG3, STM32MP135CAE3, STM32MP135CAF3, STM32MP135CAG3, STM32MP135DAE7, STM32MP135DAF7, STM32MP135DAG7, STM32MP135F-DK, STM32MP135FAE7, STM32MP135FAF7, STM32MP135FAF7T, STM32MP135FAF7U, STM32MP135FAG7, STM32MP251AAI3, STM32MP251AAK3, STM32MP251AAL3, STM32MP251CAI3, STM32MP251CAK3, STM32MP251CAL3, STM32MP251DAI3, STM32MP251DAK3, STM32MP251DAL3, STM32MP251FAI3, STM32MP251FAK3, STM32MP251FAL3, STM32MP253AAI3, STM32MP253AAK3, STM32MP253AAL3, STM32MP253CAI3, STM32MP253CAK3, STM32MP253CAL3, STM32MP253DAI3, STM32MP253DAK3, STM32MP253DAL3, STM32MP253FAI3, STM32MP253FAK3, STM32MP253FAL3, STM32MP255AAI3, STM32MP255AAK3, STM32MP255AAL3, STM32MP255CAI3, STM32MP255CAK3, STM32MP255CAL3, STM32MP255DAI3, STM32MP255DAK3, STM32MP255DAL3, STM32MP255FAI3, STM32MP255FAK3, STM32MP255FAL3, STM32MP257AAI3, STM32MP257AAK3, STM32MP257AAL3, STM32MP257CAI3, STM32MP257CAK3, STM32MP257CAL3, STM32MP257DAI3, STM32MP257DAK3, STM32MP257DAL3, STM32MP257F-DK, STM32MP257F-EV1, STM32MP257FAI3, STM32MP257FAK3, STM32MP257FAL3, STM32U031C6T6, STM32U031C6U6, STM32U031C8T6, STM32U031C8U6, STM32U031F4P6, STM32U031F6P6, STM32U031F8P6, STM32U031G6Y6TR, STM32U031G8Y6TR, STM32U031K4U6, STM32U031K6U6, STM32U031K8U6, STM32U031R6I6, STM32U031R6T6, STM32U031R8I6, STM32U031R8T6, STM32U073C8T6, STM32U073C8U6, STM32U073CBT6, STM32U073CBU6, STM32U073CCT6, STM32U073CCU6, STM32U073H8Y6TR, STM32U073HBY6TR, STM32U073HCY6TR, STM32U073K8U6, STM32U073KBU6, STM32U073KCU6, STM32U073M8I6, STM32U073M8T6, STM32U073MBI6, STM32U073MBT6, STM32U073MCI6, STM32U073MCT6, STM32U073R8I6, STM32U073R8T6, STM32U073RBI6, STM32U073RBT6, STM32U073RCI6, STM32U073RCT6, STM32U083C-DK, STM32U083CCT6, STM32U083CCU6, STM32U083HCY6TR, STM32U083KCU6, STM32U083MCI6, STM32U083MCT6, STM32U083RCI6, STM32U083RCT6, STM32U535CBT6, STM32U535CBT6Q, STM32U535CBU6, STM32U535CBU6Q, STM32U535CCT6, STM32U535CCT6Q, STM32U535CCU6, STM32U535CCU6Q, STM32U535CET6, STM32U535CET6Q, STM32U535CEU6, STM32U535CEU6Q, STM32U535JEY6QTR, STM32U535NCY6QTR, STM32U535NEY6QTR, STM32U535RBI6, STM32U535RBI6Q, STM32U535RBT6, STM32U535RBT6Q, STM32U535RCI6, STM32U535RCI6Q, STM32U535RCT6, STM32U535RCT6Q, STM32U535REI6, STM32U535REI6Q, STM32U535RET6, STM32U535RET6Q, STM32U535VCI6, STM32U535VCI6Q, STM32U535VCT6, STM32U535VCT6Q, STM32U535VEI6, STM32U535VEI6Q, STM32U535VET6, STM32U535VET6Q, STM32U545CET6, STM32U545CET6Q, STM32U545CEU6, STM32U545CEU6Q, STM32U545JEY6QTR, STM32U545NEY6QTR, STM32U545REI6, STM32U545REI6Q, STM32U545RET6, STM32U545RET6Q, STM32U545VEI6, STM32U545VEI6Q, STM32U545VET6, STM32U545VET6Q, STM32U595AIH6, STM32U595AIH6Q, STM32U595AJH6, STM32U595AJH6Q, STM32U595QII6, STM32U595QII6Q, STM32U595QJI6, STM32U595QJI6Q, STM32U595RIT6, STM32U595RIT6Q, STM32U595RJT6, STM32U595RJT6Q, STM32U595VIT6, STM32U595VIT6Q, STM32U595VJT6, STM32U595VJT6Q, STM32U595ZIT6, STM32U595ZIT6Q, STM32U595ZIY6QTR, STM32U595ZJT6, STM32U595ZJT6Q, STM32U595ZJY6QTR, STM32U599BJY6QTR, STM32U599NIH6Q, STM32U599NJH6Q, STM32U599VIT6Q, STM32U599VJT6, STM32U599VJT6Q, STM32U599ZIT6Q, STM32U599ZIY6QTR, STM32U599ZJT6Q, STM32U599ZJY6QTR, STM32U5A5AJH6, STM32U5A5AJH6Q, STM32U5A5QII3Q , STM32U5A5QJI6, STM32U5A5QJI6Q, STM32U5A5RJT6, STM32U5A5RJT6Q, STM32U5A5VJT6, STM32U5A5VJT6Q, STM32U5A5ZJT6, STM32U5A5ZJT6Q, STM32U5A5ZJY6QTR, STM32U5A9BJY6QTR, STM32U5A9J-DK, STM32U5A9NJH6Q, STM32U5A9VJT6Q, STM32U5A9ZJT6Q, STM32U5A9ZJY6QTR, STM32U5F7VIT6, STM32U5F7VIT6Q, STM32U5F7VJT6, STM32U5F7VJT6Q, STM32U5F9BJY6QTR, STM32U5F9NJH6Q, STM32U5F9VIT6Q, STM32U5F9VJT6Q, STM32U5F9ZIJ6QTR, STM32U5F9ZIT6Q, STM32U5F9ZJJ6QTR, STM32U5F9ZJT6Q, STM32U5G7VJT6, STM32U5G7VJT6Q, STM32U5G9BJY6QTR, STM32U5G9J-DK1, STM32U5G9J-DK2, STM32U5G9NJH6Q, STM32U5G9VJT6Q, STM32U5G9ZJJ6QTR, STM32U5G9ZJT6Q, STM32WB05KZV6TR, STM32WB05KZV7TR, STM32WB05TZF6TR, STM32WB05TZF7TR, STM32WB06CCF6TR, STM32WB06CCF7TR, STM32WB06CCV6TR, STM32WB06CCV7TR, STM32WB06KCV6TR, STM32WB06KCV7TR, STM32WB07CCF6TR, STM32WB07CCF7TR, STM32WB07CCV6TR, STM32WB07CCV7TR, STM32WB07KCV6TR, STM32WB07KCV7TR, STM32WB09KEV6TR, STM32WB09KEV7TR, STM32WB09TEF6TR, STM32WB09TEF7TR, STM32WB1MMCH6, STM32WBA50KGU6, STM32WBA50KGU6TR, STM32WBA52CEU6, STM32WBA52CEU6TR, STM32WBA52CEU7, STM32WBA52CEU7TR, STM32WBA52CGU6, STM32WBA52CGU6TR, STM32WBA52CGU6U, STM32WBA52CGU7, STM32WBA52CGU7TR, STM32WBA52KEU6, STM32WBA52KEU6TR, STM32WBA52KGU6, STM32WBA52KGU6TR, STM32WBA54CEU6, STM32WBA54CEU6TR, STM32WBA54CEU7, STM32WBA54CEU7TR, STM32WBA54CGU6, STM32WBA54CGU6TR, STM32WBA54CGU7, STM32WBA54CGU7TR, STM32WBA54KEU6, STM32WBA54KEU6TR, STM32WBA54KEU7, STM32WBA54KEU7TR, STM32WBA54KGU6, STM32WBA54KGU6TR, STM32WBA54KGU7, STM32WBA54KGU7TR, STM32WBA55CEU6, STM32WBA55CEU6TR, STM32WBA55CEU7, STM32WBA55CEU7TR, STM32WBA55CGU6, STM32WBA55CGU6TR, STM32WBA55CGU6U, STM32WBA55CGU7, STM32WBA55CGU7TR, STM32WBA55G-DK1, STM32WBA55HEF6, STM32WBA55HEF7, STM32WBA55HGF6, STM32WBA55HGF7, STM32WBA55UEI6, STM32WBA55UEI6TR, STM32WBA55UEI7, STM32WBA55UEI7TR, STM32WBA55UGI6, STM32WBA55UGI6TR, STM32WBA55UGI7, STM32WBA55UGI7TR, STM32WL5MOCH6, STM32WL5MOCH6TR]
2025-01-06 22:46:48,076 DEBUG [LineInfo_to_exitCode.log_LineInfo] 2025-01-06 22:46:48,076 [INFO] DbMcus:218 - Found 4404 MCUs, 4404 are supported
2025-01-06 22:46:48,077 DEBUG [LineInfo_to_exitCode.log_LineInfo] 2025-01-06 22:46:48,077 [INFO] ApiDb:423 - Load user favorites file C:\Users\abina/.stm32cubemx/favorites.mcus.txt: 0 item(s)
2025-01-06 22:46:48,078 DEBUG [LineInfo_to_exitCode.log_LineInfo] 2025-01-06 22:46:48,077 [INFO] ApiDb:427 - User favorites MCUs=[]
2025-01-06 22:46:48,078 DEBUG [LineInfo_to_exitCode.log_LineInfo] 2025-01-06 22:46:48,077 [INFO] DbMcus:224 - Set 0 / 0 favorites MCUs
2025-01-06 22:46:48,390 DEBUG [LineInfo_to_exitCode.log_LineInfo] 2025-01-06 22:46:48,389 [INFO] Mcu:2047 - No CPN specified => set CPN to STM32G474RET3
2025-01-06 22:46:52,447 DEBUG [LineInfo_to_exitCode.log_LineInfo] 2025-01-06 22:46:52,447 [INFO] Context:742 - Trying to add GPIOservice into a context  which must be forbidden
2025-01-06 22:46:54,643 DEBUG [LineInfo_to_exitCode.log_LineInfo] 2025-01-06 22:46:54,642 [INFO] ImportTextPane:205 - (OptionalMessage_ERROR) Unable to find key (Mcu.ThirdPartyNb) in loaded IOC file
2025-01-06 22:46:54,648 DEBUG [LineInfo_to_exitCode.log_LineInfo] 2025-01-06 22:46:54,647 [INFO] ImportTextPane:205 - (OptionalMessage_ERROR) Cannot map signal (S_TIM1_CH1) on pin (PA10)
2025-01-06 22:46:54,648 DEBUG [LineInfo_to_exitCode.log_LineInfo] 2025-01-06 22:46:54,647 [INFO] ImportTextPane:205 - (OptionalMessage_ERROR) Cannot map signal (TIM1_CH1N) on pin (PB15)
2025-01-06 22:46:54,648 DEBUG [LineInfo_to_exitCode.log_LineInfo] 2025-01-06 22:46:54,648 [INFO] ImportTextPane:205 - (OptionalMessage_ERROR) Cannot map signal (S_TIM1_CH3) on pin (PA8)
2025-01-06 22:46:54,648 DEBUG [LineInfo_to_exitCode.log_LineInfo] 2025-01-06 22:46:54,648 [INFO] ImportTextPane:205 - (OptionalMessage_ERROR) Cannot map signal (TIM1_CH3N) on pin (PB13)
2025-01-06 22:46:54,885 DEBUG [LineInfo_to_exitCode.log_LineInfo] 2025-01-06 22:46:54,885 [INFO] RtosManager:555 - Registered RTOS mode: class=CMSIS, group=RTOS, mode=CMSIS_V1, owner=FREERTOS
2025-01-06 22:46:54,886 DEBUG [LineInfo_to_exitCode.log_LineInfo] 2025-01-06 22:46:54,885 [INFO] RtosManager:555 - Registered RTOS mode: class=CMSIS, group=RTOS2, mode=CMSIS_V2, owner=FREERTOS
2025-01-06 22:46:54,886 DEBUG [LineInfo_to_exitCode.log_LineInfo] 2025-01-06 22:46:54,885 [INFO] RtosManager:555 - Registered RTOS mode: class=RTOS, group=Core, mode=CMSIS_V1, owner=FREERTOS
2025-01-06 22:46:54,886 DEBUG [LineInfo_to_exitCode.log_LineInfo] 2025-01-06 22:46:54,885 [INFO] RtosManager:555 - Registered RTOS mode: class=RTOS, group=Core, mode=CMSIS_V2, owner=FREERTOS
2025-01-06 22:46:55,054 DEBUG [LineInfo_to_exitCode.log_LineInfo] 2025-01-06 22:46:55,054 [INFO] ThirdPartyModel:298 - Start build external matchings
2025-01-06 22:46:57,011 DEBUG [LineInfo_to_exitCode.log_LineInfo] 2025-01-06 22:46:57,010 [INFO] ThirdPartyModel:316 - End build external matchings
2025-01-06 22:46:57,074 DEBUG [LineInfo_to_exitCode.log_LineInfo] 2025-01-06 22:46:57,074 [INFO] ImportTextPane:205 - (OptionalMessage_ERROR) IP (MotorControl) : Invalid parameter (BUS_VOLTAGE_READING)
2025-01-06 22:46:57,075 DEBUG [LineInfo_to_exitCode.log_LineInfo] 2025-01-06 22:46:57,074 [INFO] ImportTextPane:205 - (OptionalMessage_ERROR) IP (MotorControl) : Invalid parameter (CCMRAM_ENABLED)
2025-01-06 22:46:57,075 DEBUG [LineInfo_to_exitCode.log_LineInfo] 2025-01-06 22:46:57,074 [INFO] ImportTextPane:205 - (OptionalMessage_ERROR) IP (MotorControl) : Invalid parameter (CLOCK_FREQUENCY)
2025-01-06 22:46:57,075 DEBUG [LineInfo_to_exitCode.log_LineInfo] 2025-01-06 22:46:57,074 [INFO] ImportTextPane:205 - (OptionalMessage_ERROR) IP (MotorControl) : Invalid parameter (CLOCK_SOURCE)
2025-01-06 22:46:57,075 DEBUG [LineInfo_to_exitCode.log_LineInfo] 2025-01-06 22:46:57,074 [INFO] ImportTextPane:205 - (OptionalMessage_ERROR) IP (MotorControl) : Invalid parameter (CPU_CLK_170_MHZ)
2025-01-06 22:46:57,075 DEBUG [LineInfo_to_exitCode.log_LineInfo] 2025-01-06 22:46:57,075 [INFO] ImportTextPane:205 - (OptionalMessage_ERROR) IP (MotorControl) : Invalid parameter (DRIVE_TYPE)
2025-01-06 22:46:57,075 DEBUG [LineInfo_to_exitCode.log_LineInfo] 2025-01-06 22:46:57,075 [INFO] ImportTextPane:205 - (OptionalMessage_ERROR) IP (MotorControl) : Invalid parameter (DRIVES_NUMBER_SELECTION)
2025-01-06 22:46:57,075 DEBUG [LineInfo_to_exitCode.log_LineInfo] 2025-01-06 22:46:57,075 [INFO] ImportTextPane:205 - (OptionalMessage_ERROR) IP (MotorControl) : Invalid parameter (EN_DRIVER_GPIO_PIN)
2025-01-06 22:46:57,075 DEBUG [LineInfo_to_exitCode.log_LineInfo] 2025-01-06 22:46:57,075 [INFO] ImportTextPane:205 - (OptionalMessage_ERROR) IP (MotorControl) : Invalid parameter (EN_DRIVER_GPIO_PORT)
2025-01-06 22:46:57,076 DEBUG [LineInfo_to_exitCode.log_LineInfo] 2025-01-06 22:46:57,075 [INFO] ImportTextPane:205 - (OptionalMessage_ERROR) IP (MotorControl) : Invalid parameter (EN_DRIVER_POLARITY)
2025-01-06 22:46:57,076 DEBUG [LineInfo_to_exitCode.log_LineInfo] 2025-01-06 22:46:57,075 [INFO] ImportTextPane:205 - (OptionalMessage_ERROR) IP (MotorControl) : Invalid parameter (ENCODER_AVAILABLE)
2025-01-06 22:46:57,076 DEBUG [LineInfo_to_exitCode.log_LineInfo] 2025-01-06 22:46:57,075 [INFO] ImportTextPane:205 - (OptionalMessage_ERROR) IP (MotorControl) : Invalid parameter (ENCODER_PPR)
2025-01-06 22:46:57,076 DEBUG [LineInfo_to_exitCode.log_LineInfo] 2025-01-06 22:46:57,075 [INFO] ImportTextPane:205 - (OptionalMessage_ERROR) IP (MotorControl) : Invalid parameter (EXT_CLK_8_MHZ)
2025-01-06 22:46:57,076 DEBUG [LineInfo_to_exitCode.log_LineInfo] 2025-01-06 22:46:57,075 [INFO] ImportTextPane:205 - (OptionalMessage_ERROR) IP (MotorControl) : Invalid parameter (EXT_CLOCK_FREQUENCY)
2025-01-06 22:46:57,076 DEBUG [LineInfo_to_exitCode.log_LineInfo] 2025-01-06 22:46:57,075 [INFO] ImportTextPane:205 - (OptionalMessage_ERROR) IP (MotorControl) : Invalid parameter (H1_GPIO_PIN)
2025-01-06 22:46:57,077 DEBUG [LineInfo_to_exitCode.log_LineInfo] 2025-01-06 22:46:57,075 [INFO] ImportTextPane:205 - (OptionalMessage_ERROR) IP (MotorControl) : Invalid parameter (H1_GPIO_PORT)
2025-01-06 22:46:57,077 DEBUG [LineInfo_to_exitCode.log_LineInfo] 2025-01-06 22:46:57,075 [INFO] ImportTextPane:205 - (OptionalMessage_ERROR) IP (MotorControl) : Invalid parameter (H2_GPIO_PIN)
2025-01-06 22:46:57,077 DEBUG [LineInfo_to_exitCode.log_LineInfo] 2025-01-06 22:46:57,075 [INFO] ImportTextPane:205 - (OptionalMessage_ERROR) IP (MotorControl) : Invalid parameter (H2_GPIO_PORT)
2025-01-06 22:46:57,077 DEBUG [LineInfo_to_exitCode.log_LineInfo] 2025-01-06 22:46:57,075 [INFO] ImportTextPane:205 - (OptionalMessage_ERROR) IP (MotorControl) : Invalid parameter (H3_GPIO_PIN)
2025-01-06 22:46:57,078 DEBUG [LineInfo_to_exitCode.log_LineInfo] 2025-01-06 22:46:57,075 [INFO] ImportTextPane:205 - (OptionalMessage_ERROR) IP (MotorControl) : Invalid parameter (H3_GPIO_PORT)
2025-01-06 22:46:57,078 DEBUG [LineInfo_to_exitCode.log_LineInfo] 2025-01-06 22:46:57,075 [INFO] ImportTextPane:205 - (OptionalMessage_ERROR) IP (MotorControl) : Invalid parameter (HALL_ICx_FILTER)
2025-01-06 22:46:57,078 DEBUG [LineInfo_to_exitCode.log_LineInfo] 2025-01-06 22:46:57,075 [INFO] ImportTextPane:205 - (OptionalMessage_ERROR) IP (MotorControl) : Invalid parameter (HALL_SENSORS)
2025-01-06 22:46:57,078 DEBUG [LineInfo_to_exitCode.log_LineInfo] 2025-01-06 22:46:57,075 [INFO] ImportTextPane:205 - (OptionalMessage_ERROR) IP (MotorControl) : Invalid parameter (HALL_SENSORS_AVAILABLE)
2025-01-06 22:46:57,078 DEBUG [LineInfo_to_exitCode.log_LineInfo] 2025-01-06 22:46:57,075 [INFO] ImportTextPane:205 - (OptionalMessage_ERROR) IP (MotorControl) : Invalid parameter (HALL_TIMER_SELECTION)
2025-01-06 22:46:57,078 DEBUG [LineInfo_to_exitCode.log_LineInfo] 2025-01-06 22:46:57,076 [INFO] ImportTextPane:205 - (OptionalMessage_ERROR) IP (MotorControl) : Invalid parameter (HW_COMPLEMENTED_LOW_SIDE)
2025-01-06 22:46:57,079 DEBUG [LineInfo_to_exitCode.log_LineInfo] 2025-01-06 22:46:57,076 [INFO] ImportTextPane:205 - (OptionalMessage_ERROR) IP (MotorControl) : Invalid parameter (HW_DEAD_TIME_NS)
2025-01-06 22:46:57,079 DEBUG [LineInfo_to_exitCode.log_LineInfo] 2025-01-06 22:46:57,076 [INFO] ImportTextPane:205 - (OptionalMessage_ERROR) IP (MotorControl) : Invalid parameter (HWV_POTENTIOMETER)
2025-01-06 22:46:57,079 DEBUG [LineInfo_to_exitCode.log_LineInfo] 2025-01-06 22:46:57,076 [INFO] ImportTextPane:205 - (OptionalMessage_ERROR) IP (MotorControl) : Invalid parameter (HWV_PWM)
2025-01-06 22:46:57,079 DEBUG [LineInfo_to_exitCode.log_LineInfo] 2025-01-06 22:46:57,076 [INFO] ImportTextPane:205 - (OptionalMessage_ERROR) IP (MotorControl) : Invalid parameter (IPs)
2025-01-06 22:46:57,079 DEBUG [LineInfo_to_exitCode.log_LineInfo] 2025-01-06 22:46:57,076 [INFO] ImportTextPane:205 - (OptionalMessage_ERROR) IP (MotorControl) : Invalid parameter (LOW_SIDE_SIGNALS_ENABLING)
2025-01-06 22:46:57,079 DEBUG [LineInfo_to_exitCode.log_LineInfo] 2025-01-06 22:46:57,076 [INFO] ImportTextPane:205 - (OptionalMessage_ERROR) IP (MotorControl) : Invalid parameter (M1_DC_CURRENT_RS_MEAS)
2025-01-06 22:46:57,079 DEBUG [LineInfo_to_exitCode.log_LineInfo] 2025-01-06 22:46:57,076 [INFO] ImportTextPane:205 - (OptionalMessage_ERROR) IP (MotorControl) : Invalid parameter (M1_HIGH_SIDE_IDLE_STATE)
2025-01-06 22:46:57,080 DEBUG [LineInfo_to_exitCode.log_LineInfo] 2025-01-06 22:46:57,076 [INFO] ImportTextPane:205 - (OptionalMessage_ERROR) IP (MotorControl) : Invalid parameter (M1_LOW_SIDE_IDLE_STATE)
2025-01-06 22:46:57,080 DEBUG [LineInfo_to_exitCode.log_LineInfo] 2025-01-06 22:46:57,077 [INFO] ImportTextPane:205 - (OptionalMessage_ERROR) IP (MotorControl) : Parameter (M1_PWM_CHARGE_BOOT_CAP_DUTY_CYCLES) has invalid value (0.000)
2025-01-06 22:46:57,080 DEBUG [LineInfo_to_exitCode.log_LineInfo] 2025-01-06 22:46:57,077 [INFO] ImportTextPane:205 - (OptionalMessage_ERROR) IP (MotorControl) : Invalid parameter (M1_PWM_TIMER_BRK_IRQ)
2025-01-06 22:46:57,080 DEBUG [LineInfo_to_exitCode.log_LineInfo] 2025-01-06 22:46:57,077 [INFO] ImportTextPane:205 - (OptionalMessage_ERROR) IP (MotorControl) : Invalid parameter (M1_PWM_TIMER_UP_IRQ)
2025-01-06 22:46:57,080 DEBUG [LineInfo_to_exitCode.log_LineInfo] 2025-01-06 22:46:57,077 [INFO] ImportTextPane:205 - (OptionalMessage_ERROR) IP (MotorControl) : Invalid parameter (M1_SPD_DIFFERENTIAL_TERM_ENABLING)
2025-01-06 22:46:57,080 DEBUG [LineInfo_to_exitCode.log_LineInfo] 2025-01-06 22:46:57,078 [INFO] ImportTextPane:205 - (OptionalMessage_ERROR) IP (MotorControl) : Invalid parameter (MC_WORKBENCH_VERSION)
2025-01-06 22:46:57,080 DEBUG [LineInfo_to_exitCode.log_LineInfo] 2025-01-06 22:46:57,078 [INFO] ImportTextPane:205 - (OptionalMessage_ERROR) IP (MotorControl) : Invalid parameter (MCU)
2025-01-06 22:46:57,080 DEBUG [LineInfo_to_exitCode.log_LineInfo] 2025-01-06 22:46:57,078 [INFO] ImportTextPane:205 - (OptionalMessage_ERROR) IP (MotorControl) : Invalid parameter (MCU_FAMILY)
2025-01-06 22:46:57,080 DEBUG [LineInfo_to_exitCode.log_LineInfo] 2025-01-06 22:46:57,078 [INFO] ImportTextPane:205 - (OptionalMessage_ERROR) IP (MotorControl) : Invalid parameter (MCU_LINE)
2025-01-06 22:46:57,081 DEBUG [LineInfo_to_exitCode.log_LineInfo] 2025-01-06 22:46:57,078 [INFO] ImportTextPane:205 - (OptionalMessage_ERROR) IP (MotorControl) : Invalid parameter (MCU_NAME)
2025-01-06 22:46:57,081 DEBUG [LineInfo_to_exitCode.log_LineInfo] 2025-01-06 22:46:57,078 [INFO] ImportTextPane:205 - (OptionalMessage_ERROR) IP (MotorControl) : Invalid parameter (MCU_PACKAGE)
2025-01-06 22:46:57,081 DEBUG [LineInfo_to_exitCode.log_LineInfo] 2025-01-06 22:46:57,078 [INFO] ImportTextPane:205 - (OptionalMessage_ERROR) IP (MotorControl) : Invalid parameter (MCU_TYPE)
2025-01-06 22:46:57,081 DEBUG [LineInfo_to_exitCode.log_LineInfo] 2025-01-06 22:46:57,078 [INFO] ImportTextPane:205 - (OptionalMessage_ERROR) IP (MotorControl) : Invalid parameter (MCU_USERNAME)
2025-01-06 22:46:57,081 DEBUG [LineInfo_to_exitCode.log_LineInfo] 2025-01-06 22:46:57,078 [INFO] ImportTextPane:205 - (OptionalMessage_ERROR) IP (MotorControl) : Invalid parameter (MOTOR_TYPE)
2025-01-06 22:46:57,081 DEBUG [LineInfo_to_exitCode.log_LineInfo] 2025-01-06 22:46:57,078 [INFO] ImportTextPane:205 - (OptionalMessage_ERROR) IP (MotorControl) : Invalid parameter (PHASE_UH_GPIO_PIN)
2025-01-06 22:46:57,081 DEBUG [LineInfo_to_exitCode.log_LineInfo] 2025-01-06 22:46:57,078 [INFO] ImportTextPane:205 - (OptionalMessage_ERROR) IP (MotorControl) : Invalid parameter (PHASE_UH_GPIO_PORT)
2025-01-06 22:46:57,081 DEBUG [LineInfo_to_exitCode.log_LineInfo] 2025-01-06 22:46:57,078 [INFO] ImportTextPane:205 - (OptionalMessage_ERROR) IP (MotorControl) : Invalid parameter (PHASE_UL_GPIO_PIN)
2025-01-06 22:46:57,081 DEBUG [LineInfo_to_exitCode.log_LineInfo] 2025-01-06 22:46:57,078 [INFO] ImportTextPane:205 - (OptionalMessage_ERROR) IP (MotorControl) : Invalid parameter (PHASE_UL_GPIO_PORT)
2025-01-06 22:46:57,081 DEBUG [LineInfo_to_exitCode.log_LineInfo] 2025-01-06 22:46:57,078 [INFO] ImportTextPane:205 - (OptionalMessage_ERROR) IP (MotorControl) : Parameter (PHASE_UL_POLARITY) has invalid value (L_ACTIVE_HIGH)
2025-01-06 22:46:57,081 DEBUG [LineInfo_to_exitCode.log_LineInfo] 2025-01-06 22:46:57,078 [INFO] ImportTextPane:205 - (OptionalMessage_ERROR) IP (MotorControl) : Invalid parameter (PHASE_VH_GPIO_PIN)
2025-01-06 22:46:57,082 DEBUG [LineInfo_to_exitCode.log_LineInfo] 2025-01-06 22:46:57,078 [INFO] ImportTextPane:205 - (OptionalMessage_ERROR) IP (MotorControl) : Invalid parameter (PHASE_VH_GPIO_PORT)
2025-01-06 22:46:57,082 DEBUG [LineInfo_to_exitCode.log_LineInfo] 2025-01-06 22:46:57,078 [INFO] ImportTextPane:205 - (OptionalMessage_ERROR) IP (MotorControl) : Invalid parameter (PHASE_VL_GPIO_PIN)
2025-01-06 22:46:57,082 DEBUG [LineInfo_to_exitCode.log_LineInfo] 2025-01-06 22:46:57,079 [INFO] ImportTextPane:205 - (OptionalMessage_ERROR) IP (MotorControl) : Invalid parameter (PHASE_VL_GPIO_PORT)
2025-01-06 22:46:57,082 DEBUG [LineInfo_to_exitCode.log_LineInfo] 2025-01-06 22:46:57,079 [INFO] ImportTextPane:205 - (OptionalMessage_ERROR) IP (MotorControl) : Parameter (PHASE_VL_POLARITY) has invalid value (L_ACTIVE_HIGH)
2025-01-06 22:46:57,082 DEBUG [LineInfo_to_exitCode.log_LineInfo] 2025-01-06 22:46:57,079 [INFO] ImportTextPane:205 - (OptionalMessage_ERROR) IP (MotorControl) : Invalid parameter (PHASE_WH_GPIO_PIN)
2025-01-06 22:46:57,082 DEBUG [LineInfo_to_exitCode.log_LineInfo] 2025-01-06 22:46:57,079 [INFO] ImportTextPane:205 - (OptionalMessage_ERROR) IP (MotorControl) : Invalid parameter (PHASE_WH_GPIO_PORT)
2025-01-06 22:46:57,082 DEBUG [LineInfo_to_exitCode.log_LineInfo] 2025-01-06 22:46:57,079 [INFO] ImportTextPane:205 - (OptionalMessage_ERROR) IP (MotorControl) : Invalid parameter (PHASE_WL_GPIO_PIN)
2025-01-06 22:46:57,082 DEBUG [LineInfo_to_exitCode.log_LineInfo] 2025-01-06 22:46:57,079 [INFO] ImportTextPane:205 - (OptionalMessage_ERROR) IP (MotorControl) : Invalid parameter (PHASE_WL_GPIO_PORT)
2025-01-06 22:46:57,082 DEBUG [LineInfo_to_exitCode.log_LineInfo] 2025-01-06 22:46:57,079 [INFO] ImportTextPane:205 - (OptionalMessage_ERROR) IP (MotorControl) : Parameter (PHASE_WL_POLARITY) has invalid value (L_ACTIVE_HIGH)
2025-01-06 22:46:57,082 DEBUG [LineInfo_to_exitCode.log_LineInfo] 2025-01-06 22:46:57,079 [INFO] ImportTextPane:205 - (OptionalMessage_ERROR) IP (MotorControl) : Invalid parameter (POTENTIOMETER_READING)
2025-01-06 22:46:57,082 DEBUG [LineInfo_to_exitCode.log_LineInfo] 2025-01-06 22:46:57,079 [INFO] ImportTextPane:205 - (OptionalMessage_ERROR) IP (MotorControl) : Invalid parameter (PWM_FREQUENCY)
2025-01-06 22:46:57,083 DEBUG [LineInfo_to_exitCode.log_LineInfo] 2025-01-06 22:46:57,079 [INFO] ImportTextPane:205 - (OptionalMessage_ERROR) IP (MotorControl) : Invalid parameter (PWM_TIMER_SELECTION)
2025-01-06 22:46:57,083 DEBUG [LineInfo_to_exitCode.log_LineInfo] 2025-01-06 22:46:57,079 [INFO] ImportTextPane:205 - (OptionalMessage_ERROR) IP (MotorControl) : Invalid parameter (REGULATION_EXECUTION_RATE)
2025-01-06 22:46:57,083 DEBUG [LineInfo_to_exitCode.log_LineInfo] 2025-01-06 22:46:57,079 [INFO] ImportTextPane:205 - (OptionalMessage_ERROR) IP (MotorControl) : Invalid parameter (SINGLEDRIVE)
2025-01-06 22:46:57,083 DEBUG [LineInfo_to_exitCode.log_LineInfo] 2025-01-06 22:46:57,079 [INFO] ImportTextPane:205 - (OptionalMessage_ERROR) IP (MotorControl) : Invalid parameter (SPD_DIFFERENTIAL_TERM_ENABLING)
2025-01-06 22:46:57,083 DEBUG [LineInfo_to_exitCode.log_LineInfo] 2025-01-06 22:46:57,079 [INFO] ImportTextPane:205 - (OptionalMessage_ERROR) IP (MotorControl) : Invalid parameter (SPEED_SENSOR_SELECTION)
2025-01-06 22:46:57,083 DEBUG [LineInfo_to_exitCode.log_LineInfo] 2025-01-06 22:46:57,079 [INFO] ImportTextPane:205 - (OptionalMessage_ERROR) IP (MotorControl) : Invalid parameter (STM32G474RE)
2025-01-06 22:46:57,083 DEBUG [LineInfo_to_exitCode.log_LineInfo] 2025-01-06 22:46:57,079 [INFO] ImportTextPane:205 - (OptionalMessage_ERROR) IP (MotorControl) : Invalid parameter (SW_DEADTIME_NS)
2025-01-06 22:46:57,084 DEBUG [LineInfo_to_exitCode.log_LineInfo] 2025-01-06 22:46:57,079 [INFO] ImportTextPane:205 - (OptionalMessage_ERROR) IP (MotorControl) : Invalid parameter (TEMPERATURE_READING)
2025-01-06 22:46:57,084 DEBUG [LineInfo_to_exitCode.log_LineInfo] 2025-01-06 22:46:57,079 [INFO] ImportTextPane:205 - (OptionalMessage_ERROR) IP (MotorControl) : Invalid parameter (TFDIFFERENTIAL_TERM_ENABLING)
2025-01-06 22:46:57,084 DEBUG [LineInfo_to_exitCode.log_LineInfo] 2025-01-06 22:46:57,079 [INFO] ImportTextPane:205 - (OptionalMessage_ERROR) IP (MotorControl) : Invalid parameter (WB_to_Mx_template_version)
2025-01-06 22:46:57,084 DEBUG [LineInfo_to_exitCode.log_LineInfo] 2025-01-06 22:46:57,079 [INFO] ImportTextPane:205 - (OptionalMessage_ERROR) IP (MotorControl) : Invalid parameter (WB_to_Mx_version)
2025-01-06 22:46:57,084 DEBUG [LineInfo_to_exitCode.log_LineInfo] 2025-01-06 22:46:57,081 [INFO] ImportTextPane:205 - (OptionalMessage_ERROR) IP (MotorControl) : Invalid parameter (WB_UI_ENCODER_HAS_INDEX_PIN)
2025-01-06 22:46:57,084 DEBUG [LineInfo_to_exitCode.log_LineInfo] 2025-01-06 22:46:57,081 [INFO] ImportTextPane:205 - (OptionalMessage_ERROR) IP (MotorControl) : Invalid parameter (WB_UI_FRICTION)
2025-01-06 22:46:57,084 DEBUG [LineInfo_to_exitCode.log_LineInfo] 2025-01-06 22:46:57,081 [INFO] ImportTextPane:205 - (OptionalMessage_ERROR) IP (MotorControl) : Invalid parameter (WB_UI_INERTIA)
2025-01-06 22:46:57,084 DEBUG [LineInfo_to_exitCode.log_LineInfo] 2025-01-06 22:46:57,081 [INFO] ImportTextPane:205 - (OptionalMessage_ERROR) IP (MotorControl) : Invalid parameter (WB_UI_MAGNETIC_STRUCTURE)
2025-01-06 22:46:57,084 DEBUG [LineInfo_to_exitCode.log_LineInfo] 2025-01-06 22:46:57,081 [INFO] ImportTextPane:205 - (OptionalMessage_ERROR) IP (MotorControl) : Invalid parameter (WB_UI_MAX_CURRENT)
2025-01-06 22:46:57,084 DEBUG [LineInfo_to_exitCode.log_LineInfo] 2025-01-06 22:46:57,081 [INFO] ImportTextPane:205 - (OptionalMessage_ERROR) IP (MotorControl) : Invalid parameter (WB_UI_MAX_NOMINAL_DC_VOLTAGE)
2025-01-06 22:46:57,085 DEBUG [LineInfo_to_exitCode.log_LineInfo] 2025-01-06 22:46:57,081 [INFO] ImportTextPane:205 - (OptionalMessage_ERROR) IP (MotorControl) : Invalid parameter (WB_UI_MAX_PWMFREQUENCY)
2025-01-06 22:46:57,085 DEBUG [LineInfo_to_exitCode.log_LineInfo] 2025-01-06 22:46:57,081 [INFO] ImportTextPane:205 - (OptionalMessage_ERROR) IP (MotorControl) : Invalid parameter (WB_UI_MOTOR_DESCRIPTION)
2025-01-06 22:46:57,085 DEBUG [LineInfo_to_exitCode.log_LineInfo] 2025-01-06 22:46:57,081 [INFO] ImportTextPane:205 - (OptionalMessage_ERROR) IP (MotorControl) : Invalid parameter (WB_UI_PW_BOARD_MAX_RATED_CURRENT)
2025-01-06 22:46:57,085 DEBUG [LineInfo_to_exitCode.log_LineInfo] 2025-01-06 22:46:57,081 [INFO] ImportTextPane:205 - (OptionalMessage_ERROR) IP (MotorControl) : Invalid parameter (WB_UI_PW_BOARD_MAX_VOLTAGE)
2025-01-06 22:46:57,085 DEBUG [LineInfo_to_exitCode.log_LineInfo] 2025-01-06 22:46:57,081 [INFO] ImportTextPane:205 - (OptionalMessage_ERROR) IP (MotorControl) : Invalid parameter (WB_UI_PW_BOARD_MIN_VOLTAGE)
2025-01-06 22:46:57,085 DEBUG [LineInfo_to_exitCode.log_LineInfo] 2025-01-06 22:46:57,081 [INFO] ImportTextPane:205 - (OptionalMessage_ERROR) IP (RCC) : Invalid parameter (FamilyName)
2025-01-06 22:46:57,085 DEBUG [LineInfo_to_exitCode.log_LineInfo] 2025-01-06 22:46:57,082 [INFO] ImportTextPane:205 - (OptionalMessage_ERROR) IP (RCC) : Parameter (RNGFreq_Value) has invalid value (170000000)
2025-01-06 22:46:57,085 DEBUG [LineInfo_to_exitCode.log_LineInfo] 2025-01-06 22:46:57,082 [INFO] ImportTextPane:205 - (OptionalMessage_ERROR) IP (RCC) : Parameter (USBFreq_Value) has invalid value (170000000)
2025-01-06 22:46:57,090 DEBUG [LineInfo_to_exitCode.log_LineInfo] 2025-01-06 22:46:57,090 [INFO] ImportTextPane:205 - (OptionalMessage_ERROR) IP (TIM1) : Parameter (SourceBRKDigInputPolarity) has invalid value (TIM_BREAKINPUTSOURCE_POLARITY_LOW)
2025-01-06 22:46:57,090 DEBUG [LineInfo_to_exitCode.log_LineInfo] 2025-01-06 22:46:57,090 [INFO] ImportTextPane:205 - (OptionalMessage_ERROR) IP (TIM1) : Parameter (SourceBRK2DigInputPolarity) has invalid value (TIM_BREAKINPUTSOURCE_POLARITY_LOW)
2025-01-06 22:46:57,104 DEBUG [LineInfo_to_exitCode.log_LineInfo] 2025-01-06 22:46:57,104 [INFO] ImportTextPane:205 - (OptionalMessage_ERROR) IP (TIM1) : Parameter (Channel) has Id (PWM Generation1 CH1 CH1N) currently not set
2025-01-06 22:46:57,105 DEBUG [LineInfo_to_exitCode.log_LineInfo] 2025-01-06 22:46:57,104 [INFO] ImportTextPane:205 - (OptionalMessage_ERROR) IP (TIM1) : Parameter (OCMode_PWM) has Id (PWM Generation1 CH1 CH1N) currently not set
2025-01-06 22:46:57,124 DEBUG [LineInfo_to_exitCode.log_LineInfo] 2025-01-06 22:46:57,124 [INFO] ImportTextPane:205 - (OptionalMessage_ERROR) IP (TIM1) : Parameter (Channel) has Id (PWM Generation3 CH3 CH3N) currently not set
2025-01-06 22:46:57,124 DEBUG [LineInfo_to_exitCode.log_LineInfo] 2025-01-06 22:46:57,124 [INFO] ImportTextPane:205 - (OptionalMessage_ERROR) IP (TIM1) : Parameter (OCMode_PWM) has Id (PWM Generation3 CH3 CH3N) currently not set
2025-01-06 22:46:57,525 DEBUG [LineInfo_to_exitCode.log_LineInfo] 2025-01-06 22:46:57,525 [INFO] UtilMem:75 - End LoadConfig() Used Memory: 605215112 Bytes (759169024)
2025-01-06 22:46:57,648 DEBUG [LineInfo_to_exitCode.log_LineInfo] 2025-01-06 22:46:57,647 [INFO] ThirdParty:835 - entering critical section [change project]
2025-01-06 22:46:57,648 DEBUG [LineInfo_to_exitCode.log_LineInfo] 2025-01-06 22:46:57,648 [INFO] ThirdParty:1030 - CMSIS Pack Vendor :STMicroelectronics USBPD 4.1
2025-01-06 22:46:57,648 DEBUG [LineInfo_to_exitCode.log_LineInfo] 2025-01-06 22:46:57,648 [INFO] ThirdParty:1030 - CMSIS Pack Vendor :STMicroelectronics X-CUBE-GNSS1 6.0.0
2025-01-06 22:46:57,648 DEBUG [LineInfo_to_exitCode.log_LineInfo] 2025-01-06 22:46:57,648 [INFO] ThirdParty:1030 - CMSIS Pack Vendor :STMicroelectronics USB_HOST 2.0.0
2025-01-06 22:46:57,648 DEBUG [LineInfo_to_exitCode.log_LineInfo] 2025-01-06 22:46:57,648 [INFO] ThirdParty:1030 - CMSIS Pack Vendor :STMicroelectronics FP-SNS-MOTENVWB1 1.4.0
2025-01-06 22:46:57,648 DEBUG [LineInfo_to_exitCode.log_LineInfo] 2025-01-06 22:46:57,648 [INFO] ThirdParty:1030 - CMSIS Pack Vendor :STMicroelectronics X-CUBE-AZRTOS-F4 1.1.0
2025-01-06 22:46:57,648 DEBUG [LineInfo_to_exitCode.log_LineInfo] 2025-01-06 22:46:57,648 [INFO] ThirdParty:1030 - CMSIS Pack Vendor :STMicroelectronics LIBJPEG 8.0.0
2025-01-06 22:46:57,648 DEBUG [LineInfo_to_exitCode.log_LineInfo] 2025-01-06 22:46:57,648 [INFO] ThirdParty:1030 - CMSIS Pack Vendor :STMicroelectronics FP-ATR-ASTRA1 2.0.1
2025-01-06 22:46:57,648 DEBUG [LineInfo_to_exitCode.log_LineInfo] 2025-01-06 22:46:57,648 [INFO] ThirdParty:1030 - CMSIS Pack Vendor :STMicroelectronics X-CUBE-SMBUS 2.1.0
2025-01-06 22:46:57,649 DEBUG [LineInfo_to_exitCode.log_LineInfo] 2025-01-06 22:46:57,648 [INFO] ThirdParty:1030 - CMSIS Pack Vendor :STMicroelectronics X-CUBE-WB05N 1.1.0
2025-01-06 22:46:57,649 DEBUG [LineInfo_to_exitCode.log_LineInfo] 2025-01-06 22:46:57,648 [INFO] ThirdParty:1030 - CMSIS Pack Vendor :wolfSSL I-CUBE-wolfSSL 5.6.0
2025-01-06 22:46:57,649 DEBUG [LineInfo_to_exitCode.log_LineInfo] 2025-01-06 22:46:57,648 [INFO] ThirdParty:1030 - CMSIS Pack Vendor :STMicroelectronics X-CUBE-ISPU 2.1.0
2025-01-06 22:46:57,649 DEBUG [LineInfo_to_exitCode.log_LineInfo] 2025-01-06 22:46:57,648 [INFO] ThirdParty:1030 - CMSIS Pack Vendor :STMicroelectronics X-CUBE-FREERTOS 1.2.0
2025-01-06 22:46:57,649 DEBUG [LineInfo_to_exitCode.log_LineInfo] 2025-01-06 22:46:57,648 [INFO] ThirdParty:1030 - CMSIS Pack Vendor :STMicroelectronics X-CUBE-TOUCHGFX 4.23.0
2025-01-06 22:46:57,649 DEBUG [LineInfo_to_exitCode.log_LineInfo] 2025-01-06 22:46:57,648 [INFO] ThirdParty:1030 - CMSIS Pack Vendor :STMicroelectronics X-CUBE-TOUCHGFX 4.23.2
2025-01-06 22:46:57,649 DEBUG [LineInfo_to_exitCode.log_LineInfo] 2025-01-06 22:46:57,648 [INFO] ThirdParty:1030 - CMSIS Pack Vendor :STMicroelectronics X-CUBE-AZRTOS-F7 1.1.0
2025-01-06 22:46:57,649 DEBUG [LineInfo_to_exitCode.log_LineInfo] 2025-01-06 22:46:57,648 [INFO] ThirdParty:1030 - CMSIS Pack Vendor :STMicroelectronics X-CUBE-AZRTOS-L5 2.0.0
2025-01-06 22:46:57,649 DEBUG [LineInfo_to_exitCode.log_LineInfo] 2025-01-06 22:46:57,648 [INFO] ThirdParty:1030 - CMSIS Pack Vendor :STMicroelectronics USB_DEVICE 2.0.0
2025-01-06 22:46:57,649 DEBUG [LineInfo_to_exitCode.log_LineInfo] 2025-01-06 22:46:57,648 [INFO] ThirdParty:1030 - CMSIS Pack Vendor :STMicroelectronics X-CUBE-MEMS1 9.6.0
2025-01-06 22:46:57,649 DEBUG [LineInfo_to_exitCode.log_LineInfo] 2025-01-06 22:46:57,648 [INFO] ThirdParty:1030 - CMSIS Pack Vendor :STMicroelectronics X-CUBE-EEPRMA1 4.2.0
2025-01-06 22:46:57,649 DEBUG [LineInfo_to_exitCode.log_LineInfo] 2025-01-06 22:46:57,648 [INFO] ThirdParty:1030 - CMSIS Pack Vendor :STMicroelectronics X-CUBE-NFC6 3.1.0
2025-01-06 22:46:57,650 DEBUG [LineInfo_to_exitCode.log_LineInfo] 2025-01-06 22:46:57,648 [INFO] ThirdParty:1030 - CMSIS Pack Vendor :ITTIA_DB I-CUBE-ITTIADB 8.8.0
2025-01-06 22:46:57,650 DEBUG [LineInfo_to_exitCode.log_LineInfo] 2025-01-06 22:46:57,648 [INFO] ThirdParty:1030 - CMSIS Pack Vendor :STMicroelectronics FP-SNS-MOTENV1 4.3.2
2025-01-06 22:46:57,650 DEBUG [LineInfo_to_exitCode.log_LineInfo] 2025-01-06 22:46:57,648 [INFO] ThirdParty:1030 - CMSIS Pack Vendor :STMicroelectronics FP-SNS-FLIGHT1 5.0.1
2025-01-06 22:46:57,650 DEBUG [LineInfo_to_exitCode.log_LineInfo] 2025-01-06 22:46:57,648 [INFO] ThirdParty:1030 - CMSIS Pack Vendor :STMicroelectronics X-CUBE-MEMS1 11.0.0
2025-01-06 22:46:57,650 DEBUG [LineInfo_to_exitCode.log_LineInfo] 2025-01-06 22:46:57,648 [INFO] ThirdParty:1030 - CMSIS Pack Vendor :STMicroelectronics X-CUBE-BLE1 6.2.4
2025-01-06 22:46:57,650 DEBUG [LineInfo_to_exitCode.log_LineInfo] 2025-01-06 22:46:57,648 [INFO] ThirdParty:1030 - CMSIS Pack Vendor :STMicroelectronics FreeRTOS 0.0.1
2025-01-06 22:46:57,650 DEBUG [LineInfo_to_exitCode.log_LineInfo] 2025-01-06 22:46:57,648 [INFO] ThirdParty:1030 - CMSIS Pack Vendor :emotas I-CUBE-CANOPEN 1.1.3
2025-01-06 22:46:57,650 DEBUG [LineInfo_to_exitCode.log_LineInfo] 2025-01-06 22:46:57,648 [INFO] ThirdParty:1030 - CMSIS Pack Vendor :STMicroelectronics X-CUBE-BLEMGR 2.0.0
2025-01-06 22:46:57,650 DEBUG [LineInfo_to_exitCode.log_LineInfo] 2025-01-06 22:46:57,648 [INFO] ThirdParty:1030 - CMSIS Pack Vendor :STMicroelectronics X-CUBE-DPower 1.2.0
2025-01-06 22:46:57,650 DEBUG [LineInfo_to_exitCode.log_LineInfo] 2025-01-06 22:46:57,648 [INFO] ThirdParty:1030 - CMSIS Pack Vendor :STMicroelectronics FP-SNS-FLIGHT1 5.0.2
2025-01-06 22:46:57,650 DEBUG [LineInfo_to_exitCode.log_LineInfo] 2025-01-06 22:46:57,648 [INFO] ThirdParty:1030 - CMSIS Pack Vendor :STMicroelectronics X-CUBE-AI 9.0.0
2025-01-06 22:46:57,651 DEBUG [LineInfo_to_exitCode.log_LineInfo] 2025-01-06 22:46:57,648 [INFO] ThirdParty:1030 - CMSIS Pack Vendor :STMicroelectronics X-CUBE-AZRTOS-H7 3.1.0
2025-01-06 22:46:57,651 DEBUG [LineInfo_to_exitCode.log_LineInfo] 2025-01-06 22:46:57,648 [INFO] ThirdParty:1030 - CMSIS Pack Vendor :STMicroelectronics PDM2PCM 3.3.0
2025-01-06 22:46:57,651 DEBUG [LineInfo_to_exitCode.log_LineInfo] 2025-01-06 22:46:57,648 [INFO] ThirdParty:1030 - CMSIS Pack Vendor :STMicroelectronics X-CUBE-DISPLAY 3.0.0
2025-01-06 22:46:57,651 DEBUG [LineInfo_to_exitCode.log_LineInfo] 2025-01-06 22:46:57,649 [INFO] ThirdParty:1030 - CMSIS Pack Vendor :STMicroelectronics X-CUBE-BLE1 7.0.0
2025-01-06 22:46:57,651 DEBUG [LineInfo_to_exitCode.log_LineInfo] 2025-01-06 22:46:57,649 [INFO] ThirdParty:1030 - CMSIS Pack Vendor :STMicroelectronics X-CUBE-NFC10 1.0.0
2025-01-06 22:46:57,651 DEBUG [LineInfo_to_exitCode.log_LineInfo] 2025-01-06 22:46:57,649 [INFO] ThirdParty:1030 - CMSIS Pack Vendor :STMicroelectronics X-CUBE-BLEMGR 4.0.0
2025-01-06 22:46:57,651 DEBUG [LineInfo_to_exitCode.log_LineInfo] 2025-01-06 22:46:57,649 [INFO] ThirdParty:1030 - CMSIS Pack Vendor :STMicroelectronics HAL Drivers 0.0.0
2025-01-06 22:46:57,651 DEBUG [LineInfo_to_exitCode.log_LineInfo] 2025-01-06 22:46:57,649 [INFO] ThirdParty:1030 - CMSIS Pack Vendor :STMicroelectronics X-CUBE-FREERTOS 1.3.0
2025-01-06 22:46:57,652 DEBUG [LineInfo_to_exitCode.log_LineInfo] 2025-01-06 22:46:57,649 [INFO] ThirdParty:1030 - CMSIS Pack Vendor :STMicroelectronics X-CUBE-TOUCHGFX 4.22.0
2025-01-06 22:46:57,652 DEBUG [LineInfo_to_exitCode.log_LineInfo] 2025-01-06 22:46:57,649 [INFO] ThirdParty:1030 - CMSIS Pack Vendor :STMicroelectronics X-CUBE-NFC7 1.0.1
2025-01-06 22:46:57,652 DEBUG [LineInfo_to_exitCode.log_LineInfo] 2025-01-06 22:46:57,649 [INFO] ThirdParty:1030 - CMSIS Pack Vendor :STMicroelectronics MBEDTLS 2.14.1
2025-01-06 22:46:57,652 DEBUG [LineInfo_to_exitCode.log_LineInfo] 2025-01-06 22:46:57,649 [INFO] ThirdParty:1030 - CMSIS Pack Vendor :STMicroelectronics X-CUBE-TOUCHGFX 4.22.1
2025-01-06 22:46:57,652 DEBUG [LineInfo_to_exitCode.log_LineInfo] 2025-01-06 22:46:57,649 [INFO] ThirdParty:1030 - CMSIS Pack Vendor :wolfSSL I-CUBE-wolfTPM 3.2.0
2025-01-06 22:46:57,652 DEBUG [LineInfo_to_exitCode.log_LineInfo] 2025-01-06 22:46:57,649 [INFO] ThirdParty:1030 - CMSIS Pack Vendor :STMicroelectronics X-CUBE-NFC6 3.0.0
2025-01-06 22:46:57,652 DEBUG [LineInfo_to_exitCode.log_LineInfo] 2025-01-06 22:46:57,649 [INFO] ThirdParty:1030 - CMSIS Pack Vendor :STMicroelectronics X-CUBE-EEPRMA1 4.1.0
2025-01-06 22:46:57,652 DEBUG [LineInfo_to_exitCode.log_LineInfo] 2025-01-06 22:46:57,649 [INFO] ThirdParty:1030 - CMSIS Pack Vendor :STMicroelectronics X-CUBE-BLEMGR 3.1.0
2025-01-06 22:46:57,652 DEBUG [LineInfo_to_exitCode.log_LineInfo] 2025-01-06 22:46:57,649 [INFO] ThirdParty:1030 - CMSIS Pack Vendor :STMicroelectronics FP-SNS-SMARTAG2 1.2.0
2025-01-06 22:46:57,653 DEBUG [LineInfo_to_exitCode.log_LineInfo] 2025-01-06 22:46:57,649 [INFO] ThirdParty:1030 - CMSIS Pack Vendor :STMicroelectronics X-CUBE-MEMS1 11.1.0
2025-01-06 22:46:57,653 DEBUG [LineInfo_to_exitCode.log_LineInfo] 2025-01-06 22:46:57,649 [INFO] ThirdParty:1030 - CMSIS Pack Vendor :STMicroelectronics X-CUBE-AZRTOS-WL 2.0.0
2025-01-06 22:46:57,653 DEBUG [LineInfo_to_exitCode.log_LineInfo] 2025-01-06 22:46:57,649 [INFO] ThirdParty:1030 - CMSIS Pack Vendor :STMicroelectronics FP-SNS-MOTENV1 5.0.0
2025-01-06 22:46:57,653 DEBUG [LineInfo_to_exitCode.log_LineInfo] 2025-01-06 22:46:57,649 [INFO] ThirdParty:1030 - CMSIS Pack Vendor :STMicroelectronics USB_DEVICE 1.0.0
2025-01-06 22:46:57,653 DEBUG [LineInfo_to_exitCode.log_LineInfo] 2025-01-06 22:46:57,649 [INFO] ThirdParty:1030 - CMSIS Pack Vendor :STMicroelectronics X-CUBE-AI 8.1.0
2025-01-06 22:46:57,653 DEBUG [LineInfo_to_exitCode.log_LineInfo] 2025-01-06 22:46:57,649 [INFO] ThirdParty:1030 - CMSIS Pack Vendor :wolfSSL I-CUBE-wolfMQTT 1.19.0
2025-01-06 22:46:57,653 DEBUG [LineInfo_to_exitCode.log_LineInfo] 2025-01-06 22:46:57,649 [INFO] ThirdParty:1030 - CMSIS Pack Vendor :STMicroelectronics X-CUBE-AZRTOS-L4 2.0.0
2025-01-06 22:46:57,653 DEBUG [LineInfo_to_exitCode.log_LineInfo] 2025-01-06 22:46:57,649 [INFO] ThirdParty:1030 - CMSIS Pack Vendor :STMicroelectronics ThreadX 0.0.2
2025-01-06 22:46:57,653 DEBUG [LineInfo_to_exitCode.log_LineInfo] 2025-01-06 22:46:57,649 [INFO] ThirdParty:1030 - CMSIS Pack Vendor :WES I-CUBE-Cesium 1.3.0
2025-01-06 22:46:57,653 DEBUG [LineInfo_to_exitCode.log_LineInfo] 2025-01-06 22:46:57,649 [INFO] ThirdParty:1030 - CMSIS Pack Vendor :STMicroelectronics lwIP 2.1.2
2025-01-06 22:46:57,653 DEBUG [LineInfo_to_exitCode.log_LineInfo] 2025-01-06 22:46:57,649 [INFO] ThirdParty:1030 - CMSIS Pack Vendor :STMicroelectronics X-CUBE-SFXS2LP1 4.0.0
2025-01-06 22:46:57,653 DEBUG [LineInfo_to_exitCode.log_LineInfo] 2025-01-06 22:46:57,649 [INFO] ThirdParty:1030 - CMSIS Pack Vendor :STMicroelectronics X-CUBE-BLE2 3.3.0
2025-01-06 22:46:57,653 DEBUG [LineInfo_to_exitCode.log_LineInfo] 2025-01-06 22:46:57,649 [INFO] ThirdParty:1030 - CMSIS Pack Vendor :STMicroelectronics PDM2PCM 3.2.0
2025-01-06 22:46:57,654 DEBUG [LineInfo_to_exitCode.log_LineInfo] 2025-01-06 22:46:57,649 [INFO] ThirdParty:1030 - CMSIS Pack Vendor :STMicroelectronics X-CUBE-ISPU 1.1.0
2025-01-06 22:46:57,654 DEBUG [LineInfo_to_exitCode.log_LineInfo] 2025-01-06 22:46:57,649 [INFO] ThirdParty:1030 - CMSIS Pack Vendor :STMicroelectronics X-CUBE-AZRTOS-H7 3.3.0
2025-01-06 22:46:57,654 DEBUG [LineInfo_to_exitCode.log_LineInfo] 2025-01-06 22:46:57,649 [INFO] ThirdParty:1030 - CMSIS Pack Vendor :STMicroelectronics X-CUBE-NFC9 1.0.0
2025-01-06 22:46:57,654 DEBUG [LineInfo_to_exitCode.log_LineInfo] 2025-01-06 22:46:57,649 [INFO] ThirdParty:1030 - CMSIS Pack Vendor :STMicroelectronics USB_DEVICE 3.0.0
2025-01-06 22:46:57,654 DEBUG [LineInfo_to_exitCode.log_LineInfo] 2025-01-06 22:46:57,649 [INFO] ThirdParty:1030 - CMSIS Pack Vendor :STMicroelectronics X-CUBE-TCPP 4.1.0
2025-01-06 22:46:57,654 DEBUG [LineInfo_to_exitCode.log_LineInfo] 2025-01-06 22:46:57,650 [INFO] ThirdParty:1030 - CMSIS Pack Vendor :STMicroelectronics X-CUBE-IPS 3.0.0
2025-01-06 22:46:57,654 DEBUG [LineInfo_to_exitCode.log_LineInfo] 2025-01-06 22:46:57,650 [INFO] ThirdParty:1030 - CMSIS Pack Vendor :STMicroelectronics X-CUBE-AZRTOS-WB 2.0.0
2025-01-06 22:46:57,654 DEBUG [LineInfo_to_exitCode.log_LineInfo] 2025-01-06 22:46:57,650 [INFO] ThirdParty:1030 - CMSIS Pack Vendor :STMicroelectronics X-CUBE-FREERTOS 1.0.1
2025-01-06 22:46:57,655 DEBUG [LineInfo_to_exitCode.log_LineInfo] 2025-01-06 22:46:57,650 [INFO] ThirdParty:1030 - CMSIS Pack Vendor :STMicroelectronics X-CUBE-GNSS1 7.0.0
2025-01-06 22:46:57,655 DEBUG [LineInfo_to_exitCode.log_LineInfo] 2025-01-06 22:46:57,650 [INFO] ThirdParty:1030 - CMSIS Pack Vendor :STMicroelectronics X-CUBE-GNSS1 7.0.1
2025-01-06 22:46:57,655 DEBUG [LineInfo_to_exitCode.log_LineInfo] 2025-01-06 22:46:57,650 [INFO] ThirdParty:1030 - CMSIS Pack Vendor :STMicroelectronics FP-SNS-STBOX1 2.0.0
2025-01-06 22:46:57,655 DEBUG [LineInfo_to_exitCode.log_LineInfo] 2025-01-06 22:46:57,651 [INFO] ThirdParty:1030 - CMSIS Pack Vendor :STMicroelectronics X-CUBE-ALGOBUILD 1.3.0
2025-01-06 22:46:57,655 DEBUG [LineInfo_to_exitCode.log_LineInfo] 2025-01-06 22:46:57,651 [INFO] ThirdParty:1030 - CMSIS Pack Vendor :STMicroelectronics X-CUBE-AZRTOS-L5 1.1.0
2025-01-06 22:46:57,656 DEBUG [LineInfo_to_exitCode.log_LineInfo] 2025-01-06 22:46:57,651 [INFO] ThirdParty:1030 - CMSIS Pack Vendor :STMicroelectronics X-CUBE-AZRTOS-G0 1.1.0
2025-01-06 22:46:57,656 DEBUG [LineInfo_to_exitCode.log_LineInfo] 2025-01-06 22:46:57,651 [INFO] ThirdParty:1030 - CMSIS Pack Vendor :STMicroelectronics X-CUBE-AI 8.0.1
2025-01-06 22:46:57,656 DEBUG [LineInfo_to_exitCode.log_LineInfo] 2025-01-06 22:46:57,651 [INFO] ThirdParty:1030 - CMSIS Pack Vendor :STMicroelectronics X-CUBE-SAFEA1 1.2.2
2025-01-06 22:46:57,656 DEBUG [LineInfo_to_exitCode.log_LineInfo] 2025-01-06 22:46:57,651 [INFO] ThirdParty:1030 - CMSIS Pack Vendor :STMicroelectronics X-CUBE-NFC4 3.0.0
2025-01-06 22:46:57,656 DEBUG [LineInfo_to_exitCode.log_LineInfo] 2025-01-06 22:46:57,651 [INFO] ThirdParty:1030 - CMSIS Pack Vendor :STMicroelectronics X-CUBE-SUBG2 5.0.0
2025-01-06 22:46:57,656 DEBUG [LineInfo_to_exitCode.log_LineInfo] 2025-01-06 22:46:57,651 [INFO] ThirdParty:1030 - CMSIS Pack Vendor :STMicroelectronics STM32_WPAN 1.0.0
2025-01-06 22:46:57,656 DEBUG [LineInfo_to_exitCode.log_LineInfo] 2025-01-06 22:46:57,651 [INFO] ThirdParty:1030 - CMSIS Pack Vendor :wolfSSL I-CUBE-wolfMQTT 1.18.0
2025-01-06 22:46:57,656 DEBUG [LineInfo_to_exitCode.log_LineInfo] 2025-01-06 22:46:57,651 [INFO] ThirdParty:1030 - CMSIS Pack Vendor :EmbeddedOffice I-CUBE-FS-RTOS 1.0.1
2025-01-06 22:46:57,656 DEBUG [LineInfo_to_exitCode.log_LineInfo] 2025-01-06 22:46:57,651 [INFO] ThirdParty:1030 - CMSIS Pack Vendor :STMicroelectronics lwIP 2.0.3
2025-01-06 22:46:57,656 DEBUG [LineInfo_to_exitCode.log_LineInfo] 2025-01-06 22:46:57,651 [INFO] ThirdParty:1030 - CMSIS Pack Vendor :STMicroelectronics USB_HOST 1.0.0
2025-01-06 22:46:57,657 DEBUG [LineInfo_to_exitCode.log_LineInfo] 2025-01-06 22:46:57,651 [INFO] ThirdParty:1030 - CMSIS Pack Vendor :STMicroelectronics X-CUBE-TOF1 3.3.1
2025-01-06 22:46:57,657 DEBUG [LineInfo_to_exitCode.log_LineInfo] 2025-01-06 22:46:57,651 [INFO] ThirdParty:1030 - CMSIS Pack Vendor :STMicroelectronics X-CUBE-AZRTOS-G4 2.0.0
2025-01-06 22:46:57,657 DEBUG [LineInfo_to_exitCode.log_LineInfo] 2025-01-06 22:46:57,651 [INFO] ThirdParty:1030 - CMSIS Pack Vendor :STMicroelectronics PDM2PCM 3.1.0
2025-01-06 22:46:57,657 DEBUG [LineInfo_to_exitCode.log_LineInfo] 2025-01-06 22:46:57,651 [INFO] ThirdParty:1030 - CMSIS Pack Vendor :STMicroelectronics X-CUBE-TOF1 3.3.0
2025-01-06 22:46:57,657 DEBUG [LineInfo_to_exitCode.log_LineInfo] 2025-01-06 22:46:57,651 [INFO] ThirdParty:1030 - CMSIS Pack Vendor :Infineon AIROC-Wi-Fi-Bluetooth-STM32 1.5.1
2025-01-06 22:46:57,658 DEBUG [LineInfo_to_exitCode.log_LineInfo] 2025-01-06 22:46:57,651 [INFO] ThirdParty:1030 - CMSIS Pack Vendor :STMicroelectronics X-CUBE-BLEMGR 3.0.0
2025-01-06 22:46:57,658 DEBUG [LineInfo_to_exitCode.log_LineInfo] 2025-01-06 22:46:57,651 [INFO] ThirdParty:1030 - CMSIS Pack Vendor :STMicroelectronics FP-SNS-MOTENVWB1 1.3.0
2025-01-06 22:46:57,658 DEBUG [LineInfo_to_exitCode.log_LineInfo] 2025-01-06 22:46:57,651 [INFO] ThirdParty:1030 - CMSIS Pack Vendor :RealThread X-CUBE-RT-Thread_Nano 4.1.1
2025-01-06 22:46:57,658 DEBUG [LineInfo_to_exitCode.log_LineInfo] 2025-01-06 22:46:57,651 [INFO] ThirdParty:1030 - CMSIS Pack Vendor :STMicroelectronics FP-SNS-MOTENVWB1 1.3.1
2025-01-06 22:46:57,658 DEBUG [LineInfo_to_exitCode.log_LineInfo] 2025-01-06 22:46:57,651 [INFO] ThirdParty:1030 - CMSIS Pack Vendor :STMicroelectronics FP-ATR-SIGFOX1 3.2.0
2025-01-06 22:46:57,658 DEBUG [LineInfo_to_exitCode.log_LineInfo] 2025-01-06 22:46:57,651 [INFO] ThirdParty:1030 - CMSIS Pack Vendor :quantropi X-CUBE-qispace-sdk-base 1.9.3
2025-01-06 22:46:57,659 DEBUG [LineInfo_to_exitCode.log_LineInfo] 2025-01-06 22:46:57,651 [INFO] ThirdParty:1030 - CMSIS Pack Vendor :STMicroelectronics X-CUBE-ISPU 2.0.0
2025-01-06 22:46:57,659 DEBUG [LineInfo_to_exitCode.log_LineInfo] 2025-01-06 22:46:57,651 [INFO] ThirdParty:1030 - CMSIS Pack Vendor :STMicroelectronics X-CUBE-EEPRMA1 5.1.0
2025-01-06 22:46:57,659 DEBUG [LineInfo_to_exitCode.log_LineInfo] 2025-01-06 22:46:57,651 [INFO] ThirdParty:1030 - CMSIS Pack Vendor :STMicroelectronics MBEDTLS 2.16.2
2025-01-06 22:46:57,659 DEBUG [LineInfo_to_exitCode.log_LineInfo] 2025-01-06 22:46:57,651 [INFO] ThirdParty:1030 - CMSIS Pack Vendor :STMicroelectronics X-CUBE-ALS 1.0.2
2025-01-06 22:46:57,659 DEBUG [LineInfo_to_exitCode.log_LineInfo] 2025-01-06 22:46:57,651 [INFO] ThirdParty:1030 - CMSIS Pack Vendor :STMicroelectronics X-CUBE-MEMS1 10.0.0
2025-01-06 22:46:57,660 DEBUG [LineInfo_to_exitCode.log_LineInfo] 2025-01-06 22:46:57,651 [INFO] ThirdParty:1030 - CMSIS Pack Vendor :STMicroelectronics X-CUBE-FREERTOS 1.1.0
2025-01-06 22:46:57,660 DEBUG [LineInfo_to_exitCode.log_LineInfo] 2025-01-06 22:46:57,651 [INFO] ThirdParty:1030 - CMSIS Pack Vendor :STMicroelectronics X-CUBE-TOUCHGFX 4.24.0
2025-01-06 22:46:57,660 DEBUG [LineInfo_to_exitCode.log_LineInfo] 2025-01-06 22:46:57,651 [INFO] ThirdParty:1030 - CMSIS Pack Vendor :STMicroelectronics X-CUBE-TOUCHGFX 4.24.1
2025-01-06 22:46:57,660 DEBUG [LineInfo_to_exitCode.log_LineInfo] 2025-01-06 22:46:57,651 [INFO] ThirdParty:1030 - CMSIS Pack Vendor :portGmbH I-Cube-SoM-uGOAL 1.1.0
2025-01-06 22:46:57,660 DEBUG [LineInfo_to_exitCode.log_LineInfo] 2025-01-06 22:46:57,651 [INFO] ThirdParty:1030 - CMSIS Pack Vendor :STMicroelectronics X-CUBE-ALS 1.0.1
2025-01-06 22:46:57,660 DEBUG [LineInfo_to_exitCode.log_LineInfo] 2025-01-06 22:46:57,651 [INFO] ThirdParty:1030 - CMSIS Pack Vendor :STMicroelectronics ThreadX 1.0.0
2025-01-06 22:46:57,661 DEBUG [LineInfo_to_exitCode.log_LineInfo] 2025-01-06 22:46:57,651 [INFO] ThirdParty:1030 - CMSIS Pack Vendor :STMicroelectronics X-CUBE-AZRTOS-WB 1.1.0
2025-01-06 22:46:57,661 DEBUG [LineInfo_to_exitCode.log_LineInfo] 2025-01-06 22:46:57,651 [INFO] ThirdParty:1030 - CMSIS Pack Vendor :SEGGER I-CUBE-embOS 1.3.1
2025-01-06 22:46:57,661 DEBUG [LineInfo_to_exitCode.log_LineInfo] 2025-01-06 22:46:57,654 [INFO] ThirdParty:1030 - CMSIS Pack Vendor :STMicroelectronics X-CUBE-ALGOBUILD 1.4.0
2025-01-06 22:46:57,661 DEBUG [LineInfo_to_exitCode.log_LineInfo] 2025-01-06 22:46:57,655 [INFO] ThirdParty:1030 - CMSIS Pack Vendor :STMicroelectronics X-CUBE-AZRTOS-H7RS 1.0.0
2025-01-06 22:46:57,661 DEBUG [LineInfo_to_exitCode.log_LineInfo] 2025-01-06 22:46:57,655 [INFO] ThirdParty:1030 - CMSIS Pack Vendor :STMicroelectronics FP-ATR-ASTRA1 2.0.0
2025-01-06 22:46:57,661 DEBUG [LineInfo_to_exitCode.log_LineInfo] 2025-01-06 22:46:57,655 [INFO] ThirdParty:1030 - CMSIS Pack Vendor :STMicroelectronics X-CUBE-TOF1 3.4.2
2025-01-06 22:46:57,661 DEBUG [LineInfo_to_exitCode.log_LineInfo] 2025-01-06 22:46:57,655 [INFO] ThirdParty:1030 - CMSIS Pack Vendor :STMicroelectronics X-CUBE-AI 9.1.0
2025-01-06 22:46:57,662 DEBUG [LineInfo_to_exitCode.log_LineInfo] 2025-01-06 22:46:57,655 [INFO] ThirdParty:1030 - CMSIS Pack Vendor :STMicroelectronics X-CUBE-TOF1 3.4.0
2025-01-06 22:46:57,662 DEBUG [LineInfo_to_exitCode.log_LineInfo] 2025-01-06 22:46:57,655 [INFO] ThirdParty:1030 - CMSIS Pack Vendor :STMicroelectronics X-CUBE-TOF1 3.4.1
2025-01-06 22:46:57,662 DEBUG [LineInfo_to_exitCode.log_LineInfo] 2025-01-06 22:46:57,655 [INFO] ThirdParty:1030 - CMSIS Pack Vendor :STMicroelectronics X-CUBE-AZRTOS-H7 3.2.0
2025-01-06 22:46:57,662 DEBUG [LineInfo_to_exitCode.log_LineInfo] 2025-01-06 22:46:57,655 [INFO] ThirdParty:1030 - CMSIS Pack Vendor :wolfSSL I-CUBE-wolfSSH 1.4.17
2025-01-06 22:46:57,662 DEBUG [LineInfo_to_exitCode.log_LineInfo] 2025-01-06 22:46:57,655 [INFO] ThirdParty:841 - exiting critical section [change project]
2025-01-06 22:46:58,114 DEBUG [LineInfo_to_exitCode.log_LineInfo] 2025-01-06 22:46:58,114 [INFO] PinOutPanel:1561 - setPackage(No Configuration,No Configuration)
2025-01-06 22:46:58,115 DEBUG [LineInfo_to_exitCode.log_LineInfo] 2025-01-06 22:46:58,115 [INFO] PinOutPanel:1561 - setPackage(STM32G474RETx,LQFP64)
2025-01-06 22:46:58,616 DEBUG [LineInfo_to_exitCode.log_LineInfo] 2025-01-06 22:46:58,616 [INFO] UtilMem:75 - Before build in PCC Used Memory: 544440648 Bytes (759169024)
2025-01-06 22:46:59,388 DEBUG [LineInfo_to_exitCode.log_LineInfo] 2025-01-06 22:46:59,388 [INFO] UtilMem:75 - After build in PCC Used Memory: 270029544 Bytes (759169024)
2025-01-06 22:46:59,650 DEBUG [LineInfo_to_exitCode.log_LineInfo] 2025-01-06 22:46:59,650 [INFO] ApiDbMcu:508 - Load IP Config File for MotorControl
2025-01-06 22:46:59,684 DEBUG [LineInfo_to_exitCode.log_LineInfo] 2025-01-06 22:46:59,683 [INFO] IPUIPlugin:80 - create IPUIPlugin
2025-01-06 22:46:59,684 DEBUG [LineInfo_to_exitCode.log_LineInfo] 2025-01-06 22:46:59,683 [INFO] IPUIPlugin:80 - create IPUIPlugin
2025-01-06 22:46:59,684 DEBUG [LineInfo_to_exitCode.log_LineInfo] 2025-01-06 22:46:59,683 [INFO] IPUIPlugin:80 - create IPUIPlugin
2025-01-06 22:46:59,684 DEBUG [LineInfo_to_exitCode.log_LineInfo] 2025-01-06 22:46:59,684 [INFO] IPUIPlugin:80 - create IPUIPlugin
2025-01-06 22:46:59,684 DEBUG [LineInfo_to_exitCode.log_LineInfo] 2025-01-06 22:46:59,684 [INFO] IPUIPlugin:80 - create IPUIPlugin
2025-01-06 22:46:59,684 DEBUG [LineInfo_to_exitCode.log_LineInfo] 2025-01-06 22:46:59,684 [INFO] IPUIPlugin:80 - create IPUIPlugin
2025-01-06 22:46:59,685 DEBUG [LineInfo_to_exitCode.log_LineInfo] 2025-01-06 22:46:59,684 [INFO] IPUIPlugin:80 - create IPUIPlugin
2025-01-06 22:46:59,685 DEBUG [LineInfo_to_exitCode.log_LineInfo] 2025-01-06 22:46:59,684 [INFO] IPUIPlugin:80 - create IPUIPlugin
2025-01-06 22:46:59,685 DEBUG [LineInfo_to_exitCode.log_LineInfo] 2025-01-06 22:46:59,684 [INFO] IPUIPlugin:80 - create IPUIPlugin
2025-01-06 22:46:59,685 DEBUG [LineInfo_to_exitCode.log_LineInfo] 2025-01-06 22:46:59,684 [INFO] IPUIPlugin:80 - create IPUIPlugin
2025-01-06 22:46:59,685 DEBUG [LineInfo_to_exitCode.log_LineInfo] 2025-01-06 22:46:59,684 [INFO] IPUIPlugin:80 - create IPUIPlugin
2025-01-06 22:46:59,685 DEBUG [LineInfo_to_exitCode.log_LineInfo] 2025-01-06 22:46:59,684 [INFO] IPUIPlugin:80 - create IPUIPlugin
2025-01-06 22:46:59,685 DEBUG [LineInfo_to_exitCode.log_LineInfo] 2025-01-06 22:46:59,684 [INFO] IPUIPlugin:80 - create IPUIPlugin
2025-01-06 22:46:59,685 DEBUG [LineInfo_to_exitCode.log_LineInfo] 2025-01-06 22:46:59,684 [INFO] IPUIPlugin:80 - create IPUIPlugin
2025-01-06 22:46:59,685 DEBUG [LineInfo_to_exitCode.log_LineInfo] 2025-01-06 22:46:59,685 [INFO] IPUIPlugin:80 - create IPUIPlugin
2025-01-06 22:46:59,685 DEBUG [LineInfo_to_exitCode.log_LineInfo] 2025-01-06 22:46:59,685 [INFO] IPUIPlugin:80 - create IPUIPlugin
2025-01-06 22:46:59,685 DEBUG [LineInfo_to_exitCode.log_LineInfo] 2025-01-06 22:46:59,685 [INFO] IPUIPlugin:80 - create IPUIPlugin
2025-01-06 22:46:59,685 DEBUG [LineInfo_to_exitCode.log_LineInfo] 2025-01-06 22:46:59,685 [INFO] IPUIPlugin:80 - create IPUIPlugin
2025-01-06 22:46:59,685 DEBUG [LineInfo_to_exitCode.log_LineInfo] 2025-01-06 22:46:59,685 [INFO] IPUIPlugin:80 - create IPUIPlugin
2025-01-06 22:46:59,686 DEBUG [LineInfo_to_exitCode.log_LineInfo] 2025-01-06 22:46:59,685 [INFO] IPUIPlugin:80 - create IPUIPlugin
2025-01-06 22:46:59,686 DEBUG [LineInfo_to_exitCode.log_LineInfo] 2025-01-06 22:46:59,685 [INFO] IPUIPlugin:80 - create IPUIPlugin
2025-01-06 22:46:59,686 DEBUG [LineInfo_to_exitCode.log_LineInfo] 2025-01-06 22:46:59,685 [INFO] IPUIPlugin:80 - create IPUIPlugin
2025-01-06 22:46:59,686 DEBUG [LineInfo_to_exitCode.log_LineInfo] 2025-01-06 22:46:59,685 [INFO] IPUIPlugin:80 - create IPUIPlugin
2025-01-06 22:46:59,686 DEBUG [LineInfo_to_exitCode.log_LineInfo] 2025-01-06 22:46:59,686 [INFO] IPUIPlugin:80 - create IPUIPlugin
2025-01-06 22:46:59,686 DEBUG [LineInfo_to_exitCode.log_LineInfo] 2025-01-06 22:46:59,686 [INFO] IPUIPlugin:80 - create IPUIPlugin
2025-01-06 22:46:59,686 DEBUG [LineInfo_to_exitCode.log_LineInfo] 2025-01-06 22:46:59,686 [INFO] IPUIPlugin:80 - create IPUIPlugin
2025-01-06 22:46:59,686 DEBUG [LineInfo_to_exitCode.log_LineInfo] 2025-01-06 22:46:59,686 [INFO] IPUIPlugin:80 - create IPUIPlugin
2025-01-06 22:46:59,687 DEBUG [LineInfo_to_exitCode.log_LineInfo] 2025-01-06 22:46:59,686 [INFO] IPUIPlugin:80 - create IPUIPlugin
2025-01-06 22:46:59,687 DEBUG [LineInfo_to_exitCode.log_LineInfo] 2025-01-06 22:46:59,687 [INFO] IPUIPlugin:80 - create IPUIPlugin
2025-01-06 22:46:59,687 DEBUG [LineInfo_to_exitCode.log_LineInfo] 2025-01-06 22:46:59,687 [INFO] IPUIPlugin:80 - create IPUIPlugin
2025-01-06 22:46:59,687 DEBUG [LineInfo_to_exitCode.log_LineInfo] 2025-01-06 22:46:59,687 [INFO] IPUIPlugin:80 - create IPUIPlugin
2025-01-06 22:46:59,687 DEBUG [LineInfo_to_exitCode.log_LineInfo] 2025-01-06 22:46:59,687 [INFO] IPUIPlugin:80 - create IPUIPlugin
2025-01-06 22:46:59,687 DEBUG [LineInfo_to_exitCode.log_LineInfo] 2025-01-06 22:46:59,687 [INFO] IPUIPlugin:80 - create IPUIPlugin
2025-01-06 22:46:59,687 DEBUG [LineInfo_to_exitCode.log_LineInfo] 2025-01-06 22:46:59,687 [INFO] IPUIPlugin:80 - create IPUIPlugin
2025-01-06 22:46:59,687 DEBUG [LineInfo_to_exitCode.log_LineInfo] 2025-01-06 22:46:59,687 [INFO] IPUIPlugin:80 - create IPUIPlugin
2025-01-06 22:46:59,688 DEBUG [LineInfo_to_exitCode.log_LineInfo] 2025-01-06 22:46:59,688 [INFO] IPUIPlugin:80 - create IPUIPlugin
2025-01-06 22:46:59,688 DEBUG [LineInfo_to_exitCode.log_LineInfo] 2025-01-06 22:46:59,688 [INFO] IPUIPlugin:80 - create IPUIPlugin
2025-01-06 22:46:59,688 DEBUG [LineInfo_to_exitCode.log_LineInfo] 2025-01-06 22:46:59,688 [INFO] IPUIPlugin:80 - create IPUIPlugin
2025-01-06 22:46:59,688 DEBUG [LineInfo_to_exitCode.log_LineInfo] 2025-01-06 22:46:59,688 [INFO] IPUIPlugin:80 - create IPUIPlugin
2025-01-06 22:46:59,688 DEBUG [LineInfo_to_exitCode.log_LineInfo] 2025-01-06 22:46:59,688 [INFO] IPUIPlugin:80 - create IPUIPlugin
2025-01-06 22:46:59,689 DEBUG [LineInfo_to_exitCode.log_LineInfo] 2025-01-06 22:46:59,689 [INFO] IPUIPlugin:80 - create IPUIPlugin
2025-01-06 22:46:59,689 DEBUG [LineInfo_to_exitCode.log_LineInfo] 2025-01-06 22:46:59,689 [INFO] IPUIPlugin:80 - create IPUIPlugin
2025-01-06 22:46:59,689 DEBUG [LineInfo_to_exitCode.log_LineInfo] 2025-01-06 22:46:59,689 [INFO] IPUIPlugin:80 - create IPUIPlugin
2025-01-06 22:46:59,689 DEBUG [LineInfo_to_exitCode.log_LineInfo] 2025-01-06 22:46:59,689 [INFO] IPUIPlugin:80 - create IPUIPlugin
2025-01-06 22:46:59,689 DEBUG [LineInfo_to_exitCode.log_LineInfo] 2025-01-06 22:46:59,689 [INFO] IPUIPlugin:80 - create IPUIPlugin
2025-01-06 22:46:59,689 DEBUG [LineInfo_to_exitCode.log_LineInfo] 2025-01-06 22:46:59,689 [INFO] IPUIPlugin:80 - create IPUIPlugin
2025-01-06 22:46:59,689 DEBUG [LineInfo_to_exitCode.log_LineInfo] 2025-01-06 22:46:59,689 [INFO] IPUIPlugin:80 - create IPUIPlugin
2025-01-06 22:46:59,690 DEBUG [LineInfo_to_exitCode.log_LineInfo] 2025-01-06 22:46:59,690 [INFO] IPUIPlugin:80 - create IPUIPlugin
2025-01-06 22:46:59,691 DEBUG [LineInfo_to_exitCode.log_LineInfo] 2025-01-06 22:46:59,691 [INFO] IPUIPlugin:80 - create IPUIPlugin
2025-01-06 22:46:59,691 DEBUG [LineInfo_to_exitCode.log_LineInfo] 2025-01-06 22:46:59,691 [INFO] IPUIPlugin:80 - create IPUIPlugin
2025-01-06 22:46:59,691 DEBUG [LineInfo_to_exitCode.log_LineInfo] 2025-01-06 22:46:59,691 [INFO] IPUIPlugin:80 - create IPUIPlugin
2025-01-06 22:46:59,691 DEBUG [LineInfo_to_exitCode.log_LineInfo] 2025-01-06 22:46:59,691 [INFO] IPUIPlugin:80 - create IPUIPlugin
2025-01-06 22:46:59,691 DEBUG [LineInfo_to_exitCode.log_LineInfo] 2025-01-06 22:46:59,691 [INFO] IPUIPlugin:80 - create IPUIPlugin
2025-01-06 22:46:59,692 DEBUG [LineInfo_to_exitCode.log_LineInfo] 2025-01-06 22:46:59,692 [INFO] IPUIPlugin:80 - create IPUIPlugin
2025-01-06 22:46:59,692 DEBUG [LineInfo_to_exitCode.log_LineInfo] 2025-01-06 22:46:59,692 [INFO] IPUIPlugin:80 - create IPUIPlugin
2025-01-06 22:46:59,692 DEBUG [LineInfo_to_exitCode.log_LineInfo] 2025-01-06 22:46:59,692 [INFO] IPUIPlugin:80 - create IPUIPlugin
2025-01-06 22:46:59,692 DEBUG [LineInfo_to_exitCode.log_LineInfo] 2025-01-06 22:46:59,692 [INFO] IPUIPlugin:80 - create IPUIPlugin
2025-01-06 22:46:59,693 DEBUG [LineInfo_to_exitCode.log_LineInfo] 2025-01-06 22:46:59,693 [INFO] IPUIPlugin:80 - create IPUIPlugin
2025-01-06 22:46:59,693 DEBUG [LineInfo_to_exitCode.log_LineInfo] 2025-01-06 22:46:59,693 [INFO] IPUIPlugin:80 - create IPUIPlugin
2025-01-06 22:46:59,693 DEBUG [LineInfo_to_exitCode.log_LineInfo] 2025-01-06 22:46:59,693 [INFO] IPUIPlugin:80 - create IPUIPlugin
2025-01-06 22:46:59,694 DEBUG [LineInfo_to_exitCode.log_LineInfo] 2025-01-06 22:46:59,694 [INFO] IPUIPlugin:80 - create IPUIPlugin
2025-01-06 22:46:59,694 DEBUG [LineInfo_to_exitCode.log_LineInfo] 2025-01-06 22:46:59,694 [INFO] IPUIPlugin:80 - create IPUIPlugin
2025-01-06 22:46:59,695 DEBUG [LineInfo_to_exitCode.log_LineInfo] 2025-01-06 22:46:59,694 [INFO] IPUIPlugin:80 - create IPUIPlugin
2025-01-06 22:46:59,695 DEBUG [LineInfo_to_exitCode.log_LineInfo] 2025-01-06 22:46:59,694 [INFO] IPUIPlugin:80 - create IPUIPlugin
2025-01-06 22:46:59,695 DEBUG [LineInfo_to_exitCode.log_LineInfo] 2025-01-06 22:46:59,695 [INFO] IPUIPlugin:80 - create IPUIPlugin
2025-01-06 22:46:59,695 DEBUG [LineInfo_to_exitCode.log_LineInfo] 2025-01-06 22:46:59,695 [INFO] IPUIPlugin:80 - create IPUIPlugin
2025-01-06 22:46:59,696 DEBUG [LineInfo_to_exitCode.log_LineInfo] 2025-01-06 22:46:59,696 [INFO] IPUIPlugin:80 - create IPUIPlugin
2025-01-06 22:46:59,696 DEBUG [LineInfo_to_exitCode.log_LineInfo] 2025-01-06 22:46:59,696 [INFO] IPUIPlugin:80 - create IPUIPlugin
2025-01-06 22:46:59,696 DEBUG [LineInfo_to_exitCode.log_LineInfo] 2025-01-06 22:46:59,696 [INFO] IPUIPlugin:80 - create IPUIPlugin
2025-01-06 22:46:59,697 DEBUG [LineInfo_to_exitCode.log_LineInfo] 2025-01-06 22:46:59,697 [INFO] IPUIPlugin:80 - create IPUIPlugin
2025-01-06 22:46:59,697 DEBUG [LineInfo_to_exitCode.log_LineInfo] 2025-01-06 22:46:59,697 [INFO] IPUIPlugin:80 - create IPUIPlugin
2025-01-06 22:46:59,698 DEBUG [LineInfo_to_exitCode.log_LineInfo] 2025-01-06 22:46:59,697 [INFO] IPUIPlugin:80 - create IPUIPlugin
2025-01-06 22:46:59,698 DEBUG [LineInfo_to_exitCode.log_LineInfo] 2025-01-06 22:46:59,698 [INFO] IPUIPlugin:80 - create IPUIPlugin
2025-01-06 22:46:59,698 DEBUG [LineInfo_to_exitCode.log_LineInfo] 2025-01-06 22:46:59,698 [INFO] IPUIPlugin:80 - create IPUIPlugin
2025-01-06 22:46:59,699 DEBUG [LineInfo_to_exitCode.log_LineInfo] 2025-01-06 22:46:59,699 [INFO] IPUIPlugin:80 - create IPUIPlugin
2025-01-06 22:46:59,699 DEBUG [LineInfo_to_exitCode.log_LineInfo] 2025-01-06 22:46:59,699 [INFO] IPUIPlugin:80 - create IPUIPlugin
2025-01-06 22:46:59,700 DEBUG [LineInfo_to_exitCode.log_LineInfo] 2025-01-06 22:46:59,699 [INFO] IPUIPlugin:80 - create IPUIPlugin
2025-01-06 22:46:59,700 DEBUG [LineInfo_to_exitCode.log_LineInfo] 2025-01-06 22:46:59,700 [INFO] IPUIPlugin:80 - create IPUIPlugin
2025-01-06 22:46:59,956 DEBUG [LineInfo_to_exitCode.log_LineInfo] 2025-01-06 22:46:59,955 [INFO] CADModel:165 - CPN selected for project levelSTM32G474RET3
2025-01-06 22:46:59,956 DEBUG [LineInfo_to_exitCode.log_LineInfo] 2025-01-06 22:46:59,956 [INFO] CADModel:114 - Register for checkConnection events
2025-01-06 22:47:00,206 DEBUG [LineInfo_to_exitCode.log_LineInfo] 2025-01-06 22:47:00,205 [INFO] OpenFileManager:363 - Restore cursor
2025-01-06 22:47:00,601 DEBUG [LineInfo_to_exitCode.log_LineInfo] 2025-01-06 22:47:00,601 [INFO] UserAuth:417 - Internet connection configuration mode: 1
2025-01-06 22:47:10,982 DEBUG [LineInfo_to_exitCode.log_LineInfo] 2025-01-06 22:47:10,982 [INFO] AnalyticsPlugin:368 - Accepted License(s): [FW.G4.1.6.0]
2025-01-06 22:47:10,983 DEBUG [LineInfo_to_exitCode.log_LineInfo] 2025-01-06 22:47:10,983 [INFO] FileExtend:240 - Unzip File : stm32cube_fw_g4_v160.zip
2025-01-06 22:47:10,984 DEBUG [LineInfo_to_exitCode.log_LineInfo] 2025-01-06 22:47:10,983 [INFO] FileExtend:255 - Standard Zip Deflate
2025-01-06 22:47:31,053 DEBUG [LineInfo_to_exitCode.log_LineInfo] 2025-01-06 22:47:31,053 [INFO] ServerAccessManage:473 - Download File stm32cube_fw_g4_v161.zip
2025-01-06 22:48:56,462 DEBUG [LineInfo_to_exitCode.log_LineInfo] 2025-01-06 22:48:56,462 [INFO] FileExtend:240 - Unzip File : stm32cube_fw_g4_v161.zip
2025-01-06 22:48:56,463 DEBUG [LineInfo_to_exitCode.log_LineInfo] 2025-01-06 22:48:56,463 [INFO] FileExtend:255 - Standard Zip Deflate
2025-01-06 22:49:09,779 DEBUG [LineInfo_to_exitCode.log_LineInfo] 2025-01-06 22:49:09,778 [INFO] LoadServerPackagesThread:196 - End of LoadServerPackages Thread
2025-01-06 22:49:09,922 DEBUG [LineInfo_to_exitCode.log_LineInfo] 2025-01-06 22:49:09,921 [INFO] ThirdPartyModel:298 - Start build external matchings
2025-01-06 22:49:09,971 DEBUG [LineInfo_to_exitCode.log_LineInfo] 2025-01-06 22:49:09,971 [INFO] UtilMem:75 - End SaveConfig() Used Memory: 410157632 Bytes (759169024)
2025-01-06 22:49:10,865 DEBUG [LineInfo_to_exitCode.log_LineInfo] 2025-01-06 22:49:10,865 [INFO] BlockDiagram:2766 - set Specific Code input for plugin: MotorControl
2025-01-06 22:49:10,866 DEBUG [LineInfo_to_exitCode.log_LineInfo] 2025-01-06 22:49:10,865 [INFO] BlockDiagram:2766 - set Specific Code input for plugin: TIM1_8G4
2025-01-06 22:49:10,866 DEBUG [LineInfo_to_exitCode.log_LineInfo] 2025-01-06 22:49:10,865 [INFO] BlockDiagram:2766 - set Specific Code input for plugin: TIM1_8G4
2025-01-06 22:49:10,866 DEBUG [LineInfo_to_exitCode.log_LineInfo] 2025-01-06 22:49:10,865 [INFO] BlockDiagram:2766 - set Specific Code input for plugin: SYS
2025-01-06 22:49:10,866 DEBUG [LineInfo_to_exitCode.log_LineInfo] 2025-01-06 22:49:10,865 [INFO] BlockDiagram:2766 - set Specific Code input for plugin: ADC
2025-01-06 22:49:10,866 DEBUG [LineInfo_to_exitCode.log_LineInfo] 2025-01-06 22:49:10,865 [INFO] BlockDiagram:2766 - set Specific Code input for plugin: RCC
2025-01-06 22:49:10,866 DEBUG [LineInfo_to_exitCode.log_LineInfo] 2025-01-06 22:49:10,865 [INFO] BlockDiagram:2766 - set Specific Code input for plugin: NVIC
2025-01-06 22:49:10,866 DEBUG [LineInfo_to_exitCode.log_LineInfo] 2025-01-06 22:49:10,866 [INFO] BlockDiagram:2766 - set Specific Code input for plugin: GPIO
2025-01-06 22:49:10,869 DEBUG [LineInfo_to_exitCode.log_LineInfo] 2025-01-06 22:49:10,869 [INFO] CodeGenerator:807 - code generatio: config db path: C:\Program Files\STMicroelectronics\STM32Cube\STM32CubeMX\\db\
2025-01-06 22:49:11,055 DEBUG [LineInfo_to_exitCode.log_LineInfo] 2025-01-06 22:49:11,054 [INFO] CodeEngine:255 - oldGeneratedFile, C:\Users\abina\Desktop\EcoCar\Hyper-Drive-Motor-Controller\Motor Controller Firmware\HyperDriveMotorControllerST_MOTOR_WORKBENCH\WorkBench Generated Project\HyperDriveSTMGenerated_6_STEP\MXTmpFiles\license.tmp_save
2025-01-06 22:49:11,434 DEBUG [LineInfo_to_exitCode.log_LineInfo] 2025-01-06 22:49:11,434 [INFO] CodeEngine:279 - Generated code: C:\Users\abina\Desktop\EcoCar\Hyper-Drive-Motor-Controller\Motor Controller Firmware\HyperDriveMotorControllerST_MOTOR_WORKBENCH\WorkBench Generated Project\HyperDriveSTMGenerated_6_STEP\MXTmpFiles\license.tmp
2025-01-06 22:49:11,519 DEBUG [LineInfo_to_exitCode.log_LineInfo] 2025-01-06 22:49:11,519 [INFO] CodeEngine:255 - oldGeneratedFile, C:\Users\abina\Desktop\EcoCar\Hyper-Drive-Motor-Controller\Motor Controller Firmware\HyperDriveMotorControllerST_MOTOR_WORKBENCH\WorkBench Generated Project\HyperDriveSTMGenerated_6_STEP\MXTmpFiles\gpio.tmp_save
2025-01-06 22:49:11,652 DEBUG [LineInfo_to_exitCode.log_LineInfo] 2025-01-06 22:49:11,652 [INFO] CodeEngine:279 - Generated code: C:\Users\abina\Desktop\EcoCar\Hyper-Drive-Motor-Controller\Motor Controller Firmware\HyperDriveMotorControllerST_MOTOR_WORKBENCH\WorkBench Generated Project\HyperDriveSTMGenerated_6_STEP\MXTmpFiles\gpio.tmp
2025-01-06 22:49:12,271 DEBUG [LineInfo_to_exitCode.log_LineInfo] 2025-01-06 22:49:12,271 [INFO] Middleware:1439 - No code input for Bsp Dependency
2025-01-06 22:49:12,458 DEBUG [LineInfo_to_exitCode.log_LineInfo] 2025-01-06 22:49:12,458 [INFO] Middleware:1439 - No code input for Bsp Dependency
2025-01-06 22:49:12,489 DEBUG [LineInfo_to_exitCode.log_LineInfo] 2025-01-06 22:49:12,489 [INFO] CodeEngine:255 - oldGeneratedFile, C:\Users\abina\Desktop\EcoCar\Hyper-Drive-Motor-Controller\Motor Controller Firmware\HyperDriveMotorControllerST_MOTOR_WORKBENCH\WorkBench Generated Project\HyperDriveSTMGenerated_6_STEP\Src\motorcontrol.c_save
2025-01-06 22:49:12,603 INFO  [LineInfo_to_exitCode.log_LineInfo] Generated code: C:\Users\abina\Desktop\EcoCar\Hyper-Drive-Motor-Controller\Motor Controller Firmware\HyperDriveMotorControllerST_MOTOR_WORKBENCH\WorkBench Generated Project\HyperDriveSTMGenerated_6_STEP\Src\motorcontrol.c
2025-01-06 22:49:12,621 DEBUG [LineInfo_to_exitCode.log_LineInfo] 2025-01-06 22:49:12,621 [INFO] CodeEngine:255 - oldGeneratedFile, C:\Users\abina\Desktop\EcoCar\Hyper-Drive-Motor-Controller\Motor Controller Firmware\HyperDriveMotorControllerST_MOTOR_WORKBENCH\WorkBench Generated Project\HyperDriveSTMGenerated_6_STEP\Inc\motorcontrol.h_save
2025-01-06 22:49:12,640 DEBUG [LineInfo_to_exitCode.log_LineInfo] 2025-01-06 22:49:12,640 [INFO] ThirdPartyModel:316 - End build external matchings
2025-01-06 22:49:12,688 DEBUG [LineInfo_to_exitCode.log_LineInfo] 2025-01-06 22:49:12,688 [INFO] CheckServerUpdateThread:120 - End of CheckServer Thread
2025-01-06 22:49:12,716 INFO  [LineInfo_to_exitCode.log_LineInfo] Generated code: C:\Users\abina\Desktop\EcoCar\Hyper-Drive-Motor-Controller\Motor Controller Firmware\HyperDriveMotorControllerST_MOTOR_WORKBENCH\WorkBench Generated Project\HyperDriveSTMGenerated_6_STEP\Inc\motorcontrol.h
2025-01-06 22:49:12,737 DEBUG [LineInfo_to_exitCode.log_LineInfo] 2025-01-06 22:49:12,737 [INFO] CodeEngine:255 - oldGeneratedFile, C:\Users\abina\Desktop\EcoCar\Hyper-Drive-Motor-Controller\Motor Controller Firmware\HyperDriveMotorControllerST_MOTOR_WORKBENCH\WorkBench Generated Project\HyperDriveSTMGenerated_6_STEP\Inc\drive_parameters.h_save
2025-01-06 22:49:12,882 INFO  [LineInfo_to_exitCode.log_LineInfo] Generated code: C:\Users\abina\Desktop\EcoCar\Hyper-Drive-Motor-Controller\Motor Controller Firmware\HyperDriveMotorControllerST_MOTOR_WORKBENCH\WorkBench Generated Project\HyperDriveSTMGenerated_6_STEP\Inc\drive_parameters.h
2025-01-06 22:49:12,901 DEBUG [LineInfo_to_exitCode.log_LineInfo] 2025-01-06 22:49:12,901 [INFO] CodeEngine:255 - oldGeneratedFile, C:\Users\abina\Desktop\EcoCar\Hyper-Drive-Motor-Controller\Motor Controller Firmware\HyperDriveMotorControllerST_MOTOR_WORKBENCH\WorkBench Generated Project\HyperDriveSTMGenerated_6_STEP\Inc\mc_type.h_save
2025-01-06 22:49:13,011 INFO  [LineInfo_to_exitCode.log_LineInfo] Generated code: C:\Users\abina\Desktop\EcoCar\Hyper-Drive-Motor-Controller\Motor Controller Firmware\HyperDriveMotorControllerST_MOTOR_WORKBENCH\WorkBench Generated Project\HyperDriveSTMGenerated_6_STEP\Inc\mc_type.h
2025-01-06 22:49:13,028 DEBUG [LineInfo_to_exitCode.log_LineInfo] 2025-01-06 22:49:13,027 [INFO] CodeEngine:255 - oldGeneratedFile, C:\Users\abina\Desktop\EcoCar\Hyper-Drive-Motor-Controller\Motor Controller Firmware\HyperDriveMotorControllerST_MOTOR_WORKBENCH\WorkBench Generated Project\HyperDriveSTMGenerated_6_STEP\Inc\mc_tasks.h_save
2025-01-06 22:49:13,133 INFO  [LineInfo_to_exitCode.log_LineInfo] Generated code: C:\Users\abina\Desktop\EcoCar\Hyper-Drive-Motor-Controller\Motor Controller Firmware\HyperDriveMotorControllerST_MOTOR_WORKBENCH\WorkBench Generated Project\HyperDriveSTMGenerated_6_STEP\Inc\mc_tasks.h
2025-01-06 22:49:13,150 DEBUG [LineInfo_to_exitCode.log_LineInfo] 2025-01-06 22:49:13,150 [INFO] CodeEngine:255 - oldGeneratedFile, C:\Users\abina\Desktop\EcoCar\Hyper-Drive-Motor-Controller\Motor Controller Firmware\HyperDriveMotorControllerST_MOTOR_WORKBENCH\WorkBench Generated Project\HyperDriveSTMGenerated_6_STEP\Src\pwm_common.c_save
2025-01-06 22:49:13,248 INFO  [LineInfo_to_exitCode.log_LineInfo] Generated code: C:\Users\abina\Desktop\EcoCar\Hyper-Drive-Motor-Controller\Motor Controller Firmware\HyperDriveMotorControllerST_MOTOR_WORKBENCH\WorkBench Generated Project\HyperDriveSTMGenerated_6_STEP\Src\pwm_common.c
2025-01-06 22:49:13,264 DEBUG [LineInfo_to_exitCode.log_LineInfo] 2025-01-06 22:49:13,264 [INFO] CodeEngine:255 - oldGeneratedFile, C:\Users\abina\Desktop\EcoCar\Hyper-Drive-Motor-Controller\Motor Controller Firmware\HyperDriveMotorControllerST_MOTOR_WORKBENCH\WorkBench Generated Project\HyperDriveSTMGenerated_6_STEP\Inc\pwm_common.h_save
2025-01-06 22:49:13,348 INFO  [LineInfo_to_exitCode.log_LineInfo] Generated code: C:\Users\abina\Desktop\EcoCar\Hyper-Drive-Motor-Controller\Motor Controller Firmware\HyperDriveMotorControllerST_MOTOR_WORKBENCH\WorkBench Generated Project\HyperDriveSTMGenerated_6_STEP\Inc\pwm_common.h
2025-01-06 22:49:13,361 DEBUG [LineInfo_to_exitCode.log_LineInfo] 2025-01-06 22:49:13,361 [INFO] CodeEngine:255 - oldGeneratedFile, C:\Users\abina\Desktop\EcoCar\Hyper-Drive-Motor-Controller\Motor Controller Firmware\HyperDriveMotorControllerST_MOTOR_WORKBENCH\WorkBench Generated Project\HyperDriveSTMGenerated_6_STEP\Src\mc_api.c_save
2025-01-06 22:49:13,463 INFO  [LineInfo_to_exitCode.log_LineInfo] Generated code: C:\Users\abina\Desktop\EcoCar\Hyper-Drive-Motor-Controller\Motor Controller Firmware\HyperDriveMotorControllerST_MOTOR_WORKBENCH\WorkBench Generated Project\HyperDriveSTMGenerated_6_STEP\Src\mc_api.c
2025-01-06 22:49:13,476 DEBUG [LineInfo_to_exitCode.log_LineInfo] 2025-01-06 22:49:13,476 [INFO] CodeEngine:255 - oldGeneratedFile, C:\Users\abina\Desktop\EcoCar\Hyper-Drive-Motor-Controller\Motor Controller Firmware\HyperDriveMotorControllerST_MOTOR_WORKBENCH\WorkBench Generated Project\HyperDriveSTMGenerated_6_STEP\Inc\mc_api.h_save
2025-01-06 22:49:13,557 INFO  [LineInfo_to_exitCode.log_LineInfo] Generated code: C:\Users\abina\Desktop\EcoCar\Hyper-Drive-Motor-Controller\Motor Controller Firmware\HyperDriveMotorControllerST_MOTOR_WORKBENCH\WorkBench Generated Project\HyperDriveSTMGenerated_6_STEP\Inc\mc_api.h
2025-01-06 22:49:13,571 DEBUG [LineInfo_to_exitCode.log_LineInfo] 2025-01-06 22:49:13,570 [INFO] CodeEngine:255 - oldGeneratedFile, C:\Users\abina\Desktop\EcoCar\Hyper-Drive-Motor-Controller\Motor Controller Firmware\HyperDriveMotorControllerST_MOTOR_WORKBENCH\WorkBench Generated Project\HyperDriveSTMGenerated_6_STEP\Src\mc_config.c_save
2025-01-06 22:49:13,660 INFO  [LineInfo_to_exitCode.log_LineInfo] Generated code: C:\Users\abina\Desktop\EcoCar\Hyper-Drive-Motor-Controller\Motor Controller Firmware\HyperDriveMotorControllerST_MOTOR_WORKBENCH\WorkBench Generated Project\HyperDriveSTMGenerated_6_STEP\Src\mc_config.c
2025-01-06 22:49:13,673 DEBUG [LineInfo_to_exitCode.log_LineInfo] 2025-01-06 22:49:13,673 [INFO] CodeEngine:255 - oldGeneratedFile, C:\Users\abina\Desktop\EcoCar\Hyper-Drive-Motor-Controller\Motor Controller Firmware\HyperDriveMotorControllerST_MOTOR_WORKBENCH\WorkBench Generated Project\HyperDriveSTMGenerated_6_STEP\Src\mc_config_common.c_save
2025-01-06 22:49:13,773 INFO  [LineInfo_to_exitCode.log_LineInfo] Generated code: C:\Users\abina\Desktop\EcoCar\Hyper-Drive-Motor-Controller\Motor Controller Firmware\HyperDriveMotorControllerST_MOTOR_WORKBENCH\WorkBench Generated Project\HyperDriveSTMGenerated_6_STEP\Src\mc_config_common.c
2025-01-06 22:49:13,786 DEBUG [LineInfo_to_exitCode.log_LineInfo] 2025-01-06 22:49:13,786 [INFO] CodeEngine:255 - oldGeneratedFile, C:\Users\abina\Desktop\EcoCar\Hyper-Drive-Motor-Controller\Motor Controller Firmware\HyperDriveMotorControllerST_MOTOR_WORKBENCH\WorkBench Generated Project\HyperDriveSTMGenerated_6_STEP\Inc\mc_config.h_save
2025-01-06 22:49:13,869 INFO  [LineInfo_to_exitCode.log_LineInfo] Generated code: C:\Users\abina\Desktop\EcoCar\Hyper-Drive-Motor-Controller\Motor Controller Firmware\HyperDriveMotorControllerST_MOTOR_WORKBENCH\WorkBench Generated Project\HyperDriveSTMGenerated_6_STEP\Inc\mc_config.h
2025-01-06 22:49:13,884 DEBUG [LineInfo_to_exitCode.log_LineInfo] 2025-01-06 22:49:13,884 [INFO] CodeEngine:255 - oldGeneratedFile, C:\Users\abina\Desktop\EcoCar\Hyper-Drive-Motor-Controller\Motor Controller Firmware\HyperDriveMotorControllerST_MOTOR_WORKBENCH\WorkBench Generated Project\HyperDriveSTMGenerated_6_STEP\Inc\mc_config_common.h_save
2025-01-06 22:49:13,963 INFO  [LineInfo_to_exitCode.log_LineInfo] Generated code: C:\Users\abina\Desktop\EcoCar\Hyper-Drive-Motor-Controller\Motor Controller Firmware\HyperDriveMotorControllerST_MOTOR_WORKBENCH\WorkBench Generated Project\HyperDriveSTMGenerated_6_STEP\Inc\mc_config_common.h
2025-01-06 22:49:13,975 DEBUG [LineInfo_to_exitCode.log_LineInfo] 2025-01-06 22:49:13,975 [INFO] CodeEngine:255 - oldGeneratedFile, C:\Users\abina\Desktop\EcoCar\Hyper-Drive-Motor-Controller\Motor Controller Firmware\HyperDriveMotorControllerST_MOTOR_WORKBENCH\WorkBench Generated Project\HyperDriveSTMGenerated_6_STEP\Inc\mc_stm_types.h_save
2025-01-06 22:49:14,064 INFO  [LineInfo_to_exitCode.log_LineInfo] Generated code: C:\Users\abina\Desktop\EcoCar\Hyper-Drive-Motor-Controller\Motor Controller Firmware\HyperDriveMotorControllerST_MOTOR_WORKBENCH\WorkBench Generated Project\HyperDriveSTMGenerated_6_STEP\Inc\mc_stm_types.h
2025-01-06 22:49:14,079 DEBUG [LineInfo_to_exitCode.log_LineInfo] 2025-01-06 22:49:14,078 [INFO] CodeEngine:255 - oldGeneratedFile, C:\Users\abina\Desktop\EcoCar\Hyper-Drive-Motor-Controller\Motor Controller Firmware\HyperDriveMotorControllerST_MOTOR_WORKBENCH\WorkBench Generated Project\HyperDriveSTMGenerated_6_STEP\Src\mc_tasks.c_save
2025-01-06 22:49:14,204 INFO  [LineInfo_to_exitCode.log_LineInfo] Generated code: C:\Users\abina\Desktop\EcoCar\Hyper-Drive-Motor-Controller\Motor Controller Firmware\HyperDriveMotorControllerST_MOTOR_WORKBENCH\WorkBench Generated Project\HyperDriveSTMGenerated_6_STEP\Src\mc_tasks.c
2025-01-06 22:49:14,222 DEBUG [LineInfo_to_exitCode.log_LineInfo] 2025-01-06 22:49:14,221 [INFO] CodeEngine:255 - oldGeneratedFile, C:\Users\abina\Desktop\EcoCar\Hyper-Drive-Motor-Controller\Motor Controller Firmware\HyperDriveMotorControllerST_MOTOR_WORKBENCH\WorkBench Generated Project\HyperDriveSTMGenerated_6_STEP\Src\mc_tasks_sixstep.c_save
2025-01-06 22:49:14,331 INFO  [LineInfo_to_exitCode.log_LineInfo] Generated code: C:\Users\abina\Desktop\EcoCar\Hyper-Drive-Motor-Controller\Motor Controller Firmware\HyperDriveMotorControllerST_MOTOR_WORKBENCH\WorkBench Generated Project\HyperDriveSTMGenerated_6_STEP\Src\mc_tasks_sixstep.c
2025-01-06 22:49:14,345 DEBUG [LineInfo_to_exitCode.log_LineInfo] 2025-01-06 22:49:14,345 [INFO] CodeEngine:255 - oldGeneratedFile, C:\Users\abina\Desktop\EcoCar\Hyper-Drive-Motor-Controller\Motor Controller Firmware\HyperDriveMotorControllerST_MOTOR_WORKBENCH\WorkBench Generated Project\HyperDriveSTMGenerated_6_STEP\Src\regular_conversion_manager.c_save
2025-01-06 22:49:14,427 INFO  [LineInfo_to_exitCode.log_LineInfo] Generated code: C:\Users\abina\Desktop\EcoCar\Hyper-Drive-Motor-Controller\Motor Controller Firmware\HyperDriveMotorControllerST_MOTOR_WORKBENCH\WorkBench Generated Project\HyperDriveSTMGenerated_6_STEP\Src\regular_conversion_manager.c
2025-01-06 22:49:14,439 DEBUG [LineInfo_to_exitCode.log_LineInfo] 2025-01-06 22:49:14,439 [INFO] CodeEngine:255 - oldGeneratedFile, C:\Users\abina\Desktop\EcoCar\Hyper-Drive-Motor-Controller\Motor Controller Firmware\HyperDriveMotorControllerST_MOTOR_WORKBENCH\WorkBench Generated Project\HyperDriveSTMGenerated_6_STEP\Inc\regular_conversion_manager.h_save
2025-01-06 22:49:14,516 INFO  [LineInfo_to_exitCode.log_LineInfo] Generated code: C:\Users\abina\Desktop\EcoCar\Hyper-Drive-Motor-Controller\Motor Controller Firmware\HyperDriveMotorControllerST_MOTOR_WORKBENCH\WorkBench Generated Project\HyperDriveSTMGenerated_6_STEP\Inc\regular_conversion_manager.h
2025-01-06 22:49:14,529 DEBUG [LineInfo_to_exitCode.log_LineInfo] 2025-01-06 22:49:14,529 [INFO] CodeEngine:255 - oldGeneratedFile, C:\Users\abina\Desktop\EcoCar\Hyper-Drive-Motor-Controller\Motor Controller Firmware\HyperDriveMotorControllerST_MOTOR_WORKBENCH\WorkBench Generated Project\HyperDriveSTMGenerated_6_STEP\Src\mc_math.c_save
2025-01-06 22:49:14,605 INFO  [LineInfo_to_exitCode.log_LineInfo] Generated code: C:\Users\abina\Desktop\EcoCar\Hyper-Drive-Motor-Controller\Motor Controller Firmware\HyperDriveMotorControllerST_MOTOR_WORKBENCH\WorkBench Generated Project\HyperDriveSTMGenerated_6_STEP\Src\mc_math.c
2025-01-06 22:49:14,620 DEBUG [LineInfo_to_exitCode.log_LineInfo] 2025-01-06 22:49:14,620 [INFO] CodeEngine:255 - oldGeneratedFile, C:\Users\abina\Desktop\EcoCar\Hyper-Drive-Motor-Controller\Motor Controller Firmware\HyperDriveMotorControllerST_MOTOR_WORKBENCH\WorkBench Generated Project\HyperDriveSTMGenerated_6_STEP\Inc\mc_math.h_save
2025-01-06 22:49:14,708 INFO  [LineInfo_to_exitCode.log_LineInfo] Generated code: C:\Users\abina\Desktop\EcoCar\Hyper-Drive-Motor-Controller\Motor Controller Firmware\HyperDriveMotorControllerST_MOTOR_WORKBENCH\WorkBench Generated Project\HyperDriveSTMGenerated_6_STEP\Inc\mc_math.h
2025-01-06 22:49:14,723 DEBUG [LineInfo_to_exitCode.log_LineInfo] 2025-01-06 22:49:14,723 [INFO] CodeEngine:255 - oldGeneratedFile, C:\Users\abina\Desktop\EcoCar\Hyper-Drive-Motor-Controller\Motor Controller Firmware\HyperDriveMotorControllerST_MOTOR_WORKBENCH\WorkBench Generated Project\HyperDriveSTMGenerated_6_STEP\Src\mc_interface.c_save
2025-01-06 22:49:14,820 INFO  [LineInfo_to_exitCode.log_LineInfo] Generated code: C:\Users\abina\Desktop\EcoCar\Hyper-Drive-Motor-Controller\Motor Controller Firmware\HyperDriveMotorControllerST_MOTOR_WORKBENCH\WorkBench Generated Project\HyperDriveSTMGenerated_6_STEP\Src\mc_interface.c
2025-01-06 22:49:14,834 DEBUG [LineInfo_to_exitCode.log_LineInfo] 2025-01-06 22:49:14,833 [INFO] CodeEngine:255 - oldGeneratedFile, C:\Users\abina\Desktop\EcoCar\Hyper-Drive-Motor-Controller\Motor Controller Firmware\HyperDriveMotorControllerST_MOTOR_WORKBENCH\WorkBench Generated Project\HyperDriveSTMGenerated_6_STEP\Inc\mc_interface.h_save
2025-01-06 22:49:14,922 INFO  [LineInfo_to_exitCode.log_LineInfo] Generated code: C:\Users\abina\Desktop\EcoCar\Hyper-Drive-Motor-Controller\Motor Controller Firmware\HyperDriveMotorControllerST_MOTOR_WORKBENCH\WorkBench Generated Project\HyperDriveSTMGenerated_6_STEP\Inc\mc_interface.h
2025-01-06 22:49:14,937 DEBUG [LineInfo_to_exitCode.log_LineInfo] 2025-01-06 22:49:14,937 [INFO] CodeEngine:255 - oldGeneratedFile, C:\Users\abina\Desktop\EcoCar\Hyper-Drive-Motor-Controller\Motor Controller Firmware\HyperDriveMotorControllerST_MOTOR_WORKBENCH\WorkBench Generated Project\HyperDriveSTMGenerated_6_STEP\Inc\parameters_conversion.h_save
2025-01-06 22:49:15,050 INFO  [LineInfo_to_exitCode.log_LineInfo] Generated code: C:\Users\abina\Desktop\EcoCar\Hyper-Drive-Motor-Controller\Motor Controller Firmware\HyperDriveMotorControllerST_MOTOR_WORKBENCH\WorkBench Generated Project\HyperDriveSTMGenerated_6_STEP\Inc\parameters_conversion.h
2025-01-06 22:49:15,066 DEBUG [LineInfo_to_exitCode.log_LineInfo] 2025-01-06 22:49:15,066 [INFO] CodeEngine:255 - oldGeneratedFile, C:\Users\abina\Desktop\EcoCar\Hyper-Drive-Motor-Controller\Motor Controller Firmware\HyperDriveMotorControllerST_MOTOR_WORKBENCH\WorkBench Generated Project\HyperDriveSTMGenerated_6_STEP\Inc\parameters_conversion_g4xx.h_save
2025-01-06 22:49:15,172 INFO  [LineInfo_to_exitCode.log_LineInfo] Generated code: C:\Users\abina\Desktop\EcoCar\Hyper-Drive-Motor-Controller\Motor Controller Firmware\HyperDriveMotorControllerST_MOTOR_WORKBENCH\WorkBench Generated Project\HyperDriveSTMGenerated_6_STEP\Inc\parameters_conversion_g4xx.h
2025-01-06 22:49:15,186 DEBUG [LineInfo_to_exitCode.log_LineInfo] 2025-01-06 22:49:15,186 [INFO] CodeEngine:255 - oldGeneratedFile, C:\Users\abina\Desktop\EcoCar\Hyper-Drive-Motor-Controller\Motor Controller Firmware\HyperDriveMotorControllerST_MOTOR_WORKBENCH\WorkBench Generated Project\HyperDriveSTMGenerated_6_STEP\Inc\pmsm_motor_parameters.h_save
2025-01-06 22:49:15,270 INFO  [LineInfo_to_exitCode.log_LineInfo] Generated code: C:\Users\abina\Desktop\EcoCar\Hyper-Drive-Motor-Controller\Motor Controller Firmware\HyperDriveMotorControllerST_MOTOR_WORKBENCH\WorkBench Generated Project\HyperDriveSTMGenerated_6_STEP\Inc\pmsm_motor_parameters.h
2025-01-06 22:49:15,287 DEBUG [LineInfo_to_exitCode.log_LineInfo] 2025-01-06 22:49:15,287 [INFO] CodeEngine:255 - oldGeneratedFile, C:\Users\abina\Desktop\EcoCar\Hyper-Drive-Motor-Controller\Motor Controller Firmware\HyperDriveMotorControllerST_MOTOR_WORKBENCH\WorkBench Generated Project\HyperDriveSTMGenerated_6_STEP\Inc\power_stage_parameters.h_save
2025-01-06 22:49:15,379 INFO  [LineInfo_to_exitCode.log_LineInfo] Generated code: C:\Users\abina\Desktop\EcoCar\Hyper-Drive-Motor-Controller\Motor Controller Firmware\HyperDriveMotorControllerST_MOTOR_WORKBENCH\WorkBench Generated Project\HyperDriveSTMGenerated_6_STEP\Inc\power_stage_parameters.h
2025-01-06 22:49:15,397 DEBUG [LineInfo_to_exitCode.log_LineInfo] 2025-01-06 22:49:15,397 [INFO] CodeEngine:255 - oldGeneratedFile, C:\Users\abina\Desktop\EcoCar\Hyper-Drive-Motor-Controller\Motor Controller Firmware\HyperDriveMotorControllerST_MOTOR_WORKBENCH\WorkBench Generated Project\HyperDriveSTMGenerated_6_STEP\Src\stm32_mc_common_it.c_save
2025-01-06 22:49:15,492 INFO  [LineInfo_to_exitCode.log_LineInfo] Generated code: C:\Users\abina\Desktop\EcoCar\Hyper-Drive-Motor-Controller\Motor Controller Firmware\HyperDriveMotorControllerST_MOTOR_WORKBENCH\WorkBench Generated Project\HyperDriveSTMGenerated_6_STEP\Src\stm32_mc_common_it.c
2025-01-06 22:49:15,507 DEBUG [LineInfo_to_exitCode.log_LineInfo] 2025-01-06 22:49:15,507 [INFO] CodeEngine:255 - oldGeneratedFile, C:\Users\abina\Desktop\EcoCar\Hyper-Drive-Motor-Controller\Motor Controller Firmware\HyperDriveMotorControllerST_MOTOR_WORKBENCH\WorkBench Generated Project\HyperDriveSTMGenerated_6_STEP\Src\stm32g4xx_mc_it.c_save
2025-01-06 22:49:15,588 INFO  [LineInfo_to_exitCode.log_LineInfo] Generated code: C:\Users\abina\Desktop\EcoCar\Hyper-Drive-Motor-Controller\Motor Controller Firmware\HyperDriveMotorControllerST_MOTOR_WORKBENCH\WorkBench Generated Project\HyperDriveSTMGenerated_6_STEP\Src\stm32g4xx_mc_it.c
2025-01-06 22:49:15,603 DEBUG [LineInfo_to_exitCode.log_LineInfo] 2025-01-06 22:49:15,603 [INFO] CodeEngine:255 - oldGeneratedFile, C:\Users\abina\Desktop\EcoCar\Hyper-Drive-Motor-Controller\Motor Controller Firmware\HyperDriveMotorControllerST_MOTOR_WORKBENCH\WorkBench Generated Project\HyperDriveSTMGenerated_6_STEP\Inc\mc_parameters.h_save
2025-01-06 22:49:15,680 INFO  [LineInfo_to_exitCode.log_LineInfo] Generated code: C:\Users\abina\Desktop\EcoCar\Hyper-Drive-Motor-Controller\Motor Controller Firmware\HyperDriveMotorControllerST_MOTOR_WORKBENCH\WorkBench Generated Project\HyperDriveSTMGenerated_6_STEP\Inc\mc_parameters.h
2025-01-06 22:49:15,692 DEBUG [LineInfo_to_exitCode.log_LineInfo] 2025-01-06 22:49:15,692 [INFO] CodeEngine:255 - oldGeneratedFile, C:\Users\abina\Desktop\EcoCar\Hyper-Drive-Motor-Controller\Motor Controller Firmware\HyperDriveMotorControllerST_MOTOR_WORKBENCH\WorkBench Generated Project\HyperDriveSTMGenerated_6_STEP\Src\mc_parameters.c_save
2025-01-06 22:49:15,801 INFO  [LineInfo_to_exitCode.log_LineInfo] Generated code: C:\Users\abina\Desktop\EcoCar\Hyper-Drive-Motor-Controller\Motor Controller Firmware\HyperDriveMotorControllerST_MOTOR_WORKBENCH\WorkBench Generated Project\HyperDriveSTMGenerated_6_STEP\Src\mc_parameters.c
2025-01-06 22:49:15,815 DEBUG [LineInfo_to_exitCode.log_LineInfo] 2025-01-06 22:49:15,815 [INFO] CodeEngine:255 - oldGeneratedFile, C:\Users\abina\Desktop\EcoCar\Hyper-Drive-Motor-Controller\Motor Controller Firmware\HyperDriveMotorControllerST_MOTOR_WORKBENCH\WorkBench Generated Project\HyperDriveSTMGenerated_6_STEP\Src\mc_configuration_registers.c_save
2025-01-06 22:49:15,895 INFO  [LineInfo_to_exitCode.log_LineInfo] Generated code: C:\Users\abina\Desktop\EcoCar\Hyper-Drive-Motor-Controller\Motor Controller Firmware\HyperDriveMotorControllerST_MOTOR_WORKBENCH\WorkBench Generated Project\HyperDriveSTMGenerated_6_STEP\Src\mc_configuration_registers.c
2025-01-06 22:49:15,909 DEBUG [LineInfo_to_exitCode.log_LineInfo] 2025-01-06 22:49:15,909 [INFO] CodeEngine:255 - oldGeneratedFile, C:\Users\abina\Desktop\EcoCar\Hyper-Drive-Motor-Controller\Motor Controller Firmware\HyperDriveMotorControllerST_MOTOR_WORKBENCH\WorkBench Generated Project\HyperDriveSTMGenerated_6_STEP\Inc\mc_configuration_registers.h_save
2025-01-06 22:49:16,016 INFO  [LineInfo_to_exitCode.log_LineInfo] Generated code: C:\Users\abina\Desktop\EcoCar\Hyper-Drive-Motor-Controller\Motor Controller Firmware\HyperDriveMotorControllerST_MOTOR_WORKBENCH\WorkBench Generated Project\HyperDriveSTMGenerated_6_STEP\Inc\mc_configuration_registers.h
2025-01-06 22:49:16,033 DEBUG [LineInfo_to_exitCode.log_LineInfo] 2025-01-06 22:49:16,032 [INFO] CodeEngine:255 - oldGeneratedFile, C:\Users\abina\Desktop\EcoCar\Hyper-Drive-Motor-Controller\Motor Controller Firmware\HyperDriveMotorControllerST_MOTOR_WORKBENCH\WorkBench Generated Project\HyperDriveSTMGenerated_6_STEP\Inc\hall_speed_pos_fdbk.h_save
2025-01-06 22:49:16,119 INFO  [LineInfo_to_exitCode.log_LineInfo] Generated code: C:\Users\abina\Desktop\EcoCar\Hyper-Drive-Motor-Controller\Motor Controller Firmware\HyperDriveMotorControllerST_MOTOR_WORKBENCH\WorkBench Generated Project\HyperDriveSTMGenerated_6_STEP\Inc\hall_speed_pos_fdbk.h
2025-01-06 22:49:16,132 DEBUG [LineInfo_to_exitCode.log_LineInfo] 2025-01-06 22:49:16,132 [INFO] CodeEngine:255 - oldGeneratedFile, C:\Users\abina\Desktop\EcoCar\Hyper-Drive-Motor-Controller\Motor Controller Firmware\HyperDriveMotorControllerST_MOTOR_WORKBENCH\WorkBench Generated Project\HyperDriveSTMGenerated_6_STEP\Src\hall_speed_pos_fdbk.c_save
2025-01-06 22:49:16,217 INFO  [LineInfo_to_exitCode.log_LineInfo] Generated code: C:\Users\abina\Desktop\EcoCar\Hyper-Drive-Motor-Controller\Motor Controller Firmware\HyperDriveMotorControllerST_MOTOR_WORKBENCH\WorkBench Generated Project\HyperDriveSTMGenerated_6_STEP\Src\hall_speed_pos_fdbk.c
2025-01-06 22:49:16,231 DEBUG [LineInfo_to_exitCode.log_LineInfo] 2025-01-06 22:49:16,231 [INFO] CodeEngine:255 - oldGeneratedFile, C:\Users\abina\Desktop\EcoCar\Hyper-Drive-Motor-Controller\Motor Controller Firmware\HyperDriveMotorControllerST_MOTOR_WORKBENCH\WorkBench Generated Project\HyperDriveSTMGenerated_6_STEP\Inc\mc_app_hooks.h_save
2025-01-06 22:49:16,305 INFO  [LineInfo_to_exitCode.log_LineInfo] Generated code: C:\Users\abina\Desktop\EcoCar\Hyper-Drive-Motor-Controller\Motor Controller Firmware\HyperDriveMotorControllerST_MOTOR_WORKBENCH\WorkBench Generated Project\HyperDriveSTMGenerated_6_STEP\Inc\mc_app_hooks.h
2025-01-06 22:49:16,323 DEBUG [LineInfo_to_exitCode.log_LineInfo] 2025-01-06 22:49:16,322 [INFO] CodeEngine:255 - oldGeneratedFile, C:\Users\abina\Desktop\EcoCar\Hyper-Drive-Motor-Controller\Motor Controller Firmware\HyperDriveMotorControllerST_MOTOR_WORKBENCH\WorkBench Generated Project\HyperDriveSTMGenerated_6_STEP\Src\mc_app_hooks.c_save
2025-01-06 22:49:16,416 INFO  [LineInfo_to_exitCode.log_LineInfo] Generated code: C:\Users\abina\Desktop\EcoCar\Hyper-Drive-Motor-Controller\Motor Controller Firmware\HyperDriveMotorControllerST_MOTOR_WORKBENCH\WorkBench Generated Project\HyperDriveSTMGenerated_6_STEP\Src\mc_app_hooks.c
2025-01-06 22:49:16,452 DEBUG [LineInfo_to_exitCode.log_LineInfo] 2025-01-06 22:49:16,452 [INFO] CodeEngine:255 - oldGeneratedFile, C:\Users\abina\Desktop\EcoCar\Hyper-Drive-Motor-Controller\Motor Controller Firmware\HyperDriveMotorControllerST_MOTOR_WORKBENCH\WorkBench Generated Project\HyperDriveSTMGenerated_6_STEP\Src\stm32g4xx_it.c_save
2025-01-06 22:49:16,554 INFO  [LineInfo_to_exitCode.log_LineInfo] Generated code: C:\Users\abina\Desktop\EcoCar\Hyper-Drive-Motor-Controller\Motor Controller Firmware\HyperDriveMotorControllerST_MOTOR_WORKBENCH\WorkBench Generated Project\HyperDriveSTMGenerated_6_STEP\Src\stm32g4xx_it.c
2025-01-06 22:49:16,567 DEBUG [LineInfo_to_exitCode.log_LineInfo] 2025-01-06 22:49:16,567 [INFO] CodeEngine:255 - oldGeneratedFile, C:\Users\abina\Desktop\EcoCar\Hyper-Drive-Motor-Controller\Motor Controller Firmware\HyperDriveMotorControllerST_MOTOR_WORKBENCH\WorkBench Generated Project\HyperDriveSTMGenerated_6_STEP\Inc\stm32g4xx_it.h_save
2025-01-06 22:49:16,648 INFO  [LineInfo_to_exitCode.log_LineInfo] Generated code: C:\Users\abina\Desktop\EcoCar\Hyper-Drive-Motor-Controller\Motor Controller Firmware\HyperDriveMotorControllerST_MOTOR_WORKBENCH\WorkBench Generated Project\HyperDriveSTMGenerated_6_STEP\Inc\stm32g4xx_it.h
2025-01-06 22:49:16,677 DEBUG [LineInfo_to_exitCode.log_LineInfo] 2025-01-06 22:49:16,677 [INFO] CodeEngine:255 - oldGeneratedFile, C:\Users\abina\Desktop\EcoCar\Hyper-Drive-Motor-Controller\Motor Controller Firmware\HyperDriveMotorControllerST_MOTOR_WORKBENCH\WorkBench Generated Project\HyperDriveSTMGenerated_6_STEP\Src\stm32g4xx_hal_msp.c_save
2025-01-06 22:49:16,812 INFO  [LineInfo_to_exitCode.log_LineInfo] Generated code: C:\Users\abina\Desktop\EcoCar\Hyper-Drive-Motor-Controller\Motor Controller Firmware\HyperDriveMotorControllerST_MOTOR_WORKBENCH\WorkBench Generated Project\HyperDriveSTMGenerated_6_STEP\Src\stm32g4xx_hal_msp.c
2025-01-06 22:49:16,820 DEBUG [LineInfo_to_exitCode.log_LineInfo] 2025-01-06 22:49:16,820 [INFO] CodeEngine:255 - oldGeneratedFile, C:\Users\abina\Desktop\EcoCar\Hyper-Drive-Motor-Controller\Motor Controller Firmware\HyperDriveMotorControllerST_MOTOR_WORKBENCH\WorkBench Generated Project\HyperDriveSTMGenerated_6_STEP\MXTmpFiles\system.tmp_save
2025-01-06 22:49:16,885 DEBUG [LineInfo_to_exitCode.log_LineInfo] 2025-01-06 22:49:16,885 [INFO] CodeEngine:279 - Generated code: C:\Users\abina\Desktop\EcoCar\Hyper-Drive-Motor-Controller\Motor Controller Firmware\HyperDriveMotorControllerST_MOTOR_WORKBENCH\WorkBench Generated Project\HyperDriveSTMGenerated_6_STEP\MXTmpFiles\system.tmp
2025-01-06 22:49:16,907 DEBUG [LineInfo_to_exitCode.log_LineInfo] 2025-01-06 22:49:16,907 [INFO] CodeEngine:311 - oldGeneratedFile, C:\Users\abina\Desktop\EcoCar\Hyper-Drive-Motor-Controller\Motor Controller Firmware\HyperDriveMotorControllerST_MOTOR_WORKBENCH\WorkBench Generated Project\HyperDriveSTMGenerated_6_STEP\Inc\stm32g4xx_hal_conf.h_save
2025-01-06 22:49:16,981 INFO  [LineInfo_to_exitCode.log_LineInfo] Generated code: C:\Users\abina\Desktop\EcoCar\Hyper-Drive-Motor-Controller\Motor Controller Firmware\HyperDriveMotorControllerST_MOTOR_WORKBENCH\WorkBench Generated Project\HyperDriveSTMGenerated_6_STEP\Inc\stm32g4xx_hal_conf.h
2025-01-06 22:49:17,038 DEBUG [LineInfo_to_exitCode.log_LineInfo] 2025-01-06 22:49:17,037 [INFO] CodeEngine:255 - oldGeneratedFile, C:\Users\abina\Desktop\EcoCar\Hyper-Drive-Motor-Controller\Motor Controller Firmware\HyperDriveMotorControllerST_MOTOR_WORKBENCH\WorkBench Generated Project\HyperDriveSTMGenerated_6_STEP\Inc\main.h_save
2025-01-06 22:49:17,140 INFO  [LineInfo_to_exitCode.log_LineInfo] Generated code: C:\Users\abina\Desktop\EcoCar\Hyper-Drive-Motor-Controller\Motor Controller Firmware\HyperDriveMotorControllerST_MOTOR_WORKBENCH\WorkBench Generated Project\HyperDriveSTMGenerated_6_STEP\Inc\main.h
2025-01-06 22:49:17,154 DEBUG [LineInfo_to_exitCode.log_LineInfo] 2025-01-06 22:49:17,154 [INFO] CodeEngine:255 - oldGeneratedFile, C:\Users\abina\Desktop\EcoCar\Hyper-Drive-Motor-Controller\Motor Controller Firmware\HyperDriveMotorControllerST_MOTOR_WORKBENCH\WorkBench Generated Project\HyperDriveSTMGenerated_6_STEP\Src\main.c_save
2025-01-06 22:49:17,310 INFO  [LineInfo_to_exitCode.log_LineInfo] Generated code: C:\Users\abina\Desktop\EcoCar\Hyper-Drive-Motor-Controller\Motor Controller Firmware\HyperDriveMotorControllerST_MOTOR_WORKBENCH\WorkBench Generated Project\HyperDriveSTMGenerated_6_STEP\Src\main.c
2025-01-06 22:49:18,207 DEBUG [LineInfo_to_exitCode.log_LineInfo] 2025-01-06 22:49:18,207 [INFO] ProjectBuilder:3249 - Time for Copy HAL[0] : 684mS.
2025-01-06 22:49:18,224 DEBUG [LineInfo_to_exitCode.log_LineInfo] 2025-01-06 22:49:18,223 [INFO] ProjectBuilder:4828 - Project Generator version: 4.5.0-B34
2025-01-06 22:49:18,338 DEBUG [LineInfo_to_exitCode.log_LineInfo] 2025-01-06 22:49:18,338 [INFO] ConfigFileManager:1531 - The Die is : DIE469
2025-01-06 22:49:18,345 DEBUG [LineInfo_to_exitCode.log_LineInfo] 2025-01-06 22:49:18,345 [INFO] ApiDbMcu:508 - Load IP Config File for FATFS
2025-01-06 22:49:18,350 DEBUG [LineInfo_to_exitCode.log_LineInfo] 2025-01-06 22:49:18,350 [INFO] ApiDbMcu:508 - Load IP Config File for FREERTOS
2025-01-06 22:49:18,357 DEBUG [LineInfo_to_exitCode.log_LineInfo] 2025-01-06 22:49:18,357 [INFO] ApiDbMcu:508 - Load IP Config File for USBPD
2025-01-06 22:49:18,367 DEBUG [LineInfo_to_exitCode.log_LineInfo] 2025-01-06 22:49:18,367 [INFO] ApiDbMcu:508 - Load IP Config File for USB_Device
2025-01-06 22:49:34,236 DEBUG [LineInfo_to_exitCode.log_LineInfo] 2025-01-06 22:49:34,236 [INFO] ConfigFileManager:3050 - mx.scratch is deleted!
2025-01-06 22:49:34,236 DEBUG [LineInfo_to_exitCode.log_LineInfo] 2025-01-06 22:49:34,236 [INFO] ProjectBuilder:5097 - Time for Generating toolchain IDE Files: 16013mS.
2025-01-06 22:49:37,087 DEBUG [LineInfo_to_exitCode.log_LineInfo] 2025-01-06 22:49:37,086 [INFO] ProjectBuilder:3107 - Time for Copy CMSIS : 2850mS.
2025-01-06 22:49:38,572 DEBUG [LineInfo_to_exitCode.log_LineInfo] 2025-01-06 22:49:38,571 [INFO] ProjectBuilder:3107 - Time for Copy CMSIS : 1479mS.
2025-01-06 22:53:41,066 DEBUG [IOCDialogController.lambda$onClose$8] IOCGenerationDialog exists with return code 1
2025-01-06 22:53:45,794 DEBUG [RetrieveFirmwareVersion.from_zip] Trying to read Firmware version from zipped version Pack: C:\Program Files (x86)\STMicroelectronics\MC_SDK_6.3.0\Utilities\PC_Software\STMCWB\assets\MotorControlPack\MotorControl.zip
2025-01-06 22:53:45,807 DEBUG [RetrieveFirmwareVersion.minimum_supporte_version] minimum_supporte_version MotorControlFirmware.Version: 6.3.0
2025-01-06 22:53:45,807 DEBUG [PackInfoFactory.deploy_MCPack_to_MxRepo] Deployment strategy class: VersionedFolderStyle_MCPackDeployer
2025-01-06 22:53:45,807 DEBUG [PackInfoFactory.deploy_MCPack_to_MxRepo] Expected MC Pack 6.3.0-Full already deployed
2025-01-06 22:53:48,422 DEBUG [WB_to_MX.lambda$run_gui_mode$0] Arguments: [-mx_timeout, -1, -pack, assets/MotorControlPack/MotorControl.zip, -exp, templates/wb-defines_where_and_what.txt, -ftl, templates/wb_ioc_template.ftl, -xdm, C:\Users\abina\.st_workbench\projects\6STEP-NUCLEO431-IHM07_CurrentMode\6STEP-NUCLEO431-IHM07_CurrentMode.wbdef, -ioc, C:\Users\abina\.st_workbench\projects\6STEP-NUCLEO431-IHM07_CurrentMode\6STEP-NUCLEO431-IHM07_CurrentMode.ioc]
2025-01-06 22:53:48,422 DEBUG [ArgsValue.lambda$retrieve$2] CLI_ARG[ftl]: templates/wb_ioc_template.ftl
2025-01-06 22:53:48,422 DEBUG [ArgsValue.lambda$retrieve$2] CLI_ARG[exp]: templates/wb-defines_where_and_what.txt
2025-01-06 22:53:48,422 DEBUG [ArgsValue.lambda$retrieve$2] CLI_ARG[xdm]: C:\Users\abina\.st_workbench\projects\6STEP-NUCLEO431-IHM07_CurrentMode\6STEP-NUCLEO431-IHM07_CurrentMode.wbdef
2025-01-06 22:53:48,422 DEBUG [ArgsValue.lambda$retrieve$2] CLI_ARG[ioc]: C:\Users\abina\.st_workbench\projects\6STEP-NUCLEO431-IHM07_CurrentMode\6STEP-NUCLEO431-IHM07_CurrentMode.ioc
2025-01-06 22:53:48,422 DEBUG [ArgsValue.lambda$retrieve$2] CLI_ARG[pack]: assets/MotorControlPack/MotorControl.zip
2025-01-06 22:53:48,423 DEBUG [ArgsValue.lambda$retrieve$2] CLI_ARG[mx_timeout]: -1
2025-01-06 22:53:48,423 DEBUG [ArgsValue.retrieve] {xdm=C:\Users\abina\.st_workbench\projects\6STEP-NUCLEO431-IHM07_CurrentMode\6STEP-NUCLEO431-IHM07_CurrentMode.wbdef, updftl=templates/wb_ioc_mc-middleware.ftl, mx_timeout=-1, exp=templates/wb-defines_where_and_what.txt, ioc=C:\Users\abina\.st_workbench\projects\6STEP-NUCLEO431-IHM07_CurrentMode\6STEP-NUCLEO431-IHM07_CurrentMode.ioc, pack=assets/MotorControlPack/MotorControl.zip, ftl=templates/wb_ioc_template.ftl}
2025-01-06 22:53:48,432 DEBUG [WB_to_MX.run] Targeted MCU family = G4
2025-01-06 22:53:48,432 DEBUG [WB_to_MX.run] Minimum associated CubeMx to the `6.0.0-a0` targeted MCU family is `G4`
2025-01-06 22:53:53,568 DEBUG [EnvironmentChecker.checkPack] STM32CubeMX.Version: 6.12.1-RC4
2025-01-06 22:53:53,573 DEBUG [RetrieveFirmwareVersion.from_zip] Trying to read Firmware version from zipped version Pack: C:\Program Files (x86)\STMicroelectronics\MC_SDK_6.3.0\Utilities\PC_Software\STMCWB\assets\MotorControlPack\MotorControl.zip
2025-01-06 22:53:53,582 DEBUG [RetrieveFirmwareVersion.minimum_supporte_version] minimum_supporte_version MotorControlFirmware.Version: 6.3.0
2025-01-06 22:53:53,583 DEBUG [PackInfoFactory.deploy_MCPack_to_MxRepo] Deployment strategy class: VersionedFolderStyle_MCPackDeployer
2025-01-06 22:53:53,583 DEBUG [PackInfoFactory.deploy_MCPack_to_MxRepo] Expected MC Pack 6.3.0-Full already deployed
2025-01-06 22:53:53,588 DEBUG [DataSetUpdater.update] Updating data set
2025-01-06 22:53:53,589 DEBUG [DataSetUpdater.update] Update done
2025-01-06 22:53:53,589 INFO  [IocGenerator.logModulesVersionInfo] Version info: 
2025-01-06 22:53:53,589 INFO  [IocGenerator.logModulesVersionInfo]   MC Workbench       : 6.3.0
2025-01-06 22:53:53,589 INFO  [IocGenerator.logModulesVersionInfo]   WB_to_Mx           : 6.2.3.template-24-04-17
2025-01-06 22:53:53,589 INFO  [IocGenerator.logModulesVersionInfo]   STM32CubeMX        : 6.12.1
2025-01-06 22:53:53,589 INFO  [IocGenerator.logModulesVersionInfo]   MC Firmware Library: 6.3.0-Full
2025-01-06 22:53:53,589 INFO  [IocGenerator.logModulesVersionInfo] 
Generation options: 
2025-01-06 22:53:53,589 INFO  [IocGenerator.logModulesVersionInfo]   Target Toolchain   : ST STM32CubeIDE
2025-01-06 22:53:53,590 INFO  [IocGenerator.logModulesVersionInfo]   Target Driver      : HAL - Hardware Abstraction Layer
2025-01-06 22:53:53,590 INFO  [IocGenerator.logModulesVersionInfo]   Target STM32 FW    : 1.6.0

2025-01-06 22:53:53,590 DEBUG [IocGenerator.process] C:\Users\abina\.st_workbench\projects\6STEP-NUCLEO431-IHM07_CurrentMode\6STEP-NUCLEO431-IHM07_CurrentMode.ioc ioc file: Generating
2025-01-06 22:53:53,590 DEBUG [IocGenerator.createOutput] Generating file from template templates\wb_ioc_template.ftl
2025-01-06 22:53:54,118 DEBUG [IocGenerator.process] ioc file C:\Users\abina\.st_workbench\projects\6STEP-NUCLEO431-IHM07_CurrentMode\6STEP-NUCLEO431-IHM07_CurrentMode.ioc Generated
2025-01-06 22:53:54,119 INFO  [LineInfo_to_exitCode.log_LineInfo] C:\Users\abina\.st_workbench\projects\6STEP-NUCLEO431-IHM07_CurrentMode\6STEP-NUCLEO431-IHM07_CurrentMode.ioc ioc: Generated
2025-01-06 22:53:54,197 INFO  [Wb2MxProcess.lambda$copyFolder$e7a869af$1] Folder Overwritten C:\Users\abina\.st_workbench\projects\6STEP-NUCLEO431-IHM07_CurrentMode\ftl
2025-01-06 22:53:54,206 INFO  [extSettings.lambda$writeContentToFile$f5919002$1] Generated C:\Users\abina\.st_workbench\projects\6STEP-NUCLEO431-IHM07_CurrentMode\.extSettings
2025-01-06 22:53:54,210 INFO  [Wb2MxProcess.lambda$run$$20] 
Started STM32CubeMX for final c-code generation
2025-01-06 22:53:54,212 DEBUG [CubeMxRunner.create_code_generation_script_for] Generated CubeMx script file: C:\Users\abina\AppData\Local\Temp\WB_to_Mx-stepnucleoihmcurrentmode-7231364749788437425.script
2025-01-06 22:53:54,852 DEBUG [LineInfo_to_exitCode.log_LineInfo] 2025-01-06 22:53:54,851 [INFO] MicroXplorer:98 - [MX] MX Start == 1320495994041400
2025-01-06 22:53:54,853 DEBUG [LineInfo_to_exitCode.log_LineInfo] 2025-01-06 22:53:54,853 [INFO] MicroXplorer:653 - Detected Java Version = 17.0.11
2025-01-06 22:53:54,855 DEBUG [LineInfo_to_exitCode.log_LineInfo] 2025-01-06 22:53:54,854 [INFO] ApplicationProperties:184 - Using Application install path: C:\Program Files\STMicroelectronics\STM32Cube\STM32CubeMX
2025-01-06 22:53:54,868 DEBUG [LineInfo_to_exitCode.log_LineInfo] 2025-01-06 22:53:54,867 [INFO] DbMcusXml:78 - Set database path to: C:\Program Files\STMicroelectronics\STM32Cube\STM32CubeMX\\db\/mcu/
2025-01-06 22:53:54,868 DEBUG [LineInfo_to_exitCode.log_LineInfo] 2025-01-06 22:53:54,868 [INFO] ApiDb:274 - Set plugin database path to: C:\Program Files\STMicroelectronics\STM32Cube\STM32CubeMX\\db\/plugins/boardmanager/
2025-01-06 22:53:54,870 DEBUG [LineInfo_to_exitCode.log_LineInfo] 2025-01-06 22:53:54,870 [INFO] McuFinderGlobals:63 - Set McuFinder mode to 1 (CubeMX integrated)
2025-01-06 22:53:54,881 DEBUG [LineInfo_to_exitCode.log_LineInfo] 2025-01-06 22:53:54,880 [INFO] ApiDb:250 - Set database path to: C:\Users\abina\.stmcufinder\plugins\mcufinder//mcu/
2025-01-06 22:53:54,881 DEBUG [LineInfo_to_exitCode.log_LineInfo] 2025-01-06 22:53:54,881 [INFO] DbMcusAds:125 - Set database path to: C:\Users\abina\.stmcufinder\plugins\mcufinder//mcu/
2025-01-06 22:53:54,887 DEBUG [LineInfo_to_exitCode.log_LineInfo] 2025-01-06 22:53:54,887 [INFO] CrossReferenceDbSqlite:203 - Set database path to: C:\Users\abina\.stmcufinder\plugins\mcufinder//mcu/cs/
2025-01-06 22:53:54,978 DEBUG [LineInfo_to_exitCode.log_LineInfo] 2025-01-06 22:53:54,978 [INFO] RulesReader:64 - Compatibility file has been processed (297 Rules)
2025-01-06 22:53:54,995 DEBUG [LineInfo_to_exitCode.log_LineInfo] 2025-01-06 22:53:54,995 [INFO] STM32CubeMX:60 - Starting STM32CubeMX
2025-01-06 22:53:55,395 DEBUG [LineInfo_to_exitCode.log_LineInfo] 2025-01-06 22:53:55,394 [INFO] MainPanel:268 - HeapMemory: 50331648
2025-01-06 22:53:55,584 DEBUG [LineInfo_to_exitCode.log_LineInfo] 2025-01-06 22:53:55,584 [INFO] DbMcusXml:78 - Set database path to: C:\Program Files\STMicroelectronics\STM32Cube\STM32CubeMX\\db\/mcu/
2025-01-06 22:53:55,584 DEBUG [LineInfo_to_exitCode.log_LineInfo] 2025-01-06 22:53:55,584 [INFO] ApiDb:274 - Set plugin database path to: C:\Program Files\STMicroelectronics\STM32Cube\STM32CubeMX\\db\/plugins/boardmanager/
2025-01-06 22:53:55,584 DEBUG [LineInfo_to_exitCode.log_LineInfo] 2025-01-06 22:53:55,584 [INFO] ApiDb:261 - Set plugin images path to: C:\Program Files\STMicroelectronics\STM32Cube\STM32CubeMX\\db\/plugins/mcufinder/images/
2025-01-06 22:53:55,585 DEBUG [LineInfo_to_exitCode.log_LineInfo] 2025-01-06 22:53:55,585 [INFO] ApiDb:250 - Set database path to: C:\Users\abina\.stmcufinder\plugins\mcufinder//mcu/
2025-01-06 22:53:55,585 DEBUG [LineInfo_to_exitCode.log_LineInfo] 2025-01-06 22:53:55,585 [INFO] DbMcusAds:125 - Set database path to: C:\Users\abina\.stmcufinder\plugins\mcufinder//mcu/
2025-01-06 22:53:55,586 DEBUG [LineInfo_to_exitCode.log_LineInfo] 2025-01-06 22:53:55,586 [INFO] CrossReferenceDbSqlite:203 - Set database path to: C:\Users\abina\.stmcufinder\plugins\mcufinder//mcu/cs/
2025-01-06 22:53:55,601 DEBUG [LineInfo_to_exitCode.log_LineInfo] 2025-01-06 22:53:55,601 [INFO] ApplicationProperties:184 - Using Application install path: C:\Program Files\STMicroelectronics\STM32Cube\STM32CubeMX
2025-01-06 22:53:55,603 DEBUG [LineInfo_to_exitCode.log_LineInfo] 2025-01-06 22:53:55,602 [INFO] PluginManage:196 - Search for loadable plugins [exclusion list=, ]
2025-01-06 22:53:55,604 DEBUG [LineInfo_to_exitCode.log_LineInfo] 2025-01-06 22:53:55,604 [INFO] PluginManage:310 - Check plugin analytics
2025-01-06 22:54:00,374 DEBUG [LineInfo_to_exitCode.log_LineInfo] 2025-01-06 22:54:00,374 [INFO] AnalyticsPlugin:253 - Accepted Software Licenses: STM32CubeMX.6.8.1,STM32CubeMX.6.10.0,STM32CubeMX.6.11.1,STM32CubeMX.6.12.1
2025-01-06 22:54:00,374 DEBUG [LineInfo_to_exitCode.log_LineInfo] 2025-01-06 22:54:00,374 [INFO] AnalyticsPlugin:255 - Accepted CMSIS Pack Licenses: 
2025-01-06 22:54:00,375 DEBUG [LineInfo_to_exitCode.log_LineInfo] 2025-01-06 22:54:00,374 [INFO] AnalyticsPlugin:257 - Accepted Firmware Licenses: FW.F7.1.17.0,FW.H7.1.11.0,FW.L4.1.18.0,FW.G4.1.6.0,FW.G4.1.5.0
2025-01-06 22:54:00,378 DEBUG [LineInfo_to_exitCode.log_LineInfo] 2025-01-06 22:54:00,378 [INFO] PluginManage:359 - Loaded plugin analytics (category:tool,tabindex:-1)
2025-01-06 22:54:00,378 DEBUG [LineInfo_to_exitCode.log_LineInfo] 2025-01-06 22:54:00,378 [INFO] PluginManage:310 - Check plugin cadmodel
2025-01-06 22:54:00,403 DEBUG [LineInfo_to_exitCode.log_LineInfo] 2025-01-06 22:54:00,402 [INFO] CADModel:105 - Init CAD model plugin
2025-01-06 22:54:00,403 DEBUG [LineInfo_to_exitCode.log_LineInfo] 2025-01-06 22:54:00,403 [INFO] PluginManage:359 - Loaded plugin cadmodel (category:power,tabindex:5)
2025-01-06 22:54:00,403 DEBUG [LineInfo_to_exitCode.log_LineInfo] 2025-01-06 22:54:00,403 [INFO] PluginManage:310 - Check plugin clock
2025-01-06 22:54:00,409 DEBUG [LineInfo_to_exitCode.log_LineInfo] 2025-01-06 22:54:00,408 [INFO] PluginManage:359 - Loaded plugin clock (category:base,tabindex:2)
2025-01-06 22:54:00,409 DEBUG [LineInfo_to_exitCode.log_LineInfo] 2025-01-06 22:54:00,409 [INFO] PluginManage:310 - Check plugin ddr
2025-01-06 22:54:00,413 DEBUG [LineInfo_to_exitCode.log_LineInfo] 2025-01-06 22:54:00,413 [INFO] PluginManage:359 - Loaded plugin ddr (category:tool,tabindex:6)
2025-01-06 22:54:00,413 DEBUG [LineInfo_to_exitCode.log_LineInfo] 2025-01-06 22:54:00,413 [INFO] PluginManage:310 - Check plugin filemanager
2025-01-06 22:54:00,533 DEBUG [LineInfo_to_exitCode.log_LineInfo] 2025-01-06 22:54:00,532 [INFO] PluginManage:359 - Loaded plugin filemanager (category:base,tabindex:10)
2025-01-06 22:54:00,533 DEBUG [LineInfo_to_exitCode.log_LineInfo] 2025-01-06 22:54:00,533 [INFO] PluginManage:310 - Check plugin ipmanager
2025-01-06 22:54:00,540 DEBUG [LineInfo_to_exitCode.log_LineInfo] 2025-01-06 22:54:00,540 [INFO] PluginManage:359 - Loaded plugin ipmanager (category:base,tabindex:5)
2025-01-06 22:54:00,540 DEBUG [LineInfo_to_exitCode.log_LineInfo] 2025-01-06 22:54:00,540 [INFO] PluginManage:310 - Check plugin lpbam
2025-01-06 22:54:00,547 DEBUG [LineInfo_to_exitCode.log_LineInfo] 2025-01-06 22:54:00,547 [INFO] PluginManage:359 - Loaded plugin lpbam (category:base,tabindex:0)
2025-01-06 22:54:00,547 DEBUG [LineInfo_to_exitCode.log_LineInfo] 2025-01-06 22:54:00,547 [INFO] PluginManage:310 - Check plugin memorymap
2025-01-06 22:54:00,555 DEBUG [LineInfo_to_exitCode.log_LineInfo] 2025-01-06 22:54:00,555 [INFO] PluginManage:359 - Loaded plugin memorymap (category:base,tabindex:4)
2025-01-06 22:54:00,555 DEBUG [LineInfo_to_exitCode.log_LineInfo] 2025-01-06 22:54:00,555 [INFO] PluginManage:310 - Check plugin pinoutandconfiguration
2025-01-06 22:54:00,562 DEBUG [LineInfo_to_exitCode.log_LineInfo] 2025-01-06 22:54:00,561 [INFO] PluginManage:359 - Loaded plugin pinoutandconfiguration (category:base,tabindex:1)
2025-01-06 22:54:00,562 DEBUG [LineInfo_to_exitCode.log_LineInfo] 2025-01-06 22:54:00,562 [INFO] PluginManage:310 - Check plugin pinoutconfig
2025-01-06 22:54:00,761 DEBUG [LineInfo_to_exitCode.log_LineInfo] 2025-01-06 22:54:00,761 [INFO] PluginManage:359 - Loaded plugin pinoutconfig (category:base,tabindex:0)
2025-01-06 22:54:00,761 DEBUG [LineInfo_to_exitCode.log_LineInfo] 2025-01-06 22:54:00,761 [INFO] PluginManage:310 - Check plugin power
2025-01-06 22:54:00,767 DEBUG [LineInfo_to_exitCode.log_LineInfo] 2025-01-06 22:54:00,767 [INFO] PluginManage:359 - Loaded plugin power (category:power,tabindex:4)
2025-01-06 22:54:00,767 DEBUG [LineInfo_to_exitCode.log_LineInfo] 2025-01-06 22:54:00,767 [INFO] PluginManage:310 - Check plugin projectmanager
2025-01-06 22:54:00,828 DEBUG [LineInfo_to_exitCode.log_LineInfo] 2025-01-06 22:54:00,828 [INFO] PluginManage:359 - Loaded plugin projectmanager (category:projectmanager,tabindex:4)
2025-01-06 22:54:00,829 DEBUG [LineInfo_to_exitCode.log_LineInfo] 2025-01-06 22:54:00,828 [INFO] PluginManage:310 - Check plugin rif
2025-01-06 22:54:00,832 DEBUG [LineInfo_to_exitCode.log_LineInfo] 2025-01-06 22:54:00,832 [INFO] PluginManage:359 - Loaded plugin rif (category:base,tabindex:3)
2025-01-06 22:54:00,832 DEBUG [LineInfo_to_exitCode.log_LineInfo] 2025-01-06 22:54:00,832 [INFO] PluginManage:310 - Check plugin thirdparty
2025-01-06 22:54:00,943 DEBUG [LineInfo_to_exitCode.log_LineInfo] 2025-01-06 22:54:00,943 [INFO] PluginManage:359 - Loaded plugin thirdparty (category:base,tabindex:-1)
2025-01-06 22:54:00,944 DEBUG [LineInfo_to_exitCode.log_LineInfo] 2025-01-06 22:54:00,943 [INFO] PluginManage:310 - Check plugin tools
2025-01-06 22:54:00,944 DEBUG [LineInfo_to_exitCode.log_LineInfo] 2025-01-06 22:54:00,944 [INFO] IntegrityCheckThread:86 - entering critical section [integrity check]
2025-01-06 22:54:00,944 DEBUG [LineInfo_to_exitCode.log_LineInfo] 2025-01-06 22:54:00,944 [INFO] ThirdPartyUpdaterWithRetryManager:70 - Updater plugin not ready yet. [1/15]
2025-01-06 22:54:00,946 DEBUG [LineInfo_to_exitCode.log_LineInfo] 2025-01-06 22:54:00,946 [INFO] PluginManage:359 - Loaded plugin tools (category:base,tabindex:7)
2025-01-06 22:54:00,946 DEBUG [LineInfo_to_exitCode.log_LineInfo] 2025-01-06 22:54:00,946 [INFO] PluginManage:310 - Check plugin tutovideos
2025-01-06 22:54:01,069 DEBUG [LineInfo_to_exitCode.log_LineInfo] 2025-01-06 22:54:01,068 [INFO] PluginManage:359 - Loaded plugin tutovideos (category:base,tabindex:-1)
2025-01-06 22:54:01,069 DEBUG [LineInfo_to_exitCode.log_LineInfo] 2025-01-06 22:54:01,068 [INFO] PluginManage:310 - Check plugin updater
2025-01-06 22:54:01,084 DEBUG [LineInfo_to_exitCode.log_LineInfo] 2025-01-06 22:54:01,084 [INFO] PluginManage:359 - Loaded plugin updater (category:base,tabindex:12)
2025-01-06 22:54:01,084 DEBUG [LineInfo_to_exitCode.log_LineInfo] 2025-01-06 22:54:01,084 [INFO] PluginManage:310 - Check plugin userauth
2025-01-06 22:54:01,089 DEBUG [LineInfo_to_exitCode.log_LineInfo] 2025-01-06 22:54:01,088 [INFO] UserAuth:113 - Init User Auth plugin
2025-01-06 22:54:01,089 DEBUG [LineInfo_to_exitCode.log_LineInfo] 2025-01-06 22:54:01,089 [INFO] PluginManage:359 - Loaded plugin userauth (category:base,tabindex:14)
2025-01-06 22:54:01,089 DEBUG [LineInfo_to_exitCode.log_LineInfo] 2025-01-06 22:54:01,089 [INFO] PluginManage:283 - PluginManage : Loaded plugins [18]
2025-01-06 22:54:01,269 DEBUG [LineInfo_to_exitCode.log_LineInfo] 2025-01-06 22:54:01,268 [INFO] PinOutPanel:1561 - setPackage(No Configuration,No Configuration)
2025-01-06 22:54:01,352 DEBUG [LineInfo_to_exitCode.log_LineInfo] 2025-01-06 22:54:01,351 [INFO] CADModel:165 - CPN selected for project level
2025-01-06 22:54:01,352 DEBUG [LineInfo_to_exitCode.log_LineInfo] 2025-01-06 22:54:01,352 [INFO] CADModel:114 - Register for checkConnection events
2025-01-06 22:54:01,366 DEBUG [LineInfo_to_exitCode.log_LineInfo] 2025-01-06 22:54:01,366 [INFO] IPUIPlugin:80 - create IPUIPlugin
2025-01-06 22:54:01,366 DEBUG [LineInfo_to_exitCode.log_LineInfo] 2025-01-06 22:54:01,366 [INFO] PluginManager:220 - loadIPPluginJar : add adc
2025-01-06 22:54:01,369 DEBUG [LineInfo_to_exitCode.log_LineInfo] 2025-01-06 22:54:01,368 [INFO] IPUIPlugin:80 - create IPUIPlugin
2025-01-06 22:54:01,369 DEBUG [LineInfo_to_exitCode.log_LineInfo] 2025-01-06 22:54:01,369 [INFO] PluginManager:220 - loadIPPluginJar : add aes
2025-01-06 22:54:01,371 DEBUG [LineInfo_to_exitCode.log_LineInfo] 2025-01-06 22:54:01,371 [INFO] IPUIPlugin:80 - create IPUIPlugin
2025-01-06 22:54:01,371 DEBUG [LineInfo_to_exitCode.log_LineInfo] 2025-01-06 22:54:01,371 [INFO] PluginManager:220 - loadIPPluginJar : add can
2025-01-06 22:54:01,372 DEBUG [LineInfo_to_exitCode.log_LineInfo] 2025-01-06 22:54:01,372 [INFO] IPUIPlugin:80 - create IPUIPlugin
2025-01-06 22:54:01,373 DEBUG [LineInfo_to_exitCode.log_LineInfo] 2025-01-06 22:54:01,372 [INFO] PluginManager:220 - loadIPPluginJar : add comp
2025-01-06 22:54:01,375 DEBUG [LineInfo_to_exitCode.log_LineInfo] 2025-01-06 22:54:01,375 [INFO] IPUIPlugin:80 - create IPUIPlugin
2025-01-06 22:54:01,375 DEBUG [LineInfo_to_exitCode.log_LineInfo] 2025-01-06 22:54:01,375 [INFO] PluginManager:220 - loadIPPluginJar : add cryp
2025-01-06 22:54:01,379 DEBUG [LineInfo_to_exitCode.log_LineInfo] 2025-01-06 22:54:01,379 [INFO] IPUIPlugin:80 - create IPUIPlugin
2025-01-06 22:54:01,380 DEBUG [LineInfo_to_exitCode.log_LineInfo] 2025-01-06 22:54:01,379 [INFO] PluginManager:220 - loadIPPluginJar : add ddr_ctrl_phy
2025-01-06 22:54:01,382 DEBUG [LineInfo_to_exitCode.log_LineInfo] 2025-01-06 22:54:01,382 [INFO] IPUIPlugin:80 - create IPUIPlugin
2025-01-06 22:54:01,382 DEBUG [LineInfo_to_exitCode.log_LineInfo] 2025-01-06 22:54:01,382 [INFO] PluginManager:220 - loadIPPluginJar : add dfsdm
2025-01-06 22:54:01,388 DEBUG [LineInfo_to_exitCode.log_LineInfo] 2025-01-06 22:54:01,388 [INFO] IPUIPlugin:80 - create IPUIPlugin
2025-01-06 22:54:01,388 DEBUG [LineInfo_to_exitCode.log_LineInfo] 2025-01-06 22:54:01,388 [INFO] PluginManager:220 - loadIPPluginJar : add dma
2025-01-06 22:54:01,391 DEBUG [LineInfo_to_exitCode.log_LineInfo] 2025-01-06 22:54:01,390 [INFO] IPUIPlugin:80 - create IPUIPlugin
2025-01-06 22:54:01,391 DEBUG [LineInfo_to_exitCode.log_LineInfo] 2025-01-06 22:54:01,391 [INFO] PluginManager:220 - loadIPPluginJar : add dma3
2025-01-06 22:54:01,394 DEBUG [LineInfo_to_exitCode.log_LineInfo] 2025-01-06 22:54:01,394 [INFO] IPUIPlugin:80 - create IPUIPlugin
2025-01-06 22:54:01,394 DEBUG [LineInfo_to_exitCode.log_LineInfo] 2025-01-06 22:54:01,394 [INFO] PluginManager:220 - loadIPPluginJar : add extmemmanager
2025-01-06 22:54:01,396 DEBUG [LineInfo_to_exitCode.log_LineInfo] 2025-01-06 22:54:01,395 [INFO] IPUIPlugin:80 - create IPUIPlugin
2025-01-06 22:54:01,396 DEBUG [LineInfo_to_exitCode.log_LineInfo] 2025-01-06 22:54:01,396 [INFO] PluginManager:220 - loadIPPluginJar : add fatfs
2025-01-06 22:54:01,399 DEBUG [LineInfo_to_exitCode.log_LineInfo] 2025-01-06 22:54:01,399 [INFO] IPUIPlugin:80 - create IPUIPlugin
2025-01-06 22:54:01,399 DEBUG [LineInfo_to_exitCode.log_LineInfo] 2025-01-06 22:54:01,399 [INFO] PluginManager:220 - loadIPPluginJar : add fmc
2025-01-06 22:54:01,403 DEBUG [LineInfo_to_exitCode.log_LineInfo] 2025-01-06 22:54:01,403 [INFO] IPUIPlugin:80 - create IPUIPlugin
2025-01-06 22:54:01,404 DEBUG [LineInfo_to_exitCode.log_LineInfo] 2025-01-06 22:54:01,403 [INFO] PluginManager:220 - loadIPPluginJar : add freertos
2025-01-06 22:54:01,405 DEBUG [LineInfo_to_exitCode.log_LineInfo] 2025-01-06 22:54:01,405 [INFO] IPUIPlugin:80 - create IPUIPlugin
2025-01-06 22:54:01,405 DEBUG [LineInfo_to_exitCode.log_LineInfo] 2025-01-06 22:54:01,405 [INFO] PluginManager:220 - loadIPPluginJar : add genericplugin
2025-01-06 22:54:01,407 DEBUG [LineInfo_to_exitCode.log_LineInfo] 2025-01-06 22:54:01,407 [INFO] IPUIPlugin:80 - create IPUIPlugin
2025-01-06 22:54:01,407 DEBUG [LineInfo_to_exitCode.log_LineInfo] 2025-01-06 22:54:01,407 [INFO] PluginManager:220 - loadIPPluginJar : add gfxmmu
2025-01-06 22:54:01,412 DEBUG [LineInfo_to_exitCode.log_LineInfo] 2025-01-06 22:54:01,412 [INFO] IPUIPlugin:80 - create IPUIPlugin
2025-01-06 22:54:01,412 DEBUG [LineInfo_to_exitCode.log_LineInfo] 2025-01-06 22:54:01,412 [INFO] PluginManager:220 - loadIPPluginJar : add gic
2025-01-06 22:54:01,415 DEBUG [LineInfo_to_exitCode.log_LineInfo] 2025-01-06 22:54:01,415 [INFO] IPUIPlugin:80 - create IPUIPlugin
2025-01-06 22:54:01,415 DEBUG [LineInfo_to_exitCode.log_LineInfo] 2025-01-06 22:54:01,415 [INFO] PluginManager:220 - loadIPPluginJar : add gpio
2025-01-06 22:54:01,417 DEBUG [LineInfo_to_exitCode.log_LineInfo] 2025-01-06 22:54:01,417 [INFO] IPUIPlugin:80 - create IPUIPlugin
2025-01-06 22:54:01,418 DEBUG [LineInfo_to_exitCode.log_LineInfo] 2025-01-06 22:54:01,417 [INFO] PluginManager:220 - loadIPPluginJar : add gtzc
2025-01-06 22:54:01,419 DEBUG [LineInfo_to_exitCode.log_LineInfo] 2025-01-06 22:54:01,419 [INFO] IPUIPlugin:80 - create IPUIPlugin
2025-01-06 22:54:01,419 DEBUG [LineInfo_to_exitCode.log_LineInfo] 2025-01-06 22:54:01,419 [INFO] PluginManager:220 - loadIPPluginJar : add hash
2025-01-06 22:54:01,422 DEBUG [LineInfo_to_exitCode.log_LineInfo] 2025-01-06 22:54:01,421 [INFO] IPUIPlugin:80 - create IPUIPlugin
2025-01-06 22:54:01,422 DEBUG [LineInfo_to_exitCode.log_LineInfo] 2025-01-06 22:54:01,422 [INFO] PluginManager:220 - loadIPPluginJar : add i2c
2025-01-06 22:54:01,424 DEBUG [LineInfo_to_exitCode.log_LineInfo] 2025-01-06 22:54:01,423 [INFO] IPUIPlugin:80 - create IPUIPlugin
2025-01-06 22:54:01,424 DEBUG [LineInfo_to_exitCode.log_LineInfo] 2025-01-06 22:54:01,424 [INFO] PluginManager:220 - loadIPPluginJar : add i2s
2025-01-06 22:54:01,427 DEBUG [LineInfo_to_exitCode.log_LineInfo] 2025-01-06 22:54:01,426 [INFO] IPUIPlugin:80 - create IPUIPlugin
2025-01-06 22:54:01,427 DEBUG [LineInfo_to_exitCode.log_LineInfo] 2025-01-06 22:54:01,427 [INFO] PluginManager:220 - loadIPPluginJar : add i3c
2025-01-06 22:54:01,430 DEBUG [LineInfo_to_exitCode.log_LineInfo] 2025-01-06 22:54:01,430 [INFO] IPUIPlugin:80 - create IPUIPlugin
2025-01-06 22:54:01,430 DEBUG [LineInfo_to_exitCode.log_LineInfo] 2025-01-06 22:54:01,430 [INFO] PluginManager:220 - loadIPPluginJar : add ipddr
2025-01-06 22:54:01,435 DEBUG [LineInfo_to_exitCode.log_LineInfo] 2025-01-06 22:54:01,435 [INFO] IPUIPlugin:80 - create IPUIPlugin
2025-01-06 22:54:01,435 DEBUG [LineInfo_to_exitCode.log_LineInfo] 2025-01-06 22:54:01,435 [INFO] PluginManager:220 - loadIPPluginJar : add linkedlist
2025-01-06 22:54:01,437 DEBUG [LineInfo_to_exitCode.log_LineInfo] 2025-01-06 22:54:01,437 [INFO] IPUIPlugin:80 - create IPUIPlugin
2025-01-06 22:54:01,437 DEBUG [LineInfo_to_exitCode.log_LineInfo] 2025-01-06 22:54:01,437 [INFO] PluginManager:220 - loadIPPluginJar : add lorawan
2025-01-06 22:54:01,438 DEBUG [LineInfo_to_exitCode.log_LineInfo] 2025-01-06 22:54:01,438 [INFO] IPUIPlugin:80 - create IPUIPlugin
2025-01-06 22:54:01,438 DEBUG [LineInfo_to_exitCode.log_LineInfo] 2025-01-06 22:54:01,438 [INFO] PluginManager:220 - loadIPPluginJar : add ltdc
2025-01-06 22:54:01,443 DEBUG [LineInfo_to_exitCode.log_LineInfo] 2025-01-06 22:54:01,443 [INFO] IPUIPlugin:80 - create IPUIPlugin
2025-01-06 22:54:01,444 DEBUG [LineInfo_to_exitCode.log_LineInfo] 2025-01-06 22:54:01,443 [INFO] PluginManager:220 - loadIPPluginJar : add mdma
2025-01-06 22:54:01,446 DEBUG [LineInfo_to_exitCode.log_LineInfo] 2025-01-06 22:54:01,446 [INFO] IPUIPlugin:80 - create IPUIPlugin
2025-01-06 22:54:01,447 DEBUG [LineInfo_to_exitCode.log_LineInfo] 2025-01-06 22:54:01,446 [INFO] PluginManager:220 - loadIPPluginJar : add nvic
2025-01-06 22:54:01,448 DEBUG [LineInfo_to_exitCode.log_LineInfo] 2025-01-06 22:54:01,448 [INFO] IPUIPlugin:80 - create IPUIPlugin
2025-01-06 22:54:01,449 DEBUG [LineInfo_to_exitCode.log_LineInfo] 2025-01-06 22:54:01,448 [INFO] PluginManager:220 - loadIPPluginJar : add opamp
2025-01-06 22:54:01,451 DEBUG [LineInfo_to_exitCode.log_LineInfo] 2025-01-06 22:54:01,451 [INFO] IPUIPlugin:80 - create IPUIPlugin
2025-01-06 22:54:01,451 DEBUG [LineInfo_to_exitCode.log_LineInfo] 2025-01-06 22:54:01,451 [INFO] PluginManager:220 - loadIPPluginJar : add openamp
2025-01-06 22:54:01,453 DEBUG [LineInfo_to_exitCode.log_LineInfo] 2025-01-06 22:54:01,453 [INFO] IPUIPlugin:80 - create IPUIPlugin
2025-01-06 22:54:01,454 DEBUG [LineInfo_to_exitCode.log_LineInfo] 2025-01-06 22:54:01,453 [INFO] PluginManager:220 - loadIPPluginJar : add pdm2pcm
2025-01-06 22:54:01,457 DEBUG [LineInfo_to_exitCode.log_LineInfo] 2025-01-06 22:54:01,457 [INFO] IPUIPlugin:80 - create IPUIPlugin
2025-01-06 22:54:01,460 DEBUG [LineInfo_to_exitCode.log_LineInfo] 2025-01-06 22:54:01,459 [INFO] PluginManager:220 - loadIPPluginJar : add plateformsettings
2025-01-06 22:54:01,462 DEBUG [LineInfo_to_exitCode.log_LineInfo] 2025-01-06 22:54:01,462 [INFO] IPUIPlugin:80 - create IPUIPlugin
2025-01-06 22:54:01,462 DEBUG [LineInfo_to_exitCode.log_LineInfo] 2025-01-06 22:54:01,462 [INFO] PluginManager:220 - loadIPPluginJar : add quadspi
2025-01-06 22:54:01,464 DEBUG [LineInfo_to_exitCode.log_LineInfo] 2025-01-06 22:54:01,464 [INFO] IPUIPlugin:80 - create IPUIPlugin
2025-01-06 22:54:01,464 DEBUG [LineInfo_to_exitCode.log_LineInfo] 2025-01-06 22:54:01,464 [INFO] PluginManager:220 - loadIPPluginJar : add radio
2025-01-06 22:54:01,466 DEBUG [LineInfo_to_exitCode.log_LineInfo] 2025-01-06 22:54:01,466 [INFO] IPUIPlugin:80 - create IPUIPlugin
2025-01-06 22:54:01,466 DEBUG [LineInfo_to_exitCode.log_LineInfo] 2025-01-06 22:54:01,466 [INFO] PluginManager:220 - loadIPPluginJar : add resmgrutility
2025-01-06 22:54:01,468 DEBUG [LineInfo_to_exitCode.log_LineInfo] 2025-01-06 22:54:01,468 [INFO] IPUIPlugin:80 - create IPUIPlugin
2025-01-06 22:54:01,469 DEBUG [LineInfo_to_exitCode.log_LineInfo] 2025-01-06 22:54:01,468 [INFO] PluginManager:220 - loadIPPluginJar : add sai
2025-01-06 22:54:01,470 DEBUG [LineInfo_to_exitCode.log_LineInfo] 2025-01-06 22:54:01,470 [INFO] IPUIPlugin:80 - create IPUIPlugin
2025-01-06 22:54:01,470 DEBUG [LineInfo_to_exitCode.log_LineInfo] 2025-01-06 22:54:01,470 [INFO] PluginManager:220 - loadIPPluginJar : add spi
2025-01-06 22:54:01,473 DEBUG [LineInfo_to_exitCode.log_LineInfo] 2025-01-06 22:54:01,473 [INFO] IPUIPlugin:80 - create IPUIPlugin
2025-01-06 22:54:01,473 DEBUG [LineInfo_to_exitCode.log_LineInfo] 2025-01-06 22:54:01,473 [INFO] PluginManager:220 - loadIPPluginJar : add stm32_wpan
2025-01-06 22:54:01,475 DEBUG [LineInfo_to_exitCode.log_LineInfo] 2025-01-06 22:54:01,475 [INFO] IPUIPlugin:80 - create IPUIPlugin
2025-01-06 22:54:01,475 DEBUG [LineInfo_to_exitCode.log_LineInfo] 2025-01-06 22:54:01,475 [INFO] PluginManager:220 - loadIPPluginJar : add tim
2025-01-06 22:54:01,478 DEBUG [LineInfo_to_exitCode.log_LineInfo] 2025-01-06 22:54:01,478 [INFO] IPUIPlugin:80 - create IPUIPlugin
2025-01-06 22:54:01,478 DEBUG [LineInfo_to_exitCode.log_LineInfo] 2025-01-06 22:54:01,478 [INFO] PluginManager:220 - loadIPPluginJar : add touchsensing
2025-01-06 22:54:01,480 DEBUG [LineInfo_to_exitCode.log_LineInfo] 2025-01-06 22:54:01,480 [INFO] IPUIPlugin:80 - create IPUIPlugin
2025-01-06 22:54:01,480 DEBUG [LineInfo_to_exitCode.log_LineInfo] 2025-01-06 22:54:01,480 [INFO] PluginManager:220 - loadIPPluginJar : add tracer_emb
2025-01-06 22:54:01,482 DEBUG [LineInfo_to_exitCode.log_LineInfo] 2025-01-06 22:54:01,481 [INFO] IPUIPlugin:80 - create IPUIPlugin
2025-01-06 22:54:01,482 DEBUG [LineInfo_to_exitCode.log_LineInfo] 2025-01-06 22:54:01,482 [INFO] PluginManager:220 - loadIPPluginJar : add ts
2025-01-06 22:54:01,483 DEBUG [LineInfo_to_exitCode.log_LineInfo] 2025-01-06 22:54:01,483 [INFO] IPUIPlugin:80 - create IPUIPlugin
2025-01-06 22:54:01,483 DEBUG [LineInfo_to_exitCode.log_LineInfo] 2025-01-06 22:54:01,483 [INFO] PluginManager:220 - loadIPPluginJar : add tsc
2025-01-06 22:54:01,484 DEBUG [LineInfo_to_exitCode.log_LineInfo] 2025-01-06 22:54:01,484 [INFO] IPUIPlugin:80 - create IPUIPlugin
2025-01-06 22:54:01,484 DEBUG [LineInfo_to_exitCode.log_LineInfo] 2025-01-06 22:54:01,484 [INFO] PluginManager:220 - loadIPPluginJar : add ucpd
2025-01-06 22:54:01,486 DEBUG [LineInfo_to_exitCode.log_LineInfo] 2025-01-06 22:54:01,486 [INFO] IPUIPlugin:80 - create IPUIPlugin
2025-01-06 22:54:01,486 DEBUG [LineInfo_to_exitCode.log_LineInfo] 2025-01-06 22:54:01,486 [INFO] PluginManager:220 - loadIPPluginJar : add usart
2025-01-06 22:54:01,488 DEBUG [LineInfo_to_exitCode.log_LineInfo] 2025-01-06 22:54:01,488 [INFO] IPUIPlugin:80 - create IPUIPlugin
2025-01-06 22:54:01,488 DEBUG [LineInfo_to_exitCode.log_LineInfo] 2025-01-06 22:54:01,488 [INFO] PluginManager:220 - loadIPPluginJar : add usbx
2025-01-06 22:54:01,504 DEBUG [LineInfo_to_exitCode.log_LineInfo] 2025-01-06 22:54:01,504 [INFO] Updater:1100 - Updater Version found : 6.12.1
2025-01-06 22:54:01,516 DEBUG [LineInfo_to_exitCode.log_LineInfo] 2025-01-06 22:54:01,516 [INFO] ApplicationProperties:184 - Using Application install path: C:\Program Files\STMicroelectronics\STM32Cube\STM32CubeMX
2025-01-06 22:54:01,682 DEBUG [LineInfo_to_exitCode.log_LineInfo] 2025-01-06 22:54:01,681 [INFO] MainUpdater:2873 - connection check result : 10
2025-01-06 22:54:01,682 DEBUG [LineInfo_to_exitCode.log_LineInfo] 2025-01-06 22:54:01,682 [INFO] MainUpdater:290 - Updater Check For Update Now.
2025-01-06 22:54:01,682 DEBUG [LineInfo_to_exitCode.log_LineInfo] 2025-01-06 22:54:01,682 [INFO] MicroXplorer:498 - Change Database Version : DB.6.0.121
2025-01-06 22:54:01,798 DEBUG [LineInfo_to_exitCode.log_LineInfo] 2025-01-06 22:54:01,798 [INFO] CADModel:165 - CPN selected for project level
2025-01-06 22:54:01,799 DEBUG [LineInfo_to_exitCode.log_LineInfo] 2025-01-06 22:54:01,798 [INFO] CADModel:114 - Register for checkConnection events
2025-01-06 22:54:01,878 DEBUG [LineInfo_to_exitCode.log_LineInfo] 2025-01-06 22:54:01,878 [INFO] CheckServerUpdateThread:120 - End of CheckServer Thread
2025-01-06 22:54:01,904 DEBUG [LineInfo_to_exitCode.log_LineInfo] 2025-01-06 22:54:01,904 [INFO] CADModel:165 - CPN selected for project level
2025-01-06 22:54:01,905 DEBUG [LineInfo_to_exitCode.log_LineInfo] 2025-01-06 22:54:01,904 [INFO] CADModel:114 - Register for checkConnection events
2025-01-06 22:54:01,957 DEBUG [LineInfo_to_exitCode.log_LineInfo] 2025-01-06 22:54:01,956 [INFO] HomeAdPanel:103 - Auto-refresh data requested => check proxy status ongoing
2025-01-06 22:54:02,348 DEBUG [LineInfo_to_exitCode.log_LineInfo] 2025-01-06 22:54:02,348 [INFO] ServerAccessManage:473 - Download File 
2025-01-06 22:54:02,351 DEBUG [LineInfo_to_exitCode.log_LineInfo] 2025-01-06 22:54:02,351 [INFO] LoadUrlFilesThread:185 - End of LoadServerUrlFiles without Thread
2025-01-06 22:54:02,355 DEBUG [LineInfo_to_exitCode.log_LineInfo] 2025-01-06 22:54:02,355 [INFO] DbMcusAds:53 - JSON generation date=Tue Dec 17 09:01:15 MST 2024 (1734451275222)
2025-01-06 22:54:02,358 DEBUG [LineInfo_to_exitCode.log_LineInfo] 2025-01-06 22:54:02,358 [INFO] LoadUrlFilesThread:185 - End of LoadServerUrlFiles without Thread
2025-01-06 22:54:02,358 DEBUG [LineInfo_to_exitCode.log_LineInfo] 2025-01-06 22:54:02,358 [INFO] HomeAdPanel:114 - Refresh advertisement image is successful
2025-01-06 22:54:02,395 DEBUG [LineInfo_to_exitCode.log_LineInfo] 2025-01-06 22:54:02,395 [INFO] LoadUrlFilesThread:185 - End of LoadServerUrlFiles without Thread
2025-01-06 22:54:02,403 DEBUG [LineInfo_to_exitCode.log_LineInfo] 2025-01-06 22:54:02,402 [INFO] DetailPanel:341 - Set advertising image to C:/Users/abina/STM32Cube/Repository/\en.prom-stm32n6-mcu-finder.png
2025-01-06 22:54:02,555 DEBUG [LineInfo_to_exitCode.log_LineInfo] 2025-01-06 22:54:02,555 [INFO] LoadUrlFilesThread:185 - End of LoadServerUrlFiles without Thread
2025-01-06 22:54:02,658 DEBUG [LineInfo_to_exitCode.log_LineInfo] 2025-01-06 22:54:02,658 [INFO] LoadUrlFilesThread:185 - End of LoadServerUrlFiles without Thread
2025-01-06 22:54:02,658 DEBUG [LineInfo_to_exitCode.log_LineInfo] 2025-01-06 22:54:02,658 [INFO] DetailPanel:341 - Set advertising image to C:/Users/abina/STM32Cube/Repository/\en.prom-stm32n6-mcu-finder.png
2025-01-06 22:54:02,760 DEBUG [LineInfo_to_exitCode.log_LineInfo] 2025-01-06 22:54:02,760 [INFO] MainFrame:202 - [MX] HOME_PANEL == 1320503907431500
2025-01-06 22:54:02,764 DEBUG [LineInfo_to_exitCode.log_LineInfo] 2025-01-06 22:54:02,763 [INFO] MainFrame:537 - Register for checkConnection events
2025-01-06 22:54:02,765 DEBUG [LineInfo_to_exitCode.log_LineInfo] 2025-01-06 22:54:02,764 [INFO] UserAuth:417 - Internet connection configuration mode: 1
2025-01-06 22:54:02,775 DEBUG [LineInfo_to_exitCode.log_LineInfo] 2025-01-06 22:54:02,774 [INFO] JxBrowserEngine:152 - Initiate JxBrowser Engine with user profile folder
2025-01-06 22:54:02,792 DEBUG [LineInfo_to_exitCode.log_LineInfo] 2025-01-06 22:54:02,791 [INFO] RulesReader:64 - Compatibility file has been processed (297 Rules)
2025-01-06 22:54:02,801 DEBUG [LineInfo_to_exitCode.log_LineInfo] 2025-01-06 22:54:02,801 [INFO] RulesReader:64 - Compatibility file has been processed (297 Rules)
2025-01-06 22:54:02,805 DEBUG [LineInfo_to_exitCode.log_LineInfo] 2025-01-06 22:54:02,805 [INFO] MicroXplorer:468 - Change Database Path : 
2025-01-06 22:54:02,805 DEBUG [LineInfo_to_exitCode.log_LineInfo] 2025-01-06 22:54:02,805 [INFO] MicroXplorer:498 - Change Database Version : DB.6.0.121
2025-01-06 22:54:03,320 DEBUG [LineInfo_to_exitCode.log_LineInfo] 2025-01-06 22:54:03,320 [INFO] WebApp:167 - Instantiating new browser for Auth
2025-01-06 22:54:03,940 DEBUG [LineInfo_to_exitCode.log_LineInfo] 2025-01-06 22:54:03,940 [INFO] WebApp:448 - Apply proxy settings
2025-01-06 22:54:03,940 DEBUG [LineInfo_to_exitCode.log_LineInfo] 2025-01-06 22:54:03,940 [INFO] WebApp:533 - Chromium requires no authentication
2025-01-06 22:54:03,948 DEBUG [LineInfo_to_exitCode.log_LineInfo] 2025-01-06 22:54:03,947 [INFO] WebApp:476 - Direct internet connection detected
2025-01-06 22:54:03,968 DEBUG [LineInfo_to_exitCode.log_LineInfo] 2025-01-06 22:54:03,968 [INFO] WebApp:869 - Register for checkConnection events
2025-01-06 22:54:03,968 DEBUG [LineInfo_to_exitCode.log_LineInfo] 2025-01-06 22:54:03,968 [INFO] WebApp:448 - Apply proxy settings
2025-01-06 22:54:03,968 DEBUG [LineInfo_to_exitCode.log_LineInfo] 2025-01-06 22:54:03,968 [INFO] WebApp:533 - Chromium requires no authentication
2025-01-06 22:54:03,969 DEBUG [LineInfo_to_exitCode.log_LineInfo] 2025-01-06 22:54:03,969 [INFO] WebApp:476 - Direct internet connection detected
2025-01-06 22:54:04,149 DEBUG [LineInfo_to_exitCode.log_LineInfo] 2025-01-06 22:54:04,149 [INFO] WebApp:220 - Starting web application
2025-01-06 22:54:04,149 DEBUG [LineInfo_to_exitCode.log_LineInfo] 2025-01-06 22:54:04,149 [INFO] WebApp:578 - Web application path used jar:file:/C:/Program%20Files/STMicroelectronics/STM32Cube/STM32CubeMX/STM32CubeMX.exe!/db/plugins/mcufinder/reactClient1/index.html
2025-01-06 22:54:04,293 DEBUG [LineInfo_to_exitCode.log_LineInfo] 2025-01-06 22:54:04,292 [INFO] WebApp:186 - Connection restablished
2025-01-06 22:54:05,215 ERROR [LineInfo_to_exitCode.log_LineInfo] Attr not supported : Dmpu
2025-01-06 22:54:05,215 ERROR [LineInfo_to_exitCode.log_LineInfo] Attr not supported : Dmpu
2025-01-06 22:54:05,215 ERROR [LineInfo_to_exitCode.log_LineInfo] Attr not supported : Dmpu
2025-01-06 22:54:05,215 ERROR [LineInfo_to_exitCode.log_LineInfo] Attr not supported : Dmpu
2025-01-06 22:54:05,215 ERROR [LineInfo_to_exitCode.log_LineInfo] Attr not supported : Dmpu
2025-01-06 22:54:05,216 ERROR [LineInfo_to_exitCode.log_LineInfo] Attr not supported : Dmpu
2025-01-06 22:54:05,216 ERROR [LineInfo_to_exitCode.log_LineInfo] Attr not supported : Dmpu
2025-01-06 22:54:05,216 ERROR [LineInfo_to_exitCode.log_LineInfo] Attr not supported : Dmpu
2025-01-06 22:54:05,216 ERROR [LineInfo_to_exitCode.log_LineInfo] Attr not supported : Dmpu
2025-01-06 22:54:05,216 ERROR [LineInfo_to_exitCode.log_LineInfo] Attr not supported : Dmpu
2025-01-06 22:54:05,216 ERROR [LineInfo_to_exitCode.log_LineInfo] Attr not supported : Dmpu
2025-01-06 22:54:05,216 ERROR [LineInfo_to_exitCode.log_LineInfo] Attr not supported : Dmpu
2025-01-06 22:54:05,216 ERROR [LineInfo_to_exitCode.log_LineInfo] Attr not supported : Dmpu
2025-01-06 22:54:05,217 ERROR [LineInfo_to_exitCode.log_LineInfo] Attr not supported : Dmpu
2025-01-06 22:54:05,217 ERROR [LineInfo_to_exitCode.log_LineInfo] Attr not supported : Dmpu
2025-01-06 22:54:05,217 ERROR [LineInfo_to_exitCode.log_LineInfo] Attr not supported : Dmpu
2025-01-06 22:54:05,217 ERROR [LineInfo_to_exitCode.log_LineInfo] Attr not supported : Dmpu
2025-01-06 22:54:05,217 ERROR [LineInfo_to_exitCode.log_LineInfo] Attr not supported : Dmpu
2025-01-06 22:54:05,217 ERROR [LineInfo_to_exitCode.log_LineInfo] Attr not supported : Dmpu
2025-01-06 22:54:05,217 ERROR [LineInfo_to_exitCode.log_LineInfo] Attr not supported : Dmpu
2025-01-06 22:54:05,217 ERROR [LineInfo_to_exitCode.log_LineInfo] Attr not supported : Dmpu
2025-01-06 22:54:05,217 ERROR [LineInfo_to_exitCode.log_LineInfo] Attr not supported : Dmpu
2025-01-06 22:54:05,218 ERROR [LineInfo_to_exitCode.log_LineInfo] Attr not supported : Dmpu
2025-01-06 22:54:05,218 ERROR [LineInfo_to_exitCode.log_LineInfo] Attr not supported : Dmpu
2025-01-06 22:54:05,218 ERROR [LineInfo_to_exitCode.log_LineInfo] Attr not supported : Dmpu
2025-01-06 22:54:05,218 ERROR [LineInfo_to_exitCode.log_LineInfo] Attr not supported : Dmpu
2025-01-06 22:54:05,218 ERROR [LineInfo_to_exitCode.log_LineInfo] Attr not supported : Dmpu
2025-01-06 22:54:05,219 ERROR [LineInfo_to_exitCode.log_LineInfo] Attr not supported : Dmpu
2025-01-06 22:54:05,219 ERROR [LineInfo_to_exitCode.log_LineInfo] Attr not supported : Dmpu
2025-01-06 22:54:05,219 ERROR [LineInfo_to_exitCode.log_LineInfo] Attr not supported : Dmpu
2025-01-06 22:54:05,219 ERROR [LineInfo_to_exitCode.log_LineInfo] Attr not supported : Dmpu
2025-01-06 22:54:05,219 ERROR [LineInfo_to_exitCode.log_LineInfo] Attr not supported : Dmpu
2025-01-06 22:54:05,219 ERROR [LineInfo_to_exitCode.log_LineInfo] Attr not supported : Dmpu
2025-01-06 22:54:05,219 ERROR [LineInfo_to_exitCode.log_LineInfo] Attr not supported : Dmpu
2025-01-06 22:54:05,219 ERROR [LineInfo_to_exitCode.log_LineInfo] Attr not supported : Dmpu
2025-01-06 22:54:05,219 ERROR [LineInfo_to_exitCode.log_LineInfo] Attr not supported : Dmpu
2025-01-06 22:54:05,220 ERROR [LineInfo_to_exitCode.log_LineInfo] Attr not supported : Dmpu
2025-01-06 22:54:05,220 ERROR [LineInfo_to_exitCode.log_LineInfo] Attr not supported : Dmpu
2025-01-06 22:54:05,220 ERROR [LineInfo_to_exitCode.log_LineInfo] Attr not supported : Dmpu
2025-01-06 22:54:05,220 ERROR [LineInfo_to_exitCode.log_LineInfo] Attr not supported : Dmpu
2025-01-06 22:54:05,220 ERROR [LineInfo_to_exitCode.log_LineInfo] Attr not supported : Dmpu
2025-01-06 22:54:05,221 ERROR [LineInfo_to_exitCode.log_LineInfo] Attr not supported : Dmpu
2025-01-06 22:54:05,221 ERROR [LineInfo_to_exitCode.log_LineInfo] Attr not supported : Dmpu
2025-01-06 22:54:05,221 ERROR [LineInfo_to_exitCode.log_LineInfo] Attr not supported : Dmpu
2025-01-06 22:54:05,221 ERROR [LineInfo_to_exitCode.log_LineInfo] Attr not supported : Dmpu
2025-01-06 22:54:05,221 ERROR [LineInfo_to_exitCode.log_LineInfo] Attr not supported : Dmpu
2025-01-06 22:54:05,221 ERROR [LineInfo_to_exitCode.log_LineInfo] Attr not supported : Dmpu
2025-01-06 22:54:05,222 ERROR [LineInfo_to_exitCode.log_LineInfo] Attr not supported : Dmpu
2025-01-06 22:54:05,222 ERROR [LineInfo_to_exitCode.log_LineInfo] Attr not supported : Dmpu
2025-01-06 22:54:05,222 ERROR [LineInfo_to_exitCode.log_LineInfo] Attr not supported : Dmpu
2025-01-06 22:54:05,222 ERROR [LineInfo_to_exitCode.log_LineInfo] Attr not supported : Dmpu
2025-01-06 22:54:05,222 ERROR [LineInfo_to_exitCode.log_LineInfo] Attr not supported : Dmpu
2025-01-06 22:54:05,222 ERROR [LineInfo_to_exitCode.log_LineInfo] Attr not supported : Dmpu
2025-01-06 22:54:05,222 ERROR [LineInfo_to_exitCode.log_LineInfo] Attr not supported : Dmpu
2025-01-06 22:54:05,223 ERROR [LineInfo_to_exitCode.log_LineInfo] Attr not supported : Dmpu
2025-01-06 22:54:05,223 ERROR [LineInfo_to_exitCode.log_LineInfo] Attr not supported : Dmpu
2025-01-06 22:54:05,223 ERROR [LineInfo_to_exitCode.log_LineInfo] Attr not supported : Dmpu
2025-01-06 22:54:05,223 ERROR [LineInfo_to_exitCode.log_LineInfo] Attr not supported : Dmpu
2025-01-06 22:54:05,223 ERROR [LineInfo_to_exitCode.log_LineInfo] Attr not supported : Dmpu
2025-01-06 22:54:05,223 ERROR [LineInfo_to_exitCode.log_LineInfo] Attr not supported : Dmpu
2025-01-06 22:54:05,223 ERROR [LineInfo_to_exitCode.log_LineInfo] Attr not supported : Dmpu
2025-01-06 22:54:05,224 ERROR [LineInfo_to_exitCode.log_LineInfo] Attr not supported : Dmpu
2025-01-06 22:54:05,224 ERROR [LineInfo_to_exitCode.log_LineInfo] Attr not supported : Dmpu
2025-01-06 22:54:05,224 ERROR [LineInfo_to_exitCode.log_LineInfo] Attr not supported : Dmpu
2025-01-06 22:54:05,241 ERROR [LineInfo_to_exitCode.log_LineInfo] C:\Users\abina\.stm32cubemx\thirdparties\pdsc\STMicroelectronics.X-CUBE-TCPP.4.2.0.pdsc: PDSC version is not supported
2025-01-06 22:54:06,054 DEBUG [LineInfo_to_exitCode.log_LineInfo] 2025-01-06 22:54:06,054 [INFO] ThirdParty:978 - Integrity check success = true
2025-01-06 22:54:06,054 DEBUG [LineInfo_to_exitCode.log_LineInfo] 2025-01-06 22:54:06,054 [INFO] IntegrityCheckThread:100 - exiting critical section [integrity check]
2025-01-06 22:54:06,054 DEBUG [LineInfo_to_exitCode.log_LineInfo] 2025-01-06 22:54:06,054 [INFO] IntegrityCheckThread:103 - End integrity checks thread
2025-01-06 22:54:06,055 DEBUG [LineInfo_to_exitCode.log_LineInfo] 2025-01-06 22:54:06,054 [INFO] ThirdParty:873 - entering critical section [close project]
2025-01-06 22:54:06,055 DEBUG [LineInfo_to_exitCode.log_LineInfo] 2025-01-06 22:54:06,055 [INFO] ThirdParty:883 - exiting critical section [close project]
2025-01-06 22:54:06,056 DEBUG [LineInfo_to_exitCode.log_LineInfo] 2025-01-06 22:54:06,056 [INFO] PinOutPanel:1561 - setPackage(No Configuration,No Configuration)
2025-01-06 22:54:06,079 DEBUG [LineInfo_to_exitCode.log_LineInfo] 2025-01-06 22:54:06,079 [INFO] UtilMem:75 - Begin LoadConfig() Used Memory: 192520592 Bytes (310378496)
2025-01-06 22:54:06,084 DEBUG [LineInfo_to_exitCode.log_LineInfo] 2025-01-06 22:54:06,084 [INFO] MicroXplorer:468 - Change Database Path : 
2025-01-06 22:54:06,084 DEBUG [LineInfo_to_exitCode.log_LineInfo] 2025-01-06 22:54:06,084 [INFO] MicroXplorer:498 - Change Database Version : DB.6.0.121
2025-01-06 22:54:06,084 DEBUG [LineInfo_to_exitCode.log_LineInfo] 2025-01-06 22:54:06,084 [INFO] OpenFileManager:332 - Change cursor
2025-01-06 22:54:06,112 DEBUG [LineInfo_to_exitCode.log_LineInfo] 2025-01-06 22:54:06,111 [INFO] Mcu:2032 - Initializing MCU STM32G431R(6-8-B)Tx STM32G431RBTx 
2025-01-06 22:54:06,193 DEBUG [LineInfo_to_exitCode.log_LineInfo] 2025-01-06 22:54:06,192 [INFO] ApiDb:581 - Connected to CubeFinder SQLite database (C:\Users\abina\.stmcufinder\plugins\mcufinder\mcu\cube-finder-db.db)
2025-01-06 22:54:06,280 DEBUG [LineInfo_to_exitCode.log_LineInfo] 2025-01-06 22:54:06,280 [INFO] ApiDb:668 - CubeFinder database Data Model version=2.1
2025-01-06 22:54:06,281 DEBUG [LineInfo_to_exitCode.log_LineInfo] 2025-01-06 22:54:06,280 [INFO] ApiDb:669 - CubeFinder database Configuration version=3.0.39
2025-01-06 22:54:06,281 DEBUG [LineInfo_to_exitCode.log_LineInfo] 2025-01-06 22:54:06,280 [INFO] ApiDb:670 - CubeFinder database generation date=2024-12-10 (1733817889)
2025-01-06 22:54:06,281 DEBUG [LineInfo_to_exitCode.log_LineInfo] 2025-01-06 22:54:06,281 [INFO] ApiDb:671 - CubeFinder database FW Pack versions=[FP-ATR-ASTRA1_V2.0.0, FP-SNS-FLIGHT1_V5.0.2, FP-SNS-MOTENV1_V5.0.0, FP-SNS-MOTENVWB1_V1.4.0, FP-SNS-SMARTAG2_V1.2.0, FP-SNS-STBOX1_V2.0.0, STM32Cube_FW_C0_V1.3.0, STM32Cube_FW_F4_V1.28.1, STM32Cube_FW_F7_V1.17.2, STM32Cube_FW_G0_V1.6.2, STM32Cube_FW_G4_V1.6.1, STM32Cube_FW_H5_V1.4.0, STM32Cube_FW_H7RS_V1.1.0, STM32Cube_FW_H7_V1.12.0, STM32Cube_FW_L0_V1.12.2, STM32Cube_FW_L4_V1.18.1, STM32Cube_FW_L5_V1.5.1, STM32Cube_FW_N6_V1.0.0, STM32Cube_FW_U0_V1.2.0, STM32Cube_FW_U3_V1.0.0, STM32Cube_FW_U5_V1.7.0, STM32Cube_FW_WB0_V1.1.0, STM32Cube_FW_WBA_V1.5.0, STM32Cube_FW_WB_V1.21.0, STM32Cube_FW_WL3_V1.0.0, STM32Cube_FW_WL_V1.3.0, X-CUBE-ALGOBUILD_V1.4.0, X-CUBE-ALS_V1.0.2, X-CUBE-AZRTOS-F4_V1.1.0, X-CUBE-AZRTOS-F7_V1.1.0, X-CUBE-AZRTOS-G0_V1.1.0, X-CUBE-AZRTOS-G4_V2.0.0, X-CUBE-AZRTOS-H7RS_V1.0.0, X-CUBE-AZRTOS-H7_V3.3.0, X-CUBE-AZRTOS-L4_V2.0.0, X-CUBE-AZRTOS-L5_V2.0.0, X-CUBE-AZRTOS-WB_V2.0.0, X-CUBE-AZRTOS-WL_V2.0.0, X-CUBE-BLE1_V7.0.0, X-CUBE-BLE2_V3.3.0, X-CUBE-BLEMGR_V3.1.0, X-CUBE-EEPRMA1_V5.1.0, X-CUBE-FREERTOS_V1.2.0, X-CUBE-GNSS1_V6.0.0, X-CUBE-MEMS1_V11.0.0, X-CUBE-NFC4_V3.0.0, X-CUBE-NFC7_V1.0.1, X-CUBE-SFXS2LP1_V4.0.0, X-CUBE-SUBG2_V5.0.0, X-CUBE-TOF1_V3.4.2]
2025-01-06 22:54:08,338 DEBUG [LineInfo_to_exitCode.log_LineInfo] 2025-01-06 22:54:08,338 [INFO] ApiDb:240 - Found 646 in-development CPN: [B-G473E-ZEST1S, B-WB1M-WPAN1, B-WL5M-SUBG1, NUCLEO-C031C6, NUCLEO-C071RB, NUCLEO-H503RB, NUCLEO-H533RE, NUCLEO-H563ZI, NUCLEO-H7S3L8, NUCLEO-U031R8, NUCLEO-U083RC, NUCLEO-U545RE-Q, NUCLEO-U5A5ZJ-Q, NUCLEO-WB05KZ, NUCLEO-WB07CC, NUCLEO-WB09KE, NUCLEO-WBA52CG, NUCLEO-WBA55CG, STEVAL-PROTEUS1, STEVAL-SMARTAG2, STEVAL-STWINBX1, STM320518-EVAL, STM32C0116-DK, STM32C011D6Y3TR, STM32C011D6Y6TR, STM32C011F4P3, STM32C011F4P6, STM32C011F4U3, STM32C011F4U6TR, STM32C011F6P3, STM32C011F6P6, STM32C011F6U3, STM32C011F6U6TR, STM32C011J4M3, STM32C011J4M6, STM32C011J6M3, STM32C011J6M6, STM32C0316-DK, STM32C031C4T3, STM32C031C4T6, STM32C031C4U3, STM32C031C4U6, STM32C031C6T3, STM32C031C6T6, STM32C031C6U3, STM32C031C6U6, STM32C031F4P3, STM32C031F4P6, STM32C031F6P3, STM32C031F6P6, STM32C031G4U3, STM32C031G4U6, STM32C031G6U3, STM32C031G6U6, STM32C031K4T3, STM32C031K4T6, STM32C031K4U3, STM32C031K4U6, STM32C031K6T3, STM32C031K6T6, STM32C031K6U3, STM32C031K6U6, STM32C071C8T6, STM32C071C8T6N, STM32C071C8U6, STM32C071C8U6N, STM32C071CBT6, STM32C071CBT6N, STM32C071CBU6, STM32C071CBU6N, STM32C071F8P6, STM32C071F8P6N, STM32C071FBP6, STM32C071FBP6N, STM32C071FBY6TR, STM32C071G8U6, STM32C071G8U6N, STM32C071GBU6, STM32C071GBU6N, STM32C071K8T6, STM32C071K8T6N, STM32C071K8U6, STM32C071K8U6N, STM32C071KBT6, STM32C071KBT6N, STM32C071KBU6, STM32C071KBU6N, STM32C071R8T6, STM32C071R8T6N, STM32C071RBI6N, STM32C071RBT6, STM32C071RBT6N, STM32G071K8TXN, STM32G071K8UXN, STM32G081GBU6N, STM32G081KBT6N, STM32G081KBUXN, STM32G0B1CCT6N, STM32G0B1KCT6, STM32G0B1NEY6TR, STM32G0B1RCT6N, STM32G0C1CCT6, STM32G0C1CCT6N, STM32G0C1CCU6N, STM32G0C1CET6N, STM32G0C1CEU6N, STM32G0C1KCT6, STM32G0C1NEY6TR, STM32G0C1RCI6N, STM32G0C1RCT6N, STM32G0C1REI6N, STM32G0C1RET6N, STM32G0C1VCI6, STM32G0C1VEI6, STM32G411C6T3, STM32G411C6T6, STM32G411C6U3, STM32G411C6U6, STM32G411C8T3, STM32G411C8T6, STM32G411C8U3, STM32G411C8U6, STM32G411CBT3, STM32G411CBT6, STM32G411CBU3, STM32G411CBU6, STM32G411K6T3, STM32G411K6T6, STM32G411K6U3, STM32G411K6U6, STM32G411K8T3, STM32G411K8T6, STM32G411K8U3, STM32G411K8U6, STM32G411KBT3, STM32G411KBT6, STM32G411KBU3, STM32G411KBU6, STM32G411M6T3, STM32G411M6T6, STM32G411M8T3, STM32G411M8T6, STM32G411MBT3, STM32G411MBT6, STM32G411R6T3, STM32G411R6T6, STM32G411R8T3, STM32G411R8T6, STM32G411RBT3, STM32G411RBT6, STM32G414CBT3, STM32G414CBT6, STM32G414CBU3, STM32G414CBU6, STM32G414CCT3, STM32G414CCT6, STM32G414CCU3, STM32G414CCU6, STM32G414MBT3, STM32G414MBT6, STM32G414MCT3, STM32G414MCT6, STM32G414RBT3, STM32G414RBT6, STM32G414RCT3, STM32G414RCT6, STM32G414VBT3, STM32G414VBT6, STM32G414VCT3, STM32G414VCT6, STM32G431CBT3Z, STM32G431RBT3Z, STM32G471CCT6, STM32G471CCU6, STM32G471CET3, STM32G471CET6, STM32G471CEU3, STM32G471CEU6, STM32G471MCT6, STM32G471MET3, STM32G471MET6, STM32G471MEY6TR, STM32G471QCT6, STM32G471QET3, STM32G471RCT6, STM32G471RET3, STM32G471RET6, STM32G471VCH6, STM32G471VCI6, STM32G471VCT6, STM32G471VEH3, STM32G471VEH6, STM32G471VEI3, STM32G471VEI6, STM32G471VET3, STM32G471VET6, STM32G473QET3Z, STM32G473RET3Z, STM32G474CCT6, STM32G491RET3Z, STM32H503CBT6, STM32H503CBU6, STM32H503EBY6TR, STM32H503KBU6, STM32H503RBT6, STM32H523CCT6, STM32H523CCU6, STM32H523CET6, STM32H523CEU6, STM32H523HEY6TR, STM32H523RCT6, STM32H523RET6, STM32H523VCI6, STM32H523VCT6, STM32H523VEI6, STM32H523VET6, STM32H523ZCJ6, STM32H523ZCT6, STM32H523ZEJ6, STM32H523ZET6, STM32H533CET6, STM32H533CEU6, STM32H533HEY6TR, STM32H533RET6, STM32H533VEI6, STM32H533VET6, STM32H533ZEJ6, STM32H533ZET6, STM32H562AGI6, STM32H562AII6, STM32H562IGK6, STM32H562IGT6, STM32H562IIK6, STM32H562IIT6, STM32H562RGT6, STM32H562RGV6, STM32H562RIT6, STM32H562RIV6, STM32H562VGT6, STM32H562VIT6, STM32H562ZGT6, STM32H562ZIT6, STM32H563AGI6, STM32H563AII3Q, STM32H563AII6, STM32H563IGK6, STM32H563IGT6, STM32H563IIK3Q, STM32H563IIK6, STM32H563IIT3Q, STM32H563IIT6, STM32H563MIY3QTR, STM32H563RGT6, STM32H563RGV6, STM32H563RIT6, STM32H563RIV6, STM32H563VGT6, STM32H563VIT3Q, STM32H563VIT6, STM32H563ZGT6, STM32H563ZIT3Q, STM32H563ZIT6, STM32H573AII3Q, STM32H573AII6, STM32H573I-DK, STM32H573IIK3Q, STM32H573IIK6, STM32H573IIT3Q, STM32H573IIT6, STM32H573MIY3QTR, STM32H573RIT6, STM32H573RIV6, STM32H573VIT3Q, STM32H573VIT6, STM32H573ZIT3Q, STM32H573ZIT6, STM32H7R3A8I6, STM32H7R3I8K6, STM32H7R3I8T6, STM32H7R3L8H6, STM32H7R3L8H6H, STM32H7R3R8V6, STM32H7R3V8H6, STM32H7R3V8T6, STM32H7R3V8Y6TR, STM32H7R3Z8J6, STM32H7R3Z8T6, STM32H7R7A8I6, STM32H7R7I8K6, STM32H7R7I8T6, STM32H7R7L8H6, STM32H7R7L8H6H, STM32H7R7Z8J6, STM32H7S3A8I6, STM32H7S3I8K6, STM32H7S3I8T6, STM32H7S3L8H6, STM32H7S3L8H6H, STM32H7S3R8V6, STM32H7S3V8H6, STM32H7S3V8T6, STM32H7S3V8Y6TR, STM32H7S3Z8J6, STM32H7S3Z8T6, STM32H7S78-DK, STM32H7S7A8I6, STM32H7S7I8K6, STM32H7S7I8T6, STM32H7S7L8H6, STM32H7S7L8H6H, STM32H7S7Z8J6, STM32L4R5QGI6STR, STM32MP131AAE3, STM32MP131AAF3, STM32MP131AAG3, STM32MP131CAE3, STM32MP131CAF3, STM32MP131CAG3, STM32MP131DAE7, STM32MP131DAF7, STM32MP131DAG7, STM32MP131FAE7, STM32MP131FAF7, STM32MP131FAG7, STM32MP133AAE3, STM32MP133AAF3, STM32MP133AAG3, STM32MP133CAE3, STM32MP133CAF3, STM32MP133CAG3, STM32MP133DAE7, STM32MP133DAF7, STM32MP133DAG7, STM32MP133FAE7, STM32MP133FAF7, STM32MP133FAG7, STM32MP135AAE3, STM32MP135AAF3, STM32MP135AAG3, STM32MP135CAE3, STM32MP135CAF3, STM32MP135CAG3, STM32MP135DAE7, STM32MP135DAF7, STM32MP135DAG7, STM32MP135F-DK, STM32MP135FAE7, STM32MP135FAF7, STM32MP135FAF7T, STM32MP135FAF7U, STM32MP135FAG7, STM32MP251AAI3, STM32MP251AAK3, STM32MP251AAL3, STM32MP251CAI3, STM32MP251CAK3, STM32MP251CAL3, STM32MP251DAI3, STM32MP251DAK3, STM32MP251DAL3, STM32MP251FAI3, STM32MP251FAK3, STM32MP251FAL3, STM32MP253AAI3, STM32MP253AAK3, STM32MP253AAL3, STM32MP253CAI3, STM32MP253CAK3, STM32MP253CAL3, STM32MP253DAI3, STM32MP253DAK3, STM32MP253DAL3, STM32MP253FAI3, STM32MP253FAK3, STM32MP253FAL3, STM32MP255AAI3, STM32MP255AAK3, STM32MP255AAL3, STM32MP255CAI3, STM32MP255CAK3, STM32MP255CAL3, STM32MP255DAI3, STM32MP255DAK3, STM32MP255DAL3, STM32MP255FAI3, STM32MP255FAK3, STM32MP255FAL3, STM32MP257AAI3, STM32MP257AAK3, STM32MP257AAL3, STM32MP257CAI3, STM32MP257CAK3, STM32MP257CAL3, STM32MP257DAI3, STM32MP257DAK3, STM32MP257DAL3, STM32MP257F-DK, STM32MP257F-EV1, STM32MP257FAI3, STM32MP257FAK3, STM32MP257FAL3, STM32U031C6T6, STM32U031C6U6, STM32U031C8T6, STM32U031C8U6, STM32U031F4P6, STM32U031F6P6, STM32U031F8P6, STM32U031G6Y6TR, STM32U031G8Y6TR, STM32U031K4U6, STM32U031K6U6, STM32U031K8U6, STM32U031R6I6, STM32U031R6T6, STM32U031R8I6, STM32U031R8T6, STM32U073C8T6, STM32U073C8U6, STM32U073CBT6, STM32U073CBU6, STM32U073CCT6, STM32U073CCU6, STM32U073H8Y6TR, STM32U073HBY6TR, STM32U073HCY6TR, STM32U073K8U6, STM32U073KBU6, STM32U073KCU6, STM32U073M8I6, STM32U073M8T6, STM32U073MBI6, STM32U073MBT6, STM32U073MCI6, STM32U073MCT6, STM32U073R8I6, STM32U073R8T6, STM32U073RBI6, STM32U073RBT6, STM32U073RCI6, STM32U073RCT6, STM32U083C-DK, STM32U083CCT6, STM32U083CCU6, STM32U083HCY6TR, STM32U083KCU6, STM32U083MCI6, STM32U083MCT6, STM32U083RCI6, STM32U083RCT6, STM32U535CBT6, STM32U535CBT6Q, STM32U535CBU6, STM32U535CBU6Q, STM32U535CCT6, STM32U535CCT6Q, STM32U535CCU6, STM32U535CCU6Q, STM32U535CET6, STM32U535CET6Q, STM32U535CEU6, STM32U535CEU6Q, STM32U535JEY6QTR, STM32U535NCY6QTR, STM32U535NEY6QTR, STM32U535RBI6, STM32U535RBI6Q, STM32U535RBT6, STM32U535RBT6Q, STM32U535RCI6, STM32U535RCI6Q, STM32U535RCT6, STM32U535RCT6Q, STM32U535REI6, STM32U535REI6Q, STM32U535RET6, STM32U535RET6Q, STM32U535VCI6, STM32U535VCI6Q, STM32U535VCT6, STM32U535VCT6Q, STM32U535VEI6, STM32U535VEI6Q, STM32U535VET6, STM32U535VET6Q, STM32U545CET6, STM32U545CET6Q, STM32U545CEU6, STM32U545CEU6Q, STM32U545JEY6QTR, STM32U545NEY6QTR, STM32U545REI6, STM32U545REI6Q, STM32U545RET6, STM32U545RET6Q, STM32U545VEI6, STM32U545VEI6Q, STM32U545VET6, STM32U545VET6Q, STM32U595AIH6, STM32U595AIH6Q, STM32U595AJH6, STM32U595AJH6Q, STM32U595QII6, STM32U595QII6Q, STM32U595QJI6, STM32U595QJI6Q, STM32U595RIT6, STM32U595RIT6Q, STM32U595RJT6, STM32U595RJT6Q, STM32U595VIT6, STM32U595VIT6Q, STM32U595VJT6, STM32U595VJT6Q, STM32U595ZIT6, STM32U595ZIT6Q, STM32U595ZIY6QTR, STM32U595ZJT6, STM32U595ZJT6Q, STM32U595ZJY6QTR, STM32U599BJY6QTR, STM32U599NIH6Q, STM32U599NJH6Q, STM32U599VIT6Q, STM32U599VJT6, STM32U599VJT6Q, STM32U599ZIT6Q, STM32U599ZIY6QTR, STM32U599ZJT6Q, STM32U599ZJY6QTR, STM32U5A5AJH6, STM32U5A5AJH6Q, STM32U5A5QII3Q , STM32U5A5QJI6, STM32U5A5QJI6Q, STM32U5A5RJT6, STM32U5A5RJT6Q, STM32U5A5VJT6, STM32U5A5VJT6Q, STM32U5A5ZJT6, STM32U5A5ZJT6Q, STM32U5A5ZJY6QTR, STM32U5A9BJY6QTR, STM32U5A9J-DK, STM32U5A9NJH6Q, STM32U5A9VJT6Q, STM32U5A9ZJT6Q, STM32U5A9ZJY6QTR, STM32U5F7VIT6, STM32U5F7VIT6Q, STM32U5F7VJT6, STM32U5F7VJT6Q, STM32U5F9BJY6QTR, STM32U5F9NJH6Q, STM32U5F9VIT6Q, STM32U5F9VJT6Q, STM32U5F9ZIJ6QTR, STM32U5F9ZIT6Q, STM32U5F9ZJJ6QTR, STM32U5F9ZJT6Q, STM32U5G7VJT6, STM32U5G7VJT6Q, STM32U5G9BJY6QTR, STM32U5G9J-DK1, STM32U5G9J-DK2, STM32U5G9NJH6Q, STM32U5G9VJT6Q, STM32U5G9ZJJ6QTR, STM32U5G9ZJT6Q, STM32WB05KZV6TR, STM32WB05KZV7TR, STM32WB05TZF6TR, STM32WB05TZF7TR, STM32WB06CCF6TR, STM32WB06CCF7TR, STM32WB06CCV6TR, STM32WB06CCV7TR, STM32WB06KCV6TR, STM32WB06KCV7TR, STM32WB07CCF6TR, STM32WB07CCF7TR, STM32WB07CCV6TR, STM32WB07CCV7TR, STM32WB07KCV6TR, STM32WB07KCV7TR, STM32WB09KEV6TR, STM32WB09KEV7TR, STM32WB09TEF6TR, STM32WB09TEF7TR, STM32WB1MMCH6, STM32WBA50KGU6, STM32WBA50KGU6TR, STM32WBA52CEU6, STM32WBA52CEU6TR, STM32WBA52CEU7, STM32WBA52CEU7TR, STM32WBA52CGU6, STM32WBA52CGU6TR, STM32WBA52CGU6U, STM32WBA52CGU7, STM32WBA52CGU7TR, STM32WBA52KEU6, STM32WBA52KEU6TR, STM32WBA52KGU6, STM32WBA52KGU6TR, STM32WBA54CEU6, STM32WBA54CEU6TR, STM32WBA54CEU7, STM32WBA54CEU7TR, STM32WBA54CGU6, STM32WBA54CGU6TR, STM32WBA54CGU7, STM32WBA54CGU7TR, STM32WBA54KEU6, STM32WBA54KEU6TR, STM32WBA54KEU7, STM32WBA54KEU7TR, STM32WBA54KGU6, STM32WBA54KGU6TR, STM32WBA54KGU7, STM32WBA54KGU7TR, STM32WBA55CEU6, STM32WBA55CEU6TR, STM32WBA55CEU7, STM32WBA55CEU7TR, STM32WBA55CGU6, STM32WBA55CGU6TR, STM32WBA55CGU6U, STM32WBA55CGU7, STM32WBA55CGU7TR, STM32WBA55G-DK1, STM32WBA55HEF6, STM32WBA55HEF7, STM32WBA55HGF6, STM32WBA55HGF7, STM32WBA55UEI6, STM32WBA55UEI6TR, STM32WBA55UEI7, STM32WBA55UEI7TR, STM32WBA55UGI6, STM32WBA55UGI6TR, STM32WBA55UGI7, STM32WBA55UGI7TR, STM32WL5MOCH6, STM32WL5MOCH6TR]
2025-01-06 22:54:08,344 DEBUG [LineInfo_to_exitCode.log_LineInfo] 2025-01-06 22:54:08,343 [INFO] DbMcus:218 - Found 4404 MCUs, 4404 are supported
2025-01-06 22:54:08,345 DEBUG [LineInfo_to_exitCode.log_LineInfo] 2025-01-06 22:54:08,344 [INFO] ApiDb:423 - Load user favorites file C:\Users\abina/.stm32cubemx/favorites.mcus.txt: 0 item(s)
2025-01-06 22:54:08,345 DEBUG [LineInfo_to_exitCode.log_LineInfo] 2025-01-06 22:54:08,345 [INFO] ApiDb:427 - User favorites MCUs=[]
2025-01-06 22:54:08,345 DEBUG [LineInfo_to_exitCode.log_LineInfo] 2025-01-06 22:54:08,345 [INFO] DbMcus:224 - Set 0 / 0 favorites MCUs
2025-01-06 22:54:08,625 DEBUG [LineInfo_to_exitCode.log_LineInfo] 2025-01-06 22:54:08,625 [INFO] Mcu:2047 - No CPN specified => set CPN to STM32G431RBT3
2025-01-06 22:54:11,280 DEBUG [LineInfo_to_exitCode.log_LineInfo] 2025-01-06 22:54:11,280 [INFO] Context:742 - Trying to add GPIOservice into a context  which must be forbidden
2025-01-06 22:54:12,131 DEBUG [LineInfo_to_exitCode.log_LineInfo] 2025-01-06 22:54:12,131 [INFO] ImportTextPane:205 - (OptionalMessage_ERROR) Unable to find key (Mcu.ThirdPartyNb) in loaded IOC file
2025-01-06 22:54:12,370 DEBUG [LineInfo_to_exitCode.log_LineInfo] 2025-01-06 22:54:12,369 [INFO] RtosManager:555 - Registered RTOS mode: class=CMSIS, group=RTOS, mode=CMSIS_V1, owner=FREERTOS
2025-01-06 22:54:12,370 DEBUG [LineInfo_to_exitCode.log_LineInfo] 2025-01-06 22:54:12,370 [INFO] RtosManager:555 - Registered RTOS mode: class=CMSIS, group=RTOS2, mode=CMSIS_V2, owner=FREERTOS
2025-01-06 22:54:12,370 DEBUG [LineInfo_to_exitCode.log_LineInfo] 2025-01-06 22:54:12,370 [INFO] RtosManager:555 - Registered RTOS mode: class=RTOS, group=Core, mode=CMSIS_V1, owner=FREERTOS
2025-01-06 22:54:12,370 DEBUG [LineInfo_to_exitCode.log_LineInfo] 2025-01-06 22:54:12,370 [INFO] RtosManager:555 - Registered RTOS mode: class=RTOS, group=Core, mode=CMSIS_V2, owner=FREERTOS
2025-01-06 22:54:12,556 DEBUG [LineInfo_to_exitCode.log_LineInfo] 2025-01-06 22:54:12,555 [INFO] ThirdPartyModel:298 - Start build external matchings
2025-01-06 22:54:14,551 DEBUG [LineInfo_to_exitCode.log_LineInfo] 2025-01-06 22:54:14,551 [INFO] ThirdPartyModel:316 - End build external matchings
2025-01-06 22:54:14,606 DEBUG [LineInfo_to_exitCode.log_LineInfo] 2025-01-06 22:54:14,605 [INFO] ImportTextPane:205 - (OptionalMessage_ERROR) IP (DMA) : Parameter (Instance) has Id (USART2_RX) currently not set
2025-01-06 22:54:14,606 DEBUG [LineInfo_to_exitCode.log_LineInfo] 2025-01-06 22:54:14,606 [INFO] ImportTextPane:205 - (OptionalMessage_ERROR) IP (DMA) : Parameter (Request) has Id (USART2_RX) currently not set
2025-01-06 22:54:14,606 DEBUG [LineInfo_to_exitCode.log_LineInfo] 2025-01-06 22:54:14,606 [INFO] ImportTextPane:205 - (OptionalMessage_ERROR) IP (DMA) : Parameter (Direction) has Id (USART2_RX) currently not set
2025-01-06 22:54:14,606 DEBUG [LineInfo_to_exitCode.log_LineInfo] 2025-01-06 22:54:14,606 [INFO] ImportTextPane:205 - (OptionalMessage_ERROR) IP (DMA) : Parameter (PeriphInc) has Id (USART2_RX) currently not set
2025-01-06 22:54:14,606 DEBUG [LineInfo_to_exitCode.log_LineInfo] 2025-01-06 22:54:14,606 [INFO] ImportTextPane:205 - (OptionalMessage_ERROR) IP (DMA) : Parameter (MemInc) has Id (USART2_RX) currently not set
2025-01-06 22:54:14,607 DEBUG [LineInfo_to_exitCode.log_LineInfo] 2025-01-06 22:54:14,607 [INFO] ImportTextPane:205 - (OptionalMessage_ERROR) IP (DMA) : Parameter (PeriphDataAlignment) has Id (USART2_RX) currently not set
2025-01-06 22:54:14,607 DEBUG [LineInfo_to_exitCode.log_LineInfo] 2025-01-06 22:54:14,607 [INFO] ImportTextPane:205 - (OptionalMessage_ERROR) IP (DMA) : Parameter (MemDataAlignment) has Id (USART2_RX) currently not set
2025-01-06 22:54:14,607 DEBUG [LineInfo_to_exitCode.log_LineInfo] 2025-01-06 22:54:14,607 [INFO] ImportTextPane:205 - (OptionalMessage_ERROR) IP (DMA) : Parameter (Mode) has Id (USART2_RX) currently not set
2025-01-06 22:54:14,608 DEBUG [LineInfo_to_exitCode.log_LineInfo] 2025-01-06 22:54:14,607 [INFO] ImportTextPane:205 - (OptionalMessage_ERROR) IP (DMA) : Parameter (Priority) has Id (USART2_RX) currently not set
2025-01-06 22:54:14,608 DEBUG [LineInfo_to_exitCode.log_LineInfo] 2025-01-06 22:54:14,607 [INFO] ImportTextPane:205 - (OptionalMessage_ERROR) IP (DMA) : Parameter (Instance) has Id (USART2_TX) currently not set
2025-01-06 22:54:14,608 DEBUG [LineInfo_to_exitCode.log_LineInfo] 2025-01-06 22:54:14,607 [INFO] ImportTextPane:205 - (OptionalMessage_ERROR) IP (DMA) : Parameter (Request) has Id (USART2_TX) currently not set
2025-01-06 22:54:14,608 DEBUG [LineInfo_to_exitCode.log_LineInfo] 2025-01-06 22:54:14,607 [INFO] ImportTextPane:205 - (OptionalMessage_ERROR) IP (DMA) : Parameter (Direction) has Id (USART2_TX) currently not set
2025-01-06 22:54:14,608 DEBUG [LineInfo_to_exitCode.log_LineInfo] 2025-01-06 22:54:14,607 [INFO] ImportTextPane:205 - (OptionalMessage_ERROR) IP (DMA) : Parameter (PeriphInc) has Id (USART2_TX) currently not set
2025-01-06 22:54:14,608 DEBUG [LineInfo_to_exitCode.log_LineInfo] 2025-01-06 22:54:14,607 [INFO] ImportTextPane:205 - (OptionalMessage_ERROR) IP (DMA) : Parameter (MemInc) has Id (USART2_TX) currently not set
2025-01-06 22:54:14,608 DEBUG [LineInfo_to_exitCode.log_LineInfo] 2025-01-06 22:54:14,608 [INFO] ImportTextPane:205 - (OptionalMessage_ERROR) IP (DMA) : Parameter (PeriphDataAlignment) has Id (USART2_TX) currently not set
2025-01-06 22:54:14,608 DEBUG [LineInfo_to_exitCode.log_LineInfo] 2025-01-06 22:54:14,608 [INFO] ImportTextPane:205 - (OptionalMessage_ERROR) IP (DMA) : Parameter (MemDataAlignment) has Id (USART2_TX) currently not set
2025-01-06 22:54:14,608 DEBUG [LineInfo_to_exitCode.log_LineInfo] 2025-01-06 22:54:14,608 [INFO] ImportTextPane:205 - (OptionalMessage_ERROR) IP (DMA) : Parameter (Mode) has Id (USART2_TX) currently not set
2025-01-06 22:54:14,608 DEBUG [LineInfo_to_exitCode.log_LineInfo] 2025-01-06 22:54:14,608 [INFO] ImportTextPane:205 - (OptionalMessage_ERROR) IP (DMA) : Parameter (Priority) has Id (USART2_TX) currently not set
2025-01-06 22:54:14,616 DEBUG [LineInfo_to_exitCode.log_LineInfo] 2025-01-06 22:54:14,616 [INFO] ImportTextPane:205 - (OptionalMessage_ERROR) IP (MotorControl) : Invalid parameter (BEMF_DIVIDER_GPIO_PIN)
2025-01-06 22:54:14,616 DEBUG [LineInfo_to_exitCode.log_LineInfo] 2025-01-06 22:54:14,616 [INFO] ImportTextPane:205 - (OptionalMessage_ERROR) IP (MotorControl) : Invalid parameter (BEMF_DIVIDER_GPIO_PORT)
2025-01-06 22:54:14,616 DEBUG [LineInfo_to_exitCode.log_LineInfo] 2025-01-06 22:54:14,616 [INFO] ImportTextPane:205 - (OptionalMessage_ERROR) IP (MotorControl) : Invalid parameter (BUS_VOLTAGE_READING)
2025-01-06 22:54:14,616 DEBUG [LineInfo_to_exitCode.log_LineInfo] 2025-01-06 22:54:14,616 [INFO] ImportTextPane:205 - (OptionalMessage_ERROR) IP (MotorControl) : Invalid parameter (CCMRAM_ENABLED)
2025-01-06 22:54:14,616 DEBUG [LineInfo_to_exitCode.log_LineInfo] 2025-01-06 22:54:14,616 [INFO] ImportTextPane:205 - (OptionalMessage_ERROR) IP (MotorControl) : Invalid parameter (CLOCK_FREQUENCY)
2025-01-06 22:54:14,616 DEBUG [LineInfo_to_exitCode.log_LineInfo] 2025-01-06 22:54:14,616 [INFO] ImportTextPane:205 - (OptionalMessage_ERROR) IP (MotorControl) : Invalid parameter (CLOCK_SOURCE)
2025-01-06 22:54:14,617 DEBUG [LineInfo_to_exitCode.log_LineInfo] 2025-01-06 22:54:14,616 [INFO] ImportTextPane:205 - (OptionalMessage_ERROR) IP (MotorControl) : Invalid parameter (CPU_CLK_170_MHZ)
2025-01-06 22:54:14,617 DEBUG [LineInfo_to_exitCode.log_LineInfo] 2025-01-06 22:54:14,616 [INFO] ImportTextPane:205 - (OptionalMessage_ERROR) IP (MotorControl) : Invalid parameter (CURR_REF_ETR_GPIO_PIN)
2025-01-06 22:54:14,617 DEBUG [LineInfo_to_exitCode.log_LineInfo] 2025-01-06 22:54:14,616 [INFO] ImportTextPane:205 - (OptionalMessage_ERROR) IP (MotorControl) : Invalid parameter (CURR_REF_ETR_GPIO_PORT)
2025-01-06 22:54:14,617 DEBUG [LineInfo_to_exitCode.log_LineInfo] 2025-01-06 22:54:14,617 [INFO] ImportTextPane:205 - (OptionalMessage_ERROR) IP (MotorControl) : Invalid parameter (CURR_REF_ETR_POLARITY)
2025-01-06 22:54:14,617 DEBUG [LineInfo_to_exitCode.log_LineInfo] 2025-01-06 22:54:14,617 [INFO] ImportTextPane:205 - (OptionalMessage_ERROR) IP (MotorControl) : Invalid parameter (CURR_REF_GPIO_PIN)
2025-01-06 22:54:14,617 DEBUG [LineInfo_to_exitCode.log_LineInfo] 2025-01-06 22:54:14,617 [INFO] ImportTextPane:205 - (OptionalMessage_ERROR) IP (MotorControl) : Invalid parameter (CURR_REF_GPIO_PORT)
2025-01-06 22:54:14,617 DEBUG [LineInfo_to_exitCode.log_LineInfo] 2025-01-06 22:54:14,617 [INFO] ImportTextPane:205 - (OptionalMessage_ERROR) IP (MotorControl) : Invalid parameter (DP_EMERGENCY_STOP_GPIO_PIN)
2025-01-06 22:54:14,617 DEBUG [LineInfo_to_exitCode.log_LineInfo] 2025-01-06 22:54:14,617 [INFO] ImportTextPane:205 - (OptionalMessage_ERROR) IP (MotorControl) : Invalid parameter (DP_EMERGENCY_STOP_GPIO_PORT)
2025-01-06 22:54:14,617 DEBUG [LineInfo_to_exitCode.log_LineInfo] 2025-01-06 22:54:14,617 [INFO] ImportTextPane:205 - (OptionalMessage_ERROR) IP (MotorControl) : Invalid parameter (DRIVE_TYPE)
2025-01-06 22:54:14,617 DEBUG [LineInfo_to_exitCode.log_LineInfo] 2025-01-06 22:54:14,617 [INFO] ImportTextPane:205 - (OptionalMessage_ERROR) IP (MotorControl) : Invalid parameter (DRIVES_NUMBER_SELECTION)
2025-01-06 22:54:14,617 DEBUG [LineInfo_to_exitCode.log_LineInfo] 2025-01-06 22:54:14,617 [INFO] ImportTextPane:205 - (OptionalMessage_ERROR) IP (MotorControl) : Invalid parameter (ENCODER_AVAILABLE)
2025-01-06 22:54:14,617 DEBUG [LineInfo_to_exitCode.log_LineInfo] 2025-01-06 22:54:14,617 [INFO] ImportTextPane:205 - (OptionalMessage_ERROR) IP (MotorControl) : Invalid parameter (ENCODER_PPR)
2025-01-06 22:54:14,617 DEBUG [LineInfo_to_exitCode.log_LineInfo] 2025-01-06 22:54:14,617 [INFO] ImportTextPane:205 - (OptionalMessage_ERROR) IP (MotorControl) : Invalid parameter (EXT_CLK_24_MHZ)
2025-01-06 22:54:14,617 DEBUG [LineInfo_to_exitCode.log_LineInfo] 2025-01-06 22:54:14,617 [INFO] ImportTextPane:205 - (OptionalMessage_ERROR) IP (MotorControl) : Invalid parameter (EXT_CLOCK_FREQUENCY)
2025-01-06 22:54:14,618 DEBUG [LineInfo_to_exitCode.log_LineInfo] 2025-01-06 22:54:14,617 [INFO] ImportTextPane:205 - (OptionalMessage_ERROR) IP (MotorControl) : Invalid parameter (HALL_SENSORS_AVAILABLE)
2025-01-06 22:54:14,618 DEBUG [LineInfo_to_exitCode.log_LineInfo] 2025-01-06 22:54:14,617 [INFO] ImportTextPane:205 - (OptionalMessage_ERROR) IP (MotorControl) : Invalid parameter (HW_COMPLEMENTED_LOW_SIDE)
2025-01-06 22:54:14,618 DEBUG [LineInfo_to_exitCode.log_LineInfo] 2025-01-06 22:54:14,617 [INFO] ImportTextPane:205 - (OptionalMessage_ERROR) IP (MotorControl) : Invalid parameter (HW_DEAD_TIME_NS)
2025-01-06 22:54:14,618 DEBUG [LineInfo_to_exitCode.log_LineInfo] 2025-01-06 22:54:14,617 [INFO] ImportTextPane:205 - (OptionalMessage_ERROR) IP (MotorControl) : Invalid parameter (HWV_CM)
2025-01-06 22:54:14,618 DEBUG [LineInfo_to_exitCode.log_LineInfo] 2025-01-06 22:54:14,617 [INFO] ImportTextPane:205 - (OptionalMessage_ERROR) IP (MotorControl) : Invalid parameter (HWV_DP)
2025-01-06 22:54:14,618 DEBUG [LineInfo_to_exitCode.log_LineInfo] 2025-01-06 22:54:14,617 [INFO] ImportTextPane:205 - (OptionalMessage_ERROR) IP (MotorControl) : Invalid parameter (HWV_PWM)
2025-01-06 22:54:14,618 DEBUG [LineInfo_to_exitCode.log_LineInfo] 2025-01-06 22:54:14,617 [INFO] ImportTextPane:205 - (OptionalMessage_ERROR) IP (MotorControl) : Invalid parameter (IPs)
2025-01-06 22:54:14,618 DEBUG [LineInfo_to_exitCode.log_LineInfo] 2025-01-06 22:54:14,617 [INFO] ImportTextPane:205 - (OptionalMessage_ERROR) IP (MotorControl) : Invalid parameter (LOW_SIDE_SIGNALS_ENABLING)
2025-01-06 22:54:14,618 DEBUG [LineInfo_to_exitCode.log_LineInfo] 2025-01-06 22:54:14,617 [INFO] ImportTextPane:205 - (OptionalMessage_ERROR) IP (MotorControl) : Invalid parameter (M1_BEMF_THRESHOLD_PWM_HIGH)
2025-01-06 22:54:14,618 DEBUG [LineInfo_to_exitCode.log_LineInfo] 2025-01-06 22:54:14,617 [INFO] ImportTextPane:205 - (OptionalMessage_ERROR) IP (MotorControl) : Invalid parameter (M1_BEMF_THRESHOLD_PWM_LOW)
2025-01-06 22:54:14,618 DEBUG [LineInfo_to_exitCode.log_LineInfo] 2025-01-06 22:54:14,617 [INFO] ImportTextPane:205 - (OptionalMessage_ERROR) IP (MotorControl) : Invalid parameter (M1_DC_CURRENT_RS_MEAS)
2025-01-06 22:54:14,618 DEBUG [LineInfo_to_exitCode.log_LineInfo] 2025-01-06 22:54:14,617 [INFO] ImportTextPane:205 - (OptionalMessage_ERROR) IP (MotorControl) : Invalid parameter (M1_DP_BKIN_FILTER)
2025-01-06 22:54:14,618 DEBUG [LineInfo_to_exitCode.log_LineInfo] 2025-01-06 22:54:14,618 [INFO] ImportTextPane:205 - (OptionalMessage_ERROR) IP (MotorControl) : Invalid parameter (M1_DP_BKIN_MODE)
2025-01-06 22:54:14,618 DEBUG [LineInfo_to_exitCode.log_LineInfo] 2025-01-06 22:54:14,618 [INFO] ImportTextPane:205 - (OptionalMessage_ERROR) IP (MotorControl) : Invalid parameter (M1_DP_BKIN_POLARITY)
2025-01-06 22:54:14,618 DEBUG [LineInfo_to_exitCode.log_LineInfo] 2025-01-06 22:54:14,618 [INFO] ImportTextPane:205 - (OptionalMessage_ERROR) IP (MotorControl) : Invalid parameter (M1_HIGH_SIDE_IDLE_STATE)
2025-01-06 22:54:14,618 DEBUG [LineInfo_to_exitCode.log_LineInfo] 2025-01-06 22:54:14,618 [INFO] ImportTextPane:205 - (OptionalMessage_ERROR) IP (MotorControl) : Invalid parameter (M1_LOW_SIDE_IDLE_STATE)
2025-01-06 22:54:14,619 DEBUG [LineInfo_to_exitCode.log_LineInfo] 2025-01-06 22:54:14,619 [INFO] ImportTextPane:205 - (OptionalMessage_ERROR) IP (MotorControl) : Parameter (M1_PWM_CHARGE_BOOT_CAP_DUTY_CYCLES) has invalid value (0.000)
2025-01-06 22:54:14,619 DEBUG [LineInfo_to_exitCode.log_LineInfo] 2025-01-06 22:54:14,619 [INFO] ImportTextPane:205 - (OptionalMessage_ERROR) IP (MotorControl) : Invalid parameter (M1_PWM_TIMER_BRK_IRQ)
2025-01-06 22:54:14,619 DEBUG [LineInfo_to_exitCode.log_LineInfo] 2025-01-06 22:54:14,619 [INFO] ImportTextPane:205 - (OptionalMessage_ERROR) IP (MotorControl) : Invalid parameter (M1_PWM_TIMER_UP_IRQ)
2025-01-06 22:54:14,619 DEBUG [LineInfo_to_exitCode.log_LineInfo] 2025-01-06 22:54:14,619 [INFO] ImportTextPane:205 - (OptionalMessage_ERROR) IP (MotorControl) : Invalid parameter (M1_SPD_DIFFERENTIAL_TERM_ENABLING)
2025-01-06 22:54:14,619 DEBUG [LineInfo_to_exitCode.log_LineInfo] 2025-01-06 22:54:14,619 [INFO] ImportTextPane:205 - (OptionalMessage_ERROR) IP (MotorControl) : Invalid parameter (MC_WORKBENCH_VERSION)
2025-01-06 22:54:14,619 DEBUG [LineInfo_to_exitCode.log_LineInfo] 2025-01-06 22:54:14,619 [INFO] ImportTextPane:205 - (OptionalMessage_ERROR) IP (MotorControl) : Invalid parameter (MCU)
2025-01-06 22:54:14,619 DEBUG [LineInfo_to_exitCode.log_LineInfo] 2025-01-06 22:54:14,619 [INFO] ImportTextPane:205 - (OptionalMessage_ERROR) IP (MotorControl) : Invalid parameter (MCU_FAMILY)
2025-01-06 22:54:14,619 DEBUG [LineInfo_to_exitCode.log_LineInfo] 2025-01-06 22:54:14,619 [INFO] ImportTextPane:205 - (OptionalMessage_ERROR) IP (MotorControl) : Invalid parameter (MCU_LINE)
2025-01-06 22:54:14,619 DEBUG [LineInfo_to_exitCode.log_LineInfo] 2025-01-06 22:54:14,619 [INFO] ImportTextPane:205 - (OptionalMessage_ERROR) IP (MotorControl) : Invalid parameter (MCU_NAME)
2025-01-06 22:54:14,620 DEBUG [LineInfo_to_exitCode.log_LineInfo] 2025-01-06 22:54:14,619 [INFO] ImportTextPane:205 - (OptionalMessage_ERROR) IP (MotorControl) : Invalid parameter (MCU_PACKAGE)
2025-01-06 22:54:14,620 DEBUG [LineInfo_to_exitCode.log_LineInfo] 2025-01-06 22:54:14,619 [INFO] ImportTextPane:205 - (OptionalMessage_ERROR) IP (MotorControl) : Invalid parameter (MCU_TYPE)
2025-01-06 22:54:14,620 DEBUG [LineInfo_to_exitCode.log_LineInfo] 2025-01-06 22:54:14,619 [INFO] ImportTextPane:205 - (OptionalMessage_ERROR) IP (MotorControl) : Invalid parameter (MCU_USERNAME)
2025-01-06 22:54:14,620 DEBUG [LineInfo_to_exitCode.log_LineInfo] 2025-01-06 22:54:14,619 [INFO] ImportTextPane:205 - (OptionalMessage_ERROR) IP (MotorControl) : Invalid parameter (MOTOR_TYPE)
2025-01-06 22:54:14,620 DEBUG [LineInfo_to_exitCode.log_LineInfo] 2025-01-06 22:54:14,620 [INFO] ImportTextPane:205 - (OptionalMessage_ERROR) IP (MotorControl) : Invalid parameter (ON_OVER_VOLTAGE)
2025-01-06 22:54:14,620 DEBUG [LineInfo_to_exitCode.log_LineInfo] 2025-01-06 22:54:14,620 [INFO] ImportTextPane:205 - (OptionalMessage_ERROR) IP (MotorControl) : Invalid parameter (OV_TEMPERATURE_PROT_ENABLING)
2025-01-06 22:54:14,620 DEBUG [LineInfo_to_exitCode.log_LineInfo] 2025-01-06 22:54:14,620 [INFO] ImportTextPane:205 - (OptionalMessage_ERROR) IP (MotorControl) : Invalid parameter (OV_VOLTAGE_PROT_ENABLING)
2025-01-06 22:54:14,620 DEBUG [LineInfo_to_exitCode.log_LineInfo] 2025-01-06 22:54:14,620 [INFO] ImportTextPane:205 - (OptionalMessage_ERROR) IP (MotorControl) : Invalid parameter (PHASE_U_BEMF_GPIO_PIN)
2025-01-06 22:54:14,620 DEBUG [LineInfo_to_exitCode.log_LineInfo] 2025-01-06 22:54:14,620 [INFO] ImportTextPane:205 - (OptionalMessage_ERROR) IP (MotorControl) : Invalid parameter (PHASE_U_BEMF_GPIO_PORT)
2025-01-06 22:54:14,620 DEBUG [LineInfo_to_exitCode.log_LineInfo] 2025-01-06 22:54:14,620 [INFO] ImportTextPane:205 - (OptionalMessage_ERROR) IP (MotorControl) : Invalid parameter (PHASE_UH_GPIO_PIN)
2025-01-06 22:54:14,620 DEBUG [LineInfo_to_exitCode.log_LineInfo] 2025-01-06 22:54:14,620 [INFO] ImportTextPane:205 - (OptionalMessage_ERROR) IP (MotorControl) : Invalid parameter (PHASE_UH_GPIO_PORT)
2025-01-06 22:54:14,620 DEBUG [LineInfo_to_exitCode.log_LineInfo] 2025-01-06 22:54:14,620 [INFO] ImportTextPane:205 - (OptionalMessage_ERROR) IP (MotorControl) : Invalid parameter (PHASE_UL_GPIO_PIN)
2025-01-06 22:54:14,620 DEBUG [LineInfo_to_exitCode.log_LineInfo] 2025-01-06 22:54:14,620 [INFO] ImportTextPane:205 - (OptionalMessage_ERROR) IP (MotorControl) : Invalid parameter (PHASE_UL_GPIO_PORT)
2025-01-06 22:54:14,620 DEBUG [LineInfo_to_exitCode.log_LineInfo] 2025-01-06 22:54:14,620 [INFO] ImportTextPane:205 - (OptionalMessage_ERROR) IP (MotorControl) : Parameter (PHASE_UL_POLARITY) has invalid value (L_ACTIVE_HIGH)
2025-01-06 22:54:14,620 DEBUG [LineInfo_to_exitCode.log_LineInfo] 2025-01-06 22:54:14,620 [INFO] ImportTextPane:205 - (OptionalMessage_ERROR) IP (MotorControl) : Invalid parameter (PHASE_V_BEMF_GPIO_PIN)
2025-01-06 22:54:14,621 DEBUG [LineInfo_to_exitCode.log_LineInfo] 2025-01-06 22:54:14,620 [INFO] ImportTextPane:205 - (OptionalMessage_ERROR) IP (MotorControl) : Invalid parameter (PHASE_V_BEMF_GPIO_PORT)
2025-01-06 22:54:14,621 DEBUG [LineInfo_to_exitCode.log_LineInfo] 2025-01-06 22:54:14,621 [INFO] ImportTextPane:205 - (OptionalMessage_ERROR) IP (MotorControl) : Invalid parameter (PHASE_VH_GPIO_PIN)
2025-01-06 22:54:14,621 DEBUG [LineInfo_to_exitCode.log_LineInfo] 2025-01-06 22:54:14,621 [INFO] ImportTextPane:205 - (OptionalMessage_ERROR) IP (MotorControl) : Invalid parameter (PHASE_VH_GPIO_PORT)
2025-01-06 22:54:14,621 DEBUG [LineInfo_to_exitCode.log_LineInfo] 2025-01-06 22:54:14,621 [INFO] ImportTextPane:205 - (OptionalMessage_ERROR) IP (MotorControl) : Invalid parameter (PHASE_VL_GPIO_PIN)
2025-01-06 22:54:14,621 DEBUG [LineInfo_to_exitCode.log_LineInfo] 2025-01-06 22:54:14,621 [INFO] ImportTextPane:205 - (OptionalMessage_ERROR) IP (MotorControl) : Invalid parameter (PHASE_VL_GPIO_PORT)
2025-01-06 22:54:14,621 DEBUG [LineInfo_to_exitCode.log_LineInfo] 2025-01-06 22:54:14,621 [INFO] ImportTextPane:205 - (OptionalMessage_ERROR) IP (MotorControl) : Parameter (PHASE_VL_POLARITY) has invalid value (L_ACTIVE_HIGH)
2025-01-06 22:54:14,621 DEBUG [LineInfo_to_exitCode.log_LineInfo] 2025-01-06 22:54:14,621 [INFO] ImportTextPane:205 - (OptionalMessage_ERROR) IP (MotorControl) : Invalid parameter (PHASE_W_BEMF_GPIO_PIN)
2025-01-06 22:54:14,621 DEBUG [LineInfo_to_exitCode.log_LineInfo] 2025-01-06 22:54:14,621 [INFO] ImportTextPane:205 - (OptionalMessage_ERROR) IP (MotorControl) : Invalid parameter (PHASE_W_BEMF_GPIO_PORT)
2025-01-06 22:54:14,621 DEBUG [LineInfo_to_exitCode.log_LineInfo] 2025-01-06 22:54:14,621 [INFO] ImportTextPane:205 - (OptionalMessage_ERROR) IP (MotorControl) : Invalid parameter (PHASE_WH_GPIO_PIN)
2025-01-06 22:54:14,621 DEBUG [LineInfo_to_exitCode.log_LineInfo] 2025-01-06 22:54:14,621 [INFO] ImportTextPane:205 - (OptionalMessage_ERROR) IP (MotorControl) : Invalid parameter (PHASE_WH_GPIO_PORT)
2025-01-06 22:54:14,621 DEBUG [LineInfo_to_exitCode.log_LineInfo] 2025-01-06 22:54:14,621 [INFO] ImportTextPane:205 - (OptionalMessage_ERROR) IP (MotorControl) : Invalid parameter (PHASE_WL_GPIO_PIN)
2025-01-06 22:54:14,621 DEBUG [LineInfo_to_exitCode.log_LineInfo] 2025-01-06 22:54:14,621 [INFO] ImportTextPane:205 - (OptionalMessage_ERROR) IP (MotorControl) : Invalid parameter (PHASE_WL_GPIO_PORT)
2025-01-06 22:54:14,622 DEBUG [LineInfo_to_exitCode.log_LineInfo] 2025-01-06 22:54:14,621 [INFO] ImportTextPane:205 - (OptionalMessage_ERROR) IP (MotorControl) : Parameter (PHASE_WL_POLARITY) has invalid value (L_ACTIVE_HIGH)
2025-01-06 22:54:14,622 DEBUG [LineInfo_to_exitCode.log_LineInfo] 2025-01-06 22:54:14,621 [INFO] ImportTextPane:205 - (OptionalMessage_ERROR) IP (MotorControl) : Invalid parameter (POTENTIOMETER_READING)
2025-01-06 22:54:14,622 DEBUG [LineInfo_to_exitCode.log_LineInfo] 2025-01-06 22:54:14,621 [INFO] ImportTextPane:205 - (OptionalMessage_ERROR) IP (MotorControl) : Invalid parameter (PWM_FREQUENCY)
2025-01-06 22:54:14,622 DEBUG [LineInfo_to_exitCode.log_LineInfo] 2025-01-06 22:54:14,621 [INFO] ImportTextPane:205 - (OptionalMessage_ERROR) IP (MotorControl) : Invalid parameter (PWM_TIMER_SELECTION)
2025-01-06 22:54:14,622 DEBUG [LineInfo_to_exitCode.log_LineInfo] 2025-01-06 22:54:14,621 [INFO] ImportTextPane:205 - (OptionalMessage_ERROR) IP (MotorControl) : Invalid parameter (R_BRAKE_SWITCH_OFF_THRES_V)
2025-01-06 22:54:14,622 DEBUG [LineInfo_to_exitCode.log_LineInfo] 2025-01-06 22:54:14,621 [INFO] ImportTextPane:205 - (OptionalMessage_ERROR) IP (MotorControl) : Invalid parameter (REGULATION_EXECUTION_RATE)
2025-01-06 22:54:14,622 DEBUG [LineInfo_to_exitCode.log_LineInfo] 2025-01-06 22:54:14,621 [INFO] ImportTextPane:205 - (OptionalMessage_ERROR) IP (MotorControl) : Invalid parameter (SENSORLESS_ADC)
2025-01-06 22:54:14,622 DEBUG [LineInfo_to_exitCode.log_LineInfo] 2025-01-06 22:54:14,622 [INFO] ImportTextPane:205 - (OptionalMessage_ERROR) IP (MotorControl) : Invalid parameter (SINGLEDRIVE)
2025-01-06 22:54:14,622 DEBUG [LineInfo_to_exitCode.log_LineInfo] 2025-01-06 22:54:14,622 [INFO] ImportTextPane:205 - (OptionalMessage_ERROR) IP (MotorControl) : Invalid parameter (SPD_DIFFERENTIAL_TERM_ENABLING)
2025-01-06 22:54:14,622 DEBUG [LineInfo_to_exitCode.log_LineInfo] 2025-01-06 22:54:14,622 [INFO] ImportTextPane:205 - (OptionalMessage_ERROR) IP (MotorControl) : Invalid parameter (SPEED_SENSOR_SELECTION)
2025-01-06 22:54:14,623 DEBUG [LineInfo_to_exitCode.log_LineInfo] 2025-01-06 22:54:14,622 [INFO] ImportTextPane:205 - (OptionalMessage_ERROR) IP (MotorControl) : Invalid parameter (START_STOP_POLARITY)
2025-01-06 22:54:14,623 DEBUG [LineInfo_to_exitCode.log_LineInfo] 2025-01-06 22:54:14,622 [INFO] ImportTextPane:205 - (OptionalMessage_ERROR) IP (MotorControl) : Invalid parameter (START_STOP_POLARITY_EDGE)
2025-01-06 22:54:14,623 DEBUG [LineInfo_to_exitCode.log_LineInfo] 2025-01-06 22:54:14,622 [INFO] ImportTextPane:205 - (OptionalMessage_ERROR) IP (MotorControl) : Invalid parameter (STM32G431RB)
2025-01-06 22:54:14,623 DEBUG [LineInfo_to_exitCode.log_LineInfo] 2025-01-06 22:54:14,622 [INFO] ImportTextPane:205 - (OptionalMessage_ERROR) IP (MotorControl) : Invalid parameter (SW_DEADTIME_NS)
2025-01-06 22:54:14,623 DEBUG [LineInfo_to_exitCode.log_LineInfo] 2025-01-06 22:54:14,622 [INFO] ImportTextPane:205 - (OptionalMessage_ERROR) IP (MotorControl) : Invalid parameter (TEMP_ADC_SAMPLING_TIME)
2025-01-06 22:54:14,623 DEBUG [LineInfo_to_exitCode.log_LineInfo] 2025-01-06 22:54:14,622 [INFO] ImportTextPane:205 - (OptionalMessage_ERROR) IP (MotorControl) : Invalid parameter (TEMP_FDBK_ADC)
2025-01-06 22:54:14,623 DEBUG [LineInfo_to_exitCode.log_LineInfo] 2025-01-06 22:54:14,622 [INFO] ImportTextPane:205 - (OptionalMessage_ERROR) IP (MotorControl) : Invalid parameter (TEMP_FDBK_CHANNEL)
2025-01-06 22:54:14,623 DEBUG [LineInfo_to_exitCode.log_LineInfo] 2025-01-06 22:54:14,622 [INFO] ImportTextPane:205 - (OptionalMessage_ERROR) IP (MotorControl) : Invalid parameter (TEMP_FDBK_GPIO_PIN)
2025-01-06 22:54:14,623 DEBUG [LineInfo_to_exitCode.log_LineInfo] 2025-01-06 22:54:14,622 [INFO] ImportTextPane:205 - (OptionalMessage_ERROR) IP (MotorControl) : Invalid parameter (TEMP_FDBK_GPIO_PORT)
2025-01-06 22:54:14,623 DEBUG [LineInfo_to_exitCode.log_LineInfo] 2025-01-06 22:54:14,622 [INFO] ImportTextPane:205 - (OptionalMessage_ERROR) IP (MotorControl) : Invalid parameter (TEMPERATURE_READING)
2025-01-06 22:54:14,624 DEBUG [LineInfo_to_exitCode.log_LineInfo] 2025-01-06 22:54:14,622 [INFO] ImportTextPane:205 - (OptionalMessage_ERROR) IP (MotorControl) : Invalid parameter (TFDIFFERENTIAL_TERM_ENABLING)
2025-01-06 22:54:14,624 DEBUG [LineInfo_to_exitCode.log_LineInfo] 2025-01-06 22:54:14,622 [INFO] ImportTextPane:205 - (OptionalMessage_ERROR) IP (MotorControl) : Invalid parameter (USART_RX_GPIO_PIN)
2025-01-06 22:54:14,624 DEBUG [LineInfo_to_exitCode.log_LineInfo] 2025-01-06 22:54:14,622 [INFO] ImportTextPane:205 - (OptionalMessage_ERROR) IP (MotorControl) : Invalid parameter (USART_RX_GPIO_PORT)
2025-01-06 22:54:14,624 DEBUG [LineInfo_to_exitCode.log_LineInfo] 2025-01-06 22:54:14,622 [INFO] ImportTextPane:205 - (OptionalMessage_ERROR) IP (MotorControl) : Invalid parameter (USART_SELECTION)
2025-01-06 22:54:14,624 DEBUG [LineInfo_to_exitCode.log_LineInfo] 2025-01-06 22:54:14,622 [INFO] ImportTextPane:205 - (OptionalMessage_ERROR) IP (MotorControl) : Invalid parameter (USART_SPEED)
2025-01-06 22:54:14,624 DEBUG [LineInfo_to_exitCode.log_LineInfo] 2025-01-06 22:54:14,622 [INFO] ImportTextPane:205 - (OptionalMessage_ERROR) IP (MotorControl) : Invalid parameter (USART_TX_GPIO_PIN)
2025-01-06 22:54:14,624 DEBUG [LineInfo_to_exitCode.log_LineInfo] 2025-01-06 22:54:14,622 [INFO] ImportTextPane:205 - (OptionalMessage_ERROR) IP (MotorControl) : Invalid parameter (USART_TX_GPIO_PORT)
2025-01-06 22:54:14,624 DEBUG [LineInfo_to_exitCode.log_LineInfo] 2025-01-06 22:54:14,622 [INFO] ImportTextPane:205 - (OptionalMessage_ERROR) IP (MotorControl) : Invalid parameter (UV_VOLTAGE_PROT_ENABLING)
2025-01-06 22:54:14,624 DEBUG [LineInfo_to_exitCode.log_LineInfo] 2025-01-06 22:54:14,622 [INFO] ImportTextPane:205 - (OptionalMessage_ERROR) IP (MotorControl) : Invalid parameter (VBUS_ADC)
2025-01-06 22:54:14,624 DEBUG [LineInfo_to_exitCode.log_LineInfo] 2025-01-06 22:54:14,622 [INFO] ImportTextPane:205 - (OptionalMessage_ERROR) IP (MotorControl) : Invalid parameter (VBUS_ADC_SAMPLING_TIME)
2025-01-06 22:54:14,624 DEBUG [LineInfo_to_exitCode.log_LineInfo] 2025-01-06 22:54:14,622 [INFO] ImportTextPane:205 - (OptionalMessage_ERROR) IP (MotorControl) : Invalid parameter (VBUS_CHANNEL)
2025-01-06 22:54:14,624 DEBUG [LineInfo_to_exitCode.log_LineInfo] 2025-01-06 22:54:14,622 [INFO] ImportTextPane:205 - (OptionalMessage_ERROR) IP (MotorControl) : Invalid parameter (VBUS_GPIO_PIN)
2025-01-06 22:54:14,624 DEBUG [LineInfo_to_exitCode.log_LineInfo] 2025-01-06 22:54:14,623 [INFO] ImportTextPane:205 - (OptionalMessage_ERROR) IP (MotorControl) : Invalid parameter (VBUS_GPIO_PORT)
2025-01-06 22:54:14,624 DEBUG [LineInfo_to_exitCode.log_LineInfo] 2025-01-06 22:54:14,623 [INFO] ImportTextPane:205 - (OptionalMessage_ERROR) IP (MotorControl) : Invalid parameter (WB_MX_ADC_AWD_FILTER_NUMBER)
2025-01-06 22:54:14,625 DEBUG [LineInfo_to_exitCode.log_LineInfo] 2025-01-06 22:54:14,623 [INFO] ImportTextPane:205 - (OptionalMessage_ERROR) IP (MotorControl) : Invalid parameter (WB_MX_PHASE_U_BEMF_ADC_IRQ)
2025-01-06 22:54:14,625 DEBUG [LineInfo_to_exitCode.log_LineInfo] 2025-01-06 22:54:14,623 [INFO] ImportTextPane:205 - (OptionalMessage_ERROR) IP (MotorControl) : Invalid parameter (WB_MX_PHASE_V_BEMF_ADC_IRQ)
2025-01-06 22:54:14,625 DEBUG [LineInfo_to_exitCode.log_LineInfo] 2025-01-06 22:54:14,623 [INFO] ImportTextPane:205 - (OptionalMessage_ERROR) IP (MotorControl) : Invalid parameter (WB_MX_PHASE_W_BEMF_ADC_IRQ)
2025-01-06 22:54:14,625 DEBUG [LineInfo_to_exitCode.log_LineInfo] 2025-01-06 22:54:14,623 [INFO] ImportTextPane:205 - (OptionalMessage_ERROR) IP (MotorControl) : Invalid parameter (WB_to_Mx_template_version)
2025-01-06 22:54:14,625 DEBUG [LineInfo_to_exitCode.log_LineInfo] 2025-01-06 22:54:14,623 [INFO] ImportTextPane:205 - (OptionalMessage_ERROR) IP (MotorControl) : Invalid parameter (WB_to_Mx_version)
2025-01-06 22:54:14,625 DEBUG [LineInfo_to_exitCode.log_LineInfo] 2025-01-06 22:54:14,623 [INFO] ImportTextPane:205 - (OptionalMessage_ERROR) IP (MotorControl) : Invalid parameter (WB_UI_CURR_REF_TIMER_CHANNEL)
2025-01-06 22:54:14,625 DEBUG [LineInfo_to_exitCode.log_LineInfo] 2025-01-06 22:54:14,623 [INFO] ImportTextPane:205 - (OptionalMessage_ERROR) IP (MotorControl) : Invalid parameter (WB_UI_DP_DISABLING_ENABLE)
2025-01-06 22:54:14,625 DEBUG [LineInfo_to_exitCode.log_LineInfo] 2025-01-06 22:54:14,623 [INFO] ImportTextPane:205 - (OptionalMessage_ERROR) IP (MotorControl) : Invalid parameter (WB_UI_ENCODER_HAS_INDEX_PIN)
2025-01-06 22:54:14,625 DEBUG [LineInfo_to_exitCode.log_LineInfo] 2025-01-06 22:54:14,623 [INFO] ImportTextPane:205 - (OptionalMessage_ERROR) IP (MotorControl) : Invalid parameter (WB_UI_FRICTION)
2025-01-06 22:54:14,626 DEBUG [LineInfo_to_exitCode.log_LineInfo] 2025-01-06 22:54:14,623 [INFO] ImportTextPane:205 - (OptionalMessage_ERROR) IP (MotorControl) : Invalid parameter (WB_UI_IMAX)
2025-01-06 22:54:14,627 DEBUG [LineInfo_to_exitCode.log_LineInfo] 2025-01-06 22:54:14,623 [INFO] ImportTextPane:205 - (OptionalMessage_ERROR) IP (MotorControl) : Invalid parameter (WB_UI_INERTIA)
2025-01-06 22:54:14,627 DEBUG [LineInfo_to_exitCode.log_LineInfo] 2025-01-06 22:54:14,623 [INFO] ImportTextPane:205 - (OptionalMessage_ERROR) IP (MotorControl) : Invalid parameter (WB_UI_MAGNETIC_STRUCTURE)
2025-01-06 22:54:14,627 DEBUG [LineInfo_to_exitCode.log_LineInfo] 2025-01-06 22:54:14,623 [INFO] ImportTextPane:205 - (OptionalMessage_ERROR) IP (MotorControl) : Invalid parameter (WB_UI_MAX_CURRENT)
2025-01-06 22:54:14,627 DEBUG [LineInfo_to_exitCode.log_LineInfo] 2025-01-06 22:54:14,623 [INFO] ImportTextPane:205 - (OptionalMessage_ERROR) IP (MotorControl) : Invalid parameter (WB_UI_MAX_NOMINAL_DC_VOLTAGE)
2025-01-06 22:54:14,627 DEBUG [LineInfo_to_exitCode.log_LineInfo] 2025-01-06 22:54:14,624 [INFO] ImportTextPane:205 - (OptionalMessage_ERROR) IP (MotorControl) : Invalid parameter (WB_UI_MAX_PWMFREQUENCY)
2025-01-06 22:54:14,627 DEBUG [LineInfo_to_exitCode.log_LineInfo] 2025-01-06 22:54:14,624 [INFO] ImportTextPane:205 - (OptionalMessage_ERROR) IP (MotorControl) : Invalid parameter (WB_UI_MAX_READABLE_CURRENT)
2025-01-06 22:54:14,627 DEBUG [LineInfo_to_exitCode.log_LineInfo] 2025-01-06 22:54:14,624 [INFO] ImportTextPane:205 - (OptionalMessage_ERROR) IP (MotorControl) : Invalid parameter (WB_UI_MOTOR_DESCRIPTION)
2025-01-06 22:54:14,628 DEBUG [LineInfo_to_exitCode.log_LineInfo] 2025-01-06 22:54:14,624 [INFO] ImportTextPane:205 - (OptionalMessage_ERROR) IP (MotorControl) : Invalid parameter (WB_UI_PW_BOARD_MAX_RATED_CURRENT)
2025-01-06 22:54:14,628 DEBUG [LineInfo_to_exitCode.log_LineInfo] 2025-01-06 22:54:14,624 [INFO] ImportTextPane:205 - (OptionalMessage_ERROR) IP (MotorControl) : Invalid parameter (WB_UI_PW_BOARD_MAX_VOLTAGE)
2025-01-06 22:54:14,628 DEBUG [LineInfo_to_exitCode.log_LineInfo] 2025-01-06 22:54:14,624 [INFO] ImportTextPane:205 - (OptionalMessage_ERROR) IP (MotorControl) : Invalid parameter (WB_UI_PW_BOARD_MIN_VOLTAGE)
2025-01-06 22:54:14,628 DEBUG [LineInfo_to_exitCode.log_LineInfo] 2025-01-06 22:54:14,624 [INFO] ImportTextPane:205 - (OptionalMessage_ERROR) IP (MotorControl) : Invalid parameter (WB_UI_PWM_ON_SENSING)
2025-01-06 22:54:14,628 DEBUG [LineInfo_to_exitCode.log_LineInfo] 2025-01-06 22:54:14,624 [INFO] ImportTextPane:205 - (OptionalMessage_ERROR) IP (RCC) : Invalid parameter (FamilyName)
2025-01-06 22:54:14,628 DEBUG [LineInfo_to_exitCode.log_LineInfo] 2025-01-06 22:54:14,625 [INFO] ImportTextPane:205 - (OptionalMessage_ERROR) IP (RCC) : Parameter (RNGFreq_Value) has invalid value (170000000)
2025-01-06 22:54:14,628 DEBUG [LineInfo_to_exitCode.log_LineInfo] 2025-01-06 22:54:14,625 [INFO] ImportTextPane:205 - (OptionalMessage_ERROR) IP (RCC) : Parameter (USBFreq_Value) has invalid value (170000000)
2025-01-06 22:54:14,635 DEBUG [LineInfo_to_exitCode.log_LineInfo] 2025-01-06 22:54:14,635 [INFO] ImportTextPane:205 - (OptionalMessage_ERROR) IP (TIM1) : Parameter (SourceBRKDigInputPolarity) has invalid value (TIM_BREAKINPUTSOURCE_POLARITY_LOW)
2025-01-06 22:54:15,079 DEBUG [LineInfo_to_exitCode.log_LineInfo] 2025-01-06 22:54:15,079 [INFO] UtilMem:75 - End LoadConfig() Used Memory: 271460240 Bytes (538968064)
2025-01-06 22:54:15,193 DEBUG [LineInfo_to_exitCode.log_LineInfo] 2025-01-06 22:54:15,193 [INFO] ThirdParty:835 - entering critical section [change project]
2025-01-06 22:54:15,193 DEBUG [LineInfo_to_exitCode.log_LineInfo] 2025-01-06 22:54:15,193 [INFO] ThirdParty:1030 - CMSIS Pack Vendor :STMicroelectronics USBPD 4.1
2025-01-06 22:54:15,194 DEBUG [LineInfo_to_exitCode.log_LineInfo] 2025-01-06 22:54:15,193 [INFO] ThirdParty:1030 - CMSIS Pack Vendor :STMicroelectronics X-CUBE-GNSS1 6.0.0
2025-01-06 22:54:15,194 DEBUG [LineInfo_to_exitCode.log_LineInfo] 2025-01-06 22:54:15,193 [INFO] ThirdParty:1030 - CMSIS Pack Vendor :STMicroelectronics USB_HOST 2.0.0
2025-01-06 22:54:15,194 DEBUG [LineInfo_to_exitCode.log_LineInfo] 2025-01-06 22:54:15,194 [INFO] ThirdParty:1030 - CMSIS Pack Vendor :STMicroelectronics FP-SNS-MOTENVWB1 1.4.0
2025-01-06 22:54:15,194 DEBUG [LineInfo_to_exitCode.log_LineInfo] 2025-01-06 22:54:15,194 [INFO] ThirdParty:1030 - CMSIS Pack Vendor :STMicroelectronics X-CUBE-AZRTOS-F4 1.1.0
2025-01-06 22:54:15,194 DEBUG [LineInfo_to_exitCode.log_LineInfo] 2025-01-06 22:54:15,194 [INFO] ThirdParty:1030 - CMSIS Pack Vendor :STMicroelectronics LIBJPEG 8.0.0
2025-01-06 22:54:15,194 DEBUG [LineInfo_to_exitCode.log_LineInfo] 2025-01-06 22:54:15,194 [INFO] ThirdParty:1030 - CMSIS Pack Vendor :STMicroelectronics FP-ATR-ASTRA1 2.0.1
2025-01-06 22:54:15,194 DEBUG [LineInfo_to_exitCode.log_LineInfo] 2025-01-06 22:54:15,194 [INFO] ThirdParty:1030 - CMSIS Pack Vendor :STMicroelectronics X-CUBE-SMBUS 2.1.0
2025-01-06 22:54:15,195 DEBUG [LineInfo_to_exitCode.log_LineInfo] 2025-01-06 22:54:15,194 [INFO] ThirdParty:1030 - CMSIS Pack Vendor :STMicroelectronics X-CUBE-WB05N 1.1.0
2025-01-06 22:54:15,195 DEBUG [LineInfo_to_exitCode.log_LineInfo] 2025-01-06 22:54:15,194 [INFO] ThirdParty:1030 - CMSIS Pack Vendor :wolfSSL I-CUBE-wolfSSL 5.6.0
2025-01-06 22:54:15,195 DEBUG [LineInfo_to_exitCode.log_LineInfo] 2025-01-06 22:54:15,194 [INFO] ThirdParty:1030 - CMSIS Pack Vendor :STMicroelectronics X-CUBE-ISPU 2.1.0
2025-01-06 22:54:15,195 DEBUG [LineInfo_to_exitCode.log_LineInfo] 2025-01-06 22:54:15,194 [INFO] ThirdParty:1030 - CMSIS Pack Vendor :STMicroelectronics X-CUBE-FREERTOS 1.2.0
2025-01-06 22:54:15,195 DEBUG [LineInfo_to_exitCode.log_LineInfo] 2025-01-06 22:54:15,194 [INFO] ThirdParty:1030 - CMSIS Pack Vendor :STMicroelectronics X-CUBE-TOUCHGFX 4.23.0
2025-01-06 22:54:15,195 DEBUG [LineInfo_to_exitCode.log_LineInfo] 2025-01-06 22:54:15,194 [INFO] ThirdParty:1030 - CMSIS Pack Vendor :STMicroelectronics X-CUBE-TOUCHGFX 4.23.2
2025-01-06 22:54:15,195 DEBUG [LineInfo_to_exitCode.log_LineInfo] 2025-01-06 22:54:15,194 [INFO] ThirdParty:1030 - CMSIS Pack Vendor :STMicroelectronics X-CUBE-AZRTOS-F7 1.1.0
2025-01-06 22:54:15,195 DEBUG [LineInfo_to_exitCode.log_LineInfo] 2025-01-06 22:54:15,195 [INFO] ThirdParty:1030 - CMSIS Pack Vendor :STMicroelectronics X-CUBE-AZRTOS-L5 2.0.0
2025-01-06 22:54:15,195 DEBUG [LineInfo_to_exitCode.log_LineInfo] 2025-01-06 22:54:15,195 [INFO] ThirdParty:1030 - CMSIS Pack Vendor :STMicroelectronics USB_DEVICE 2.0.0
2025-01-06 22:54:15,195 DEBUG [LineInfo_to_exitCode.log_LineInfo] 2025-01-06 22:54:15,195 [INFO] ThirdParty:1030 - CMSIS Pack Vendor :STMicroelectronics X-CUBE-MEMS1 9.6.0
2025-01-06 22:54:15,195 DEBUG [LineInfo_to_exitCode.log_LineInfo] 2025-01-06 22:54:15,195 [INFO] ThirdParty:1030 - CMSIS Pack Vendor :STMicroelectronics X-CUBE-EEPRMA1 4.2.0
2025-01-06 22:54:15,196 DEBUG [LineInfo_to_exitCode.log_LineInfo] 2025-01-06 22:54:15,195 [INFO] ThirdParty:1030 - CMSIS Pack Vendor :STMicroelectronics X-CUBE-NFC6 3.1.0
2025-01-06 22:54:15,196 DEBUG [LineInfo_to_exitCode.log_LineInfo] 2025-01-06 22:54:15,195 [INFO] ThirdParty:1030 - CMSIS Pack Vendor :ITTIA_DB I-CUBE-ITTIADB 8.8.0
2025-01-06 22:54:15,196 DEBUG [LineInfo_to_exitCode.log_LineInfo] 2025-01-06 22:54:15,195 [INFO] ThirdParty:1030 - CMSIS Pack Vendor :STMicroelectronics FP-SNS-MOTENV1 4.3.2
2025-01-06 22:54:15,196 DEBUG [LineInfo_to_exitCode.log_LineInfo] 2025-01-06 22:54:15,195 [INFO] ThirdParty:1030 - CMSIS Pack Vendor :STMicroelectronics FP-SNS-FLIGHT1 5.0.1
2025-01-06 22:54:15,196 DEBUG [LineInfo_to_exitCode.log_LineInfo] 2025-01-06 22:54:15,195 [INFO] ThirdParty:1030 - CMSIS Pack Vendor :STMicroelectronics X-CUBE-MEMS1 11.0.0
2025-01-06 22:54:15,196 DEBUG [LineInfo_to_exitCode.log_LineInfo] 2025-01-06 22:54:15,195 [INFO] ThirdParty:1030 - CMSIS Pack Vendor :STMicroelectronics X-CUBE-BLE1 6.2.4
2025-01-06 22:54:15,196 DEBUG [LineInfo_to_exitCode.log_LineInfo] 2025-01-06 22:54:15,195 [INFO] ThirdParty:1030 - CMSIS Pack Vendor :STMicroelectronics FreeRTOS 0.0.1
2025-01-06 22:54:15,196 DEBUG [LineInfo_to_exitCode.log_LineInfo] 2025-01-06 22:54:15,195 [INFO] ThirdParty:1030 - CMSIS Pack Vendor :emotas I-CUBE-CANOPEN 1.1.3
2025-01-06 22:54:15,196 DEBUG [LineInfo_to_exitCode.log_LineInfo] 2025-01-06 22:54:15,195 [INFO] ThirdParty:1030 - CMSIS Pack Vendor :STMicroelectronics X-CUBE-BLEMGR 2.0.0
2025-01-06 22:54:15,197 DEBUG [LineInfo_to_exitCode.log_LineInfo] 2025-01-06 22:54:15,195 [INFO] ThirdParty:1030 - CMSIS Pack Vendor :STMicroelectronics X-CUBE-DPower 1.2.0
2025-01-06 22:54:15,197 DEBUG [LineInfo_to_exitCode.log_LineInfo] 2025-01-06 22:54:15,195 [INFO] ThirdParty:1030 - CMSIS Pack Vendor :STMicroelectronics FP-SNS-FLIGHT1 5.0.2
2025-01-06 22:54:15,197 DEBUG [LineInfo_to_exitCode.log_LineInfo] 2025-01-06 22:54:15,195 [INFO] ThirdParty:1030 - CMSIS Pack Vendor :STMicroelectronics X-CUBE-AI 9.0.0
2025-01-06 22:54:15,197 DEBUG [LineInfo_to_exitCode.log_LineInfo] 2025-01-06 22:54:15,195 [INFO] ThirdParty:1030 - CMSIS Pack Vendor :STMicroelectronics X-CUBE-AZRTOS-H7 3.1.0
2025-01-06 22:54:15,197 DEBUG [LineInfo_to_exitCode.log_LineInfo] 2025-01-06 22:54:15,196 [INFO] ThirdParty:1030 - CMSIS Pack Vendor :STMicroelectronics PDM2PCM 3.3.0
2025-01-06 22:54:15,197 DEBUG [LineInfo_to_exitCode.log_LineInfo] 2025-01-06 22:54:15,196 [INFO] ThirdParty:1030 - CMSIS Pack Vendor :STMicroelectronics X-CUBE-DISPLAY 3.0.0
2025-01-06 22:54:15,197 DEBUG [LineInfo_to_exitCode.log_LineInfo] 2025-01-06 22:54:15,196 [INFO] ThirdParty:1030 - CMSIS Pack Vendor :STMicroelectronics X-CUBE-BLE1 7.0.0
2025-01-06 22:54:15,197 DEBUG [LineInfo_to_exitCode.log_LineInfo] 2025-01-06 22:54:15,196 [INFO] ThirdParty:1030 - CMSIS Pack Vendor :STMicroelectronics X-CUBE-NFC10 1.0.0
2025-01-06 22:54:15,197 DEBUG [LineInfo_to_exitCode.log_LineInfo] 2025-01-06 22:54:15,196 [INFO] ThirdParty:1030 - CMSIS Pack Vendor :STMicroelectronics X-CUBE-BLEMGR 4.0.0
2025-01-06 22:54:15,197 DEBUG [LineInfo_to_exitCode.log_LineInfo] 2025-01-06 22:54:15,196 [INFO] ThirdParty:1030 - CMSIS Pack Vendor :STMicroelectronics HAL Drivers 0.0.0
2025-01-06 22:54:15,197 DEBUG [LineInfo_to_exitCode.log_LineInfo] 2025-01-06 22:54:15,196 [INFO] ThirdParty:1030 - CMSIS Pack Vendor :STMicroelectronics X-CUBE-FREERTOS 1.3.0
2025-01-06 22:54:15,197 DEBUG [LineInfo_to_exitCode.log_LineInfo] 2025-01-06 22:54:15,196 [INFO] ThirdParty:1030 - CMSIS Pack Vendor :STMicroelectronics X-CUBE-TOUCHGFX 4.22.0
2025-01-06 22:54:15,197 DEBUG [LineInfo_to_exitCode.log_LineInfo] 2025-01-06 22:54:15,196 [INFO] ThirdParty:1030 - CMSIS Pack Vendor :STMicroelectronics X-CUBE-NFC7 1.0.1
2025-01-06 22:54:15,197 DEBUG [LineInfo_to_exitCode.log_LineInfo] 2025-01-06 22:54:15,196 [INFO] ThirdParty:1030 - CMSIS Pack Vendor :STMicroelectronics MBEDTLS 2.14.1
2025-01-06 22:54:15,197 DEBUG [LineInfo_to_exitCode.log_LineInfo] 2025-01-06 22:54:15,196 [INFO] ThirdParty:1030 - CMSIS Pack Vendor :STMicroelectronics X-CUBE-TOUCHGFX 4.22.1
2025-01-06 22:54:15,198 DEBUG [LineInfo_to_exitCode.log_LineInfo] 2025-01-06 22:54:15,196 [INFO] ThirdParty:1030 - CMSIS Pack Vendor :wolfSSL I-CUBE-wolfTPM 3.2.0
2025-01-06 22:54:15,198 DEBUG [LineInfo_to_exitCode.log_LineInfo] 2025-01-06 22:54:15,196 [INFO] ThirdParty:1030 - CMSIS Pack Vendor :STMicroelectronics X-CUBE-NFC6 3.0.0
2025-01-06 22:54:15,198 DEBUG [LineInfo_to_exitCode.log_LineInfo] 2025-01-06 22:54:15,196 [INFO] ThirdParty:1030 - CMSIS Pack Vendor :STMicroelectronics X-CUBE-EEPRMA1 4.1.0
2025-01-06 22:54:15,198 DEBUG [LineInfo_to_exitCode.log_LineInfo] 2025-01-06 22:54:15,196 [INFO] ThirdParty:1030 - CMSIS Pack Vendor :STMicroelectronics X-CUBE-BLEMGR 3.1.0
2025-01-06 22:54:15,198 DEBUG [LineInfo_to_exitCode.log_LineInfo] 2025-01-06 22:54:15,197 [INFO] ThirdParty:1030 - CMSIS Pack Vendor :STMicroelectronics FP-SNS-SMARTAG2 1.2.0
2025-01-06 22:54:15,198 DEBUG [LineInfo_to_exitCode.log_LineInfo] 2025-01-06 22:54:15,197 [INFO] ThirdParty:1030 - CMSIS Pack Vendor :STMicroelectronics X-CUBE-MEMS1 11.1.0
2025-01-06 22:54:15,198 DEBUG [LineInfo_to_exitCode.log_LineInfo] 2025-01-06 22:54:15,197 [INFO] ThirdParty:1030 - CMSIS Pack Vendor :STMicroelectronics X-CUBE-AZRTOS-WL 2.0.0
2025-01-06 22:54:15,198 DEBUG [LineInfo_to_exitCode.log_LineInfo] 2025-01-06 22:54:15,197 [INFO] ThirdParty:1030 - CMSIS Pack Vendor :STMicroelectronics FP-SNS-MOTENV1 5.0.0
2025-01-06 22:54:15,198 DEBUG [LineInfo_to_exitCode.log_LineInfo] 2025-01-06 22:54:15,197 [INFO] ThirdParty:1030 - CMSIS Pack Vendor :STMicroelectronics USB_DEVICE 1.0.0
2025-01-06 22:54:15,198 DEBUG [LineInfo_to_exitCode.log_LineInfo] 2025-01-06 22:54:15,197 [INFO] ThirdParty:1030 - CMSIS Pack Vendor :STMicroelectronics X-CUBE-AI 8.1.0
2025-01-06 22:54:15,198 DEBUG [LineInfo_to_exitCode.log_LineInfo] 2025-01-06 22:54:15,197 [INFO] ThirdParty:1030 - CMSIS Pack Vendor :wolfSSL I-CUBE-wolfMQTT 1.19.0
2025-01-06 22:54:15,198 DEBUG [LineInfo_to_exitCode.log_LineInfo] 2025-01-06 22:54:15,197 [INFO] ThirdParty:1030 - CMSIS Pack Vendor :STMicroelectronics X-CUBE-AZRTOS-L4 2.0.0
2025-01-06 22:54:15,198 DEBUG [LineInfo_to_exitCode.log_LineInfo] 2025-01-06 22:54:15,197 [INFO] ThirdParty:1030 - CMSIS Pack Vendor :STMicroelectronics ThreadX 0.0.2
2025-01-06 22:54:15,198 DEBUG [LineInfo_to_exitCode.log_LineInfo] 2025-01-06 22:54:15,197 [INFO] ThirdParty:1030 - CMSIS Pack Vendor :WES I-CUBE-Cesium 1.3.0
2025-01-06 22:54:15,198 DEBUG [LineInfo_to_exitCode.log_LineInfo] 2025-01-06 22:54:15,197 [INFO] ThirdParty:1030 - CMSIS Pack Vendor :STMicroelectronics lwIP 2.1.2
2025-01-06 22:54:15,198 DEBUG [LineInfo_to_exitCode.log_LineInfo] 2025-01-06 22:54:15,197 [INFO] ThirdParty:1030 - CMSIS Pack Vendor :STMicroelectronics X-CUBE-SFXS2LP1 4.0.0
2025-01-06 22:54:15,199 DEBUG [LineInfo_to_exitCode.log_LineInfo] 2025-01-06 22:54:15,197 [INFO] ThirdParty:1030 - CMSIS Pack Vendor :STMicroelectronics X-CUBE-BLE2 3.3.0
2025-01-06 22:54:15,199 DEBUG [LineInfo_to_exitCode.log_LineInfo] 2025-01-06 22:54:15,197 [INFO] ThirdParty:1030 - CMSIS Pack Vendor :STMicroelectronics PDM2PCM 3.2.0
2025-01-06 22:54:15,199 DEBUG [LineInfo_to_exitCode.log_LineInfo] 2025-01-06 22:54:15,197 [INFO] ThirdParty:1030 - CMSIS Pack Vendor :STMicroelectronics X-CUBE-ISPU 1.1.0
2025-01-06 22:54:15,199 DEBUG [LineInfo_to_exitCode.log_LineInfo] 2025-01-06 22:54:15,197 [INFO] ThirdParty:1030 - CMSIS Pack Vendor :STMicroelectronics X-CUBE-AZRTOS-H7 3.3.0
2025-01-06 22:54:15,199 DEBUG [LineInfo_to_exitCode.log_LineInfo] 2025-01-06 22:54:15,197 [INFO] ThirdParty:1030 - CMSIS Pack Vendor :STMicroelectronics X-CUBE-NFC9 1.0.0
2025-01-06 22:54:15,199 DEBUG [LineInfo_to_exitCode.log_LineInfo] 2025-01-06 22:54:15,197 [INFO] ThirdParty:1030 - CMSIS Pack Vendor :STMicroelectronics USB_DEVICE 3.0.0
2025-01-06 22:54:15,199 DEBUG [LineInfo_to_exitCode.log_LineInfo] 2025-01-06 22:54:15,197 [INFO] ThirdParty:1030 - CMSIS Pack Vendor :STMicroelectronics X-CUBE-TCPP 4.1.0
2025-01-06 22:54:15,199 DEBUG [LineInfo_to_exitCode.log_LineInfo] 2025-01-06 22:54:15,197 [INFO] ThirdParty:1030 - CMSIS Pack Vendor :STMicroelectronics X-CUBE-IPS 3.0.0
2025-01-06 22:54:15,199 DEBUG [LineInfo_to_exitCode.log_LineInfo] 2025-01-06 22:54:15,197 [INFO] ThirdParty:1030 - CMSIS Pack Vendor :STMicroelectronics X-CUBE-AZRTOS-WB 2.0.0
2025-01-06 22:54:15,199 DEBUG [LineInfo_to_exitCode.log_LineInfo] 2025-01-06 22:54:15,197 [INFO] ThirdParty:1030 - CMSIS Pack Vendor :STMicroelectronics X-CUBE-FREERTOS 1.0.1
2025-01-06 22:54:15,199 DEBUG [LineInfo_to_exitCode.log_LineInfo] 2025-01-06 22:54:15,197 [INFO] ThirdParty:1030 - CMSIS Pack Vendor :STMicroelectronics X-CUBE-GNSS1 7.0.0
2025-01-06 22:54:15,199 DEBUG [LineInfo_to_exitCode.log_LineInfo] 2025-01-06 22:54:15,197 [INFO] ThirdParty:1030 - CMSIS Pack Vendor :STMicroelectronics X-CUBE-GNSS1 7.0.1
2025-01-06 22:54:15,199 DEBUG [LineInfo_to_exitCode.log_LineInfo] 2025-01-06 22:54:15,197 [INFO] ThirdParty:1030 - CMSIS Pack Vendor :STMicroelectronics FP-SNS-STBOX1 2.0.0
2025-01-06 22:54:15,199 DEBUG [LineInfo_to_exitCode.log_LineInfo] 2025-01-06 22:54:15,197 [INFO] ThirdParty:1030 - CMSIS Pack Vendor :STMicroelectronics X-CUBE-ALGOBUILD 1.3.0
2025-01-06 22:54:15,200 DEBUG [LineInfo_to_exitCode.log_LineInfo] 2025-01-06 22:54:15,197 [INFO] ThirdParty:1030 - CMSIS Pack Vendor :STMicroelectronics X-CUBE-AZRTOS-L5 1.1.0
2025-01-06 22:54:15,200 DEBUG [LineInfo_to_exitCode.log_LineInfo] 2025-01-06 22:54:15,198 [INFO] ThirdParty:1030 - CMSIS Pack Vendor :STMicroelectronics X-CUBE-AZRTOS-G0 1.1.0
2025-01-06 22:54:15,200 DEBUG [LineInfo_to_exitCode.log_LineInfo] 2025-01-06 22:54:15,198 [INFO] ThirdParty:1030 - CMSIS Pack Vendor :STMicroelectronics X-CUBE-AI 8.0.1
2025-01-06 22:54:15,200 DEBUG [LineInfo_to_exitCode.log_LineInfo] 2025-01-06 22:54:15,198 [INFO] ThirdParty:1030 - CMSIS Pack Vendor :STMicroelectronics X-CUBE-SAFEA1 1.2.2
2025-01-06 22:54:15,200 DEBUG [LineInfo_to_exitCode.log_LineInfo] 2025-01-06 22:54:15,198 [INFO] ThirdParty:1030 - CMSIS Pack Vendor :STMicroelectronics X-CUBE-NFC4 3.0.0
2025-01-06 22:54:15,200 DEBUG [LineInfo_to_exitCode.log_LineInfo] 2025-01-06 22:54:15,198 [INFO] ThirdParty:1030 - CMSIS Pack Vendor :STMicroelectronics X-CUBE-SUBG2 5.0.0
2025-01-06 22:54:15,200 DEBUG [LineInfo_to_exitCode.log_LineInfo] 2025-01-06 22:54:15,198 [INFO] ThirdParty:1030 - CMSIS Pack Vendor :STMicroelectronics STM32_WPAN 1.0.0
2025-01-06 22:54:15,200 DEBUG [LineInfo_to_exitCode.log_LineInfo] 2025-01-06 22:54:15,198 [INFO] ThirdParty:1030 - CMSIS Pack Vendor :wolfSSL I-CUBE-wolfMQTT 1.18.0
2025-01-06 22:54:15,200 DEBUG [LineInfo_to_exitCode.log_LineInfo] 2025-01-06 22:54:15,198 [INFO] ThirdParty:1030 - CMSIS Pack Vendor :EmbeddedOffice I-CUBE-FS-RTOS 1.0.1
2025-01-06 22:54:15,200 DEBUG [LineInfo_to_exitCode.log_LineInfo] 2025-01-06 22:54:15,198 [INFO] ThirdParty:1030 - CMSIS Pack Vendor :STMicroelectronics lwIP 2.0.3
2025-01-06 22:54:15,200 DEBUG [LineInfo_to_exitCode.log_LineInfo] 2025-01-06 22:54:15,198 [INFO] ThirdParty:1030 - CMSIS Pack Vendor :STMicroelectronics USB_HOST 1.0.0
2025-01-06 22:54:15,200 DEBUG [LineInfo_to_exitCode.log_LineInfo] 2025-01-06 22:54:15,198 [INFO] ThirdParty:1030 - CMSIS Pack Vendor :STMicroelectronics X-CUBE-TOF1 3.3.1
2025-01-06 22:54:15,200 DEBUG [LineInfo_to_exitCode.log_LineInfo] 2025-01-06 22:54:15,198 [INFO] ThirdParty:1030 - CMSIS Pack Vendor :STMicroelectronics X-CUBE-AZRTOS-G4 2.0.0
2025-01-06 22:54:15,200 DEBUG [LineInfo_to_exitCode.log_LineInfo] 2025-01-06 22:54:15,198 [INFO] ThirdParty:1030 - CMSIS Pack Vendor :STMicroelectronics PDM2PCM 3.1.0
2025-01-06 22:54:15,200 DEBUG [LineInfo_to_exitCode.log_LineInfo] 2025-01-06 22:54:15,198 [INFO] ThirdParty:1030 - CMSIS Pack Vendor :STMicroelectronics X-CUBE-TOF1 3.3.0
2025-01-06 22:54:15,201 DEBUG [LineInfo_to_exitCode.log_LineInfo] 2025-01-06 22:54:15,198 [INFO] ThirdParty:1030 - CMSIS Pack Vendor :Infineon AIROC-Wi-Fi-Bluetooth-STM32 1.5.1
2025-01-06 22:54:15,201 DEBUG [LineInfo_to_exitCode.log_LineInfo] 2025-01-06 22:54:15,198 [INFO] ThirdParty:1030 - CMSIS Pack Vendor :STMicroelectronics X-CUBE-BLEMGR 3.0.0
2025-01-06 22:54:15,201 DEBUG [LineInfo_to_exitCode.log_LineInfo] 2025-01-06 22:54:15,198 [INFO] ThirdParty:1030 - CMSIS Pack Vendor :STMicroelectronics FP-SNS-MOTENVWB1 1.3.0
2025-01-06 22:54:15,201 DEBUG [LineInfo_to_exitCode.log_LineInfo] 2025-01-06 22:54:15,198 [INFO] ThirdParty:1030 - CMSIS Pack Vendor :RealThread X-CUBE-RT-Thread_Nano 4.1.1
2025-01-06 22:54:15,201 DEBUG [LineInfo_to_exitCode.log_LineInfo] 2025-01-06 22:54:15,198 [INFO] ThirdParty:1030 - CMSIS Pack Vendor :STMicroelectronics FP-SNS-MOTENVWB1 1.3.1
2025-01-06 22:54:15,201 DEBUG [LineInfo_to_exitCode.log_LineInfo] 2025-01-06 22:54:15,198 [INFO] ThirdParty:1030 - CMSIS Pack Vendor :STMicroelectronics FP-ATR-SIGFOX1 3.2.0
2025-01-06 22:54:15,201 DEBUG [LineInfo_to_exitCode.log_LineInfo] 2025-01-06 22:54:15,198 [INFO] ThirdParty:1030 - CMSIS Pack Vendor :quantropi X-CUBE-qispace-sdk-base 1.9.3
2025-01-06 22:54:15,201 DEBUG [LineInfo_to_exitCode.log_LineInfo] 2025-01-06 22:54:15,198 [INFO] ThirdParty:1030 - CMSIS Pack Vendor :STMicroelectronics X-CUBE-ISPU 2.0.0
2025-01-06 22:54:15,201 DEBUG [LineInfo_to_exitCode.log_LineInfo] 2025-01-06 22:54:15,198 [INFO] ThirdParty:1030 - CMSIS Pack Vendor :STMicroelectronics X-CUBE-EEPRMA1 5.1.0
2025-01-06 22:54:15,201 DEBUG [LineInfo_to_exitCode.log_LineInfo] 2025-01-06 22:54:15,198 [INFO] ThirdParty:1030 - CMSIS Pack Vendor :STMicroelectronics MBEDTLS 2.16.2
2025-01-06 22:54:15,201 DEBUG [LineInfo_to_exitCode.log_LineInfo] 2025-01-06 22:54:15,198 [INFO] ThirdParty:1030 - CMSIS Pack Vendor :STMicroelectronics X-CUBE-ALS 1.0.2
2025-01-06 22:54:15,201 DEBUG [LineInfo_to_exitCode.log_LineInfo] 2025-01-06 22:54:15,198 [INFO] ThirdParty:1030 - CMSIS Pack Vendor :STMicroelectronics X-CUBE-MEMS1 10.0.0
2025-01-06 22:54:15,201 DEBUG [LineInfo_to_exitCode.log_LineInfo] 2025-01-06 22:54:15,198 [INFO] ThirdParty:1030 - CMSIS Pack Vendor :STMicroelectronics X-CUBE-FREERTOS 1.1.0
2025-01-06 22:54:15,201 DEBUG [LineInfo_to_exitCode.log_LineInfo] 2025-01-06 22:54:15,198 [INFO] ThirdParty:1030 - CMSIS Pack Vendor :STMicroelectronics X-CUBE-TOUCHGFX 4.24.0
2025-01-06 22:54:15,201 DEBUG [LineInfo_to_exitCode.log_LineInfo] 2025-01-06 22:54:15,198 [INFO] ThirdParty:1030 - CMSIS Pack Vendor :STMicroelectronics X-CUBE-TOUCHGFX 4.24.1
2025-01-06 22:54:15,202 DEBUG [LineInfo_to_exitCode.log_LineInfo] 2025-01-06 22:54:15,198 [INFO] ThirdParty:1030 - CMSIS Pack Vendor :portGmbH I-Cube-SoM-uGOAL 1.1.0
2025-01-06 22:54:15,202 DEBUG [LineInfo_to_exitCode.log_LineInfo] 2025-01-06 22:54:15,198 [INFO] ThirdParty:1030 - CMSIS Pack Vendor :STMicroelectronics X-CUBE-ALS 1.0.1
2025-01-06 22:54:15,202 DEBUG [LineInfo_to_exitCode.log_LineInfo] 2025-01-06 22:54:15,198 [INFO] ThirdParty:1030 - CMSIS Pack Vendor :STMicroelectronics ThreadX 1.0.0
2025-01-06 22:54:15,202 DEBUG [LineInfo_to_exitCode.log_LineInfo] 2025-01-06 22:54:15,199 [INFO] ThirdParty:1030 - CMSIS Pack Vendor :STMicroelectronics X-CUBE-AZRTOS-WB 1.1.0
2025-01-06 22:54:15,202 DEBUG [LineInfo_to_exitCode.log_LineInfo] 2025-01-06 22:54:15,199 [INFO] ThirdParty:1030 - CMSIS Pack Vendor :SEGGER I-CUBE-embOS 1.3.1
2025-01-06 22:54:15,202 DEBUG [LineInfo_to_exitCode.log_LineInfo] 2025-01-06 22:54:15,199 [INFO] ThirdParty:1030 - CMSIS Pack Vendor :STMicroelectronics X-CUBE-ALGOBUILD 1.4.0
2025-01-06 22:54:15,202 DEBUG [LineInfo_to_exitCode.log_LineInfo] 2025-01-06 22:54:15,199 [INFO] ThirdParty:1030 - CMSIS Pack Vendor :STMicroelectronics X-CUBE-AZRTOS-H7RS 1.0.0
2025-01-06 22:54:15,202 DEBUG [LineInfo_to_exitCode.log_LineInfo] 2025-01-06 22:54:15,199 [INFO] ThirdParty:1030 - CMSIS Pack Vendor :STMicroelectronics FP-ATR-ASTRA1 2.0.0
2025-01-06 22:54:15,202 DEBUG [LineInfo_to_exitCode.log_LineInfo] 2025-01-06 22:54:15,199 [INFO] ThirdParty:1030 - CMSIS Pack Vendor :STMicroelectronics X-CUBE-TOF1 3.4.2
2025-01-06 22:54:15,202 DEBUG [LineInfo_to_exitCode.log_LineInfo] 2025-01-06 22:54:15,199 [INFO] ThirdParty:1030 - CMSIS Pack Vendor :STMicroelectronics X-CUBE-AI 9.1.0
2025-01-06 22:54:15,202 DEBUG [LineInfo_to_exitCode.log_LineInfo] 2025-01-06 22:54:15,200 [INFO] ThirdParty:1030 - CMSIS Pack Vendor :STMicroelectronics X-CUBE-TOF1 3.4.0
2025-01-06 22:54:15,202 DEBUG [LineInfo_to_exitCode.log_LineInfo] 2025-01-06 22:54:15,200 [INFO] ThirdParty:1030 - CMSIS Pack Vendor :STMicroelectronics X-CUBE-TOF1 3.4.1
2025-01-06 22:54:15,202 DEBUG [LineInfo_to_exitCode.log_LineInfo] 2025-01-06 22:54:15,200 [INFO] ThirdParty:1030 - CMSIS Pack Vendor :STMicroelectronics X-CUBE-AZRTOS-H7 3.2.0
2025-01-06 22:54:15,203 DEBUG [LineInfo_to_exitCode.log_LineInfo] 2025-01-06 22:54:15,200 [INFO] ThirdParty:1030 - CMSIS Pack Vendor :wolfSSL I-CUBE-wolfSSH 1.4.17
2025-01-06 22:54:15,203 DEBUG [LineInfo_to_exitCode.log_LineInfo] 2025-01-06 22:54:15,200 [INFO] ThirdParty:841 - exiting critical section [change project]
2025-01-06 22:54:15,610 DEBUG [LineInfo_to_exitCode.log_LineInfo] 2025-01-06 22:54:15,609 [INFO] PinOutPanel:1561 - setPackage(No Configuration,No Configuration)
2025-01-06 22:54:15,612 DEBUG [LineInfo_to_exitCode.log_LineInfo] 2025-01-06 22:54:15,611 [INFO] PinOutPanel:1561 - setPackage(STM32G431RBTx,LQFP64)
2025-01-06 22:54:16,057 DEBUG [LineInfo_to_exitCode.log_LineInfo] 2025-01-06 22:54:16,056 [INFO] UtilMem:75 - Before build in PCC Used Memory: 272346864 Bytes (538968064)
2025-01-06 22:54:16,805 DEBUG [LineInfo_to_exitCode.log_LineInfo] 2025-01-06 22:54:16,805 [INFO] UtilMem:75 - After build in PCC Used Memory: 396526800 Bytes (538968064)
2025-01-06 22:54:17,005 DEBUG [LineInfo_to_exitCode.log_LineInfo] 2025-01-06 22:54:17,005 [INFO] ApiDbMcu:508 - Load IP Config File for MotorControl
2025-01-06 22:54:17,038 DEBUG [LineInfo_to_exitCode.log_LineInfo] 2025-01-06 22:54:17,037 [INFO] IPUIPlugin:80 - create IPUIPlugin
2025-01-06 22:54:17,038 DEBUG [LineInfo_to_exitCode.log_LineInfo] 2025-01-06 22:54:17,038 [INFO] IPUIPlugin:80 - create IPUIPlugin
2025-01-06 22:54:17,038 DEBUG [LineInfo_to_exitCode.log_LineInfo] 2025-01-06 22:54:17,038 [INFO] IPUIPlugin:80 - create IPUIPlugin
2025-01-06 22:54:17,038 DEBUG [LineInfo_to_exitCode.log_LineInfo] 2025-01-06 22:54:17,038 [INFO] IPUIPlugin:80 - create IPUIPlugin
2025-01-06 22:54:17,038 DEBUG [LineInfo_to_exitCode.log_LineInfo] 2025-01-06 22:54:17,038 [INFO] IPUIPlugin:80 - create IPUIPlugin
2025-01-06 22:54:17,039 DEBUG [LineInfo_to_exitCode.log_LineInfo] 2025-01-06 22:54:17,038 [INFO] IPUIPlugin:80 - create IPUIPlugin
2025-01-06 22:54:17,039 DEBUG [LineInfo_to_exitCode.log_LineInfo] 2025-01-06 22:54:17,038 [INFO] IPUIPlugin:80 - create IPUIPlugin
2025-01-06 22:54:17,039 DEBUG [LineInfo_to_exitCode.log_LineInfo] 2025-01-06 22:54:17,038 [INFO] IPUIPlugin:80 - create IPUIPlugin
2025-01-06 22:54:17,039 DEBUG [LineInfo_to_exitCode.log_LineInfo] 2025-01-06 22:54:17,039 [INFO] IPUIPlugin:80 - create IPUIPlugin
2025-01-06 22:54:17,039 DEBUG [LineInfo_to_exitCode.log_LineInfo] 2025-01-06 22:54:17,039 [INFO] IPUIPlugin:80 - create IPUIPlugin
2025-01-06 22:54:17,039 DEBUG [LineInfo_to_exitCode.log_LineInfo] 2025-01-06 22:54:17,039 [INFO] IPUIPlugin:80 - create IPUIPlugin
2025-01-06 22:54:17,039 DEBUG [LineInfo_to_exitCode.log_LineInfo] 2025-01-06 22:54:17,039 [INFO] IPUIPlugin:80 - create IPUIPlugin
2025-01-06 22:54:17,039 DEBUG [LineInfo_to_exitCode.log_LineInfo] 2025-01-06 22:54:17,039 [INFO] IPUIPlugin:80 - create IPUIPlugin
2025-01-06 22:54:17,039 DEBUG [LineInfo_to_exitCode.log_LineInfo] 2025-01-06 22:54:17,039 [INFO] IPUIPlugin:80 - create IPUIPlugin
2025-01-06 22:54:17,039 DEBUG [LineInfo_to_exitCode.log_LineInfo] 2025-01-06 22:54:17,039 [INFO] IPUIPlugin:80 - create IPUIPlugin
2025-01-06 22:54:17,039 DEBUG [LineInfo_to_exitCode.log_LineInfo] 2025-01-06 22:54:17,039 [INFO] IPUIPlugin:80 - create IPUIPlugin
2025-01-06 22:54:17,039 DEBUG [LineInfo_to_exitCode.log_LineInfo] 2025-01-06 22:54:17,039 [INFO] IPUIPlugin:80 - create IPUIPlugin
2025-01-06 22:54:17,040 DEBUG [LineInfo_to_exitCode.log_LineInfo] 2025-01-06 22:54:17,039 [INFO] IPUIPlugin:80 - create IPUIPlugin
2025-01-06 22:54:17,040 DEBUG [LineInfo_to_exitCode.log_LineInfo] 2025-01-06 22:54:17,040 [INFO] IPUIPlugin:80 - create IPUIPlugin
2025-01-06 22:54:17,040 DEBUG [LineInfo_to_exitCode.log_LineInfo] 2025-01-06 22:54:17,040 [INFO] IPUIPlugin:80 - create IPUIPlugin
2025-01-06 22:54:17,040 DEBUG [LineInfo_to_exitCode.log_LineInfo] 2025-01-06 22:54:17,040 [INFO] IPUIPlugin:80 - create IPUIPlugin
2025-01-06 22:54:17,040 DEBUG [LineInfo_to_exitCode.log_LineInfo] 2025-01-06 22:54:17,040 [INFO] IPUIPlugin:80 - create IPUIPlugin
2025-01-06 22:54:17,040 DEBUG [LineInfo_to_exitCode.log_LineInfo] 2025-01-06 22:54:17,040 [INFO] IPUIPlugin:80 - create IPUIPlugin
2025-01-06 22:54:17,040 DEBUG [LineInfo_to_exitCode.log_LineInfo] 2025-01-06 22:54:17,040 [INFO] IPUIPlugin:80 - create IPUIPlugin
2025-01-06 22:54:17,040 DEBUG [LineInfo_to_exitCode.log_LineInfo] 2025-01-06 22:54:17,040 [INFO] IPUIPlugin:80 - create IPUIPlugin
2025-01-06 22:54:17,041 DEBUG [LineInfo_to_exitCode.log_LineInfo] 2025-01-06 22:54:17,040 [INFO] IPUIPlugin:80 - create IPUIPlugin
2025-01-06 22:54:17,041 DEBUG [LineInfo_to_exitCode.log_LineInfo] 2025-01-06 22:54:17,041 [INFO] IPUIPlugin:80 - create IPUIPlugin
2025-01-06 22:54:17,041 DEBUG [LineInfo_to_exitCode.log_LineInfo] 2025-01-06 22:54:17,041 [INFO] IPUIPlugin:80 - create IPUIPlugin
2025-01-06 22:54:17,041 DEBUG [LineInfo_to_exitCode.log_LineInfo] 2025-01-06 22:54:17,041 [INFO] IPUIPlugin:80 - create IPUIPlugin
2025-01-06 22:54:17,041 DEBUG [LineInfo_to_exitCode.log_LineInfo] 2025-01-06 22:54:17,041 [INFO] IPUIPlugin:80 - create IPUIPlugin
2025-01-06 22:54:17,041 DEBUG [LineInfo_to_exitCode.log_LineInfo] 2025-01-06 22:54:17,041 [INFO] IPUIPlugin:80 - create IPUIPlugin
2025-01-06 22:54:17,042 DEBUG [LineInfo_to_exitCode.log_LineInfo] 2025-01-06 22:54:17,042 [INFO] IPUIPlugin:80 - create IPUIPlugin
2025-01-06 22:54:17,043 DEBUG [LineInfo_to_exitCode.log_LineInfo] 2025-01-06 22:54:17,042 [INFO] IPUIPlugin:80 - create IPUIPlugin
2025-01-06 22:54:17,043 DEBUG [LineInfo_to_exitCode.log_LineInfo] 2025-01-06 22:54:17,042 [INFO] IPUIPlugin:80 - create IPUIPlugin
2025-01-06 22:54:17,043 DEBUG [LineInfo_to_exitCode.log_LineInfo] 2025-01-06 22:54:17,043 [INFO] IPUIPlugin:80 - create IPUIPlugin
2025-01-06 22:54:17,043 DEBUG [LineInfo_to_exitCode.log_LineInfo] 2025-01-06 22:54:17,043 [INFO] IPUIPlugin:80 - create IPUIPlugin
2025-01-06 22:54:17,044 DEBUG [LineInfo_to_exitCode.log_LineInfo] 2025-01-06 22:54:17,043 [INFO] IPUIPlugin:80 - create IPUIPlugin
2025-01-06 22:54:17,044 DEBUG [LineInfo_to_exitCode.log_LineInfo] 2025-01-06 22:54:17,044 [INFO] IPUIPlugin:80 - create IPUIPlugin
2025-01-06 22:54:17,044 DEBUG [LineInfo_to_exitCode.log_LineInfo] 2025-01-06 22:54:17,044 [INFO] IPUIPlugin:80 - create IPUIPlugin
2025-01-06 22:54:17,044 DEBUG [LineInfo_to_exitCode.log_LineInfo] 2025-01-06 22:54:17,044 [INFO] IPUIPlugin:80 - create IPUIPlugin
2025-01-06 22:54:17,044 DEBUG [LineInfo_to_exitCode.log_LineInfo] 2025-01-06 22:54:17,044 [INFO] IPUIPlugin:80 - create IPUIPlugin
2025-01-06 22:54:17,045 DEBUG [LineInfo_to_exitCode.log_LineInfo] 2025-01-06 22:54:17,045 [INFO] IPUIPlugin:80 - create IPUIPlugin
2025-01-06 22:54:17,045 DEBUG [LineInfo_to_exitCode.log_LineInfo] 2025-01-06 22:54:17,045 [INFO] IPUIPlugin:80 - create IPUIPlugin
2025-01-06 22:54:17,045 DEBUG [LineInfo_to_exitCode.log_LineInfo] 2025-01-06 22:54:17,045 [INFO] IPUIPlugin:80 - create IPUIPlugin
2025-01-06 22:54:17,045 DEBUG [LineInfo_to_exitCode.log_LineInfo] 2025-01-06 22:54:17,045 [INFO] IPUIPlugin:80 - create IPUIPlugin
2025-01-06 22:54:17,045 DEBUG [LineInfo_to_exitCode.log_LineInfo] 2025-01-06 22:54:17,045 [INFO] IPUIPlugin:80 - create IPUIPlugin
2025-01-06 22:54:17,045 DEBUG [LineInfo_to_exitCode.log_LineInfo] 2025-01-06 22:54:17,045 [INFO] IPUIPlugin:80 - create IPUIPlugin
2025-01-06 22:54:17,046 DEBUG [LineInfo_to_exitCode.log_LineInfo] 2025-01-06 22:54:17,046 [INFO] IPUIPlugin:80 - create IPUIPlugin
2025-01-06 22:54:17,046 DEBUG [LineInfo_to_exitCode.log_LineInfo] 2025-01-06 22:54:17,046 [INFO] IPUIPlugin:80 - create IPUIPlugin
2025-01-06 22:54:17,046 DEBUG [LineInfo_to_exitCode.log_LineInfo] 2025-01-06 22:54:17,046 [INFO] IPUIPlugin:80 - create IPUIPlugin
2025-01-06 22:54:17,046 DEBUG [LineInfo_to_exitCode.log_LineInfo] 2025-01-06 22:54:17,046 [INFO] IPUIPlugin:80 - create IPUIPlugin
2025-01-06 22:54:17,047 DEBUG [LineInfo_to_exitCode.log_LineInfo] 2025-01-06 22:54:17,047 [INFO] IPUIPlugin:80 - create IPUIPlugin
2025-01-06 22:54:17,047 DEBUG [LineInfo_to_exitCode.log_LineInfo] 2025-01-06 22:54:17,047 [INFO] IPUIPlugin:80 - create IPUIPlugin
2025-01-06 22:54:17,047 DEBUG [LineInfo_to_exitCode.log_LineInfo] 2025-01-06 22:54:17,047 [INFO] IPUIPlugin:80 - create IPUIPlugin
2025-01-06 22:54:17,047 DEBUG [LineInfo_to_exitCode.log_LineInfo] 2025-01-06 22:54:17,047 [INFO] IPUIPlugin:80 - create IPUIPlugin
2025-01-06 22:54:17,048 DEBUG [LineInfo_to_exitCode.log_LineInfo] 2025-01-06 22:54:17,048 [INFO] IPUIPlugin:80 - create IPUIPlugin
2025-01-06 22:54:17,048 DEBUG [LineInfo_to_exitCode.log_LineInfo] 2025-01-06 22:54:17,048 [INFO] IPUIPlugin:80 - create IPUIPlugin
2025-01-06 22:54:17,049 DEBUG [LineInfo_to_exitCode.log_LineInfo] 2025-01-06 22:54:17,049 [INFO] IPUIPlugin:80 - create IPUIPlugin
2025-01-06 22:54:17,049 DEBUG [LineInfo_to_exitCode.log_LineInfo] 2025-01-06 22:54:17,049 [INFO] IPUIPlugin:80 - create IPUIPlugin
2025-01-06 22:54:17,345 DEBUG [LineInfo_to_exitCode.log_LineInfo] 2025-01-06 22:54:17,345 [INFO] CADModel:165 - CPN selected for project levelSTM32G431RBT3
2025-01-06 22:54:17,346 DEBUG [LineInfo_to_exitCode.log_LineInfo] 2025-01-06 22:54:17,345 [INFO] CADModel:114 - Register for checkConnection events
2025-01-06 22:54:17,687 DEBUG [LineInfo_to_exitCode.log_LineInfo] 2025-01-06 22:54:17,687 [INFO] OpenFileManager:363 - Restore cursor
2025-01-06 22:54:18,214 DEBUG [LineInfo_to_exitCode.log_LineInfo] 2025-01-06 22:54:18,214 [INFO] UtilMem:75 - End SaveConfig() Used Memory: 339928184 Bytes (538968064)
2025-01-06 22:54:18,775 DEBUG [LineInfo_to_exitCode.log_LineInfo] 2025-01-06 22:54:18,775 [INFO] BlockDiagram:2766 - set Specific Code input for plugin: MotorControl
2025-01-06 22:54:18,775 DEBUG [LineInfo_to_exitCode.log_LineInfo] 2025-01-06 22:54:18,775 [INFO] BlockDiagram:2766 - set Specific Code input for plugin: TIM1_8G4
2025-01-06 22:54:18,775 DEBUG [LineInfo_to_exitCode.log_LineInfo] 2025-01-06 22:54:18,775 [INFO] BlockDiagram:2766 - set Specific Code input for plugin: TIM1_8G4
2025-01-06 22:54:18,775 DEBUG [LineInfo_to_exitCode.log_LineInfo] 2025-01-06 22:54:18,775 [INFO] BlockDiagram:2766 - set Specific Code input for plugin: TIM1_8G4
2025-01-06 22:54:18,775 DEBUG [LineInfo_to_exitCode.log_LineInfo] 2025-01-06 22:54:18,775 [INFO] BlockDiagram:2766 - set Specific Code input for plugin: ADC
2025-01-06 22:54:18,775 DEBUG [LineInfo_to_exitCode.log_LineInfo] 2025-01-06 22:54:18,775 [INFO] BlockDiagram:2766 - set Specific Code input for plugin: SYS
2025-01-06 22:54:18,775 DEBUG [LineInfo_to_exitCode.log_LineInfo] 2025-01-06 22:54:18,775 [INFO] BlockDiagram:2766 - set Specific Code input for plugin: ADC
2025-01-06 22:54:18,776 DEBUG [LineInfo_to_exitCode.log_LineInfo] 2025-01-06 22:54:18,775 [INFO] BlockDiagram:2766 - set Specific Code input for plugin: RCC
2025-01-06 22:54:18,776 DEBUG [LineInfo_to_exitCode.log_LineInfo] 2025-01-06 22:54:18,775 [INFO] BlockDiagram:2766 - set Specific Code input for plugin: NVIC
2025-01-06 22:54:18,776 DEBUG [LineInfo_to_exitCode.log_LineInfo] 2025-01-06 22:54:18,775 [INFO] BlockDiagram:2766 - set Specific Code input for plugin: USART
2025-01-06 22:54:18,776 DEBUG [LineInfo_to_exitCode.log_LineInfo] 2025-01-06 22:54:18,775 [INFO] BlockDiagram:2766 - set Specific Code input for plugin: DMA
2025-01-06 22:54:18,777 DEBUG [LineInfo_to_exitCode.log_LineInfo] 2025-01-06 22:54:18,777 [INFO] BlockDiagram:2766 - set Specific Code input for plugin: GPIO
2025-01-06 22:54:18,783 DEBUG [LineInfo_to_exitCode.log_LineInfo] 2025-01-06 22:54:18,782 [INFO] CodeGenerator:807 - code generatio: config db path: C:\Program Files\STMicroelectronics\STM32Cube\STM32CubeMX\\db\
2025-01-06 22:54:18,996 DEBUG [LineInfo_to_exitCode.log_LineInfo] 2025-01-06 22:54:18,996 [INFO] CodeEngine:255 - oldGeneratedFile, C:\Users\abina\.st_workbench\projects\6STEP-NUCLEO431-IHM07_CurrentMode\MXTmpFiles\license.tmp_save
2025-01-06 22:54:19,302 DEBUG [LineInfo_to_exitCode.log_LineInfo] 2025-01-06 22:54:19,302 [INFO] CodeEngine:279 - Generated code: C:\Users\abina\.st_workbench\projects\6STEP-NUCLEO431-IHM07_CurrentMode\MXTmpFiles\license.tmp
2025-01-06 22:54:19,420 DEBUG [LineInfo_to_exitCode.log_LineInfo] 2025-01-06 22:54:19,419 [INFO] CodeEngine:255 - oldGeneratedFile, C:\Users\abina\.st_workbench\projects\6STEP-NUCLEO431-IHM07_CurrentMode\MXTmpFiles\gpio.tmp_save
2025-01-06 22:54:19,554 DEBUG [LineInfo_to_exitCode.log_LineInfo] 2025-01-06 22:54:19,554 [INFO] CodeEngine:279 - Generated code: C:\Users\abina\.st_workbench\projects\6STEP-NUCLEO431-IHM07_CurrentMode\MXTmpFiles\gpio.tmp
2025-01-06 22:54:20,603 DEBUG [LineInfo_to_exitCode.log_LineInfo] 2025-01-06 22:54:20,603 [INFO] Middleware:1439 - No code input for Bsp Dependency
2025-01-06 22:54:20,730 DEBUG [LineInfo_to_exitCode.log_LineInfo] 2025-01-06 22:54:20,730 [INFO] CodeEngine:255 - oldGeneratedFile, C:\Users\abina\.st_workbench\projects\6STEP-NUCLEO431-IHM07_CurrentMode\MXTmpFiles\dma.tmp_save
2025-01-06 22:54:20,814 DEBUG [LineInfo_to_exitCode.log_LineInfo] 2025-01-06 22:54:20,814 [INFO] CodeEngine:279 - Generated code: C:\Users\abina\.st_workbench\projects\6STEP-NUCLEO431-IHM07_CurrentMode\MXTmpFiles\dma.tmp
2025-01-06 22:54:20,820 DEBUG [LineInfo_to_exitCode.log_LineInfo] 2025-01-06 22:54:20,820 [INFO] CodeEngine:255 - oldGeneratedFile, C:\Users\abina\.st_workbench\projects\6STEP-NUCLEO431-IHM07_CurrentMode\MXTmpFiles\dma_GV.tmp_save
2025-01-06 22:54:20,891 DEBUG [LineInfo_to_exitCode.log_LineInfo] 2025-01-06 22:54:20,890 [INFO] CodeEngine:279 - Generated code: C:\Users\abina\.st_workbench\projects\6STEP-NUCLEO431-IHM07_CurrentMode\MXTmpFiles\dma_GV.tmp
2025-01-06 22:54:21,022 DEBUG [LineInfo_to_exitCode.log_LineInfo] 2025-01-06 22:54:21,021 [INFO] Middleware:1439 - No code input for Bsp Dependency
2025-01-06 22:54:21,063 DEBUG [LineInfo_to_exitCode.log_LineInfo] 2025-01-06 22:54:21,063 [INFO] CodeEngine:255 - oldGeneratedFile, C:\Users\abina\.st_workbench\projects\6STEP-NUCLEO431-IHM07_CurrentMode\Src\motorcontrol.c_save
2025-01-06 22:54:21,159 INFO  [LineInfo_to_exitCode.log_LineInfo] Generated code: C:\Users\abina\.st_workbench\projects\6STEP-NUCLEO431-IHM07_CurrentMode\Src\motorcontrol.c
2025-01-06 22:54:21,171 DEBUG [LineInfo_to_exitCode.log_LineInfo] 2025-01-06 22:54:21,171 [INFO] CodeEngine:255 - oldGeneratedFile, C:\Users\abina\.st_workbench\projects\6STEP-NUCLEO431-IHM07_CurrentMode\Inc\motorcontrol.h_save
2025-01-06 22:54:21,247 INFO  [LineInfo_to_exitCode.log_LineInfo] Generated code: C:\Users\abina\.st_workbench\projects\6STEP-NUCLEO431-IHM07_CurrentMode\Inc\motorcontrol.h
2025-01-06 22:54:21,263 DEBUG [LineInfo_to_exitCode.log_LineInfo] 2025-01-06 22:54:21,263 [INFO] CodeEngine:255 - oldGeneratedFile, C:\Users\abina\.st_workbench\projects\6STEP-NUCLEO431-IHM07_CurrentMode\Inc\drive_parameters.h_save
2025-01-06 22:54:21,402 INFO  [LineInfo_to_exitCode.log_LineInfo] Generated code: C:\Users\abina\.st_workbench\projects\6STEP-NUCLEO431-IHM07_CurrentMode\Inc\drive_parameters.h
2025-01-06 22:54:21,414 DEBUG [LineInfo_to_exitCode.log_LineInfo] 2025-01-06 22:54:21,414 [INFO] CodeEngine:255 - oldGeneratedFile, C:\Users\abina\.st_workbench\projects\6STEP-NUCLEO431-IHM07_CurrentMode\Inc\mc_type.h_save
2025-01-06 22:54:21,510 INFO  [LineInfo_to_exitCode.log_LineInfo] Generated code: C:\Users\abina\.st_workbench\projects\6STEP-NUCLEO431-IHM07_CurrentMode\Inc\mc_type.h
2025-01-06 22:54:21,522 DEBUG [LineInfo_to_exitCode.log_LineInfo] 2025-01-06 22:54:21,522 [INFO] CodeEngine:255 - oldGeneratedFile, C:\Users\abina\.st_workbench\projects\6STEP-NUCLEO431-IHM07_CurrentMode\Inc\mc_tasks.h_save
2025-01-06 22:54:21,615 INFO  [LineInfo_to_exitCode.log_LineInfo] Generated code: C:\Users\abina\.st_workbench\projects\6STEP-NUCLEO431-IHM07_CurrentMode\Inc\mc_tasks.h
2025-01-06 22:54:21,629 DEBUG [LineInfo_to_exitCode.log_LineInfo] 2025-01-06 22:54:21,629 [INFO] CodeEngine:255 - oldGeneratedFile, C:\Users\abina\.st_workbench\projects\6STEP-NUCLEO431-IHM07_CurrentMode\Src\pwm_common.c_save
2025-01-06 22:54:21,718 INFO  [LineInfo_to_exitCode.log_LineInfo] Generated code: C:\Users\abina\.st_workbench\projects\6STEP-NUCLEO431-IHM07_CurrentMode\Src\pwm_common.c
2025-01-06 22:54:21,730 DEBUG [LineInfo_to_exitCode.log_LineInfo] 2025-01-06 22:54:21,730 [INFO] CodeEngine:255 - oldGeneratedFile, C:\Users\abina\.st_workbench\projects\6STEP-NUCLEO431-IHM07_CurrentMode\Inc\pwm_common.h_save
2025-01-06 22:54:21,797 INFO  [LineInfo_to_exitCode.log_LineInfo] Generated code: C:\Users\abina\.st_workbench\projects\6STEP-NUCLEO431-IHM07_CurrentMode\Inc\pwm_common.h
2025-01-06 22:54:21,806 DEBUG [LineInfo_to_exitCode.log_LineInfo] 2025-01-06 22:54:21,806 [INFO] CodeEngine:255 - oldGeneratedFile, C:\Users\abina\.st_workbench\projects\6STEP-NUCLEO431-IHM07_CurrentMode\Src\mc_api.c_save
2025-01-06 22:54:21,901 INFO  [LineInfo_to_exitCode.log_LineInfo] Generated code: C:\Users\abina\.st_workbench\projects\6STEP-NUCLEO431-IHM07_CurrentMode\Src\mc_api.c
2025-01-06 22:54:21,914 DEBUG [LineInfo_to_exitCode.log_LineInfo] 2025-01-06 22:54:21,914 [INFO] CodeEngine:255 - oldGeneratedFile, C:\Users\abina\.st_workbench\projects\6STEP-NUCLEO431-IHM07_CurrentMode\Inc\mc_api.h_save
2025-01-06 22:54:21,991 INFO  [LineInfo_to_exitCode.log_LineInfo] Generated code: C:\Users\abina\.st_workbench\projects\6STEP-NUCLEO431-IHM07_CurrentMode\Inc\mc_api.h
2025-01-06 22:54:22,002 DEBUG [LineInfo_to_exitCode.log_LineInfo] 2025-01-06 22:54:22,002 [INFO] CodeEngine:255 - oldGeneratedFile, C:\Users\abina\.st_workbench\projects\6STEP-NUCLEO431-IHM07_CurrentMode\Src\mc_config.c_save
2025-01-06 22:54:22,084 INFO  [LineInfo_to_exitCode.log_LineInfo] Generated code: C:\Users\abina\.st_workbench\projects\6STEP-NUCLEO431-IHM07_CurrentMode\Src\mc_config.c
2025-01-06 22:54:22,097 DEBUG [LineInfo_to_exitCode.log_LineInfo] 2025-01-06 22:54:22,096 [INFO] CodeEngine:255 - oldGeneratedFile, C:\Users\abina\.st_workbench\projects\6STEP-NUCLEO431-IHM07_CurrentMode\Src\mc_config_common.c_save
2025-01-06 22:54:22,186 INFO  [LineInfo_to_exitCode.log_LineInfo] Generated code: C:\Users\abina\.st_workbench\projects\6STEP-NUCLEO431-IHM07_CurrentMode\Src\mc_config_common.c
2025-01-06 22:54:22,198 DEBUG [LineInfo_to_exitCode.log_LineInfo] 2025-01-06 22:54:22,198 [INFO] CodeEngine:255 - oldGeneratedFile, C:\Users\abina\.st_workbench\projects\6STEP-NUCLEO431-IHM07_CurrentMode\Inc\mc_config.h_save
2025-01-06 22:54:22,269 INFO  [LineInfo_to_exitCode.log_LineInfo] Generated code: C:\Users\abina\.st_workbench\projects\6STEP-NUCLEO431-IHM07_CurrentMode\Inc\mc_config.h
2025-01-06 22:54:22,280 DEBUG [LineInfo_to_exitCode.log_LineInfo] 2025-01-06 22:54:22,280 [INFO] CodeEngine:255 - oldGeneratedFile, C:\Users\abina\.st_workbench\projects\6STEP-NUCLEO431-IHM07_CurrentMode\Inc\mc_config_common.h_save
2025-01-06 22:54:22,351 INFO  [LineInfo_to_exitCode.log_LineInfo] Generated code: C:\Users\abina\.st_workbench\projects\6STEP-NUCLEO431-IHM07_CurrentMode\Inc\mc_config_common.h
2025-01-06 22:54:22,361 DEBUG [LineInfo_to_exitCode.log_LineInfo] 2025-01-06 22:54:22,361 [INFO] CodeEngine:255 - oldGeneratedFile, C:\Users\abina\.st_workbench\projects\6STEP-NUCLEO431-IHM07_CurrentMode\Inc\mcp_config.h_save
2025-01-06 22:54:22,430 INFO  [LineInfo_to_exitCode.log_LineInfo] Generated code: C:\Users\abina\.st_workbench\projects\6STEP-NUCLEO431-IHM07_CurrentMode\Inc\mcp_config.h
2025-01-06 22:54:22,440 DEBUG [LineInfo_to_exitCode.log_LineInfo] 2025-01-06 22:54:22,440 [INFO] CodeEngine:255 - oldGeneratedFile, C:\Users\abina\.st_workbench\projects\6STEP-NUCLEO431-IHM07_CurrentMode\Src\mcp_config.c_save
2025-01-06 22:54:22,511 INFO  [LineInfo_to_exitCode.log_LineInfo] Generated code: C:\Users\abina\.st_workbench\projects\6STEP-NUCLEO431-IHM07_CurrentMode\Src\mcp_config.c
2025-01-06 22:54:22,521 DEBUG [LineInfo_to_exitCode.log_LineInfo] 2025-01-06 22:54:22,521 [INFO] CodeEngine:255 - oldGeneratedFile, C:\Users\abina\.st_workbench\projects\6STEP-NUCLEO431-IHM07_CurrentMode\Inc\mc_stm_types.h_save
2025-01-06 22:54:22,609 INFO  [LineInfo_to_exitCode.log_LineInfo] Generated code: C:\Users\abina\.st_workbench\projects\6STEP-NUCLEO431-IHM07_CurrentMode\Inc\mc_stm_types.h
2025-01-06 22:54:22,621 DEBUG [LineInfo_to_exitCode.log_LineInfo] 2025-01-06 22:54:22,621 [INFO] CodeEngine:255 - oldGeneratedFile, C:\Users\abina\.st_workbench\projects\6STEP-NUCLEO431-IHM07_CurrentMode\Src\mc_tasks.c_save
2025-01-06 22:54:22,732 INFO  [LineInfo_to_exitCode.log_LineInfo] Generated code: C:\Users\abina\.st_workbench\projects\6STEP-NUCLEO431-IHM07_CurrentMode\Src\mc_tasks.c
2025-01-06 22:54:22,743 DEBUG [LineInfo_to_exitCode.log_LineInfo] 2025-01-06 22:54:22,743 [INFO] CodeEngine:255 - oldGeneratedFile, C:\Users\abina\.st_workbench\projects\6STEP-NUCLEO431-IHM07_CurrentMode\Src\mc_tasks_sixstep.c_save
2025-01-06 22:54:22,837 INFO  [LineInfo_to_exitCode.log_LineInfo] Generated code: C:\Users\abina\.st_workbench\projects\6STEP-NUCLEO431-IHM07_CurrentMode\Src\mc_tasks_sixstep.c
2025-01-06 22:54:22,849 DEBUG [LineInfo_to_exitCode.log_LineInfo] 2025-01-06 22:54:22,849 [INFO] CodeEngine:255 - oldGeneratedFile, C:\Users\abina\.st_workbench\projects\6STEP-NUCLEO431-IHM07_CurrentMode\Src\regular_conversion_manager.c_save
2025-01-06 22:54:22,928 INFO  [LineInfo_to_exitCode.log_LineInfo] Generated code: C:\Users\abina\.st_workbench\projects\6STEP-NUCLEO431-IHM07_CurrentMode\Src\regular_conversion_manager.c
2025-01-06 22:54:22,938 DEBUG [LineInfo_to_exitCode.log_LineInfo] 2025-01-06 22:54:22,938 [INFO] CodeEngine:255 - oldGeneratedFile, C:\Users\abina\.st_workbench\projects\6STEP-NUCLEO431-IHM07_CurrentMode\Inc\regular_conversion_manager.h_save
2025-01-06 22:54:23,005 INFO  [LineInfo_to_exitCode.log_LineInfo] Generated code: C:\Users\abina\.st_workbench\projects\6STEP-NUCLEO431-IHM07_CurrentMode\Inc\regular_conversion_manager.h
2025-01-06 22:54:23,016 DEBUG [LineInfo_to_exitCode.log_LineInfo] 2025-01-06 22:54:23,016 [INFO] CodeEngine:255 - oldGeneratedFile, C:\Users\abina\.st_workbench\projects\6STEP-NUCLEO431-IHM07_CurrentMode\Src\mc_math.c_save
2025-01-06 22:54:23,089 INFO  [LineInfo_to_exitCode.log_LineInfo] Generated code: C:\Users\abina\.st_workbench\projects\6STEP-NUCLEO431-IHM07_CurrentMode\Src\mc_math.c
2025-01-06 22:54:23,100 DEBUG [LineInfo_to_exitCode.log_LineInfo] 2025-01-06 22:54:23,100 [INFO] CodeEngine:255 - oldGeneratedFile, C:\Users\abina\.st_workbench\projects\6STEP-NUCLEO431-IHM07_CurrentMode\Inc\mc_math.h_save
2025-01-06 22:54:23,178 INFO  [LineInfo_to_exitCode.log_LineInfo] Generated code: C:\Users\abina\.st_workbench\projects\6STEP-NUCLEO431-IHM07_CurrentMode\Inc\mc_math.h
2025-01-06 22:54:23,188 DEBUG [LineInfo_to_exitCode.log_LineInfo] 2025-01-06 22:54:23,188 [INFO] CodeEngine:255 - oldGeneratedFile, C:\Users\abina\.st_workbench\projects\6STEP-NUCLEO431-IHM07_CurrentMode\Src\mc_interface.c_save
2025-01-06 22:54:23,275 INFO  [LineInfo_to_exitCode.log_LineInfo] Generated code: C:\Users\abina\.st_workbench\projects\6STEP-NUCLEO431-IHM07_CurrentMode\Src\mc_interface.c
2025-01-06 22:54:23,286 DEBUG [LineInfo_to_exitCode.log_LineInfo] 2025-01-06 22:54:23,286 [INFO] CodeEngine:255 - oldGeneratedFile, C:\Users\abina\.st_workbench\projects\6STEP-NUCLEO431-IHM07_CurrentMode\Inc\mc_interface.h_save
2025-01-06 22:54:23,357 INFO  [LineInfo_to_exitCode.log_LineInfo] Generated code: C:\Users\abina\.st_workbench\projects\6STEP-NUCLEO431-IHM07_CurrentMode\Inc\mc_interface.h
2025-01-06 22:54:23,368 DEBUG [LineInfo_to_exitCode.log_LineInfo] 2025-01-06 22:54:23,368 [INFO] CodeEngine:255 - oldGeneratedFile, C:\Users\abina\.st_workbench\projects\6STEP-NUCLEO431-IHM07_CurrentMode\Inc\parameters_conversion.h_save
2025-01-06 22:54:23,470 INFO  [LineInfo_to_exitCode.log_LineInfo] Generated code: C:\Users\abina\.st_workbench\projects\6STEP-NUCLEO431-IHM07_CurrentMode\Inc\parameters_conversion.h
2025-01-06 22:54:23,482 DEBUG [LineInfo_to_exitCode.log_LineInfo] 2025-01-06 22:54:23,482 [INFO] CodeEngine:255 - oldGeneratedFile, C:\Users\abina\.st_workbench\projects\6STEP-NUCLEO431-IHM07_CurrentMode\Inc\parameters_conversion_g4xx.h_save
2025-01-06 22:54:23,575 INFO  [LineInfo_to_exitCode.log_LineInfo] Generated code: C:\Users\abina\.st_workbench\projects\6STEP-NUCLEO431-IHM07_CurrentMode\Inc\parameters_conversion_g4xx.h
2025-01-06 22:54:23,586 DEBUG [LineInfo_to_exitCode.log_LineInfo] 2025-01-06 22:54:23,586 [INFO] CodeEngine:255 - oldGeneratedFile, C:\Users\abina\.st_workbench\projects\6STEP-NUCLEO431-IHM07_CurrentMode\Inc\pmsm_motor_parameters.h_save
2025-01-06 22:54:23,655 INFO  [LineInfo_to_exitCode.log_LineInfo] Generated code: C:\Users\abina\.st_workbench\projects\6STEP-NUCLEO431-IHM07_CurrentMode\Inc\pmsm_motor_parameters.h
2025-01-06 22:54:23,666 DEBUG [LineInfo_to_exitCode.log_LineInfo] 2025-01-06 22:54:23,666 [INFO] CodeEngine:255 - oldGeneratedFile, C:\Users\abina\.st_workbench\projects\6STEP-NUCLEO431-IHM07_CurrentMode\Inc\power_stage_parameters.h_save
2025-01-06 22:54:23,738 INFO  [LineInfo_to_exitCode.log_LineInfo] Generated code: C:\Users\abina\.st_workbench\projects\6STEP-NUCLEO431-IHM07_CurrentMode\Inc\power_stage_parameters.h
2025-01-06 22:54:23,749 DEBUG [LineInfo_to_exitCode.log_LineInfo] 2025-01-06 22:54:23,749 [INFO] CodeEngine:255 - oldGeneratedFile, C:\Users\abina\.st_workbench\projects\6STEP-NUCLEO431-IHM07_CurrentMode\Src\stm32_mc_common_it.c_save
2025-01-06 22:54:23,834 INFO  [LineInfo_to_exitCode.log_LineInfo] Generated code: C:\Users\abina\.st_workbench\projects\6STEP-NUCLEO431-IHM07_CurrentMode\Src\stm32_mc_common_it.c
2025-01-06 22:54:23,845 DEBUG [LineInfo_to_exitCode.log_LineInfo] 2025-01-06 22:54:23,844 [INFO] CodeEngine:255 - oldGeneratedFile, C:\Users\abina\.st_workbench\projects\6STEP-NUCLEO431-IHM07_CurrentMode\Src\stm32g4xx_mc_it.c_save
2025-01-06 22:54:23,916 INFO  [LineInfo_to_exitCode.log_LineInfo] Generated code: C:\Users\abina\.st_workbench\projects\6STEP-NUCLEO431-IHM07_CurrentMode\Src\stm32g4xx_mc_it.c
2025-01-06 22:54:23,925 DEBUG [LineInfo_to_exitCode.log_LineInfo] 2025-01-06 22:54:23,925 [INFO] CodeEngine:255 - oldGeneratedFile, C:\Users\abina\.st_workbench\projects\6STEP-NUCLEO431-IHM07_CurrentMode\Inc\mc_parameters.h_save
2025-01-06 22:54:23,995 INFO  [LineInfo_to_exitCode.log_LineInfo] Generated code: C:\Users\abina\.st_workbench\projects\6STEP-NUCLEO431-IHM07_CurrentMode\Inc\mc_parameters.h
2025-01-06 22:54:24,004 DEBUG [LineInfo_to_exitCode.log_LineInfo] 2025-01-06 22:54:24,004 [INFO] CodeEngine:255 - oldGeneratedFile, C:\Users\abina\.st_workbench\projects\6STEP-NUCLEO431-IHM07_CurrentMode\Src\mc_parameters.c_save
2025-01-06 22:54:24,102 INFO  [LineInfo_to_exitCode.log_LineInfo] Generated code: C:\Users\abina\.st_workbench\projects\6STEP-NUCLEO431-IHM07_CurrentMode\Src\mc_parameters.c
2025-01-06 22:54:24,113 DEBUG [LineInfo_to_exitCode.log_LineInfo] 2025-01-06 22:54:24,113 [INFO] CodeEngine:255 - oldGeneratedFile, C:\Users\abina\.st_workbench\projects\6STEP-NUCLEO431-IHM07_CurrentMode\Src\register_interface.c_save
2025-01-06 22:54:24,220 INFO  [LineInfo_to_exitCode.log_LineInfo] Generated code: C:\Users\abina\.st_workbench\projects\6STEP-NUCLEO431-IHM07_CurrentMode\Src\register_interface.c
2025-01-06 22:54:24,233 DEBUG [LineInfo_to_exitCode.log_LineInfo] 2025-01-06 22:54:24,233 [INFO] CodeEngine:255 - oldGeneratedFile, C:\Users\abina\.st_workbench\projects\6STEP-NUCLEO431-IHM07_CurrentMode\Src\mcp.c_save
2025-01-06 22:54:24,313 INFO  [LineInfo_to_exitCode.log_LineInfo] Generated code: C:\Users\abina\.st_workbench\projects\6STEP-NUCLEO431-IHM07_CurrentMode\Src\mcp.c
2025-01-06 22:54:24,324 DEBUG [LineInfo_to_exitCode.log_LineInfo] 2025-01-06 22:54:24,323 [INFO] CodeEngine:255 - oldGeneratedFile, C:\Users\abina\.st_workbench\projects\6STEP-NUCLEO431-IHM07_CurrentMode\Inc\register_interface.h_save
2025-01-06 22:54:24,401 INFO  [LineInfo_to_exitCode.log_LineInfo] Generated code: C:\Users\abina\.st_workbench\projects\6STEP-NUCLEO431-IHM07_CurrentMode\Inc\register_interface.h
2025-01-06 22:54:24,414 DEBUG [LineInfo_to_exitCode.log_LineInfo] 2025-01-06 22:54:24,414 [INFO] CodeEngine:255 - oldGeneratedFile, C:\Users\abina\.st_workbench\projects\6STEP-NUCLEO431-IHM07_CurrentMode\Src\usart_aspep_driver.c_save
2025-01-06 22:54:24,488 INFO  [LineInfo_to_exitCode.log_LineInfo] Generated code: C:\Users\abina\.st_workbench\projects\6STEP-NUCLEO431-IHM07_CurrentMode\Src\usart_aspep_driver.c
2025-01-06 22:54:24,499 DEBUG [LineInfo_to_exitCode.log_LineInfo] 2025-01-06 22:54:24,499 [INFO] CodeEngine:255 - oldGeneratedFile, C:\Users\abina\.st_workbench\projects\6STEP-NUCLEO431-IHM07_CurrentMode\Src\mc_configuration_registers.c_save
2025-01-06 22:54:24,568 INFO  [LineInfo_to_exitCode.log_LineInfo] Generated code: C:\Users\abina\.st_workbench\projects\6STEP-NUCLEO431-IHM07_CurrentMode\Src\mc_configuration_registers.c
2025-01-06 22:54:24,580 DEBUG [LineInfo_to_exitCode.log_LineInfo] 2025-01-06 22:54:24,579 [INFO] CodeEngine:255 - oldGeneratedFile, C:\Users\abina\.st_workbench\projects\6STEP-NUCLEO431-IHM07_CurrentMode\Inc\mc_configuration_registers.h_save
2025-01-06 22:54:24,658 INFO  [LineInfo_to_exitCode.log_LineInfo] Generated code: C:\Users\abina\.st_workbench\projects\6STEP-NUCLEO431-IHM07_CurrentMode\Inc\mc_configuration_registers.h
2025-01-06 22:54:24,669 DEBUG [LineInfo_to_exitCode.log_LineInfo] 2025-01-06 22:54:24,669 [INFO] CodeEngine:255 - oldGeneratedFile, C:\Users\abina\.st_workbench\projects\6STEP-NUCLEO431-IHM07_CurrentMode\Inc\aspep.h_save
2025-01-06 22:54:24,741 INFO  [LineInfo_to_exitCode.log_LineInfo] Generated code: C:\Users\abina\.st_workbench\projects\6STEP-NUCLEO431-IHM07_CurrentMode\Inc\aspep.h
2025-01-06 22:54:24,752 DEBUG [LineInfo_to_exitCode.log_LineInfo] 2025-01-06 22:54:24,752 [INFO] CodeEngine:255 - oldGeneratedFile, C:\Users\abina\.st_workbench\projects\6STEP-NUCLEO431-IHM07_CurrentMode\Src\aspep.c_save
2025-01-06 22:54:24,830 INFO  [LineInfo_to_exitCode.log_LineInfo] Generated code: C:\Users\abina\.st_workbench\projects\6STEP-NUCLEO431-IHM07_CurrentMode\Src\aspep.c
2025-01-06 22:54:24,840 DEBUG [LineInfo_to_exitCode.log_LineInfo] 2025-01-06 22:54:24,840 [INFO] CodeEngine:255 - oldGeneratedFile, C:\Users\abina\.st_workbench\projects\6STEP-NUCLEO431-IHM07_CurrentMode\Inc\mc_app_hooks.h_save
2025-01-06 22:54:24,905 INFO  [LineInfo_to_exitCode.log_LineInfo] Generated code: C:\Users\abina\.st_workbench\projects\6STEP-NUCLEO431-IHM07_CurrentMode\Inc\mc_app_hooks.h
2025-01-06 22:54:24,916 DEBUG [LineInfo_to_exitCode.log_LineInfo] 2025-01-06 22:54:24,916 [INFO] CodeEngine:255 - oldGeneratedFile, C:\Users\abina\.st_workbench\projects\6STEP-NUCLEO431-IHM07_CurrentMode\Src\mc_app_hooks.c_save
2025-01-06 22:54:24,983 INFO  [LineInfo_to_exitCode.log_LineInfo] Generated code: C:\Users\abina\.st_workbench\projects\6STEP-NUCLEO431-IHM07_CurrentMode\Src\mc_app_hooks.c
2025-01-06 22:54:25,007 DEBUG [LineInfo_to_exitCode.log_LineInfo] 2025-01-06 22:54:25,007 [INFO] CodeEngine:255 - oldGeneratedFile, C:\Users\abina\.st_workbench\projects\6STEP-NUCLEO431-IHM07_CurrentMode\Src\stm32g4xx_it.c_save
2025-01-06 22:54:25,100 INFO  [LineInfo_to_exitCode.log_LineInfo] Generated code: C:\Users\abina\.st_workbench\projects\6STEP-NUCLEO431-IHM07_CurrentMode\Src\stm32g4xx_it.c
2025-01-06 22:54:25,111 DEBUG [LineInfo_to_exitCode.log_LineInfo] 2025-01-06 22:54:25,111 [INFO] CodeEngine:255 - oldGeneratedFile, C:\Users\abina\.st_workbench\projects\6STEP-NUCLEO431-IHM07_CurrentMode\Inc\stm32g4xx_it.h_save
2025-01-06 22:54:25,183 INFO  [LineInfo_to_exitCode.log_LineInfo] Generated code: C:\Users\abina\.st_workbench\projects\6STEP-NUCLEO431-IHM07_CurrentMode\Inc\stm32g4xx_it.h
2025-01-06 22:54:25,207 DEBUG [LineInfo_to_exitCode.log_LineInfo] 2025-01-06 22:54:25,207 [INFO] CodeEngine:255 - oldGeneratedFile, C:\Users\abina\.st_workbench\projects\6STEP-NUCLEO431-IHM07_CurrentMode\Src\stm32g4xx_hal_msp.c_save
2025-01-06 22:54:25,369 INFO  [LineInfo_to_exitCode.log_LineInfo] Generated code: C:\Users\abina\.st_workbench\projects\6STEP-NUCLEO431-IHM07_CurrentMode\Src\stm32g4xx_hal_msp.c
2025-01-06 22:54:25,378 DEBUG [LineInfo_to_exitCode.log_LineInfo] 2025-01-06 22:54:25,378 [INFO] CodeEngine:255 - oldGeneratedFile, C:\Users\abina\.st_workbench\projects\6STEP-NUCLEO431-IHM07_CurrentMode\MXTmpFiles\system.tmp_save
2025-01-06 22:54:25,438 DEBUG [LineInfo_to_exitCode.log_LineInfo] 2025-01-06 22:54:25,438 [INFO] CodeEngine:279 - Generated code: C:\Users\abina\.st_workbench\projects\6STEP-NUCLEO431-IHM07_CurrentMode\MXTmpFiles\system.tmp
2025-01-06 22:54:25,456 DEBUG [LineInfo_to_exitCode.log_LineInfo] 2025-01-06 22:54:25,456 [INFO] CodeEngine:311 - oldGeneratedFile, C:\Users\abina\.st_workbench\projects\6STEP-NUCLEO431-IHM07_CurrentMode\Inc\stm32g4xx_hal_conf.h_save
2025-01-06 22:54:25,526 INFO  [LineInfo_to_exitCode.log_LineInfo] Generated code: C:\Users\abina\.st_workbench\projects\6STEP-NUCLEO431-IHM07_CurrentMode\Inc\stm32g4xx_hal_conf.h
2025-01-06 22:54:25,577 DEBUG [LineInfo_to_exitCode.log_LineInfo] 2025-01-06 22:54:25,577 [INFO] CodeEngine:255 - oldGeneratedFile, C:\Users\abina\.st_workbench\projects\6STEP-NUCLEO431-IHM07_CurrentMode\Inc\main.h_save
2025-01-06 22:54:25,668 INFO  [LineInfo_to_exitCode.log_LineInfo] Generated code: C:\Users\abina\.st_workbench\projects\6STEP-NUCLEO431-IHM07_CurrentMode\Inc\main.h
2025-01-06 22:54:25,680 DEBUG [LineInfo_to_exitCode.log_LineInfo] 2025-01-06 22:54:25,680 [INFO] CodeEngine:255 - oldGeneratedFile, C:\Users\abina\.st_workbench\projects\6STEP-NUCLEO431-IHM07_CurrentMode\Src\main.c_save
2025-01-06 22:54:25,851 INFO  [LineInfo_to_exitCode.log_LineInfo] Generated code: C:\Users\abina\.st_workbench\projects\6STEP-NUCLEO431-IHM07_CurrentMode\Src\main.c
2025-01-06 22:54:26,478 DEBUG [LineInfo_to_exitCode.log_LineInfo] 2025-01-06 22:54:26,478 [INFO] ProjectBuilder:3249 - Time for Copy HAL[0] : 417mS.
2025-01-06 22:54:26,490 DEBUG [LineInfo_to_exitCode.log_LineInfo] 2025-01-06 22:54:26,490 [INFO] ProjectBuilder:4828 - Project Generator version: 4.5.0-B34
2025-01-06 22:54:26,584 DEBUG [LineInfo_to_exitCode.log_LineInfo] 2025-01-06 22:54:26,584 [INFO] ConfigFileManager:1531 - The Die is : DIE468
2025-01-06 22:54:26,588 DEBUG [LineInfo_to_exitCode.log_LineInfo] 2025-01-06 22:54:26,588 [INFO] ApiDbMcu:508 - Load IP Config File for FATFS
2025-01-06 22:54:26,592 DEBUG [LineInfo_to_exitCode.log_LineInfo] 2025-01-06 22:54:26,592 [INFO] ApiDbMcu:508 - Load IP Config File for FREERTOS
2025-01-06 22:54:26,598 DEBUG [LineInfo_to_exitCode.log_LineInfo] 2025-01-06 22:54:26,598 [INFO] ApiDbMcu:508 - Load IP Config File for USBPD
2025-01-06 22:54:26,604 DEBUG [LineInfo_to_exitCode.log_LineInfo] 2025-01-06 22:54:26,604 [INFO] ApiDbMcu:508 - Load IP Config File for USB_Device
2025-01-06 22:54:32,151 DEBUG [LineInfo_to_exitCode.log_LineInfo] 2025-01-06 22:54:32,151 [INFO] ConfigFileManager:3050 - mx.scratch is deleted!
2025-01-06 22:54:32,151 DEBUG [LineInfo_to_exitCode.log_LineInfo] 2025-01-06 22:54:32,151 [INFO] ProjectBuilder:5097 - Time for Generating toolchain IDE Files: 5661mS.
2025-01-06 22:54:34,118 DEBUG [LineInfo_to_exitCode.log_LineInfo] 2025-01-06 22:54:34,118 [INFO] ProjectBuilder:3107 - Time for Copy CMSIS : 1967mS.
2025-01-06 22:54:35,522 DEBUG [LineInfo_to_exitCode.log_LineInfo] 2025-01-06 22:54:35,522 [INFO] ProjectBuilder:3107 - Time for Copy CMSIS : 1399mS.
2025-01-06 22:57:22,298 DEBUG [IOCDialogController.lambda$onClose$8] IOCGenerationDialog exists with return code 1
2025-01-06 22:57:43,449 INFO  [APIHelpers.getUserMotorsData] WB6 API: Start loading UserMotors from: C:\Users\abina\.st_motor_control\user_motors
2025-01-06 22:57:43,454 INFO  [APIHelpers.getUserMotorsDataJson] WB6 API: Start loading UserMotors json from: C:\Users\abina\.st_workbench\hardware\motor
2025-01-06 22:57:43,457 INFO  [APIHelpers.load_json_hw] WB6 API: loading assets Hardware: Allen Bradley-I.json
2025-01-06 22:57:43,458 INFO  [APIHelpers.lambda$load_json_hw$6] WB6 API: successfully parsed assets Hardware: Allen Bradley-I.json
2025-01-06 22:57:43,459 INFO  [APIHelpers.load_json_hw] WB6 API: loading assets Hardware: Allen Bradley.json
2025-01-06 22:57:43,461 INFO  [APIHelpers.lambda$load_json_hw$6] WB6 API: successfully parsed assets Hardware: Allen Bradley.json
2025-01-06 22:57:43,461 INFO  [APIHelpers.load_json_hw] WB6 API: loading assets Hardware: BR2804-1700kv.json
2025-01-06 22:57:43,463 INFO  [APIHelpers.lambda$load_json_hw$6] WB6 API: successfully parsed assets Hardware: BR2804-1700kv.json
2025-01-06 22:57:43,463 INFO  [APIHelpers.load_json_hw] WB6 API: loading assets Hardware: GBM2804H-100T.json
2025-01-06 22:57:43,465 INFO  [APIHelpers.lambda$load_json_hw$6] WB6 API: successfully parsed assets Hardware: GBM2804H-100T.json
2025-01-06 22:57:43,465 INFO  [APIHelpers.load_json_hw] WB6 API: loading assets Hardware: motorHighVoltage.json
2025-01-06 22:57:43,466 INFO  [APIHelpers.lambda$load_json_hw$6] WB6 API: successfully parsed assets Hardware: motorHighVoltage.json
2025-01-06 22:57:43,466 INFO  [APIHelpers.load_json_hw] WB6 API: loading assets Hardware: motorLowVoltage-I.json
2025-01-06 22:57:43,467 INFO  [APIHelpers.lambda$load_json_hw$6] WB6 API: successfully parsed assets Hardware: motorLowVoltage-I.json
2025-01-06 22:57:43,467 INFO  [APIHelpers.load_json_hw] WB6 API: loading assets Hardware: motorLowVoltage.json
2025-01-06 22:57:43,468 INFO  [APIHelpers.lambda$load_json_hw$6] WB6 API: successfully parsed assets Hardware: motorLowVoltage.json
2025-01-06 22:57:43,468 INFO  [APIHelpers.load_json_hw] WB6 API: loading assets Hardware: motorMaxon.json
2025-01-06 22:57:43,469 INFO  [APIHelpers.lambda$load_json_hw$6] WB6 API: successfully parsed assets Hardware: motorMaxon.json
2025-01-06 22:57:43,470 INFO  [APIHelpers.load_json_hw] WB6 API: loading assets Hardware: motorShinano.json
2025-01-06 22:57:43,471 INFO  [APIHelpers.lambda$load_json_hw$6] WB6 API: successfully parsed assets Hardware: motorShinano.json
2025-01-06 22:57:43,477 INFO  [APIHelpers.load_json_hw] WB6 API: loading assets Hardware: EVALSTDRIVE101.json
2025-01-06 22:57:43,479 INFO  [APIHelpers.lambda$load_json_hw$6] WB6 API: successfully parsed assets Hardware: EVALSTDRIVE101.json
2025-01-06 22:57:43,479 INFO  [APIHelpers.load_json_hw] WB6 API: loading assets Hardware: EVALSTDRIVE601.json
2025-01-06 22:57:43,485 INFO  [APIHelpers.lambda$load_json_hw$6] WB6 API: successfully parsed assets Hardware: EVALSTDRIVE601.json
2025-01-06 22:57:43,485 INFO  [APIHelpers.load_json_hw] WB6 API: loading assets Hardware: STEVAL-CTM009V1.json
2025-01-06 22:57:43,488 INFO  [APIHelpers.lambda$load_json_hw$6] WB6 API: successfully parsed assets Hardware: STEVAL-CTM009V1.json
2025-01-06 22:57:43,488 INFO  [APIHelpers.load_json_hw] WB6 API: loading assets Hardware: STEVAL-IHM023V3.json
2025-01-06 22:57:43,490 INFO  [APIHelpers.lambda$load_json_hw$6] WB6 API: successfully parsed assets Hardware: STEVAL-IHM023V3.json
2025-01-06 22:57:43,491 INFO  [APIHelpers.load_json_hw] WB6 API: loading assets Hardware: STEVAL-IHM045V1.json
2025-01-06 22:57:43,495 INFO  [APIHelpers.lambda$load_json_hw$6] WB6 API: successfully parsed assets Hardware: STEVAL-IHM045V1.json
2025-01-06 22:57:43,495 INFO  [APIHelpers.load_json_hw] WB6 API: loading assets Hardware: STEVAL-IPM05F.json
2025-01-06 22:57:43,497 INFO  [APIHelpers.lambda$load_json_hw$6] WB6 API: successfully parsed assets Hardware: STEVAL-IPM05F.json
2025-01-06 22:57:43,497 INFO  [APIHelpers.load_json_hw] WB6 API: loading assets Hardware: STEVAL-IPM07F.json
2025-01-06 22:57:43,499 INFO  [APIHelpers.lambda$load_json_hw$6] WB6 API: successfully parsed assets Hardware: STEVAL-IPM07F.json
2025-01-06 22:57:43,499 INFO  [APIHelpers.load_json_hw] WB6 API: loading assets Hardware: STEVAL-IPM08B.json
2025-01-06 22:57:43,500 INFO  [APIHelpers.lambda$load_json_hw$6] WB6 API: successfully parsed assets Hardware: STEVAL-IPM08B.json
2025-01-06 22:57:43,500 INFO  [APIHelpers.load_json_hw] WB6 API: loading assets Hardware: STEVAL-IPM10B.json
2025-01-06 22:57:43,502 INFO  [APIHelpers.lambda$load_json_hw$6] WB6 API: successfully parsed assets Hardware: STEVAL-IPM10B.json
2025-01-06 22:57:43,502 INFO  [APIHelpers.load_json_hw] WB6 API: loading assets Hardware: STEVAL-IPM10F.json
2025-01-06 22:57:43,503 INFO  [APIHelpers.lambda$load_json_hw$6] WB6 API: successfully parsed assets Hardware: STEVAL-IPM10F.json
2025-01-06 22:57:43,503 INFO  [APIHelpers.load_json_hw] WB6 API: loading assets Hardware: STEVAL-IPM15B.json
2025-01-06 22:57:43,504 INFO  [APIHelpers.lambda$load_json_hw$6] WB6 API: successfully parsed assets Hardware: STEVAL-IPM15B.json
2025-01-06 22:57:43,505 INFO  [APIHelpers.load_json_hw] WB6 API: loading assets Hardware: STEVAL-IPM20B.json
2025-01-06 22:57:43,506 INFO  [APIHelpers.lambda$load_json_hw$6] WB6 API: successfully parsed assets Hardware: STEVAL-IPM20B.json
2025-01-06 22:57:43,506 INFO  [APIHelpers.load_json_hw] WB6 API: loading assets Hardware: STEVAL-IPM30B.json
2025-01-06 22:57:43,507 INFO  [APIHelpers.lambda$load_json_hw$6] WB6 API: successfully parsed assets Hardware: STEVAL-IPM30B.json
2025-01-06 22:57:43,508 INFO  [APIHelpers.load_json_hw] WB6 API: loading assets Hardware: STEVAL-IPMM10B.json
2025-01-06 22:57:43,510 INFO  [APIHelpers.lambda$load_json_hw$6] WB6 API: successfully parsed assets Hardware: STEVAL-IPMM10B.json
2025-01-06 22:57:43,511 INFO  [APIHelpers.load_json_hw] WB6 API: loading assets Hardware: STEVAL-IPMM15B.json
2025-01-06 22:57:43,512 INFO  [APIHelpers.lambda$load_json_hw$6] WB6 API: successfully parsed assets Hardware: STEVAL-IPMM15B.json
2025-01-06 22:57:43,513 INFO  [APIHelpers.load_json_hw] WB6 API: loading assets Hardware: STEVAL-IPMNG3Q.json
2025-01-06 22:57:43,514 INFO  [APIHelpers.lambda$load_json_hw$6] WB6 API: successfully parsed assets Hardware: STEVAL-IPMNG3Q.json
2025-01-06 22:57:43,515 INFO  [APIHelpers.load_json_hw] WB6 API: loading assets Hardware: STEVAL-IPMNG3S.json
2025-01-06 22:57:43,516 INFO  [APIHelpers.lambda$load_json_hw$6] WB6 API: successfully parsed assets Hardware: STEVAL-IPMNG3S.json
2025-01-06 22:57:43,517 INFO  [APIHelpers.load_json_hw] WB6 API: loading assets Hardware: STEVAL-IPMNG5Q.json
2025-01-06 22:57:43,518 INFO  [APIHelpers.lambda$load_json_hw$6] WB6 API: successfully parsed assets Hardware: STEVAL-IPMNG5Q.json
2025-01-06 22:57:43,518 INFO  [APIHelpers.load_json_hw] WB6 API: loading assets Hardware: STEVAL-IPMNG8Q.json
2025-01-06 22:57:43,520 INFO  [APIHelpers.lambda$load_json_hw$6] WB6 API: successfully parsed assets Hardware: STEVAL-IPMNG8Q.json
2025-01-06 22:57:43,520 INFO  [APIHelpers.load_json_hw] WB6 API: loading assets Hardware: STEVAL-IPMNM1N.json
2025-01-06 22:57:43,521 INFO  [APIHelpers.lambda$load_json_hw$6] WB6 API: successfully parsed assets Hardware: STEVAL-IPMNM1N.json
2025-01-06 22:57:43,521 INFO  [APIHelpers.load_json_hw] WB6 API: loading assets Hardware: STEVAL-IPMNM1S.json
2025-01-06 22:57:43,523 INFO  [APIHelpers.lambda$load_json_hw$6] WB6 API: successfully parsed assets Hardware: STEVAL-IPMNM1S.json
2025-01-06 22:57:43,523 INFO  [APIHelpers.load_json_hw] WB6 API: loading assets Hardware: STEVAL-IPMNM2N.json
2025-01-06 22:57:43,524 INFO  [APIHelpers.lambda$load_json_hw$6] WB6 API: successfully parsed assets Hardware: STEVAL-IPMNM2N.json
2025-01-06 22:57:43,525 INFO  [APIHelpers.load_json_hw] WB6 API: loading assets Hardware: STEVAL-IPMNM2S.json
2025-01-06 22:57:43,528 INFO  [APIHelpers.lambda$load_json_hw$6] WB6 API: successfully parsed assets Hardware: STEVAL-IPMNM2S.json
2025-01-06 22:57:43,528 INFO  [APIHelpers.load_json_hw] WB6 API: loading assets Hardware: STEVAL-IPMNM3Q.json
2025-01-06 22:57:43,530 INFO  [APIHelpers.lambda$load_json_hw$6] WB6 API: successfully parsed assets Hardware: STEVAL-IPMNM3Q.json
2025-01-06 22:57:43,530 INFO  [APIHelpers.load_json_hw] WB6 API: loading assets Hardware: STEVAL-IPMNM5Q.json
2025-01-06 22:57:43,532 INFO  [APIHelpers.lambda$load_json_hw$6] WB6 API: successfully parsed assets Hardware: STEVAL-IPMNM5Q.json
2025-01-06 22:57:43,532 INFO  [APIHelpers.load_json_hw] WB6 API: loading assets Hardware: STEVAL-LVLP01.json
2025-01-06 22:57:43,533 INFO  [APIHelpers.lambda$load_json_hw$6] WB6 API: successfully parsed assets Hardware: STEVAL-LVLP01.json
2025-01-06 22:57:43,534 INFO  [APIHelpers.load_json_hw] WB6 API: loading assets Hardware: X-NUCLEO-IHM07M1.json
2025-01-06 22:57:43,535 INFO  [APIHelpers.lambda$load_json_hw$6] WB6 API: successfully parsed assets Hardware: X-NUCLEO-IHM07M1.json
2025-01-06 22:57:43,535 INFO  [APIHelpers.load_json_hw] WB6 API: loading assets Hardware: X-NUCLEO-IHM08M1.json
2025-01-06 22:57:43,536 INFO  [APIHelpers.lambda$load_json_hw$6] WB6 API: successfully parsed assets Hardware: X-NUCLEO-IHM08M1.json
2025-01-06 22:57:43,537 INFO  [APIHelpers.load_json_hw] WB6 API: loading assets Hardware: X-NUCLEO-IHM11M1.json
2025-01-06 22:57:43,538 INFO  [APIHelpers.lambda$load_json_hw$6] WB6 API: successfully parsed assets Hardware: X-NUCLEO-IHM11M1.json
2025-01-06 22:57:43,538 INFO  [APIHelpers.load_json_hw] WB6 API: loading assets Hardware: X-NUCLEO-IHM16M1.json
2025-01-06 22:57:43,539 INFO  [APIHelpers.lambda$load_json_hw$6] WB6 API: successfully parsed assets Hardware: X-NUCLEO-IHM16M1.json
2025-01-06 22:57:43,540 INFO  [APIHelpers.load_json_hw] WB6 API: loading assets Hardware: X-NUCLEO-IHM17M1.json
2025-01-06 22:57:43,541 INFO  [APIHelpers.lambda$load_json_hw$6] WB6 API: successfully parsed assets Hardware: X-NUCLEO-IHM17M1.json
2025-01-06 22:57:43,543 INFO  [APIHelpers.getFamilyHardwareUserData] WB6 API: Start loading power from: C:\Users\abina\.st_workbench\hardware\board\power
2025-01-06 22:57:43,573 INFO  [APIHelpers.load_json_hw] WB6 API: loading assets Hardware: B-G473E-ZEST1S-B.json
2025-01-06 22:57:43,578 INFO  [APIHelpers.lambda$load_json_hw$6] WB6 API: successfully parsed assets Hardware: B-G473E-ZEST1S-B.json
2025-01-06 22:57:43,578 INFO  [APIHelpers.load_json_hw] WB6 API: loading assets Hardware: NUCLEO-C031C6.json
2025-01-06 22:57:43,580 INFO  [APIHelpers.lambda$load_json_hw$6] WB6 API: successfully parsed assets Hardware: NUCLEO-C031C6.json
2025-01-06 22:57:43,581 INFO  [APIHelpers.load_json_hw] WB6 API: loading assets Hardware: NUCLEO-F030R8.json
2025-01-06 22:57:43,582 INFO  [APIHelpers.lambda$load_json_hw$6] WB6 API: successfully parsed assets Hardware: NUCLEO-F030R8.json
2025-01-06 22:57:43,583 INFO  [APIHelpers.load_json_hw] WB6 API: loading assets Hardware: NUCLEO-F072RB.json
2025-01-06 22:57:43,584 INFO  [APIHelpers.lambda$load_json_hw$6] WB6 API: successfully parsed assets Hardware: NUCLEO-F072RB.json
2025-01-06 22:57:43,584 INFO  [APIHelpers.load_json_hw] WB6 API: loading assets Hardware: NUCLEO-F302R8.json
2025-01-06 22:57:43,586 INFO  [APIHelpers.lambda$load_json_hw$6] WB6 API: successfully parsed assets Hardware: NUCLEO-F302R8.json
2025-01-06 22:57:43,587 INFO  [APIHelpers.load_json_hw] WB6 API: loading assets Hardware: NUCLEO-F303RE.json
2025-01-06 22:57:43,589 INFO  [APIHelpers.lambda$load_json_hw$6] WB6 API: successfully parsed assets Hardware: NUCLEO-F303RE.json
2025-01-06 22:57:43,589 INFO  [APIHelpers.load_json_hw] WB6 API: loading assets Hardware: NUCLEO-F401RE.json
2025-01-06 22:57:43,591 INFO  [APIHelpers.lambda$load_json_hw$6] WB6 API: successfully parsed assets Hardware: NUCLEO-F401RE.json
2025-01-06 22:57:43,591 INFO  [APIHelpers.load_json_hw] WB6 API: loading assets Hardware: NUCLEO-F446RE.json
2025-01-06 22:57:43,594 INFO  [APIHelpers.lambda$load_json_hw$6] WB6 API: successfully parsed assets Hardware: NUCLEO-F446RE.json
2025-01-06 22:57:43,595 INFO  [APIHelpers.load_json_hw] WB6 API: loading assets Hardware: NUCLEO-F746ZG.json
2025-01-06 22:57:43,597 INFO  [APIHelpers.lambda$load_json_hw$6] WB6 API: successfully parsed assets Hardware: NUCLEO-F746ZG.json
2025-01-06 22:57:43,597 INFO  [APIHelpers.load_json_hw] WB6 API: loading assets Hardware: NUCLEO-G071RB.json
2025-01-06 22:57:43,598 INFO  [APIHelpers.lambda$load_json_hw$6] WB6 API: successfully parsed assets Hardware: NUCLEO-G071RB.json
2025-01-06 22:57:43,599 INFO  [APIHelpers.load_json_hw] WB6 API: loading assets Hardware: NUCLEO-G431RB.json
2025-01-06 22:57:43,601 INFO  [APIHelpers.lambda$load_json_hw$6] WB6 API: successfully parsed assets Hardware: NUCLEO-G431RB.json
2025-01-06 22:57:43,601 INFO  [APIHelpers.load_json_hw] WB6 API: loading assets Hardware: NUCLEO-G474RE.json
2025-01-06 22:57:43,603 INFO  [APIHelpers.lambda$load_json_hw$6] WB6 API: successfully parsed assets Hardware: NUCLEO-G474RE.json
2025-01-06 22:57:43,603 INFO  [APIHelpers.load_json_hw] WB6 API: loading assets Hardware: NUCLEO-H503RB.json
2025-01-06 22:57:43,605 INFO  [APIHelpers.lambda$load_json_hw$6] WB6 API: successfully parsed assets Hardware: NUCLEO-H503RB.json
2025-01-06 22:57:43,605 INFO  [APIHelpers.load_json_hw] WB6 API: loading assets Hardware: NUCLEO-H563ZI.json
2025-01-06 22:57:43,607 INFO  [APIHelpers.lambda$load_json_hw$6] WB6 API: successfully parsed assets Hardware: NUCLEO-H563ZI.json
2025-01-06 22:57:43,608 INFO  [APIHelpers.load_json_hw] WB6 API: loading assets Hardware: NUCLEO-H745ZI.json
2025-01-06 22:57:43,611 INFO  [APIHelpers.lambda$load_json_hw$6] WB6 API: successfully parsed assets Hardware: NUCLEO-H745ZI.json
2025-01-06 22:57:43,611 INFO  [APIHelpers.load_json_hw] WB6 API: loading assets Hardware: NUCLEO-L452RE.json
2025-01-06 22:57:43,613 INFO  [APIHelpers.lambda$load_json_hw$6] WB6 API: successfully parsed assets Hardware: NUCLEO-L452RE.json
2025-01-06 22:57:43,613 INFO  [APIHelpers.load_json_hw] WB6 API: loading assets Hardware: NUCLEO-L476RG.json
2025-01-06 22:57:43,615 INFO  [APIHelpers.lambda$load_json_hw$6] WB6 API: successfully parsed assets Hardware: NUCLEO-L476RG.json
2025-01-06 22:57:43,616 INFO  [APIHelpers.load_json_hw] WB6 API: loading assets Hardware: STEVAL-IHM039V1.json
2025-01-06 22:57:43,617 INFO  [APIHelpers.lambda$load_json_hw$6] WB6 API: successfully parsed assets Hardware: STEVAL-IHM039V1.json
2025-01-06 22:57:43,617 INFO  [APIHelpers.load_json_hw] WB6 API: loading assets Hardware: STM32303E-EVAL.json
2025-01-06 22:57:43,619 INFO  [APIHelpers.lambda$load_json_hw$6] WB6 API: successfully parsed assets Hardware: STM32303E-EVAL.json
2025-01-06 22:57:43,619 INFO  [APIHelpers.load_json_hw] WB6 API: loading assets Hardware: STM32F769I-EVAL.json
2025-01-06 22:57:43,621 INFO  [APIHelpers.lambda$load_json_hw$6] WB6 API: successfully parsed assets Hardware: STM32F769I-EVAL.json
2025-01-06 22:57:43,621 INFO  [APIHelpers.load_json_hw] WB6 API: loading assets Hardware: STM32G081B-EVAL.json
2025-01-06 22:57:43,623 INFO  [APIHelpers.lambda$load_json_hw$6] WB6 API: successfully parsed assets Hardware: STM32G081B-EVAL.json
2025-01-06 22:57:43,623 INFO  [APIHelpers.load_json_hw] WB6 API: loading assets Hardware: STM32G474E-EVAL.json
2025-01-06 22:57:43,626 INFO  [APIHelpers.lambda$load_json_hw$6] WB6 API: successfully parsed assets Hardware: STM32G474E-EVAL.json
2025-01-06 22:57:43,627 INFO  [APIHelpers.load_json_hw] WB6 API: loading assets Hardware: STM32L476G-EVAL.json
2025-01-06 22:57:43,629 INFO  [APIHelpers.lambda$load_json_hw$6] WB6 API: successfully parsed assets Hardware: STM32L476G-EVAL.json
2025-01-06 22:57:43,630 INFO  [APIHelpers.getFamilyHardwareUserData] WB6 API: Start loading control from: C:\Users\abina\.st_workbench\hardware\board\control
2025-01-06 22:57:43,719 INFO  [APIHelpers.load_json_hw] WB6 API: loading assets Hardware: P-NUCLEO-IHM002.json
2025-01-06 22:57:43,721 INFO  [APIHelpers.lambda$load_json_hw$6] WB6 API: successfully parsed assets Hardware: P-NUCLEO-IHM002.json
2025-01-06 22:57:43,721 INFO  [APIHelpers.load_json_hw] WB6 API: loading assets Hardware: P-NUCLEO-IHM03.json
2025-01-06 22:57:43,722 INFO  [APIHelpers.lambda$load_json_hw$6] WB6 API: successfully parsed assets Hardware: P-NUCLEO-IHM03.json
2025-01-06 22:57:43,722 INFO  [APIHelpers.getFamilyHardwareUserData] WB6 API: Start loading kit from: C:\Users\abina\.st_workbench\hardware\board\kit
2025-01-06 22:57:43,748 INFO  [APIHelpers.load_json_hw] WB6 API: loading assets Hardware: B-G431B-ESC1.json
2025-01-06 22:57:43,750 INFO  [APIHelpers.lambda$load_json_hw$6] WB6 API: successfully parsed assets Hardware: B-G431B-ESC1.json
2025-01-06 22:57:43,751 INFO  [APIHelpers.load_json_hw] WB6 API: loading assets Hardware: EVLDRIVE101-HPD.json
2025-01-06 22:57:43,753 INFO  [APIHelpers.lambda$load_json_hw$6] WB6 API: successfully parsed assets Hardware: EVLDRIVE101-HPD.json
2025-01-06 22:57:43,753 INFO  [APIHelpers.load_json_hw] WB6 API: loading assets Hardware: EVLSPIN32G4-ACT.json
2025-01-06 22:57:43,754 INFO  [APIHelpers.lambda$load_json_hw$6] WB6 API: successfully parsed assets Hardware: EVLSPIN32G4-ACT.json
2025-01-06 22:57:43,754 INFO  [APIHelpers.load_json_hw] WB6 API: loading assets Hardware: EVSPIN32F0251S1.json
2025-01-06 22:57:43,756 INFO  [APIHelpers.lambda$load_json_hw$6] WB6 API: successfully parsed assets Hardware: EVSPIN32F0251S1.json
2025-01-06 22:57:43,756 INFO  [APIHelpers.load_json_hw] WB6 API: loading assets Hardware: EVSPIN32F02Q1S1.json
2025-01-06 22:57:43,757 INFO  [APIHelpers.lambda$load_json_hw$6] WB6 API: successfully parsed assets Hardware: EVSPIN32F02Q1S1.json
2025-01-06 22:57:43,757 INFO  [APIHelpers.load_json_hw] WB6 API: loading assets Hardware: EVSPIN32F0601S1.json
2025-01-06 22:57:43,760 INFO  [APIHelpers.lambda$load_json_hw$6] WB6 API: successfully parsed assets Hardware: EVSPIN32F0601S1.json
2025-01-06 22:57:43,760 INFO  [APIHelpers.load_json_hw] WB6 API: loading assets Hardware: EVSPIN32F0601S3.json
2025-01-06 22:57:43,762 INFO  [APIHelpers.lambda$load_json_hw$6] WB6 API: successfully parsed assets Hardware: EVSPIN32F0601S3.json
2025-01-06 22:57:43,762 INFO  [APIHelpers.load_json_hw] WB6 API: loading assets Hardware: EVSPIN32F0602S1.json
2025-01-06 22:57:43,764 INFO  [APIHelpers.lambda$load_json_hw$6] WB6 API: successfully parsed assets Hardware: EVSPIN32F0602S1.json
2025-01-06 22:57:43,764 INFO  [APIHelpers.load_json_hw] WB6 API: loading assets Hardware: EVSPIN32F06Q1S1.json
2025-01-06 22:57:43,765 INFO  [APIHelpers.lambda$load_json_hw$6] WB6 API: successfully parsed assets Hardware: EVSPIN32F06Q1S1.json
2025-01-06 22:57:43,765 INFO  [APIHelpers.load_json_hw] WB6 API: loading assets Hardware: EVSPIN32F06Q1S3.json
2025-01-06 22:57:43,767 INFO  [APIHelpers.lambda$load_json_hw$6] WB6 API: successfully parsed assets Hardware: EVSPIN32F06Q1S3.json
2025-01-06 22:57:43,767 INFO  [APIHelpers.load_json_hw] WB6 API: loading assets Hardware: EVSPIN32F06Q2S1.json
2025-01-06 22:57:43,768 INFO  [APIHelpers.lambda$load_json_hw$6] WB6 API: successfully parsed assets Hardware: EVSPIN32F06Q2S1.json
2025-01-06 22:57:43,768 INFO  [APIHelpers.load_json_hw] WB6 API: loading assets Hardware: EVSPIN32G02Q1S1.json
2025-01-06 22:57:43,770 INFO  [APIHelpers.lambda$load_json_hw$6] WB6 API: successfully parsed assets Hardware: EVSPIN32G02Q1S1.json
2025-01-06 22:57:43,770 INFO  [APIHelpers.load_json_hw] WB6 API: loading assets Hardware: EVSPIN32G06Q1S1.json
2025-01-06 22:57:43,771 INFO  [APIHelpers.lambda$load_json_hw$6] WB6 API: successfully parsed assets Hardware: EVSPIN32G06Q1S1.json
2025-01-06 22:57:43,771 INFO  [APIHelpers.load_json_hw] WB6 API: loading assets Hardware: EVSPIN32G06Q1S3.json
2025-01-06 22:57:43,773 INFO  [APIHelpers.lambda$load_json_hw$6] WB6 API: successfully parsed assets Hardware: EVSPIN32G06Q1S3.json
2025-01-06 22:57:43,773 INFO  [APIHelpers.load_json_hw] WB6 API: loading assets Hardware: EVSPIN32G06Q2S1.json
2025-01-06 22:57:43,775 INFO  [APIHelpers.lambda$load_json_hw$6] WB6 API: successfully parsed assets Hardware: EVSPIN32G06Q2S1.json
2025-01-06 22:57:43,776 INFO  [APIHelpers.load_json_hw] WB6 API: loading assets Hardware: EVSPIN32G4-DUAL.json
2025-01-06 22:57:43,778 INFO  [APIHelpers.lambda$load_json_hw$6] WB6 API: successfully parsed assets Hardware: EVSPIN32G4-DUAL.json
2025-01-06 22:57:43,778 INFO  [APIHelpers.load_json_hw] WB6 API: loading assets Hardware: EVSPIN32G4.json
2025-01-06 22:57:43,780 INFO  [APIHelpers.lambda$load_json_hw$6] WB6 API: successfully parsed assets Hardware: EVSPIN32G4.json
2025-01-06 22:57:43,780 INFO  [APIHelpers.load_json_hw] WB6 API: loading assets Hardware: STEVAL-CTM010V1.json
2025-01-06 22:57:43,781 INFO  [APIHelpers.lambda$load_json_hw$6] WB6 API: successfully parsed assets Hardware: STEVAL-CTM010V1.json
2025-01-06 22:57:43,782 INFO  [APIHelpers.load_json_hw] WB6 API: loading assets Hardware: STEVAL-ESC001V1.json
2025-01-06 22:57:43,783 INFO  [APIHelpers.lambda$load_json_hw$6] WB6 API: successfully parsed assets Hardware: STEVAL-ESC001V1.json
2025-01-06 22:57:43,783 INFO  [APIHelpers.load_json_hw] WB6 API: loading assets Hardware: STEVAL-IHM042V1.json
2025-01-06 22:57:43,784 INFO  [APIHelpers.lambda$load_json_hw$6] WB6 API: successfully parsed assets Hardware: STEVAL-IHM042V1.json
2025-01-06 22:57:43,785 INFO  [APIHelpers.load_json_hw] WB6 API: loading assets Hardware: STEVAL-SPIN3201.json
2025-01-06 22:57:43,786 INFO  [APIHelpers.lambda$load_json_hw$6] WB6 API: successfully parsed assets Hardware: STEVAL-SPIN3201.json
2025-01-06 22:57:43,786 INFO  [APIHelpers.load_json_hw] WB6 API: loading assets Hardware: STEVAL-SPIN3202.json
2025-01-06 22:57:43,787 INFO  [APIHelpers.lambda$load_json_hw$6] WB6 API: successfully parsed assets Hardware: STEVAL-SPIN3202.json
2025-01-06 22:57:43,787 INFO  [APIHelpers.load_json_hw] WB6 API: loading assets Hardware: STEVAL-SPIN3204.json
2025-01-06 22:57:43,788 INFO  [APIHelpers.lambda$load_json_hw$6] WB6 API: successfully parsed assets Hardware: STEVAL-SPIN3204.json
2025-01-06 22:57:43,789 INFO  [APIHelpers.getFamilyHardwareUserData] WB6 API: Start loading inverter from: C:\Users\abina\.st_workbench\hardware\board\inverter
2025-01-06 22:57:43,789 INFO  [APIHelpers.load_json_hw_user] WB6 API: loading Json User Hardware: HyperDriveSTM_GENERATED_INVERTER_CONFIG.json
2025-01-06 22:57:43,789 INFO  [APIHelpers.load_json_hw] WB6 API: loading assets Hardware: X-NUCLEO-IHM09M1.json
2025-01-06 22:57:43,791 INFO  [APIHelpers.lambda$load_json_hw$6] WB6 API: successfully parsed assets Hardware: X-NUCLEO-IHM09M1.json
2025-01-06 22:57:43,791 INFO  [APIHelpers.load_json_hw] WB6 API: loading assets Hardware: X-NUCLEO-IHM09M2.json
2025-01-06 22:57:43,793 INFO  [APIHelpers.lambda$load_json_hw_user$9] WB6 API: successfully parsed User Hardware: HyperDriveSTM_GENERATED_INVERTER_CONFIG.json
2025-01-06 22:57:43,793 INFO  [APIHelpers.lambda$load_json_hw$6] WB6 API: successfully parsed assets Hardware: X-NUCLEO-IHM09M2.json
2025-01-06 22:57:43,794 INFO  [APIHelpers.getFamilyHardwareUserData] WB6 API: Start loading adapter from: C:\Users\abina\.st_workbench\hardware\board\adapter
2025-01-06 22:59:12,340 DEBUG [RetrieveFirmwareVersion.from_zip] Trying to read Firmware version from zipped version Pack: C:\Program Files (x86)\STMicroelectronics\MC_SDK_6.3.0\Utilities\PC_Software\STMCWB\assets\MotorControlPack\MotorControl.zip
2025-01-06 22:59:12,352 DEBUG [RetrieveFirmwareVersion.minimum_supporte_version] minimum_supporte_version MotorControlFirmware.Version: 6.3.0
2025-01-06 22:59:12,352 DEBUG [PackInfoFactory.deploy_MCPack_to_MxRepo] Deployment strategy class: VersionedFolderStyle_MCPackDeployer
2025-01-06 22:59:12,352 DEBUG [PackInfoFactory.deploy_MCPack_to_MxRepo] Expected MC Pack 6.3.0-Full already deployed
2025-01-06 22:59:24,234 DEBUG [WB_to_MX.lambda$run_gui_mode$0] Arguments: [-mx_timeout, -1, -pack, assets/MotorControlPack/MotorControl.zip, -exp, templates/wb-defines_where_and_what.txt, -ftl, templates/wb_ioc_template.ftl, -xdm, C:\Users\abina\.st_workbench\projects\hg\hg.wbdef, -ioc, C:\Users\abina\.st_workbench\projects\hg\hg.ioc]
2025-01-06 22:59:24,235 DEBUG [ArgsValue.lambda$retrieve$2] CLI_ARG[ftl]: templates/wb_ioc_template.ftl
2025-01-06 22:59:24,235 DEBUG [ArgsValue.lambda$retrieve$2] CLI_ARG[exp]: templates/wb-defines_where_and_what.txt
2025-01-06 22:59:24,235 DEBUG [ArgsValue.lambda$retrieve$2] CLI_ARG[xdm]: C:\Users\abina\.st_workbench\projects\hg\hg.wbdef
2025-01-06 22:59:24,235 DEBUG [ArgsValue.lambda$retrieve$2] CLI_ARG[ioc]: C:\Users\abina\.st_workbench\projects\hg\hg.ioc
2025-01-06 22:59:24,235 DEBUG [ArgsValue.lambda$retrieve$2] CLI_ARG[pack]: assets/MotorControlPack/MotorControl.zip
2025-01-06 22:59:24,235 DEBUG [ArgsValue.lambda$retrieve$2] CLI_ARG[mx_timeout]: -1
2025-01-06 22:59:24,235 DEBUG [ArgsValue.retrieve] {xdm=C:\Users\abina\.st_workbench\projects\hg\hg.wbdef, updftl=templates/wb_ioc_mc-middleware.ftl, mx_timeout=-1, exp=templates/wb-defines_where_and_what.txt, ioc=C:\Users\abina\.st_workbench\projects\hg\hg.ioc, pack=assets/MotorControlPack/MotorControl.zip, ftl=templates/wb_ioc_template.ftl}
2025-01-06 22:59:24,242 DEBUG [WB_to_MX.run] Targeted MCU family = G4
2025-01-06 22:59:24,242 DEBUG [WB_to_MX.run] Minimum associated CubeMx to the `6.0.0-a0` targeted MCU family is `G4`
2025-01-06 22:59:30,262 DEBUG [EnvironmentChecker.checkPack] STM32CubeMX.Version: 6.12.1-RC4
2025-01-06 22:59:30,263 DEBUG [RetrieveFirmwareVersion.from_zip] Trying to read Firmware version from zipped version Pack: C:\Program Files (x86)\STMicroelectronics\MC_SDK_6.3.0\Utilities\PC_Software\STMCWB\assets\MotorControlPack\MotorControl.zip
2025-01-06 22:59:30,271 DEBUG [RetrieveFirmwareVersion.minimum_supporte_version] minimum_supporte_version MotorControlFirmware.Version: 6.3.0
2025-01-06 22:59:30,271 DEBUG [PackInfoFactory.deploy_MCPack_to_MxRepo] Deployment strategy class: VersionedFolderStyle_MCPackDeployer
2025-01-06 22:59:30,272 DEBUG [PackInfoFactory.deploy_MCPack_to_MxRepo] Expected MC Pack 6.3.0-Full already deployed
2025-01-06 22:59:30,277 DEBUG [DataSetUpdater.update] Updating data set
2025-01-06 22:59:30,277 DEBUG [DataSetUpdater.update] Update done
2025-01-06 22:59:30,278 INFO  [IocGenerator.logModulesVersionInfo] Version info: 
2025-01-06 22:59:30,278 INFO  [IocGenerator.logModulesVersionInfo]   MC Workbench       : 6.3.0
2025-01-06 22:59:30,278 INFO  [IocGenerator.logModulesVersionInfo]   WB_to_Mx           : 6.2.3.template-24-04-17
2025-01-06 22:59:30,278 INFO  [IocGenerator.logModulesVersionInfo]   STM32CubeMX        : 6.12.1
2025-01-06 22:59:30,278 INFO  [IocGenerator.logModulesVersionInfo]   MC Firmware Library: 6.3.0-Full
2025-01-06 22:59:30,278 INFO  [IocGenerator.logModulesVersionInfo] 
Generation options: 
2025-01-06 22:59:30,278 INFO  [IocGenerator.logModulesVersionInfo]   Target Toolchain   : ST STM32CubeIDE
2025-01-06 22:59:30,279 INFO  [IocGenerator.logModulesVersionInfo]   Target Driver      : HAL - Hardware Abstraction Layer
2025-01-06 22:59:30,279 INFO  [IocGenerator.logModulesVersionInfo]   Target STM32 FW    : 1.5.2

2025-01-06 22:59:30,279 DEBUG [IocGenerator.process] C:\Users\abina\.st_workbench\projects\hg\hg.ioc ioc file: Generating
2025-01-06 22:59:30,279 DEBUG [IocGenerator.createOutput] Generating file from template templates\wb_ioc_template.ftl
2025-01-06 22:59:30,856 DEBUG [IocGenerator.process] ioc file C:\Users\abina\.st_workbench\projects\hg\hg.ioc Generated
2025-01-06 22:59:30,856 INFO  [LineInfo_to_exitCode.log_LineInfo] C:\Users\abina\.st_workbench\projects\hg\hg.ioc ioc: Generated
2025-01-06 22:59:30,883 INFO  [Wb2MxProcess.lambda$copyFolder$e7a869af$1] Folder Copied: C:\Users\abina\.st_workbench\projects\hg\ftl
2025-01-06 22:59:30,886 INFO  [extSettings.lambda$writeContentToFile$f5919002$1] Generated C:\Users\abina\.st_workbench\projects\hg\.extSettings
2025-01-06 22:59:30,888 INFO  [Wb2MxProcess.lambda$run$$20] 
Started STM32CubeMX for final c-code generation
2025-01-06 22:59:30,889 DEBUG [CubeMxRunner.create_code_generation_script_for] Generated CubeMx script file: C:\Users\abina\AppData\Local\Temp\WB_to_Mx-hg-12554935654852578955.script
2025-01-06 22:59:31,469 DEBUG [LineInfo_to_exitCode.log_LineInfo] 2025-01-06 22:59:31,468 [INFO] MicroXplorer:98 - [MX] MX Start == 1320832610710100
2025-01-06 22:59:31,470 DEBUG [LineInfo_to_exitCode.log_LineInfo] 2025-01-06 22:59:31,470 [INFO] MicroXplorer:653 - Detected Java Version = 17.0.11
2025-01-06 22:59:31,471 DEBUG [LineInfo_to_exitCode.log_LineInfo] 2025-01-06 22:59:31,471 [INFO] ApplicationProperties:184 - Using Application install path: C:\Program Files\STMicroelectronics\STM32Cube\STM32CubeMX
2025-01-06 22:59:31,484 DEBUG [LineInfo_to_exitCode.log_LineInfo] 2025-01-06 22:59:31,483 [INFO] DbMcusXml:78 - Set database path to: C:\Program Files\STMicroelectronics\STM32Cube\STM32CubeMX\\db\/mcu/
2025-01-06 22:59:31,484 DEBUG [LineInfo_to_exitCode.log_LineInfo] 2025-01-06 22:59:31,484 [INFO] ApiDb:274 - Set plugin database path to: C:\Program Files\STMicroelectronics\STM32Cube\STM32CubeMX\\db\/plugins/boardmanager/
2025-01-06 22:59:31,486 DEBUG [LineInfo_to_exitCode.log_LineInfo] 2025-01-06 22:59:31,486 [INFO] McuFinderGlobals:63 - Set McuFinder mode to 1 (CubeMX integrated)
2025-01-06 22:59:31,497 DEBUG [LineInfo_to_exitCode.log_LineInfo] 2025-01-06 22:59:31,497 [INFO] ApiDb:250 - Set database path to: C:\Users\abina\.stmcufinder\plugins\mcufinder//mcu/
2025-01-06 22:59:31,498 DEBUG [LineInfo_to_exitCode.log_LineInfo] 2025-01-06 22:59:31,498 [INFO] DbMcusAds:125 - Set database path to: C:\Users\abina\.stmcufinder\plugins\mcufinder//mcu/
2025-01-06 22:59:31,503 DEBUG [LineInfo_to_exitCode.log_LineInfo] 2025-01-06 22:59:31,503 [INFO] CrossReferenceDbSqlite:203 - Set database path to: C:\Users\abina\.stmcufinder\plugins\mcufinder//mcu/cs/
2025-01-06 22:59:31,601 DEBUG [LineInfo_to_exitCode.log_LineInfo] 2025-01-06 22:59:31,600 [INFO] RulesReader:64 - Compatibility file has been processed (297 Rules)
2025-01-06 22:59:31,618 DEBUG [LineInfo_to_exitCode.log_LineInfo] 2025-01-06 22:59:31,618 [INFO] STM32CubeMX:60 - Starting STM32CubeMX
2025-01-06 22:59:32,014 DEBUG [LineInfo_to_exitCode.log_LineInfo] 2025-01-06 22:59:32,013 [INFO] MainPanel:268 - HeapMemory: 50331648
2025-01-06 22:59:32,197 DEBUG [LineInfo_to_exitCode.log_LineInfo] 2025-01-06 22:59:32,197 [INFO] DbMcusXml:78 - Set database path to: C:\Program Files\STMicroelectronics\STM32Cube\STM32CubeMX\\db\/mcu/
2025-01-06 22:59:32,197 DEBUG [LineInfo_to_exitCode.log_LineInfo] 2025-01-06 22:59:32,197 [INFO] ApiDb:274 - Set plugin database path to: C:\Program Files\STMicroelectronics\STM32Cube\STM32CubeMX\\db\/plugins/boardmanager/
2025-01-06 22:59:32,197 DEBUG [LineInfo_to_exitCode.log_LineInfo] 2025-01-06 22:59:32,197 [INFO] ApiDb:261 - Set plugin images path to: C:\Program Files\STMicroelectronics\STM32Cube\STM32CubeMX\\db\/plugins/mcufinder/images/
2025-01-06 22:59:32,198 DEBUG [LineInfo_to_exitCode.log_LineInfo] 2025-01-06 22:59:32,198 [INFO] ApiDb:250 - Set database path to: C:\Users\abina\.stmcufinder\plugins\mcufinder//mcu/
2025-01-06 22:59:32,198 DEBUG [LineInfo_to_exitCode.log_LineInfo] 2025-01-06 22:59:32,198 [INFO] DbMcusAds:125 - Set database path to: C:\Users\abina\.stmcufinder\plugins\mcufinder//mcu/
2025-01-06 22:59:32,199 DEBUG [LineInfo_to_exitCode.log_LineInfo] 2025-01-06 22:59:32,199 [INFO] CrossReferenceDbSqlite:203 - Set database path to: C:\Users\abina\.stmcufinder\plugins\mcufinder//mcu/cs/
2025-01-06 22:59:32,213 DEBUG [LineInfo_to_exitCode.log_LineInfo] 2025-01-06 22:59:32,213 [INFO] ApplicationProperties:184 - Using Application install path: C:\Program Files\STMicroelectronics\STM32Cube\STM32CubeMX
2025-01-06 22:59:32,214 DEBUG [LineInfo_to_exitCode.log_LineInfo] 2025-01-06 22:59:32,214 [INFO] PluginManage:196 - Search for loadable plugins [exclusion list=, ]
2025-01-06 22:59:32,216 DEBUG [LineInfo_to_exitCode.log_LineInfo] 2025-01-06 22:59:32,215 [INFO] PluginManage:310 - Check plugin analytics
2025-01-06 22:59:36,990 DEBUG [LineInfo_to_exitCode.log_LineInfo] 2025-01-06 22:59:36,990 [INFO] AnalyticsPlugin:253 - Accepted Software Licenses: STM32CubeMX.6.8.1,STM32CubeMX.6.10.0,STM32CubeMX.6.11.1,STM32CubeMX.6.12.1
2025-01-06 22:59:36,991 DEBUG [LineInfo_to_exitCode.log_LineInfo] 2025-01-06 22:59:36,990 [INFO] AnalyticsPlugin:255 - Accepted CMSIS Pack Licenses: 
2025-01-06 22:59:36,991 DEBUG [LineInfo_to_exitCode.log_LineInfo] 2025-01-06 22:59:36,991 [INFO] AnalyticsPlugin:257 - Accepted Firmware Licenses: FW.F7.1.17.0,FW.H7.1.11.0,FW.L4.1.18.0,FW.G4.1.6.0,FW.G4.1.5.0
2025-01-06 22:59:36,995 DEBUG [LineInfo_to_exitCode.log_LineInfo] 2025-01-06 22:59:36,995 [INFO] PluginManage:359 - Loaded plugin analytics (category:tool,tabindex:-1)
2025-01-06 22:59:36,995 DEBUG [LineInfo_to_exitCode.log_LineInfo] 2025-01-06 22:59:36,995 [INFO] PluginManage:310 - Check plugin cadmodel
2025-01-06 22:59:37,019 DEBUG [LineInfo_to_exitCode.log_LineInfo] 2025-01-06 22:59:37,019 [INFO] CADModel:105 - Init CAD model plugin
2025-01-06 22:59:37,019 DEBUG [LineInfo_to_exitCode.log_LineInfo] 2025-01-06 22:59:37,019 [INFO] PluginManage:359 - Loaded plugin cadmodel (category:power,tabindex:5)
2025-01-06 22:59:37,020 DEBUG [LineInfo_to_exitCode.log_LineInfo] 2025-01-06 22:59:37,019 [INFO] PluginManage:310 - Check plugin clock
2025-01-06 22:59:37,024 DEBUG [LineInfo_to_exitCode.log_LineInfo] 2025-01-06 22:59:37,024 [INFO] PluginManage:359 - Loaded plugin clock (category:base,tabindex:2)
2025-01-06 22:59:37,025 DEBUG [LineInfo_to_exitCode.log_LineInfo] 2025-01-06 22:59:37,025 [INFO] PluginManage:310 - Check plugin ddr
2025-01-06 22:59:37,029 DEBUG [LineInfo_to_exitCode.log_LineInfo] 2025-01-06 22:59:37,028 [INFO] PluginManage:359 - Loaded plugin ddr (category:tool,tabindex:6)
2025-01-06 22:59:37,029 DEBUG [LineInfo_to_exitCode.log_LineInfo] 2025-01-06 22:59:37,029 [INFO] PluginManage:310 - Check plugin filemanager
2025-01-06 22:59:37,147 DEBUG [LineInfo_to_exitCode.log_LineInfo] 2025-01-06 22:59:37,147 [INFO] PluginManage:359 - Loaded plugin filemanager (category:base,tabindex:10)
2025-01-06 22:59:37,147 DEBUG [LineInfo_to_exitCode.log_LineInfo] 2025-01-06 22:59:37,147 [INFO] PluginManage:310 - Check plugin ipmanager
2025-01-06 22:59:37,154 DEBUG [LineInfo_to_exitCode.log_LineInfo] 2025-01-06 22:59:37,154 [INFO] PluginManage:359 - Loaded plugin ipmanager (category:base,tabindex:5)
2025-01-06 22:59:37,154 DEBUG [LineInfo_to_exitCode.log_LineInfo] 2025-01-06 22:59:37,154 [INFO] PluginManage:310 - Check plugin lpbam
2025-01-06 22:59:37,161 DEBUG [LineInfo_to_exitCode.log_LineInfo] 2025-01-06 22:59:37,161 [INFO] PluginManage:359 - Loaded plugin lpbam (category:base,tabindex:0)
2025-01-06 22:59:37,161 DEBUG [LineInfo_to_exitCode.log_LineInfo] 2025-01-06 22:59:37,161 [INFO] PluginManage:310 - Check plugin memorymap
2025-01-06 22:59:37,169 DEBUG [LineInfo_to_exitCode.log_LineInfo] 2025-01-06 22:59:37,169 [INFO] PluginManage:359 - Loaded plugin memorymap (category:base,tabindex:4)
2025-01-06 22:59:37,169 DEBUG [LineInfo_to_exitCode.log_LineInfo] 2025-01-06 22:59:37,169 [INFO] PluginManage:310 - Check plugin pinoutandconfiguration
2025-01-06 22:59:37,174 DEBUG [LineInfo_to_exitCode.log_LineInfo] 2025-01-06 22:59:37,174 [INFO] PluginManage:359 - Loaded plugin pinoutandconfiguration (category:base,tabindex:1)
2025-01-06 22:59:37,174 DEBUG [LineInfo_to_exitCode.log_LineInfo] 2025-01-06 22:59:37,174 [INFO] PluginManage:310 - Check plugin pinoutconfig
2025-01-06 22:59:37,387 DEBUG [LineInfo_to_exitCode.log_LineInfo] 2025-01-06 22:59:37,387 [INFO] PluginManage:359 - Loaded plugin pinoutconfig (category:base,tabindex:0)
2025-01-06 22:59:37,388 DEBUG [LineInfo_to_exitCode.log_LineInfo] 2025-01-06 22:59:37,387 [INFO] PluginManage:310 - Check plugin power
2025-01-06 22:59:37,395 DEBUG [LineInfo_to_exitCode.log_LineInfo] 2025-01-06 22:59:37,394 [INFO] PluginManage:359 - Loaded plugin power (category:power,tabindex:4)
2025-01-06 22:59:37,395 DEBUG [LineInfo_to_exitCode.log_LineInfo] 2025-01-06 22:59:37,395 [INFO] PluginManage:310 - Check plugin projectmanager
2025-01-06 22:59:37,449 DEBUG [LineInfo_to_exitCode.log_LineInfo] 2025-01-06 22:59:37,449 [INFO] PluginManage:359 - Loaded plugin projectmanager (category:projectmanager,tabindex:4)
2025-01-06 22:59:37,450 DEBUG [LineInfo_to_exitCode.log_LineInfo] 2025-01-06 22:59:37,449 [INFO] PluginManage:310 - Check plugin rif
2025-01-06 22:59:37,453 DEBUG [LineInfo_to_exitCode.log_LineInfo] 2025-01-06 22:59:37,453 [INFO] PluginManage:359 - Loaded plugin rif (category:base,tabindex:3)
2025-01-06 22:59:37,453 DEBUG [LineInfo_to_exitCode.log_LineInfo] 2025-01-06 22:59:37,453 [INFO] PluginManage:310 - Check plugin thirdparty
2025-01-06 22:59:37,572 DEBUG [LineInfo_to_exitCode.log_LineInfo] 2025-01-06 22:59:37,572 [INFO] PluginManage:359 - Loaded plugin thirdparty (category:base,tabindex:-1)
2025-01-06 22:59:37,572 DEBUG [LineInfo_to_exitCode.log_LineInfo] 2025-01-06 22:59:37,572 [INFO] PluginManage:310 - Check plugin tools
2025-01-06 22:59:37,572 DEBUG [LineInfo_to_exitCode.log_LineInfo] 2025-01-06 22:59:37,572 [INFO] IntegrityCheckThread:86 - entering critical section [integrity check]
2025-01-06 22:59:37,573 DEBUG [LineInfo_to_exitCode.log_LineInfo] 2025-01-06 22:59:37,573 [INFO] ThirdPartyUpdaterWithRetryManager:70 - Updater plugin not ready yet. [1/15]
2025-01-06 22:59:37,575 DEBUG [LineInfo_to_exitCode.log_LineInfo] 2025-01-06 22:59:37,574 [INFO] PluginManage:359 - Loaded plugin tools (category:base,tabindex:7)
2025-01-06 22:59:37,576 DEBUG [LineInfo_to_exitCode.log_LineInfo] 2025-01-06 22:59:37,575 [INFO] PluginManage:310 - Check plugin tutovideos
2025-01-06 22:59:37,717 DEBUG [LineInfo_to_exitCode.log_LineInfo] 2025-01-06 22:59:37,717 [INFO] PluginManage:359 - Loaded plugin tutovideos (category:base,tabindex:-1)
2025-01-06 22:59:37,717 DEBUG [LineInfo_to_exitCode.log_LineInfo] 2025-01-06 22:59:37,717 [INFO] PluginManage:310 - Check plugin updater
2025-01-06 22:59:37,732 DEBUG [LineInfo_to_exitCode.log_LineInfo] 2025-01-06 22:59:37,732 [INFO] PluginManage:359 - Loaded plugin updater (category:base,tabindex:12)
2025-01-06 22:59:37,732 DEBUG [LineInfo_to_exitCode.log_LineInfo] 2025-01-06 22:59:37,732 [INFO] PluginManage:310 - Check plugin userauth
2025-01-06 22:59:37,738 DEBUG [LineInfo_to_exitCode.log_LineInfo] 2025-01-06 22:59:37,737 [INFO] UserAuth:113 - Init User Auth plugin
2025-01-06 22:59:37,738 DEBUG [LineInfo_to_exitCode.log_LineInfo] 2025-01-06 22:59:37,737 [INFO] PluginManage:359 - Loaded plugin userauth (category:base,tabindex:14)
2025-01-06 22:59:37,738 DEBUG [LineInfo_to_exitCode.log_LineInfo] 2025-01-06 22:59:37,738 [INFO] PluginManage:283 - PluginManage : Loaded plugins [18]
2025-01-06 22:59:37,950 DEBUG [LineInfo_to_exitCode.log_LineInfo] 2025-01-06 22:59:37,950 [INFO] PinOutPanel:1561 - setPackage(No Configuration,No Configuration)
2025-01-06 22:59:38,071 DEBUG [LineInfo_to_exitCode.log_LineInfo] 2025-01-06 22:59:38,070 [INFO] CADModel:165 - CPN selected for project level
2025-01-06 22:59:38,071 DEBUG [LineInfo_to_exitCode.log_LineInfo] 2025-01-06 22:59:38,070 [INFO] CADModel:114 - Register for checkConnection events
2025-01-06 22:59:38,112 DEBUG [LineInfo_to_exitCode.log_LineInfo] 2025-01-06 22:59:38,111 [INFO] IPUIPlugin:80 - create IPUIPlugin
2025-01-06 22:59:38,112 DEBUG [LineInfo_to_exitCode.log_LineInfo] 2025-01-06 22:59:38,111 [INFO] PluginManager:220 - loadIPPluginJar : add adc
2025-01-06 22:59:38,117 DEBUG [LineInfo_to_exitCode.log_LineInfo] 2025-01-06 22:59:38,117 [INFO] IPUIPlugin:80 - create IPUIPlugin
2025-01-06 22:59:38,117 DEBUG [LineInfo_to_exitCode.log_LineInfo] 2025-01-06 22:59:38,117 [INFO] PluginManager:220 - loadIPPluginJar : add aes
2025-01-06 22:59:38,121 DEBUG [LineInfo_to_exitCode.log_LineInfo] 2025-01-06 22:59:38,121 [INFO] IPUIPlugin:80 - create IPUIPlugin
2025-01-06 22:59:38,122 DEBUG [LineInfo_to_exitCode.log_LineInfo] 2025-01-06 22:59:38,121 [INFO] PluginManager:220 - loadIPPluginJar : add can
2025-01-06 22:59:38,129 DEBUG [LineInfo_to_exitCode.log_LineInfo] 2025-01-06 22:59:38,128 [INFO] IPUIPlugin:80 - create IPUIPlugin
2025-01-06 22:59:38,129 DEBUG [LineInfo_to_exitCode.log_LineInfo] 2025-01-06 22:59:38,128 [INFO] PluginManager:220 - loadIPPluginJar : add comp
2025-01-06 22:59:38,136 DEBUG [LineInfo_to_exitCode.log_LineInfo] 2025-01-06 22:59:38,134 [INFO] IPUIPlugin:80 - create IPUIPlugin
2025-01-06 22:59:38,136 DEBUG [LineInfo_to_exitCode.log_LineInfo] 2025-01-06 22:59:38,134 [INFO] PluginManager:220 - loadIPPluginJar : add cryp
2025-01-06 22:59:38,141 DEBUG [LineInfo_to_exitCode.log_LineInfo] 2025-01-06 22:59:38,140 [INFO] IPUIPlugin:80 - create IPUIPlugin
2025-01-06 22:59:38,143 DEBUG [LineInfo_to_exitCode.log_LineInfo] 2025-01-06 22:59:38,142 [INFO] PluginManager:220 - loadIPPluginJar : add ddr_ctrl_phy
2025-01-06 22:59:38,146 DEBUG [LineInfo_to_exitCode.log_LineInfo] 2025-01-06 22:59:38,145 [INFO] IPUIPlugin:80 - create IPUIPlugin
2025-01-06 22:59:38,146 DEBUG [LineInfo_to_exitCode.log_LineInfo] 2025-01-06 22:59:38,146 [INFO] PluginManager:220 - loadIPPluginJar : add dfsdm
2025-01-06 22:59:38,153 DEBUG [LineInfo_to_exitCode.log_LineInfo] 2025-01-06 22:59:38,152 [INFO] IPUIPlugin:80 - create IPUIPlugin
2025-01-06 22:59:38,154 DEBUG [LineInfo_to_exitCode.log_LineInfo] 2025-01-06 22:59:38,153 [INFO] PluginManager:220 - loadIPPluginJar : add dma
2025-01-06 22:59:38,162 DEBUG [LineInfo_to_exitCode.log_LineInfo] 2025-01-06 22:59:38,160 [INFO] IPUIPlugin:80 - create IPUIPlugin
2025-01-06 22:59:38,162 DEBUG [LineInfo_to_exitCode.log_LineInfo] 2025-01-06 22:59:38,161 [INFO] PluginManager:220 - loadIPPluginJar : add dma3
2025-01-06 22:59:38,165 DEBUG [LineInfo_to_exitCode.log_LineInfo] 2025-01-06 22:59:38,164 [INFO] IPUIPlugin:80 - create IPUIPlugin
2025-01-06 22:59:38,165 DEBUG [LineInfo_to_exitCode.log_LineInfo] 2025-01-06 22:59:38,165 [INFO] PluginManager:220 - loadIPPluginJar : add extmemmanager
2025-01-06 22:59:38,167 DEBUG [LineInfo_to_exitCode.log_LineInfo] 2025-01-06 22:59:38,167 [INFO] IPUIPlugin:80 - create IPUIPlugin
2025-01-06 22:59:38,167 DEBUG [LineInfo_to_exitCode.log_LineInfo] 2025-01-06 22:59:38,167 [INFO] PluginManager:220 - loadIPPluginJar : add fatfs
2025-01-06 22:59:38,172 DEBUG [LineInfo_to_exitCode.log_LineInfo] 2025-01-06 22:59:38,171 [INFO] IPUIPlugin:80 - create IPUIPlugin
2025-01-06 22:59:38,172 DEBUG [LineInfo_to_exitCode.log_LineInfo] 2025-01-06 22:59:38,172 [INFO] PluginManager:220 - loadIPPluginJar : add fmc
2025-01-06 22:59:38,179 DEBUG [LineInfo_to_exitCode.log_LineInfo] 2025-01-06 22:59:38,178 [INFO] IPUIPlugin:80 - create IPUIPlugin
2025-01-06 22:59:38,179 DEBUG [LineInfo_to_exitCode.log_LineInfo] 2025-01-06 22:59:38,179 [INFO] PluginManager:220 - loadIPPluginJar : add freertos
2025-01-06 22:59:38,182 DEBUG [LineInfo_to_exitCode.log_LineInfo] 2025-01-06 22:59:38,182 [INFO] IPUIPlugin:80 - create IPUIPlugin
2025-01-06 22:59:38,182 DEBUG [LineInfo_to_exitCode.log_LineInfo] 2025-01-06 22:59:38,182 [INFO] PluginManager:220 - loadIPPluginJar : add genericplugin
2025-01-06 22:59:38,185 DEBUG [LineInfo_to_exitCode.log_LineInfo] 2025-01-06 22:59:38,184 [INFO] IPUIPlugin:80 - create IPUIPlugin
2025-01-06 22:59:38,185 DEBUG [LineInfo_to_exitCode.log_LineInfo] 2025-01-06 22:59:38,185 [INFO] PluginManager:220 - loadIPPluginJar : add gfxmmu
2025-01-06 22:59:38,190 DEBUG [LineInfo_to_exitCode.log_LineInfo] 2025-01-06 22:59:38,189 [INFO] IPUIPlugin:80 - create IPUIPlugin
2025-01-06 22:59:38,190 DEBUG [LineInfo_to_exitCode.log_LineInfo] 2025-01-06 22:59:38,190 [INFO] PluginManager:220 - loadIPPluginJar : add gic
2025-01-06 22:59:38,196 DEBUG [LineInfo_to_exitCode.log_LineInfo] 2025-01-06 22:59:38,196 [INFO] IPUIPlugin:80 - create IPUIPlugin
2025-01-06 22:59:38,196 DEBUG [LineInfo_to_exitCode.log_LineInfo] 2025-01-06 22:59:38,196 [INFO] PluginManager:220 - loadIPPluginJar : add gpio
2025-01-06 22:59:38,199 DEBUG [LineInfo_to_exitCode.log_LineInfo] 2025-01-06 22:59:38,199 [INFO] IPUIPlugin:80 - create IPUIPlugin
2025-01-06 22:59:38,200 DEBUG [LineInfo_to_exitCode.log_LineInfo] 2025-01-06 22:59:38,199 [INFO] PluginManager:220 - loadIPPluginJar : add gtzc
2025-01-06 22:59:38,202 DEBUG [LineInfo_to_exitCode.log_LineInfo] 2025-01-06 22:59:38,202 [INFO] IPUIPlugin:80 - create IPUIPlugin
2025-01-06 22:59:38,202 DEBUG [LineInfo_to_exitCode.log_LineInfo] 2025-01-06 22:59:38,202 [INFO] PluginManager:220 - loadIPPluginJar : add hash
2025-01-06 22:59:38,205 DEBUG [LineInfo_to_exitCode.log_LineInfo] 2025-01-06 22:59:38,205 [INFO] IPUIPlugin:80 - create IPUIPlugin
2025-01-06 22:59:38,206 DEBUG [LineInfo_to_exitCode.log_LineInfo] 2025-01-06 22:59:38,205 [INFO] PluginManager:220 - loadIPPluginJar : add i2c
2025-01-06 22:59:38,209 DEBUG [LineInfo_to_exitCode.log_LineInfo] 2025-01-06 22:59:38,209 [INFO] IPUIPlugin:80 - create IPUIPlugin
2025-01-06 22:59:38,210 DEBUG [LineInfo_to_exitCode.log_LineInfo] 2025-01-06 22:59:38,209 [INFO] PluginManager:220 - loadIPPluginJar : add i2s
2025-01-06 22:59:38,214 DEBUG [LineInfo_to_exitCode.log_LineInfo] 2025-01-06 22:59:38,213 [INFO] IPUIPlugin:80 - create IPUIPlugin
2025-01-06 22:59:38,214 DEBUG [LineInfo_to_exitCode.log_LineInfo] 2025-01-06 22:59:38,214 [INFO] PluginManager:220 - loadIPPluginJar : add i3c
2025-01-06 22:59:38,218 DEBUG [LineInfo_to_exitCode.log_LineInfo] 2025-01-06 22:59:38,218 [INFO] IPUIPlugin:80 - create IPUIPlugin
2025-01-06 22:59:38,219 DEBUG [LineInfo_to_exitCode.log_LineInfo] 2025-01-06 22:59:38,218 [INFO] PluginManager:220 - loadIPPluginJar : add ipddr
2025-01-06 22:59:38,228 DEBUG [LineInfo_to_exitCode.log_LineInfo] 2025-01-06 22:59:38,228 [INFO] IPUIPlugin:80 - create IPUIPlugin
2025-01-06 22:59:38,228 DEBUG [LineInfo_to_exitCode.log_LineInfo] 2025-01-06 22:59:38,228 [INFO] PluginManager:220 - loadIPPluginJar : add linkedlist
2025-01-06 22:59:38,231 DEBUG [LineInfo_to_exitCode.log_LineInfo] 2025-01-06 22:59:38,231 [INFO] IPUIPlugin:80 - create IPUIPlugin
2025-01-06 22:59:38,231 DEBUG [LineInfo_to_exitCode.log_LineInfo] 2025-01-06 22:59:38,231 [INFO] PluginManager:220 - loadIPPluginJar : add lorawan
2025-01-06 22:59:38,234 DEBUG [LineInfo_to_exitCode.log_LineInfo] 2025-01-06 22:59:38,233 [INFO] IPUIPlugin:80 - create IPUIPlugin
2025-01-06 22:59:38,235 DEBUG [LineInfo_to_exitCode.log_LineInfo] 2025-01-06 22:59:38,234 [INFO] PluginManager:220 - loadIPPluginJar : add ltdc
2025-01-06 22:59:38,243 DEBUG [LineInfo_to_exitCode.log_LineInfo] 2025-01-06 22:59:38,243 [INFO] IPUIPlugin:80 - create IPUIPlugin
2025-01-06 22:59:38,243 DEBUG [LineInfo_to_exitCode.log_LineInfo] 2025-01-06 22:59:38,243 [INFO] PluginManager:220 - loadIPPluginJar : add mdma
2025-01-06 22:59:38,247 DEBUG [LineInfo_to_exitCode.log_LineInfo] 2025-01-06 22:59:38,247 [INFO] IPUIPlugin:80 - create IPUIPlugin
2025-01-06 22:59:38,247 DEBUG [LineInfo_to_exitCode.log_LineInfo] 2025-01-06 22:59:38,247 [INFO] PluginManager:220 - loadIPPluginJar : add nvic
2025-01-06 22:59:38,250 DEBUG [LineInfo_to_exitCode.log_LineInfo] 2025-01-06 22:59:38,250 [INFO] IPUIPlugin:80 - create IPUIPlugin
2025-01-06 22:59:38,251 DEBUG [LineInfo_to_exitCode.log_LineInfo] 2025-01-06 22:59:38,250 [INFO] PluginManager:220 - loadIPPluginJar : add opamp
2025-01-06 22:59:38,253 DEBUG [LineInfo_to_exitCode.log_LineInfo] 2025-01-06 22:59:38,253 [INFO] IPUIPlugin:80 - create IPUIPlugin
2025-01-06 22:59:38,253 DEBUG [LineInfo_to_exitCode.log_LineInfo] 2025-01-06 22:59:38,253 [INFO] PluginManager:220 - loadIPPluginJar : add openamp
2025-01-06 22:59:38,256 DEBUG [LineInfo_to_exitCode.log_LineInfo] 2025-01-06 22:59:38,256 [INFO] IPUIPlugin:80 - create IPUIPlugin
2025-01-06 22:59:38,256 DEBUG [LineInfo_to_exitCode.log_LineInfo] 2025-01-06 22:59:38,256 [INFO] PluginManager:220 - loadIPPluginJar : add pdm2pcm
2025-01-06 22:59:38,262 DEBUG [LineInfo_to_exitCode.log_LineInfo] 2025-01-06 22:59:38,262 [INFO] IPUIPlugin:80 - create IPUIPlugin
2025-01-06 22:59:38,264 DEBUG [LineInfo_to_exitCode.log_LineInfo] 2025-01-06 22:59:38,264 [INFO] PluginManager:220 - loadIPPluginJar : add plateformsettings
2025-01-06 22:59:38,266 DEBUG [LineInfo_to_exitCode.log_LineInfo] 2025-01-06 22:59:38,266 [INFO] IPUIPlugin:80 - create IPUIPlugin
2025-01-06 22:59:38,266 DEBUG [LineInfo_to_exitCode.log_LineInfo] 2025-01-06 22:59:38,266 [INFO] PluginManager:220 - loadIPPluginJar : add quadspi
2025-01-06 22:59:38,268 DEBUG [LineInfo_to_exitCode.log_LineInfo] 2025-01-06 22:59:38,267 [INFO] IPUIPlugin:80 - create IPUIPlugin
2025-01-06 22:59:38,268 DEBUG [LineInfo_to_exitCode.log_LineInfo] 2025-01-06 22:59:38,268 [INFO] PluginManager:220 - loadIPPluginJar : add radio
2025-01-06 22:59:38,270 DEBUG [LineInfo_to_exitCode.log_LineInfo] 2025-01-06 22:59:38,270 [INFO] IPUIPlugin:80 - create IPUIPlugin
2025-01-06 22:59:38,270 DEBUG [LineInfo_to_exitCode.log_LineInfo] 2025-01-06 22:59:38,270 [INFO] PluginManager:220 - loadIPPluginJar : add resmgrutility
2025-01-06 22:59:38,273 DEBUG [LineInfo_to_exitCode.log_LineInfo] 2025-01-06 22:59:38,273 [INFO] IPUIPlugin:80 - create IPUIPlugin
2025-01-06 22:59:38,274 DEBUG [LineInfo_to_exitCode.log_LineInfo] 2025-01-06 22:59:38,273 [INFO] PluginManager:220 - loadIPPluginJar : add sai
2025-01-06 22:59:38,277 DEBUG [LineInfo_to_exitCode.log_LineInfo] 2025-01-06 22:59:38,277 [INFO] IPUIPlugin:80 - create IPUIPlugin
2025-01-06 22:59:38,277 DEBUG [LineInfo_to_exitCode.log_LineInfo] 2025-01-06 22:59:38,277 [INFO] PluginManager:220 - loadIPPluginJar : add spi
2025-01-06 22:59:38,281 DEBUG [LineInfo_to_exitCode.log_LineInfo] 2025-01-06 22:59:38,281 [INFO] IPUIPlugin:80 - create IPUIPlugin
2025-01-06 22:59:38,282 DEBUG [LineInfo_to_exitCode.log_LineInfo] 2025-01-06 22:59:38,281 [INFO] PluginManager:220 - loadIPPluginJar : add stm32_wpan
2025-01-06 22:59:38,285 DEBUG [LineInfo_to_exitCode.log_LineInfo] 2025-01-06 22:59:38,284 [INFO] IPUIPlugin:80 - create IPUIPlugin
2025-01-06 22:59:38,285 DEBUG [LineInfo_to_exitCode.log_LineInfo] 2025-01-06 22:59:38,285 [INFO] PluginManager:220 - loadIPPluginJar : add tim
2025-01-06 22:59:38,289 DEBUG [LineInfo_to_exitCode.log_LineInfo] 2025-01-06 22:59:38,288 [INFO] IPUIPlugin:80 - create IPUIPlugin
2025-01-06 22:59:38,289 DEBUG [LineInfo_to_exitCode.log_LineInfo] 2025-01-06 22:59:38,289 [INFO] PluginManager:220 - loadIPPluginJar : add touchsensing
2025-01-06 22:59:38,293 DEBUG [LineInfo_to_exitCode.log_LineInfo] 2025-01-06 22:59:38,292 [INFO] IPUIPlugin:80 - create IPUIPlugin
2025-01-06 22:59:38,293 DEBUG [LineInfo_to_exitCode.log_LineInfo] 2025-01-06 22:59:38,293 [INFO] PluginManager:220 - loadIPPluginJar : add tracer_emb
2025-01-06 22:59:38,296 DEBUG [LineInfo_to_exitCode.log_LineInfo] 2025-01-06 22:59:38,296 [INFO] IPUIPlugin:80 - create IPUIPlugin
2025-01-06 22:59:38,296 DEBUG [LineInfo_to_exitCode.log_LineInfo] 2025-01-06 22:59:38,296 [INFO] PluginManager:220 - loadIPPluginJar : add ts
2025-01-06 22:59:38,299 DEBUG [LineInfo_to_exitCode.log_LineInfo] 2025-01-06 22:59:38,299 [INFO] IPUIPlugin:80 - create IPUIPlugin
2025-01-06 22:59:38,299 DEBUG [LineInfo_to_exitCode.log_LineInfo] 2025-01-06 22:59:38,299 [INFO] PluginManager:220 - loadIPPluginJar : add tsc
2025-01-06 22:59:38,302 DEBUG [LineInfo_to_exitCode.log_LineInfo] 2025-01-06 22:59:38,301 [INFO] IPUIPlugin:80 - create IPUIPlugin
2025-01-06 22:59:38,302 DEBUG [LineInfo_to_exitCode.log_LineInfo] 2025-01-06 22:59:38,302 [INFO] PluginManager:220 - loadIPPluginJar : add ucpd
2025-01-06 22:59:38,304 DEBUG [LineInfo_to_exitCode.log_LineInfo] 2025-01-06 22:59:38,304 [INFO] IPUIPlugin:80 - create IPUIPlugin
2025-01-06 22:59:38,304 DEBUG [LineInfo_to_exitCode.log_LineInfo] 2025-01-06 22:59:38,304 [INFO] PluginManager:220 - loadIPPluginJar : add usart
2025-01-06 22:59:38,307 DEBUG [LineInfo_to_exitCode.log_LineInfo] 2025-01-06 22:59:38,306 [INFO] IPUIPlugin:80 - create IPUIPlugin
2025-01-06 22:59:38,307 DEBUG [LineInfo_to_exitCode.log_LineInfo] 2025-01-06 22:59:38,307 [INFO] PluginManager:220 - loadIPPluginJar : add usbx
2025-01-06 22:59:38,325 DEBUG [LineInfo_to_exitCode.log_LineInfo] 2025-01-06 22:59:38,325 [INFO] Updater:1100 - Updater Version found : 6.12.1
2025-01-06 22:59:38,337 DEBUG [LineInfo_to_exitCode.log_LineInfo] 2025-01-06 22:59:38,337 [INFO] ApplicationProperties:184 - Using Application install path: C:\Program Files\STMicroelectronics\STM32Cube\STM32CubeMX
2025-01-06 22:59:38,518 DEBUG [LineInfo_to_exitCode.log_LineInfo] 2025-01-06 22:59:38,517 [INFO] MainUpdater:2873 - connection check result : 10
2025-01-06 22:59:38,518 DEBUG [LineInfo_to_exitCode.log_LineInfo] 2025-01-06 22:59:38,518 [INFO] MainUpdater:290 - Updater Check For Update Now.
2025-01-06 22:59:38,519 DEBUG [LineInfo_to_exitCode.log_LineInfo] 2025-01-06 22:59:38,518 [INFO] MicroXplorer:498 - Change Database Version : DB.6.0.121
2025-01-06 22:59:38,648 DEBUG [LineInfo_to_exitCode.log_LineInfo] 2025-01-06 22:59:38,648 [INFO] CADModel:165 - CPN selected for project level
2025-01-06 22:59:38,648 DEBUG [LineInfo_to_exitCode.log_LineInfo] 2025-01-06 22:59:38,648 [INFO] CADModel:114 - Register for checkConnection events
2025-01-06 22:59:38,730 DEBUG [LineInfo_to_exitCode.log_LineInfo] 2025-01-06 22:59:38,729 [INFO] CheckServerUpdateThread:120 - End of CheckServer Thread
2025-01-06 22:59:38,755 DEBUG [LineInfo_to_exitCode.log_LineInfo] 2025-01-06 22:59:38,755 [INFO] CADModel:165 - CPN selected for project level
2025-01-06 22:59:38,755 DEBUG [LineInfo_to_exitCode.log_LineInfo] 2025-01-06 22:59:38,755 [INFO] CADModel:114 - Register for checkConnection events
2025-01-06 22:59:38,810 DEBUG [LineInfo_to_exitCode.log_LineInfo] 2025-01-06 22:59:38,809 [INFO] HomeAdPanel:103 - Auto-refresh data requested => check proxy status ongoing
2025-01-06 22:59:39,230 DEBUG [LineInfo_to_exitCode.log_LineInfo] 2025-01-06 22:59:39,230 [INFO] ServerAccessManage:473 - Download File 
2025-01-06 22:59:39,233 DEBUG [LineInfo_to_exitCode.log_LineInfo] 2025-01-06 22:59:39,233 [INFO] LoadUrlFilesThread:185 - End of LoadServerUrlFiles without Thread
2025-01-06 22:59:39,237 DEBUG [LineInfo_to_exitCode.log_LineInfo] 2025-01-06 22:59:39,236 [INFO] DbMcusAds:53 - JSON generation date=Tue Dec 17 09:01:15 MST 2024 (1734451275222)
2025-01-06 22:59:39,238 DEBUG [LineInfo_to_exitCode.log_LineInfo] 2025-01-06 22:59:39,238 [INFO] LoadUrlFilesThread:185 - End of LoadServerUrlFiles without Thread
2025-01-06 22:59:39,239 DEBUG [LineInfo_to_exitCode.log_LineInfo] 2025-01-06 22:59:39,239 [INFO] HomeAdPanel:114 - Refresh advertisement image is successful
2025-01-06 22:59:39,274 DEBUG [LineInfo_to_exitCode.log_LineInfo] 2025-01-06 22:59:39,274 [INFO] LoadUrlFilesThread:185 - End of LoadServerUrlFiles without Thread
2025-01-06 22:59:39,282 DEBUG [LineInfo_to_exitCode.log_LineInfo] 2025-01-06 22:59:39,282 [INFO] DetailPanel:341 - Set advertising image to C:/Users/abina/STM32Cube/Repository/\en.prom-stm32n6-mcu-finder.png
2025-01-06 22:59:39,419 DEBUG [LineInfo_to_exitCode.log_LineInfo] 2025-01-06 22:59:39,419 [INFO] LoadUrlFilesThread:185 - End of LoadServerUrlFiles without Thread
2025-01-06 22:59:39,517 DEBUG [LineInfo_to_exitCode.log_LineInfo] 2025-01-06 22:59:39,517 [INFO] LoadUrlFilesThread:185 - End of LoadServerUrlFiles without Thread
2025-01-06 22:59:39,517 DEBUG [LineInfo_to_exitCode.log_LineInfo] 2025-01-06 22:59:39,517 [INFO] DetailPanel:341 - Set advertising image to C:/Users/abina/STM32Cube/Repository/\en.prom-stm32n6-mcu-finder.png
2025-01-06 22:59:39,615 DEBUG [LineInfo_to_exitCode.log_LineInfo] 2025-01-06 22:59:39,614 [INFO] MainFrame:202 - [MX] HOME_PANEL == 1320840761637600
2025-01-06 22:59:39,617 DEBUG [LineInfo_to_exitCode.log_LineInfo] 2025-01-06 22:59:39,617 [INFO] MainFrame:537 - Register for checkConnection events
2025-01-06 22:59:39,618 DEBUG [LineInfo_to_exitCode.log_LineInfo] 2025-01-06 22:59:39,618 [INFO] UserAuth:417 - Internet connection configuration mode: 1
2025-01-06 22:59:39,631 DEBUG [LineInfo_to_exitCode.log_LineInfo] 2025-01-06 22:59:39,631 [INFO] JxBrowserEngine:152 - Initiate JxBrowser Engine with user profile folder
2025-01-06 22:59:39,694 DEBUG [LineInfo_to_exitCode.log_LineInfo] 2025-01-06 22:59:39,694 [INFO] RulesReader:64 - Compatibility file has been processed (297 Rules)
2025-01-06 22:59:39,705 DEBUG [LineInfo_to_exitCode.log_LineInfo] 2025-01-06 22:59:39,705 [INFO] RulesReader:64 - Compatibility file has been processed (297 Rules)
2025-01-06 22:59:39,709 DEBUG [LineInfo_to_exitCode.log_LineInfo] 2025-01-06 22:59:39,709 [INFO] MicroXplorer:468 - Change Database Path : 
2025-01-06 22:59:39,710 DEBUG [LineInfo_to_exitCode.log_LineInfo] 2025-01-06 22:59:39,709 [INFO] MicroXplorer:498 - Change Database Version : DB.6.0.121
2025-01-06 22:59:40,171 DEBUG [LineInfo_to_exitCode.log_LineInfo] 2025-01-06 22:59:40,171 [INFO] WebApp:167 - Instantiating new browser for Auth
2025-01-06 22:59:40,835 DEBUG [LineInfo_to_exitCode.log_LineInfo] 2025-01-06 22:59:40,835 [INFO] WebApp:448 - Apply proxy settings
2025-01-06 22:59:40,835 DEBUG [LineInfo_to_exitCode.log_LineInfo] 2025-01-06 22:59:40,835 [INFO] WebApp:533 - Chromium requires no authentication
2025-01-06 22:59:40,842 DEBUG [LineInfo_to_exitCode.log_LineInfo] 2025-01-06 22:59:40,842 [INFO] WebApp:476 - Direct internet connection detected
2025-01-06 22:59:40,863 DEBUG [LineInfo_to_exitCode.log_LineInfo] 2025-01-06 22:59:40,863 [INFO] WebApp:869 - Register for checkConnection events
2025-01-06 22:59:40,863 DEBUG [LineInfo_to_exitCode.log_LineInfo] 2025-01-06 22:59:40,863 [INFO] WebApp:448 - Apply proxy settings
2025-01-06 22:59:40,863 DEBUG [LineInfo_to_exitCode.log_LineInfo] 2025-01-06 22:59:40,863 [INFO] WebApp:533 - Chromium requires no authentication
2025-01-06 22:59:40,864 DEBUG [LineInfo_to_exitCode.log_LineInfo] 2025-01-06 22:59:40,864 [INFO] WebApp:476 - Direct internet connection detected
2025-01-06 22:59:41,066 DEBUG [LineInfo_to_exitCode.log_LineInfo] 2025-01-06 22:59:41,066 [INFO] WebApp:220 - Starting web application
2025-01-06 22:59:41,067 DEBUG [LineInfo_to_exitCode.log_LineInfo] 2025-01-06 22:59:41,066 [INFO] WebApp:578 - Web application path used jar:file:/C:/Program%20Files/STMicroelectronics/STM32Cube/STM32CubeMX/STM32CubeMX.exe!/db/plugins/mcufinder/reactClient1/index.html
2025-01-06 22:59:41,130 DEBUG [LineInfo_to_exitCode.log_LineInfo] 2025-01-06 22:59:41,129 [INFO] WebApp:186 - Connection restablished
2025-01-06 22:59:42,054 ERROR [LineInfo_to_exitCode.log_LineInfo] Attr not supported : Dmpu
2025-01-06 22:59:42,054 ERROR [LineInfo_to_exitCode.log_LineInfo] Attr not supported : Dmpu
2025-01-06 22:59:42,054 ERROR [LineInfo_to_exitCode.log_LineInfo] Attr not supported : Dmpu
2025-01-06 22:59:42,054 ERROR [LineInfo_to_exitCode.log_LineInfo] Attr not supported : Dmpu
2025-01-06 22:59:42,054 ERROR [LineInfo_to_exitCode.log_LineInfo] Attr not supported : Dmpu
2025-01-06 22:59:42,054 ERROR [LineInfo_to_exitCode.log_LineInfo] Attr not supported : Dmpu
2025-01-06 22:59:42,054 ERROR [LineInfo_to_exitCode.log_LineInfo] Attr not supported : Dmpu
2025-01-06 22:59:42,054 ERROR [LineInfo_to_exitCode.log_LineInfo] Attr not supported : Dmpu
2025-01-06 22:59:42,054 ERROR [LineInfo_to_exitCode.log_LineInfo] Attr not supported : Dmpu
2025-01-06 22:59:42,055 ERROR [LineInfo_to_exitCode.log_LineInfo] Attr not supported : Dmpu
2025-01-06 22:59:42,055 ERROR [LineInfo_to_exitCode.log_LineInfo] Attr not supported : Dmpu
2025-01-06 22:59:42,055 ERROR [LineInfo_to_exitCode.log_LineInfo] Attr not supported : Dmpu
2025-01-06 22:59:42,055 ERROR [LineInfo_to_exitCode.log_LineInfo] Attr not supported : Dmpu
2025-01-06 22:59:42,055 ERROR [LineInfo_to_exitCode.log_LineInfo] Attr not supported : Dmpu
2025-01-06 22:59:42,055 ERROR [LineInfo_to_exitCode.log_LineInfo] Attr not supported : Dmpu
2025-01-06 22:59:42,055 ERROR [LineInfo_to_exitCode.log_LineInfo] Attr not supported : Dmpu
2025-01-06 22:59:42,055 ERROR [LineInfo_to_exitCode.log_LineInfo] Attr not supported : Dmpu
2025-01-06 22:59:42,055 ERROR [LineInfo_to_exitCode.log_LineInfo] Attr not supported : Dmpu
2025-01-06 22:59:42,055 ERROR [LineInfo_to_exitCode.log_LineInfo] Attr not supported : Dmpu
2025-01-06 22:59:42,056 ERROR [LineInfo_to_exitCode.log_LineInfo] Attr not supported : Dmpu
2025-01-06 22:59:42,056 ERROR [LineInfo_to_exitCode.log_LineInfo] Attr not supported : Dmpu
2025-01-06 22:59:42,056 ERROR [LineInfo_to_exitCode.log_LineInfo] Attr not supported : Dmpu
2025-01-06 22:59:42,056 ERROR [LineInfo_to_exitCode.log_LineInfo] Attr not supported : Dmpu
2025-01-06 22:59:42,056 ERROR [LineInfo_to_exitCode.log_LineInfo] Attr not supported : Dmpu
2025-01-06 22:59:42,056 ERROR [LineInfo_to_exitCode.log_LineInfo] Attr not supported : Dmpu
2025-01-06 22:59:42,056 ERROR [LineInfo_to_exitCode.log_LineInfo] Attr not supported : Dmpu
2025-01-06 22:59:42,056 ERROR [LineInfo_to_exitCode.log_LineInfo] Attr not supported : Dmpu
2025-01-06 22:59:42,056 ERROR [LineInfo_to_exitCode.log_LineInfo] Attr not supported : Dmpu
2025-01-06 22:59:42,056 ERROR [LineInfo_to_exitCode.log_LineInfo] Attr not supported : Dmpu
2025-01-06 22:59:42,057 ERROR [LineInfo_to_exitCode.log_LineInfo] Attr not supported : Dmpu
2025-01-06 22:59:42,057 ERROR [LineInfo_to_exitCode.log_LineInfo] Attr not supported : Dmpu
2025-01-06 22:59:42,057 ERROR [LineInfo_to_exitCode.log_LineInfo] Attr not supported : Dmpu
2025-01-06 22:59:42,057 ERROR [LineInfo_to_exitCode.log_LineInfo] Attr not supported : Dmpu
2025-01-06 22:59:42,057 ERROR [LineInfo_to_exitCode.log_LineInfo] Attr not supported : Dmpu
2025-01-06 22:59:42,058 ERROR [LineInfo_to_exitCode.log_LineInfo] Attr not supported : Dmpu
2025-01-06 22:59:42,059 ERROR [LineInfo_to_exitCode.log_LineInfo] Attr not supported : Dmpu
2025-01-06 22:59:42,059 ERROR [LineInfo_to_exitCode.log_LineInfo] Attr not supported : Dmpu
2025-01-06 22:59:42,059 ERROR [LineInfo_to_exitCode.log_LineInfo] Attr not supported : Dmpu
2025-01-06 22:59:42,059 ERROR [LineInfo_to_exitCode.log_LineInfo] Attr not supported : Dmpu
2025-01-06 22:59:42,059 ERROR [LineInfo_to_exitCode.log_LineInfo] Attr not supported : Dmpu
2025-01-06 22:59:42,060 ERROR [LineInfo_to_exitCode.log_LineInfo] Attr not supported : Dmpu
2025-01-06 22:59:42,060 ERROR [LineInfo_to_exitCode.log_LineInfo] Attr not supported : Dmpu
2025-01-06 22:59:42,060 ERROR [LineInfo_to_exitCode.log_LineInfo] Attr not supported : Dmpu
2025-01-06 22:59:42,061 ERROR [LineInfo_to_exitCode.log_LineInfo] Attr not supported : Dmpu
2025-01-06 22:59:42,061 ERROR [LineInfo_to_exitCode.log_LineInfo] Attr not supported : Dmpu
2025-01-06 22:59:42,061 ERROR [LineInfo_to_exitCode.log_LineInfo] Attr not supported : Dmpu
2025-01-06 22:59:42,061 ERROR [LineInfo_to_exitCode.log_LineInfo] Attr not supported : Dmpu
2025-01-06 22:59:42,062 ERROR [LineInfo_to_exitCode.log_LineInfo] Attr not supported : Dmpu
2025-01-06 22:59:42,062 ERROR [LineInfo_to_exitCode.log_LineInfo] Attr not supported : Dmpu
2025-01-06 22:59:42,062 ERROR [LineInfo_to_exitCode.log_LineInfo] Attr not supported : Dmpu
2025-01-06 22:59:42,062 ERROR [LineInfo_to_exitCode.log_LineInfo] Attr not supported : Dmpu
2025-01-06 22:59:42,062 ERROR [LineInfo_to_exitCode.log_LineInfo] Attr not supported : Dmpu
2025-01-06 22:59:42,062 ERROR [LineInfo_to_exitCode.log_LineInfo] Attr not supported : Dmpu
2025-01-06 22:59:42,062 ERROR [LineInfo_to_exitCode.log_LineInfo] Attr not supported : Dmpu
2025-01-06 22:59:42,063 ERROR [LineInfo_to_exitCode.log_LineInfo] Attr not supported : Dmpu
2025-01-06 22:59:42,063 ERROR [LineInfo_to_exitCode.log_LineInfo] Attr not supported : Dmpu
2025-01-06 22:59:42,063 ERROR [LineInfo_to_exitCode.log_LineInfo] Attr not supported : Dmpu
2025-01-06 22:59:42,063 ERROR [LineInfo_to_exitCode.log_LineInfo] Attr not supported : Dmpu
2025-01-06 22:59:42,064 ERROR [LineInfo_to_exitCode.log_LineInfo] Attr not supported : Dmpu
2025-01-06 22:59:42,064 ERROR [LineInfo_to_exitCode.log_LineInfo] Attr not supported : Dmpu
2025-01-06 22:59:42,064 ERROR [LineInfo_to_exitCode.log_LineInfo] Attr not supported : Dmpu
2025-01-06 22:59:42,064 ERROR [LineInfo_to_exitCode.log_LineInfo] Attr not supported : Dmpu
2025-01-06 22:59:42,064 ERROR [LineInfo_to_exitCode.log_LineInfo] Attr not supported : Dmpu
2025-01-06 22:59:42,065 ERROR [LineInfo_to_exitCode.log_LineInfo] Attr not supported : Dmpu
2025-01-06 22:59:42,081 ERROR [LineInfo_to_exitCode.log_LineInfo] C:\Users\abina\.stm32cubemx\thirdparties\pdsc\STMicroelectronics.X-CUBE-TCPP.4.2.0.pdsc: PDSC version is not supported
2025-01-06 22:59:43,190 DEBUG [LineInfo_to_exitCode.log_LineInfo] 2025-01-06 22:59:43,190 [INFO] ThirdParty:978 - Integrity check success = true
2025-01-06 22:59:43,190 DEBUG [LineInfo_to_exitCode.log_LineInfo] 2025-01-06 22:59:43,190 [INFO] IntegrityCheckThread:100 - exiting critical section [integrity check]
2025-01-06 22:59:43,190 DEBUG [LineInfo_to_exitCode.log_LineInfo] 2025-01-06 22:59:43,190 [INFO] IntegrityCheckThread:103 - End integrity checks thread
2025-01-06 22:59:43,190 DEBUG [LineInfo_to_exitCode.log_LineInfo] 2025-01-06 22:59:43,190 [INFO] ThirdParty:873 - entering critical section [close project]
2025-01-06 22:59:43,191 DEBUG [LineInfo_to_exitCode.log_LineInfo] 2025-01-06 22:59:43,191 [INFO] ThirdParty:883 - exiting critical section [close project]
2025-01-06 22:59:43,194 DEBUG [LineInfo_to_exitCode.log_LineInfo] 2025-01-06 22:59:43,194 [INFO] PinOutPanel:1561 - setPackage(No Configuration,No Configuration)
2025-01-06 22:59:43,219 DEBUG [LineInfo_to_exitCode.log_LineInfo] 2025-01-06 22:59:43,219 [INFO] UtilMem:75 - Begin LoadConfig() Used Memory: 249540088 Bytes (331350016)
2025-01-06 22:59:43,228 DEBUG [LineInfo_to_exitCode.log_LineInfo] 2025-01-06 22:59:43,228 [INFO] OpenFileManager:332 - Change cursor
2025-01-06 22:59:43,251 DEBUG [LineInfo_to_exitCode.log_LineInfo] 2025-01-06 22:59:43,250 [INFO] Mcu:2032 - Initializing MCU STM32G431C(6-8-B)Ux STM32G431CBUx 
2025-01-06 22:59:43,352 DEBUG [LineInfo_to_exitCode.log_LineInfo] 2025-01-06 22:59:43,352 [INFO] ApiDb:581 - Connected to CubeFinder SQLite database (C:\Users\abina\.stmcufinder\plugins\mcufinder\mcu\cube-finder-db.db)
2025-01-06 22:59:43,455 DEBUG [LineInfo_to_exitCode.log_LineInfo] 2025-01-06 22:59:43,454 [INFO] ApiDb:668 - CubeFinder database Data Model version=2.1
2025-01-06 22:59:43,455 DEBUG [LineInfo_to_exitCode.log_LineInfo] 2025-01-06 22:59:43,455 [INFO] ApiDb:669 - CubeFinder database Configuration version=3.0.39
2025-01-06 22:59:43,455 DEBUG [LineInfo_to_exitCode.log_LineInfo] 2025-01-06 22:59:43,455 [INFO] ApiDb:670 - CubeFinder database generation date=2024-12-10 (1733817889)
2025-01-06 22:59:43,455 DEBUG [LineInfo_to_exitCode.log_LineInfo] 2025-01-06 22:59:43,455 [INFO] ApiDb:671 - CubeFinder database FW Pack versions=[FP-ATR-ASTRA1_V2.0.0, FP-SNS-FLIGHT1_V5.0.2, FP-SNS-MOTENV1_V5.0.0, FP-SNS-MOTENVWB1_V1.4.0, FP-SNS-SMARTAG2_V1.2.0, FP-SNS-STBOX1_V2.0.0, STM32Cube_FW_C0_V1.3.0, STM32Cube_FW_F4_V1.28.1, STM32Cube_FW_F7_V1.17.2, STM32Cube_FW_G0_V1.6.2, STM32Cube_FW_G4_V1.6.1, STM32Cube_FW_H5_V1.4.0, STM32Cube_FW_H7RS_V1.1.0, STM32Cube_FW_H7_V1.12.0, STM32Cube_FW_L0_V1.12.2, STM32Cube_FW_L4_V1.18.1, STM32Cube_FW_L5_V1.5.1, STM32Cube_FW_N6_V1.0.0, STM32Cube_FW_U0_V1.2.0, STM32Cube_FW_U3_V1.0.0, STM32Cube_FW_U5_V1.7.0, STM32Cube_FW_WB0_V1.1.0, STM32Cube_FW_WBA_V1.5.0, STM32Cube_FW_WB_V1.21.0, STM32Cube_FW_WL3_V1.0.0, STM32Cube_FW_WL_V1.3.0, X-CUBE-ALGOBUILD_V1.4.0, X-CUBE-ALS_V1.0.2, X-CUBE-AZRTOS-F4_V1.1.0, X-CUBE-AZRTOS-F7_V1.1.0, X-CUBE-AZRTOS-G0_V1.1.0, X-CUBE-AZRTOS-G4_V2.0.0, X-CUBE-AZRTOS-H7RS_V1.0.0, X-CUBE-AZRTOS-H7_V3.3.0, X-CUBE-AZRTOS-L4_V2.0.0, X-CUBE-AZRTOS-L5_V2.0.0, X-CUBE-AZRTOS-WB_V2.0.0, X-CUBE-AZRTOS-WL_V2.0.0, X-CUBE-BLE1_V7.0.0, X-CUBE-BLE2_V3.3.0, X-CUBE-BLEMGR_V3.1.0, X-CUBE-EEPRMA1_V5.1.0, X-CUBE-FREERTOS_V1.2.0, X-CUBE-GNSS1_V6.0.0, X-CUBE-MEMS1_V11.0.0, X-CUBE-NFC4_V3.0.0, X-CUBE-NFC7_V1.0.1, X-CUBE-SFXS2LP1_V4.0.0, X-CUBE-SUBG2_V5.0.0, X-CUBE-TOF1_V3.4.2]
2025-01-06 22:59:45,896 DEBUG [LineInfo_to_exitCode.log_LineInfo] 2025-01-06 22:59:45,896 [INFO] ApiDb:240 - Found 646 in-development CPN: [B-G473E-ZEST1S, B-WB1M-WPAN1, B-WL5M-SUBG1, NUCLEO-C031C6, NUCLEO-C071RB, NUCLEO-H503RB, NUCLEO-H533RE, NUCLEO-H563ZI, NUCLEO-H7S3L8, NUCLEO-U031R8, NUCLEO-U083RC, NUCLEO-U545RE-Q, NUCLEO-U5A5ZJ-Q, NUCLEO-WB05KZ, NUCLEO-WB07CC, NUCLEO-WB09KE, NUCLEO-WBA52CG, NUCLEO-WBA55CG, STEVAL-PROTEUS1, STEVAL-SMARTAG2, STEVAL-STWINBX1, STM320518-EVAL, STM32C0116-DK, STM32C011D6Y3TR, STM32C011D6Y6TR, STM32C011F4P3, STM32C011F4P6, STM32C011F4U3, STM32C011F4U6TR, STM32C011F6P3, STM32C011F6P6, STM32C011F6U3, STM32C011F6U6TR, STM32C011J4M3, STM32C011J4M6, STM32C011J6M3, STM32C011J6M6, STM32C0316-DK, STM32C031C4T3, STM32C031C4T6, STM32C031C4U3, STM32C031C4U6, STM32C031C6T3, STM32C031C6T6, STM32C031C6U3, STM32C031C6U6, STM32C031F4P3, STM32C031F4P6, STM32C031F6P3, STM32C031F6P6, STM32C031G4U3, STM32C031G4U6, STM32C031G6U3, STM32C031G6U6, STM32C031K4T3, STM32C031K4T6, STM32C031K4U3, STM32C031K4U6, STM32C031K6T3, STM32C031K6T6, STM32C031K6U3, STM32C031K6U6, STM32C071C8T6, STM32C071C8T6N, STM32C071C8U6, STM32C071C8U6N, STM32C071CBT6, STM32C071CBT6N, STM32C071CBU6, STM32C071CBU6N, STM32C071F8P6, STM32C071F8P6N, STM32C071FBP6, STM32C071FBP6N, STM32C071FBY6TR, STM32C071G8U6, STM32C071G8U6N, STM32C071GBU6, STM32C071GBU6N, STM32C071K8T6, STM32C071K8T6N, STM32C071K8U6, STM32C071K8U6N, STM32C071KBT6, STM32C071KBT6N, STM32C071KBU6, STM32C071KBU6N, STM32C071R8T6, STM32C071R8T6N, STM32C071RBI6N, STM32C071RBT6, STM32C071RBT6N, STM32G071K8TXN, STM32G071K8UXN, STM32G081GBU6N, STM32G081KBT6N, STM32G081KBUXN, STM32G0B1CCT6N, STM32G0B1KCT6, STM32G0B1NEY6TR, STM32G0B1RCT6N, STM32G0C1CCT6, STM32G0C1CCT6N, STM32G0C1CCU6N, STM32G0C1CET6N, STM32G0C1CEU6N, STM32G0C1KCT6, STM32G0C1NEY6TR, STM32G0C1RCI6N, STM32G0C1RCT6N, STM32G0C1REI6N, STM32G0C1RET6N, STM32G0C1VCI6, STM32G0C1VEI6, STM32G411C6T3, STM32G411C6T6, STM32G411C6U3, STM32G411C6U6, STM32G411C8T3, STM32G411C8T6, STM32G411C8U3, STM32G411C8U6, STM32G411CBT3, STM32G411CBT6, STM32G411CBU3, STM32G411CBU6, STM32G411K6T3, STM32G411K6T6, STM32G411K6U3, STM32G411K6U6, STM32G411K8T3, STM32G411K8T6, STM32G411K8U3, STM32G411K8U6, STM32G411KBT3, STM32G411KBT6, STM32G411KBU3, STM32G411KBU6, STM32G411M6T3, STM32G411M6T6, STM32G411M8T3, STM32G411M8T6, STM32G411MBT3, STM32G411MBT6, STM32G411R6T3, STM32G411R6T6, STM32G411R8T3, STM32G411R8T6, STM32G411RBT3, STM32G411RBT6, STM32G414CBT3, STM32G414CBT6, STM32G414CBU3, STM32G414CBU6, STM32G414CCT3, STM32G414CCT6, STM32G414CCU3, STM32G414CCU6, STM32G414MBT3, STM32G414MBT6, STM32G414MCT3, STM32G414MCT6, STM32G414RBT3, STM32G414RBT6, STM32G414RCT3, STM32G414RCT6, STM32G414VBT3, STM32G414VBT6, STM32G414VCT3, STM32G414VCT6, STM32G431CBT3Z, STM32G431RBT3Z, STM32G471CCT6, STM32G471CCU6, STM32G471CET3, STM32G471CET6, STM32G471CEU3, STM32G471CEU6, STM32G471MCT6, STM32G471MET3, STM32G471MET6, STM32G471MEY6TR, STM32G471QCT6, STM32G471QET3, STM32G471RCT6, STM32G471RET3, STM32G471RET6, STM32G471VCH6, STM32G471VCI6, STM32G471VCT6, STM32G471VEH3, STM32G471VEH6, STM32G471VEI3, STM32G471VEI6, STM32G471VET3, STM32G471VET6, STM32G473QET3Z, STM32G473RET3Z, STM32G474CCT6, STM32G491RET3Z, STM32H503CBT6, STM32H503CBU6, STM32H503EBY6TR, STM32H503KBU6, STM32H503RBT6, STM32H523CCT6, STM32H523CCU6, STM32H523CET6, STM32H523CEU6, STM32H523HEY6TR, STM32H523RCT6, STM32H523RET6, STM32H523VCI6, STM32H523VCT6, STM32H523VEI6, STM32H523VET6, STM32H523ZCJ6, STM32H523ZCT6, STM32H523ZEJ6, STM32H523ZET6, STM32H533CET6, STM32H533CEU6, STM32H533HEY6TR, STM32H533RET6, STM32H533VEI6, STM32H533VET6, STM32H533ZEJ6, STM32H533ZET6, STM32H562AGI6, STM32H562AII6, STM32H562IGK6, STM32H562IGT6, STM32H562IIK6, STM32H562IIT6, STM32H562RGT6, STM32H562RGV6, STM32H562RIT6, STM32H562RIV6, STM32H562VGT6, STM32H562VIT6, STM32H562ZGT6, STM32H562ZIT6, STM32H563AGI6, STM32H563AII3Q, STM32H563AII6, STM32H563IGK6, STM32H563IGT6, STM32H563IIK3Q, STM32H563IIK6, STM32H563IIT3Q, STM32H563IIT6, STM32H563MIY3QTR, STM32H563RGT6, STM32H563RGV6, STM32H563RIT6, STM32H563RIV6, STM32H563VGT6, STM32H563VIT3Q, STM32H563VIT6, STM32H563ZGT6, STM32H563ZIT3Q, STM32H563ZIT6, STM32H573AII3Q, STM32H573AII6, STM32H573I-DK, STM32H573IIK3Q, STM32H573IIK6, STM32H573IIT3Q, STM32H573IIT6, STM32H573MIY3QTR, STM32H573RIT6, STM32H573RIV6, STM32H573VIT3Q, STM32H573VIT6, STM32H573ZIT3Q, STM32H573ZIT6, STM32H7R3A8I6, STM32H7R3I8K6, STM32H7R3I8T6, STM32H7R3L8H6, STM32H7R3L8H6H, STM32H7R3R8V6, STM32H7R3V8H6, STM32H7R3V8T6, STM32H7R3V8Y6TR, STM32H7R3Z8J6, STM32H7R3Z8T6, STM32H7R7A8I6, STM32H7R7I8K6, STM32H7R7I8T6, STM32H7R7L8H6, STM32H7R7L8H6H, STM32H7R7Z8J6, STM32H7S3A8I6, STM32H7S3I8K6, STM32H7S3I8T6, STM32H7S3L8H6, STM32H7S3L8H6H, STM32H7S3R8V6, STM32H7S3V8H6, STM32H7S3V8T6, STM32H7S3V8Y6TR, STM32H7S3Z8J6, STM32H7S3Z8T6, STM32H7S78-DK, STM32H7S7A8I6, STM32H7S7I8K6, STM32H7S7I8T6, STM32H7S7L8H6, STM32H7S7L8H6H, STM32H7S7Z8J6, STM32L4R5QGI6STR, STM32MP131AAE3, STM32MP131AAF3, STM32MP131AAG3, STM32MP131CAE3, STM32MP131CAF3, STM32MP131CAG3, STM32MP131DAE7, STM32MP131DAF7, STM32MP131DAG7, STM32MP131FAE7, STM32MP131FAF7, STM32MP131FAG7, STM32MP133AAE3, STM32MP133AAF3, STM32MP133AAG3, STM32MP133CAE3, STM32MP133CAF3, STM32MP133CAG3, STM32MP133DAE7, STM32MP133DAF7, STM32MP133DAG7, STM32MP133FAE7, STM32MP133FAF7, STM32MP133FAG7, STM32MP135AAE3, STM32MP135AAF3, STM32MP135AAG3, STM32MP135CAE3, STM32MP135CAF3, STM32MP135CAG3, STM32MP135DAE7, STM32MP135DAF7, STM32MP135DAG7, STM32MP135F-DK, STM32MP135FAE7, STM32MP135FAF7, STM32MP135FAF7T, STM32MP135FAF7U, STM32MP135FAG7, STM32MP251AAI3, STM32MP251AAK3, STM32MP251AAL3, STM32MP251CAI3, STM32MP251CAK3, STM32MP251CAL3, STM32MP251DAI3, STM32MP251DAK3, STM32MP251DAL3, STM32MP251FAI3, STM32MP251FAK3, STM32MP251FAL3, STM32MP253AAI3, STM32MP253AAK3, STM32MP253AAL3, STM32MP253CAI3, STM32MP253CAK3, STM32MP253CAL3, STM32MP253DAI3, STM32MP253DAK3, STM32MP253DAL3, STM32MP253FAI3, STM32MP253FAK3, STM32MP253FAL3, STM32MP255AAI3, STM32MP255AAK3, STM32MP255AAL3, STM32MP255CAI3, STM32MP255CAK3, STM32MP255CAL3, STM32MP255DAI3, STM32MP255DAK3, STM32MP255DAL3, STM32MP255FAI3, STM32MP255FAK3, STM32MP255FAL3, STM32MP257AAI3, STM32MP257AAK3, STM32MP257AAL3, STM32MP257CAI3, STM32MP257CAK3, STM32MP257CAL3, STM32MP257DAI3, STM32MP257DAK3, STM32MP257DAL3, STM32MP257F-DK, STM32MP257F-EV1, STM32MP257FAI3, STM32MP257FAK3, STM32MP257FAL3, STM32U031C6T6, STM32U031C6U6, STM32U031C8T6, STM32U031C8U6, STM32U031F4P6, STM32U031F6P6, STM32U031F8P6, STM32U031G6Y6TR, STM32U031G8Y6TR, STM32U031K4U6, STM32U031K6U6, STM32U031K8U6, STM32U031R6I6, STM32U031R6T6, STM32U031R8I6, STM32U031R8T6, STM32U073C8T6, STM32U073C8U6, STM32U073CBT6, STM32U073CBU6, STM32U073CCT6, STM32U073CCU6, STM32U073H8Y6TR, STM32U073HBY6TR, STM32U073HCY6TR, STM32U073K8U6, STM32U073KBU6, STM32U073KCU6, STM32U073M8I6, STM32U073M8T6, STM32U073MBI6, STM32U073MBT6, STM32U073MCI6, STM32U073MCT6, STM32U073R8I6, STM32U073R8T6, STM32U073RBI6, STM32U073RBT6, STM32U073RCI6, STM32U073RCT6, STM32U083C-DK, STM32U083CCT6, STM32U083CCU6, STM32U083HCY6TR, STM32U083KCU6, STM32U083MCI6, STM32U083MCT6, STM32U083RCI6, STM32U083RCT6, STM32U535CBT6, STM32U535CBT6Q, STM32U535CBU6, STM32U535CBU6Q, STM32U535CCT6, STM32U535CCT6Q, STM32U535CCU6, STM32U535CCU6Q, STM32U535CET6, STM32U535CET6Q, STM32U535CEU6, STM32U535CEU6Q, STM32U535JEY6QTR, STM32U535NCY6QTR, STM32U535NEY6QTR, STM32U535RBI6, STM32U535RBI6Q, STM32U535RBT6, STM32U535RBT6Q, STM32U535RCI6, STM32U535RCI6Q, STM32U535RCT6, STM32U535RCT6Q, STM32U535REI6, STM32U535REI6Q, STM32U535RET6, STM32U535RET6Q, STM32U535VCI6, STM32U535VCI6Q, STM32U535VCT6, STM32U535VCT6Q, STM32U535VEI6, STM32U535VEI6Q, STM32U535VET6, STM32U535VET6Q, STM32U545CET6, STM32U545CET6Q, STM32U545CEU6, STM32U545CEU6Q, STM32U545JEY6QTR, STM32U545NEY6QTR, STM32U545REI6, STM32U545REI6Q, STM32U545RET6, STM32U545RET6Q, STM32U545VEI6, STM32U545VEI6Q, STM32U545VET6, STM32U545VET6Q, STM32U595AIH6, STM32U595AIH6Q, STM32U595AJH6, STM32U595AJH6Q, STM32U595QII6, STM32U595QII6Q, STM32U595QJI6, STM32U595QJI6Q, STM32U595RIT6, STM32U595RIT6Q, STM32U595RJT6, STM32U595RJT6Q, STM32U595VIT6, STM32U595VIT6Q, STM32U595VJT6, STM32U595VJT6Q, STM32U595ZIT6, STM32U595ZIT6Q, STM32U595ZIY6QTR, STM32U595ZJT6, STM32U595ZJT6Q, STM32U595ZJY6QTR, STM32U599BJY6QTR, STM32U599NIH6Q, STM32U599NJH6Q, STM32U599VIT6Q, STM32U599VJT6, STM32U599VJT6Q, STM32U599ZIT6Q, STM32U599ZIY6QTR, STM32U599ZJT6Q, STM32U599ZJY6QTR, STM32U5A5AJH6, STM32U5A5AJH6Q, STM32U5A5QII3Q , STM32U5A5QJI6, STM32U5A5QJI6Q, STM32U5A5RJT6, STM32U5A5RJT6Q, STM32U5A5VJT6, STM32U5A5VJT6Q, STM32U5A5ZJT6, STM32U5A5ZJT6Q, STM32U5A5ZJY6QTR, STM32U5A9BJY6QTR, STM32U5A9J-DK, STM32U5A9NJH6Q, STM32U5A9VJT6Q, STM32U5A9ZJT6Q, STM32U5A9ZJY6QTR, STM32U5F7VIT6, STM32U5F7VIT6Q, STM32U5F7VJT6, STM32U5F7VJT6Q, STM32U5F9BJY6QTR, STM32U5F9NJH6Q, STM32U5F9VIT6Q, STM32U5F9VJT6Q, STM32U5F9ZIJ6QTR, STM32U5F9ZIT6Q, STM32U5F9ZJJ6QTR, STM32U5F9ZJT6Q, STM32U5G7VJT6, STM32U5G7VJT6Q, STM32U5G9BJY6QTR, STM32U5G9J-DK1, STM32U5G9J-DK2, STM32U5G9NJH6Q, STM32U5G9VJT6Q, STM32U5G9ZJJ6QTR, STM32U5G9ZJT6Q, STM32WB05KZV6TR, STM32WB05KZV7TR, STM32WB05TZF6TR, STM32WB05TZF7TR, STM32WB06CCF6TR, STM32WB06CCF7TR, STM32WB06CCV6TR, STM32WB06CCV7TR, STM32WB06KCV6TR, STM32WB06KCV7TR, STM32WB07CCF6TR, STM32WB07CCF7TR, STM32WB07CCV6TR, STM32WB07CCV7TR, STM32WB07KCV6TR, STM32WB07KCV7TR, STM32WB09KEV6TR, STM32WB09KEV7TR, STM32WB09TEF6TR, STM32WB09TEF7TR, STM32WB1MMCH6, STM32WBA50KGU6, STM32WBA50KGU6TR, STM32WBA52CEU6, STM32WBA52CEU6TR, STM32WBA52CEU7, STM32WBA52CEU7TR, STM32WBA52CGU6, STM32WBA52CGU6TR, STM32WBA52CGU6U, STM32WBA52CGU7, STM32WBA52CGU7TR, STM32WBA52KEU6, STM32WBA52KEU6TR, STM32WBA52KGU6, STM32WBA52KGU6TR, STM32WBA54CEU6, STM32WBA54CEU6TR, STM32WBA54CEU7, STM32WBA54CEU7TR, STM32WBA54CGU6, STM32WBA54CGU6TR, STM32WBA54CGU7, STM32WBA54CGU7TR, STM32WBA54KEU6, STM32WBA54KEU6TR, STM32WBA54KEU7, STM32WBA54KEU7TR, STM32WBA54KGU6, STM32WBA54KGU6TR, STM32WBA54KGU7, STM32WBA54KGU7TR, STM32WBA55CEU6, STM32WBA55CEU6TR, STM32WBA55CEU7, STM32WBA55CEU7TR, STM32WBA55CGU6, STM32WBA55CGU6TR, STM32WBA55CGU6U, STM32WBA55CGU7, STM32WBA55CGU7TR, STM32WBA55G-DK1, STM32WBA55HEF6, STM32WBA55HEF7, STM32WBA55HGF6, STM32WBA55HGF7, STM32WBA55UEI6, STM32WBA55UEI6TR, STM32WBA55UEI7, STM32WBA55UEI7TR, STM32WBA55UGI6, STM32WBA55UGI6TR, STM32WBA55UGI7, STM32WBA55UGI7TR, STM32WL5MOCH6, STM32WL5MOCH6TR]
2025-01-06 22:59:45,901 DEBUG [LineInfo_to_exitCode.log_LineInfo] 2025-01-06 22:59:45,901 [INFO] DbMcus:218 - Found 4404 MCUs, 4404 are supported
2025-01-06 22:59:45,902 DEBUG [LineInfo_to_exitCode.log_LineInfo] 2025-01-06 22:59:45,902 [INFO] ApiDb:423 - Load user favorites file C:\Users\abina/.stm32cubemx/favorites.mcus.txt: 0 item(s)
2025-01-06 22:59:45,902 DEBUG [LineInfo_to_exitCode.log_LineInfo] 2025-01-06 22:59:45,902 [INFO] ApiDb:427 - User favorites MCUs=[]
2025-01-06 22:59:45,902 DEBUG [LineInfo_to_exitCode.log_LineInfo] 2025-01-06 22:59:45,902 [INFO] DbMcus:224 - Set 0 / 0 favorites MCUs
2025-01-06 22:59:46,281 DEBUG [LineInfo_to_exitCode.log_LineInfo] 2025-01-06 22:59:46,281 [INFO] Mcu:2047 - No CPN specified => set CPN to STM32G431CBU3
2025-01-06 22:59:49,389 DEBUG [LineInfo_to_exitCode.log_LineInfo] 2025-01-06 22:59:49,388 [INFO] Context:742 - Trying to add GPIOservice into a context  which must be forbidden
2025-01-06 22:59:51,236 DEBUG [LineInfo_to_exitCode.log_LineInfo] 2025-01-06 22:59:51,236 [INFO] ImportTextPane:205 - (OptionalMessage_ERROR) Unable to find key (Mcu.ThirdPartyNb) in loaded IOC file
2025-01-06 22:59:51,506 DEBUG [LineInfo_to_exitCode.log_LineInfo] 2025-01-06 22:59:51,506 [INFO] RtosManager:555 - Registered RTOS mode: class=CMSIS, group=RTOS, mode=CMSIS_V1, owner=FREERTOS
2025-01-06 22:59:51,506 DEBUG [LineInfo_to_exitCode.log_LineInfo] 2025-01-06 22:59:51,506 [INFO] RtosManager:555 - Registered RTOS mode: class=CMSIS, group=RTOS2, mode=CMSIS_V2, owner=FREERTOS
2025-01-06 22:59:51,506 DEBUG [LineInfo_to_exitCode.log_LineInfo] 2025-01-06 22:59:51,506 [INFO] RtosManager:555 - Registered RTOS mode: class=RTOS, group=Core, mode=CMSIS_V1, owner=FREERTOS
2025-01-06 22:59:51,506 DEBUG [LineInfo_to_exitCode.log_LineInfo] 2025-01-06 22:59:51,506 [INFO] RtosManager:555 - Registered RTOS mode: class=RTOS, group=Core, mode=CMSIS_V2, owner=FREERTOS
2025-01-06 22:59:51,734 DEBUG [LineInfo_to_exitCode.log_LineInfo] 2025-01-06 22:59:51,733 [INFO] ThirdPartyModel:298 - Start build external matchings
2025-01-06 22:59:53,883 DEBUG [LineInfo_to_exitCode.log_LineInfo] 2025-01-06 22:59:53,883 [INFO] ThirdPartyModel:316 - End build external matchings
2025-01-06 22:59:53,933 DEBUG [LineInfo_to_exitCode.log_LineInfo] 2025-01-06 22:59:53,933 [INFO] ImportTextPane:205 - (OptionalMessage_ERROR) IP (DMA) : Parameter (Instance) has Id (USART2_RX) currently not set
2025-01-06 22:59:53,933 DEBUG [LineInfo_to_exitCode.log_LineInfo] 2025-01-06 22:59:53,933 [INFO] ImportTextPane:205 - (OptionalMessage_ERROR) IP (DMA) : Parameter (Request) has Id (USART2_RX) currently not set
2025-01-06 22:59:53,933 DEBUG [LineInfo_to_exitCode.log_LineInfo] 2025-01-06 22:59:53,933 [INFO] ImportTextPane:205 - (OptionalMessage_ERROR) IP (DMA) : Parameter (Direction) has Id (USART2_RX) currently not set
2025-01-06 22:59:53,933 DEBUG [LineInfo_to_exitCode.log_LineInfo] 2025-01-06 22:59:53,933 [INFO] ImportTextPane:205 - (OptionalMessage_ERROR) IP (DMA) : Parameter (PeriphInc) has Id (USART2_RX) currently not set
2025-01-06 22:59:53,933 DEBUG [LineInfo_to_exitCode.log_LineInfo] 2025-01-06 22:59:53,933 [INFO] ImportTextPane:205 - (OptionalMessage_ERROR) IP (DMA) : Parameter (MemInc) has Id (USART2_RX) currently not set
2025-01-06 22:59:53,934 DEBUG [LineInfo_to_exitCode.log_LineInfo] 2025-01-06 22:59:53,934 [INFO] ImportTextPane:205 - (OptionalMessage_ERROR) IP (DMA) : Parameter (PeriphDataAlignment) has Id (USART2_RX) currently not set
2025-01-06 22:59:53,934 DEBUG [LineInfo_to_exitCode.log_LineInfo] 2025-01-06 22:59:53,934 [INFO] ImportTextPane:205 - (OptionalMessage_ERROR) IP (DMA) : Parameter (MemDataAlignment) has Id (USART2_RX) currently not set
2025-01-06 22:59:53,934 DEBUG [LineInfo_to_exitCode.log_LineInfo] 2025-01-06 22:59:53,934 [INFO] ImportTextPane:205 - (OptionalMessage_ERROR) IP (DMA) : Parameter (Mode) has Id (USART2_RX) currently not set
2025-01-06 22:59:53,934 DEBUG [LineInfo_to_exitCode.log_LineInfo] 2025-01-06 22:59:53,934 [INFO] ImportTextPane:205 - (OptionalMessage_ERROR) IP (DMA) : Parameter (Priority) has Id (USART2_RX) currently not set
2025-01-06 22:59:53,934 DEBUG [LineInfo_to_exitCode.log_LineInfo] 2025-01-06 22:59:53,934 [INFO] ImportTextPane:205 - (OptionalMessage_ERROR) IP (DMA) : Parameter (Instance) has Id (USART2_TX) currently not set
2025-01-06 22:59:53,934 DEBUG [LineInfo_to_exitCode.log_LineInfo] 2025-01-06 22:59:53,934 [INFO] ImportTextPane:205 - (OptionalMessage_ERROR) IP (DMA) : Parameter (Request) has Id (USART2_TX) currently not set
2025-01-06 22:59:53,934 DEBUG [LineInfo_to_exitCode.log_LineInfo] 2025-01-06 22:59:53,934 [INFO] ImportTextPane:205 - (OptionalMessage_ERROR) IP (DMA) : Parameter (Direction) has Id (USART2_TX) currently not set
2025-01-06 22:59:53,934 DEBUG [LineInfo_to_exitCode.log_LineInfo] 2025-01-06 22:59:53,934 [INFO] ImportTextPane:205 - (OptionalMessage_ERROR) IP (DMA) : Parameter (PeriphInc) has Id (USART2_TX) currently not set
2025-01-06 22:59:53,935 DEBUG [LineInfo_to_exitCode.log_LineInfo] 2025-01-06 22:59:53,934 [INFO] ImportTextPane:205 - (OptionalMessage_ERROR) IP (DMA) : Parameter (MemInc) has Id (USART2_TX) currently not set
2025-01-06 22:59:53,935 DEBUG [LineInfo_to_exitCode.log_LineInfo] 2025-01-06 22:59:53,934 [INFO] ImportTextPane:205 - (OptionalMessage_ERROR) IP (DMA) : Parameter (PeriphDataAlignment) has Id (USART2_TX) currently not set
2025-01-06 22:59:53,935 DEBUG [LineInfo_to_exitCode.log_LineInfo] 2025-01-06 22:59:53,934 [INFO] ImportTextPane:205 - (OptionalMessage_ERROR) IP (DMA) : Parameter (MemDataAlignment) has Id (USART2_TX) currently not set
2025-01-06 22:59:53,935 DEBUG [LineInfo_to_exitCode.log_LineInfo] 2025-01-06 22:59:53,934 [INFO] ImportTextPane:205 - (OptionalMessage_ERROR) IP (DMA) : Parameter (Mode) has Id (USART2_TX) currently not set
2025-01-06 22:59:53,935 DEBUG [LineInfo_to_exitCode.log_LineInfo] 2025-01-06 22:59:53,935 [INFO] ImportTextPane:205 - (OptionalMessage_ERROR) IP (DMA) : Parameter (Priority) has Id (USART2_TX) currently not set
2025-01-06 22:59:54,037 DEBUG [LineInfo_to_exitCode.log_LineInfo] 2025-01-06 22:59:54,037 [INFO] ImportTextPane:205 - (OptionalMessage_ERROR) IP (MotorControl) : Invalid parameter (ADC_AHBPERIPH)
2025-01-06 22:59:54,037 DEBUG [LineInfo_to_exitCode.log_LineInfo] 2025-01-06 22:59:54,037 [INFO] ImportTextPane:205 - (OptionalMessage_ERROR) IP (MotorControl) : Invalid parameter (BUS_VOLTAGE_READING)
2025-01-06 22:59:54,037 DEBUG [LineInfo_to_exitCode.log_LineInfo] 2025-01-06 22:59:54,037 [INFO] ImportTextPane:205 - (OptionalMessage_ERROR) IP (MotorControl) : Invalid parameter (CCMRAM_ENABLED)
2025-01-06 22:59:54,037 DEBUG [LineInfo_to_exitCode.log_LineInfo] 2025-01-06 22:59:54,037 [INFO] ImportTextPane:205 - (OptionalMessage_ERROR) IP (MotorControl) : Invalid parameter (CLOCK_FREQUENCY)
2025-01-06 22:59:54,037 DEBUG [LineInfo_to_exitCode.log_LineInfo] 2025-01-06 22:59:54,037 [INFO] ImportTextPane:205 - (OptionalMessage_ERROR) IP (MotorControl) : Invalid parameter (CLOCK_SOURCE)
2025-01-06 22:59:54,037 DEBUG [LineInfo_to_exitCode.log_LineInfo] 2025-01-06 22:59:54,037 [INFO] ImportTextPane:205 - (OptionalMessage_ERROR) IP (MotorControl) : Invalid parameter (CPU_CLK_170_MHZ)
2025-01-06 22:59:54,038 DEBUG [LineInfo_to_exitCode.log_LineInfo] 2025-01-06 22:59:54,037 [INFO] ImportTextPane:205 - (OptionalMessage_ERROR) IP (MotorControl) : Invalid parameter (CURR_SAMPLING_TIME)
2025-01-06 22:59:54,038 DEBUG [LineInfo_to_exitCode.log_LineInfo] 2025-01-06 22:59:54,038 [INFO] ImportTextPane:205 - (OptionalMessage_ERROR) IP (MotorControl) : Invalid parameter (CURRENT_READING_TOPOLOGY)
2025-01-06 22:59:54,038 DEBUG [LineInfo_to_exitCode.log_LineInfo] 2025-01-06 22:59:54,038 [INFO] ImportTextPane:205 - (OptionalMessage_ERROR) IP (MotorControl) : Invalid parameter (DRIVE_TYPE)
2025-01-06 22:59:54,038 DEBUG [LineInfo_to_exitCode.log_LineInfo] 2025-01-06 22:59:54,038 [INFO] ImportTextPane:205 - (OptionalMessage_ERROR) IP (MotorControl) : Invalid parameter (DRIVES_NUMBER_SELECTION)
2025-01-06 22:59:54,038 DEBUG [LineInfo_to_exitCode.log_LineInfo] 2025-01-06 22:59:54,038 [INFO] ImportTextPane:205 - (OptionalMessage_ERROR) IP (MotorControl) : Invalid parameter (ENCODER_AVAILABLE)
2025-01-06 22:59:54,038 DEBUG [LineInfo_to_exitCode.log_LineInfo] 2025-01-06 22:59:54,038 [INFO] ImportTextPane:205 - (OptionalMessage_ERROR) IP (MotorControl) : Invalid parameter (ENCODER_PPR)
2025-01-06 22:59:54,038 DEBUG [LineInfo_to_exitCode.log_LineInfo] 2025-01-06 22:59:54,038 [INFO] ImportTextPane:205 - (OptionalMessage_ERROR) IP (MotorControl) : Invalid parameter (EXT_CLK_8_MHZ)
2025-01-06 22:59:54,038 DEBUG [LineInfo_to_exitCode.log_LineInfo] 2025-01-06 22:59:54,038 [INFO] ImportTextPane:205 - (OptionalMessage_ERROR) IP (MotorControl) : Invalid parameter (EXT_CLOCK_FREQUENCY)
2025-01-06 22:59:54,038 DEBUG [LineInfo_to_exitCode.log_LineInfo] 2025-01-06 22:59:54,038 [INFO] ImportTextPane:205 - (OptionalMessage_ERROR) IP (MotorControl) : Invalid parameter (FEEDBACK_NET_FILTERING)
2025-01-06 22:59:54,038 DEBUG [LineInfo_to_exitCode.log_LineInfo] 2025-01-06 22:59:54,038 [INFO] ImportTextPane:205 - (OptionalMessage_ERROR) IP (MotorControl) : Invalid parameter (HALL_SENSORS_AVAILABLE)
2025-01-06 22:59:54,038 DEBUG [LineInfo_to_exitCode.log_LineInfo] 2025-01-06 22:59:54,038 [INFO] ImportTextPane:205 - (OptionalMessage_ERROR) IP (MotorControl) : Invalid parameter (HW_COMPLEMENTED_LOW_SIDE)
2025-01-06 22:59:54,038 DEBUG [LineInfo_to_exitCode.log_LineInfo] 2025-01-06 22:59:54,038 [INFO] ImportTextPane:205 - (OptionalMessage_ERROR) IP (MotorControl) : Invalid parameter (HW_DEAD_TIME_NS)
2025-01-06 22:59:54,038 DEBUG [LineInfo_to_exitCode.log_LineInfo] 2025-01-06 22:59:54,038 [INFO] ImportTextPane:205 - (OptionalMessage_ERROR) IP (MotorControl) : Invalid parameter (HWV_CS)
2025-01-06 22:59:54,038 DEBUG [LineInfo_to_exitCode.log_LineInfo] 2025-01-06 22:59:54,038 [INFO] ImportTextPane:205 - (OptionalMessage_ERROR) IP (MotorControl) : Invalid parameter (HWV_OCP)
2025-01-06 22:59:54,038 DEBUG [LineInfo_to_exitCode.log_LineInfo] 2025-01-06 22:59:54,038 [INFO] ImportTextPane:205 - (OptionalMessage_ERROR) IP (MotorControl) : Invalid parameter (HWV_PWM)
2025-01-06 22:59:54,039 DEBUG [LineInfo_to_exitCode.log_LineInfo] 2025-01-06 22:59:54,038 [INFO] ImportTextPane:205 - (OptionalMessage_ERROR) IP (MotorControl) : Invalid parameter (IPs)
2025-01-06 22:59:54,039 DEBUG [LineInfo_to_exitCode.log_LineInfo] 2025-01-06 22:59:54,038 [INFO] ImportTextPane:205 - (OptionalMessage_ERROR) IP (MotorControl) : Invalid parameter (LOW_SIDE_SIGNALS_ENABLING)
2025-01-06 22:59:54,039 DEBUG [LineInfo_to_exitCode.log_LineInfo] 2025-01-06 22:59:54,039 [INFO] ImportTextPane:205 - (OptionalMessage_ERROR) IP (MotorControl) : Invalid parameter (M1_CURRENT_AMPLIFICATION_TOPO)
2025-01-06 22:59:54,039 DEBUG [LineInfo_to_exitCode.log_LineInfo] 2025-01-06 22:59:54,039 [INFO] ImportTextPane:205 - (OptionalMessage_ERROR) IP (MotorControl) : Invalid parameter (M1_DC_CURRENT_RS_MEAS)
2025-01-06 22:59:54,039 DEBUG [LineInfo_to_exitCode.log_LineInfo] 2025-01-06 22:59:54,039 [INFO] ImportTextPane:205 - (OptionalMessage_ERROR) IP (MotorControl) : Invalid parameter (M1_HIGH_SIDE_IDLE_STATE)
2025-01-06 22:59:54,039 DEBUG [LineInfo_to_exitCode.log_LineInfo] 2025-01-06 22:59:54,039 [INFO] ImportTextPane:205 - (OptionalMessage_ERROR) IP (MotorControl) : Invalid parameter (M1_INT_AMP_OPAMP1_PIN)
2025-01-06 22:59:54,039 DEBUG [LineInfo_to_exitCode.log_LineInfo] 2025-01-06 22:59:54,039 [INFO] ImportTextPane:205 - (OptionalMessage_ERROR) IP (MotorControl) : Invalid parameter (M1_INT_AMP_OPAMP2_PIN)
2025-01-06 22:59:54,039 DEBUG [LineInfo_to_exitCode.log_LineInfo] 2025-01-06 22:59:54,039 [INFO] ImportTextPane:205 - (OptionalMessage_ERROR) IP (MotorControl) : Invalid parameter (M1_INT_AMP_OPAMP3_PIN)
2025-01-06 22:59:54,039 DEBUG [LineInfo_to_exitCode.log_LineInfo] 2025-01-06 22:59:54,039 [INFO] ImportTextPane:205 - (OptionalMessage_ERROR) IP (MotorControl) : Invalid parameter (M1_INT_AMP_OPAMPS)
2025-01-06 22:59:54,039 DEBUG [LineInfo_to_exitCode.log_LineInfo] 2025-01-06 22:59:54,039 [INFO] ImportTextPane:205 - (OptionalMessage_ERROR) IP (MotorControl) : Invalid parameter (M1_LOW_SIDE_IDLE_STATE)
2025-01-06 22:59:54,040 DEBUG [LineInfo_to_exitCode.log_LineInfo] 2025-01-06 22:59:54,040 [INFO] ImportTextPane:205 - (OptionalMessage_ERROR) IP (MotorControl) : Invalid parameter (M1_OCP_BKIN_FILTER)
2025-01-06 22:59:54,040 DEBUG [LineInfo_to_exitCode.log_LineInfo] 2025-01-06 22:59:54,040 [INFO] ImportTextPane:205 - (OptionalMessage_ERROR) IP (MotorControl) : Invalid parameter (M1_OCP_BKIN_MODE)
2025-01-06 22:59:54,040 DEBUG [LineInfo_to_exitCode.log_LineInfo] 2025-01-06 22:59:54,040 [INFO] ImportTextPane:205 - (OptionalMessage_ERROR) IP (MotorControl) : Invalid parameter (M1_OCP_BKIN_POLARITY)
2025-01-06 22:59:54,040 DEBUG [LineInfo_to_exitCode.log_LineInfo] 2025-01-06 22:59:54,040 [INFO] ImportTextPane:205 - (OptionalMessage_ERROR) IP (MotorControl) : Parameter (M1_PWM_CHARGE_BOOT_CAP_DUTY_CYCLES) has invalid value (0.000)
2025-01-06 22:59:54,040 DEBUG [LineInfo_to_exitCode.log_LineInfo] 2025-01-06 22:59:54,040 [INFO] ImportTextPane:205 - (OptionalMessage_ERROR) IP (MotorControl) : Invalid parameter (M1_PWM_TIMER_BRK_IRQ)
2025-01-06 22:59:54,042 DEBUG [LineInfo_to_exitCode.log_LineInfo] 2025-01-06 22:59:54,040 [INFO] ImportTextPane:205 - (OptionalMessage_ERROR) IP (MotorControl) : Invalid parameter (M1_PWM_TIMER_UP_IRQ)
2025-01-06 22:59:54,042 DEBUG [LineInfo_to_exitCode.log_LineInfo] 2025-01-06 22:59:54,041 [INFO] ImportTextPane:205 - (OptionalMessage_ERROR) IP (MotorControl) : Invalid parameter (M1_SPD_DIFFERENTIAL_TERM_ENABLING)
2025-01-06 22:59:54,043 DEBUG [LineInfo_to_exitCode.log_LineInfo] 2025-01-06 22:59:54,043 [INFO] ImportTextPane:205 - (OptionalMessage_ERROR) IP (MotorControl) : Invalid parameter (MAX_READABLE_CURRENT)
2025-01-06 22:59:54,043 DEBUG [LineInfo_to_exitCode.log_LineInfo] 2025-01-06 22:59:54,043 [INFO] ImportTextPane:205 - (OptionalMessage_ERROR) IP (MotorControl) : Invalid parameter (MC_WORKBENCH_VERSION)
2025-01-06 22:59:54,044 DEBUG [LineInfo_to_exitCode.log_LineInfo] 2025-01-06 22:59:54,043 [INFO] ImportTextPane:205 - (OptionalMessage_ERROR) IP (MotorControl) : Invalid parameter (MCU)
2025-01-06 22:59:54,044 DEBUG [LineInfo_to_exitCode.log_LineInfo] 2025-01-06 22:59:54,043 [INFO] ImportTextPane:205 - (OptionalMessage_ERROR) IP (MotorControl) : Invalid parameter (MCU_FAMILY)
2025-01-06 22:59:54,044 DEBUG [LineInfo_to_exitCode.log_LineInfo] 2025-01-06 22:59:54,044 [INFO] ImportTextPane:205 - (OptionalMessage_ERROR) IP (MotorControl) : Invalid parameter (MCU_LINE)
2025-01-06 22:59:54,044 DEBUG [LineInfo_to_exitCode.log_LineInfo] 2025-01-06 22:59:54,044 [INFO] ImportTextPane:205 - (OptionalMessage_ERROR) IP (MotorControl) : Invalid parameter (MCU_NAME)
2025-01-06 22:59:54,044 DEBUG [LineInfo_to_exitCode.log_LineInfo] 2025-01-06 22:59:54,044 [INFO] ImportTextPane:205 - (OptionalMessage_ERROR) IP (MotorControl) : Invalid parameter (MCU_PACKAGE)
2025-01-06 22:59:54,044 DEBUG [LineInfo_to_exitCode.log_LineInfo] 2025-01-06 22:59:54,044 [INFO] ImportTextPane:205 - (OptionalMessage_ERROR) IP (MotorControl) : Invalid parameter (MCU_TYPE)
2025-01-06 22:59:54,044 DEBUG [LineInfo_to_exitCode.log_LineInfo] 2025-01-06 22:59:54,044 [INFO] ImportTextPane:205 - (OptionalMessage_ERROR) IP (MotorControl) : Invalid parameter (MCU_USERNAME)
2025-01-06 22:59:54,044 DEBUG [LineInfo_to_exitCode.log_LineInfo] 2025-01-06 22:59:54,044 [INFO] ImportTextPane:205 - (OptionalMessage_ERROR) IP (MotorControl) : Invalid parameter (MOTOR_TYPE)
2025-01-06 22:59:54,044 DEBUG [LineInfo_to_exitCode.log_LineInfo] 2025-01-06 22:59:54,044 [INFO] ImportTextPane:205 - (OptionalMessage_ERROR) IP (MotorControl) : Invalid parameter (OCP_FILTER)
2025-01-06 22:59:54,045 DEBUG [LineInfo_to_exitCode.log_LineInfo] 2025-01-06 22:59:54,044 [INFO] ImportTextPane:205 - (OptionalMessage_ERROR) IP (MotorControl) : Invalid parameter (OCP_INVERTINGINPUT)
2025-01-06 22:59:54,045 DEBUG [LineInfo_to_exitCode.log_LineInfo] 2025-01-06 22:59:54,044 [INFO] ImportTextPane:205 - (OptionalMessage_ERROR) IP (MotorControl) : Invalid parameter (OCPA_DAC_INTERNAL_PIN)
2025-01-06 22:59:54,045 DEBUG [LineInfo_to_exitCode.log_LineInfo] 2025-01-06 22:59:54,044 [INFO] ImportTextPane:205 - (OptionalMessage_ERROR) IP (MotorControl) : Invalid parameter (OCPA_INVERTINGINPUT)
2025-01-06 22:59:54,045 DEBUG [LineInfo_to_exitCode.log_LineInfo] 2025-01-06 22:59:54,044 [INFO] ImportTextPane:205 - (OptionalMessage_ERROR) IP (MotorControl) : Invalid parameter (OCPA_INVERTINGINPUT_DAC_OUT)
2025-01-06 22:59:54,045 DEBUG [LineInfo_to_exitCode.log_LineInfo] 2025-01-06 22:59:54,044 [INFO] ImportTextPane:205 - (OptionalMessage_ERROR) IP (MotorControl) : Invalid parameter (OCPA_INVERTINGINPUT_GPIO_PIN)
2025-01-06 22:59:54,045 DEBUG [LineInfo_to_exitCode.log_LineInfo] 2025-01-06 22:59:54,044 [INFO] ImportTextPane:205 - (OptionalMessage_ERROR) IP (MotorControl) : Invalid parameter (OCPA_INVERTINGINPUT_GPIO_PORT)
2025-01-06 22:59:54,045 DEBUG [LineInfo_to_exitCode.log_LineInfo] 2025-01-06 22:59:54,045 [INFO] ImportTextPane:205 - (OptionalMessage_ERROR) IP (MotorControl) : Invalid parameter (OCPA_NONINVERTINGINPUT)
2025-01-06 22:59:54,045 DEBUG [LineInfo_to_exitCode.log_LineInfo] 2025-01-06 22:59:54,045 [INFO] ImportTextPane:205 - (OptionalMessage_ERROR) IP (MotorControl) : Invalid parameter (OCPA_NONINVERTINGINPUT_GPIO_PIN)
2025-01-06 22:59:54,045 DEBUG [LineInfo_to_exitCode.log_LineInfo] 2025-01-06 22:59:54,045 [INFO] ImportTextPane:205 - (OptionalMessage_ERROR) IP (MotorControl) : Invalid parameter (OCPA_NONINVERTINGINPUT_GPIO_PORT)
2025-01-06 22:59:54,045 DEBUG [LineInfo_to_exitCode.log_LineInfo] 2025-01-06 22:59:54,045 [INFO] ImportTextPane:205 - (OptionalMessage_ERROR) IP (MotorControl) : Invalid parameter (OCPA_OUTPUT)
2025-01-06 22:59:54,045 DEBUG [LineInfo_to_exitCode.log_LineInfo] 2025-01-06 22:59:54,045 [INFO] ImportTextPane:205 - (OptionalMessage_ERROR) IP (MotorControl) : Invalid parameter (OCPA_OUTPUT_GPIO_PIN)
2025-01-06 22:59:54,045 DEBUG [LineInfo_to_exitCode.log_LineInfo] 2025-01-06 22:59:54,045 [INFO] ImportTextPane:205 - (OptionalMessage_ERROR) IP (MotorControl) : Invalid parameter (OCPA_OUTPUT_GPIO_PORT)
2025-01-06 22:59:54,045 DEBUG [LineInfo_to_exitCode.log_LineInfo] 2025-01-06 22:59:54,045 [INFO] ImportTextPane:205 - (OptionalMessage_ERROR) IP (MotorControl) : Invalid parameter (OCPA_OUTPUT_MODE)
2025-01-06 22:59:54,046 DEBUG [LineInfo_to_exitCode.log_LineInfo] 2025-01-06 22:59:54,045 [INFO] ImportTextPane:205 - (OptionalMessage_ERROR) IP (MotorControl) : Invalid parameter (OCPA_OUTPUTPOL)
2025-01-06 22:59:54,046 DEBUG [LineInfo_to_exitCode.log_LineInfo] 2025-01-06 22:59:54,045 [INFO] ImportTextPane:205 - (OptionalMessage_ERROR) IP (MotorControl) : Invalid parameter (OCPB_DAC_INTERNAL_PIN)
2025-01-06 22:59:54,046 DEBUG [LineInfo_to_exitCode.log_LineInfo] 2025-01-06 22:59:54,045 [INFO] ImportTextPane:205 - (OptionalMessage_ERROR) IP (MotorControl) : Invalid parameter (OCPB_INVERTINGINPUT)
2025-01-06 22:59:54,046 DEBUG [LineInfo_to_exitCode.log_LineInfo] 2025-01-06 22:59:54,045 [INFO] ImportTextPane:205 - (OptionalMessage_ERROR) IP (MotorControl) : Invalid parameter (OCPB_INVERTINGINPUT_DAC_OUT)
2025-01-06 22:59:54,046 DEBUG [LineInfo_to_exitCode.log_LineInfo] 2025-01-06 22:59:54,045 [INFO] ImportTextPane:205 - (OptionalMessage_ERROR) IP (MotorControl) : Invalid parameter (OCPB_INVERTINGINPUT_GPIO_PIN)
2025-01-06 22:59:54,046 DEBUG [LineInfo_to_exitCode.log_LineInfo] 2025-01-06 22:59:54,045 [INFO] ImportTextPane:205 - (OptionalMessage_ERROR) IP (MotorControl) : Invalid parameter (OCPB_INVERTINGINPUT_GPIO_PORT)
2025-01-06 22:59:54,046 DEBUG [LineInfo_to_exitCode.log_LineInfo] 2025-01-06 22:59:54,045 [INFO] ImportTextPane:205 - (OptionalMessage_ERROR) IP (MotorControl) : Invalid parameter (OCPB_NONINVERTINGINPUT)
2025-01-06 22:59:54,046 DEBUG [LineInfo_to_exitCode.log_LineInfo] 2025-01-06 22:59:54,045 [INFO] ImportTextPane:205 - (OptionalMessage_ERROR) IP (MotorControl) : Invalid parameter (OCPB_NONINVERTINGINPUT_GPIO_PIN)
2025-01-06 22:59:54,046 DEBUG [LineInfo_to_exitCode.log_LineInfo] 2025-01-06 22:59:54,045 [INFO] ImportTextPane:205 - (OptionalMessage_ERROR) IP (MotorControl) : Invalid parameter (OCPB_NONINVERTINGINPUT_GPIO_PORT)
2025-01-06 22:59:54,046 DEBUG [LineInfo_to_exitCode.log_LineInfo] 2025-01-06 22:59:54,045 [INFO] ImportTextPane:205 - (OptionalMessage_ERROR) IP (MotorControl) : Invalid parameter (OCPB_OUTPUT)
2025-01-06 22:59:54,046 DEBUG [LineInfo_to_exitCode.log_LineInfo] 2025-01-06 22:59:54,046 [INFO] ImportTextPane:205 - (OptionalMessage_ERROR) IP (MotorControl) : Invalid parameter (OCPB_OUTPUT_GPIO_PIN)
2025-01-06 22:59:54,046 DEBUG [LineInfo_to_exitCode.log_LineInfo] 2025-01-06 22:59:54,046 [INFO] ImportTextPane:205 - (OptionalMessage_ERROR) IP (MotorControl) : Invalid parameter (OCPB_OUTPUT_GPIO_PORT)
2025-01-06 22:59:54,046 DEBUG [LineInfo_to_exitCode.log_LineInfo] 2025-01-06 22:59:54,046 [INFO] ImportTextPane:205 - (OptionalMessage_ERROR) IP (MotorControl) : Invalid parameter (OCPB_OUTPUT_MODE)
2025-01-06 22:59:54,046 DEBUG [LineInfo_to_exitCode.log_LineInfo] 2025-01-06 22:59:54,046 [INFO] ImportTextPane:205 - (OptionalMessage_ERROR) IP (MotorControl) : Invalid parameter (OCPB_OUTPUTPOL)
2025-01-06 22:59:54,046 DEBUG [LineInfo_to_exitCode.log_LineInfo] 2025-01-06 22:59:54,046 [INFO] ImportTextPane:205 - (OptionalMessage_ERROR) IP (MotorControl) : Invalid parameter (OCPC_DAC_INTERNAL_PIN)
2025-01-06 22:59:54,046 DEBUG [LineInfo_to_exitCode.log_LineInfo] 2025-01-06 22:59:54,046 [INFO] ImportTextPane:205 - (OptionalMessage_ERROR) IP (MotorControl) : Invalid parameter (OCPC_INVERTINGINPUT)
2025-01-06 22:59:54,046 DEBUG [LineInfo_to_exitCode.log_LineInfo] 2025-01-06 22:59:54,046 [INFO] ImportTextPane:205 - (OptionalMessage_ERROR) IP (MotorControl) : Invalid parameter (OCPC_INVERTINGINPUT_DAC_OUT)
2025-01-06 22:59:54,046 DEBUG [LineInfo_to_exitCode.log_LineInfo] 2025-01-06 22:59:54,046 [INFO] ImportTextPane:205 - (OptionalMessage_ERROR) IP (MotorControl) : Invalid parameter (OCPC_INVERTINGINPUT_GPIO_PIN)
2025-01-06 22:59:54,047 DEBUG [LineInfo_to_exitCode.log_LineInfo] 2025-01-06 22:59:54,046 [INFO] ImportTextPane:205 - (OptionalMessage_ERROR) IP (MotorControl) : Invalid parameter (OCPC_INVERTINGINPUT_GPIO_PORT)
2025-01-06 22:59:54,047 DEBUG [LineInfo_to_exitCode.log_LineInfo] 2025-01-06 22:59:54,046 [INFO] ImportTextPane:205 - (OptionalMessage_ERROR) IP (MotorControl) : Invalid parameter (OCPC_NONINVERTINGINPUT)
2025-01-06 22:59:54,047 DEBUG [LineInfo_to_exitCode.log_LineInfo] 2025-01-06 22:59:54,046 [INFO] ImportTextPane:205 - (OptionalMessage_ERROR) IP (MotorControl) : Invalid parameter (OCPC_NONINVERTINGINPUT_GPIO_PIN)
2025-01-06 22:59:54,047 DEBUG [LineInfo_to_exitCode.log_LineInfo] 2025-01-06 22:59:54,046 [INFO] ImportTextPane:205 - (OptionalMessage_ERROR) IP (MotorControl) : Invalid parameter (OCPC_NONINVERTINGINPUT_GPIO_PORT)
2025-01-06 22:59:54,047 DEBUG [LineInfo_to_exitCode.log_LineInfo] 2025-01-06 22:59:54,046 [INFO] ImportTextPane:205 - (OptionalMessage_ERROR) IP (MotorControl) : Invalid parameter (OCPC_OUTPUT)
2025-01-06 22:59:54,047 DEBUG [LineInfo_to_exitCode.log_LineInfo] 2025-01-06 22:59:54,046 [INFO] ImportTextPane:205 - (OptionalMessage_ERROR) IP (MotorControl) : Invalid parameter (OCPC_OUTPUT_GPIO_PIN)
2025-01-06 22:59:54,047 DEBUG [LineInfo_to_exitCode.log_LineInfo] 2025-01-06 22:59:54,046 [INFO] ImportTextPane:205 - (OptionalMessage_ERROR) IP (MotorControl) : Invalid parameter (OCPC_OUTPUT_GPIO_PORT)
2025-01-06 22:59:54,047 DEBUG [LineInfo_to_exitCode.log_LineInfo] 2025-01-06 22:59:54,046 [INFO] ImportTextPane:205 - (OptionalMessage_ERROR) IP (MotorControl) : Invalid parameter (OCPC_OUTPUT_MODE)
2025-01-06 22:59:54,047 DEBUG [LineInfo_to_exitCode.log_LineInfo] 2025-01-06 22:59:54,046 [INFO] ImportTextPane:205 - (OptionalMessage_ERROR) IP (MotorControl) : Invalid parameter (OCPC_OUTPUTPOL)
2025-01-06 22:59:54,047 DEBUG [LineInfo_to_exitCode.log_LineInfo] 2025-01-06 22:59:54,046 [INFO] ImportTextPane:205 - (OptionalMessage_ERROR) IP (MotorControl) : Invalid parameter (ON_OVER_VOLTAGE)
2025-01-06 22:59:54,047 DEBUG [LineInfo_to_exitCode.log_LineInfo] 2025-01-06 22:59:54,046 [INFO] ImportTextPane:205 - (OptionalMessage_ERROR) IP (MotorControl) : Invalid parameter (OPAMP_PGAGAIN)
2025-01-06 22:59:54,047 DEBUG [LineInfo_to_exitCode.log_LineInfo] 2025-01-06 22:59:54,046 [INFO] ImportTextPane:205 - (OptionalMessage_ERROR) IP (MotorControl) : Invalid parameter (OPAMP_TYPE_GAIN)
2025-01-06 22:59:54,047 DEBUG [LineInfo_to_exitCode.log_LineInfo] 2025-01-06 22:59:54,047 [INFO] ImportTextPane:205 - (OptionalMessage_ERROR) IP (MotorControl) : Invalid parameter (OPAMP1_INVERTINGINPUT)
2025-01-06 22:59:54,048 DEBUG [LineInfo_to_exitCode.log_LineInfo] 2025-01-06 22:59:54,047 [INFO] ImportTextPane:205 - (OptionalMessage_ERROR) IP (MotorControl) : Invalid parameter (OPAMP1_INVERTINGINPUT_GPIO_PIN)
2025-01-06 22:59:54,048 DEBUG [LineInfo_to_exitCode.log_LineInfo] 2025-01-06 22:59:54,047 [INFO] ImportTextPane:205 - (OptionalMessage_ERROR) IP (MotorControl) : Invalid parameter (OPAMP1_INVERTINGINPUT_GPIO_PORT)
2025-01-06 22:59:54,048 DEBUG [LineInfo_to_exitCode.log_LineInfo] 2025-01-06 22:59:54,047 [INFO] ImportTextPane:205 - (OptionalMessage_ERROR) IP (MotorControl) : Invalid parameter (OPAMP1_INVERTINGINPUT_MODE)
2025-01-06 22:59:54,048 DEBUG [LineInfo_to_exitCode.log_LineInfo] 2025-01-06 22:59:54,047 [INFO] ImportTextPane:205 - (OptionalMessage_ERROR) IP (MotorControl) : Invalid parameter (OPAMP1_NONINVERTINGINPUT_PHA_GPIO_PIN)
2025-01-06 22:59:54,048 DEBUG [LineInfo_to_exitCode.log_LineInfo] 2025-01-06 22:59:54,047 [INFO] ImportTextPane:205 - (OptionalMessage_ERROR) IP (MotorControl) : Invalid parameter (OPAMP1_NONINVERTINGINPUT_PHA_GPIO_PORT)
2025-01-06 22:59:54,048 DEBUG [LineInfo_to_exitCode.log_LineInfo] 2025-01-06 22:59:54,047 [INFO] ImportTextPane:205 - (OptionalMessage_ERROR) IP (MotorControl) : Invalid parameter (OPAMP1_OUT_GPIO_PIN)
2025-01-06 22:59:54,048 DEBUG [LineInfo_to_exitCode.log_LineInfo] 2025-01-06 22:59:54,047 [INFO] ImportTextPane:205 - (OptionalMessage_ERROR) IP (MotorControl) : Invalid parameter (OPAMP1_OUT_GPIO_PORT)
2025-01-06 22:59:54,048 DEBUG [LineInfo_to_exitCode.log_LineInfo] 2025-01-06 22:59:54,047 [INFO] ImportTextPane:205 - (OptionalMessage_ERROR) IP (MotorControl) : Invalid parameter (OPAMP2_INVERTINGINPUT)
2025-01-06 22:59:54,048 DEBUG [LineInfo_to_exitCode.log_LineInfo] 2025-01-06 22:59:54,047 [INFO] ImportTextPane:205 - (OptionalMessage_ERROR) IP (MotorControl) : Invalid parameter (OPAMP2_INVERTINGINPUT_GPIO_PIN)
2025-01-06 22:59:54,049 DEBUG [LineInfo_to_exitCode.log_LineInfo] 2025-01-06 22:59:54,047 [INFO] ImportTextPane:205 - (OptionalMessage_ERROR) IP (MotorControl) : Invalid parameter (OPAMP2_INVERTINGINPUT_GPIO_PORT)
2025-01-06 22:59:54,049 DEBUG [LineInfo_to_exitCode.log_LineInfo] 2025-01-06 22:59:54,047 [INFO] ImportTextPane:205 - (OptionalMessage_ERROR) IP (MotorControl) : Invalid parameter (OPAMP2_INVERTINGINPUT_MODE)
2025-01-06 22:59:54,049 DEBUG [LineInfo_to_exitCode.log_LineInfo] 2025-01-06 22:59:54,047 [INFO] ImportTextPane:205 - (OptionalMessage_ERROR) IP (MotorControl) : Invalid parameter (OPAMP2_NONINVERTINGINPUT_PHB_GPIO_PIN)
2025-01-06 22:59:54,049 DEBUG [LineInfo_to_exitCode.log_LineInfo] 2025-01-06 22:59:54,048 [INFO] ImportTextPane:205 - (OptionalMessage_ERROR) IP (MotorControl) : Invalid parameter (OPAMP2_NONINVERTINGINPUT_PHB_GPIO_PORT)
2025-01-06 22:59:54,049 DEBUG [LineInfo_to_exitCode.log_LineInfo] 2025-01-06 22:59:54,048 [INFO] ImportTextPane:205 - (OptionalMessage_ERROR) IP (MotorControl) : Invalid parameter (OPAMP2_OUT_GPIO_PIN)
2025-01-06 22:59:54,049 DEBUG [LineInfo_to_exitCode.log_LineInfo] 2025-01-06 22:59:54,048 [INFO] ImportTextPane:205 - (OptionalMessage_ERROR) IP (MotorControl) : Invalid parameter (OPAMP2_OUT_GPIO_PORT)
2025-01-06 22:59:54,049 DEBUG [LineInfo_to_exitCode.log_LineInfo] 2025-01-06 22:59:54,048 [INFO] ImportTextPane:205 - (OptionalMessage_ERROR) IP (MotorControl) : Invalid parameter (OPAMP3_INVERTINGINPUT)
2025-01-06 22:59:54,049 DEBUG [LineInfo_to_exitCode.log_LineInfo] 2025-01-06 22:59:54,048 [INFO] ImportTextPane:205 - (OptionalMessage_ERROR) IP (MotorControl) : Invalid parameter (OPAMP3_INVERTINGINPUT_GPIO_PIN)
2025-01-06 22:59:54,050 DEBUG [LineInfo_to_exitCode.log_LineInfo] 2025-01-06 22:59:54,048 [INFO] ImportTextPane:205 - (OptionalMessage_ERROR) IP (MotorControl) : Invalid parameter (OPAMP3_INVERTINGINPUT_GPIO_PORT)
2025-01-06 22:59:54,050 DEBUG [LineInfo_to_exitCode.log_LineInfo] 2025-01-06 22:59:54,048 [INFO] ImportTextPane:205 - (OptionalMessage_ERROR) IP (MotorControl) : Invalid parameter (OPAMP3_INVERTINGINPUT_MODE)
2025-01-06 22:59:54,050 DEBUG [LineInfo_to_exitCode.log_LineInfo] 2025-01-06 22:59:54,048 [INFO] ImportTextPane:205 - (OptionalMessage_ERROR) IP (MotorControl) : Invalid parameter (OPAMP3_NONINVERTINGINPUT_PHC)
2025-01-06 22:59:54,050 DEBUG [LineInfo_to_exitCode.log_LineInfo] 2025-01-06 22:59:54,048 [INFO] ImportTextPane:205 - (OptionalMessage_ERROR) IP (MotorControl) : Invalid parameter (OPAMP3_NONINVERTINGINPUT_PHC_GPIO_PIN)
2025-01-06 22:59:54,050 DEBUG [LineInfo_to_exitCode.log_LineInfo] 2025-01-06 22:59:54,049 [INFO] ImportTextPane:205 - (OptionalMessage_ERROR) IP (MotorControl) : Invalid parameter (OPAMP3_NONINVERTINGINPUT_PHC_GPIO_PORT)
2025-01-06 22:59:54,050 DEBUG [LineInfo_to_exitCode.log_LineInfo] 2025-01-06 22:59:54,049 [INFO] ImportTextPane:205 - (OptionalMessage_ERROR) IP (MotorControl) : Invalid parameter (OPAMP3_OUT_GPIO_PIN)
2025-01-06 22:59:54,050 DEBUG [LineInfo_to_exitCode.log_LineInfo] 2025-01-06 22:59:54,049 [INFO] ImportTextPane:205 - (OptionalMessage_ERROR) IP (MotorControl) : Invalid parameter (OPAMP3_OUT_GPIO_PORT)
2025-01-06 22:59:54,050 DEBUG [LineInfo_to_exitCode.log_LineInfo] 2025-01-06 22:59:54,049 [INFO] ImportTextPane:205 - (OptionalMessage_ERROR) IP (MotorControl) : Invalid parameter (OPAMP3_SELECTION)
2025-01-06 22:59:54,050 DEBUG [LineInfo_to_exitCode.log_LineInfo] 2025-01-06 22:59:54,049 [INFO] ImportTextPane:205 - (OptionalMessage_ERROR) IP (MotorControl) : Invalid parameter (OV_TEMPERATURE_PROT_ENABLING)
2025-01-06 22:59:54,050 DEBUG [LineInfo_to_exitCode.log_LineInfo] 2025-01-06 22:59:54,049 [INFO] ImportTextPane:205 - (OptionalMessage_ERROR) IP (MotorControl) : Invalid parameter (OV_VOLTAGE_PROT_ENABLING)
2025-01-06 22:59:54,050 DEBUG [LineInfo_to_exitCode.log_LineInfo] 2025-01-06 22:59:54,049 [INFO] ImportTextPane:205 - (OptionalMessage_ERROR) IP (MotorControl) : Invalid parameter (PHASE_U_CURR_ADC)
2025-01-06 22:59:54,050 DEBUG [LineInfo_to_exitCode.log_LineInfo] 2025-01-06 22:59:54,049 [INFO] ImportTextPane:205 - (OptionalMessage_ERROR) IP (MotorControl) : Invalid parameter (PHASE_U_GPIO_PIN)
2025-01-06 22:59:54,050 DEBUG [LineInfo_to_exitCode.log_LineInfo] 2025-01-06 22:59:54,049 [INFO] ImportTextPane:205 - (OptionalMessage_ERROR) IP (MotorControl) : Invalid parameter (PHASE_U_GPIO_PORT)
2025-01-06 22:59:54,050 DEBUG [LineInfo_to_exitCode.log_LineInfo] 2025-01-06 22:59:54,050 [INFO] ImportTextPane:205 - (OptionalMessage_ERROR) IP (MotorControl) : Invalid parameter (PHASE_UH_GPIO_PIN)
2025-01-06 22:59:54,051 DEBUG [LineInfo_to_exitCode.log_LineInfo] 2025-01-06 22:59:54,050 [INFO] ImportTextPane:205 - (OptionalMessage_ERROR) IP (MotorControl) : Invalid parameter (PHASE_UH_GPIO_PORT)
2025-01-06 22:59:54,051 DEBUG [LineInfo_to_exitCode.log_LineInfo] 2025-01-06 22:59:54,050 [INFO] ImportTextPane:205 - (OptionalMessage_ERROR) IP (MotorControl) : Invalid parameter (PHASE_UL_GPIO_PIN)
2025-01-06 22:59:54,051 DEBUG [LineInfo_to_exitCode.log_LineInfo] 2025-01-06 22:59:54,050 [INFO] ImportTextPane:205 - (OptionalMessage_ERROR) IP (MotorControl) : Invalid parameter (PHASE_UL_GPIO_PORT)
2025-01-06 22:59:54,051 DEBUG [LineInfo_to_exitCode.log_LineInfo] 2025-01-06 22:59:54,050 [INFO] ImportTextPane:205 - (OptionalMessage_ERROR) IP (MotorControl) : Parameter (PHASE_UL_POLARITY) has invalid value (L_ACTIVE_HIGH)
2025-01-06 22:59:54,051 DEBUG [LineInfo_to_exitCode.log_LineInfo] 2025-01-06 22:59:54,050 [INFO] ImportTextPane:205 - (OptionalMessage_ERROR) IP (MotorControl) : Invalid parameter (PHASE_V_CURR_ADC)
2025-01-06 22:59:54,051 DEBUG [LineInfo_to_exitCode.log_LineInfo] 2025-01-06 22:59:54,050 [INFO] ImportTextPane:205 - (OptionalMessage_ERROR) IP (MotorControl) : Invalid parameter (PHASE_V_GPIO_PIN)
2025-01-06 22:59:54,051 DEBUG [LineInfo_to_exitCode.log_LineInfo] 2025-01-06 22:59:54,050 [INFO] ImportTextPane:205 - (OptionalMessage_ERROR) IP (MotorControl) : Invalid parameter (PHASE_V_GPIO_PORT)
2025-01-06 22:59:54,051 DEBUG [LineInfo_to_exitCode.log_LineInfo] 2025-01-06 22:59:54,050 [INFO] ImportTextPane:205 - (OptionalMessage_ERROR) IP (MotorControl) : Invalid parameter (PHASE_VH_GPIO_PIN)
2025-01-06 22:59:54,051 DEBUG [LineInfo_to_exitCode.log_LineInfo] 2025-01-06 22:59:54,050 [INFO] ImportTextPane:205 - (OptionalMessage_ERROR) IP (MotorControl) : Invalid parameter (PHASE_VH_GPIO_PORT)
2025-01-06 22:59:54,051 DEBUG [LineInfo_to_exitCode.log_LineInfo] 2025-01-06 22:59:54,050 [INFO] ImportTextPane:205 - (OptionalMessage_ERROR) IP (MotorControl) : Invalid parameter (PHASE_VL_GPIO_PIN)
2025-01-06 22:59:54,051 DEBUG [LineInfo_to_exitCode.log_LineInfo] 2025-01-06 22:59:54,050 [INFO] ImportTextPane:205 - (OptionalMessage_ERROR) IP (MotorControl) : Invalid parameter (PHASE_VL_GPIO_PORT)
2025-01-06 22:59:54,051 DEBUG [LineInfo_to_exitCode.log_LineInfo] 2025-01-06 22:59:54,050 [INFO] ImportTextPane:205 - (OptionalMessage_ERROR) IP (MotorControl) : Parameter (PHASE_VL_POLARITY) has invalid value (L_ACTIVE_HIGH)
2025-01-06 22:59:54,051 DEBUG [LineInfo_to_exitCode.log_LineInfo] 2025-01-06 22:59:54,050 [INFO] ImportTextPane:205 - (OptionalMessage_ERROR) IP (MotorControl) : Invalid parameter (PHASE_W_CURR_ADC)
2025-01-06 22:59:54,051 DEBUG [LineInfo_to_exitCode.log_LineInfo] 2025-01-06 22:59:54,050 [INFO] ImportTextPane:205 - (OptionalMessage_ERROR) IP (MotorControl) : Invalid parameter (PHASE_W_GPIO_PIN)
2025-01-06 22:59:54,051 DEBUG [LineInfo_to_exitCode.log_LineInfo] 2025-01-06 22:59:54,050 [INFO] ImportTextPane:205 - (OptionalMessage_ERROR) IP (MotorControl) : Invalid parameter (PHASE_W_GPIO_PORT)
2025-01-06 22:59:54,051 DEBUG [LineInfo_to_exitCode.log_LineInfo] 2025-01-06 22:59:54,051 [INFO] ImportTextPane:205 - (OptionalMessage_ERROR) IP (MotorControl) : Invalid parameter (PHASE_W_S_CURR_ADC)
2025-01-06 22:59:54,052 DEBUG [LineInfo_to_exitCode.log_LineInfo] 2025-01-06 22:59:54,051 [INFO] ImportTextPane:205 - (OptionalMessage_ERROR) IP (MotorControl) : Invalid parameter (PHASE_W_S_CURR_CHANNEL)
2025-01-06 22:59:54,052 DEBUG [LineInfo_to_exitCode.log_LineInfo] 2025-01-06 22:59:54,051 [INFO] ImportTextPane:205 - (OptionalMessage_ERROR) IP (MotorControl) : Invalid parameter (PHASE_W_S_GPIO_PIN)
2025-01-06 22:59:54,052 DEBUG [LineInfo_to_exitCode.log_LineInfo] 2025-01-06 22:59:54,051 [INFO] ImportTextPane:205 - (OptionalMessage_ERROR) IP (MotorControl) : Invalid parameter (PHASE_W_S_GPIO_PORT)
2025-01-06 22:59:54,052 DEBUG [LineInfo_to_exitCode.log_LineInfo] 2025-01-06 22:59:54,051 [INFO] ImportTextPane:205 - (OptionalMessage_ERROR) IP (MotorControl) : Invalid parameter (PHASE_WH_GPIO_PIN)
2025-01-06 22:59:54,052 DEBUG [LineInfo_to_exitCode.log_LineInfo] 2025-01-06 22:59:54,051 [INFO] ImportTextPane:205 - (OptionalMessage_ERROR) IP (MotorControl) : Invalid parameter (PHASE_WH_GPIO_PORT)
2025-01-06 22:59:54,052 DEBUG [LineInfo_to_exitCode.log_LineInfo] 2025-01-06 22:59:54,051 [INFO] ImportTextPane:205 - (OptionalMessage_ERROR) IP (MotorControl) : Invalid parameter (PHASE_WL_GPIO_PIN)
2025-01-06 22:59:54,052 DEBUG [LineInfo_to_exitCode.log_LineInfo] 2025-01-06 22:59:54,051 [INFO] ImportTextPane:205 - (OptionalMessage_ERROR) IP (MotorControl) : Invalid parameter (PHASE_WL_GPIO_PORT)
2025-01-06 22:59:54,052 DEBUG [LineInfo_to_exitCode.log_LineInfo] 2025-01-06 22:59:54,051 [INFO] ImportTextPane:205 - (OptionalMessage_ERROR) IP (MotorControl) : Parameter (PHASE_WL_POLARITY) has invalid value (L_ACTIVE_HIGH)
2025-01-06 22:59:54,052 DEBUG [LineInfo_to_exitCode.log_LineInfo] 2025-01-06 22:59:54,051 [INFO] ImportTextPane:205 - (OptionalMessage_ERROR) IP (MotorControl) : Invalid parameter (POTENTIOMETER_READING)
2025-01-06 22:59:54,052 DEBUG [LineInfo_to_exitCode.log_LineInfo] 2025-01-06 22:59:54,051 [INFO] ImportTextPane:205 - (OptionalMessage_ERROR) IP (MotorControl) : Invalid parameter (PWM_FREQUENCY)
2025-01-06 22:59:54,052 DEBUG [LineInfo_to_exitCode.log_LineInfo] 2025-01-06 22:59:54,051 [INFO] ImportTextPane:205 - (OptionalMessage_ERROR) IP (MotorControl) : Invalid parameter (PWM_TIMER_SELECTION)
2025-01-06 22:59:54,052 DEBUG [LineInfo_to_exitCode.log_LineInfo] 2025-01-06 22:59:54,051 [INFO] ImportTextPane:205 - (OptionalMessage_ERROR) IP (MotorControl) : Invalid parameter (R_BRAKE_SWITCH_OFF_THRES_V)
2025-01-06 22:59:54,052 DEBUG [LineInfo_to_exitCode.log_LineInfo] 2025-01-06 22:59:54,051 [INFO] ImportTextPane:205 - (OptionalMessage_ERROR) IP (MotorControl) : Invalid parameter (REGULATION_EXECUTION_RATE)
2025-01-06 22:59:54,052 DEBUG [LineInfo_to_exitCode.log_LineInfo] 2025-01-06 22:59:54,051 [INFO] ImportTextPane:205 - (OptionalMessage_ERROR) IP (MotorControl) : Invalid parameter (SINGLEDRIVE)
2025-01-06 22:59:54,052 DEBUG [LineInfo_to_exitCode.log_LineInfo] 2025-01-06 22:59:54,051 [INFO] ImportTextPane:205 - (OptionalMessage_ERROR) IP (MotorControl) : Invalid parameter (SPD_DIFFERENTIAL_TERM_ENABLING)
2025-01-06 22:59:54,052 DEBUG [LineInfo_to_exitCode.log_LineInfo] 2025-01-06 22:59:54,051 [INFO] ImportTextPane:205 - (OptionalMessage_ERROR) IP (MotorControl) : Invalid parameter (SPEED_SENSOR_SELECTION)
2025-01-06 22:59:54,052 DEBUG [LineInfo_to_exitCode.log_LineInfo] 2025-01-06 22:59:54,052 [INFO] ImportTextPane:205 - (OptionalMessage_ERROR) IP (MotorControl) : Invalid parameter (START_STOP_POLARITY)
2025-01-06 22:59:54,052 DEBUG [LineInfo_to_exitCode.log_LineInfo] 2025-01-06 22:59:54,052 [INFO] ImportTextPane:205 - (OptionalMessage_ERROR) IP (MotorControl) : Invalid parameter (START_STOP_POLARITY_EDGE)
2025-01-06 22:59:54,053 DEBUG [LineInfo_to_exitCode.log_LineInfo] 2025-01-06 22:59:54,052 [INFO] ImportTextPane:205 - (OptionalMessage_ERROR) IP (MotorControl) : Invalid parameter (STATE_OBSERVER_PLL)
2025-01-06 22:59:54,053 DEBUG [LineInfo_to_exitCode.log_LineInfo] 2025-01-06 22:59:54,052 [INFO] ImportTextPane:205 - (OptionalMessage_ERROR) IP (MotorControl) : Invalid parameter (STM32G431CB)
2025-01-06 22:59:54,053 DEBUG [LineInfo_to_exitCode.log_LineInfo] 2025-01-06 22:59:54,052 [INFO] ImportTextPane:205 - (OptionalMessage_ERROR) IP (MotorControl) : Invalid parameter (SW_DEADTIME_NS)
2025-01-06 22:59:54,053 DEBUG [LineInfo_to_exitCode.log_LineInfo] 2025-01-06 22:59:54,052 [INFO] ImportTextPane:205 - (OptionalMessage_ERROR) IP (MotorControl) : Invalid parameter (TEMP_ADC_SAMPLING_TIME)
2025-01-06 22:59:54,053 DEBUG [LineInfo_to_exitCode.log_LineInfo] 2025-01-06 22:59:54,052 [INFO] ImportTextPane:205 - (OptionalMessage_ERROR) IP (MotorControl) : Invalid parameter (TEMP_FDBK_ADC)
2025-01-06 22:59:54,053 DEBUG [LineInfo_to_exitCode.log_LineInfo] 2025-01-06 22:59:54,052 [INFO] ImportTextPane:205 - (OptionalMessage_ERROR) IP (MotorControl) : Invalid parameter (TEMP_FDBK_CHANNEL)
2025-01-06 22:59:54,053 DEBUG [LineInfo_to_exitCode.log_LineInfo] 2025-01-06 22:59:54,052 [INFO] ImportTextPane:205 - (OptionalMessage_ERROR) IP (MotorControl) : Invalid parameter (TEMP_FDBK_GPIO_PIN)
2025-01-06 22:59:54,053 DEBUG [LineInfo_to_exitCode.log_LineInfo] 2025-01-06 22:59:54,052 [INFO] ImportTextPane:205 - (OptionalMessage_ERROR) IP (MotorControl) : Invalid parameter (TEMP_FDBK_GPIO_PORT)
2025-01-06 22:59:54,053 DEBUG [LineInfo_to_exitCode.log_LineInfo] 2025-01-06 22:59:54,052 [INFO] ImportTextPane:205 - (OptionalMessage_ERROR) IP (MotorControl) : Invalid parameter (TEMPERATURE_READING)
2025-01-06 22:59:54,053 DEBUG [LineInfo_to_exitCode.log_LineInfo] 2025-01-06 22:59:54,052 [INFO] ImportTextPane:205 - (OptionalMessage_ERROR) IP (MotorControl) : Invalid parameter (TFDIFFERENTIAL_TERM_ENABLING)
2025-01-06 22:59:54,053 DEBUG [LineInfo_to_exitCode.log_LineInfo] 2025-01-06 22:59:54,052 [INFO] ImportTextPane:205 - (OptionalMessage_ERROR) IP (MotorControl) : Invalid parameter (TRISE_NS)
2025-01-06 22:59:54,053 DEBUG [LineInfo_to_exitCode.log_LineInfo] 2025-01-06 22:59:54,053 [INFO] ImportTextPane:205 - (OptionalMessage_ERROR) IP (MotorControl) : Invalid parameter (USART_RX_GPIO_PIN)
2025-01-06 22:59:54,053 DEBUG [LineInfo_to_exitCode.log_LineInfo] 2025-01-06 22:59:54,053 [INFO] ImportTextPane:205 - (OptionalMessage_ERROR) IP (MotorControl) : Invalid parameter (USART_RX_GPIO_PORT)
2025-01-06 22:59:54,053 DEBUG [LineInfo_to_exitCode.log_LineInfo] 2025-01-06 22:59:54,053 [INFO] ImportTextPane:205 - (OptionalMessage_ERROR) IP (MotorControl) : Invalid parameter (USART_SELECTION)
2025-01-06 22:59:54,053 DEBUG [LineInfo_to_exitCode.log_LineInfo] 2025-01-06 22:59:54,053 [INFO] ImportTextPane:205 - (OptionalMessage_ERROR) IP (MotorControl) : Invalid parameter (USART_SPEED)
2025-01-06 22:59:54,053 DEBUG [LineInfo_to_exitCode.log_LineInfo] 2025-01-06 22:59:54,053 [INFO] ImportTextPane:205 - (OptionalMessage_ERROR) IP (MotorControl) : Invalid parameter (USART_TX_GPIO_PIN)
2025-01-06 22:59:54,053 DEBUG [LineInfo_to_exitCode.log_LineInfo] 2025-01-06 22:59:54,053 [INFO] ImportTextPane:205 - (OptionalMessage_ERROR) IP (MotorControl) : Invalid parameter (USART_TX_GPIO_PORT)
2025-01-06 22:59:54,053 DEBUG [LineInfo_to_exitCode.log_LineInfo] 2025-01-06 22:59:54,053 [INFO] ImportTextPane:205 - (OptionalMessage_ERROR) IP (MotorControl) : Invalid parameter (USE_3OPAMPS)
2025-01-06 22:59:54,054 DEBUG [LineInfo_to_exitCode.log_LineInfo] 2025-01-06 22:59:54,053 [INFO] ImportTextPane:205 - (OptionalMessage_ERROR) IP (MotorControl) : Invalid parameter (USE_INTERNAL_OPAMP)
2025-01-06 22:59:54,054 DEBUG [LineInfo_to_exitCode.log_LineInfo] 2025-01-06 22:59:54,053 [INFO] ImportTextPane:205 - (OptionalMessage_ERROR) IP (MotorControl) : Invalid parameter (UV_VOLTAGE_PROT_ENABLING)
2025-01-06 22:59:54,054 DEBUG [LineInfo_to_exitCode.log_LineInfo] 2025-01-06 22:59:54,053 [INFO] ImportTextPane:205 - (OptionalMessage_ERROR) IP (MotorControl) : Invalid parameter (VBUS_ADC)
2025-01-06 22:59:54,054 DEBUG [LineInfo_to_exitCode.log_LineInfo] 2025-01-06 22:59:54,054 [INFO] ImportTextPane:205 - (OptionalMessage_ERROR) IP (MotorControl) : Invalid parameter (VBUS_ADC_SAMPLING_TIME)
2025-01-06 22:59:54,054 DEBUG [LineInfo_to_exitCode.log_LineInfo] 2025-01-06 22:59:54,054 [INFO] ImportTextPane:205 - (OptionalMessage_ERROR) IP (MotorControl) : Invalid parameter (VBUS_CHANNEL)
2025-01-06 22:59:54,054 DEBUG [LineInfo_to_exitCode.log_LineInfo] 2025-01-06 22:59:54,054 [INFO] ImportTextPane:205 - (OptionalMessage_ERROR) IP (MotorControl) : Invalid parameter (VBUS_GPIO_PIN)
2025-01-06 22:59:54,054 DEBUG [LineInfo_to_exitCode.log_LineInfo] 2025-01-06 22:59:54,054 [INFO] ImportTextPane:205 - (OptionalMessage_ERROR) IP (MotorControl) : Invalid parameter (VBUS_GPIO_PORT)
2025-01-06 22:59:54,054 DEBUG [LineInfo_to_exitCode.log_LineInfo] 2025-01-06 22:59:54,054 [INFO] ImportTextPane:205 - (OptionalMessage_ERROR) IP (MotorControl) : Invalid parameter (WB_to_Mx_template_version)
2025-01-06 22:59:54,054 DEBUG [LineInfo_to_exitCode.log_LineInfo] 2025-01-06 22:59:54,054 [INFO] ImportTextPane:205 - (OptionalMessage_ERROR) IP (MotorControl) : Invalid parameter (WB_to_Mx_version)
2025-01-06 22:59:54,054 DEBUG [LineInfo_to_exitCode.log_LineInfo] 2025-01-06 22:59:54,054 [INFO] ImportTextPane:205 - (OptionalMessage_ERROR) IP (MotorControl) : Invalid parameter (WB_UI_CUTOFF_FREQUENCY)
2025-01-06 22:59:54,054 DEBUG [LineInfo_to_exitCode.log_LineInfo] 2025-01-06 22:59:54,054 [INFO] ImportTextPane:205 - (OptionalMessage_ERROR) IP (MotorControl) : Invalid parameter (WB_UI_ENCODER_HAS_INDEX_PIN)
2025-01-06 22:59:54,054 DEBUG [LineInfo_to_exitCode.log_LineInfo] 2025-01-06 22:59:54,054 [INFO] ImportTextPane:205 - (OptionalMessage_ERROR) IP (MotorControl) : Invalid parameter (WB_UI_FLUX_TARGET)
2025-01-06 22:59:54,054 DEBUG [LineInfo_to_exitCode.log_LineInfo] 2025-01-06 22:59:54,054 [INFO] ImportTextPane:205 - (OptionalMessage_ERROR) IP (MotorControl) : Invalid parameter (WB_UI_FRICTION)
2025-01-06 22:59:54,054 DEBUG [LineInfo_to_exitCode.log_LineInfo] 2025-01-06 22:59:54,054 [INFO] ImportTextPane:205 - (OptionalMessage_ERROR) IP (MotorControl) : Invalid parameter (WB_UI_GAIN)
2025-01-06 22:59:54,054 DEBUG [LineInfo_to_exitCode.log_LineInfo] 2025-01-06 22:59:54,054 [INFO] ImportTextPane:205 - (OptionalMessage_ERROR) IP (MotorControl) : Invalid parameter (WB_UI_GAINLIST)
2025-01-06 22:59:54,055 DEBUG [LineInfo_to_exitCode.log_LineInfo] 2025-01-06 22:59:54,054 [INFO] ImportTextPane:205 - (OptionalMessage_ERROR) IP (MotorControl) : Invalid parameter (WB_UI_GON)
2025-01-06 22:59:54,055 DEBUG [LineInfo_to_exitCode.log_LineInfo] 2025-01-06 22:59:54,055 [INFO] ImportTextPane:205 - (OptionalMessage_ERROR) IP (MotorControl) : Invalid parameter (WB_UI_GOP)
2025-01-06 22:59:54,055 DEBUG [LineInfo_to_exitCode.log_LineInfo] 2025-01-06 22:59:54,055 [INFO] ImportTextPane:205 - (OptionalMessage_ERROR) IP (MotorControl) : Invalid parameter (WB_UI_INERTIA)
2025-01-06 22:59:54,055 DEBUG [LineInfo_to_exitCode.log_LineInfo] 2025-01-06 22:59:54,055 [INFO] ImportTextPane:205 - (OptionalMessage_ERROR) IP (MotorControl) : Invalid parameter (WB_UI_MAGNETIC_STRUCTURE)
2025-01-06 22:59:54,055 DEBUG [LineInfo_to_exitCode.log_LineInfo] 2025-01-06 22:59:54,055 [INFO] ImportTextPane:205 - (OptionalMessage_ERROR) IP (MotorControl) : Invalid parameter (WB_UI_MAX_CURRENT)
2025-01-06 22:59:54,055 DEBUG [LineInfo_to_exitCode.log_LineInfo] 2025-01-06 22:59:54,055 [INFO] ImportTextPane:205 - (OptionalMessage_ERROR) IP (MotorControl) : Invalid parameter (WB_UI_MAX_NOMINAL_DC_VOLTAGE)
2025-01-06 22:59:54,055 DEBUG [LineInfo_to_exitCode.log_LineInfo] 2025-01-06 22:59:54,055 [INFO] ImportTextPane:205 - (OptionalMessage_ERROR) IP (MotorControl) : Invalid parameter (WB_UI_MAX_PWMFREQUENCY)
2025-01-06 22:59:54,055 DEBUG [LineInfo_to_exitCode.log_LineInfo] 2025-01-06 22:59:54,055 [INFO] ImportTextPane:205 - (OptionalMessage_ERROR) IP (MotorControl) : Invalid parameter (WB_UI_MOTOR_DESCRIPTION)
2025-01-06 22:59:54,055 DEBUG [LineInfo_to_exitCode.log_LineInfo] 2025-01-06 22:59:54,055 [INFO] ImportTextPane:205 - (OptionalMessage_ERROR) IP (MotorControl) : Invalid parameter (WB_UI_OCP_THRESHOLD)
2025-01-06 22:59:54,056 DEBUG [LineInfo_to_exitCode.log_LineInfo] 2025-01-06 22:59:54,055 [INFO] ImportTextPane:205 - (OptionalMessage_ERROR) IP (MotorControl) : Invalid parameter (WB_UI_PW_BOARD_MAX_RATED_CURRENT)
2025-01-06 22:59:54,056 DEBUG [LineInfo_to_exitCode.log_LineInfo] 2025-01-06 22:59:54,055 [INFO] ImportTextPane:205 - (OptionalMessage_ERROR) IP (MotorControl) : Invalid parameter (WB_UI_PW_BOARD_MAX_VOLTAGE)
2025-01-06 22:59:54,056 DEBUG [LineInfo_to_exitCode.log_LineInfo] 2025-01-06 22:59:54,056 [INFO] ImportTextPane:205 - (OptionalMessage_ERROR) IP (MotorControl) : Invalid parameter (WB_UI_PW_BOARD_MIN_VOLTAGE)
2025-01-06 22:59:54,056 DEBUG [LineInfo_to_exitCode.log_LineInfo] 2025-01-06 22:59:54,056 [INFO] ImportTextPane:205 - (OptionalMessage_ERROR) IP (MotorControl) : Invalid parameter (WB_UI_VPOL)
2025-01-06 22:59:54,056 DEBUG [LineInfo_to_exitCode.log_LineInfo] 2025-01-06 22:59:54,056 [INFO] ImportTextPane:205 - (OptionalMessage_ERROR) IP (MotorControl) : Invalid parameter (WB_UI_VPOL_K)
2025-01-06 22:59:54,065 DEBUG [LineInfo_to_exitCode.log_LineInfo] 2025-01-06 22:59:54,065 [INFO] ImportTextPane:205 - (OptionalMessage_ERROR) IP (RCC) : Invalid parameter (FamilyName)
2025-01-06 22:59:54,065 DEBUG [LineInfo_to_exitCode.log_LineInfo] 2025-01-06 22:59:54,065 [INFO] ImportTextPane:205 - (OptionalMessage_ERROR) IP (RCC) : Parameter (RNGFreq_Value) has invalid value (170000000)
2025-01-06 22:59:54,065 DEBUG [LineInfo_to_exitCode.log_LineInfo] 2025-01-06 22:59:54,065 [INFO] ImportTextPane:205 - (OptionalMessage_ERROR) IP (RCC) : Parameter (USBFreq_Value) has invalid value (170000000)
2025-01-06 22:59:54,091 DEBUG [LineInfo_to_exitCode.log_LineInfo] 2025-01-06 22:59:54,091 [INFO] ImportTextPane:205 - (OptionalMessage_ERROR) IP (TIM1) : Parameter (TIM_SlaveMode) has invalid value (TIM_SLAVEMODE_TRIGGER)
2025-01-06 22:59:54,098 DEBUG [LineInfo_to_exitCode.log_LineInfo] 2025-01-06 22:59:54,098 [INFO] ImportTextPane:205 - (OptionalMessage_ERROR) IP (TIM1) : Parameter (SourceBRKDigInputPolarity) has invalid value (TIM_BREAKINPUTSOURCE_POLARITY_HIGH)
2025-01-06 22:59:54,098 DEBUG [LineInfo_to_exitCode.log_LineInfo] 2025-01-06 22:59:54,098 [INFO] ImportTextPane:205 - (OptionalMessage_ERROR) IP (TIM1) : Parameter (SourceBRK2DigInputPolarity) has invalid value (TIM_BREAKINPUTSOURCE_POLARITY_LOW)
2025-01-06 22:59:54,421 DEBUG [LineInfo_to_exitCode.log_LineInfo] 2025-01-06 22:59:54,421 [INFO] UtilMem:75 - End LoadConfig() Used Memory: 237679320 Bytes (574619648)
2025-01-06 22:59:54,546 DEBUG [LineInfo_to_exitCode.log_LineInfo] 2025-01-06 22:59:54,545 [INFO] ThirdParty:835 - entering critical section [change project]
2025-01-06 22:59:54,546 DEBUG [LineInfo_to_exitCode.log_LineInfo] 2025-01-06 22:59:54,546 [INFO] ThirdParty:1030 - CMSIS Pack Vendor :STMicroelectronics USBPD 4.1
2025-01-06 22:59:54,546 DEBUG [LineInfo_to_exitCode.log_LineInfo] 2025-01-06 22:59:54,546 [INFO] ThirdParty:1030 - CMSIS Pack Vendor :STMicroelectronics X-CUBE-GNSS1 6.0.0
2025-01-06 22:59:54,546 DEBUG [LineInfo_to_exitCode.log_LineInfo] 2025-01-06 22:59:54,546 [INFO] ThirdParty:1030 - CMSIS Pack Vendor :STMicroelectronics USB_HOST 2.0.0
2025-01-06 22:59:54,546 DEBUG [LineInfo_to_exitCode.log_LineInfo] 2025-01-06 22:59:54,546 [INFO] ThirdParty:1030 - CMSIS Pack Vendor :STMicroelectronics FP-SNS-MOTENVWB1 1.4.0
2025-01-06 22:59:54,546 DEBUG [LineInfo_to_exitCode.log_LineInfo] 2025-01-06 22:59:54,546 [INFO] ThirdParty:1030 - CMSIS Pack Vendor :STMicroelectronics X-CUBE-AZRTOS-F4 1.1.0
2025-01-06 22:59:54,546 DEBUG [LineInfo_to_exitCode.log_LineInfo] 2025-01-06 22:59:54,546 [INFO] ThirdParty:1030 - CMSIS Pack Vendor :STMicroelectronics LIBJPEG 8.0.0
2025-01-06 22:59:54,546 DEBUG [LineInfo_to_exitCode.log_LineInfo] 2025-01-06 22:59:54,546 [INFO] ThirdParty:1030 - CMSIS Pack Vendor :STMicroelectronics FP-ATR-ASTRA1 2.0.1
2025-01-06 22:59:54,546 DEBUG [LineInfo_to_exitCode.log_LineInfo] 2025-01-06 22:59:54,546 [INFO] ThirdParty:1030 - CMSIS Pack Vendor :STMicroelectronics X-CUBE-SMBUS 2.1.0
2025-01-06 22:59:54,546 DEBUG [LineInfo_to_exitCode.log_LineInfo] 2025-01-06 22:59:54,546 [INFO] ThirdParty:1030 - CMSIS Pack Vendor :STMicroelectronics X-CUBE-WB05N 1.1.0
2025-01-06 22:59:54,546 DEBUG [LineInfo_to_exitCode.log_LineInfo] 2025-01-06 22:59:54,546 [INFO] ThirdParty:1030 - CMSIS Pack Vendor :wolfSSL I-CUBE-wolfSSL 5.6.0
2025-01-06 22:59:54,546 DEBUG [LineInfo_to_exitCode.log_LineInfo] 2025-01-06 22:59:54,546 [INFO] ThirdParty:1030 - CMSIS Pack Vendor :STMicroelectronics X-CUBE-ISPU 2.1.0
2025-01-06 22:59:54,546 DEBUG [LineInfo_to_exitCode.log_LineInfo] 2025-01-06 22:59:54,546 [INFO] ThirdParty:1030 - CMSIS Pack Vendor :STMicroelectronics X-CUBE-FREERTOS 1.2.0
2025-01-06 22:59:54,546 DEBUG [LineInfo_to_exitCode.log_LineInfo] 2025-01-06 22:59:54,546 [INFO] ThirdParty:1030 - CMSIS Pack Vendor :STMicroelectronics X-CUBE-TOUCHGFX 4.23.0
2025-01-06 22:59:54,547 DEBUG [LineInfo_to_exitCode.log_LineInfo] 2025-01-06 22:59:54,546 [INFO] ThirdParty:1030 - CMSIS Pack Vendor :STMicroelectronics X-CUBE-TOUCHGFX 4.23.2
2025-01-06 22:59:54,547 DEBUG [LineInfo_to_exitCode.log_LineInfo] 2025-01-06 22:59:54,546 [INFO] ThirdParty:1030 - CMSIS Pack Vendor :STMicroelectronics X-CUBE-AZRTOS-F7 1.1.0
2025-01-06 22:59:54,547 DEBUG [LineInfo_to_exitCode.log_LineInfo] 2025-01-06 22:59:54,546 [INFO] ThirdParty:1030 - CMSIS Pack Vendor :STMicroelectronics X-CUBE-AZRTOS-L5 2.0.0
2025-01-06 22:59:54,547 DEBUG [LineInfo_to_exitCode.log_LineInfo] 2025-01-06 22:59:54,546 [INFO] ThirdParty:1030 - CMSIS Pack Vendor :STMicroelectronics USB_DEVICE 2.0.0
2025-01-06 22:59:54,547 DEBUG [LineInfo_to_exitCode.log_LineInfo] 2025-01-06 22:59:54,546 [INFO] ThirdParty:1030 - CMSIS Pack Vendor :STMicroelectronics X-CUBE-MEMS1 9.6.0
2025-01-06 22:59:54,547 DEBUG [LineInfo_to_exitCode.log_LineInfo] 2025-01-06 22:59:54,546 [INFO] ThirdParty:1030 - CMSIS Pack Vendor :STMicroelectronics X-CUBE-EEPRMA1 4.2.0
2025-01-06 22:59:54,547 DEBUG [LineInfo_to_exitCode.log_LineInfo] 2025-01-06 22:59:54,546 [INFO] ThirdParty:1030 - CMSIS Pack Vendor :STMicroelectronics X-CUBE-NFC6 3.1.0
2025-01-06 22:59:54,547 DEBUG [LineInfo_to_exitCode.log_LineInfo] 2025-01-06 22:59:54,546 [INFO] ThirdParty:1030 - CMSIS Pack Vendor :ITTIA_DB I-CUBE-ITTIADB 8.8.0
2025-01-06 22:59:54,547 DEBUG [LineInfo_to_exitCode.log_LineInfo] 2025-01-06 22:59:54,546 [INFO] ThirdParty:1030 - CMSIS Pack Vendor :STMicroelectronics FP-SNS-MOTENV1 4.3.2
2025-01-06 22:59:54,547 DEBUG [LineInfo_to_exitCode.log_LineInfo] 2025-01-06 22:59:54,546 [INFO] ThirdParty:1030 - CMSIS Pack Vendor :STMicroelectronics FP-SNS-FLIGHT1 5.0.1
2025-01-06 22:59:54,547 DEBUG [LineInfo_to_exitCode.log_LineInfo] 2025-01-06 22:59:54,546 [INFO] ThirdParty:1030 - CMSIS Pack Vendor :STMicroelectronics X-CUBE-MEMS1 11.0.0
2025-01-06 22:59:54,547 DEBUG [LineInfo_to_exitCode.log_LineInfo] 2025-01-06 22:59:54,546 [INFO] ThirdParty:1030 - CMSIS Pack Vendor :STMicroelectronics X-CUBE-BLE1 6.2.4
2025-01-06 22:59:54,547 DEBUG [LineInfo_to_exitCode.log_LineInfo] 2025-01-06 22:59:54,546 [INFO] ThirdParty:1030 - CMSIS Pack Vendor :STMicroelectronics FreeRTOS 0.0.1
2025-01-06 22:59:54,547 DEBUG [LineInfo_to_exitCode.log_LineInfo] 2025-01-06 22:59:54,546 [INFO] ThirdParty:1030 - CMSIS Pack Vendor :emotas I-CUBE-CANOPEN 1.1.3
2025-01-06 22:59:54,547 DEBUG [LineInfo_to_exitCode.log_LineInfo] 2025-01-06 22:59:54,546 [INFO] ThirdParty:1030 - CMSIS Pack Vendor :STMicroelectronics X-CUBE-BLEMGR 2.0.0
2025-01-06 22:59:54,547 DEBUG [LineInfo_to_exitCode.log_LineInfo] 2025-01-06 22:59:54,546 [INFO] ThirdParty:1030 - CMSIS Pack Vendor :STMicroelectronics X-CUBE-DPower 1.2.0
2025-01-06 22:59:54,547 DEBUG [LineInfo_to_exitCode.log_LineInfo] 2025-01-06 22:59:54,546 [INFO] ThirdParty:1030 - CMSIS Pack Vendor :STMicroelectronics FP-SNS-FLIGHT1 5.0.2
2025-01-06 22:59:54,548 DEBUG [LineInfo_to_exitCode.log_LineInfo] 2025-01-06 22:59:54,546 [INFO] ThirdParty:1030 - CMSIS Pack Vendor :STMicroelectronics X-CUBE-AI 9.0.0
2025-01-06 22:59:54,548 DEBUG [LineInfo_to_exitCode.log_LineInfo] 2025-01-06 22:59:54,546 [INFO] ThirdParty:1030 - CMSIS Pack Vendor :STMicroelectronics X-CUBE-AZRTOS-H7 3.1.0
2025-01-06 22:59:54,548 DEBUG [LineInfo_to_exitCode.log_LineInfo] 2025-01-06 22:59:54,546 [INFO] ThirdParty:1030 - CMSIS Pack Vendor :STMicroelectronics PDM2PCM 3.3.0
2025-01-06 22:59:54,548 DEBUG [LineInfo_to_exitCode.log_LineInfo] 2025-01-06 22:59:54,546 [INFO] ThirdParty:1030 - CMSIS Pack Vendor :STMicroelectronics X-CUBE-DISPLAY 3.0.0
2025-01-06 22:59:54,548 DEBUG [LineInfo_to_exitCode.log_LineInfo] 2025-01-06 22:59:54,546 [INFO] ThirdParty:1030 - CMSIS Pack Vendor :STMicroelectronics X-CUBE-BLE1 7.0.0
2025-01-06 22:59:54,548 DEBUG [LineInfo_to_exitCode.log_LineInfo] 2025-01-06 22:59:54,547 [INFO] ThirdParty:1030 - CMSIS Pack Vendor :STMicroelectronics X-CUBE-NFC10 1.0.0
2025-01-06 22:59:54,548 DEBUG [LineInfo_to_exitCode.log_LineInfo] 2025-01-06 22:59:54,547 [INFO] ThirdParty:1030 - CMSIS Pack Vendor :STMicroelectronics X-CUBE-BLEMGR 4.0.0
2025-01-06 22:59:54,548 DEBUG [LineInfo_to_exitCode.log_LineInfo] 2025-01-06 22:59:54,547 [INFO] ThirdParty:1030 - CMSIS Pack Vendor :STMicroelectronics HAL Drivers 0.0.0
2025-01-06 22:59:54,548 DEBUG [LineInfo_to_exitCode.log_LineInfo] 2025-01-06 22:59:54,547 [INFO] ThirdParty:1030 - CMSIS Pack Vendor :STMicroelectronics X-CUBE-FREERTOS 1.3.0
2025-01-06 22:59:54,548 DEBUG [LineInfo_to_exitCode.log_LineInfo] 2025-01-06 22:59:54,547 [INFO] ThirdParty:1030 - CMSIS Pack Vendor :STMicroelectronics X-CUBE-TOUCHGFX 4.22.0
2025-01-06 22:59:54,548 DEBUG [LineInfo_to_exitCode.log_LineInfo] 2025-01-06 22:59:54,547 [INFO] ThirdParty:1030 - CMSIS Pack Vendor :STMicroelectronics X-CUBE-NFC7 1.0.1
2025-01-06 22:59:54,548 DEBUG [LineInfo_to_exitCode.log_LineInfo] 2025-01-06 22:59:54,547 [INFO] ThirdParty:1030 - CMSIS Pack Vendor :STMicroelectronics MBEDTLS 2.14.1
2025-01-06 22:59:54,548 DEBUG [LineInfo_to_exitCode.log_LineInfo] 2025-01-06 22:59:54,547 [INFO] ThirdParty:1030 - CMSIS Pack Vendor :STMicroelectronics X-CUBE-TOUCHGFX 4.22.1
2025-01-06 22:59:54,548 DEBUG [LineInfo_to_exitCode.log_LineInfo] 2025-01-06 22:59:54,547 [INFO] ThirdParty:1030 - CMSIS Pack Vendor :wolfSSL I-CUBE-wolfTPM 3.2.0
2025-01-06 22:59:54,548 DEBUG [LineInfo_to_exitCode.log_LineInfo] 2025-01-06 22:59:54,547 [INFO] ThirdParty:1030 - CMSIS Pack Vendor :STMicroelectronics X-CUBE-NFC6 3.0.0
2025-01-06 22:59:54,548 DEBUG [LineInfo_to_exitCode.log_LineInfo] 2025-01-06 22:59:54,547 [INFO] ThirdParty:1030 - CMSIS Pack Vendor :STMicroelectronics X-CUBE-EEPRMA1 4.1.0
2025-01-06 22:59:54,548 DEBUG [LineInfo_to_exitCode.log_LineInfo] 2025-01-06 22:59:54,547 [INFO] ThirdParty:1030 - CMSIS Pack Vendor :STMicroelectronics X-CUBE-BLEMGR 3.1.0
2025-01-06 22:59:54,548 DEBUG [LineInfo_to_exitCode.log_LineInfo] 2025-01-06 22:59:54,547 [INFO] ThirdParty:1030 - CMSIS Pack Vendor :STMicroelectronics FP-SNS-SMARTAG2 1.2.0
2025-01-06 22:59:54,549 DEBUG [LineInfo_to_exitCode.log_LineInfo] 2025-01-06 22:59:54,547 [INFO] ThirdParty:1030 - CMSIS Pack Vendor :STMicroelectronics X-CUBE-MEMS1 11.1.0
2025-01-06 22:59:54,549 DEBUG [LineInfo_to_exitCode.log_LineInfo] 2025-01-06 22:59:54,547 [INFO] ThirdParty:1030 - CMSIS Pack Vendor :STMicroelectronics X-CUBE-AZRTOS-WL 2.0.0
2025-01-06 22:59:54,549 DEBUG [LineInfo_to_exitCode.log_LineInfo] 2025-01-06 22:59:54,547 [INFO] ThirdParty:1030 - CMSIS Pack Vendor :STMicroelectronics FP-SNS-MOTENV1 5.0.0
2025-01-06 22:59:54,549 DEBUG [LineInfo_to_exitCode.log_LineInfo] 2025-01-06 22:59:54,547 [INFO] ThirdParty:1030 - CMSIS Pack Vendor :STMicroelectronics USB_DEVICE 1.0.0
2025-01-06 22:59:54,549 DEBUG [LineInfo_to_exitCode.log_LineInfo] 2025-01-06 22:59:54,547 [INFO] ThirdParty:1030 - CMSIS Pack Vendor :STMicroelectronics X-CUBE-AI 8.1.0
2025-01-06 22:59:54,549 DEBUG [LineInfo_to_exitCode.log_LineInfo] 2025-01-06 22:59:54,547 [INFO] ThirdParty:1030 - CMSIS Pack Vendor :wolfSSL I-CUBE-wolfMQTT 1.19.0
2025-01-06 22:59:54,549 DEBUG [LineInfo_to_exitCode.log_LineInfo] 2025-01-06 22:59:54,547 [INFO] ThirdParty:1030 - CMSIS Pack Vendor :STMicroelectronics X-CUBE-AZRTOS-L4 2.0.0
2025-01-06 22:59:54,549 DEBUG [LineInfo_to_exitCode.log_LineInfo] 2025-01-06 22:59:54,547 [INFO] ThirdParty:1030 - CMSIS Pack Vendor :STMicroelectronics ThreadX 0.0.2
2025-01-06 22:59:54,549 DEBUG [LineInfo_to_exitCode.log_LineInfo] 2025-01-06 22:59:54,547 [INFO] ThirdParty:1030 - CMSIS Pack Vendor :WES I-CUBE-Cesium 1.3.0
2025-01-06 22:59:54,549 DEBUG [LineInfo_to_exitCode.log_LineInfo] 2025-01-06 22:59:54,547 [INFO] ThirdParty:1030 - CMSIS Pack Vendor :STMicroelectronics lwIP 2.1.2
2025-01-06 22:59:54,549 DEBUG [LineInfo_to_exitCode.log_LineInfo] 2025-01-06 22:59:54,547 [INFO] ThirdParty:1030 - CMSIS Pack Vendor :STMicroelectronics X-CUBE-SFXS2LP1 4.0.0
2025-01-06 22:59:54,549 DEBUG [LineInfo_to_exitCode.log_LineInfo] 2025-01-06 22:59:54,547 [INFO] ThirdParty:1030 - CMSIS Pack Vendor :STMicroelectronics X-CUBE-BLE2 3.3.0
2025-01-06 22:59:54,549 DEBUG [LineInfo_to_exitCode.log_LineInfo] 2025-01-06 22:59:54,547 [INFO] ThirdParty:1030 - CMSIS Pack Vendor :STMicroelectronics PDM2PCM 3.2.0
2025-01-06 22:59:54,549 DEBUG [LineInfo_to_exitCode.log_LineInfo] 2025-01-06 22:59:54,547 [INFO] ThirdParty:1030 - CMSIS Pack Vendor :STMicroelectronics X-CUBE-ISPU 1.1.0
2025-01-06 22:59:54,549 DEBUG [LineInfo_to_exitCode.log_LineInfo] 2025-01-06 22:59:54,547 [INFO] ThirdParty:1030 - CMSIS Pack Vendor :STMicroelectronics X-CUBE-AZRTOS-H7 3.3.0
2025-01-06 22:59:54,550 DEBUG [LineInfo_to_exitCode.log_LineInfo] 2025-01-06 22:59:54,547 [INFO] ThirdParty:1030 - CMSIS Pack Vendor :STMicroelectronics X-CUBE-NFC9 1.0.0
2025-01-06 22:59:54,550 DEBUG [LineInfo_to_exitCode.log_LineInfo] 2025-01-06 22:59:54,547 [INFO] ThirdParty:1030 - CMSIS Pack Vendor :STMicroelectronics USB_DEVICE 3.0.0
2025-01-06 22:59:54,550 DEBUG [LineInfo_to_exitCode.log_LineInfo] 2025-01-06 22:59:54,547 [INFO] ThirdParty:1030 - CMSIS Pack Vendor :STMicroelectronics X-CUBE-TCPP 4.1.0
2025-01-06 22:59:54,550 DEBUG [LineInfo_to_exitCode.log_LineInfo] 2025-01-06 22:59:54,547 [INFO] ThirdParty:1030 - CMSIS Pack Vendor :STMicroelectronics X-CUBE-IPS 3.0.0
2025-01-06 22:59:54,550 DEBUG [LineInfo_to_exitCode.log_LineInfo] 2025-01-06 22:59:54,547 [INFO] ThirdParty:1030 - CMSIS Pack Vendor :STMicroelectronics X-CUBE-AZRTOS-WB 2.0.0
2025-01-06 22:59:54,550 DEBUG [LineInfo_to_exitCode.log_LineInfo] 2025-01-06 22:59:54,547 [INFO] ThirdParty:1030 - CMSIS Pack Vendor :STMicroelectronics X-CUBE-FREERTOS 1.0.1
2025-01-06 22:59:54,550 DEBUG [LineInfo_to_exitCode.log_LineInfo] 2025-01-06 22:59:54,547 [INFO] ThirdParty:1030 - CMSIS Pack Vendor :STMicroelectronics X-CUBE-GNSS1 7.0.0
2025-01-06 22:59:54,550 DEBUG [LineInfo_to_exitCode.log_LineInfo] 2025-01-06 22:59:54,547 [INFO] ThirdParty:1030 - CMSIS Pack Vendor :STMicroelectronics X-CUBE-GNSS1 7.0.1
2025-01-06 22:59:54,550 DEBUG [LineInfo_to_exitCode.log_LineInfo] 2025-01-06 22:59:54,547 [INFO] ThirdParty:1030 - CMSIS Pack Vendor :STMicroelectronics FP-SNS-STBOX1 2.0.0
2025-01-06 22:59:54,551 DEBUG [LineInfo_to_exitCode.log_LineInfo] 2025-01-06 22:59:54,547 [INFO] ThirdParty:1030 - CMSIS Pack Vendor :STMicroelectronics X-CUBE-ALGOBUILD 1.3.0
2025-01-06 22:59:54,551 DEBUG [LineInfo_to_exitCode.log_LineInfo] 2025-01-06 22:59:54,548 [INFO] ThirdParty:1030 - CMSIS Pack Vendor :STMicroelectronics X-CUBE-AZRTOS-L5 1.1.0
2025-01-06 22:59:54,551 DEBUG [LineInfo_to_exitCode.log_LineInfo] 2025-01-06 22:59:54,548 [INFO] ThirdParty:1030 - CMSIS Pack Vendor :STMicroelectronics X-CUBE-AZRTOS-G0 1.1.0
2025-01-06 22:59:54,551 DEBUG [LineInfo_to_exitCode.log_LineInfo] 2025-01-06 22:59:54,548 [INFO] ThirdParty:1030 - CMSIS Pack Vendor :STMicroelectronics X-CUBE-AI 8.0.1
2025-01-06 22:59:54,551 DEBUG [LineInfo_to_exitCode.log_LineInfo] 2025-01-06 22:59:54,548 [INFO] ThirdParty:1030 - CMSIS Pack Vendor :STMicroelectronics X-CUBE-SAFEA1 1.2.2
2025-01-06 22:59:54,551 DEBUG [LineInfo_to_exitCode.log_LineInfo] 2025-01-06 22:59:54,548 [INFO] ThirdParty:1030 - CMSIS Pack Vendor :STMicroelectronics X-CUBE-NFC4 3.0.0
2025-01-06 22:59:54,551 DEBUG [LineInfo_to_exitCode.log_LineInfo] 2025-01-06 22:59:54,548 [INFO] ThirdParty:1030 - CMSIS Pack Vendor :STMicroelectronics X-CUBE-SUBG2 5.0.0
2025-01-06 22:59:54,551 DEBUG [LineInfo_to_exitCode.log_LineInfo] 2025-01-06 22:59:54,548 [INFO] ThirdParty:1030 - CMSIS Pack Vendor :STMicroelectronics STM32_WPAN 1.0.0
2025-01-06 22:59:54,551 DEBUG [LineInfo_to_exitCode.log_LineInfo] 2025-01-06 22:59:54,548 [INFO] ThirdParty:1030 - CMSIS Pack Vendor :wolfSSL I-CUBE-wolfMQTT 1.18.0
2025-01-06 22:59:54,551 DEBUG [LineInfo_to_exitCode.log_LineInfo] 2025-01-06 22:59:54,548 [INFO] ThirdParty:1030 - CMSIS Pack Vendor :EmbeddedOffice I-CUBE-FS-RTOS 1.0.1
2025-01-06 22:59:54,551 DEBUG [LineInfo_to_exitCode.log_LineInfo] 2025-01-06 22:59:54,548 [INFO] ThirdParty:1030 - CMSIS Pack Vendor :STMicroelectronics lwIP 2.0.3
2025-01-06 22:59:54,551 DEBUG [LineInfo_to_exitCode.log_LineInfo] 2025-01-06 22:59:54,548 [INFO] ThirdParty:1030 - CMSIS Pack Vendor :STMicroelectronics USB_HOST 1.0.0
2025-01-06 22:59:54,551 DEBUG [LineInfo_to_exitCode.log_LineInfo] 2025-01-06 22:59:54,548 [INFO] ThirdParty:1030 - CMSIS Pack Vendor :STMicroelectronics X-CUBE-TOF1 3.3.1
2025-01-06 22:59:54,551 DEBUG [LineInfo_to_exitCode.log_LineInfo] 2025-01-06 22:59:54,548 [INFO] ThirdParty:1030 - CMSIS Pack Vendor :STMicroelectronics X-CUBE-AZRTOS-G4 2.0.0
2025-01-06 22:59:54,551 DEBUG [LineInfo_to_exitCode.log_LineInfo] 2025-01-06 22:59:54,548 [INFO] ThirdParty:1030 - CMSIS Pack Vendor :STMicroelectronics PDM2PCM 3.1.0
2025-01-06 22:59:54,551 DEBUG [LineInfo_to_exitCode.log_LineInfo] 2025-01-06 22:59:54,548 [INFO] ThirdParty:1030 - CMSIS Pack Vendor :STMicroelectronics X-CUBE-TOF1 3.3.0
2025-01-06 22:59:54,551 DEBUG [LineInfo_to_exitCode.log_LineInfo] 2025-01-06 22:59:54,548 [INFO] ThirdParty:1030 - CMSIS Pack Vendor :Infineon AIROC-Wi-Fi-Bluetooth-STM32 1.5.1
2025-01-06 22:59:54,552 DEBUG [LineInfo_to_exitCode.log_LineInfo] 2025-01-06 22:59:54,548 [INFO] ThirdParty:1030 - CMSIS Pack Vendor :STMicroelectronics X-CUBE-BLEMGR 3.0.0
2025-01-06 22:59:54,552 DEBUG [LineInfo_to_exitCode.log_LineInfo] 2025-01-06 22:59:54,548 [INFO] ThirdParty:1030 - CMSIS Pack Vendor :STMicroelectronics FP-SNS-MOTENVWB1 1.3.0
2025-01-06 22:59:54,552 DEBUG [LineInfo_to_exitCode.log_LineInfo] 2025-01-06 22:59:54,548 [INFO] ThirdParty:1030 - CMSIS Pack Vendor :RealThread X-CUBE-RT-Thread_Nano 4.1.1
2025-01-06 22:59:54,552 DEBUG [LineInfo_to_exitCode.log_LineInfo] 2025-01-06 22:59:54,548 [INFO] ThirdParty:1030 - CMSIS Pack Vendor :STMicroelectronics FP-SNS-MOTENVWB1 1.3.1
2025-01-06 22:59:54,552 DEBUG [LineInfo_to_exitCode.log_LineInfo] 2025-01-06 22:59:54,548 [INFO] ThirdParty:1030 - CMSIS Pack Vendor :STMicroelectronics FP-ATR-SIGFOX1 3.2.0
2025-01-06 22:59:54,552 DEBUG [LineInfo_to_exitCode.log_LineInfo] 2025-01-06 22:59:54,548 [INFO] ThirdParty:1030 - CMSIS Pack Vendor :quantropi X-CUBE-qispace-sdk-base 1.9.3
2025-01-06 22:59:54,552 DEBUG [LineInfo_to_exitCode.log_LineInfo] 2025-01-06 22:59:54,548 [INFO] ThirdParty:1030 - CMSIS Pack Vendor :STMicroelectronics X-CUBE-ISPU 2.0.0
2025-01-06 22:59:54,552 DEBUG [LineInfo_to_exitCode.log_LineInfo] 2025-01-06 22:59:54,549 [INFO] ThirdParty:1030 - CMSIS Pack Vendor :STMicroelectronics X-CUBE-EEPRMA1 5.1.0
2025-01-06 22:59:54,553 DEBUG [LineInfo_to_exitCode.log_LineInfo] 2025-01-06 22:59:54,549 [INFO] ThirdParty:1030 - CMSIS Pack Vendor :STMicroelectronics MBEDTLS 2.16.2
2025-01-06 22:59:54,553 DEBUG [LineInfo_to_exitCode.log_LineInfo] 2025-01-06 22:59:54,549 [INFO] ThirdParty:1030 - CMSIS Pack Vendor :STMicroelectronics X-CUBE-ALS 1.0.2
2025-01-06 22:59:54,553 DEBUG [LineInfo_to_exitCode.log_LineInfo] 2025-01-06 22:59:54,549 [INFO] ThirdParty:1030 - CMSIS Pack Vendor :STMicroelectronics X-CUBE-MEMS1 10.0.0
2025-01-06 22:59:54,553 DEBUG [LineInfo_to_exitCode.log_LineInfo] 2025-01-06 22:59:54,549 [INFO] ThirdParty:1030 - CMSIS Pack Vendor :STMicroelectronics X-CUBE-FREERTOS 1.1.0
2025-01-06 22:59:54,553 DEBUG [LineInfo_to_exitCode.log_LineInfo] 2025-01-06 22:59:54,549 [INFO] ThirdParty:1030 - CMSIS Pack Vendor :STMicroelectronics X-CUBE-TOUCHGFX 4.24.0
2025-01-06 22:59:54,553 DEBUG [LineInfo_to_exitCode.log_LineInfo] 2025-01-06 22:59:54,549 [INFO] ThirdParty:1030 - CMSIS Pack Vendor :STMicroelectronics X-CUBE-TOUCHGFX 4.24.1
2025-01-06 22:59:54,553 DEBUG [LineInfo_to_exitCode.log_LineInfo] 2025-01-06 22:59:54,549 [INFO] ThirdParty:1030 - CMSIS Pack Vendor :portGmbH I-Cube-SoM-uGOAL 1.1.0
2025-01-06 22:59:54,553 DEBUG [LineInfo_to_exitCode.log_LineInfo] 2025-01-06 22:59:54,549 [INFO] ThirdParty:1030 - CMSIS Pack Vendor :STMicroelectronics X-CUBE-ALS 1.0.1
2025-01-06 22:59:54,553 DEBUG [LineInfo_to_exitCode.log_LineInfo] 2025-01-06 22:59:54,549 [INFO] ThirdParty:1030 - CMSIS Pack Vendor :STMicroelectronics ThreadX 1.0.0
2025-01-06 22:59:54,553 DEBUG [LineInfo_to_exitCode.log_LineInfo] 2025-01-06 22:59:54,549 [INFO] ThirdParty:1030 - CMSIS Pack Vendor :STMicroelectronics X-CUBE-AZRTOS-WB 1.1.0
2025-01-06 22:59:54,554 DEBUG [LineInfo_to_exitCode.log_LineInfo] 2025-01-06 22:59:54,549 [INFO] ThirdParty:1030 - CMSIS Pack Vendor :SEGGER I-CUBE-embOS 1.3.1
2025-01-06 22:59:54,554 DEBUG [LineInfo_to_exitCode.log_LineInfo] 2025-01-06 22:59:54,549 [INFO] ThirdParty:1030 - CMSIS Pack Vendor :STMicroelectronics X-CUBE-ALGOBUILD 1.4.0
2025-01-06 22:59:54,554 DEBUG [LineInfo_to_exitCode.log_LineInfo] 2025-01-06 22:59:54,549 [INFO] ThirdParty:1030 - CMSIS Pack Vendor :STMicroelectronics X-CUBE-AZRTOS-H7RS 1.0.0
2025-01-06 22:59:54,554 DEBUG [LineInfo_to_exitCode.log_LineInfo] 2025-01-06 22:59:54,549 [INFO] ThirdParty:1030 - CMSIS Pack Vendor :STMicroelectronics FP-ATR-ASTRA1 2.0.0
2025-01-06 22:59:54,554 DEBUG [LineInfo_to_exitCode.log_LineInfo] 2025-01-06 22:59:54,549 [INFO] ThirdParty:1030 - CMSIS Pack Vendor :STMicroelectronics X-CUBE-TOF1 3.4.2
2025-01-06 22:59:54,554 DEBUG [LineInfo_to_exitCode.log_LineInfo] 2025-01-06 22:59:54,549 [INFO] ThirdParty:1030 - CMSIS Pack Vendor :STMicroelectronics X-CUBE-AI 9.1.0
2025-01-06 22:59:54,554 DEBUG [LineInfo_to_exitCode.log_LineInfo] 2025-01-06 22:59:54,549 [INFO] ThirdParty:1030 - CMSIS Pack Vendor :STMicroelectronics X-CUBE-TOF1 3.4.0
2025-01-06 22:59:54,554 DEBUG [LineInfo_to_exitCode.log_LineInfo] 2025-01-06 22:59:54,549 [INFO] ThirdParty:1030 - CMSIS Pack Vendor :STMicroelectronics X-CUBE-TOF1 3.4.1
2025-01-06 22:59:54,554 DEBUG [LineInfo_to_exitCode.log_LineInfo] 2025-01-06 22:59:54,549 [INFO] ThirdParty:1030 - CMSIS Pack Vendor :STMicroelectronics X-CUBE-AZRTOS-H7 3.2.0
2025-01-06 22:59:54,554 DEBUG [LineInfo_to_exitCode.log_LineInfo] 2025-01-06 22:59:54,551 [INFO] ThirdParty:1030 - CMSIS Pack Vendor :wolfSSL I-CUBE-wolfSSH 1.4.17
2025-01-06 22:59:54,554 DEBUG [LineInfo_to_exitCode.log_LineInfo] 2025-01-06 22:59:54,551 [INFO] ThirdParty:841 - exiting critical section [change project]
2025-01-06 22:59:54,920 DEBUG [LineInfo_to_exitCode.log_LineInfo] 2025-01-06 22:59:54,920 [INFO] PinOutPanel:1561 - setPackage(No Configuration,No Configuration)
2025-01-06 22:59:54,921 DEBUG [LineInfo_to_exitCode.log_LineInfo] 2025-01-06 22:59:54,921 [INFO] PinOutPanel:1561 - setPackage(STM32G431CBUx,UFQFPN48)
2025-01-06 22:59:55,351 DEBUG [LineInfo_to_exitCode.log_LineInfo] 2025-01-06 22:59:55,351 [INFO] UtilMem:75 - Before build in PCC Used Memory: 262366352 Bytes (574619648)
2025-01-06 22:59:56,187 DEBUG [LineInfo_to_exitCode.log_LineInfo] 2025-01-06 22:59:56,187 [INFO] UtilMem:75 - After build in PCC Used Memory: 388195440 Bytes (574619648)
2025-01-06 22:59:56,543 DEBUG [LineInfo_to_exitCode.log_LineInfo] 2025-01-06 22:59:56,543 [INFO] ApiDbMcu:508 - Load IP Config File for MotorControl
2025-01-06 22:59:56,587 DEBUG [LineInfo_to_exitCode.log_LineInfo] 2025-01-06 22:59:56,587 [INFO] IPUIPlugin:80 - create IPUIPlugin
2025-01-06 22:59:56,587 DEBUG [LineInfo_to_exitCode.log_LineInfo] 2025-01-06 22:59:56,587 [INFO] IPUIPlugin:80 - create IPUIPlugin
2025-01-06 22:59:56,587 DEBUG [LineInfo_to_exitCode.log_LineInfo] 2025-01-06 22:59:56,587 [INFO] IPUIPlugin:80 - create IPUIPlugin
2025-01-06 22:59:56,587 DEBUG [LineInfo_to_exitCode.log_LineInfo] 2025-01-06 22:59:56,587 [INFO] IPUIPlugin:80 - create IPUIPlugin
2025-01-06 22:59:56,588 DEBUG [LineInfo_to_exitCode.log_LineInfo] 2025-01-06 22:59:56,587 [INFO] IPUIPlugin:80 - create IPUIPlugin
2025-01-06 22:59:56,588 DEBUG [LineInfo_to_exitCode.log_LineInfo] 2025-01-06 22:59:56,587 [INFO] IPUIPlugin:80 - create IPUIPlugin
2025-01-06 22:59:56,588 DEBUG [LineInfo_to_exitCode.log_LineInfo] 2025-01-06 22:59:56,587 [INFO] IPUIPlugin:80 - create IPUIPlugin
2025-01-06 22:59:56,588 DEBUG [LineInfo_to_exitCode.log_LineInfo] 2025-01-06 22:59:56,587 [INFO] IPUIPlugin:80 - create IPUIPlugin
2025-01-06 22:59:56,588 DEBUG [LineInfo_to_exitCode.log_LineInfo] 2025-01-06 22:59:56,587 [INFO] IPUIPlugin:80 - create IPUIPlugin
2025-01-06 22:59:56,588 DEBUG [LineInfo_to_exitCode.log_LineInfo] 2025-01-06 22:59:56,588 [INFO] IPUIPlugin:80 - create IPUIPlugin
2025-01-06 22:59:56,588 DEBUG [LineInfo_to_exitCode.log_LineInfo] 2025-01-06 22:59:56,588 [INFO] IPUIPlugin:80 - create IPUIPlugin
2025-01-06 22:59:56,588 DEBUG [LineInfo_to_exitCode.log_LineInfo] 2025-01-06 22:59:56,588 [INFO] IPUIPlugin:80 - create IPUIPlugin
2025-01-06 22:59:56,588 DEBUG [LineInfo_to_exitCode.log_LineInfo] 2025-01-06 22:59:56,588 [INFO] IPUIPlugin:80 - create IPUIPlugin
2025-01-06 22:59:56,589 DEBUG [LineInfo_to_exitCode.log_LineInfo] 2025-01-06 22:59:56,588 [INFO] IPUIPlugin:80 - create IPUIPlugin
2025-01-06 22:59:56,589 DEBUG [LineInfo_to_exitCode.log_LineInfo] 2025-01-06 22:59:56,588 [INFO] IPUIPlugin:80 - create IPUIPlugin
2025-01-06 22:59:56,589 DEBUG [LineInfo_to_exitCode.log_LineInfo] 2025-01-06 22:59:56,588 [INFO] IPUIPlugin:80 - create IPUIPlugin
2025-01-06 22:59:56,589 DEBUG [LineInfo_to_exitCode.log_LineInfo] 2025-01-06 22:59:56,588 [INFO] IPUIPlugin:80 - create IPUIPlugin
2025-01-06 22:59:56,589 DEBUG [LineInfo_to_exitCode.log_LineInfo] 2025-01-06 22:59:56,588 [INFO] IPUIPlugin:80 - create IPUIPlugin
2025-01-06 22:59:56,589 DEBUG [LineInfo_to_exitCode.log_LineInfo] 2025-01-06 22:59:56,588 [INFO] IPUIPlugin:80 - create IPUIPlugin
2025-01-06 22:59:56,589 DEBUG [LineInfo_to_exitCode.log_LineInfo] 2025-01-06 22:59:56,589 [INFO] IPUIPlugin:80 - create IPUIPlugin
2025-01-06 22:59:56,589 DEBUG [LineInfo_to_exitCode.log_LineInfo] 2025-01-06 22:59:56,589 [INFO] IPUIPlugin:80 - create IPUIPlugin
2025-01-06 22:59:56,589 DEBUG [LineInfo_to_exitCode.log_LineInfo] 2025-01-06 22:59:56,589 [INFO] IPUIPlugin:80 - create IPUIPlugin
2025-01-06 22:59:56,589 DEBUG [LineInfo_to_exitCode.log_LineInfo] 2025-01-06 22:59:56,589 [INFO] IPUIPlugin:80 - create IPUIPlugin
2025-01-06 22:59:56,589 DEBUG [LineInfo_to_exitCode.log_LineInfo] 2025-01-06 22:59:56,589 [INFO] IPUIPlugin:80 - create IPUIPlugin
2025-01-06 22:59:56,590 DEBUG [LineInfo_to_exitCode.log_LineInfo] 2025-01-06 22:59:56,590 [INFO] IPUIPlugin:80 - create IPUIPlugin
2025-01-06 22:59:56,590 DEBUG [LineInfo_to_exitCode.log_LineInfo] 2025-01-06 22:59:56,590 [INFO] IPUIPlugin:80 - create IPUIPlugin
2025-01-06 22:59:56,590 DEBUG [LineInfo_to_exitCode.log_LineInfo] 2025-01-06 22:59:56,590 [INFO] IPUIPlugin:80 - create IPUIPlugin
2025-01-06 22:59:56,590 DEBUG [LineInfo_to_exitCode.log_LineInfo] 2025-01-06 22:59:56,590 [INFO] IPUIPlugin:80 - create IPUIPlugin
2025-01-06 22:59:56,590 DEBUG [LineInfo_to_exitCode.log_LineInfo] 2025-01-06 22:59:56,590 [INFO] IPUIPlugin:80 - create IPUIPlugin
2025-01-06 22:59:56,591 DEBUG [LineInfo_to_exitCode.log_LineInfo] 2025-01-06 22:59:56,591 [INFO] IPUIPlugin:80 - create IPUIPlugin
2025-01-06 22:59:56,591 DEBUG [LineInfo_to_exitCode.log_LineInfo] 2025-01-06 22:59:56,591 [INFO] IPUIPlugin:80 - create IPUIPlugin
2025-01-06 22:59:56,591 DEBUG [LineInfo_to_exitCode.log_LineInfo] 2025-01-06 22:59:56,591 [INFO] IPUIPlugin:80 - create IPUIPlugin
2025-01-06 22:59:56,592 DEBUG [LineInfo_to_exitCode.log_LineInfo] 2025-01-06 22:59:56,592 [INFO] IPUIPlugin:80 - create IPUIPlugin
2025-01-06 22:59:56,593 DEBUG [LineInfo_to_exitCode.log_LineInfo] 2025-01-06 22:59:56,592 [INFO] IPUIPlugin:80 - create IPUIPlugin
2025-01-06 22:59:56,593 DEBUG [LineInfo_to_exitCode.log_LineInfo] 2025-01-06 22:59:56,593 [INFO] IPUIPlugin:80 - create IPUIPlugin
2025-01-06 22:59:56,593 DEBUG [LineInfo_to_exitCode.log_LineInfo] 2025-01-06 22:59:56,593 [INFO] IPUIPlugin:80 - create IPUIPlugin
2025-01-06 22:59:56,594 DEBUG [LineInfo_to_exitCode.log_LineInfo] 2025-01-06 22:59:56,594 [INFO] IPUIPlugin:80 - create IPUIPlugin
2025-01-06 22:59:56,594 DEBUG [LineInfo_to_exitCode.log_LineInfo] 2025-01-06 22:59:56,594 [INFO] IPUIPlugin:80 - create IPUIPlugin
2025-01-06 22:59:56,595 DEBUG [LineInfo_to_exitCode.log_LineInfo] 2025-01-06 22:59:56,594 [INFO] IPUIPlugin:80 - create IPUIPlugin
2025-01-06 22:59:56,595 DEBUG [LineInfo_to_exitCode.log_LineInfo] 2025-01-06 22:59:56,595 [INFO] IPUIPlugin:80 - create IPUIPlugin
2025-01-06 22:59:56,595 DEBUG [LineInfo_to_exitCode.log_LineInfo] 2025-01-06 22:59:56,595 [INFO] IPUIPlugin:80 - create IPUIPlugin
2025-01-06 22:59:56,595 DEBUG [LineInfo_to_exitCode.log_LineInfo] 2025-01-06 22:59:56,595 [INFO] IPUIPlugin:80 - create IPUIPlugin
2025-01-06 22:59:56,595 DEBUG [LineInfo_to_exitCode.log_LineInfo] 2025-01-06 22:59:56,595 [INFO] IPUIPlugin:80 - create IPUIPlugin
2025-01-06 22:59:56,596 DEBUG [LineInfo_to_exitCode.log_LineInfo] 2025-01-06 22:59:56,596 [INFO] IPUIPlugin:80 - create IPUIPlugin
2025-01-06 22:59:56,596 DEBUG [LineInfo_to_exitCode.log_LineInfo] 2025-01-06 22:59:56,596 [INFO] IPUIPlugin:80 - create IPUIPlugin
2025-01-06 22:59:56,596 DEBUG [LineInfo_to_exitCode.log_LineInfo] 2025-01-06 22:59:56,596 [INFO] IPUIPlugin:80 - create IPUIPlugin
2025-01-06 22:59:56,597 DEBUG [LineInfo_to_exitCode.log_LineInfo] 2025-01-06 22:59:56,596 [INFO] IPUIPlugin:80 - create IPUIPlugin
2025-01-06 22:59:56,597 DEBUG [LineInfo_to_exitCode.log_LineInfo] 2025-01-06 22:59:56,597 [INFO] IPUIPlugin:80 - create IPUIPlugin
2025-01-06 22:59:56,597 DEBUG [LineInfo_to_exitCode.log_LineInfo] 2025-01-06 22:59:56,597 [INFO] IPUIPlugin:80 - create IPUIPlugin
2025-01-06 22:59:56,597 DEBUG [LineInfo_to_exitCode.log_LineInfo] 2025-01-06 22:59:56,597 [INFO] IPUIPlugin:80 - create IPUIPlugin
2025-01-06 22:59:56,598 DEBUG [LineInfo_to_exitCode.log_LineInfo] 2025-01-06 22:59:56,598 [INFO] IPUIPlugin:80 - create IPUIPlugin
2025-01-06 22:59:56,598 DEBUG [LineInfo_to_exitCode.log_LineInfo] 2025-01-06 22:59:56,598 [INFO] IPUIPlugin:80 - create IPUIPlugin
2025-01-06 22:59:56,598 DEBUG [LineInfo_to_exitCode.log_LineInfo] 2025-01-06 22:59:56,598 [INFO] IPUIPlugin:80 - create IPUIPlugin
2025-01-06 22:59:56,598 DEBUG [LineInfo_to_exitCode.log_LineInfo] 2025-01-06 22:59:56,598 [INFO] IPUIPlugin:80 - create IPUIPlugin
2025-01-06 22:59:56,599 DEBUG [LineInfo_to_exitCode.log_LineInfo] 2025-01-06 22:59:56,599 [INFO] IPUIPlugin:80 - create IPUIPlugin
2025-01-06 22:59:56,600 DEBUG [LineInfo_to_exitCode.log_LineInfo] 2025-01-06 22:59:56,599 [INFO] IPUIPlugin:80 - create IPUIPlugin
2025-01-06 22:59:56,600 DEBUG [LineInfo_to_exitCode.log_LineInfo] 2025-01-06 22:59:56,600 [INFO] IPUIPlugin:80 - create IPUIPlugin
2025-01-06 22:59:56,600 DEBUG [LineInfo_to_exitCode.log_LineInfo] 2025-01-06 22:59:56,600 [INFO] IPUIPlugin:80 - create IPUIPlugin
2025-01-06 22:59:56,600 DEBUG [LineInfo_to_exitCode.log_LineInfo] 2025-01-06 22:59:56,600 [INFO] IPUIPlugin:80 - create IPUIPlugin
2025-01-06 22:59:56,917 DEBUG [LineInfo_to_exitCode.log_LineInfo] 2025-01-06 22:59:56,917 [INFO] CADModel:165 - CPN selected for project levelSTM32G431CBU3
2025-01-06 22:59:56,917 DEBUG [LineInfo_to_exitCode.log_LineInfo] 2025-01-06 22:59:56,917 [INFO] CADModel:114 - Register for checkConnection events
2025-01-06 22:59:57,446 DEBUG [LineInfo_to_exitCode.log_LineInfo] 2025-01-06 22:59:57,446 [INFO] OpenFileManager:363 - Restore cursor
2025-01-06 22:59:58,043 DEBUG [LineInfo_to_exitCode.log_LineInfo] 2025-01-06 22:59:58,042 [INFO] UtilMem:75 - End SaveConfig() Used Memory: 305194664 Bytes (574619648)
2025-01-06 22:59:58,408 DEBUG [LineInfo_to_exitCode.log_LineInfo] 2025-01-06 22:59:58,408 [INFO] BlockDiagram:2766 - set Specific Code input for plugin: MotorControl
2025-01-06 22:59:58,409 DEBUG [LineInfo_to_exitCode.log_LineInfo] 2025-01-06 22:59:58,408 [INFO] BlockDiagram:2766 - set Specific Code input for plugin: DAC
2025-01-06 22:59:58,409 DEBUG [LineInfo_to_exitCode.log_LineInfo] 2025-01-06 22:59:58,408 [INFO] BlockDiagram:2766 - set Specific Code input for plugin: TIM1_8G4
2025-01-06 22:59:58,409 DEBUG [LineInfo_to_exitCode.log_LineInfo] 2025-01-06 22:59:58,408 [INFO] BlockDiagram:2766 - set Specific Code input for plugin: OPAMP
2025-01-06 22:59:58,409 DEBUG [LineInfo_to_exitCode.log_LineInfo] 2025-01-06 22:59:58,408 [INFO] BlockDiagram:2766 - set Specific Code input for plugin: ADC
2025-01-06 22:59:58,409 DEBUG [LineInfo_to_exitCode.log_LineInfo] 2025-01-06 22:59:58,408 [INFO] BlockDiagram:2766 - set Specific Code input for plugin: SYS
2025-01-06 22:59:58,410 DEBUG [LineInfo_to_exitCode.log_LineInfo] 2025-01-06 22:59:58,408 [INFO] BlockDiagram:2766 - set Specific Code input for plugin: ADC
2025-01-06 22:59:58,410 DEBUG [LineInfo_to_exitCode.log_LineInfo] 2025-01-06 22:59:58,408 [INFO] BlockDiagram:2766 - set Specific Code input for plugin: RCC
2025-01-06 22:59:58,410 DEBUG [LineInfo_to_exitCode.log_LineInfo] 2025-01-06 22:59:58,408 [INFO] BlockDiagram:2766 - set Specific Code input for plugin: OPAMP
2025-01-06 22:59:58,410 DEBUG [LineInfo_to_exitCode.log_LineInfo] 2025-01-06 22:59:58,408 [INFO] BlockDiagram:2766 - set Specific Code input for plugin: OPAMP
2025-01-06 22:59:58,410 DEBUG [LineInfo_to_exitCode.log_LineInfo] 2025-01-06 22:59:58,408 [INFO] BlockDiagram:2766 - set Specific Code input for plugin: NVIC
2025-01-06 22:59:58,410 DEBUG [LineInfo_to_exitCode.log_LineInfo] 2025-01-06 22:59:58,408 [INFO] BlockDiagram:2766 - set Specific Code input for plugin: COMP
2025-01-06 22:59:58,410 DEBUG [LineInfo_to_exitCode.log_LineInfo] 2025-01-06 22:59:58,408 [INFO] BlockDiagram:2766 - set Specific Code input for plugin: USART
2025-01-06 22:59:58,411 DEBUG [LineInfo_to_exitCode.log_LineInfo] 2025-01-06 22:59:58,408 [INFO] BlockDiagram:2766 - set Specific Code input for plugin: COMP
2025-01-06 22:59:58,411 DEBUG [LineInfo_to_exitCode.log_LineInfo] 2025-01-06 22:59:58,408 [INFO] BlockDiagram:2766 - set Specific Code input for plugin: COMP
2025-01-06 22:59:58,411 DEBUG [LineInfo_to_exitCode.log_LineInfo] 2025-01-06 22:59:58,409 [INFO] BlockDiagram:2766 - set Specific Code input for plugin: DMA
2025-01-06 22:59:58,411 DEBUG [LineInfo_to_exitCode.log_LineInfo] 2025-01-06 22:59:58,409 [INFO] BlockDiagram:2766 - set Specific Code input for plugin: CORDIC
2025-01-06 22:59:58,411 DEBUG [LineInfo_to_exitCode.log_LineInfo] 2025-01-06 22:59:58,409 [INFO] BlockDiagram:2766 - set Specific Code input for plugin: GPIO
2025-01-06 22:59:58,414 DEBUG [LineInfo_to_exitCode.log_LineInfo] 2025-01-06 22:59:58,413 [INFO] CodeGenerator:807 - code generatio: config db path: C:\Program Files\STMicroelectronics\STM32Cube\STM32CubeMX\\db\
2025-01-06 22:59:58,631 DEBUG [LineInfo_to_exitCode.log_LineInfo] 2025-01-06 22:59:58,630 [INFO] CodeEngine:255 - oldGeneratedFile, C:\Users\abina\.st_workbench\projects\hg\MXTmpFiles\license.tmp_save
2025-01-06 22:59:58,945 DEBUG [LineInfo_to_exitCode.log_LineInfo] 2025-01-06 22:59:58,945 [INFO] CodeEngine:279 - Generated code: C:\Users\abina\.st_workbench\projects\hg\MXTmpFiles\license.tmp
2025-01-06 22:59:59,039 DEBUG [LineInfo_to_exitCode.log_LineInfo] 2025-01-06 22:59:59,039 [INFO] CodeEngine:255 - oldGeneratedFile, C:\Users\abina\.st_workbench\projects\hg\MXTmpFiles\gpio.tmp_save
2025-01-06 22:59:59,180 DEBUG [LineInfo_to_exitCode.log_LineInfo] 2025-01-06 22:59:59,180 [INFO] CodeEngine:279 - Generated code: C:\Users\abina\.st_workbench\projects\hg\MXTmpFiles\gpio.tmp
2025-01-06 23:00:00,491 DEBUG [LineInfo_to_exitCode.log_LineInfo] 2025-01-06 23:00:00,490 [INFO] Middleware:1439 - No code input for Bsp Dependency
2025-01-06 23:00:00,628 DEBUG [LineInfo_to_exitCode.log_LineInfo] 2025-01-06 23:00:00,627 [INFO] CodeEngine:255 - oldGeneratedFile, C:\Users\abina\.st_workbench\projects\hg\MXTmpFiles\dma.tmp_save
2025-01-06 23:00:00,710 DEBUG [LineInfo_to_exitCode.log_LineInfo] 2025-01-06 23:00:00,710 [INFO] CodeEngine:279 - Generated code: C:\Users\abina\.st_workbench\projects\hg\MXTmpFiles\dma.tmp
2025-01-06 23:00:00,716 DEBUG [LineInfo_to_exitCode.log_LineInfo] 2025-01-06 23:00:00,716 [INFO] CodeEngine:255 - oldGeneratedFile, C:\Users\abina\.st_workbench\projects\hg\MXTmpFiles\dma_GV.tmp_save
2025-01-06 23:00:00,785 DEBUG [LineInfo_to_exitCode.log_LineInfo] 2025-01-06 23:00:00,785 [INFO] CodeEngine:279 - Generated code: C:\Users\abina\.st_workbench\projects\hg\MXTmpFiles\dma_GV.tmp
2025-01-06 23:00:01,031 DEBUG [LineInfo_to_exitCode.log_LineInfo] 2025-01-06 23:00:01,031 [INFO] Middleware:1439 - No code input for Bsp Dependency
2025-01-06 23:00:01,086 DEBUG [LineInfo_to_exitCode.log_LineInfo] 2025-01-06 23:00:01,086 [INFO] CodeEngine:255 - oldGeneratedFile, C:\Users\abina\.st_workbench\projects\hg\Src\motorcontrol.c_save
2025-01-06 23:00:01,173 INFO  [LineInfo_to_exitCode.log_LineInfo] Generated code: C:\Users\abina\.st_workbench\projects\hg\Src\motorcontrol.c
2025-01-06 23:00:01,183 DEBUG [LineInfo_to_exitCode.log_LineInfo] 2025-01-06 23:00:01,183 [INFO] CodeEngine:255 - oldGeneratedFile, C:\Users\abina\.st_workbench\projects\hg\Inc\motorcontrol.h_save
2025-01-06 23:00:01,264 INFO  [LineInfo_to_exitCode.log_LineInfo] Generated code: C:\Users\abina\.st_workbench\projects\hg\Inc\motorcontrol.h
2025-01-06 23:00:01,279 DEBUG [LineInfo_to_exitCode.log_LineInfo] 2025-01-06 23:00:01,279 [INFO] CodeEngine:255 - oldGeneratedFile, C:\Users\abina\.st_workbench\projects\hg\Inc\drive_parameters.h_save
2025-01-06 23:00:01,405 INFO  [LineInfo_to_exitCode.log_LineInfo] Generated code: C:\Users\abina\.st_workbench\projects\hg\Inc\drive_parameters.h
2025-01-06 23:00:01,414 DEBUG [LineInfo_to_exitCode.log_LineInfo] 2025-01-06 23:00:01,413 [INFO] CodeEngine:255 - oldGeneratedFile, C:\Users\abina\.st_workbench\projects\hg\Inc\mc_type.h_save
2025-01-06 23:00:01,501 INFO  [LineInfo_to_exitCode.log_LineInfo] Generated code: C:\Users\abina\.st_workbench\projects\hg\Inc\mc_type.h
2025-01-06 23:00:01,510 DEBUG [LineInfo_to_exitCode.log_LineInfo] 2025-01-06 23:00:01,510 [INFO] CodeEngine:255 - oldGeneratedFile, C:\Users\abina\.st_workbench\projects\hg\Inc\mc_tasks.h_save
2025-01-06 23:00:01,596 INFO  [LineInfo_to_exitCode.log_LineInfo] Generated code: C:\Users\abina\.st_workbench\projects\hg\Inc\mc_tasks.h
2025-01-06 23:00:01,602 DEBUG [LineInfo_to_exitCode.log_LineInfo] 2025-01-06 23:00:01,602 [INFO] CodeEngine:255 - oldGeneratedFile, C:\Users\abina\.st_workbench\projects\hg\Src\pwm_common.c_save
2025-01-06 23:00:01,689 INFO  [LineInfo_to_exitCode.log_LineInfo] Generated code: C:\Users\abina\.st_workbench\projects\hg\Src\pwm_common.c
2025-01-06 23:00:01,698 DEBUG [LineInfo_to_exitCode.log_LineInfo] 2025-01-06 23:00:01,698 [INFO] CodeEngine:255 - oldGeneratedFile, C:\Users\abina\.st_workbench\projects\hg\Inc\pwm_common.h_save
2025-01-06 23:00:01,773 INFO  [LineInfo_to_exitCode.log_LineInfo] Generated code: C:\Users\abina\.st_workbench\projects\hg\Inc\pwm_common.h
2025-01-06 23:00:01,782 DEBUG [LineInfo_to_exitCode.log_LineInfo] 2025-01-06 23:00:01,782 [INFO] CodeEngine:255 - oldGeneratedFile, C:\Users\abina\.st_workbench\projects\hg\Src\mc_api.c_save
2025-01-06 23:00:01,879 INFO  [LineInfo_to_exitCode.log_LineInfo] Generated code: C:\Users\abina\.st_workbench\projects\hg\Src\mc_api.c
2025-01-06 23:00:01,886 DEBUG [LineInfo_to_exitCode.log_LineInfo] 2025-01-06 23:00:01,886 [INFO] CodeEngine:255 - oldGeneratedFile, C:\Users\abina\.st_workbench\projects\hg\Inc\mc_api.h_save
2025-01-06 23:00:01,966 INFO  [LineInfo_to_exitCode.log_LineInfo] Generated code: C:\Users\abina\.st_workbench\projects\hg\Inc\mc_api.h
2025-01-06 23:00:01,973 DEBUG [LineInfo_to_exitCode.log_LineInfo] 2025-01-06 23:00:01,973 [INFO] CodeEngine:255 - oldGeneratedFile, C:\Users\abina\.st_workbench\projects\hg\Src\mc_config.c_save
2025-01-06 23:00:02,076 INFO  [LineInfo_to_exitCode.log_LineInfo] Generated code: C:\Users\abina\.st_workbench\projects\hg\Src\mc_config.c
2025-01-06 23:00:02,083 DEBUG [LineInfo_to_exitCode.log_LineInfo] 2025-01-06 23:00:02,083 [INFO] CodeEngine:255 - oldGeneratedFile, C:\Users\abina\.st_workbench\projects\hg\Src\mc_config_common.c_save
2025-01-06 23:00:02,185 INFO  [LineInfo_to_exitCode.log_LineInfo] Generated code: C:\Users\abina\.st_workbench\projects\hg\Src\mc_config_common.c
2025-01-06 23:00:02,193 DEBUG [LineInfo_to_exitCode.log_LineInfo] 2025-01-06 23:00:02,192 [INFO] CodeEngine:255 - oldGeneratedFile, C:\Users\abina\.st_workbench\projects\hg\Inc\mc_config.h_save
2025-01-06 23:00:02,266 INFO  [LineInfo_to_exitCode.log_LineInfo] Generated code: C:\Users\abina\.st_workbench\projects\hg\Inc\mc_config.h
2025-01-06 23:00:02,272 DEBUG [LineInfo_to_exitCode.log_LineInfo] 2025-01-06 23:00:02,272 [INFO] CodeEngine:255 - oldGeneratedFile, C:\Users\abina\.st_workbench\projects\hg\Inc\mc_config_common.h_save
2025-01-06 23:00:02,344 INFO  [LineInfo_to_exitCode.log_LineInfo] Generated code: C:\Users\abina\.st_workbench\projects\hg\Inc\mc_config_common.h
2025-01-06 23:00:02,350 DEBUG [LineInfo_to_exitCode.log_LineInfo] 2025-01-06 23:00:02,350 [INFO] CodeEngine:255 - oldGeneratedFile, C:\Users\abina\.st_workbench\projects\hg\Inc\mcp_config.h_save
2025-01-06 23:00:02,421 INFO  [LineInfo_to_exitCode.log_LineInfo] Generated code: C:\Users\abina\.st_workbench\projects\hg\Inc\mcp_config.h
2025-01-06 23:00:02,429 DEBUG [LineInfo_to_exitCode.log_LineInfo] 2025-01-06 23:00:02,429 [INFO] CodeEngine:255 - oldGeneratedFile, C:\Users\abina\.st_workbench\projects\hg\Src\mcp_config.c_save
2025-01-06 23:00:02,500 INFO  [LineInfo_to_exitCode.log_LineInfo] Generated code: C:\Users\abina\.st_workbench\projects\hg\Src\mcp_config.c
2025-01-06 23:00:02,507 DEBUG [LineInfo_to_exitCode.log_LineInfo] 2025-01-06 23:00:02,507 [INFO] CodeEngine:255 - oldGeneratedFile, C:\Users\abina\.st_workbench\projects\hg\Inc\mc_stm_types.h_save
2025-01-06 23:00:02,585 INFO  [LineInfo_to_exitCode.log_LineInfo] Generated code: C:\Users\abina\.st_workbench\projects\hg\Inc\mc_stm_types.h
2025-01-06 23:00:02,593 DEBUG [LineInfo_to_exitCode.log_LineInfo] 2025-01-06 23:00:02,593 [INFO] CodeEngine:255 - oldGeneratedFile, C:\Users\abina\.st_workbench\projects\hg\Src\mc_tasks.c_save
2025-01-06 23:00:02,696 INFO  [LineInfo_to_exitCode.log_LineInfo] Generated code: C:\Users\abina\.st_workbench\projects\hg\Src\mc_tasks.c
2025-01-06 23:00:02,702 DEBUG [LineInfo_to_exitCode.log_LineInfo] 2025-01-06 23:00:02,702 [INFO] CodeEngine:255 - oldGeneratedFile, C:\Users\abina\.st_workbench\projects\hg\Src\mc_tasks_foc.c_save
2025-01-06 23:00:02,825 INFO  [LineInfo_to_exitCode.log_LineInfo] Generated code: C:\Users\abina\.st_workbench\projects\hg\Src\mc_tasks_foc.c
2025-01-06 23:00:02,833 DEBUG [LineInfo_to_exitCode.log_LineInfo] 2025-01-06 23:00:02,833 [INFO] CodeEngine:255 - oldGeneratedFile, C:\Users\abina\.st_workbench\projects\hg\Src\pwm_curr_fdbk.c_save
2025-01-06 23:00:02,912 INFO  [LineInfo_to_exitCode.log_LineInfo] Generated code: C:\Users\abina\.st_workbench\projects\hg\Src\pwm_curr_fdbk.c
2025-01-06 23:00:02,920 DEBUG [LineInfo_to_exitCode.log_LineInfo] 2025-01-06 23:00:02,920 [INFO] CodeEngine:255 - oldGeneratedFile, C:\Users\abina\.st_workbench\projects\hg\Inc\pwm_curr_fdbk.h_save
2025-01-06 23:00:02,990 INFO  [LineInfo_to_exitCode.log_LineInfo] Generated code: C:\Users\abina\.st_workbench\projects\hg\Inc\pwm_curr_fdbk.h
2025-01-06 23:00:02,999 DEBUG [LineInfo_to_exitCode.log_LineInfo] 2025-01-06 23:00:02,999 [INFO] CodeEngine:255 - oldGeneratedFile, C:\Users\abina\.st_workbench\projects\hg\Src\regular_conversion_manager.c_save
2025-01-06 23:00:03,073 INFO  [LineInfo_to_exitCode.log_LineInfo] Generated code: C:\Users\abina\.st_workbench\projects\hg\Src\regular_conversion_manager.c
2025-01-06 23:00:03,081 DEBUG [LineInfo_to_exitCode.log_LineInfo] 2025-01-06 23:00:03,081 [INFO] CodeEngine:255 - oldGeneratedFile, C:\Users\abina\.st_workbench\projects\hg\Inc\regular_conversion_manager.h_save
2025-01-06 23:00:03,150 INFO  [LineInfo_to_exitCode.log_LineInfo] Generated code: C:\Users\abina\.st_workbench\projects\hg\Inc\regular_conversion_manager.h
2025-01-06 23:00:03,156 DEBUG [LineInfo_to_exitCode.log_LineInfo] 2025-01-06 23:00:03,156 [INFO] CodeEngine:255 - oldGeneratedFile, C:\Users\abina\.st_workbench\projects\hg\Src\mc_math.c_save
2025-01-06 23:00:03,266 INFO  [LineInfo_to_exitCode.log_LineInfo] Generated code: C:\Users\abina\.st_workbench\projects\hg\Src\mc_math.c
2025-01-06 23:00:03,278 DEBUG [LineInfo_to_exitCode.log_LineInfo] 2025-01-06 23:00:03,278 [INFO] CodeEngine:255 - oldGeneratedFile, C:\Users\abina\.st_workbench\projects\hg\Inc\mc_math.h_save
2025-01-06 23:00:03,389 INFO  [LineInfo_to_exitCode.log_LineInfo] Generated code: C:\Users\abina\.st_workbench\projects\hg\Inc\mc_math.h
2025-01-06 23:00:03,400 DEBUG [LineInfo_to_exitCode.log_LineInfo] 2025-01-06 23:00:03,400 [INFO] CodeEngine:255 - oldGeneratedFile, C:\Users\abina\.st_workbench\projects\hg\Src\mc_interface.c_save
2025-01-06 23:00:03,487 INFO  [LineInfo_to_exitCode.log_LineInfo] Generated code: C:\Users\abina\.st_workbench\projects\hg\Src\mc_interface.c
2025-01-06 23:00:03,495 DEBUG [LineInfo_to_exitCode.log_LineInfo] 2025-01-06 23:00:03,495 [INFO] CodeEngine:255 - oldGeneratedFile, C:\Users\abina\.st_workbench\projects\hg\Inc\mc_interface.h_save
2025-01-06 23:00:03,567 INFO  [LineInfo_to_exitCode.log_LineInfo] Generated code: C:\Users\abina\.st_workbench\projects\hg\Inc\mc_interface.h
2025-01-06 23:00:03,574 DEBUG [LineInfo_to_exitCode.log_LineInfo] 2025-01-06 23:00:03,573 [INFO] CodeEngine:255 - oldGeneratedFile, C:\Users\abina\.st_workbench\projects\hg\Inc\parameters_conversion.h_save
2025-01-06 23:00:03,683 INFO  [LineInfo_to_exitCode.log_LineInfo] Generated code: C:\Users\abina\.st_workbench\projects\hg\Inc\parameters_conversion.h
2025-01-06 23:00:03,692 DEBUG [LineInfo_to_exitCode.log_LineInfo] 2025-01-06 23:00:03,691 [INFO] CodeEngine:255 - oldGeneratedFile, C:\Users\abina\.st_workbench\projects\hg\Inc\parameters_conversion_g4xx.h_save
2025-01-06 23:00:03,803 INFO  [LineInfo_to_exitCode.log_LineInfo] Generated code: C:\Users\abina\.st_workbench\projects\hg\Inc\parameters_conversion_g4xx.h
2025-01-06 23:00:03,811 DEBUG [LineInfo_to_exitCode.log_LineInfo] 2025-01-06 23:00:03,811 [INFO] CodeEngine:255 - oldGeneratedFile, C:\Users\abina\.st_workbench\projects\hg\Inc\pmsm_motor_parameters.h_save
2025-01-06 23:00:03,885 INFO  [LineInfo_to_exitCode.log_LineInfo] Generated code: C:\Users\abina\.st_workbench\projects\hg\Inc\pmsm_motor_parameters.h
2025-01-06 23:00:03,893 DEBUG [LineInfo_to_exitCode.log_LineInfo] 2025-01-06 23:00:03,893 [INFO] CodeEngine:255 - oldGeneratedFile, C:\Users\abina\.st_workbench\projects\hg\Inc\power_stage_parameters.h_save
2025-01-06 23:00:03,971 INFO  [LineInfo_to_exitCode.log_LineInfo] Generated code: C:\Users\abina\.st_workbench\projects\hg\Inc\power_stage_parameters.h
2025-01-06 23:00:03,979 DEBUG [LineInfo_to_exitCode.log_LineInfo] 2025-01-06 23:00:03,979 [INFO] CodeEngine:255 - oldGeneratedFile, C:\Users\abina\.st_workbench\projects\hg\Src\stm32_mc_common_it.c_save
2025-01-06 23:00:04,066 INFO  [LineInfo_to_exitCode.log_LineInfo] Generated code: C:\Users\abina\.st_workbench\projects\hg\Src\stm32_mc_common_it.c
2025-01-06 23:00:04,072 DEBUG [LineInfo_to_exitCode.log_LineInfo] 2025-01-06 23:00:04,072 [INFO] CodeEngine:255 - oldGeneratedFile, C:\Users\abina\.st_workbench\projects\hg\Src\stm32g4xx_mc_it.c_save
2025-01-06 23:00:04,149 INFO  [LineInfo_to_exitCode.log_LineInfo] Generated code: C:\Users\abina\.st_workbench\projects\hg\Src\stm32g4xx_mc_it.c
2025-01-06 23:00:04,156 DEBUG [LineInfo_to_exitCode.log_LineInfo] 2025-01-06 23:00:04,156 [INFO] CodeEngine:255 - oldGeneratedFile, C:\Users\abina\.st_workbench\projects\hg\Inc\mc_parameters.h_save
2025-01-06 23:00:04,228 INFO  [LineInfo_to_exitCode.log_LineInfo] Generated code: C:\Users\abina\.st_workbench\projects\hg\Inc\mc_parameters.h
2025-01-06 23:00:04,235 DEBUG [LineInfo_to_exitCode.log_LineInfo] 2025-01-06 23:00:04,235 [INFO] CodeEngine:255 - oldGeneratedFile, C:\Users\abina\.st_workbench\projects\hg\Src\mc_parameters.c_save
2025-01-06 23:00:04,365 INFO  [LineInfo_to_exitCode.log_LineInfo] Generated code: C:\Users\abina\.st_workbench\projects\hg\Src\mc_parameters.c
2025-01-06 23:00:04,371 DEBUG [LineInfo_to_exitCode.log_LineInfo] 2025-01-06 23:00:04,371 [INFO] CodeEngine:255 - oldGeneratedFile, C:\Users\abina\.st_workbench\projects\hg\Src\register_interface.c_save
2025-01-06 23:00:04,479 INFO  [LineInfo_to_exitCode.log_LineInfo] Generated code: C:\Users\abina\.st_workbench\projects\hg\Src\register_interface.c
2025-01-06 23:00:04,486 DEBUG [LineInfo_to_exitCode.log_LineInfo] 2025-01-06 23:00:04,486 [INFO] CodeEngine:255 - oldGeneratedFile, C:\Users\abina\.st_workbench\projects\hg\Src\mcp.c_save
2025-01-06 23:00:04,560 INFO  [LineInfo_to_exitCode.log_LineInfo] Generated code: C:\Users\abina\.st_workbench\projects\hg\Src\mcp.c
2025-01-06 23:00:04,567 DEBUG [LineInfo_to_exitCode.log_LineInfo] 2025-01-06 23:00:04,567 [INFO] CodeEngine:255 - oldGeneratedFile, C:\Users\abina\.st_workbench\projects\hg\Inc\mc_perf.h_save
2025-01-06 23:00:04,635 INFO  [LineInfo_to_exitCode.log_LineInfo] Generated code: C:\Users\abina\.st_workbench\projects\hg\Inc\mc_perf.h
2025-01-06 23:00:04,643 DEBUG [LineInfo_to_exitCode.log_LineInfo] 2025-01-06 23:00:04,643 [INFO] CodeEngine:255 - oldGeneratedFile, C:\Users\abina\.st_workbench\projects\hg\Src\mc_perf.c_save
2025-01-06 23:00:04,711 INFO  [LineInfo_to_exitCode.log_LineInfo] Generated code: C:\Users\abina\.st_workbench\projects\hg\Src\mc_perf.c
2025-01-06 23:00:04,718 DEBUG [LineInfo_to_exitCode.log_LineInfo] 2025-01-06 23:00:04,718 [INFO] CodeEngine:255 - oldGeneratedFile, C:\Users\abina\.st_workbench\projects\hg\Inc\register_interface.h_save
2025-01-06 23:00:04,793 INFO  [LineInfo_to_exitCode.log_LineInfo] Generated code: C:\Users\abina\.st_workbench\projects\hg\Inc\register_interface.h
2025-01-06 23:00:04,799 DEBUG [LineInfo_to_exitCode.log_LineInfo] 2025-01-06 23:00:04,799 [INFO] CodeEngine:255 - oldGeneratedFile, C:\Users\abina\.st_workbench\projects\hg\Src\usart_aspep_driver.c_save
2025-01-06 23:00:04,867 INFO  [LineInfo_to_exitCode.log_LineInfo] Generated code: C:\Users\abina\.st_workbench\projects\hg\Src\usart_aspep_driver.c
2025-01-06 23:00:04,873 DEBUG [LineInfo_to_exitCode.log_LineInfo] 2025-01-06 23:00:04,873 [INFO] CodeEngine:255 - oldGeneratedFile, C:\Users\abina\.st_workbench\projects\hg\Src\mc_configuration_registers.c_save
2025-01-06 23:00:04,939 INFO  [LineInfo_to_exitCode.log_LineInfo] Generated code: C:\Users\abina\.st_workbench\projects\hg\Src\mc_configuration_registers.c
2025-01-06 23:00:04,948 DEBUG [LineInfo_to_exitCode.log_LineInfo] 2025-01-06 23:00:04,947 [INFO] CodeEngine:255 - oldGeneratedFile, C:\Users\abina\.st_workbench\projects\hg\Inc\mc_configuration_registers.h_save
2025-01-06 23:00:05,022 INFO  [LineInfo_to_exitCode.log_LineInfo] Generated code: C:\Users\abina\.st_workbench\projects\hg\Inc\mc_configuration_registers.h
2025-01-06 23:00:05,030 DEBUG [LineInfo_to_exitCode.log_LineInfo] 2025-01-06 23:00:05,030 [INFO] CodeEngine:255 - oldGeneratedFile, C:\Users\abina\.st_workbench\projects\hg\Inc\aspep.h_save
2025-01-06 23:00:05,097 INFO  [LineInfo_to_exitCode.log_LineInfo] Generated code: C:\Users\abina\.st_workbench\projects\hg\Inc\aspep.h
2025-01-06 23:00:05,103 DEBUG [LineInfo_to_exitCode.log_LineInfo] 2025-01-06 23:00:05,103 [INFO] CodeEngine:255 - oldGeneratedFile, C:\Users\abina\.st_workbench\projects\hg\Src\aspep.c_save
2025-01-06 23:00:05,181 INFO  [LineInfo_to_exitCode.log_LineInfo] Generated code: C:\Users\abina\.st_workbench\projects\hg\Src\aspep.c
2025-01-06 23:00:05,187 DEBUG [LineInfo_to_exitCode.log_LineInfo] 2025-01-06 23:00:05,187 [INFO] CodeEngine:255 - oldGeneratedFile, C:\Users\abina\.st_workbench\projects\hg\Inc\mc_app_hooks.h_save
2025-01-06 23:00:05,251 INFO  [LineInfo_to_exitCode.log_LineInfo] Generated code: C:\Users\abina\.st_workbench\projects\hg\Inc\mc_app_hooks.h
2025-01-06 23:00:05,257 DEBUG [LineInfo_to_exitCode.log_LineInfo] 2025-01-06 23:00:05,257 [INFO] CodeEngine:255 - oldGeneratedFile, C:\Users\abina\.st_workbench\projects\hg\Src\mc_app_hooks.c_save
2025-01-06 23:00:05,327 INFO  [LineInfo_to_exitCode.log_LineInfo] Generated code: C:\Users\abina\.st_workbench\projects\hg\Src\mc_app_hooks.c
2025-01-06 23:00:05,348 DEBUG [LineInfo_to_exitCode.log_LineInfo] 2025-01-06 23:00:05,348 [INFO] CodeEngine:255 - oldGeneratedFile, C:\Users\abina\.st_workbench\projects\hg\Src\stm32g4xx_it.c_save
2025-01-06 23:00:05,428 INFO  [LineInfo_to_exitCode.log_LineInfo] Generated code: C:\Users\abina\.st_workbench\projects\hg\Src\stm32g4xx_it.c
2025-01-06 23:00:05,434 DEBUG [LineInfo_to_exitCode.log_LineInfo] 2025-01-06 23:00:05,434 [INFO] CodeEngine:255 - oldGeneratedFile, C:\Users\abina\.st_workbench\projects\hg\Inc\stm32g4xx_it.h_save
2025-01-06 23:00:05,498 INFO  [LineInfo_to_exitCode.log_LineInfo] Generated code: C:\Users\abina\.st_workbench\projects\hg\Inc\stm32g4xx_it.h
2025-01-06 23:00:05,523 DEBUG [LineInfo_to_exitCode.log_LineInfo] 2025-01-06 23:00:05,523 [INFO] CodeEngine:255 - oldGeneratedFile, C:\Users\abina\.st_workbench\projects\hg\Src\stm32g4xx_hal_msp.c_save
2025-01-06 23:00:05,645 INFO  [LineInfo_to_exitCode.log_LineInfo] Generated code: C:\Users\abina\.st_workbench\projects\hg\Src\stm32g4xx_hal_msp.c
2025-01-06 23:00:05,652 DEBUG [LineInfo_to_exitCode.log_LineInfo] 2025-01-06 23:00:05,652 [INFO] CodeEngine:255 - oldGeneratedFile, C:\Users\abina\.st_workbench\projects\hg\MXTmpFiles\system.tmp_save
2025-01-06 23:00:05,715 DEBUG [LineInfo_to_exitCode.log_LineInfo] 2025-01-06 23:00:05,715 [INFO] CodeEngine:279 - Generated code: C:\Users\abina\.st_workbench\projects\hg\MXTmpFiles\system.tmp
2025-01-06 23:00:05,729 DEBUG [LineInfo_to_exitCode.log_LineInfo] 2025-01-06 23:00:05,729 [INFO] CodeEngine:311 - oldGeneratedFile, C:\Users\abina\.st_workbench\projects\hg\Inc\stm32g4xx_hal_conf.h_save
2025-01-06 23:00:05,798 INFO  [LineInfo_to_exitCode.log_LineInfo] Generated code: C:\Users\abina\.st_workbench\projects\hg\Inc\stm32g4xx_hal_conf.h
2025-01-06 23:00:05,846 DEBUG [LineInfo_to_exitCode.log_LineInfo] 2025-01-06 23:00:05,846 [INFO] CodeEngine:255 - oldGeneratedFile, C:\Users\abina\.st_workbench\projects\hg\Inc\main.h_save
2025-01-06 23:00:05,933 INFO  [LineInfo_to_exitCode.log_LineInfo] Generated code: C:\Users\abina\.st_workbench\projects\hg\Inc\main.h
2025-01-06 23:00:05,939 DEBUG [LineInfo_to_exitCode.log_LineInfo] 2025-01-06 23:00:05,939 [INFO] CodeEngine:255 - oldGeneratedFile, C:\Users\abina\.st_workbench\projects\hg\Src\main.c_save
2025-01-06 23:00:06,071 INFO  [LineInfo_to_exitCode.log_LineInfo] Generated code: C:\Users\abina\.st_workbench\projects\hg\Src\main.c
2025-01-06 23:00:06,902 DEBUG [LineInfo_to_exitCode.log_LineInfo] 2025-01-06 23:00:06,901 [INFO] ProjectBuilder:3249 - Time for Copy HAL[0] : 636mS.
2025-01-06 23:00:06,917 DEBUG [LineInfo_to_exitCode.log_LineInfo] 2025-01-06 23:00:06,917 [INFO] ProjectBuilder:4828 - Project Generator version: 4.5.0-B34
2025-01-06 23:00:07,013 DEBUG [LineInfo_to_exitCode.log_LineInfo] 2025-01-06 23:00:07,013 [INFO] ConfigFileManager:1531 - The Die is : DIE468
2025-01-06 23:00:07,017 DEBUG [LineInfo_to_exitCode.log_LineInfo] 2025-01-06 23:00:07,017 [INFO] ApiDbMcu:508 - Load IP Config File for FATFS
2025-01-06 23:00:07,021 DEBUG [LineInfo_to_exitCode.log_LineInfo] 2025-01-06 23:00:07,021 [INFO] ApiDbMcu:508 - Load IP Config File for FREERTOS
2025-01-06 23:00:07,027 DEBUG [LineInfo_to_exitCode.log_LineInfo] 2025-01-06 23:00:07,026 [INFO] ApiDbMcu:508 - Load IP Config File for USBPD
2025-01-06 23:00:07,032 DEBUG [LineInfo_to_exitCode.log_LineInfo] 2025-01-06 23:00:07,032 [INFO] ApiDbMcu:508 - Load IP Config File for USB_Device
2025-01-06 23:00:14,542 DEBUG [LineInfo_to_exitCode.log_LineInfo] 2025-01-06 23:00:14,542 [INFO] ConfigFileManager:3050 - mx.scratch is deleted!
2025-01-06 23:00:14,543 DEBUG [LineInfo_to_exitCode.log_LineInfo] 2025-01-06 23:00:14,542 [INFO] ProjectBuilder:5097 - Time for Generating toolchain IDE Files: 7626mS.
2025-01-06 23:00:17,002 DEBUG [LineInfo_to_exitCode.log_LineInfo] 2025-01-06 23:00:17,002 [INFO] ProjectBuilder:3107 - Time for Copy CMSIS : 2459mS.
2025-01-06 23:00:18,515 DEBUG [LineInfo_to_exitCode.log_LineInfo] 2025-01-06 23:00:18,515 [INFO] ProjectBuilder:3107 - Time for Copy CMSIS : 1507mS.
2025-01-06 23:04:05,676 DEBUG [IOCDialogController.lambda$onClose$8] IOCGenerationDialog exists with return code 1
