ISO-10303-21;
HEADER;
FILE_DESCRIPTION(('KiCad electronic assembly'),'2;1');
FILE_NAME('H2_MoSen_R1.0.step','2025-01-28T23:39:51',('Pcbnew'),('Kicad'
    ),'Open CASCADE STEP processor 7.8','KiCad to STEP converter',
  'Unknown');
FILE_SCHEMA(('AUTOMOTIVE_DESIGN { 1 0 10303 214 1 1 1 1 }'));
ENDSEC;
DATA;
#1 = APPLICATION_PROTOCOL_DEFINITION('international standard',
  'automotive_design',2000,#2);
#2 = APPLICATION_CONTEXT(
  'core data for automotive mechanical design processes');
#3 = SHAPE_DEFINITION_REPRESENTATION(#4,#10);
#4 = PRODUCT_DEFINITION_SHAPE('','',#5);
#5 = PRODUCT_DEFINITION('design','',#6,#9);
#6 = PRODUCT_DEFINITION_FORMATION('','',#7);
#7 = PRODUCT('H2_MoSen_R1.0 1','H2_MoSen_R1.0 1','',(#8));
#8 = PRODUCT_CONTEXT('',#2,'mechanical');
#9 = PRODUCT_DEFINITION_CONTEXT('part definition',#2,'design');
#10 = SHAPE_REPRESENTATION('',(#11,#15,#19,#23,#27,#31,#35,#39,#43,#47,
    #51),#55);
#11 = AXIS2_PLACEMENT_3D('',#12,#13,#14);
#12 = CARTESIAN_POINT('',(0.,0.,0.));
#13 = DIRECTION('',(0.,0.,1.));
#14 = DIRECTION('',(1.,0.,-0.));
#15 = AXIS2_PLACEMENT_3D('',#16,#17,#18);
#16 = CARTESIAN_POINT('',(128.,-60.5,1.65));
#17 = DIRECTION('',(0.,0.,1.));
#18 = DIRECTION('',(-1.,1.224646799147E-16,0.));
#19 = AXIS2_PLACEMENT_3D('',#20,#21,#22);
#20 = CARTESIAN_POINT('',(126.,-66.,1.65));
#21 = DIRECTION('',(0.,-0.,1.));
#22 = DIRECTION('',(1.110223024625E-16,1.,0.));
#23 = AXIS2_PLACEMENT_3D('',#24,#25,#26);
#24 = CARTESIAN_POINT('',(135.25,-76.1,1.65));
#25 = DIRECTION('',(0.,-0.,1.));
#26 = DIRECTION('',(1.110223024625E-16,1.,0.));
#27 = AXIS2_PLACEMENT_3D('',#28,#29,#30);
#28 = CARTESIAN_POINT('',(131.75,-67.,1.65));
#29 = DIRECTION('',(0.,0.,1.));
#30 = DIRECTION('',(1.,0.,0.));
#31 = AXIS2_PLACEMENT_3D('',#32,#33,#34);
#32 = CARTESIAN_POINT('',(134.,-62.25,1.65));
#33 = DIRECTION('',(0.,0.,1.));
#34 = DIRECTION('',(-1.,1.224646799147E-16,0.));
#35 = AXIS2_PLACEMENT_3D('',#36,#37,#38);
#36 = CARTESIAN_POINT('',(108.6875,-71.96,5.35));
#37 = DIRECTION('',(-1.,-2.334869823773E-16,-1.110223024625E-16));
#38 = DIRECTION('',(2.334869823773E-16,-1.,1.224646799147E-16));
#39 = AXIS2_PLACEMENT_3D('',#40,#41,#42);
#40 = CARTESIAN_POINT('',(131.5,-77.75,1.65));
#41 = DIRECTION('',(0.,-0.,1.));
#42 = DIRECTION('',(1.110223024625E-16,1.,0.));
#43 = AXIS2_PLACEMENT_3D('',#44,#45,#46);
#44 = CARTESIAN_POINT('',(147.64,-71.54,1.65));
#45 = DIRECTION('',(-0.,0.,1.));
#46 = DIRECTION('',(1.110223024625E-16,-1.,0.));
#47 = AXIS2_PLACEMENT_3D('',#48,#49,#50);
#48 = CARTESIAN_POINT('',(132.,-73.,1.65));
#49 = DIRECTION('',(0.,0.,1.));
#50 = DIRECTION('',(-1.,1.224646799147E-16,0.));
#51 = AXIS2_PLACEMENT_3D('',#52,#53,#54);
#52 = CARTESIAN_POINT('',(0.,0.,0.));
#53 = DIRECTION('',(0.,0.,1.));
#54 = DIRECTION('',(1.,0.,-0.));
#55 = ( GEOMETRIC_REPRESENTATION_CONTEXT(3) 
GLOBAL_UNCERTAINTY_ASSIGNED_CONTEXT((#59)) GLOBAL_UNIT_ASSIGNED_CONTEXT(
(#56,#57,#58)) REPRESENTATION_CONTEXT('Context #1',
  '3D Context with UNIT and UNCERTAINTY') );
#56 = ( LENGTH_UNIT() NAMED_UNIT(*) SI_UNIT(.MILLI.,.METRE.) );
#57 = ( NAMED_UNIT(*) PLANE_ANGLE_UNIT() SI_UNIT($,.RADIAN.) );
#58 = ( NAMED_UNIT(*) SI_UNIT($,.STERADIAN.) SOLID_ANGLE_UNIT() );
#59 = UNCERTAINTY_MEASURE_WITH_UNIT(LENGTH_MEASURE(2.E-06),#56,
  'distance_accuracy_value','confusion accuracy');
#60 = PRODUCT_RELATED_PRODUCT_CATEGORY('part',$,(#7));
#61 = SHAPE_DEFINITION_REPRESENTATION(#62,#68);
#62 = PRODUCT_DEFINITION_SHAPE('','',#63);
#63 = PRODUCT_DEFINITION('design','',#64,#67);
#64 = PRODUCT_DEFINITION_FORMATION('','',#65);
#65 = PRODUCT('D_DO-41_SOD81_P10.16mm_Horizontal',
  'D_DO-41_SOD81_P10.16mm_Horizontal','',(#66));
#66 = PRODUCT_CONTEXT('',#2,'mechanical');
#67 = PRODUCT_DEFINITION_CONTEXT('part definition',#2,'design');
#68 = SHAPE_REPRESENTATION('',(#11,#69),#73);
#69 = AXIS2_PLACEMENT_3D('',#70,#71,#72);
#70 = CARTESIAN_POINT('',(0.,0.,0.));
#71 = DIRECTION('',(0.,0.,1.));
#72 = DIRECTION('',(1.,0.,-0.));
#73 = ( GEOMETRIC_REPRESENTATION_CONTEXT(3) 
GLOBAL_UNCERTAINTY_ASSIGNED_CONTEXT((#77)) GLOBAL_UNIT_ASSIGNED_CONTEXT(
(#74,#75,#76)) REPRESENTATION_CONTEXT('Context #1',
  '3D Context with UNIT and UNCERTAINTY') );
#74 = ( LENGTH_UNIT() NAMED_UNIT(*) SI_UNIT(.MILLI.,.METRE.) );
#75 = ( NAMED_UNIT(*) PLANE_ANGLE_UNIT() SI_UNIT($,.RADIAN.) );
#76 = ( NAMED_UNIT(*) SI_UNIT($,.STERADIAN.) SOLID_ANGLE_UNIT() );
#77 = UNCERTAINTY_MEASURE_WITH_UNIT(LENGTH_MEASURE(1.E-07),#74,
  'distance_accuracy_value','confusion accuracy');
#78 = CONTEXT_DEPENDENT_SHAPE_REPRESENTATION(#79,#81);
#79 = ( REPRESENTATION_RELATIONSHIP('','',#68,#10) 
REPRESENTATION_RELATIONSHIP_WITH_TRANSFORMATION(#80) 
SHAPE_REPRESENTATION_RELATIONSHIP() );
#80 = ITEM_DEFINED_TRANSFORMATION('','',#11,#15);
#81 = PRODUCT_DEFINITION_SHAPE('Placement','Placement of an item',#82);
#82 = NEXT_ASSEMBLY_USAGE_OCCURRENCE('2','D1','',#5,#63,$);
#83 = PRODUCT_RELATED_PRODUCT_CATEGORY('part',$,(#65));
#84 = SHAPE_DEFINITION_REPRESENTATION(#85,#91);
#85 = PRODUCT_DEFINITION_SHAPE('','',#86);
#86 = PRODUCT_DEFINITION('design','',#87,#90);
#87 = PRODUCT_DEFINITION_FORMATION('','',#88);
#88 = PRODUCT('D_DO-41_SOD81_P10.16mm_Horizontal',
  'D_DO-41_SOD81_P10.16mm_Horizontal','',(#89));
#89 = PRODUCT_CONTEXT('',#2,'mechanical');
#90 = PRODUCT_DEFINITION_CONTEXT('part definition',#2,'design');
#91 = ADVANCED_BREP_SHAPE_REPRESENTATION('',(#11,#92),#427);
#92 = MANIFOLD_SOLID_BREP('',#93);
#93 = CLOSED_SHELL('',(#94,#127,#147,#167,#192,#217,#237,#257,#282,#307,
    #333,#359,#384,#409,#418));
#94 = ADVANCED_FACE('',(#95),#122,.T.);
#95 = FACE_BOUND('',#96,.T.);
#96 = EDGE_LOOP('',(#97,#106,#114,#121));
#97 = ORIENTED_EDGE('',*,*,#98,.T.);
#98 = EDGE_CURVE('',#99,#99,#101,.T.);
#99 = VERTEX_POINT('',#100);
#100 = CARTESIAN_POINT('',(3.26,2.138289545428E-15,3.21));
#101 = CIRCLE('',#102,1.36);
#102 = AXIS2_PLACEMENT_3D('',#103,#104,#105);
#103 = CARTESIAN_POINT('',(3.26,8.215650382226E-16,1.85));
#104 = DIRECTION('',(1.,0.,-0.));
#105 = DIRECTION('',(0.,9.681797847099E-16,1.));
#106 = ORIENTED_EDGE('',*,*,#107,.T.);
#107 = EDGE_CURVE('',#99,#108,#110,.T.);
#108 = VERTEX_POINT('',#109);
#109 = CARTESIAN_POINT('',(4.56,2.138289545428E-15,3.21));
#110 = LINE('',#111,#112);
#111 = CARTESIAN_POINT('',(3.26,2.138289545428E-15,3.21));
#112 = VECTOR('',#113,1.);
#113 = DIRECTION('',(1.,0.,0.));
#114 = ORIENTED_EDGE('',*,*,#115,.F.);
#115 = EDGE_CURVE('',#108,#108,#116,.T.);
#116 = CIRCLE('',#117,1.36);
#117 = AXIS2_PLACEMENT_3D('',#118,#119,#120);
#118 = CARTESIAN_POINT('',(4.56,8.215650382226E-16,1.85));
#119 = DIRECTION('',(1.,0.,-0.));
#120 = DIRECTION('',(0.,9.681797847099E-16,1.));
#121 = ORIENTED_EDGE('',*,*,#107,.F.);
#122 = CYLINDRICAL_SURFACE('',#123,1.36);
#123 = AXIS2_PLACEMENT_3D('',#124,#125,#126);
#124 = CARTESIAN_POINT('',(3.26,8.215650382226E-16,1.85));
#125 = DIRECTION('',(1.,0.,0.));
#126 = DIRECTION('',(-0.,9.681797847099E-16,1.));
#127 = ADVANCED_FACE('',(#128,#131),#142,.F.);
#128 = FACE_BOUND('',#129,.T.);
#129 = EDGE_LOOP('',(#130));
#130 = ORIENTED_EDGE('',*,*,#98,.F.);
#131 = FACE_BOUND('',#132,.T.);
#132 = EDGE_LOOP('',(#133));
#133 = ORIENTED_EDGE('',*,*,#134,.T.);
#134 = EDGE_CURVE('',#135,#135,#137,.T.);
#135 = VERTEX_POINT('',#136);
#136 = CARTESIAN_POINT('',(3.26,2.13162820728E-15,3.2));
#137 = CIRCLE('',#138,1.35);
#138 = AXIS2_PLACEMENT_3D('',#139,#140,#141);
#139 = CARTESIAN_POINT('',(3.26,8.215650382226E-16,1.85));
#140 = DIRECTION('',(1.,0.,-0.));
#141 = DIRECTION('',(0.,9.70417162265E-16,1.));
#142 = PLANE('',#143);
#143 = AXIS2_PLACEMENT_3D('',#144,#145,#146);
#144 = CARTESIAN_POINT('',(3.26,8.215650382226E-16,1.85));
#145 = DIRECTION('',(1.,0.,0.));
#146 = DIRECTION('',(-0.,9.726879335149E-16,1.));
#147 = ADVANCED_FACE('',(#148,#151),#162,.T.);
#148 = FACE_BOUND('',#149,.T.);
#149 = EDGE_LOOP('',(#150));
#150 = ORIENTED_EDGE('',*,*,#115,.T.);
#151 = FACE_BOUND('',#152,.T.);
#152 = EDGE_LOOP('',(#153));
#153 = ORIENTED_EDGE('',*,*,#154,.F.);
#154 = EDGE_CURVE('',#155,#155,#157,.T.);
#155 = VERTEX_POINT('',#156);
#156 = CARTESIAN_POINT('',(4.56,2.13162820728E-15,3.2));
#157 = CIRCLE('',#158,1.35);
#158 = AXIS2_PLACEMENT_3D('',#159,#160,#161);
#159 = CARTESIAN_POINT('',(4.56,8.215650382226E-16,1.85));
#160 = DIRECTION('',(1.,0.,-0.));
#161 = DIRECTION('',(0.,9.70417162265E-16,1.));
#162 = PLANE('',#163);
#163 = AXIS2_PLACEMENT_3D('',#164,#165,#166);
#164 = CARTESIAN_POINT('',(4.56,8.215650382226E-16,1.85));
#165 = DIRECTION('',(1.,0.,0.));
#166 = DIRECTION('',(-0.,9.681797847099E-16,1.));
#167 = ADVANCED_FACE('',(#168),#187,.T.);
#168 = FACE_BOUND('',#169,.T.);
#169 = EDGE_LOOP('',(#170,#178,#185,#186));
#170 = ORIENTED_EDGE('',*,*,#171,.F.);
#171 = EDGE_CURVE('',#172,#135,#174,.T.);
#172 = VERTEX_POINT('',#173);
#173 = CARTESIAN_POINT('',(2.48,2.13162820728E-15,3.2));
#174 = LINE('',#175,#176);
#175 = CARTESIAN_POINT('',(2.48,2.13162820728E-15,3.2));
#176 = VECTOR('',#177,1.);
#177 = DIRECTION('',(1.,0.,0.));
#178 = ORIENTED_EDGE('',*,*,#179,.T.);
#179 = EDGE_CURVE('',#172,#172,#180,.T.);
#180 = CIRCLE('',#181,1.35);
#181 = AXIS2_PLACEMENT_3D('',#182,#183,#184);
#182 = CARTESIAN_POINT('',(2.48,8.215650382226E-16,1.85));
#183 = DIRECTION('',(1.,0.,-0.));
#184 = DIRECTION('',(0.,9.70417162265E-16,1.));
#185 = ORIENTED_EDGE('',*,*,#171,.T.);
#186 = ORIENTED_EDGE('',*,*,#134,.F.);
#187 = CYLINDRICAL_SURFACE('',#188,1.35);
#188 = AXIS2_PLACEMENT_3D('',#189,#190,#191);
#189 = CARTESIAN_POINT('',(2.48,8.215650382226E-16,1.85));
#190 = DIRECTION('',(1.,0.,0.));
#191 = DIRECTION('',(-0.,9.70417162265E-16,1.));
#192 = ADVANCED_FACE('',(#193),#212,.T.);
#193 = FACE_BOUND('',#194,.T.);
#194 = EDGE_LOOP('',(#195,#196,#204,#211));
#195 = ORIENTED_EDGE('',*,*,#154,.T.);
#196 = ORIENTED_EDGE('',*,*,#197,.T.);
#197 = EDGE_CURVE('',#155,#198,#200,.T.);
#198 = VERTEX_POINT('',#199);
#199 = CARTESIAN_POINT('',(7.68,2.13162820728E-15,3.2));
#200 = LINE('',#201,#202);
#201 = CARTESIAN_POINT('',(2.48,2.13162820728E-15,3.2));
#202 = VECTOR('',#203,1.);
#203 = DIRECTION('',(1.,0.,0.));
#204 = ORIENTED_EDGE('',*,*,#205,.F.);
#205 = EDGE_CURVE('',#198,#198,#206,.T.);
#206 = CIRCLE('',#207,1.35);
#207 = AXIS2_PLACEMENT_3D('',#208,#209,#210);
#208 = CARTESIAN_POINT('',(7.68,8.215650382226E-16,1.85));
#209 = DIRECTION('',(1.,0.,-0.));
#210 = DIRECTION('',(0.,9.70417162265E-16,1.));
#211 = ORIENTED_EDGE('',*,*,#197,.F.);
#212 = CYLINDRICAL_SURFACE('',#213,1.35);
#213 = AXIS2_PLACEMENT_3D('',#214,#215,#216);
#214 = CARTESIAN_POINT('',(2.48,8.215650382226E-16,1.85));
#215 = DIRECTION('',(1.,0.,0.));
#216 = DIRECTION('',(-0.,9.70417162265E-16,1.));
#217 = ADVANCED_FACE('',(#218,#221),#232,.F.);
#218 = FACE_BOUND('',#219,.T.);
#219 = EDGE_LOOP('',(#220));
#220 = ORIENTED_EDGE('',*,*,#179,.F.);
#221 = FACE_BOUND('',#222,.T.);
#222 = EDGE_LOOP('',(#223));
#223 = ORIENTED_EDGE('',*,*,#224,.T.);
#224 = EDGE_CURVE('',#225,#225,#227,.T.);
#225 = VERTEX_POINT('',#226);
#226 = CARTESIAN_POINT('',(2.48,7.660538869914E-16,1.45));
#227 = CIRCLE('',#228,0.4);
#228 = AXIS2_PLACEMENT_3D('',#229,#230,#231);
#229 = CARTESIAN_POINT('',(2.48,8.548717289614E-16,1.85));
#230 = DIRECTION('',(1.,0.,0.));
#231 = DIRECTION('',(0.,-2.22044604925E-16,-1.));
#232 = PLANE('',#233);
#233 = AXIS2_PLACEMENT_3D('',#234,#235,#236);
#234 = CARTESIAN_POINT('',(2.48,8.215650382226E-16,1.85));
#235 = DIRECTION('',(1.,0.,0.));
#236 = DIRECTION('',(-0.,9.70417162265E-16,1.));
#237 = ADVANCED_FACE('',(#238,#241),#252,.T.);
#238 = FACE_BOUND('',#239,.F.);
#239 = EDGE_LOOP('',(#240));
#240 = ORIENTED_EDGE('',*,*,#205,.F.);
#241 = FACE_BOUND('',#242,.F.);
#242 = EDGE_LOOP('',(#243));
#243 = ORIENTED_EDGE('',*,*,#244,.T.);
#244 = EDGE_CURVE('',#245,#245,#247,.T.);
#245 = VERTEX_POINT('',#246);
#246 = CARTESIAN_POINT('',(7.68,7.660538869914E-16,1.45));
#247 = CIRCLE('',#248,0.4);
#248 = AXIS2_PLACEMENT_3D('',#249,#250,#251);
#249 = CARTESIAN_POINT('',(7.68,8.548717289614E-16,1.85));
#250 = DIRECTION('',(1.,0.,0.));
#251 = DIRECTION('',(0.,-2.22044604925E-16,-1.));
#252 = PLANE('',#253);
#253 = AXIS2_PLACEMENT_3D('',#254,#255,#256);
#254 = CARTESIAN_POINT('',(7.68,8.215650382226E-16,1.85));
#255 = DIRECTION('',(1.,0.,0.));
#256 = DIRECTION('',(-0.,9.70417162265E-16,1.));
#257 = ADVANCED_FACE('',(#258),#277,.T.);
#258 = FACE_BOUND('',#259,.T.);
#259 = EDGE_LOOP('',(#260,#269,#275,#276));
#260 = ORIENTED_EDGE('',*,*,#261,.F.);
#261 = EDGE_CURVE('',#262,#262,#264,.T.);
#262 = VERTEX_POINT('',#263);
#263 = CARTESIAN_POINT('',(0.8,7.660538869914E-16,1.45));
#264 = CIRCLE('',#265,0.4);
#265 = AXIS2_PLACEMENT_3D('',#266,#267,#268);
#266 = CARTESIAN_POINT('',(0.8,8.548717289614E-16,1.85));
#267 = DIRECTION('',(-1.,-4.078893220341E-32,-1.836970198721E-16));
#268 = DIRECTION('',(-1.836970198721E-16,2.22044604925E-16,1.));
#269 = ORIENTED_EDGE('',*,*,#270,.T.);
#270 = EDGE_CURVE('',#262,#225,#271,.T.);
#271 = LINE('',#272,#273);
#272 = CARTESIAN_POINT('',(0.8,7.660538869914E-16,1.45));
#273 = VECTOR('',#274,1.);
#274 = DIRECTION('',(1.,0.,0.));
#275 = ORIENTED_EDGE('',*,*,#224,.F.);
#276 = ORIENTED_EDGE('',*,*,#270,.F.);
#277 = CYLINDRICAL_SURFACE('',#278,0.4);
#278 = AXIS2_PLACEMENT_3D('',#279,#280,#281);
#279 = CARTESIAN_POINT('',(0.8,8.548717289614E-16,1.85));
#280 = DIRECTION('',(1.,0.,0.));
#281 = DIRECTION('',(0.,-2.22044604925E-16,-1.));
#282 = ADVANCED_FACE('',(#283),#302,.T.);
#283 = FACE_BOUND('',#284,.T.);
#284 = EDGE_LOOP('',(#285,#286,#294,#301));
#285 = ORIENTED_EDGE('',*,*,#244,.T.);
#286 = ORIENTED_EDGE('',*,*,#287,.T.);
#287 = EDGE_CURVE('',#245,#288,#290,.T.);
#288 = VERTEX_POINT('',#289);
#289 = CARTESIAN_POINT('',(9.36,7.660538869914E-16,1.45));
#290 = LINE('',#291,#292);
#291 = CARTESIAN_POINT('',(0.8,7.660538869914E-16,1.45));
#292 = VECTOR('',#293,1.);
#293 = DIRECTION('',(1.,0.,0.));
#294 = ORIENTED_EDGE('',*,*,#295,.F.);
#295 = EDGE_CURVE('',#288,#288,#296,.T.);
#296 = CIRCLE('',#297,0.4);
#297 = AXIS2_PLACEMENT_3D('',#298,#299,#300);
#298 = CARTESIAN_POINT('',(9.36,8.548717289614E-16,1.85));
#299 = DIRECTION('',(1.,0.,0.));
#300 = DIRECTION('',(0.,-2.22044604925E-16,-1.));
#301 = ORIENTED_EDGE('',*,*,#287,.F.);
#302 = CYLINDRICAL_SURFACE('',#303,0.4);
#303 = AXIS2_PLACEMENT_3D('',#304,#305,#306);
#304 = CARTESIAN_POINT('',(0.8,8.548717289614E-16,1.85));
#305 = DIRECTION('',(1.,0.,0.));
#306 = DIRECTION('',(0.,-2.22044604925E-16,-1.));
#307 = ADVANCED_FACE('',(#308),#328,.T.);
#308 = FACE_BOUND('',#309,.T.);
#309 = EDGE_LOOP('',(#310,#319,#320,#321));
#310 = ORIENTED_EDGE('',*,*,#311,.T.);
#311 = EDGE_CURVE('',#312,#262,#314,.T.);
#312 = VERTEX_POINT('',#313);
#313 = CARTESIAN_POINT('',(0.4,6.772360450213E-16,1.05));
#314 = CIRCLE('',#315,0.4);
#315 = AXIS2_PLACEMENT_3D('',#316,#317,#318);
#316 = CARTESIAN_POINT('',(0.8,8.24193660919E-16,1.05));
#317 = DIRECTION('',(0.,1.,-2.22044604925E-16));
#318 = DIRECTION('',(1.,0.,0.));
#319 = ORIENTED_EDGE('',*,*,#261,.T.);
#320 = ORIENTED_EDGE('',*,*,#311,.F.);
#321 = ORIENTED_EDGE('',*,*,#322,.T.);
#322 = EDGE_CURVE('',#312,#312,#323,.T.);
#323 = CIRCLE('',#324,0.4);
#324 = AXIS2_PLACEMENT_3D('',#325,#326,#327);
#325 = CARTESIAN_POINT('',(0.,6.772360450213E-16,1.05));
#326 = DIRECTION('',(-0.,2.22044604925E-16,1.));
#327 = DIRECTION('',(1.,0.,0.));
#328 = TOROIDAL_SURFACE('',#329,0.8,0.4);
#329 = AXIS2_PLACEMENT_3D('',#330,#331,#332);
#330 = CARTESIAN_POINT('',(0.8,6.772360450213E-16,1.05));
#331 = DIRECTION('',(0.,1.,-2.22044604925E-16));
#332 = DIRECTION('',(1.,0.,0.));
#333 = ADVANCED_FACE('',(#334),#354,.T.);
#334 = FACE_BOUND('',#335,.T.);
#335 = EDGE_LOOP('',(#336,#345,#352,#353));
#336 = ORIENTED_EDGE('',*,*,#337,.T.);
#337 = EDGE_CURVE('',#288,#338,#340,.T.);
#338 = VERTEX_POINT('',#339);
#339 = CARTESIAN_POINT('',(9.76,6.772360450213E-16,1.05));
#340 = CIRCLE('',#341,0.4);
#341 = AXIS2_PLACEMENT_3D('',#342,#343,#344);
#342 = CARTESIAN_POINT('',(9.36,8.24193660919E-16,1.05));
#343 = DIRECTION('',(0.,1.,-2.22044604925E-16));
#344 = DIRECTION('',(1.,0.,0.));
#345 = ORIENTED_EDGE('',*,*,#346,.T.);
#346 = EDGE_CURVE('',#338,#338,#347,.T.);
#347 = CIRCLE('',#348,0.4);
#348 = AXIS2_PLACEMENT_3D('',#349,#350,#351);
#349 = CARTESIAN_POINT('',(10.16,6.772360450213E-16,1.05));
#350 = DIRECTION('',(-2.449293598295E-16,2.22044604925E-16,1.));
#351 = DIRECTION('',(1.,5.438524293788E-32,2.449293598295E-16));
#352 = ORIENTED_EDGE('',*,*,#337,.F.);
#353 = ORIENTED_EDGE('',*,*,#295,.T.);
#354 = TOROIDAL_SURFACE('',#355,0.8,0.4);
#355 = AXIS2_PLACEMENT_3D('',#356,#357,#358);
#356 = CARTESIAN_POINT('',(9.36,6.772360450213E-16,1.05));
#357 = DIRECTION('',(0.,1.,-2.22044604925E-16));
#358 = DIRECTION('',(1.,0.,0.));
#359 = ADVANCED_FACE('',(#360),#379,.T.);
#360 = FACE_BOUND('',#361,.T.);
#361 = EDGE_LOOP('',(#362,#370,#371,#372));
#362 = ORIENTED_EDGE('',*,*,#363,.T.);
#363 = EDGE_CURVE('',#364,#312,#366,.T.);
#364 = VERTEX_POINT('',#365);
#365 = CARTESIAN_POINT('',(0.4,-2.089940463943E-16,-2.5));
#366 = LINE('',#367,#368);
#367 = CARTESIAN_POINT('',(0.4,6.772360450213E-16,1.05));
#368 = VECTOR('',#369,1.);
#369 = DIRECTION('',(0.,2.22044604925E-16,1.));
#370 = ORIENTED_EDGE('',*,*,#322,.F.);
#371 = ORIENTED_EDGE('',*,*,#363,.F.);
#372 = ORIENTED_EDGE('',*,*,#373,.T.);
#373 = EDGE_CURVE('',#364,#364,#374,.T.);
#374 = CIRCLE('',#375,0.4);
#375 = AXIS2_PLACEMENT_3D('',#376,#377,#378);
#376 = CARTESIAN_POINT('',(0.,-1.110223024625E-16,-2.5));
#377 = DIRECTION('',(-0.,2.22044604925E-16,1.));
#378 = DIRECTION('',(1.,0.,0.));
#379 = CYLINDRICAL_SURFACE('',#380,0.4);
#380 = AXIS2_PLACEMENT_3D('',#381,#382,#383);
#381 = CARTESIAN_POINT('',(0.,6.772360450213E-16,1.05));
#382 = DIRECTION('',(0.,2.22044604925E-16,1.));
#383 = DIRECTION('',(1.,0.,-0.));
#384 = ADVANCED_FACE('',(#385),#404,.T.);
#385 = FACE_BOUND('',#386,.T.);
#386 = EDGE_LOOP('',(#387,#395,#402,#403));
#387 = ORIENTED_EDGE('',*,*,#388,.T.);
#388 = EDGE_CURVE('',#338,#389,#391,.T.);
#389 = VERTEX_POINT('',#390);
#390 = CARTESIAN_POINT('',(9.76,-2.089940463943E-16,-2.5));
#391 = LINE('',#392,#393);
#392 = CARTESIAN_POINT('',(9.76,6.772360450213E-16,1.05));
#393 = VECTOR('',#394,1.);
#394 = DIRECTION('',(0.,-2.22044604925E-16,-1.));
#395 = ORIENTED_EDGE('',*,*,#396,.F.);
#396 = EDGE_CURVE('',#389,#389,#397,.T.);
#397 = CIRCLE('',#398,0.4);
#398 = AXIS2_PLACEMENT_3D('',#399,#400,#401);
#399 = CARTESIAN_POINT('',(10.16,-1.110223024625E-16,-2.5));
#400 = DIRECTION('',(-0.,-2.22044604925E-16,-1.));
#401 = DIRECTION('',(-1.,0.,0.));
#402 = ORIENTED_EDGE('',*,*,#388,.F.);
#403 = ORIENTED_EDGE('',*,*,#346,.F.);
#404 = CYLINDRICAL_SURFACE('',#405,0.4);
#405 = AXIS2_PLACEMENT_3D('',#406,#407,#408);
#406 = CARTESIAN_POINT('',(10.16,6.772360450213E-16,1.05));
#407 = DIRECTION('',(0.,-2.22044604925E-16,-1.));
#408 = DIRECTION('',(-1.,-0.,0.));
#409 = ADVANCED_FACE('',(#410),#413,.T.);
#410 = FACE_BOUND('',#411,.F.);
#411 = EDGE_LOOP('',(#412));
#412 = ORIENTED_EDGE('',*,*,#373,.T.);
#413 = PLANE('',#414);
#414 = AXIS2_PLACEMENT_3D('',#415,#416,#417);
#415 = CARTESIAN_POINT('',(0.4,-1.110223024625E-16,-2.5));
#416 = DIRECTION('',(0.,0.,-1.));
#417 = DIRECTION('',(-1.,0.,0.));
#418 = ADVANCED_FACE('',(#419),#422,.F.);
#419 = FACE_BOUND('',#420,.T.);
#420 = EDGE_LOOP('',(#421));
#421 = ORIENTED_EDGE('',*,*,#396,.T.);
#422 = PLANE('',#423);
#423 = AXIS2_PLACEMENT_3D('',#424,#425,#426);
#424 = CARTESIAN_POINT('',(9.76,-1.110223024625E-16,-2.5));
#425 = DIRECTION('',(0.,0.,1.));
#426 = DIRECTION('',(1.,0.,-0.));
#427 = ( GEOMETRIC_REPRESENTATION_CONTEXT(3) 
GLOBAL_UNCERTAINTY_ASSIGNED_CONTEXT((#431)) GLOBAL_UNIT_ASSIGNED_CONTEXT
((#428,#429,#430)) REPRESENTATION_CONTEXT('Context #1',
  '3D Context with UNIT and UNCERTAINTY') );
#428 = ( LENGTH_UNIT() NAMED_UNIT(*) SI_UNIT(.MILLI.,.METRE.) );
#429 = ( NAMED_UNIT(*) PLANE_ANGLE_UNIT() SI_UNIT($,.RADIAN.) );
#430 = ( NAMED_UNIT(*) SI_UNIT($,.STERADIAN.) SOLID_ANGLE_UNIT() );
#431 = UNCERTAINTY_MEASURE_WITH_UNIT(LENGTH_MEASURE(1.E-07),#428,
  'distance_accuracy_value','confusion accuracy');
#432 = CONTEXT_DEPENDENT_SHAPE_REPRESENTATION(#433,#435);
#433 = ( REPRESENTATION_RELATIONSHIP('','',#91,#68) 
REPRESENTATION_RELATIONSHIP_WITH_TRANSFORMATION(#434) 
SHAPE_REPRESENTATION_RELATIONSHIP() );
#434 = ITEM_DEFINED_TRANSFORMATION('','',#11,#69);
#435 = PRODUCT_DEFINITION_SHAPE('Placement','Placement of an item',#436
  );
#436 = NEXT_ASSEMBLY_USAGE_OCCURRENCE('1','=>[0:1:1:3]','',#63,#86,$);
#437 = PRODUCT_RELATED_PRODUCT_CATEGORY('part',$,(#88));
#438 = SHAPE_DEFINITION_REPRESENTATION(#439,#445);
#439 = PRODUCT_DEFINITION_SHAPE('','',#440);
#440 = PRODUCT_DEFINITION('design','',#441,#444);
#441 = PRODUCT_DEFINITION_FORMATION('','',#442);
#442 = PRODUCT('C_0603_1608Metric','C_0603_1608Metric','',(#443));
#443 = PRODUCT_CONTEXT('',#2,'mechanical');
#444 = PRODUCT_DEFINITION_CONTEXT('part definition',#2,'design');
#445 = SHAPE_REPRESENTATION('',(#11,#446),#450);
#446 = AXIS2_PLACEMENT_3D('',#447,#448,#449);
#447 = CARTESIAN_POINT('',(0.,0.,0.));
#448 = DIRECTION('',(0.,0.,1.));
#449 = DIRECTION('',(1.,0.,-0.));
#450 = ( GEOMETRIC_REPRESENTATION_CONTEXT(3) 
GLOBAL_UNCERTAINTY_ASSIGNED_CONTEXT((#454)) GLOBAL_UNIT_ASSIGNED_CONTEXT
((#451,#452,#453)) REPRESENTATION_CONTEXT('Context #1',
  '3D Context with UNIT and UNCERTAINTY') );
#451 = ( LENGTH_UNIT() NAMED_UNIT(*) SI_UNIT(.MILLI.,.METRE.) );
#452 = ( NAMED_UNIT(*) PLANE_ANGLE_UNIT() SI_UNIT($,.RADIAN.) );
#453 = ( NAMED_UNIT(*) SI_UNIT($,.STERADIAN.) SOLID_ANGLE_UNIT() );
#454 = UNCERTAINTY_MEASURE_WITH_UNIT(LENGTH_MEASURE(1.E-07),#451,
  'distance_accuracy_value','confusion accuracy');
#455 = CONTEXT_DEPENDENT_SHAPE_REPRESENTATION(#456,#458);
#456 = ( REPRESENTATION_RELATIONSHIP('','',#445,#10) 
REPRESENTATION_RELATIONSHIP_WITH_TRANSFORMATION(#457) 
SHAPE_REPRESENTATION_RELATIONSHIP() );
#457 = ITEM_DEFINED_TRANSFORMATION('','',#11,#19);
#458 = PRODUCT_DEFINITION_SHAPE('Placement','Placement of an item',#459
  );
#459 = NEXT_ASSEMBLY_USAGE_OCCURRENCE('4','C1','',#5,#440,$);
#460 = PRODUCT_RELATED_PRODUCT_CATEGORY('part',$,(#442));
#461 = SHAPE_DEFINITION_REPRESENTATION(#462,#468);
#462 = PRODUCT_DEFINITION_SHAPE('','',#463);
#463 = PRODUCT_DEFINITION('design','',#464,#467);
#464 = PRODUCT_DEFINITION_FORMATION('','',#465);
#465 = PRODUCT('C_0603_1608Metric','C_0603_1608Metric','',(#466));
#466 = PRODUCT_CONTEXT('',#2,'mechanical');
#467 = PRODUCT_DEFINITION_CONTEXT('part definition',#2,'design');
#468 = ADVANCED_BREP_SHAPE_REPRESENTATION('',(#11,#469),#1323);
#469 = MANIFOLD_SOLID_BREP('',#470);
#470 = CLOSED_SHELL('',(#471,#547,#578,#603,#628,#652,#676,#701,#726,
    #743,#829,#861,#885,#910,#934,#959,#983,#1008,#1025,#1111,#1142,
    #1167,#1192,#1216,#1240,#1265,#1290,#1307));
#471 = ADVANCED_FACE('',(#472),#542,.F.);
#472 = FACE_BOUND('',#473,.F.);
#473 = EDGE_LOOP('',(#474,#484,#493,#501,#510,#518,#527,#535));
#474 = ORIENTED_EDGE('',*,*,#475,.F.);
#475 = EDGE_CURVE('',#476,#478,#480,.T.);
#476 = VERTEX_POINT('',#477);
#477 = CARTESIAN_POINT('',(-0.8,-0.4,3.E-02));
#478 = VERTEX_POINT('',#479);
#479 = CARTESIAN_POINT('',(-0.8,-0.4,0.77));
#480 = LINE('',#481,#482);
#481 = CARTESIAN_POINT('',(-0.8,-0.4,0.));
#482 = VECTOR('',#483,1.);
#483 = DIRECTION('',(0.,0.,1.));
#484 = ORIENTED_EDGE('',*,*,#485,.T.);
#485 = EDGE_CURVE('',#476,#486,#488,.T.);
#486 = VERTEX_POINT('',#487);
#487 = CARTESIAN_POINT('',(-0.8,-0.37,0.));
#488 = CIRCLE('',#489,3.E-02);
#489 = AXIS2_PLACEMENT_3D('',#490,#491,#492);
#490 = CARTESIAN_POINT('',(-0.8,-0.37,3.E-02));
#491 = DIRECTION('',(1.,0.,-0.));
#492 = DIRECTION('',(0.,0.,1.));
#493 = ORIENTED_EDGE('',*,*,#494,.T.);
#494 = EDGE_CURVE('',#486,#495,#497,.T.);
#495 = VERTEX_POINT('',#496);
#496 = CARTESIAN_POINT('',(-0.8,0.37,0.));
#497 = LINE('',#498,#499);
#498 = CARTESIAN_POINT('',(-0.8,-0.4,0.));
#499 = VECTOR('',#500,1.);
#500 = DIRECTION('',(0.,1.,0.));
#501 = ORIENTED_EDGE('',*,*,#502,.F.);
#502 = EDGE_CURVE('',#503,#495,#505,.T.);
#503 = VERTEX_POINT('',#504);
#504 = CARTESIAN_POINT('',(-0.8,0.4,3.E-02));
#505 = CIRCLE('',#506,3.E-02);
#506 = AXIS2_PLACEMENT_3D('',#507,#508,#509);
#507 = CARTESIAN_POINT('',(-0.8,0.37,3.E-02));
#508 = DIRECTION('',(-1.,0.,0.));
#509 = DIRECTION('',(0.,0.,1.));
#510 = ORIENTED_EDGE('',*,*,#511,.T.);
#511 = EDGE_CURVE('',#503,#512,#514,.T.);
#512 = VERTEX_POINT('',#513);
#513 = CARTESIAN_POINT('',(-0.8,0.4,0.77));
#514 = LINE('',#515,#516);
#515 = CARTESIAN_POINT('',(-0.8,0.4,0.));
#516 = VECTOR('',#517,1.);
#517 = DIRECTION('',(0.,0.,1.));
#518 = ORIENTED_EDGE('',*,*,#519,.T.);
#519 = EDGE_CURVE('',#512,#520,#522,.T.);
#520 = VERTEX_POINT('',#521);
#521 = CARTESIAN_POINT('',(-0.8,0.37,0.8));
#522 = CIRCLE('',#523,3.E-02);
#523 = AXIS2_PLACEMENT_3D('',#524,#525,#526);
#524 = CARTESIAN_POINT('',(-0.8,0.37,0.77));
#525 = DIRECTION('',(1.,0.,-0.));
#526 = DIRECTION('',(0.,0.,1.));
#527 = ORIENTED_EDGE('',*,*,#528,.F.);
#528 = EDGE_CURVE('',#529,#520,#531,.T.);
#529 = VERTEX_POINT('',#530);
#530 = CARTESIAN_POINT('',(-0.8,-0.37,0.8));
#531 = LINE('',#532,#533);
#532 = CARTESIAN_POINT('',(-0.8,-0.4,0.8));
#533 = VECTOR('',#534,1.);
#534 = DIRECTION('',(0.,1.,0.));
#535 = ORIENTED_EDGE('',*,*,#536,.F.);
#536 = EDGE_CURVE('',#478,#529,#537,.T.);
#537 = CIRCLE('',#538,3.E-02);
#538 = AXIS2_PLACEMENT_3D('',#539,#540,#541);
#539 = CARTESIAN_POINT('',(-0.8,-0.37,0.77));
#540 = DIRECTION('',(-1.,0.,0.));
#541 = DIRECTION('',(0.,0.,1.));
#542 = PLANE('',#543);
#543 = AXIS2_PLACEMENT_3D('',#544,#545,#546);
#544 = CARTESIAN_POINT('',(-0.8,-0.4,0.));
#545 = DIRECTION('',(1.,0.,0.));
#546 = DIRECTION('',(0.,0.,1.));
#547 = ADVANCED_FACE('',(#548),#573,.F.);
#548 = FACE_BOUND('',#549,.F.);
#549 = EDGE_LOOP('',(#550,#560,#566,#567));
#550 = ORIENTED_EDGE('',*,*,#551,.F.);
#551 = EDGE_CURVE('',#552,#554,#556,.T.);
#552 = VERTEX_POINT('',#553);
#553 = CARTESIAN_POINT('',(-0.5,-0.4,3.E-02));
#554 = VERTEX_POINT('',#555);
#555 = CARTESIAN_POINT('',(-0.5,-0.4,0.77));
#556 = LINE('',#557,#558);
#557 = CARTESIAN_POINT('',(-0.5,-0.4,0.));
#558 = VECTOR('',#559,1.);
#559 = DIRECTION('',(0.,0.,1.));
#560 = ORIENTED_EDGE('',*,*,#561,.F.);
#561 = EDGE_CURVE('',#476,#552,#562,.T.);
#562 = LINE('',#563,#564);
#563 = CARTESIAN_POINT('',(-0.8,-0.4,3.E-02));
#564 = VECTOR('',#565,1.);
#565 = DIRECTION('',(1.,0.,0.));
#566 = ORIENTED_EDGE('',*,*,#475,.T.);
#567 = ORIENTED_EDGE('',*,*,#568,.T.);
#568 = EDGE_CURVE('',#478,#554,#569,.T.);
#569 = LINE('',#570,#571);
#570 = CARTESIAN_POINT('',(-0.8,-0.4,0.77));
#571 = VECTOR('',#572,1.);
#572 = DIRECTION('',(1.,0.,0.));
#573 = PLANE('',#574);
#574 = AXIS2_PLACEMENT_3D('',#575,#576,#577);
#575 = CARTESIAN_POINT('',(-0.8,-0.4,0.));
#576 = DIRECTION('',(0.,1.,0.));
#577 = DIRECTION('',(0.,-0.,1.));
#578 = ADVANCED_FACE('',(#579),#598,.T.);
#579 = FACE_BOUND('',#580,.T.);
#580 = EDGE_LOOP('',(#581,#582,#590,#597));
#581 = ORIENTED_EDGE('',*,*,#485,.T.);
#582 = ORIENTED_EDGE('',*,*,#583,.T.);
#583 = EDGE_CURVE('',#486,#584,#586,.T.);
#584 = VERTEX_POINT('',#585);
#585 = CARTESIAN_POINT('',(-0.5,-0.37,0.));
#586 = LINE('',#587,#588);
#587 = CARTESIAN_POINT('',(-0.8,-0.37,0.));
#588 = VECTOR('',#589,1.);
#589 = DIRECTION('',(1.,0.,0.));
#590 = ORIENTED_EDGE('',*,*,#591,.F.);
#591 = EDGE_CURVE('',#552,#584,#592,.T.);
#592 = CIRCLE('',#593,3.E-02);
#593 = AXIS2_PLACEMENT_3D('',#594,#595,#596);
#594 = CARTESIAN_POINT('',(-0.5,-0.37,3.E-02));
#595 = DIRECTION('',(1.,0.,-0.));
#596 = DIRECTION('',(0.,0.,1.));
#597 = ORIENTED_EDGE('',*,*,#561,.F.);
#598 = CYLINDRICAL_SURFACE('',#599,3.E-02);
#599 = AXIS2_PLACEMENT_3D('',#600,#601,#602);
#600 = CARTESIAN_POINT('',(-0.8,-0.37,3.E-02));
#601 = DIRECTION('',(1.,0.,0.));
#602 = DIRECTION('',(0.,-1.,0.));
#603 = ADVANCED_FACE('',(#604),#623,.T.);
#604 = FACE_BOUND('',#605,.T.);
#605 = EDGE_LOOP('',(#606,#607,#616,#622));
#606 = ORIENTED_EDGE('',*,*,#568,.T.);
#607 = ORIENTED_EDGE('',*,*,#608,.T.);
#608 = EDGE_CURVE('',#554,#609,#611,.T.);
#609 = VERTEX_POINT('',#610);
#610 = CARTESIAN_POINT('',(-0.5,-0.37,0.8));
#611 = CIRCLE('',#612,3.E-02);
#612 = AXIS2_PLACEMENT_3D('',#613,#614,#615);
#613 = CARTESIAN_POINT('',(-0.5,-0.37,0.77));
#614 = DIRECTION('',(-1.,0.,0.));
#615 = DIRECTION('',(0.,0.,1.));
#616 = ORIENTED_EDGE('',*,*,#617,.F.);
#617 = EDGE_CURVE('',#529,#609,#618,.T.);
#618 = LINE('',#619,#620);
#619 = CARTESIAN_POINT('',(-0.8,-0.37,0.8));
#620 = VECTOR('',#621,1.);
#621 = DIRECTION('',(1.,0.,0.));
#622 = ORIENTED_EDGE('',*,*,#536,.F.);
#623 = CYLINDRICAL_SURFACE('',#624,3.E-02);
#624 = AXIS2_PLACEMENT_3D('',#625,#626,#627);
#625 = CARTESIAN_POINT('',(-0.8,-0.37,0.77));
#626 = DIRECTION('',(1.,0.,0.));
#627 = DIRECTION('',(0.,-1.,0.));
#628 = ADVANCED_FACE('',(#629),#647,.F.);
#629 = FACE_BOUND('',#630,.F.);
#630 = EDGE_LOOP('',(#631,#632,#633,#641));
#631 = ORIENTED_EDGE('',*,*,#494,.F.);
#632 = ORIENTED_EDGE('',*,*,#583,.T.);
#633 = ORIENTED_EDGE('',*,*,#634,.T.);
#634 = EDGE_CURVE('',#584,#635,#637,.T.);
#635 = VERTEX_POINT('',#636);
#636 = CARTESIAN_POINT('',(-0.5,0.37,0.));
#637 = LINE('',#638,#639);
#638 = CARTESIAN_POINT('',(-0.5,-0.4,0.));
#639 = VECTOR('',#640,1.);
#640 = DIRECTION('',(0.,1.,0.));
#641 = ORIENTED_EDGE('',*,*,#642,.F.);
#642 = EDGE_CURVE('',#495,#635,#643,.T.);
#643 = LINE('',#644,#645);
#644 = CARTESIAN_POINT('',(-0.8,0.37,0.));
#645 = VECTOR('',#646,1.);
#646 = DIRECTION('',(1.,0.,0.));
#647 = PLANE('',#648);
#648 = AXIS2_PLACEMENT_3D('',#649,#650,#651);
#649 = CARTESIAN_POINT('',(-0.8,-0.4,0.));
#650 = DIRECTION('',(0.,0.,1.));
#651 = DIRECTION('',(1.,0.,-0.));
#652 = ADVANCED_FACE('',(#653),#671,.T.);
#653 = FACE_BOUND('',#654,.T.);
#654 = EDGE_LOOP('',(#655,#656,#657,#665));
#655 = ORIENTED_EDGE('',*,*,#528,.F.);
#656 = ORIENTED_EDGE('',*,*,#617,.T.);
#657 = ORIENTED_EDGE('',*,*,#658,.T.);
#658 = EDGE_CURVE('',#609,#659,#661,.T.);
#659 = VERTEX_POINT('',#660);
#660 = CARTESIAN_POINT('',(-0.5,0.37,0.8));
#661 = LINE('',#662,#663);
#662 = CARTESIAN_POINT('',(-0.5,-0.4,0.8));
#663 = VECTOR('',#664,1.);
#664 = DIRECTION('',(0.,1.,0.));
#665 = ORIENTED_EDGE('',*,*,#666,.F.);
#666 = EDGE_CURVE('',#520,#659,#667,.T.);
#667 = LINE('',#668,#669);
#668 = CARTESIAN_POINT('',(-0.8,0.37,0.8));
#669 = VECTOR('',#670,1.);
#670 = DIRECTION('',(1.,0.,0.));
#671 = PLANE('',#672);
#672 = AXIS2_PLACEMENT_3D('',#673,#674,#675);
#673 = CARTESIAN_POINT('',(-0.8,-0.4,0.8));
#674 = DIRECTION('',(0.,0.,1.));
#675 = DIRECTION('',(1.,0.,-0.));
#676 = ADVANCED_FACE('',(#677),#696,.T.);
#677 = FACE_BOUND('',#678,.T.);
#678 = EDGE_LOOP('',(#679,#687,#694,#695));
#679 = ORIENTED_EDGE('',*,*,#680,.T.);
#680 = EDGE_CURVE('',#503,#681,#683,.T.);
#681 = VERTEX_POINT('',#682);
#682 = CARTESIAN_POINT('',(-0.5,0.4,3.E-02));
#683 = LINE('',#684,#685);
#684 = CARTESIAN_POINT('',(-0.8,0.4,3.E-02));
#685 = VECTOR('',#686,1.);
#686 = DIRECTION('',(1.,0.,0.));
#687 = ORIENTED_EDGE('',*,*,#688,.T.);
#688 = EDGE_CURVE('',#681,#635,#689,.T.);
#689 = CIRCLE('',#690,3.E-02);
#690 = AXIS2_PLACEMENT_3D('',#691,#692,#693);
#691 = CARTESIAN_POINT('',(-0.5,0.37,3.E-02));
#692 = DIRECTION('',(-1.,0.,0.));
#693 = DIRECTION('',(0.,0.,1.));
#694 = ORIENTED_EDGE('',*,*,#642,.F.);
#695 = ORIENTED_EDGE('',*,*,#502,.F.);
#696 = CYLINDRICAL_SURFACE('',#697,3.E-02);
#697 = AXIS2_PLACEMENT_3D('',#698,#699,#700);
#698 = CARTESIAN_POINT('',(-0.8,0.37,3.E-02));
#699 = DIRECTION('',(1.,0.,0.));
#700 = DIRECTION('',(-0.,1.,0.));
#701 = ADVANCED_FACE('',(#702),#721,.T.);
#702 = FACE_BOUND('',#703,.T.);
#703 = EDGE_LOOP('',(#704,#705,#706,#715));
#704 = ORIENTED_EDGE('',*,*,#519,.T.);
#705 = ORIENTED_EDGE('',*,*,#666,.T.);
#706 = ORIENTED_EDGE('',*,*,#707,.F.);
#707 = EDGE_CURVE('',#708,#659,#710,.T.);
#708 = VERTEX_POINT('',#709);
#709 = CARTESIAN_POINT('',(-0.5,0.4,0.77));
#710 = CIRCLE('',#711,3.E-02);
#711 = AXIS2_PLACEMENT_3D('',#712,#713,#714);
#712 = CARTESIAN_POINT('',(-0.5,0.37,0.77));
#713 = DIRECTION('',(1.,0.,-0.));
#714 = DIRECTION('',(0.,0.,1.));
#715 = ORIENTED_EDGE('',*,*,#716,.F.);
#716 = EDGE_CURVE('',#512,#708,#717,.T.);
#717 = LINE('',#718,#719);
#718 = CARTESIAN_POINT('',(-0.8,0.4,0.77));
#719 = VECTOR('',#720,1.);
#720 = DIRECTION('',(1.,0.,0.));
#721 = CYLINDRICAL_SURFACE('',#722,3.E-02);
#722 = AXIS2_PLACEMENT_3D('',#723,#724,#725);
#723 = CARTESIAN_POINT('',(-0.8,0.37,0.77));
#724 = DIRECTION('',(1.,0.,0.));
#725 = DIRECTION('',(-0.,1.,0.));
#726 = ADVANCED_FACE('',(#727),#738,.T.);
#727 = FACE_BOUND('',#728,.T.);
#728 = EDGE_LOOP('',(#729,#735,#736,#737));
#729 = ORIENTED_EDGE('',*,*,#730,.F.);
#730 = EDGE_CURVE('',#681,#708,#731,.T.);
#731 = LINE('',#732,#733);
#732 = CARTESIAN_POINT('',(-0.5,0.4,0.));
#733 = VECTOR('',#734,1.);
#734 = DIRECTION('',(0.,0.,1.));
#735 = ORIENTED_EDGE('',*,*,#680,.F.);
#736 = ORIENTED_EDGE('',*,*,#511,.T.);
#737 = ORIENTED_EDGE('',*,*,#716,.T.);
#738 = PLANE('',#739);
#739 = AXIS2_PLACEMENT_3D('',#740,#741,#742);
#740 = CARTESIAN_POINT('',(-0.8,0.4,0.));
#741 = DIRECTION('',(0.,1.,0.));
#742 = DIRECTION('',(0.,-0.,1.));
#743 = ADVANCED_FACE('',(#744,#754),#824,.T.);
#744 = FACE_BOUND('',#745,.T.);
#745 = EDGE_LOOP('',(#746,#747,#748,#749,#750,#751,#752,#753));
#746 = ORIENTED_EDGE('',*,*,#551,.F.);
#747 = ORIENTED_EDGE('',*,*,#591,.T.);
#748 = ORIENTED_EDGE('',*,*,#634,.T.);
#749 = ORIENTED_EDGE('',*,*,#688,.F.);
#750 = ORIENTED_EDGE('',*,*,#730,.T.);
#751 = ORIENTED_EDGE('',*,*,#707,.T.);
#752 = ORIENTED_EDGE('',*,*,#658,.F.);
#753 = ORIENTED_EDGE('',*,*,#608,.F.);
#754 = FACE_BOUND('',#755,.T.);
#755 = EDGE_LOOP('',(#756,#767,#775,#784,#792,#801,#809,#818));
#756 = ORIENTED_EDGE('',*,*,#757,.F.);
#757 = EDGE_CURVE('',#758,#760,#762,.T.);
#758 = VERTEX_POINT('',#759);
#759 = CARTESIAN_POINT('',(-0.5,-0.37,6.E-02));
#760 = VERTEX_POINT('',#761);
#761 = CARTESIAN_POINT('',(-0.5,-0.34,3.E-02));
#762 = CIRCLE('',#763,3.E-02);
#763 = AXIS2_PLACEMENT_3D('',#764,#765,#766);
#764 = CARTESIAN_POINT('',(-0.5,-0.34,6.E-02));
#765 = DIRECTION('',(1.,0.,-0.));
#766 = DIRECTION('',(0.,0.,1.));
#767 = ORIENTED_EDGE('',*,*,#768,.T.);
#768 = EDGE_CURVE('',#758,#769,#771,.T.);
#769 = VERTEX_POINT('',#770);
#770 = CARTESIAN_POINT('',(-0.5,-0.37,0.74));
#771 = LINE('',#772,#773);
#772 = CARTESIAN_POINT('',(-0.5,-0.37,3.E-02));
#773 = VECTOR('',#774,1.);
#774 = DIRECTION('',(0.,0.,1.));
#775 = ORIENTED_EDGE('',*,*,#776,.T.);
#776 = EDGE_CURVE('',#769,#777,#779,.T.);
#777 = VERTEX_POINT('',#778);
#778 = CARTESIAN_POINT('',(-0.5,-0.34,0.77));
#779 = CIRCLE('',#780,3.E-02);
#780 = AXIS2_PLACEMENT_3D('',#781,#782,#783);
#781 = CARTESIAN_POINT('',(-0.5,-0.34,0.74));
#782 = DIRECTION('',(-1.,0.,0.));
#783 = DIRECTION('',(0.,0.,1.));
#784 = ORIENTED_EDGE('',*,*,#785,.T.);
#785 = EDGE_CURVE('',#777,#786,#788,.T.);
#786 = VERTEX_POINT('',#787);
#787 = CARTESIAN_POINT('',(-0.5,0.34,0.77));
#788 = LINE('',#789,#790);
#789 = CARTESIAN_POINT('',(-0.5,-0.37,0.77));
#790 = VECTOR('',#791,1.);
#791 = DIRECTION('',(0.,1.,0.));
#792 = ORIENTED_EDGE('',*,*,#793,.F.);
#793 = EDGE_CURVE('',#794,#786,#796,.T.);
#794 = VERTEX_POINT('',#795);
#795 = CARTESIAN_POINT('',(-0.5,0.37,0.74));
#796 = CIRCLE('',#797,3.E-02);
#797 = AXIS2_PLACEMENT_3D('',#798,#799,#800);
#798 = CARTESIAN_POINT('',(-0.5,0.34,0.74));
#799 = DIRECTION('',(1.,0.,-0.));
#800 = DIRECTION('',(0.,0.,1.));
#801 = ORIENTED_EDGE('',*,*,#802,.F.);
#802 = EDGE_CURVE('',#803,#794,#805,.T.);
#803 = VERTEX_POINT('',#804);
#804 = CARTESIAN_POINT('',(-0.5,0.37,6.E-02));
#805 = LINE('',#806,#807);
#806 = CARTESIAN_POINT('',(-0.5,0.37,3.E-02));
#807 = VECTOR('',#808,1.);
#808 = DIRECTION('',(0.,0.,1.));
#809 = ORIENTED_EDGE('',*,*,#810,.T.);
#810 = EDGE_CURVE('',#803,#811,#813,.T.);
#811 = VERTEX_POINT('',#812);
#812 = CARTESIAN_POINT('',(-0.5,0.34,3.E-02));
#813 = CIRCLE('',#814,3.E-02);
#814 = AXIS2_PLACEMENT_3D('',#815,#816,#817);
#815 = CARTESIAN_POINT('',(-0.5,0.34,6.E-02));
#816 = DIRECTION('',(-1.,0.,0.));
#817 = DIRECTION('',(0.,0.,1.));
#818 = ORIENTED_EDGE('',*,*,#819,.F.);
#819 = EDGE_CURVE('',#760,#811,#820,.T.);
#820 = LINE('',#821,#822);
#821 = CARTESIAN_POINT('',(-0.5,-0.37,3.E-02));
#822 = VECTOR('',#823,1.);
#823 = DIRECTION('',(0.,1.,0.));
#824 = PLANE('',#825);
#825 = AXIS2_PLACEMENT_3D('',#826,#827,#828);
#826 = CARTESIAN_POINT('',(-0.5,-0.4,0.));
#827 = DIRECTION('',(1.,0.,0.));
#828 = DIRECTION('',(0.,0.,1.));
#829 = ADVANCED_FACE('',(#830),#856,.T.);
#830 = FACE_BOUND('',#831,.T.);
#831 = EDGE_LOOP('',(#832,#833,#841,#850));
#832 = ORIENTED_EDGE('',*,*,#757,.T.);
#833 = ORIENTED_EDGE('',*,*,#834,.T.);
#834 = EDGE_CURVE('',#760,#835,#837,.T.);
#835 = VERTEX_POINT('',#836);
#836 = CARTESIAN_POINT('',(0.5,-0.34,3.E-02));
#837 = LINE('',#838,#839);
#838 = CARTESIAN_POINT('',(-0.5,-0.34,3.E-02));
#839 = VECTOR('',#840,1.);
#840 = DIRECTION('',(1.,0.,0.));
#841 = ORIENTED_EDGE('',*,*,#842,.F.);
#842 = EDGE_CURVE('',#843,#835,#845,.T.);
#843 = VERTEX_POINT('',#844);
#844 = CARTESIAN_POINT('',(0.5,-0.37,6.E-02));
#845 = CIRCLE('',#846,3.E-02);
#846 = AXIS2_PLACEMENT_3D('',#847,#848,#849);
#847 = CARTESIAN_POINT('',(0.5,-0.34,6.E-02));
#848 = DIRECTION('',(1.,0.,-0.));
#849 = DIRECTION('',(0.,0.,1.));
#850 = ORIENTED_EDGE('',*,*,#851,.F.);
#851 = EDGE_CURVE('',#758,#843,#852,.T.);
#852 = LINE('',#853,#854);
#853 = CARTESIAN_POINT('',(-0.5,-0.37,6.E-02));
#854 = VECTOR('',#855,1.);
#855 = DIRECTION('',(1.,0.,0.));
#856 = CYLINDRICAL_SURFACE('',#857,3.E-02);
#857 = AXIS2_PLACEMENT_3D('',#858,#859,#860);
#858 = CARTESIAN_POINT('',(-0.5,-0.34,6.E-02));
#859 = DIRECTION('',(1.,0.,0.));
#860 = DIRECTION('',(0.,-1.,0.));
#861 = ADVANCED_FACE('',(#862),#880,.F.);
#862 = FACE_BOUND('',#863,.F.);
#863 = EDGE_LOOP('',(#864,#865,#866,#874));
#864 = ORIENTED_EDGE('',*,*,#819,.F.);
#865 = ORIENTED_EDGE('',*,*,#834,.T.);
#866 = ORIENTED_EDGE('',*,*,#867,.T.);
#867 = EDGE_CURVE('',#835,#868,#870,.T.);
#868 = VERTEX_POINT('',#869);
#869 = CARTESIAN_POINT('',(0.5,0.34,3.E-02));
#870 = LINE('',#871,#872);
#871 = CARTESIAN_POINT('',(0.5,-0.37,3.E-02));
#872 = VECTOR('',#873,1.);
#873 = DIRECTION('',(0.,1.,0.));
#874 = ORIENTED_EDGE('',*,*,#875,.F.);
#875 = EDGE_CURVE('',#811,#868,#876,.T.);
#876 = LINE('',#877,#878);
#877 = CARTESIAN_POINT('',(-0.5,0.34,3.E-02));
#878 = VECTOR('',#879,1.);
#879 = DIRECTION('',(1.,0.,0.));
#880 = PLANE('',#881);
#881 = AXIS2_PLACEMENT_3D('',#882,#883,#884);
#882 = CARTESIAN_POINT('',(-0.5,-0.37,3.E-02));
#883 = DIRECTION('',(0.,0.,1.));
#884 = DIRECTION('',(1.,0.,-0.));
#885 = ADVANCED_FACE('',(#886),#905,.T.);
#886 = FACE_BOUND('',#887,.T.);
#887 = EDGE_LOOP('',(#888,#896,#903,#904));
#888 = ORIENTED_EDGE('',*,*,#889,.T.);
#889 = EDGE_CURVE('',#803,#890,#892,.T.);
#890 = VERTEX_POINT('',#891);
#891 = CARTESIAN_POINT('',(0.5,0.37,6.E-02));
#892 = LINE('',#893,#894);
#893 = CARTESIAN_POINT('',(-0.5,0.37,6.E-02));
#894 = VECTOR('',#895,1.);
#895 = DIRECTION('',(1.,0.,0.));
#896 = ORIENTED_EDGE('',*,*,#897,.T.);
#897 = EDGE_CURVE('',#890,#868,#898,.T.);
#898 = CIRCLE('',#899,3.E-02);
#899 = AXIS2_PLACEMENT_3D('',#900,#901,#902);
#900 = CARTESIAN_POINT('',(0.5,0.34,6.E-02));
#901 = DIRECTION('',(-1.,0.,0.));
#902 = DIRECTION('',(0.,0.,1.));
#903 = ORIENTED_EDGE('',*,*,#875,.F.);
#904 = ORIENTED_EDGE('',*,*,#810,.F.);
#905 = CYLINDRICAL_SURFACE('',#906,3.E-02);
#906 = AXIS2_PLACEMENT_3D('',#907,#908,#909);
#907 = CARTESIAN_POINT('',(-0.5,0.34,6.E-02));
#908 = DIRECTION('',(1.,0.,0.));
#909 = DIRECTION('',(-0.,1.,0.));
#910 = ADVANCED_FACE('',(#911),#929,.T.);
#911 = FACE_BOUND('',#912,.T.);
#912 = EDGE_LOOP('',(#913,#921,#922,#923));
#913 = ORIENTED_EDGE('',*,*,#914,.F.);
#914 = EDGE_CURVE('',#890,#915,#917,.T.);
#915 = VERTEX_POINT('',#916);
#916 = CARTESIAN_POINT('',(0.5,0.37,0.74));
#917 = LINE('',#918,#919);
#918 = CARTESIAN_POINT('',(0.5,0.37,3.E-02));
#919 = VECTOR('',#920,1.);
#920 = DIRECTION('',(0.,0.,1.));
#921 = ORIENTED_EDGE('',*,*,#889,.F.);
#922 = ORIENTED_EDGE('',*,*,#802,.T.);
#923 = ORIENTED_EDGE('',*,*,#924,.T.);
#924 = EDGE_CURVE('',#794,#915,#925,.T.);
#925 = LINE('',#926,#927);
#926 = CARTESIAN_POINT('',(-0.5,0.37,0.74));
#927 = VECTOR('',#928,1.);
#928 = DIRECTION('',(1.,0.,0.));
#929 = PLANE('',#930);
#930 = AXIS2_PLACEMENT_3D('',#931,#932,#933);
#931 = CARTESIAN_POINT('',(-0.5,0.37,3.E-02));
#932 = DIRECTION('',(0.,1.,0.));
#933 = DIRECTION('',(0.,-0.,1.));
#934 = ADVANCED_FACE('',(#935),#954,.T.);
#935 = FACE_BOUND('',#936,.T.);
#936 = EDGE_LOOP('',(#937,#938,#946,#953));
#937 = ORIENTED_EDGE('',*,*,#793,.T.);
#938 = ORIENTED_EDGE('',*,*,#939,.T.);
#939 = EDGE_CURVE('',#786,#940,#942,.T.);
#940 = VERTEX_POINT('',#941);
#941 = CARTESIAN_POINT('',(0.5,0.34,0.77));
#942 = LINE('',#943,#944);
#943 = CARTESIAN_POINT('',(-0.5,0.34,0.77));
#944 = VECTOR('',#945,1.);
#945 = DIRECTION('',(1.,0.,0.));
#946 = ORIENTED_EDGE('',*,*,#947,.F.);
#947 = EDGE_CURVE('',#915,#940,#948,.T.);
#948 = CIRCLE('',#949,3.E-02);
#949 = AXIS2_PLACEMENT_3D('',#950,#951,#952);
#950 = CARTESIAN_POINT('',(0.5,0.34,0.74));
#951 = DIRECTION('',(1.,0.,-0.));
#952 = DIRECTION('',(0.,0.,1.));
#953 = ORIENTED_EDGE('',*,*,#924,.F.);
#954 = CYLINDRICAL_SURFACE('',#955,3.E-02);
#955 = AXIS2_PLACEMENT_3D('',#956,#957,#958);
#956 = CARTESIAN_POINT('',(-0.5,0.34,0.74));
#957 = DIRECTION('',(1.,0.,0.));
#958 = DIRECTION('',(-0.,1.,0.));
#959 = ADVANCED_FACE('',(#960),#978,.T.);
#960 = FACE_BOUND('',#961,.T.);
#961 = EDGE_LOOP('',(#962,#963,#971,#977));
#962 = ORIENTED_EDGE('',*,*,#785,.F.);
#963 = ORIENTED_EDGE('',*,*,#964,.T.);
#964 = EDGE_CURVE('',#777,#965,#967,.T.);
#965 = VERTEX_POINT('',#966);
#966 = CARTESIAN_POINT('',(0.5,-0.34,0.77));
#967 = LINE('',#968,#969);
#968 = CARTESIAN_POINT('',(-0.5,-0.34,0.77));
#969 = VECTOR('',#970,1.);
#970 = DIRECTION('',(1.,0.,0.));
#971 = ORIENTED_EDGE('',*,*,#972,.T.);
#972 = EDGE_CURVE('',#965,#940,#973,.T.);
#973 = LINE('',#974,#975);
#974 = CARTESIAN_POINT('',(0.5,-0.37,0.77));
#975 = VECTOR('',#976,1.);
#976 = DIRECTION('',(0.,1.,0.));
#977 = ORIENTED_EDGE('',*,*,#939,.F.);
#978 = PLANE('',#979);
#979 = AXIS2_PLACEMENT_3D('',#980,#981,#982);
#980 = CARTESIAN_POINT('',(-0.5,-0.37,0.77));
#981 = DIRECTION('',(0.,0.,1.));
#982 = DIRECTION('',(1.,0.,-0.));
#983 = ADVANCED_FACE('',(#984),#1003,.T.);
#984 = FACE_BOUND('',#985,.T.);
#985 = EDGE_LOOP('',(#986,#994,#1001,#1002));
#986 = ORIENTED_EDGE('',*,*,#987,.T.);
#987 = EDGE_CURVE('',#769,#988,#990,.T.);
#988 = VERTEX_POINT('',#989);
#989 = CARTESIAN_POINT('',(0.5,-0.37,0.74));
#990 = LINE('',#991,#992);
#991 = CARTESIAN_POINT('',(-0.5,-0.37,0.74));
#992 = VECTOR('',#993,1.);
#993 = DIRECTION('',(1.,0.,0.));
#994 = ORIENTED_EDGE('',*,*,#995,.T.);
#995 = EDGE_CURVE('',#988,#965,#996,.T.);
#996 = CIRCLE('',#997,3.E-02);
#997 = AXIS2_PLACEMENT_3D('',#998,#999,#1000);
#998 = CARTESIAN_POINT('',(0.5,-0.34,0.74));
#999 = DIRECTION('',(-1.,0.,0.));
#1000 = DIRECTION('',(0.,0.,1.));
#1001 = ORIENTED_EDGE('',*,*,#964,.F.);
#1002 = ORIENTED_EDGE('',*,*,#776,.F.);
#1003 = CYLINDRICAL_SURFACE('',#1004,3.E-02);
#1004 = AXIS2_PLACEMENT_3D('',#1005,#1006,#1007);
#1005 = CARTESIAN_POINT('',(-0.5,-0.34,0.74));
#1006 = DIRECTION('',(1.,0.,0.));
#1007 = DIRECTION('',(0.,-1.,0.));
#1008 = ADVANCED_FACE('',(#1009),#1020,.F.);
#1009 = FACE_BOUND('',#1010,.F.);
#1010 = EDGE_LOOP('',(#1011,#1017,#1018,#1019));
#1011 = ORIENTED_EDGE('',*,*,#1012,.F.);
#1012 = EDGE_CURVE('',#843,#988,#1013,.T.);
#1013 = LINE('',#1014,#1015);
#1014 = CARTESIAN_POINT('',(0.5,-0.37,3.E-02));
#1015 = VECTOR('',#1016,1.);
#1016 = DIRECTION('',(0.,0.,1.));
#1017 = ORIENTED_EDGE('',*,*,#851,.F.);
#1018 = ORIENTED_EDGE('',*,*,#768,.T.);
#1019 = ORIENTED_EDGE('',*,*,#987,.T.);
#1020 = PLANE('',#1021);
#1021 = AXIS2_PLACEMENT_3D('',#1022,#1023,#1024);
#1022 = CARTESIAN_POINT('',(-0.5,-0.37,3.E-02));
#1023 = DIRECTION('',(0.,1.,0.));
#1024 = DIRECTION('',(0.,-0.,1.));
#1025 = ADVANCED_FACE('',(#1026,#1096),#1106,.F.);
#1026 = FACE_BOUND('',#1027,.F.);
#1027 = EDGE_LOOP('',(#1028,#1038,#1047,#1055,#1064,#1072,#1081,#1089));
#1028 = ORIENTED_EDGE('',*,*,#1029,.F.);
#1029 = EDGE_CURVE('',#1030,#1032,#1034,.T.);
#1030 = VERTEX_POINT('',#1031);
#1031 = CARTESIAN_POINT('',(0.5,-0.4,3.E-02));
#1032 = VERTEX_POINT('',#1033);
#1033 = CARTESIAN_POINT('',(0.5,-0.4,0.77));
#1034 = LINE('',#1035,#1036);
#1035 = CARTESIAN_POINT('',(0.5,-0.4,0.));
#1036 = VECTOR('',#1037,1.);
#1037 = DIRECTION('',(0.,0.,1.));
#1038 = ORIENTED_EDGE('',*,*,#1039,.T.);
#1039 = EDGE_CURVE('',#1030,#1040,#1042,.T.);
#1040 = VERTEX_POINT('',#1041);
#1041 = CARTESIAN_POINT('',(0.5,-0.37,0.));
#1042 = CIRCLE('',#1043,3.E-02);
#1043 = AXIS2_PLACEMENT_3D('',#1044,#1045,#1046);
#1044 = CARTESIAN_POINT('',(0.5,-0.37,3.E-02));
#1045 = DIRECTION('',(1.,0.,-0.));
#1046 = DIRECTION('',(0.,0.,1.));
#1047 = ORIENTED_EDGE('',*,*,#1048,.T.);
#1048 = EDGE_CURVE('',#1040,#1049,#1051,.T.);
#1049 = VERTEX_POINT('',#1050);
#1050 = CARTESIAN_POINT('',(0.5,0.37,0.));
#1051 = LINE('',#1052,#1053);
#1052 = CARTESIAN_POINT('',(0.5,-0.4,0.));
#1053 = VECTOR('',#1054,1.);
#1054 = DIRECTION('',(0.,1.,0.));
#1055 = ORIENTED_EDGE('',*,*,#1056,.F.);
#1056 = EDGE_CURVE('',#1057,#1049,#1059,.T.);
#1057 = VERTEX_POINT('',#1058);
#1058 = CARTESIAN_POINT('',(0.5,0.4,3.E-02));
#1059 = CIRCLE('',#1060,3.E-02);
#1060 = AXIS2_PLACEMENT_3D('',#1061,#1062,#1063);
#1061 = CARTESIAN_POINT('',(0.5,0.37,3.E-02));
#1062 = DIRECTION('',(-1.,0.,0.));
#1063 = DIRECTION('',(0.,0.,1.));
#1064 = ORIENTED_EDGE('',*,*,#1065,.T.);
#1065 = EDGE_CURVE('',#1057,#1066,#1068,.T.);
#1066 = VERTEX_POINT('',#1067);
#1067 = CARTESIAN_POINT('',(0.5,0.4,0.77));
#1068 = LINE('',#1069,#1070);
#1069 = CARTESIAN_POINT('',(0.5,0.4,0.));
#1070 = VECTOR('',#1071,1.);
#1071 = DIRECTION('',(0.,0.,1.));
#1072 = ORIENTED_EDGE('',*,*,#1073,.T.);
#1073 = EDGE_CURVE('',#1066,#1074,#1076,.T.);
#1074 = VERTEX_POINT('',#1075);
#1075 = CARTESIAN_POINT('',(0.5,0.37,0.8));
#1076 = CIRCLE('',#1077,3.E-02);
#1077 = AXIS2_PLACEMENT_3D('',#1078,#1079,#1080);
#1078 = CARTESIAN_POINT('',(0.5,0.37,0.77));
#1079 = DIRECTION('',(1.,0.,-0.));
#1080 = DIRECTION('',(0.,0.,1.));
#1081 = ORIENTED_EDGE('',*,*,#1082,.F.);
#1082 = EDGE_CURVE('',#1083,#1074,#1085,.T.);
#1083 = VERTEX_POINT('',#1084);
#1084 = CARTESIAN_POINT('',(0.5,-0.37,0.8));
#1085 = LINE('',#1086,#1087);
#1086 = CARTESIAN_POINT('',(0.5,-0.4,0.8));
#1087 = VECTOR('',#1088,1.);
#1088 = DIRECTION('',(0.,1.,0.));
#1089 = ORIENTED_EDGE('',*,*,#1090,.F.);
#1090 = EDGE_CURVE('',#1032,#1083,#1091,.T.);
#1091 = CIRCLE('',#1092,3.E-02);
#1092 = AXIS2_PLACEMENT_3D('',#1093,#1094,#1095);
#1093 = CARTESIAN_POINT('',(0.5,-0.37,0.77));
#1094 = DIRECTION('',(-1.,0.,0.));
#1095 = DIRECTION('',(0.,0.,1.));
#1096 = FACE_BOUND('',#1097,.F.);
#1097 = EDGE_LOOP('',(#1098,#1099,#1100,#1101,#1102,#1103,#1104,#1105));
#1098 = ORIENTED_EDGE('',*,*,#842,.F.);
#1099 = ORIENTED_EDGE('',*,*,#1012,.T.);
#1100 = ORIENTED_EDGE('',*,*,#995,.T.);
#1101 = ORIENTED_EDGE('',*,*,#972,.T.);
#1102 = ORIENTED_EDGE('',*,*,#947,.F.);
#1103 = ORIENTED_EDGE('',*,*,#914,.F.);
#1104 = ORIENTED_EDGE('',*,*,#897,.T.);
#1105 = ORIENTED_EDGE('',*,*,#867,.F.);
#1106 = PLANE('',#1107);
#1107 = AXIS2_PLACEMENT_3D('',#1108,#1109,#1110);
#1108 = CARTESIAN_POINT('',(0.5,-0.4,0.));
#1109 = DIRECTION('',(1.,0.,0.));
#1110 = DIRECTION('',(0.,0.,1.));
#1111 = ADVANCED_FACE('',(#1112),#1137,.F.);
#1112 = FACE_BOUND('',#1113,.F.);
#1113 = EDGE_LOOP('',(#1114,#1124,#1130,#1131));
#1114 = ORIENTED_EDGE('',*,*,#1115,.F.);
#1115 = EDGE_CURVE('',#1116,#1118,#1120,.T.);
#1116 = VERTEX_POINT('',#1117);
#1117 = CARTESIAN_POINT('',(0.8,-0.4,3.E-02));
#1118 = VERTEX_POINT('',#1119);
#1119 = CARTESIAN_POINT('',(0.8,-0.4,0.77));
#1120 = LINE('',#1121,#1122);
#1121 = CARTESIAN_POINT('',(0.8,-0.4,0.));
#1122 = VECTOR('',#1123,1.);
#1123 = DIRECTION('',(0.,0.,1.));
#1124 = ORIENTED_EDGE('',*,*,#1125,.F.);
#1125 = EDGE_CURVE('',#1030,#1116,#1126,.T.);
#1126 = LINE('',#1127,#1128);
#1127 = CARTESIAN_POINT('',(0.5,-0.4,3.E-02));
#1128 = VECTOR('',#1129,1.);
#1129 = DIRECTION('',(1.,0.,0.));
#1130 = ORIENTED_EDGE('',*,*,#1029,.T.);
#1131 = ORIENTED_EDGE('',*,*,#1132,.T.);
#1132 = EDGE_CURVE('',#1032,#1118,#1133,.T.);
#1133 = LINE('',#1134,#1135);
#1134 = CARTESIAN_POINT('',(0.5,-0.4,0.77));
#1135 = VECTOR('',#1136,1.);
#1136 = DIRECTION('',(1.,0.,0.));
#1137 = PLANE('',#1138);
#1138 = AXIS2_PLACEMENT_3D('',#1139,#1140,#1141);
#1139 = CARTESIAN_POINT('',(0.5,-0.4,0.));
#1140 = DIRECTION('',(0.,1.,0.));
#1141 = DIRECTION('',(0.,-0.,1.));
#1142 = ADVANCED_FACE('',(#1143),#1162,.T.);
#1143 = FACE_BOUND('',#1144,.T.);
#1144 = EDGE_LOOP('',(#1145,#1146,#1154,#1161));
#1145 = ORIENTED_EDGE('',*,*,#1039,.T.);
#1146 = ORIENTED_EDGE('',*,*,#1147,.T.);
#1147 = EDGE_CURVE('',#1040,#1148,#1150,.T.);
#1148 = VERTEX_POINT('',#1149);
#1149 = CARTESIAN_POINT('',(0.8,-0.37,0.));
#1150 = LINE('',#1151,#1152);
#1151 = CARTESIAN_POINT('',(0.5,-0.37,0.));
#1152 = VECTOR('',#1153,1.);
#1153 = DIRECTION('',(1.,0.,0.));
#1154 = ORIENTED_EDGE('',*,*,#1155,.F.);
#1155 = EDGE_CURVE('',#1116,#1148,#1156,.T.);
#1156 = CIRCLE('',#1157,3.E-02);
#1157 = AXIS2_PLACEMENT_3D('',#1158,#1159,#1160);
#1158 = CARTESIAN_POINT('',(0.8,-0.37,3.E-02));
#1159 = DIRECTION('',(1.,0.,-0.));
#1160 = DIRECTION('',(0.,0.,1.));
#1161 = ORIENTED_EDGE('',*,*,#1125,.F.);
#1162 = CYLINDRICAL_SURFACE('',#1163,3.E-02);
#1163 = AXIS2_PLACEMENT_3D('',#1164,#1165,#1166);
#1164 = CARTESIAN_POINT('',(0.5,-0.37,3.E-02));
#1165 = DIRECTION('',(1.,0.,0.));
#1166 = DIRECTION('',(0.,-1.,0.));
#1167 = ADVANCED_FACE('',(#1168),#1187,.T.);
#1168 = FACE_BOUND('',#1169,.T.);
#1169 = EDGE_LOOP('',(#1170,#1171,#1180,#1186));
#1170 = ORIENTED_EDGE('',*,*,#1132,.T.);
#1171 = ORIENTED_EDGE('',*,*,#1172,.T.);
#1172 = EDGE_CURVE('',#1118,#1173,#1175,.T.);
#1173 = VERTEX_POINT('',#1174);
#1174 = CARTESIAN_POINT('',(0.8,-0.37,0.8));
#1175 = CIRCLE('',#1176,3.E-02);
#1176 = AXIS2_PLACEMENT_3D('',#1177,#1178,#1179);
#1177 = CARTESIAN_POINT('',(0.8,-0.37,0.77));
#1178 = DIRECTION('',(-1.,0.,0.));
#1179 = DIRECTION('',(0.,0.,1.));
#1180 = ORIENTED_EDGE('',*,*,#1181,.F.);
#1181 = EDGE_CURVE('',#1083,#1173,#1182,.T.);
#1182 = LINE('',#1183,#1184);
#1183 = CARTESIAN_POINT('',(0.5,-0.37,0.8));
#1184 = VECTOR('',#1185,1.);
#1185 = DIRECTION('',(1.,0.,0.));
#1186 = ORIENTED_EDGE('',*,*,#1090,.F.);
#1187 = CYLINDRICAL_SURFACE('',#1188,3.E-02);
#1188 = AXIS2_PLACEMENT_3D('',#1189,#1190,#1191);
#1189 = CARTESIAN_POINT('',(0.5,-0.37,0.77));
#1190 = DIRECTION('',(1.,0.,0.));
#1191 = DIRECTION('',(0.,-1.,0.));
#1192 = ADVANCED_FACE('',(#1193),#1211,.F.);
#1193 = FACE_BOUND('',#1194,.F.);
#1194 = EDGE_LOOP('',(#1195,#1196,#1197,#1205));
#1195 = ORIENTED_EDGE('',*,*,#1048,.F.);
#1196 = ORIENTED_EDGE('',*,*,#1147,.T.);
#1197 = ORIENTED_EDGE('',*,*,#1198,.T.);
#1198 = EDGE_CURVE('',#1148,#1199,#1201,.T.);
#1199 = VERTEX_POINT('',#1200);
#1200 = CARTESIAN_POINT('',(0.8,0.37,0.));
#1201 = LINE('',#1202,#1203);
#1202 = CARTESIAN_POINT('',(0.8,-0.4,0.));
#1203 = VECTOR('',#1204,1.);
#1204 = DIRECTION('',(0.,1.,0.));
#1205 = ORIENTED_EDGE('',*,*,#1206,.F.);
#1206 = EDGE_CURVE('',#1049,#1199,#1207,.T.);
#1207 = LINE('',#1208,#1209);
#1208 = CARTESIAN_POINT('',(0.5,0.37,0.));
#1209 = VECTOR('',#1210,1.);
#1210 = DIRECTION('',(1.,0.,0.));
#1211 = PLANE('',#1212);
#1212 = AXIS2_PLACEMENT_3D('',#1213,#1214,#1215);
#1213 = CARTESIAN_POINT('',(0.5,-0.4,0.));
#1214 = DIRECTION('',(0.,0.,1.));
#1215 = DIRECTION('',(1.,0.,-0.));
#1216 = ADVANCED_FACE('',(#1217),#1235,.T.);
#1217 = FACE_BOUND('',#1218,.T.);
#1218 = EDGE_LOOP('',(#1219,#1220,#1221,#1229));
#1219 = ORIENTED_EDGE('',*,*,#1082,.F.);
#1220 = ORIENTED_EDGE('',*,*,#1181,.T.);
#1221 = ORIENTED_EDGE('',*,*,#1222,.T.);
#1222 = EDGE_CURVE('',#1173,#1223,#1225,.T.);
#1223 = VERTEX_POINT('',#1224);
#1224 = CARTESIAN_POINT('',(0.8,0.37,0.8));
#1225 = LINE('',#1226,#1227);
#1226 = CARTESIAN_POINT('',(0.8,-0.4,0.8));
#1227 = VECTOR('',#1228,1.);
#1228 = DIRECTION('',(0.,1.,0.));
#1229 = ORIENTED_EDGE('',*,*,#1230,.F.);
#1230 = EDGE_CURVE('',#1074,#1223,#1231,.T.);
#1231 = LINE('',#1232,#1233);
#1232 = CARTESIAN_POINT('',(0.5,0.37,0.8));
#1233 = VECTOR('',#1234,1.);
#1234 = DIRECTION('',(1.,0.,0.));
#1235 = PLANE('',#1236);
#1236 = AXIS2_PLACEMENT_3D('',#1237,#1238,#1239);
#1237 = CARTESIAN_POINT('',(0.5,-0.4,0.8));
#1238 = DIRECTION('',(0.,0.,1.));
#1239 = DIRECTION('',(1.,0.,-0.));
#1240 = ADVANCED_FACE('',(#1241),#1260,.T.);
#1241 = FACE_BOUND('',#1242,.T.);
#1242 = EDGE_LOOP('',(#1243,#1251,#1258,#1259));
#1243 = ORIENTED_EDGE('',*,*,#1244,.T.);
#1244 = EDGE_CURVE('',#1057,#1245,#1247,.T.);
#1245 = VERTEX_POINT('',#1246);
#1246 = CARTESIAN_POINT('',(0.8,0.4,3.E-02));
#1247 = LINE('',#1248,#1249);
#1248 = CARTESIAN_POINT('',(0.5,0.4,3.E-02));
#1249 = VECTOR('',#1250,1.);
#1250 = DIRECTION('',(1.,0.,0.));
#1251 = ORIENTED_EDGE('',*,*,#1252,.T.);
#1252 = EDGE_CURVE('',#1245,#1199,#1253,.T.);
#1253 = CIRCLE('',#1254,3.E-02);
#1254 = AXIS2_PLACEMENT_3D('',#1255,#1256,#1257);
#1255 = CARTESIAN_POINT('',(0.8,0.37,3.E-02));
#1256 = DIRECTION('',(-1.,0.,0.));
#1257 = DIRECTION('',(0.,0.,1.));
#1258 = ORIENTED_EDGE('',*,*,#1206,.F.);
#1259 = ORIENTED_EDGE('',*,*,#1056,.F.);
#1260 = CYLINDRICAL_SURFACE('',#1261,3.E-02);
#1261 = AXIS2_PLACEMENT_3D('',#1262,#1263,#1264);
#1262 = CARTESIAN_POINT('',(0.5,0.37,3.E-02));
#1263 = DIRECTION('',(1.,0.,0.));
#1264 = DIRECTION('',(-0.,1.,0.));
#1265 = ADVANCED_FACE('',(#1266),#1285,.T.);
#1266 = FACE_BOUND('',#1267,.T.);
#1267 = EDGE_LOOP('',(#1268,#1269,#1270,#1279));
#1268 = ORIENTED_EDGE('',*,*,#1073,.T.);
#1269 = ORIENTED_EDGE('',*,*,#1230,.T.);
#1270 = ORIENTED_EDGE('',*,*,#1271,.F.);
#1271 = EDGE_CURVE('',#1272,#1223,#1274,.T.);
#1272 = VERTEX_POINT('',#1273);
#1273 = CARTESIAN_POINT('',(0.8,0.4,0.77));
#1274 = CIRCLE('',#1275,3.E-02);
#1275 = AXIS2_PLACEMENT_3D('',#1276,#1277,#1278);
#1276 = CARTESIAN_POINT('',(0.8,0.37,0.77));
#1277 = DIRECTION('',(1.,0.,-0.));
#1278 = DIRECTION('',(0.,0.,1.));
#1279 = ORIENTED_EDGE('',*,*,#1280,.F.);
#1280 = EDGE_CURVE('',#1066,#1272,#1281,.T.);
#1281 = LINE('',#1282,#1283);
#1282 = CARTESIAN_POINT('',(0.5,0.4,0.77));
#1283 = VECTOR('',#1284,1.);
#1284 = DIRECTION('',(1.,0.,0.));
#1285 = CYLINDRICAL_SURFACE('',#1286,3.E-02);
#1286 = AXIS2_PLACEMENT_3D('',#1287,#1288,#1289);
#1287 = CARTESIAN_POINT('',(0.5,0.37,0.77));
#1288 = DIRECTION('',(1.,0.,0.));
#1289 = DIRECTION('',(-0.,1.,0.));
#1290 = ADVANCED_FACE('',(#1291),#1302,.T.);
#1291 = FACE_BOUND('',#1292,.T.);
#1292 = EDGE_LOOP('',(#1293,#1299,#1300,#1301));
#1293 = ORIENTED_EDGE('',*,*,#1294,.F.);
#1294 = EDGE_CURVE('',#1245,#1272,#1295,.T.);
#1295 = LINE('',#1296,#1297);
#1296 = CARTESIAN_POINT('',(0.8,0.4,0.));
#1297 = VECTOR('',#1298,1.);
#1298 = DIRECTION('',(0.,0.,1.));
#1299 = ORIENTED_EDGE('',*,*,#1244,.F.);
#1300 = ORIENTED_EDGE('',*,*,#1065,.T.);
#1301 = ORIENTED_EDGE('',*,*,#1280,.T.);
#1302 = PLANE('',#1303);
#1303 = AXIS2_PLACEMENT_3D('',#1304,#1305,#1306);
#1304 = CARTESIAN_POINT('',(0.5,0.4,0.));
#1305 = DIRECTION('',(0.,1.,0.));
#1306 = DIRECTION('',(0.,-0.,1.));
#1307 = ADVANCED_FACE('',(#1308),#1318,.T.);
#1308 = FACE_BOUND('',#1309,.T.);
#1309 = EDGE_LOOP('',(#1310,#1311,#1312,#1313,#1314,#1315,#1316,#1317));
#1310 = ORIENTED_EDGE('',*,*,#1115,.F.);
#1311 = ORIENTED_EDGE('',*,*,#1155,.T.);
#1312 = ORIENTED_EDGE('',*,*,#1198,.T.);
#1313 = ORIENTED_EDGE('',*,*,#1252,.F.);
#1314 = ORIENTED_EDGE('',*,*,#1294,.T.);
#1315 = ORIENTED_EDGE('',*,*,#1271,.T.);
#1316 = ORIENTED_EDGE('',*,*,#1222,.F.);
#1317 = ORIENTED_EDGE('',*,*,#1172,.F.);
#1318 = PLANE('',#1319);
#1319 = AXIS2_PLACEMENT_3D('',#1320,#1321,#1322);
#1320 = CARTESIAN_POINT('',(0.8,-0.4,0.));
#1321 = DIRECTION('',(1.,0.,0.));
#1322 = DIRECTION('',(0.,0.,1.));
#1323 = ( GEOMETRIC_REPRESENTATION_CONTEXT(3) 
GLOBAL_UNCERTAINTY_ASSIGNED_CONTEXT((#1327)) 
GLOBAL_UNIT_ASSIGNED_CONTEXT((#1324,#1325,#1326)) REPRESENTATION_CONTEXT
('Context #1','3D Context with UNIT and UNCERTAINTY') );
#1324 = ( LENGTH_UNIT() NAMED_UNIT(*) SI_UNIT(.MILLI.,.METRE.) );
#1325 = ( NAMED_UNIT(*) PLANE_ANGLE_UNIT() SI_UNIT($,.RADIAN.) );
#1326 = ( NAMED_UNIT(*) SI_UNIT($,.STERADIAN.) SOLID_ANGLE_UNIT() );
#1327 = UNCERTAINTY_MEASURE_WITH_UNIT(LENGTH_MEASURE(1.E-07),#1324,
  'distance_accuracy_value','confusion accuracy');
#1328 = CONTEXT_DEPENDENT_SHAPE_REPRESENTATION(#1329,#1331);
#1329 = ( REPRESENTATION_RELATIONSHIP('','',#468,#445) 
REPRESENTATION_RELATIONSHIP_WITH_TRANSFORMATION(#1330) 
SHAPE_REPRESENTATION_RELATIONSHIP() );
#1330 = ITEM_DEFINED_TRANSFORMATION('','',#11,#446);
#1331 = PRODUCT_DEFINITION_SHAPE('Placement','Placement of an item',
  #1332);
#1332 = NEXT_ASSEMBLY_USAGE_OCCURRENCE('3','=>[0:1:1:5]','',#440,#463,$
  );
#1333 = PRODUCT_RELATED_PRODUCT_CATEGORY('part',$,(#465));
#1334 = SHAPE_DEFINITION_REPRESENTATION(#1335,#1341);
#1335 = PRODUCT_DEFINITION_SHAPE('','',#1336);
#1336 = PRODUCT_DEFINITION('design','',#1337,#1340);
#1337 = PRODUCT_DEFINITION_FORMATION('','',#1338);
#1338 = PRODUCT('R_0603_1608Metric','R_0603_1608Metric','',(#1339));
#1339 = PRODUCT_CONTEXT('',#2,'mechanical');
#1340 = PRODUCT_DEFINITION_CONTEXT('part definition',#2,'design');
#1341 = SHAPE_REPRESENTATION('',(#11,#1342),#1346);
#1342 = AXIS2_PLACEMENT_3D('',#1343,#1344,#1345);
#1343 = CARTESIAN_POINT('',(0.,0.,0.));
#1344 = DIRECTION('',(0.,0.,1.));
#1345 = DIRECTION('',(1.,0.,-0.));
#1346 = ( GEOMETRIC_REPRESENTATION_CONTEXT(3) 
GLOBAL_UNCERTAINTY_ASSIGNED_CONTEXT((#1350)) 
GLOBAL_UNIT_ASSIGNED_CONTEXT((#1347,#1348,#1349)) REPRESENTATION_CONTEXT
('Context #1','3D Context with UNIT and UNCERTAINTY') );
#1347 = ( LENGTH_UNIT() NAMED_UNIT(*) SI_UNIT(.MILLI.,.METRE.) );
#1348 = ( NAMED_UNIT(*) PLANE_ANGLE_UNIT() SI_UNIT($,.RADIAN.) );
#1349 = ( NAMED_UNIT(*) SI_UNIT($,.STERADIAN.) SOLID_ANGLE_UNIT() );
#1350 = UNCERTAINTY_MEASURE_WITH_UNIT(LENGTH_MEASURE(1.E-07),#1347,
  'distance_accuracy_value','confusion accuracy');
#1351 = CONTEXT_DEPENDENT_SHAPE_REPRESENTATION(#1352,#1354);
#1352 = ( REPRESENTATION_RELATIONSHIP('','',#1341,#10) 
REPRESENTATION_RELATIONSHIP_WITH_TRANSFORMATION(#1353) 
SHAPE_REPRESENTATION_RELATIONSHIP() );
#1353 = ITEM_DEFINED_TRANSFORMATION('','',#11,#23);
#1354 = PRODUCT_DEFINITION_SHAPE('Placement','Placement of an item',
  #1355);
#1355 = NEXT_ASSEMBLY_USAGE_OCCURRENCE('6','R2','',#5,#1336,$);
#1356 = PRODUCT_RELATED_PRODUCT_CATEGORY('part',$,(#1338));
#1357 = SHAPE_DEFINITION_REPRESENTATION(#1358,#1364);
#1358 = PRODUCT_DEFINITION_SHAPE('','',#1359);
#1359 = PRODUCT_DEFINITION('design','',#1360,#1363);
#1360 = PRODUCT_DEFINITION_FORMATION('','',#1361);
#1361 = PRODUCT('R_0603_1608Metric','R_0603_1608Metric','',(#1362));
#1362 = PRODUCT_CONTEXT('',#2,'mechanical');
#1363 = PRODUCT_DEFINITION_CONTEXT('part definition',#2,'design');
#1364 = ADVANCED_BREP_SHAPE_REPRESENTATION('',(#11,#1365),#2155);
#1365 = MANIFOLD_SOLID_BREP('',#1366);
#1366 = CLOSED_SHELL('',(#1367,#1407,#1490,#1515,#1540,#1607,#1624,#1641
    ,#1690,#1707,#1724,#1773,#1790,#1859,#1890,#1914,#1983,#2007,#2024,
    #2041,#2058,#2075,#2092,#2109,#2126,#2143));
#1367 = ADVANCED_FACE('',(#1368),#1402,.F.);
#1368 = FACE_BOUND('',#1369,.F.);
#1369 = EDGE_LOOP('',(#1370,#1380,#1388,#1396));
#1370 = ORIENTED_EDGE('',*,*,#1371,.F.);
#1371 = EDGE_CURVE('',#1372,#1374,#1376,.T.);
#1372 = VERTEX_POINT('',#1373);
#1373 = CARTESIAN_POINT('',(-0.8,-0.4,4.5E-02));
#1374 = VERTEX_POINT('',#1375);
#1375 = CARTESIAN_POINT('',(-0.8,-0.4,0.405));
#1376 = LINE('',#1377,#1378);
#1377 = CARTESIAN_POINT('',(-0.8,-0.4,0.));
#1378 = VECTOR('',#1379,1.);
#1379 = DIRECTION('',(0.,0.,1.));
#1380 = ORIENTED_EDGE('',*,*,#1381,.T.);
#1381 = EDGE_CURVE('',#1372,#1382,#1384,.T.);
#1382 = VERTEX_POINT('',#1383);
#1383 = CARTESIAN_POINT('',(-0.8,0.4,4.5E-02));
#1384 = LINE('',#1385,#1386);
#1385 = CARTESIAN_POINT('',(-0.8,-0.4,4.5E-02));
#1386 = VECTOR('',#1387,1.);
#1387 = DIRECTION('',(0.,1.,0.));
#1388 = ORIENTED_EDGE('',*,*,#1389,.T.);
#1389 = EDGE_CURVE('',#1382,#1390,#1392,.T.);
#1390 = VERTEX_POINT('',#1391);
#1391 = CARTESIAN_POINT('',(-0.8,0.4,0.405));
#1392 = LINE('',#1393,#1394);
#1393 = CARTESIAN_POINT('',(-0.8,0.4,0.));
#1394 = VECTOR('',#1395,1.);
#1395 = DIRECTION('',(0.,0.,1.));
#1396 = ORIENTED_EDGE('',*,*,#1397,.F.);
#1397 = EDGE_CURVE('',#1374,#1390,#1398,.T.);
#1398 = LINE('',#1399,#1400);
#1399 = CARTESIAN_POINT('',(-0.8,-0.4,0.405));
#1400 = VECTOR('',#1401,1.);
#1401 = DIRECTION('',(0.,1.,0.));
#1402 = PLANE('',#1403);
#1403 = AXIS2_PLACEMENT_3D('',#1404,#1405,#1406);
#1404 = CARTESIAN_POINT('',(-0.8,-0.4,0.));
#1405 = DIRECTION('',(1.,0.,0.));
#1406 = DIRECTION('',(0.,0.,1.));
#1407 = ADVANCED_FACE('',(#1408),#1485,.F.);
#1408 = FACE_BOUND('',#1409,.F.);
#1409 = EDGE_LOOP('',(#1410,#1420,#1427,#1428,#1437,#1445,#1454,#1462,
    #1470,#1478));
#1410 = ORIENTED_EDGE('',*,*,#1411,.F.);
#1411 = EDGE_CURVE('',#1412,#1414,#1416,.T.);
#1412 = VERTEX_POINT('',#1413);
#1413 = CARTESIAN_POINT('',(-0.755,-0.4,-2.775557561563E-17));
#1414 = VERTEX_POINT('',#1415);
#1415 = CARTESIAN_POINT('',(-0.545,-0.4,-2.775557561563E-17));
#1416 = LINE('',#1417,#1418);
#1417 = CARTESIAN_POINT('',(-0.8,-0.4,0.));
#1418 = VECTOR('',#1419,1.);
#1419 = DIRECTION('',(1.,0.,0.));
#1420 = ORIENTED_EDGE('',*,*,#1421,.F.);
#1421 = EDGE_CURVE('',#1372,#1412,#1422,.T.);
#1422 = CIRCLE('',#1423,4.5E-02);
#1423 = AXIS2_PLACEMENT_3D('',#1424,#1425,#1426);
#1424 = CARTESIAN_POINT('',(-0.755,-0.4,4.5E-02));
#1425 = DIRECTION('',(0.,-1.,0.));
#1426 = DIRECTION('',(0.,0.,1.));
#1427 = ORIENTED_EDGE('',*,*,#1371,.T.);
#1428 = ORIENTED_EDGE('',*,*,#1429,.T.);
#1429 = EDGE_CURVE('',#1374,#1430,#1432,.T.);
#1430 = VERTEX_POINT('',#1431);
#1431 = CARTESIAN_POINT('',(-0.755,-0.4,0.45));
#1432 = CIRCLE('',#1433,4.5E-02);
#1433 = AXIS2_PLACEMENT_3D('',#1434,#1435,#1436);
#1434 = CARTESIAN_POINT('',(-0.755,-0.4,0.405));
#1435 = DIRECTION('',(0.,1.,0.));
#1436 = DIRECTION('',(0.,-0.,1.));
#1437 = ORIENTED_EDGE('',*,*,#1438,.T.);
#1438 = EDGE_CURVE('',#1430,#1439,#1441,.T.);
#1439 = VERTEX_POINT('',#1440);
#1440 = CARTESIAN_POINT('',(-0.545,-0.4,0.45));
#1441 = LINE('',#1442,#1443);
#1442 = CARTESIAN_POINT('',(-0.8,-0.4,0.45));
#1443 = VECTOR('',#1444,1.);
#1444 = DIRECTION('',(1.,0.,0.));
#1445 = ORIENTED_EDGE('',*,*,#1446,.F.);
#1446 = EDGE_CURVE('',#1447,#1439,#1449,.T.);
#1447 = VERTEX_POINT('',#1448);
#1448 = CARTESIAN_POINT('',(-0.5,-0.4,0.405));
#1449 = CIRCLE('',#1450,4.5E-02);
#1450 = AXIS2_PLACEMENT_3D('',#1451,#1452,#1453);
#1451 = CARTESIAN_POINT('',(-0.545,-0.4,0.405));
#1452 = DIRECTION('',(0.,-1.,0.));
#1453 = DIRECTION('',(0.,0.,1.));
#1454 = ORIENTED_EDGE('',*,*,#1455,.F.);
#1455 = EDGE_CURVE('',#1456,#1447,#1458,.T.);
#1456 = VERTEX_POINT('',#1457);
#1457 = CARTESIAN_POINT('',(-0.755,-0.4,0.405));
#1458 = LINE('',#1459,#1460);
#1459 = CARTESIAN_POINT('',(-0.755,-0.4,0.405));
#1460 = VECTOR('',#1461,1.);
#1461 = DIRECTION('',(1.,0.,0.));
#1462 = ORIENTED_EDGE('',*,*,#1463,.F.);
#1463 = EDGE_CURVE('',#1464,#1456,#1466,.T.);
#1464 = VERTEX_POINT('',#1465);
#1465 = CARTESIAN_POINT('',(-0.755,-0.4,4.5E-02));
#1466 = LINE('',#1467,#1468);
#1467 = CARTESIAN_POINT('',(-0.755,-0.4,4.5E-02));
#1468 = VECTOR('',#1469,1.);
#1469 = DIRECTION('',(0.,0.,1.));
#1470 = ORIENTED_EDGE('',*,*,#1471,.T.);
#1471 = EDGE_CURVE('',#1464,#1472,#1474,.T.);
#1472 = VERTEX_POINT('',#1473);
#1473 = CARTESIAN_POINT('',(-0.5,-0.4,4.5E-02));
#1474 = LINE('',#1475,#1476);
#1475 = CARTESIAN_POINT('',(-0.755,-0.4,4.5E-02));
#1476 = VECTOR('',#1477,1.);
#1477 = DIRECTION('',(1.,0.,0.));
#1478 = ORIENTED_EDGE('',*,*,#1479,.T.);
#1479 = EDGE_CURVE('',#1472,#1414,#1480,.T.);
#1480 = CIRCLE('',#1481,4.5E-02);
#1481 = AXIS2_PLACEMENT_3D('',#1482,#1483,#1484);
#1482 = CARTESIAN_POINT('',(-0.545,-0.4,4.5E-02));
#1483 = DIRECTION('',(0.,1.,0.));
#1484 = DIRECTION('',(0.,-0.,1.));
#1485 = PLANE('',#1486);
#1486 = AXIS2_PLACEMENT_3D('',#1487,#1488,#1489);
#1487 = CARTESIAN_POINT('',(-0.8,-0.4,0.));
#1488 = DIRECTION('',(0.,1.,0.));
#1489 = DIRECTION('',(0.,-0.,1.));
#1490 = ADVANCED_FACE('',(#1491),#1510,.T.);
#1491 = FACE_BOUND('',#1492,.T.);
#1492 = EDGE_LOOP('',(#1493,#1494,#1503,#1509));
#1493 = ORIENTED_EDGE('',*,*,#1381,.T.);
#1494 = ORIENTED_EDGE('',*,*,#1495,.T.);
#1495 = EDGE_CURVE('',#1382,#1496,#1498,.T.);
#1496 = VERTEX_POINT('',#1497);
#1497 = CARTESIAN_POINT('',(-0.755,0.4,-2.775557561563E-17));
#1498 = CIRCLE('',#1499,4.5E-02);
#1499 = AXIS2_PLACEMENT_3D('',#1500,#1501,#1502);
#1500 = CARTESIAN_POINT('',(-0.755,0.4,4.5E-02));
#1501 = DIRECTION('',(0.,-1.,0.));
#1502 = DIRECTION('',(0.,0.,1.));
#1503 = ORIENTED_EDGE('',*,*,#1504,.F.);
#1504 = EDGE_CURVE('',#1412,#1496,#1505,.T.);
#1505 = LINE('',#1506,#1507);
#1506 = CARTESIAN_POINT('',(-0.755,-0.4,-2.775557561563E-17));
#1507 = VECTOR('',#1508,1.);
#1508 = DIRECTION('',(0.,1.,0.));
#1509 = ORIENTED_EDGE('',*,*,#1421,.F.);
#1510 = CYLINDRICAL_SURFACE('',#1511,4.5E-02);
#1511 = AXIS2_PLACEMENT_3D('',#1512,#1513,#1514);
#1512 = CARTESIAN_POINT('',(-0.755,-0.4,4.5E-02));
#1513 = DIRECTION('',(0.,1.,0.));
#1514 = DIRECTION('',(-1.,0.,0.));
#1515 = ADVANCED_FACE('',(#1516),#1535,.T.);
#1516 = FACE_BOUND('',#1517,.T.);
#1517 = EDGE_LOOP('',(#1518,#1519,#1527,#1534));
#1518 = ORIENTED_EDGE('',*,*,#1429,.T.);
#1519 = ORIENTED_EDGE('',*,*,#1520,.T.);
#1520 = EDGE_CURVE('',#1430,#1521,#1523,.T.);
#1521 = VERTEX_POINT('',#1522);
#1522 = CARTESIAN_POINT('',(-0.755,0.4,0.45));
#1523 = LINE('',#1524,#1525);
#1524 = CARTESIAN_POINT('',(-0.755,-0.4,0.45));
#1525 = VECTOR('',#1526,1.);
#1526 = DIRECTION('',(0.,1.,0.));
#1527 = ORIENTED_EDGE('',*,*,#1528,.F.);
#1528 = EDGE_CURVE('',#1390,#1521,#1529,.T.);
#1529 = CIRCLE('',#1530,4.5E-02);
#1530 = AXIS2_PLACEMENT_3D('',#1531,#1532,#1533);
#1531 = CARTESIAN_POINT('',(-0.755,0.4,0.405));
#1532 = DIRECTION('',(0.,1.,0.));
#1533 = DIRECTION('',(0.,-0.,1.));
#1534 = ORIENTED_EDGE('',*,*,#1397,.F.);
#1535 = CYLINDRICAL_SURFACE('',#1536,4.5E-02);
#1536 = AXIS2_PLACEMENT_3D('',#1537,#1538,#1539);
#1537 = CARTESIAN_POINT('',(-0.755,-0.4,0.405));
#1538 = DIRECTION('',(0.,1.,0.));
#1539 = DIRECTION('',(-1.,0.,0.));
#1540 = ADVANCED_FACE('',(#1541),#1602,.T.);
#1541 = FACE_BOUND('',#1542,.T.);
#1542 = EDGE_LOOP('',(#1543,#1551,#1552,#1553,#1554,#1562,#1571,#1579,
    #1587,#1595));
#1543 = ORIENTED_EDGE('',*,*,#1544,.F.);
#1544 = EDGE_CURVE('',#1496,#1545,#1547,.T.);
#1545 = VERTEX_POINT('',#1546);
#1546 = CARTESIAN_POINT('',(-0.545,0.4,-2.775557561563E-17));
#1547 = LINE('',#1548,#1549);
#1548 = CARTESIAN_POINT('',(-0.8,0.4,0.));
#1549 = VECTOR('',#1550,1.);
#1550 = DIRECTION('',(1.,0.,0.));
#1551 = ORIENTED_EDGE('',*,*,#1495,.F.);
#1552 = ORIENTED_EDGE('',*,*,#1389,.T.);
#1553 = ORIENTED_EDGE('',*,*,#1528,.T.);
#1554 = ORIENTED_EDGE('',*,*,#1555,.T.);
#1555 = EDGE_CURVE('',#1521,#1556,#1558,.T.);
#1556 = VERTEX_POINT('',#1557);
#1557 = CARTESIAN_POINT('',(-0.545,0.4,0.45));
#1558 = LINE('',#1559,#1560);
#1559 = CARTESIAN_POINT('',(-0.8,0.4,0.45));
#1560 = VECTOR('',#1561,1.);
#1561 = DIRECTION('',(1.,0.,0.));
#1562 = ORIENTED_EDGE('',*,*,#1563,.F.);
#1563 = EDGE_CURVE('',#1564,#1556,#1566,.T.);
#1564 = VERTEX_POINT('',#1565);
#1565 = CARTESIAN_POINT('',(-0.5,0.4,0.405));
#1566 = CIRCLE('',#1567,4.5E-02);
#1567 = AXIS2_PLACEMENT_3D('',#1568,#1569,#1570);
#1568 = CARTESIAN_POINT('',(-0.545,0.4,0.405));
#1569 = DIRECTION('',(0.,-1.,0.));
#1570 = DIRECTION('',(0.,0.,1.));
#1571 = ORIENTED_EDGE('',*,*,#1572,.F.);
#1572 = EDGE_CURVE('',#1573,#1564,#1575,.T.);
#1573 = VERTEX_POINT('',#1574);
#1574 = CARTESIAN_POINT('',(-0.755,0.4,0.405));
#1575 = LINE('',#1576,#1577);
#1576 = CARTESIAN_POINT('',(-0.755,0.4,0.405));
#1577 = VECTOR('',#1578,1.);
#1578 = DIRECTION('',(1.,0.,0.));
#1579 = ORIENTED_EDGE('',*,*,#1580,.F.);
#1580 = EDGE_CURVE('',#1581,#1573,#1583,.T.);
#1581 = VERTEX_POINT('',#1582);
#1582 = CARTESIAN_POINT('',(-0.755,0.4,4.5E-02));
#1583 = LINE('',#1584,#1585);
#1584 = CARTESIAN_POINT('',(-0.755,0.4,4.5E-02));
#1585 = VECTOR('',#1586,1.);
#1586 = DIRECTION('',(0.,0.,1.));
#1587 = ORIENTED_EDGE('',*,*,#1588,.T.);
#1588 = EDGE_CURVE('',#1581,#1589,#1591,.T.);
#1589 = VERTEX_POINT('',#1590);
#1590 = CARTESIAN_POINT('',(-0.5,0.4,4.5E-02));
#1591 = LINE('',#1592,#1593);
#1592 = CARTESIAN_POINT('',(-0.755,0.4,4.5E-02));
#1593 = VECTOR('',#1594,1.);
#1594 = DIRECTION('',(1.,0.,0.));
#1595 = ORIENTED_EDGE('',*,*,#1596,.T.);
#1596 = EDGE_CURVE('',#1589,#1545,#1597,.T.);
#1597 = CIRCLE('',#1598,4.5E-02);
#1598 = AXIS2_PLACEMENT_3D('',#1599,#1600,#1601);
#1599 = CARTESIAN_POINT('',(-0.545,0.4,4.5E-02));
#1600 = DIRECTION('',(0.,1.,0.));
#1601 = DIRECTION('',(0.,-0.,1.));
#1602 = PLANE('',#1603);
#1603 = AXIS2_PLACEMENT_3D('',#1604,#1605,#1606);
#1604 = CARTESIAN_POINT('',(-0.8,0.4,0.));
#1605 = DIRECTION('',(0.,1.,0.));
#1606 = DIRECTION('',(0.,-0.,1.));
#1607 = ADVANCED_FACE('',(#1608),#1619,.F.);
#1608 = FACE_BOUND('',#1609,.F.);
#1609 = EDGE_LOOP('',(#1610,#1611,#1612,#1613));
#1610 = ORIENTED_EDGE('',*,*,#1544,.F.);
#1611 = ORIENTED_EDGE('',*,*,#1504,.F.);
#1612 = ORIENTED_EDGE('',*,*,#1411,.T.);
#1613 = ORIENTED_EDGE('',*,*,#1614,.T.);
#1614 = EDGE_CURVE('',#1414,#1545,#1615,.T.);
#1615 = LINE('',#1616,#1617);
#1616 = CARTESIAN_POINT('',(-0.545,-0.4,-2.775557561563E-17));
#1617 = VECTOR('',#1618,1.);
#1618 = DIRECTION('',(0.,1.,0.));
#1619 = PLANE('',#1620);
#1620 = AXIS2_PLACEMENT_3D('',#1621,#1622,#1623);
#1621 = CARTESIAN_POINT('',(-0.8,-0.4,0.));
#1622 = DIRECTION('',(0.,0.,1.));
#1623 = DIRECTION('',(1.,0.,-0.));
#1624 = ADVANCED_FACE('',(#1625),#1636,.T.);
#1625 = FACE_BOUND('',#1626,.T.);
#1626 = EDGE_LOOP('',(#1627,#1628,#1629,#1630));
#1627 = ORIENTED_EDGE('',*,*,#1479,.T.);
#1628 = ORIENTED_EDGE('',*,*,#1614,.T.);
#1629 = ORIENTED_EDGE('',*,*,#1596,.F.);
#1630 = ORIENTED_EDGE('',*,*,#1631,.F.);
#1631 = EDGE_CURVE('',#1472,#1589,#1632,.T.);
#1632 = LINE('',#1633,#1634);
#1633 = CARTESIAN_POINT('',(-0.5,-0.4,4.5E-02));
#1634 = VECTOR('',#1635,1.);
#1635 = DIRECTION('',(0.,1.,0.));
#1636 = CYLINDRICAL_SURFACE('',#1637,4.5E-02);
#1637 = AXIS2_PLACEMENT_3D('',#1638,#1639,#1640);
#1638 = CARTESIAN_POINT('',(-0.545,-0.4,4.5E-02));
#1639 = DIRECTION('',(0.,1.,0.));
#1640 = DIRECTION('',(1.,0.,0.));
#1641 = ADVANCED_FACE('',(#1642),#1685,.F.);
#1642 = FACE_BOUND('',#1643,.F.);
#1643 = EDGE_LOOP('',(#1644,#1645,#1646,#1647,#1655,#1663,#1671,#1679));
#1644 = ORIENTED_EDGE('',*,*,#1471,.F.);
#1645 = ORIENTED_EDGE('',*,*,#1463,.T.);
#1646 = ORIENTED_EDGE('',*,*,#1455,.T.);
#1647 = ORIENTED_EDGE('',*,*,#1648,.T.);
#1648 = EDGE_CURVE('',#1447,#1649,#1651,.T.);
#1649 = VERTEX_POINT('',#1650);
#1650 = CARTESIAN_POINT('',(0.5,-0.4,0.405));
#1651 = LINE('',#1652,#1653);
#1652 = CARTESIAN_POINT('',(-0.5,-0.4,0.405));
#1653 = VECTOR('',#1654,1.);
#1654 = DIRECTION('',(1.,0.,0.));
#1655 = ORIENTED_EDGE('',*,*,#1656,.T.);
#1656 = EDGE_CURVE('',#1649,#1657,#1659,.T.);
#1657 = VERTEX_POINT('',#1658);
#1658 = CARTESIAN_POINT('',(0.755,-0.4,0.405));
#1659 = LINE('',#1660,#1661);
#1660 = CARTESIAN_POINT('',(-0.755,-0.4,0.405));
#1661 = VECTOR('',#1662,1.);
#1662 = DIRECTION('',(1.,0.,0.));
#1663 = ORIENTED_EDGE('',*,*,#1664,.F.);
#1664 = EDGE_CURVE('',#1665,#1657,#1667,.T.);
#1665 = VERTEX_POINT('',#1666);
#1666 = CARTESIAN_POINT('',(0.755,-0.4,4.5E-02));
#1667 = LINE('',#1668,#1669);
#1668 = CARTESIAN_POINT('',(0.755,-0.4,4.5E-02));
#1669 = VECTOR('',#1670,1.);
#1670 = DIRECTION('',(0.,0.,1.));
#1671 = ORIENTED_EDGE('',*,*,#1672,.F.);
#1672 = EDGE_CURVE('',#1673,#1665,#1675,.T.);
#1673 = VERTEX_POINT('',#1674);
#1674 = CARTESIAN_POINT('',(0.5,-0.4,4.5E-02));
#1675 = LINE('',#1676,#1677);
#1676 = CARTESIAN_POINT('',(-0.755,-0.4,4.5E-02));
#1677 = VECTOR('',#1678,1.);
#1678 = DIRECTION('',(1.,0.,0.));
#1679 = ORIENTED_EDGE('',*,*,#1680,.F.);
#1680 = EDGE_CURVE('',#1472,#1673,#1681,.T.);
#1681 = LINE('',#1682,#1683);
#1682 = CARTESIAN_POINT('',(-0.755,-0.4,4.5E-02));
#1683 = VECTOR('',#1684,1.);
#1684 = DIRECTION('',(1.,0.,0.));
#1685 = PLANE('',#1686);
#1686 = AXIS2_PLACEMENT_3D('',#1687,#1688,#1689);
#1687 = CARTESIAN_POINT('',(-0.755,-0.4,4.5E-02));
#1688 = DIRECTION('',(0.,1.,0.));
#1689 = DIRECTION('',(0.,-0.,1.));
#1690 = ADVANCED_FACE('',(#1691),#1702,.T.);
#1691 = FACE_BOUND('',#1692,.T.);
#1692 = EDGE_LOOP('',(#1693,#1694,#1695,#1696));
#1693 = ORIENTED_EDGE('',*,*,#1555,.F.);
#1694 = ORIENTED_EDGE('',*,*,#1520,.F.);
#1695 = ORIENTED_EDGE('',*,*,#1438,.T.);
#1696 = ORIENTED_EDGE('',*,*,#1697,.T.);
#1697 = EDGE_CURVE('',#1439,#1556,#1698,.T.);
#1698 = LINE('',#1699,#1700);
#1699 = CARTESIAN_POINT('',(-0.545,-0.4,0.45));
#1700 = VECTOR('',#1701,1.);
#1701 = DIRECTION('',(0.,1.,0.));
#1702 = PLANE('',#1703);
#1703 = AXIS2_PLACEMENT_3D('',#1704,#1705,#1706);
#1704 = CARTESIAN_POINT('',(-0.8,-0.4,0.45));
#1705 = DIRECTION('',(0.,0.,1.));
#1706 = DIRECTION('',(1.,0.,-0.));
#1707 = ADVANCED_FACE('',(#1708),#1719,.T.);
#1708 = FACE_BOUND('',#1709,.T.);
#1709 = EDGE_LOOP('',(#1710,#1716,#1717,#1718));
#1710 = ORIENTED_EDGE('',*,*,#1711,.T.);
#1711 = EDGE_CURVE('',#1447,#1564,#1712,.T.);
#1712 = LINE('',#1713,#1714);
#1713 = CARTESIAN_POINT('',(-0.5,-0.4,0.405));
#1714 = VECTOR('',#1715,1.);
#1715 = DIRECTION('',(0.,1.,0.));
#1716 = ORIENTED_EDGE('',*,*,#1563,.T.);
#1717 = ORIENTED_EDGE('',*,*,#1697,.F.);
#1718 = ORIENTED_EDGE('',*,*,#1446,.F.);
#1719 = CYLINDRICAL_SURFACE('',#1720,4.5E-02);
#1720 = AXIS2_PLACEMENT_3D('',#1721,#1722,#1723);
#1721 = CARTESIAN_POINT('',(-0.545,-0.4,0.405));
#1722 = DIRECTION('',(0.,1.,0.));
#1723 = DIRECTION('',(1.,0.,0.));
#1724 = ADVANCED_FACE('',(#1725),#1768,.T.);
#1725 = FACE_BOUND('',#1726,.T.);
#1726 = EDGE_LOOP('',(#1727,#1728,#1729,#1730,#1738,#1746,#1754,#1762));
#1727 = ORIENTED_EDGE('',*,*,#1588,.F.);
#1728 = ORIENTED_EDGE('',*,*,#1580,.T.);
#1729 = ORIENTED_EDGE('',*,*,#1572,.T.);
#1730 = ORIENTED_EDGE('',*,*,#1731,.T.);
#1731 = EDGE_CURVE('',#1564,#1732,#1734,.T.);
#1732 = VERTEX_POINT('',#1733);
#1733 = CARTESIAN_POINT('',(0.5,0.4,0.405));
#1734 = LINE('',#1735,#1736);
#1735 = CARTESIAN_POINT('',(-0.5,0.4,0.405));
#1736 = VECTOR('',#1737,1.);
#1737 = DIRECTION('',(1.,0.,0.));
#1738 = ORIENTED_EDGE('',*,*,#1739,.T.);
#1739 = EDGE_CURVE('',#1732,#1740,#1742,.T.);
#1740 = VERTEX_POINT('',#1741);
#1741 = CARTESIAN_POINT('',(0.755,0.4,0.405));
#1742 = LINE('',#1743,#1744);
#1743 = CARTESIAN_POINT('',(-0.755,0.4,0.405));
#1744 = VECTOR('',#1745,1.);
#1745 = DIRECTION('',(1.,0.,0.));
#1746 = ORIENTED_EDGE('',*,*,#1747,.F.);
#1747 = EDGE_CURVE('',#1748,#1740,#1750,.T.);
#1748 = VERTEX_POINT('',#1749);
#1749 = CARTESIAN_POINT('',(0.755,0.4,4.5E-02));
#1750 = LINE('',#1751,#1752);
#1751 = CARTESIAN_POINT('',(0.755,0.4,4.5E-02));
#1752 = VECTOR('',#1753,1.);
#1753 = DIRECTION('',(0.,0.,1.));
#1754 = ORIENTED_EDGE('',*,*,#1755,.F.);
#1755 = EDGE_CURVE('',#1756,#1748,#1758,.T.);
#1756 = VERTEX_POINT('',#1757);
#1757 = CARTESIAN_POINT('',(0.5,0.4,4.5E-02));
#1758 = LINE('',#1759,#1760);
#1759 = CARTESIAN_POINT('',(-0.755,0.4,4.5E-02));
#1760 = VECTOR('',#1761,1.);
#1761 = DIRECTION('',(1.,0.,0.));
#1762 = ORIENTED_EDGE('',*,*,#1763,.F.);
#1763 = EDGE_CURVE('',#1589,#1756,#1764,.T.);
#1764 = LINE('',#1765,#1766);
#1765 = CARTESIAN_POINT('',(-0.755,0.4,4.5E-02));
#1766 = VECTOR('',#1767,1.);
#1767 = DIRECTION('',(1.,0.,0.));
#1768 = PLANE('',#1769);
#1769 = AXIS2_PLACEMENT_3D('',#1770,#1771,#1772);
#1770 = CARTESIAN_POINT('',(-0.755,0.4,4.5E-02));
#1771 = DIRECTION('',(0.,1.,0.));
#1772 = DIRECTION('',(0.,-0.,1.));
#1773 = ADVANCED_FACE('',(#1774),#1785,.F.);
#1774 = FACE_BOUND('',#1775,.F.);
#1775 = EDGE_LOOP('',(#1776,#1777,#1778,#1784));
#1776 = ORIENTED_EDGE('',*,*,#1631,.F.);
#1777 = ORIENTED_EDGE('',*,*,#1680,.T.);
#1778 = ORIENTED_EDGE('',*,*,#1779,.T.);
#1779 = EDGE_CURVE('',#1673,#1756,#1780,.T.);
#1780 = LINE('',#1781,#1782);
#1781 = CARTESIAN_POINT('',(0.5,-0.4,4.5E-02));
#1782 = VECTOR('',#1783,1.);
#1783 = DIRECTION('',(0.,1.,0.));
#1784 = ORIENTED_EDGE('',*,*,#1763,.F.);
#1785 = PLANE('',#1786);
#1786 = AXIS2_PLACEMENT_3D('',#1787,#1788,#1789);
#1787 = CARTESIAN_POINT('',(-0.755,-0.4,4.5E-02));
#1788 = DIRECTION('',(0.,0.,1.));
#1789 = DIRECTION('',(1.,0.,-0.));
#1790 = ADVANCED_FACE('',(#1791),#1854,.F.);
#1791 = FACE_BOUND('',#1792,.F.);
#1792 = EDGE_LOOP('',(#1793,#1803,#1810,#1811,#1812,#1813,#1822,#1830,
    #1839,#1847));
#1793 = ORIENTED_EDGE('',*,*,#1794,.F.);
#1794 = EDGE_CURVE('',#1795,#1797,#1799,.T.);
#1795 = VERTEX_POINT('',#1796);
#1796 = CARTESIAN_POINT('',(0.545,-0.4,-2.775557561563E-17));
#1797 = VERTEX_POINT('',#1798);
#1798 = CARTESIAN_POINT('',(0.755,-0.4,-2.775557561563E-17));
#1799 = LINE('',#1800,#1801);
#1800 = CARTESIAN_POINT('',(0.5,-0.4,0.));
#1801 = VECTOR('',#1802,1.);
#1802 = DIRECTION('',(1.,0.,0.));
#1803 = ORIENTED_EDGE('',*,*,#1804,.F.);
#1804 = EDGE_CURVE('',#1673,#1795,#1805,.T.);
#1805 = CIRCLE('',#1806,4.5E-02);
#1806 = AXIS2_PLACEMENT_3D('',#1807,#1808,#1809);
#1807 = CARTESIAN_POINT('',(0.545,-0.4,4.5E-02));
#1808 = DIRECTION('',(0.,-1.,0.));
#1809 = DIRECTION('',(0.,0.,1.));
#1810 = ORIENTED_EDGE('',*,*,#1672,.T.);
#1811 = ORIENTED_EDGE('',*,*,#1664,.T.);
#1812 = ORIENTED_EDGE('',*,*,#1656,.F.);
#1813 = ORIENTED_EDGE('',*,*,#1814,.T.);
#1814 = EDGE_CURVE('',#1649,#1815,#1817,.T.);
#1815 = VERTEX_POINT('',#1816);
#1816 = CARTESIAN_POINT('',(0.545,-0.4,0.45));
#1817 = CIRCLE('',#1818,4.5E-02);
#1818 = AXIS2_PLACEMENT_3D('',#1819,#1820,#1821);
#1819 = CARTESIAN_POINT('',(0.545,-0.4,0.405));
#1820 = DIRECTION('',(0.,1.,0.));
#1821 = DIRECTION('',(0.,-0.,1.));
#1822 = ORIENTED_EDGE('',*,*,#1823,.T.);
#1823 = EDGE_CURVE('',#1815,#1824,#1826,.T.);
#1824 = VERTEX_POINT('',#1825);
#1825 = CARTESIAN_POINT('',(0.755,-0.4,0.45));
#1826 = LINE('',#1827,#1828);
#1827 = CARTESIAN_POINT('',(0.5,-0.4,0.45));
#1828 = VECTOR('',#1829,1.);
#1829 = DIRECTION('',(1.,0.,0.));
#1830 = ORIENTED_EDGE('',*,*,#1831,.F.);
#1831 = EDGE_CURVE('',#1832,#1824,#1834,.T.);
#1832 = VERTEX_POINT('',#1833);
#1833 = CARTESIAN_POINT('',(0.8,-0.4,0.405));
#1834 = CIRCLE('',#1835,4.5E-02);
#1835 = AXIS2_PLACEMENT_3D('',#1836,#1837,#1838);
#1836 = CARTESIAN_POINT('',(0.755,-0.4,0.405));
#1837 = DIRECTION('',(0.,-1.,0.));
#1838 = DIRECTION('',(0.,0.,1.));
#1839 = ORIENTED_EDGE('',*,*,#1840,.F.);
#1840 = EDGE_CURVE('',#1841,#1832,#1843,.T.);
#1841 = VERTEX_POINT('',#1842);
#1842 = CARTESIAN_POINT('',(0.8,-0.4,4.5E-02));
#1843 = LINE('',#1844,#1845);
#1844 = CARTESIAN_POINT('',(0.8,-0.4,0.));
#1845 = VECTOR('',#1846,1.);
#1846 = DIRECTION('',(0.,0.,1.));
#1847 = ORIENTED_EDGE('',*,*,#1848,.T.);
#1848 = EDGE_CURVE('',#1841,#1797,#1849,.T.);
#1849 = CIRCLE('',#1850,4.5E-02);
#1850 = AXIS2_PLACEMENT_3D('',#1851,#1852,#1853);
#1851 = CARTESIAN_POINT('',(0.755,-0.4,4.5E-02));
#1852 = DIRECTION('',(0.,1.,0.));
#1853 = DIRECTION('',(0.,-0.,1.));
#1854 = PLANE('',#1855);
#1855 = AXIS2_PLACEMENT_3D('',#1856,#1857,#1858);
#1856 = CARTESIAN_POINT('',(0.5,-0.4,0.));
#1857 = DIRECTION('',(0.,1.,0.));
#1858 = DIRECTION('',(0.,-0.,1.));
#1859 = ADVANCED_FACE('',(#1860),#1885,.F.);
#1860 = FACE_BOUND('',#1861,.F.);
#1861 = EDGE_LOOP('',(#1862,#1863,#1871,#1879));
#1862 = ORIENTED_EDGE('',*,*,#1648,.F.);
#1863 = ORIENTED_EDGE('',*,*,#1864,.T.);
#1864 = EDGE_CURVE('',#1447,#1865,#1867,.T.);
#1865 = VERTEX_POINT('',#1866);
#1866 = CARTESIAN_POINT('',(-0.5,-0.4,0.45));
#1867 = LINE('',#1868,#1869);
#1868 = CARTESIAN_POINT('',(-0.5,-0.4,0.405));
#1869 = VECTOR('',#1870,1.);
#1870 = DIRECTION('',(0.,0.,1.));
#1871 = ORIENTED_EDGE('',*,*,#1872,.T.);
#1872 = EDGE_CURVE('',#1865,#1873,#1875,.T.);
#1873 = VERTEX_POINT('',#1874);
#1874 = CARTESIAN_POINT('',(0.5,-0.4,0.45));
#1875 = LINE('',#1876,#1877);
#1876 = CARTESIAN_POINT('',(-0.5,-0.4,0.45));
#1877 = VECTOR('',#1878,1.);
#1878 = DIRECTION('',(1.,0.,0.));
#1879 = ORIENTED_EDGE('',*,*,#1880,.F.);
#1880 = EDGE_CURVE('',#1649,#1873,#1881,.T.);
#1881 = LINE('',#1882,#1883);
#1882 = CARTESIAN_POINT('',(0.5,-0.4,0.405));
#1883 = VECTOR('',#1884,1.);
#1884 = DIRECTION('',(0.,0.,1.));
#1885 = PLANE('',#1886);
#1886 = AXIS2_PLACEMENT_3D('',#1887,#1888,#1889);
#1887 = CARTESIAN_POINT('',(-0.5,-0.4,0.405));
#1888 = DIRECTION('',(0.,1.,0.));
#1889 = DIRECTION('',(0.,-0.,1.));
#1890 = ADVANCED_FACE('',(#1891),#1909,.F.);
#1891 = FACE_BOUND('',#1892,.F.);
#1892 = EDGE_LOOP('',(#1893,#1894,#1895,#1903));
#1893 = ORIENTED_EDGE('',*,*,#1864,.F.);
#1894 = ORIENTED_EDGE('',*,*,#1711,.T.);
#1895 = ORIENTED_EDGE('',*,*,#1896,.T.);
#1896 = EDGE_CURVE('',#1564,#1897,#1899,.T.);
#1897 = VERTEX_POINT('',#1898);
#1898 = CARTESIAN_POINT('',(-0.5,0.4,0.45));
#1899 = LINE('',#1900,#1901);
#1900 = CARTESIAN_POINT('',(-0.5,0.4,0.405));
#1901 = VECTOR('',#1902,1.);
#1902 = DIRECTION('',(0.,0.,1.));
#1903 = ORIENTED_EDGE('',*,*,#1904,.F.);
#1904 = EDGE_CURVE('',#1865,#1897,#1905,.T.);
#1905 = LINE('',#1906,#1907);
#1906 = CARTESIAN_POINT('',(-0.5,-0.4,0.45));
#1907 = VECTOR('',#1908,1.);
#1908 = DIRECTION('',(0.,1.,0.));
#1909 = PLANE('',#1910);
#1910 = AXIS2_PLACEMENT_3D('',#1911,#1912,#1913);
#1911 = CARTESIAN_POINT('',(-0.5,-0.4,0.405));
#1912 = DIRECTION('',(1.,0.,0.));
#1913 = DIRECTION('',(0.,0.,1.));
#1914 = ADVANCED_FACE('',(#1915),#1978,.T.);
#1915 = FACE_BOUND('',#1916,.T.);
#1916 = EDGE_LOOP('',(#1917,#1927,#1934,#1935,#1936,#1937,#1946,#1954,
    #1963,#1971));
#1917 = ORIENTED_EDGE('',*,*,#1918,.F.);
#1918 = EDGE_CURVE('',#1919,#1921,#1923,.T.);
#1919 = VERTEX_POINT('',#1920);
#1920 = CARTESIAN_POINT('',(0.545,0.4,-2.775557561563E-17));
#1921 = VERTEX_POINT('',#1922);
#1922 = CARTESIAN_POINT('',(0.755,0.4,-2.775557561563E-17));
#1923 = LINE('',#1924,#1925);
#1924 = CARTESIAN_POINT('',(0.5,0.4,0.));
#1925 = VECTOR('',#1926,1.);
#1926 = DIRECTION('',(1.,0.,0.));
#1927 = ORIENTED_EDGE('',*,*,#1928,.F.);
#1928 = EDGE_CURVE('',#1756,#1919,#1929,.T.);
#1929 = CIRCLE('',#1930,4.5E-02);
#1930 = AXIS2_PLACEMENT_3D('',#1931,#1932,#1933);
#1931 = CARTESIAN_POINT('',(0.545,0.4,4.5E-02));
#1932 = DIRECTION('',(0.,-1.,0.));
#1933 = DIRECTION('',(0.,0.,1.));
#1934 = ORIENTED_EDGE('',*,*,#1755,.T.);
#1935 = ORIENTED_EDGE('',*,*,#1747,.T.);
#1936 = ORIENTED_EDGE('',*,*,#1739,.F.);
#1937 = ORIENTED_EDGE('',*,*,#1938,.T.);
#1938 = EDGE_CURVE('',#1732,#1939,#1941,.T.);
#1939 = VERTEX_POINT('',#1940);
#1940 = CARTESIAN_POINT('',(0.545,0.4,0.45));
#1941 = CIRCLE('',#1942,4.5E-02);
#1942 = AXIS2_PLACEMENT_3D('',#1943,#1944,#1945);
#1943 = CARTESIAN_POINT('',(0.545,0.4,0.405));
#1944 = DIRECTION('',(0.,1.,0.));
#1945 = DIRECTION('',(0.,-0.,1.));
#1946 = ORIENTED_EDGE('',*,*,#1947,.T.);
#1947 = EDGE_CURVE('',#1939,#1948,#1950,.T.);
#1948 = VERTEX_POINT('',#1949);
#1949 = CARTESIAN_POINT('',(0.755,0.4,0.45));
#1950 = LINE('',#1951,#1952);
#1951 = CARTESIAN_POINT('',(0.5,0.4,0.45));
#1952 = VECTOR('',#1953,1.);
#1953 = DIRECTION('',(1.,0.,0.));
#1954 = ORIENTED_EDGE('',*,*,#1955,.F.);
#1955 = EDGE_CURVE('',#1956,#1948,#1958,.T.);
#1956 = VERTEX_POINT('',#1957);
#1957 = CARTESIAN_POINT('',(0.8,0.4,0.405));
#1958 = CIRCLE('',#1959,4.5E-02);
#1959 = AXIS2_PLACEMENT_3D('',#1960,#1961,#1962);
#1960 = CARTESIAN_POINT('',(0.755,0.4,0.405));
#1961 = DIRECTION('',(0.,-1.,0.));
#1962 = DIRECTION('',(0.,0.,1.));
#1963 = ORIENTED_EDGE('',*,*,#1964,.F.);
#1964 = EDGE_CURVE('',#1965,#1956,#1967,.T.);
#1965 = VERTEX_POINT('',#1966);
#1966 = CARTESIAN_POINT('',(0.8,0.4,4.5E-02));
#1967 = LINE('',#1968,#1969);
#1968 = CARTESIAN_POINT('',(0.8,0.4,0.));
#1969 = VECTOR('',#1970,1.);
#1970 = DIRECTION('',(0.,0.,1.));
#1971 = ORIENTED_EDGE('',*,*,#1972,.T.);
#1972 = EDGE_CURVE('',#1965,#1921,#1973,.T.);
#1973 = CIRCLE('',#1974,4.5E-02);
#1974 = AXIS2_PLACEMENT_3D('',#1975,#1976,#1977);
#1975 = CARTESIAN_POINT('',(0.755,0.4,4.5E-02));
#1976 = DIRECTION('',(0.,1.,0.));
#1977 = DIRECTION('',(0.,-0.,1.));
#1978 = PLANE('',#1979);
#1979 = AXIS2_PLACEMENT_3D('',#1980,#1981,#1982);
#1980 = CARTESIAN_POINT('',(0.5,0.4,0.));
#1981 = DIRECTION('',(0.,1.,0.));
#1982 = DIRECTION('',(0.,-0.,1.));
#1983 = ADVANCED_FACE('',(#1984),#2002,.T.);
#1984 = FACE_BOUND('',#1985,.T.);
#1985 = EDGE_LOOP('',(#1986,#1987,#1988,#1996));
#1986 = ORIENTED_EDGE('',*,*,#1731,.F.);
#1987 = ORIENTED_EDGE('',*,*,#1896,.T.);
#1988 = ORIENTED_EDGE('',*,*,#1989,.T.);
#1989 = EDGE_CURVE('',#1897,#1990,#1992,.T.);
#1990 = VERTEX_POINT('',#1991);
#1991 = CARTESIAN_POINT('',(0.5,0.4,0.45));
#1992 = LINE('',#1993,#1994);
#1993 = CARTESIAN_POINT('',(-0.5,0.4,0.45));
#1994 = VECTOR('',#1995,1.);
#1995 = DIRECTION('',(1.,0.,0.));
#1996 = ORIENTED_EDGE('',*,*,#1997,.F.);
#1997 = EDGE_CURVE('',#1732,#1990,#1998,.T.);
#1998 = LINE('',#1999,#2000);
#1999 = CARTESIAN_POINT('',(0.5,0.4,0.405));
#2000 = VECTOR('',#2001,1.);
#2001 = DIRECTION('',(0.,0.,1.));
#2002 = PLANE('',#2003);
#2003 = AXIS2_PLACEMENT_3D('',#2004,#2005,#2006);
#2004 = CARTESIAN_POINT('',(-0.5,0.4,0.405));
#2005 = DIRECTION('',(0.,1.,0.));
#2006 = DIRECTION('',(0.,-0.,1.));
#2007 = ADVANCED_FACE('',(#2008),#2019,.T.);
#2008 = FACE_BOUND('',#2009,.T.);
#2009 = EDGE_LOOP('',(#2010,#2011,#2012,#2018));
#2010 = ORIENTED_EDGE('',*,*,#1779,.T.);
#2011 = ORIENTED_EDGE('',*,*,#1928,.T.);
#2012 = ORIENTED_EDGE('',*,*,#2013,.F.);
#2013 = EDGE_CURVE('',#1795,#1919,#2014,.T.);
#2014 = LINE('',#2015,#2016);
#2015 = CARTESIAN_POINT('',(0.545,-0.4,-2.775557561563E-17));
#2016 = VECTOR('',#2017,1.);
#2017 = DIRECTION('',(0.,1.,0.));
#2018 = ORIENTED_EDGE('',*,*,#1804,.F.);
#2019 = CYLINDRICAL_SURFACE('',#2020,4.5E-02);
#2020 = AXIS2_PLACEMENT_3D('',#2021,#2022,#2023);
#2021 = CARTESIAN_POINT('',(0.545,-0.4,4.5E-02));
#2022 = DIRECTION('',(0.,1.,0.));
#2023 = DIRECTION('',(-1.,0.,0.));
#2024 = ADVANCED_FACE('',(#2025),#2036,.F.);
#2025 = FACE_BOUND('',#2026,.F.);
#2026 = EDGE_LOOP('',(#2027,#2028,#2029,#2030));
#2027 = ORIENTED_EDGE('',*,*,#1918,.F.);
#2028 = ORIENTED_EDGE('',*,*,#2013,.F.);
#2029 = ORIENTED_EDGE('',*,*,#1794,.T.);
#2030 = ORIENTED_EDGE('',*,*,#2031,.T.);
#2031 = EDGE_CURVE('',#1797,#1921,#2032,.T.);
#2032 = LINE('',#2033,#2034);
#2033 = CARTESIAN_POINT('',(0.755,-0.4,-2.775557561563E-17));
#2034 = VECTOR('',#2035,1.);
#2035 = DIRECTION('',(0.,1.,0.));
#2036 = PLANE('',#2037);
#2037 = AXIS2_PLACEMENT_3D('',#2038,#2039,#2040);
#2038 = CARTESIAN_POINT('',(0.5,-0.4,0.));
#2039 = DIRECTION('',(0.,0.,1.));
#2040 = DIRECTION('',(1.,0.,-0.));
#2041 = ADVANCED_FACE('',(#2042),#2053,.T.);
#2042 = FACE_BOUND('',#2043,.T.);
#2043 = EDGE_LOOP('',(#2044,#2045,#2046,#2047));
#2044 = ORIENTED_EDGE('',*,*,#1848,.T.);
#2045 = ORIENTED_EDGE('',*,*,#2031,.T.);
#2046 = ORIENTED_EDGE('',*,*,#1972,.F.);
#2047 = ORIENTED_EDGE('',*,*,#2048,.F.);
#2048 = EDGE_CURVE('',#1841,#1965,#2049,.T.);
#2049 = LINE('',#2050,#2051);
#2050 = CARTESIAN_POINT('',(0.8,-0.4,4.5E-02));
#2051 = VECTOR('',#2052,1.);
#2052 = DIRECTION('',(0.,1.,0.));
#2053 = CYLINDRICAL_SURFACE('',#2054,4.5E-02);
#2054 = AXIS2_PLACEMENT_3D('',#2055,#2056,#2057);
#2055 = CARTESIAN_POINT('',(0.755,-0.4,4.5E-02));
#2056 = DIRECTION('',(0.,1.,0.));
#2057 = DIRECTION('',(1.,0.,0.));
#2058 = ADVANCED_FACE('',(#2059),#2070,.T.);
#2059 = FACE_BOUND('',#2060,.T.);
#2060 = EDGE_LOOP('',(#2061,#2062,#2063,#2064));
#2061 = ORIENTED_EDGE('',*,*,#1840,.F.);
#2062 = ORIENTED_EDGE('',*,*,#2048,.T.);
#2063 = ORIENTED_EDGE('',*,*,#1964,.T.);
#2064 = ORIENTED_EDGE('',*,*,#2065,.F.);
#2065 = EDGE_CURVE('',#1832,#1956,#2066,.T.);
#2066 = LINE('',#2067,#2068);
#2067 = CARTESIAN_POINT('',(0.8,-0.4,0.405));
#2068 = VECTOR('',#2069,1.);
#2069 = DIRECTION('',(0.,1.,0.));
#2070 = PLANE('',#2071);
#2071 = AXIS2_PLACEMENT_3D('',#2072,#2073,#2074);
#2072 = CARTESIAN_POINT('',(0.8,-0.4,0.));
#2073 = DIRECTION('',(1.,0.,0.));
#2074 = DIRECTION('',(0.,0.,1.));
#2075 = ADVANCED_FACE('',(#2076),#2087,.T.);
#2076 = FACE_BOUND('',#2077,.T.);
#2077 = EDGE_LOOP('',(#2078,#2079,#2080,#2086));
#2078 = ORIENTED_EDGE('',*,*,#2065,.T.);
#2079 = ORIENTED_EDGE('',*,*,#1955,.T.);
#2080 = ORIENTED_EDGE('',*,*,#2081,.F.);
#2081 = EDGE_CURVE('',#1824,#1948,#2082,.T.);
#2082 = LINE('',#2083,#2084);
#2083 = CARTESIAN_POINT('',(0.755,-0.4,0.45));
#2084 = VECTOR('',#2085,1.);
#2085 = DIRECTION('',(0.,1.,0.));
#2086 = ORIENTED_EDGE('',*,*,#1831,.F.);
#2087 = CYLINDRICAL_SURFACE('',#2088,4.5E-02);
#2088 = AXIS2_PLACEMENT_3D('',#2089,#2090,#2091);
#2089 = CARTESIAN_POINT('',(0.755,-0.4,0.405));
#2090 = DIRECTION('',(0.,1.,0.));
#2091 = DIRECTION('',(1.,0.,0.));
#2092 = ADVANCED_FACE('',(#2093),#2104,.T.);
#2093 = FACE_BOUND('',#2094,.T.);
#2094 = EDGE_LOOP('',(#2095,#2096,#2102,#2103));
#2095 = ORIENTED_EDGE('',*,*,#1947,.F.);
#2096 = ORIENTED_EDGE('',*,*,#2097,.F.);
#2097 = EDGE_CURVE('',#1815,#1939,#2098,.T.);
#2098 = LINE('',#2099,#2100);
#2099 = CARTESIAN_POINT('',(0.545,-0.4,0.45));
#2100 = VECTOR('',#2101,1.);
#2101 = DIRECTION('',(0.,1.,0.));
#2102 = ORIENTED_EDGE('',*,*,#1823,.T.);
#2103 = ORIENTED_EDGE('',*,*,#2081,.T.);
#2104 = PLANE('',#2105);
#2105 = AXIS2_PLACEMENT_3D('',#2106,#2107,#2108);
#2106 = CARTESIAN_POINT('',(0.5,-0.4,0.45));
#2107 = DIRECTION('',(0.,0.,1.));
#2108 = DIRECTION('',(1.,0.,-0.));
#2109 = ADVANCED_FACE('',(#2110),#2121,.T.);
#2110 = FACE_BOUND('',#2111,.T.);
#2111 = EDGE_LOOP('',(#2112,#2113,#2114,#2115));
#2112 = ORIENTED_EDGE('',*,*,#1814,.T.);
#2113 = ORIENTED_EDGE('',*,*,#2097,.T.);
#2114 = ORIENTED_EDGE('',*,*,#1938,.F.);
#2115 = ORIENTED_EDGE('',*,*,#2116,.F.);
#2116 = EDGE_CURVE('',#1649,#1732,#2117,.T.);
#2117 = LINE('',#2118,#2119);
#2118 = CARTESIAN_POINT('',(0.5,-0.4,0.405));
#2119 = VECTOR('',#2120,1.);
#2120 = DIRECTION('',(0.,1.,0.));
#2121 = CYLINDRICAL_SURFACE('',#2122,4.5E-02);
#2122 = AXIS2_PLACEMENT_3D('',#2123,#2124,#2125);
#2123 = CARTESIAN_POINT('',(0.545,-0.4,0.405));
#2124 = DIRECTION('',(0.,1.,0.));
#2125 = DIRECTION('',(-1.,0.,0.));
#2126 = ADVANCED_FACE('',(#2127),#2138,.T.);
#2127 = FACE_BOUND('',#2128,.T.);
#2128 = EDGE_LOOP('',(#2129,#2130,#2131,#2132));
#2129 = ORIENTED_EDGE('',*,*,#1880,.F.);
#2130 = ORIENTED_EDGE('',*,*,#2116,.T.);
#2131 = ORIENTED_EDGE('',*,*,#1997,.T.);
#2132 = ORIENTED_EDGE('',*,*,#2133,.F.);
#2133 = EDGE_CURVE('',#1873,#1990,#2134,.T.);
#2134 = LINE('',#2135,#2136);
#2135 = CARTESIAN_POINT('',(0.5,-0.4,0.45));
#2136 = VECTOR('',#2137,1.);
#2137 = DIRECTION('',(0.,1.,0.));
#2138 = PLANE('',#2139);
#2139 = AXIS2_PLACEMENT_3D('',#2140,#2141,#2142);
#2140 = CARTESIAN_POINT('',(0.5,-0.4,0.405));
#2141 = DIRECTION('',(1.,0.,0.));
#2142 = DIRECTION('',(0.,0.,1.));
#2143 = ADVANCED_FACE('',(#2144),#2150,.T.);
#2144 = FACE_BOUND('',#2145,.T.);
#2145 = EDGE_LOOP('',(#2146,#2147,#2148,#2149));
#2146 = ORIENTED_EDGE('',*,*,#1904,.F.);
#2147 = ORIENTED_EDGE('',*,*,#1872,.T.);
#2148 = ORIENTED_EDGE('',*,*,#2133,.T.);
#2149 = ORIENTED_EDGE('',*,*,#1989,.F.);
#2150 = PLANE('',#2151);
#2151 = AXIS2_PLACEMENT_3D('',#2152,#2153,#2154);
#2152 = CARTESIAN_POINT('',(-0.5,-0.4,0.45));
#2153 = DIRECTION('',(0.,0.,1.));
#2154 = DIRECTION('',(1.,0.,-0.));
#2155 = ( GEOMETRIC_REPRESENTATION_CONTEXT(3) 
GLOBAL_UNCERTAINTY_ASSIGNED_CONTEXT((#2159)) 
GLOBAL_UNIT_ASSIGNED_CONTEXT((#2156,#2157,#2158)) REPRESENTATION_CONTEXT
('Context #1','3D Context with UNIT and UNCERTAINTY') );
#2156 = ( LENGTH_UNIT() NAMED_UNIT(*) SI_UNIT(.MILLI.,.METRE.) );
#2157 = ( NAMED_UNIT(*) PLANE_ANGLE_UNIT() SI_UNIT($,.RADIAN.) );
#2158 = ( NAMED_UNIT(*) SI_UNIT($,.STERADIAN.) SOLID_ANGLE_UNIT() );
#2159 = UNCERTAINTY_MEASURE_WITH_UNIT(LENGTH_MEASURE(1.E-07),#2156,
  'distance_accuracy_value','confusion accuracy');
#2160 = CONTEXT_DEPENDENT_SHAPE_REPRESENTATION(#2161,#2163);
#2161 = ( REPRESENTATION_RELATIONSHIP('','',#1364,#1341) 
REPRESENTATION_RELATIONSHIP_WITH_TRANSFORMATION(#2162) 
SHAPE_REPRESENTATION_RELATIONSHIP() );
#2162 = ITEM_DEFINED_TRANSFORMATION('','',#11,#1342);
#2163 = PRODUCT_DEFINITION_SHAPE('Placement','Placement of an item',
  #2164);
#2164 = NEXT_ASSEMBLY_USAGE_OCCURRENCE('5','=>[0:1:1:7]','',#1336,#1359,
  $);
#2165 = PRODUCT_RELATED_PRODUCT_CATEGORY('part',$,(#1361));
#2166 = SHAPE_DEFINITION_REPRESENTATION(#2167,#2173);
#2167 = PRODUCT_DEFINITION_SHAPE('','',#2168);
#2168 = PRODUCT_DEFINITION('design','',#2169,#2172);
#2169 = PRODUCT_DEFINITION_FORMATION('','',#2170);
#2170 = PRODUCT('SOT-223','SOT-223','',(#2171));
#2171 = PRODUCT_CONTEXT('',#2,'mechanical');
#2172 = PRODUCT_DEFINITION_CONTEXT('part definition',#2,'design');
#2173 = SHAPE_REPRESENTATION('',(#11,#2174),#2178);
#2174 = AXIS2_PLACEMENT_3D('',#2175,#2176,#2177);
#2175 = CARTESIAN_POINT('',(0.,0.,0.));
#2176 = DIRECTION('',(0.,0.,1.));
#2177 = DIRECTION('',(1.,0.,-0.));
#2178 = ( GEOMETRIC_REPRESENTATION_CONTEXT(3) 
GLOBAL_UNCERTAINTY_ASSIGNED_CONTEXT((#2182)) 
GLOBAL_UNIT_ASSIGNED_CONTEXT((#2179,#2180,#2181)) REPRESENTATION_CONTEXT
('Context #1','3D Context with UNIT and UNCERTAINTY') );
#2179 = ( LENGTH_UNIT() NAMED_UNIT(*) SI_UNIT(.MILLI.,.METRE.) );
#2180 = ( NAMED_UNIT(*) PLANE_ANGLE_UNIT() SI_UNIT($,.RADIAN.) );
#2181 = ( NAMED_UNIT(*) SI_UNIT($,.STERADIAN.) SOLID_ANGLE_UNIT() );
#2182 = UNCERTAINTY_MEASURE_WITH_UNIT(LENGTH_MEASURE(1.E-06),#2179,
  'distance_accuracy_value','confusion accuracy');
#2183 = CONTEXT_DEPENDENT_SHAPE_REPRESENTATION(#2184,#2186);
#2184 = ( REPRESENTATION_RELATIONSHIP('','',#2173,#10) 
REPRESENTATION_RELATIONSHIP_WITH_TRANSFORMATION(#2185) 
SHAPE_REPRESENTATION_RELATIONSHIP() );
#2185 = ITEM_DEFINED_TRANSFORMATION('','',#11,#27);
#2186 = PRODUCT_DEFINITION_SHAPE('Placement','Placement of an item',
  #2187);
#2187 = NEXT_ASSEMBLY_USAGE_OCCURRENCE('8','U1','',#5,#2168,$);
#2188 = PRODUCT_RELATED_PRODUCT_CATEGORY('part',$,(#2170));
#2189 = SHAPE_DEFINITION_REPRESENTATION(#2190,#2196);
#2190 = PRODUCT_DEFINITION_SHAPE('','',#2191);
#2191 = PRODUCT_DEFINITION('design','',#2192,#2195);
#2192 = PRODUCT_DEFINITION_FORMATION('','',#2193);
#2193 = PRODUCT('SOT_223','SOT_223','',(#2194));
#2194 = PRODUCT_CONTEXT('',#2,'mechanical');
#2195 = PRODUCT_DEFINITION_CONTEXT('part definition',#2,'design');
#2196 = ADVANCED_BREP_SHAPE_REPRESENTATION('',(#11,#2197),#4487);
#2197 = MANIFOLD_SOLID_BREP('',#2198);
#2198 = CLOSED_SHELL('',(#2199,#2239,#2316,#2339,#2378,#2395,#2425,#2455
    ,#2486,#2517,#2548,#2579,#2610,#2633,#2657,#2687,#2718,#2735,#2765,
    #2857,#2949,#2979,#3071,#3088,#3113,#3197,#3228,#3320,#3412,#3443,
    #3460,#3483,#3507,#3599,#3691,#3721,#3738,#3755,#3805,#3824,#3841,
    #3858,#3875,#3892,#3909,#3926,#3943,#3955,#3974,#3991,#4008,#4025,
    #4042,#4059,#4076,#4093,#4105,#4124,#4141,#4158,#4175,#4192,#4209,
    #4226,#4243,#4255,#4278,#4308,#4327,#4344,#4361,#4378,#4395,#4412,
    #4429,#4446,#4458,#4475));
#2199 = ADVANCED_FACE('',(#2200),#2234,.T.);
#2200 = FACE_BOUND('',#2201,.F.);
#2201 = EDGE_LOOP('',(#2202,#2212,#2220,#2228));
#2202 = ORIENTED_EDGE('',*,*,#2203,.T.);
#2203 = EDGE_CURVE('',#2204,#2206,#2208,.T.);
#2204 = VERTEX_POINT('',#2205);
#2205 = CARTESIAN_POINT('',(-1.656540344923,3.156540344923,0.1));
#2206 = VERTEX_POINT('',#2207);
#2207 = CARTESIAN_POINT('',(-1.656540344923,-3.156540344923,0.1));
#2208 = LINE('',#2209,#2210);
#2209 = CARTESIAN_POINT('',(-1.656540344923,3.156540344923,0.1));
#2210 = VECTOR('',#2211,1.);
#2211 = DIRECTION('',(2.22044604925E-16,-1.,0.));
#2212 = ORIENTED_EDGE('',*,*,#2213,.T.);
#2213 = EDGE_CURVE('',#2206,#2214,#2216,.T.);
#2214 = VERTEX_POINT('',#2215);
#2215 = CARTESIAN_POINT('',(1.656540344923,-3.156540344923,0.1));
#2216 = LINE('',#2217,#2218);
#2217 = CARTESIAN_POINT('',(-1.656540344923,-3.156540344923,0.1));
#2218 = VECTOR('',#2219,1.);
#2219 = DIRECTION('',(1.,2.22044604925E-16,0.));
#2220 = ORIENTED_EDGE('',*,*,#2221,.T.);
#2221 = EDGE_CURVE('',#2214,#2222,#2224,.T.);
#2222 = VERTEX_POINT('',#2223);
#2223 = CARTESIAN_POINT('',(1.656540344923,3.156540344923,0.1));
#2224 = LINE('',#2225,#2226);
#2225 = CARTESIAN_POINT('',(1.656540344923,-3.156540344923,0.1));
#2226 = VECTOR('',#2227,1.);
#2227 = DIRECTION('',(-2.22044604925E-16,1.,0.));
#2228 = ORIENTED_EDGE('',*,*,#2229,.T.);
#2229 = EDGE_CURVE('',#2222,#2204,#2230,.T.);
#2230 = LINE('',#2231,#2232);
#2231 = CARTESIAN_POINT('',(1.656540344923,3.156540344923,0.1));
#2232 = VECTOR('',#2233,1.);
#2233 = DIRECTION('',(-1.,-2.22044604925E-16,0.));
#2234 = PLANE('',#2235);
#2235 = AXIS2_PLACEMENT_3D('',#2236,#2237,#2238);
#2236 = CARTESIAN_POINT('',(-1.656540344923,3.156540344923,0.1));
#2237 = DIRECTION('',(0.,0.,-1.));
#2238 = DIRECTION('',(0.464692418444,-0.885472165706,0.));
#2239 = ADVANCED_FACE('',(#2240),#2311,.T.);
#2240 = FACE_BOUND('',#2241,.T.);
#2241 = EDGE_LOOP('',(#2242,#2243,#2250,#2258,#2266,#2274,#2282,#2290,
    #2298,#2306));
#2242 = ORIENTED_EDGE('',*,*,#2203,.T.);
#2243 = ORIENTED_EDGE('',*,*,#2244,.T.);
#2244 = EDGE_CURVE('',#2206,#2245,#2247,.T.);
#2245 = VERTEX_POINT('',#2246);
#2246 = CARTESIAN_POINT('',(-1.75,-3.25,0.765));
#2247 = B_SPLINE_CURVE_WITH_KNOTS('',1,(#2248,#2249),.UNSPECIFIED.,.F.,
  .F.,(2,2),(0.,1.),.PIECEWISE_BEZIER_KNOTS.);
#2248 = CARTESIAN_POINT('',(-1.656540344923,-3.156540344923,0.1));
#2249 = CARTESIAN_POINT('',(-1.75,-3.25,0.765));
#2250 = ORIENTED_EDGE('',*,*,#2251,.F.);
#2251 = EDGE_CURVE('',#2252,#2245,#2254,.T.);
#2252 = VERTEX_POINT('',#2253);
#2253 = CARTESIAN_POINT('',(-1.75,-2.68345,0.765));
#2254 = LINE('',#2255,#2256);
#2255 = CARTESIAN_POINT('',(-1.75,3.25,0.765));
#2256 = VECTOR('',#2257,1.);
#2257 = DIRECTION('',(2.22044604925E-16,-1.,0.));
#2258 = ORIENTED_EDGE('',*,*,#2259,.F.);
#2259 = EDGE_CURVE('',#2260,#2252,#2262,.T.);
#2260 = VERTEX_POINT('',#2261);
#2261 = CARTESIAN_POINT('',(-1.75,-1.91675,0.765));
#2262 = LINE('',#2263,#2264);
#2263 = CARTESIAN_POINT('',(-1.75,3.25,0.765));
#2264 = VECTOR('',#2265,1.);
#2265 = DIRECTION('',(2.22044604925E-16,-1.,0.));
#2266 = ORIENTED_EDGE('',*,*,#2267,.F.);
#2267 = EDGE_CURVE('',#2268,#2260,#2270,.T.);
#2268 = VERTEX_POINT('',#2269);
#2269 = CARTESIAN_POINT('',(-1.75,-0.38335,0.765));
#2270 = LINE('',#2271,#2272);
#2271 = CARTESIAN_POINT('',(-1.75,3.25,0.765));
#2272 = VECTOR('',#2273,1.);
#2273 = DIRECTION('',(2.22044604925E-16,-1.,0.));
#2274 = ORIENTED_EDGE('',*,*,#2275,.F.);
#2275 = EDGE_CURVE('',#2276,#2268,#2278,.T.);
#2276 = VERTEX_POINT('',#2277);
#2277 = CARTESIAN_POINT('',(-1.75,0.38335,0.765));
#2278 = LINE('',#2279,#2280);
#2279 = CARTESIAN_POINT('',(-1.75,3.25,0.765));
#2280 = VECTOR('',#2281,1.);
#2281 = DIRECTION('',(2.22044604925E-16,-1.,0.));
#2282 = ORIENTED_EDGE('',*,*,#2283,.F.);
#2283 = EDGE_CURVE('',#2284,#2276,#2286,.T.);
#2284 = VERTEX_POINT('',#2285);
#2285 = CARTESIAN_POINT('',(-1.75,1.91675,0.765));
#2286 = LINE('',#2287,#2288);
#2287 = CARTESIAN_POINT('',(-1.75,3.25,0.765));
#2288 = VECTOR('',#2289,1.);
#2289 = DIRECTION('',(2.22044604925E-16,-1.,0.));
#2290 = ORIENTED_EDGE('',*,*,#2291,.F.);
#2291 = EDGE_CURVE('',#2292,#2284,#2294,.T.);
#2292 = VERTEX_POINT('',#2293);
#2293 = CARTESIAN_POINT('',(-1.75,2.68345,0.765));
#2294 = LINE('',#2295,#2296);
#2295 = CARTESIAN_POINT('',(-1.75,3.25,0.765));
#2296 = VECTOR('',#2297,1.);
#2297 = DIRECTION('',(2.22044604925E-16,-1.,0.));
#2298 = ORIENTED_EDGE('',*,*,#2299,.F.);
#2299 = EDGE_CURVE('',#2300,#2292,#2302,.T.);
#2300 = VERTEX_POINT('',#2301);
#2301 = CARTESIAN_POINT('',(-1.75,3.25,0.765));
#2302 = LINE('',#2303,#2304);
#2303 = CARTESIAN_POINT('',(-1.75,3.25,0.765));
#2304 = VECTOR('',#2305,1.);
#2305 = DIRECTION('',(2.22044604925E-16,-1.,0.));
#2306 = ORIENTED_EDGE('',*,*,#2307,.F.);
#2307 = EDGE_CURVE('',#2204,#2300,#2308,.T.);
#2308 = B_SPLINE_CURVE_WITH_KNOTS('',1,(#2309,#2310),.UNSPECIFIED.,.F.,
  .F.,(2,2),(0.,1.),.PIECEWISE_BEZIER_KNOTS.);
#2309 = CARTESIAN_POINT('',(-1.656540344923,3.156540344923,0.1));
#2310 = CARTESIAN_POINT('',(-1.75,3.25,0.765));
#2311 = B_SPLINE_SURFACE_WITH_KNOTS('',1,1,(
    (#2312,#2313)
    ,(#2314,#2315
    )),.UNSPECIFIED.,.F.,.F.,.F.,(2,2),(2,2),(0.,6.5),(0.,1.),
  .PIECEWISE_BEZIER_KNOTS.);
#2312 = CARTESIAN_POINT('',(-1.656540344923,3.156540344923,0.1));
#2313 = CARTESIAN_POINT('',(-1.75,3.25,0.765));
#2314 = CARTESIAN_POINT('',(-1.656540344923,-3.156540344923,0.1));
#2315 = CARTESIAN_POINT('',(-1.75,-3.25,0.765));
#2316 = ADVANCED_FACE('',(#2317),#2334,.T.);
#2317 = FACE_BOUND('',#2318,.T.);
#2318 = EDGE_LOOP('',(#2319,#2320,#2327,#2333));
#2319 = ORIENTED_EDGE('',*,*,#2213,.T.);
#2320 = ORIENTED_EDGE('',*,*,#2321,.T.);
#2321 = EDGE_CURVE('',#2214,#2322,#2324,.T.);
#2322 = VERTEX_POINT('',#2323);
#2323 = CARTESIAN_POINT('',(1.75,-3.25,0.765));
#2324 = B_SPLINE_CURVE_WITH_KNOTS('',1,(#2325,#2326),.UNSPECIFIED.,.F.,
  .F.,(2,2),(0.,1.),.PIECEWISE_BEZIER_KNOTS.);
#2325 = CARTESIAN_POINT('',(1.656540344923,-3.156540344923,0.1));
#2326 = CARTESIAN_POINT('',(1.75,-3.25,0.765));
#2327 = ORIENTED_EDGE('',*,*,#2328,.F.);
#2328 = EDGE_CURVE('',#2245,#2322,#2329,.T.);
#2329 = LINE('',#2330,#2331);
#2330 = CARTESIAN_POINT('',(-1.75,-3.25,0.765));
#2331 = VECTOR('',#2332,1.);
#2332 = DIRECTION('',(1.,2.22044604925E-16,0.));
#2333 = ORIENTED_EDGE('',*,*,#2244,.F.);
#2334 = B_SPLINE_SURFACE_WITH_KNOTS('',1,1,(
    (#2335,#2336)
    ,(#2337,#2338
    )),.UNSPECIFIED.,.F.,.F.,.F.,(2,2),(2,2),(0.,3.5),(0.,1.),
  .PIECEWISE_BEZIER_KNOTS.);
#2335 = CARTESIAN_POINT('',(-1.656540344923,-3.156540344923,0.1));
#2336 = CARTESIAN_POINT('',(-1.75,-3.25,0.765));
#2337 = CARTESIAN_POINT('',(1.656540344923,-3.156540344923,0.1));
#2338 = CARTESIAN_POINT('',(1.75,-3.25,0.765));
#2339 = ADVANCED_FACE('',(#2340),#2373,.T.);
#2340 = FACE_BOUND('',#2341,.T.);
#2341 = EDGE_LOOP('',(#2342,#2343,#2350,#2358,#2366,#2372));
#2342 = ORIENTED_EDGE('',*,*,#2221,.T.);
#2343 = ORIENTED_EDGE('',*,*,#2344,.T.);
#2344 = EDGE_CURVE('',#2222,#2345,#2347,.T.);
#2345 = VERTEX_POINT('',#2346);
#2346 = CARTESIAN_POINT('',(1.75,3.25,0.765));
#2347 = B_SPLINE_CURVE_WITH_KNOTS('',1,(#2348,#2349),.UNSPECIFIED.,.F.,
  .F.,(2,2),(0.,1.),.PIECEWISE_BEZIER_KNOTS.);
#2348 = CARTESIAN_POINT('',(1.656540344923,3.156540344923,0.1));
#2349 = CARTESIAN_POINT('',(1.75,3.25,0.765));
#2350 = ORIENTED_EDGE('',*,*,#2351,.F.);
#2351 = EDGE_CURVE('',#2352,#2345,#2354,.T.);
#2352 = VERTEX_POINT('',#2353);
#2353 = CARTESIAN_POINT('',(1.75,1.15005,0.765));
#2354 = LINE('',#2355,#2356);
#2355 = CARTESIAN_POINT('',(1.75,-3.25,0.765));
#2356 = VECTOR('',#2357,1.);
#2357 = DIRECTION('',(-2.22044604925E-16,1.,0.));
#2358 = ORIENTED_EDGE('',*,*,#2359,.F.);
#2359 = EDGE_CURVE('',#2360,#2352,#2362,.T.);
#2360 = VERTEX_POINT('',#2361);
#2361 = CARTESIAN_POINT('',(1.75,-1.15005,0.765));
#2362 = LINE('',#2363,#2364);
#2363 = CARTESIAN_POINT('',(1.75,-3.25,0.765));
#2364 = VECTOR('',#2365,1.);
#2365 = DIRECTION('',(-2.22044604925E-16,1.,0.));
#2366 = ORIENTED_EDGE('',*,*,#2367,.F.);
#2367 = EDGE_CURVE('',#2322,#2360,#2368,.T.);
#2368 = LINE('',#2369,#2370);
#2369 = CARTESIAN_POINT('',(1.75,-3.25,0.765));
#2370 = VECTOR('',#2371,1.);
#2371 = DIRECTION('',(-2.22044604925E-16,1.,0.));
#2372 = ORIENTED_EDGE('',*,*,#2321,.F.);
#2373 = B_SPLINE_SURFACE_WITH_KNOTS('',1,1,(
    (#2374,#2375)
    ,(#2376,#2377
    )),.UNSPECIFIED.,.F.,.F.,.F.,(2,2),(2,2),(0.,6.5),(0.,1.),
  .PIECEWISE_BEZIER_KNOTS.);
#2374 = CARTESIAN_POINT('',(1.656540344923,-3.156540344923,0.1));
#2375 = CARTESIAN_POINT('',(1.75,-3.25,0.765));
#2376 = CARTESIAN_POINT('',(1.656540344923,3.156540344923,0.1));
#2377 = CARTESIAN_POINT('',(1.75,3.25,0.765));
#2378 = ADVANCED_FACE('',(#2379),#2390,.T.);
#2379 = FACE_BOUND('',#2380,.T.);
#2380 = EDGE_LOOP('',(#2381,#2382,#2383,#2389));
#2381 = ORIENTED_EDGE('',*,*,#2229,.T.);
#2382 = ORIENTED_EDGE('',*,*,#2307,.T.);
#2383 = ORIENTED_EDGE('',*,*,#2384,.F.);
#2384 = EDGE_CURVE('',#2345,#2300,#2385,.T.);
#2385 = LINE('',#2386,#2387);
#2386 = CARTESIAN_POINT('',(1.75,3.25,0.765));
#2387 = VECTOR('',#2388,1.);
#2388 = DIRECTION('',(-1.,-2.22044604925E-16,0.));
#2389 = ORIENTED_EDGE('',*,*,#2344,.F.);
#2390 = B_SPLINE_SURFACE_WITH_KNOTS('',1,1,(
    (#2391,#2392)
    ,(#2393,#2394
    )),.UNSPECIFIED.,.F.,.F.,.F.,(2,2),(2,2),(0.,3.5),(0.,1.),
  .PIECEWISE_BEZIER_KNOTS.);
#2391 = CARTESIAN_POINT('',(1.656540344923,3.156540344923,0.1));
#2392 = CARTESIAN_POINT('',(1.75,3.25,0.765));
#2393 = CARTESIAN_POINT('',(-1.656540344923,3.156540344923,0.1));
#2394 = CARTESIAN_POINT('',(-1.75,3.25,0.765));
#2395 = ADVANCED_FACE('',(#2396),#2420,.T.);
#2396 = FACE_BOUND('',#2397,.T.);
#2397 = EDGE_LOOP('',(#2398,#2405,#2406,#2414));
#2398 = ORIENTED_EDGE('',*,*,#2399,.F.);
#2399 = EDGE_CURVE('',#2300,#2400,#2402,.T.);
#2400 = VERTEX_POINT('',#2401);
#2401 = CARTESIAN_POINT('',(-1.75,3.25,1.035));
#2402 = B_SPLINE_CURVE_WITH_KNOTS('',1,(#2403,#2404),.UNSPECIFIED.,.F.,
  .F.,(2,2),(0.,1.),.PIECEWISE_BEZIER_KNOTS.);
#2403 = CARTESIAN_POINT('',(-1.75,3.25,0.765));
#2404 = CARTESIAN_POINT('',(-1.75,3.25,1.035));
#2405 = ORIENTED_EDGE('',*,*,#2299,.T.);
#2406 = ORIENTED_EDGE('',*,*,#2407,.F.);
#2407 = EDGE_CURVE('',#2408,#2292,#2410,.T.);
#2408 = VERTEX_POINT('',#2409);
#2409 = CARTESIAN_POINT('',(-1.75,2.68345,1.035));
#2410 = LINE('',#2411,#2412);
#2411 = CARTESIAN_POINT('',(-1.75,2.68345,0.772448497182));
#2412 = VECTOR('',#2413,1.);
#2413 = DIRECTION('',(-0.,0.,-1.));
#2414 = ORIENTED_EDGE('',*,*,#2415,.F.);
#2415 = EDGE_CURVE('',#2400,#2408,#2416,.T.);
#2416 = LINE('',#2417,#2418);
#2417 = CARTESIAN_POINT('',(-1.75,3.25,1.035));
#2418 = VECTOR('',#2419,1.);
#2419 = DIRECTION('',(2.22044604925E-16,-1.,0.));
#2420 = PLANE('',#2421);
#2421 = AXIS2_PLACEMENT_3D('',#2422,#2423,#2424);
#2422 = CARTESIAN_POINT('',(-1.75,3.25,1.035));
#2423 = DIRECTION('',(-1.,-2.22044604925E-16,0.));
#2424 = DIRECTION('',(2.22044604925E-16,-1.,0.));
#2425 = ADVANCED_FACE('',(#2426),#2450,.T.);
#2426 = FACE_BOUND('',#2427,.T.);
#2427 = EDGE_LOOP('',(#2428,#2436,#2437,#2444));
#2428 = ORIENTED_EDGE('',*,*,#2429,.T.);
#2429 = EDGE_CURVE('',#2430,#2252,#2432,.T.);
#2430 = VERTEX_POINT('',#2431);
#2431 = CARTESIAN_POINT('',(-1.75,-2.68345,1.035));
#2432 = LINE('',#2433,#2434);
#2433 = CARTESIAN_POINT('',(-1.75,-2.68345,0.772448497182));
#2434 = VECTOR('',#2435,1.);
#2435 = DIRECTION('',(-0.,0.,-1.));
#2436 = ORIENTED_EDGE('',*,*,#2251,.T.);
#2437 = ORIENTED_EDGE('',*,*,#2438,.T.);
#2438 = EDGE_CURVE('',#2245,#2439,#2441,.T.);
#2439 = VERTEX_POINT('',#2440);
#2440 = CARTESIAN_POINT('',(-1.75,-3.25,1.035));
#2441 = B_SPLINE_CURVE_WITH_KNOTS('',1,(#2442,#2443),.UNSPECIFIED.,.F.,
  .F.,(2,2),(0.,1.),.PIECEWISE_BEZIER_KNOTS.);
#2442 = CARTESIAN_POINT('',(-1.75,-3.25,0.765));
#2443 = CARTESIAN_POINT('',(-1.75,-3.25,1.035));
#2444 = ORIENTED_EDGE('',*,*,#2445,.F.);
#2445 = EDGE_CURVE('',#2430,#2439,#2446,.T.);
#2446 = LINE('',#2447,#2448);
#2447 = CARTESIAN_POINT('',(-1.75,3.25,1.035));
#2448 = VECTOR('',#2449,1.);
#2449 = DIRECTION('',(2.22044604925E-16,-1.,0.));
#2450 = PLANE('',#2451);
#2451 = AXIS2_PLACEMENT_3D('',#2452,#2453,#2454);
#2452 = CARTESIAN_POINT('',(-1.75,3.25,1.035));
#2453 = DIRECTION('',(-1.,-2.22044604925E-16,0.));
#2454 = DIRECTION('',(2.22044604925E-16,-1.,0.));
#2455 = ADVANCED_FACE('',(#2456),#2481,.F.);
#2456 = FACE_BOUND('',#2457,.F.);
#2457 = EDGE_LOOP('',(#2458,#2466,#2467,#2475));
#2458 = ORIENTED_EDGE('',*,*,#2459,.F.);
#2459 = EDGE_CURVE('',#2284,#2460,#2462,.T.);
#2460 = VERTEX_POINT('',#2461);
#2461 = CARTESIAN_POINT('',(-2.25,1.91675,0.765));
#2462 = LINE('',#2463,#2464);
#2463 = CARTESIAN_POINT('',(-1.72,1.91675,0.765));
#2464 = VECTOR('',#2465,1.);
#2465 = DIRECTION('',(-1.,-9.95799250103E-17,0.));
#2466 = ORIENTED_EDGE('',*,*,#2291,.F.);
#2467 = ORIENTED_EDGE('',*,*,#2468,.T.);
#2468 = EDGE_CURVE('',#2292,#2469,#2471,.T.);
#2469 = VERTEX_POINT('',#2470);
#2470 = CARTESIAN_POINT('',(-2.25,2.68345,0.765));
#2471 = LINE('',#2472,#2473);
#2472 = CARTESIAN_POINT('',(-1.72,2.68345,0.765));
#2473 = VECTOR('',#2474,1.);
#2474 = DIRECTION('',(-1.,-9.95799250103E-17,0.));
#2475 = ORIENTED_EDGE('',*,*,#2476,.F.);
#2476 = EDGE_CURVE('',#2460,#2469,#2477,.T.);
#2477 = LINE('',#2478,#2479);
#2478 = CARTESIAN_POINT('',(-2.25,1.91675,0.765));
#2479 = VECTOR('',#2480,1.);
#2480 = DIRECTION('',(-9.95799250103E-17,1.,0.));
#2481 = PLANE('',#2482);
#2482 = AXIS2_PLACEMENT_3D('',#2483,#2484,#2485);
#2483 = CARTESIAN_POINT('',(-1.72,1.91675,0.765));
#2484 = DIRECTION('',(0.,0.,1.));
#2485 = DIRECTION('',(-1.,-9.95799250103E-17,0.));
#2486 = ADVANCED_FACE('',(#2487),#2512,.F.);
#2487 = FACE_BOUND('',#2488,.F.);
#2488 = EDGE_LOOP('',(#2489,#2497,#2498,#2506));
#2489 = ORIENTED_EDGE('',*,*,#2490,.F.);
#2490 = EDGE_CURVE('',#2252,#2491,#2493,.T.);
#2491 = VERTEX_POINT('',#2492);
#2492 = CARTESIAN_POINT('',(-2.25,-2.68345,0.765));
#2493 = LINE('',#2494,#2495);
#2494 = CARTESIAN_POINT('',(-1.72,-2.68345,0.765));
#2495 = VECTOR('',#2496,1.);
#2496 = DIRECTION('',(-1.,-9.95799250103E-17,0.));
#2497 = ORIENTED_EDGE('',*,*,#2259,.F.);
#2498 = ORIENTED_EDGE('',*,*,#2499,.T.);
#2499 = EDGE_CURVE('',#2260,#2500,#2502,.T.);
#2500 = VERTEX_POINT('',#2501);
#2501 = CARTESIAN_POINT('',(-2.25,-1.91675,0.765));
#2502 = LINE('',#2503,#2504);
#2503 = CARTESIAN_POINT('',(-1.72,-1.91675,0.765));
#2504 = VECTOR('',#2505,1.);
#2505 = DIRECTION('',(-1.,-9.95799250103E-17,0.));
#2506 = ORIENTED_EDGE('',*,*,#2507,.F.);
#2507 = EDGE_CURVE('',#2491,#2500,#2508,.T.);
#2508 = LINE('',#2509,#2510);
#2509 = CARTESIAN_POINT('',(-2.25,-2.68345,0.765));
#2510 = VECTOR('',#2511,1.);
#2511 = DIRECTION('',(-9.95799250103E-17,1.,0.));
#2512 = PLANE('',#2513);
#2513 = AXIS2_PLACEMENT_3D('',#2514,#2515,#2516);
#2514 = CARTESIAN_POINT('',(-1.72,-2.68345,0.765));
#2515 = DIRECTION('',(0.,0.,1.));
#2516 = DIRECTION('',(-1.,-9.95799250103E-17,0.));
#2517 = ADVANCED_FACE('',(#2518),#2543,.T.);
#2518 = FACE_BOUND('',#2519,.T.);
#2519 = EDGE_LOOP('',(#2520,#2528,#2529,#2537));
#2520 = ORIENTED_EDGE('',*,*,#2521,.T.);
#2521 = EDGE_CURVE('',#2522,#2284,#2524,.T.);
#2522 = VERTEX_POINT('',#2523);
#2523 = CARTESIAN_POINT('',(-1.75,1.91675,1.035));
#2524 = LINE('',#2525,#2526);
#2525 = CARTESIAN_POINT('',(-1.75,1.91675,0.772448497182));
#2526 = VECTOR('',#2527,1.);
#2527 = DIRECTION('',(-0.,0.,-1.));
#2528 = ORIENTED_EDGE('',*,*,#2283,.T.);
#2529 = ORIENTED_EDGE('',*,*,#2530,.F.);
#2530 = EDGE_CURVE('',#2531,#2276,#2533,.T.);
#2531 = VERTEX_POINT('',#2532);
#2532 = CARTESIAN_POINT('',(-1.75,0.38335,1.035));
#2533 = LINE('',#2534,#2535);
#2534 = CARTESIAN_POINT('',(-1.75,0.38335,0.772448497182));
#2535 = VECTOR('',#2536,1.);
#2536 = DIRECTION('',(-0.,0.,-1.));
#2537 = ORIENTED_EDGE('',*,*,#2538,.F.);
#2538 = EDGE_CURVE('',#2522,#2531,#2539,.T.);
#2539 = LINE('',#2540,#2541);
#2540 = CARTESIAN_POINT('',(-1.75,3.25,1.035));
#2541 = VECTOR('',#2542,1.);
#2542 = DIRECTION('',(2.22044604925E-16,-1.,0.));
#2543 = PLANE('',#2544);
#2544 = AXIS2_PLACEMENT_3D('',#2545,#2546,#2547);
#2545 = CARTESIAN_POINT('',(-1.75,3.25,1.035));
#2546 = DIRECTION('',(-1.,-2.22044604925E-16,0.));
#2547 = DIRECTION('',(2.22044604925E-16,-1.,0.));
#2548 = ADVANCED_FACE('',(#2549),#2574,.T.);
#2549 = FACE_BOUND('',#2550,.T.);
#2550 = EDGE_LOOP('',(#2551,#2559,#2560,#2568));
#2551 = ORIENTED_EDGE('',*,*,#2552,.T.);
#2552 = EDGE_CURVE('',#2553,#2268,#2555,.T.);
#2553 = VERTEX_POINT('',#2554);
#2554 = CARTESIAN_POINT('',(-1.75,-0.38335,1.035));
#2555 = LINE('',#2556,#2557);
#2556 = CARTESIAN_POINT('',(-1.75,-0.38335,0.772448497182));
#2557 = VECTOR('',#2558,1.);
#2558 = DIRECTION('',(-0.,0.,-1.));
#2559 = ORIENTED_EDGE('',*,*,#2267,.T.);
#2560 = ORIENTED_EDGE('',*,*,#2561,.F.);
#2561 = EDGE_CURVE('',#2562,#2260,#2564,.T.);
#2562 = VERTEX_POINT('',#2563);
#2563 = CARTESIAN_POINT('',(-1.75,-1.91675,1.035));
#2564 = LINE('',#2565,#2566);
#2565 = CARTESIAN_POINT('',(-1.75,-1.91675,0.772448497182));
#2566 = VECTOR('',#2567,1.);
#2567 = DIRECTION('',(-0.,0.,-1.));
#2568 = ORIENTED_EDGE('',*,*,#2569,.F.);
#2569 = EDGE_CURVE('',#2553,#2562,#2570,.T.);
#2570 = LINE('',#2571,#2572);
#2571 = CARTESIAN_POINT('',(-1.75,3.25,1.035));
#2572 = VECTOR('',#2573,1.);
#2573 = DIRECTION('',(2.22044604925E-16,-1.,0.));
#2574 = PLANE('',#2575);
#2575 = AXIS2_PLACEMENT_3D('',#2576,#2577,#2578);
#2576 = CARTESIAN_POINT('',(-1.75,3.25,1.035));
#2577 = DIRECTION('',(-1.,-2.22044604925E-16,0.));
#2578 = DIRECTION('',(2.22044604925E-16,-1.,0.));
#2579 = ADVANCED_FACE('',(#2580),#2605,.F.);
#2580 = FACE_BOUND('',#2581,.F.);
#2581 = EDGE_LOOP('',(#2582,#2590,#2591,#2599));
#2582 = ORIENTED_EDGE('',*,*,#2583,.F.);
#2583 = EDGE_CURVE('',#2268,#2584,#2586,.T.);
#2584 = VERTEX_POINT('',#2585);
#2585 = CARTESIAN_POINT('',(-2.25,-0.38335,0.765));
#2586 = LINE('',#2587,#2588);
#2587 = CARTESIAN_POINT('',(-1.72,-0.38335,0.765));
#2588 = VECTOR('',#2589,1.);
#2589 = DIRECTION('',(-1.,-9.95799250103E-17,0.));
#2590 = ORIENTED_EDGE('',*,*,#2275,.F.);
#2591 = ORIENTED_EDGE('',*,*,#2592,.T.);
#2592 = EDGE_CURVE('',#2276,#2593,#2595,.T.);
#2593 = VERTEX_POINT('',#2594);
#2594 = CARTESIAN_POINT('',(-2.25,0.38335,0.765));
#2595 = LINE('',#2596,#2597);
#2596 = CARTESIAN_POINT('',(-1.72,0.38335,0.765));
#2597 = VECTOR('',#2598,1.);
#2598 = DIRECTION('',(-1.,-9.95799250103E-17,0.));
#2599 = ORIENTED_EDGE('',*,*,#2600,.F.);
#2600 = EDGE_CURVE('',#2584,#2593,#2601,.T.);
#2601 = LINE('',#2602,#2603);
#2602 = CARTESIAN_POINT('',(-2.25,-0.38335,0.765));
#2603 = VECTOR('',#2604,1.);
#2604 = DIRECTION('',(-9.95799250103E-17,1.,0.));
#2605 = PLANE('',#2606);
#2606 = AXIS2_PLACEMENT_3D('',#2607,#2608,#2609);
#2607 = CARTESIAN_POINT('',(-1.72,-0.38335,0.765));
#2608 = DIRECTION('',(0.,0.,1.));
#2609 = DIRECTION('',(-1.,-9.95799250103E-17,0.));
#2610 = ADVANCED_FACE('',(#2611),#2628,.T.);
#2611 = FACE_BOUND('',#2612,.T.);
#2612 = EDGE_LOOP('',(#2613,#2614,#2621,#2627));
#2613 = ORIENTED_EDGE('',*,*,#2328,.T.);
#2614 = ORIENTED_EDGE('',*,*,#2615,.T.);
#2615 = EDGE_CURVE('',#2322,#2616,#2618,.T.);
#2616 = VERTEX_POINT('',#2617);
#2617 = CARTESIAN_POINT('',(1.75,-3.25,1.035));
#2618 = B_SPLINE_CURVE_WITH_KNOTS('',1,(#2619,#2620),.UNSPECIFIED.,.F.,
  .F.,(2,2),(0.,1.),.PIECEWISE_BEZIER_KNOTS.);
#2619 = CARTESIAN_POINT('',(1.75,-3.25,0.765));
#2620 = CARTESIAN_POINT('',(1.75,-3.25,1.035));
#2621 = ORIENTED_EDGE('',*,*,#2622,.F.);
#2622 = EDGE_CURVE('',#2439,#2616,#2623,.T.);
#2623 = LINE('',#2624,#2625);
#2624 = CARTESIAN_POINT('',(-1.75,-3.25,1.035));
#2625 = VECTOR('',#2626,1.);
#2626 = DIRECTION('',(1.,2.22044604925E-16,0.));
#2627 = ORIENTED_EDGE('',*,*,#2438,.F.);
#2628 = PLANE('',#2629);
#2629 = AXIS2_PLACEMENT_3D('',#2630,#2631,#2632);
#2630 = CARTESIAN_POINT('',(-1.75,-3.25,1.035));
#2631 = DIRECTION('',(2.22044604925E-16,-1.,0.));
#2632 = DIRECTION('',(1.,2.22044604925E-16,0.));
#2633 = ADVANCED_FACE('',(#2634),#2652,.T.);
#2634 = FACE_BOUND('',#2635,.T.);
#2635 = EDGE_LOOP('',(#2636,#2637,#2638,#2646));
#2636 = ORIENTED_EDGE('',*,*,#2615,.F.);
#2637 = ORIENTED_EDGE('',*,*,#2367,.T.);
#2638 = ORIENTED_EDGE('',*,*,#2639,.F.);
#2639 = EDGE_CURVE('',#2640,#2360,#2642,.T.);
#2640 = VERTEX_POINT('',#2641);
#2641 = CARTESIAN_POINT('',(1.75,-1.15005,1.035));
#2642 = LINE('',#2643,#2644);
#2643 = CARTESIAN_POINT('',(1.75,-1.15005,0.772448497182));
#2644 = VECTOR('',#2645,1.);
#2645 = DIRECTION('',(0.,-0.,-1.));
#2646 = ORIENTED_EDGE('',*,*,#2647,.F.);
#2647 = EDGE_CURVE('',#2616,#2640,#2648,.T.);
#2648 = LINE('',#2649,#2650);
#2649 = CARTESIAN_POINT('',(1.75,-3.25,1.035));
#2650 = VECTOR('',#2651,1.);
#2651 = DIRECTION('',(-2.22044604925E-16,1.,0.));
#2652 = PLANE('',#2653);
#2653 = AXIS2_PLACEMENT_3D('',#2654,#2655,#2656);
#2654 = CARTESIAN_POINT('',(1.75,-3.25,1.035));
#2655 = DIRECTION('',(1.,2.22044604925E-16,0.));
#2656 = DIRECTION('',(-2.22044604925E-16,1.,0.));
#2657 = ADVANCED_FACE('',(#2658),#2682,.T.);
#2658 = FACE_BOUND('',#2659,.T.);
#2659 = EDGE_LOOP('',(#2660,#2668,#2669,#2676));
#2660 = ORIENTED_EDGE('',*,*,#2661,.T.);
#2661 = EDGE_CURVE('',#2662,#2352,#2664,.T.);
#2662 = VERTEX_POINT('',#2663);
#2663 = CARTESIAN_POINT('',(1.75,1.15005,1.035));
#2664 = LINE('',#2665,#2666);
#2665 = CARTESIAN_POINT('',(1.75,1.15005,0.772448497182));
#2666 = VECTOR('',#2667,1.);
#2667 = DIRECTION('',(0.,-0.,-1.));
#2668 = ORIENTED_EDGE('',*,*,#2351,.T.);
#2669 = ORIENTED_EDGE('',*,*,#2670,.T.);
#2670 = EDGE_CURVE('',#2345,#2671,#2673,.T.);
#2671 = VERTEX_POINT('',#2672);
#2672 = CARTESIAN_POINT('',(1.75,3.25,1.035));
#2673 = B_SPLINE_CURVE_WITH_KNOTS('',1,(#2674,#2675),.UNSPECIFIED.,.F.,
  .F.,(2,2),(0.,1.),.PIECEWISE_BEZIER_KNOTS.);
#2674 = CARTESIAN_POINT('',(1.75,3.25,0.765));
#2675 = CARTESIAN_POINT('',(1.75,3.25,1.035));
#2676 = ORIENTED_EDGE('',*,*,#2677,.F.);
#2677 = EDGE_CURVE('',#2662,#2671,#2678,.T.);
#2678 = LINE('',#2679,#2680);
#2679 = CARTESIAN_POINT('',(1.75,-3.25,1.035));
#2680 = VECTOR('',#2681,1.);
#2681 = DIRECTION('',(-2.22044604925E-16,1.,0.));
#2682 = PLANE('',#2683);
#2683 = AXIS2_PLACEMENT_3D('',#2684,#2685,#2686);
#2684 = CARTESIAN_POINT('',(1.75,-3.25,1.035));
#2685 = DIRECTION('',(1.,2.22044604925E-16,0.));
#2686 = DIRECTION('',(-2.22044604925E-16,1.,0.));
#2687 = ADVANCED_FACE('',(#2688),#2713,.T.);
#2688 = FACE_BOUND('',#2689,.T.);
#2689 = EDGE_LOOP('',(#2690,#2691,#2699,#2707));
#2690 = ORIENTED_EDGE('',*,*,#2359,.T.);
#2691 = ORIENTED_EDGE('',*,*,#2692,.T.);
#2692 = EDGE_CURVE('',#2352,#2693,#2695,.T.);
#2693 = VERTEX_POINT('',#2694);
#2694 = CARTESIAN_POINT('',(2.25,1.15005,0.765));
#2695 = LINE('',#2696,#2697);
#2696 = CARTESIAN_POINT('',(1.72,1.15005,0.765));
#2697 = VECTOR('',#2698,1.);
#2698 = DIRECTION('',(1.,2.22044604925E-16,0.));
#2699 = ORIENTED_EDGE('',*,*,#2700,.T.);
#2700 = EDGE_CURVE('',#2693,#2701,#2703,.T.);
#2701 = VERTEX_POINT('',#2702);
#2702 = CARTESIAN_POINT('',(2.25,-1.15005,0.765));
#2703 = LINE('',#2704,#2705);
#2704 = CARTESIAN_POINT('',(2.25,1.15005,0.765));
#2705 = VECTOR('',#2706,1.);
#2706 = DIRECTION('',(2.22044604925E-16,-1.,0.));
#2707 = ORIENTED_EDGE('',*,*,#2708,.F.);
#2708 = EDGE_CURVE('',#2360,#2701,#2709,.T.);
#2709 = LINE('',#2710,#2711);
#2710 = CARTESIAN_POINT('',(1.72,-1.15005,0.765));
#2711 = VECTOR('',#2712,1.);
#2712 = DIRECTION('',(1.,2.22044604925E-16,0.));
#2713 = PLANE('',#2714);
#2714 = AXIS2_PLACEMENT_3D('',#2715,#2716,#2717);
#2715 = CARTESIAN_POINT('',(1.985,5.388313142316E-16,0.765));
#2716 = DIRECTION('',(1.702469329999E-16,3.780241297767E-32,-1.));
#2717 = DIRECTION('',(-1.,-2.22044604925E-16,-1.702469329999E-16));
#2718 = ADVANCED_FACE('',(#2719),#2730,.T.);
#2719 = FACE_BOUND('',#2720,.T.);
#2720 = EDGE_LOOP('',(#2721,#2722,#2723,#2729));
#2721 = ORIENTED_EDGE('',*,*,#2384,.T.);
#2722 = ORIENTED_EDGE('',*,*,#2399,.T.);
#2723 = ORIENTED_EDGE('',*,*,#2724,.F.);
#2724 = EDGE_CURVE('',#2671,#2400,#2725,.T.);
#2725 = LINE('',#2726,#2727);
#2726 = CARTESIAN_POINT('',(1.75,3.25,1.035));
#2727 = VECTOR('',#2728,1.);
#2728 = DIRECTION('',(-1.,-2.22044604925E-16,0.));
#2729 = ORIENTED_EDGE('',*,*,#2670,.F.);
#2730 = PLANE('',#2731);
#2731 = AXIS2_PLACEMENT_3D('',#2732,#2733,#2734);
#2732 = CARTESIAN_POINT('',(1.75,3.25,1.035));
#2733 = DIRECTION('',(-2.22044604925E-16,1.,0.));
#2734 = DIRECTION('',(-1.,-2.22044604925E-16,0.));
#2735 = ADVANCED_FACE('',(#2736),#2760,.T.);
#2736 = FACE_BOUND('',#2737,.T.);
#2737 = EDGE_LOOP('',(#2738,#2745,#2746,#2754));
#2738 = ORIENTED_EDGE('',*,*,#2739,.F.);
#2739 = EDGE_CURVE('',#2400,#2740,#2742,.T.);
#2740 = VERTEX_POINT('',#2741);
#2741 = CARTESIAN_POINT('',(-1.735,3.235,1.035));
#2742 = B_SPLINE_CURVE_WITH_KNOTS('',1,(#2743,#2744),.UNSPECIFIED.,.F.,
  .F.,(2,2),(0.,1.),.PIECEWISE_BEZIER_KNOTS.);
#2743 = CARTESIAN_POINT('',(-1.75,3.25,1.035));
#2744 = CARTESIAN_POINT('',(-1.735,3.235,1.035));
#2745 = ORIENTED_EDGE('',*,*,#2415,.T.);
#2746 = ORIENTED_EDGE('',*,*,#2747,.T.);
#2747 = EDGE_CURVE('',#2408,#2748,#2750,.T.);
#2748 = VERTEX_POINT('',#2749);
#2749 = CARTESIAN_POINT('',(-1.735,2.68345,1.035));
#2750 = LINE('',#2751,#2752);
#2751 = CARTESIAN_POINT('',(-2.25,2.68345,1.035));
#2752 = VECTOR('',#2753,1.);
#2753 = DIRECTION('',(1.,9.95799250103E-17,0.));
#2754 = ORIENTED_EDGE('',*,*,#2755,.F.);
#2755 = EDGE_CURVE('',#2740,#2748,#2756,.T.);
#2756 = LINE('',#2757,#2758);
#2757 = CARTESIAN_POINT('',(-1.735,3.235,1.035));
#2758 = VECTOR('',#2759,1.);
#2759 = DIRECTION('',(2.22044604925E-16,-1.,0.));
#2760 = B_SPLINE_SURFACE_WITH_KNOTS('',1,1,(
    (#2761,#2762)
    ,(#2763,#2764
    )),.UNSPECIFIED.,.F.,.F.,.F.,(2,2),(2,2),(0.,6.5),(0.,1.),
  .PIECEWISE_BEZIER_KNOTS.);
#2761 = CARTESIAN_POINT('',(-1.75,3.25,1.035));
#2762 = CARTESIAN_POINT('',(-1.735,3.235,1.035));
#2763 = CARTESIAN_POINT('',(-1.75,-3.25,1.035));
#2764 = CARTESIAN_POINT('',(-1.735,-3.235,1.035));
#2765 = ADVANCED_FACE('',(#2766),#2852,.T.);
#2766 = FACE_BOUND('',#2767,.T.);
#2767 = EDGE_LOOP('',(#2768,#2769,#2770,#2779,#2787,#2796,#2804,#2812,
    #2820,#2829,#2837,#2846));
#2768 = ORIENTED_EDGE('',*,*,#2407,.T.);
#2769 = ORIENTED_EDGE('',*,*,#2468,.T.);
#2770 = ORIENTED_EDGE('',*,*,#2771,.T.);
#2771 = EDGE_CURVE('',#2469,#2772,#2774,.T.);
#2772 = VERTEX_POINT('',#2773);
#2773 = CARTESIAN_POINT('',(-2.45,2.68345,0.565));
#2774 = CIRCLE('',#2775,0.2);
#2775 = AXIS2_PLACEMENT_3D('',#2776,#2777,#2778);
#2776 = CARTESIAN_POINT('',(-2.25,2.68345,0.565));
#2777 = DIRECTION('',(9.95799250103E-17,-1.,0.));
#2778 = DIRECTION('',(-4.440892098501E-15,-4.422237021476E-31,1.));
#2779 = ORIENTED_EDGE('',*,*,#2780,.T.);
#2780 = EDGE_CURVE('',#2772,#2781,#2783,.T.);
#2781 = VERTEX_POINT('',#2782);
#2782 = CARTESIAN_POINT('',(-2.45,2.68345,0.47));
#2783 = LINE('',#2784,#2785);
#2784 = CARTESIAN_POINT('',(-2.45,2.68345,0.565));
#2785 = VECTOR('',#2786,1.);
#2786 = DIRECTION('',(-0.,0.,-1.));
#2787 = ORIENTED_EDGE('',*,*,#2788,.T.);
#2788 = EDGE_CURVE('',#2781,#2789,#2791,.T.);
#2789 = VERTEX_POINT('',#2790);
#2790 = CARTESIAN_POINT('',(-2.92,2.68345,1.110223024625E-16));
#2791 = CIRCLE('',#2792,0.47);
#2792 = AXIS2_PLACEMENT_3D('',#2793,#2794,#2795);
#2793 = CARTESIAN_POINT('',(-2.92,2.68345,0.47));
#2794 = DIRECTION('',(-9.95799250103E-17,1.,0.));
#2795 = DIRECTION('',(1.,9.95799250103E-17,0.));
#2796 = ORIENTED_EDGE('',*,*,#2797,.T.);
#2797 = EDGE_CURVE('',#2789,#2798,#2800,.T.);
#2798 = VERTEX_POINT('',#2799);
#2799 = CARTESIAN_POINT('',(-3.5,2.68345,1.110223024625E-16));
#2800 = LINE('',#2801,#2802);
#2801 = CARTESIAN_POINT('',(-2.92,2.68345,1.110223024625E-16));
#2802 = VECTOR('',#2803,1.);
#2803 = DIRECTION('',(-1.,-9.95799250103E-17,0.));
#2804 = ORIENTED_EDGE('',*,*,#2805,.T.);
#2805 = EDGE_CURVE('',#2798,#2806,#2808,.T.);
#2806 = VERTEX_POINT('',#2807);
#2807 = CARTESIAN_POINT('',(-3.5,2.68345,0.27));
#2808 = LINE('',#2809,#2810);
#2809 = CARTESIAN_POINT('',(-3.5,2.68345,1.110223024625E-16));
#2810 = VECTOR('',#2811,1.);
#2811 = DIRECTION('',(0.,0.,1.));
#2812 = ORIENTED_EDGE('',*,*,#2813,.T.);
#2813 = EDGE_CURVE('',#2806,#2814,#2816,.T.);
#2814 = VERTEX_POINT('',#2815);
#2815 = CARTESIAN_POINT('',(-2.92,2.68345,0.27));
#2816 = LINE('',#2817,#2818);
#2817 = CARTESIAN_POINT('',(-3.5,2.68345,0.27));
#2818 = VECTOR('',#2819,1.);
#2819 = DIRECTION('',(1.,9.95799250103E-17,0.));
#2820 = ORIENTED_EDGE('',*,*,#2821,.T.);
#2821 = EDGE_CURVE('',#2814,#2822,#2824,.T.);
#2822 = VERTEX_POINT('',#2823);
#2823 = CARTESIAN_POINT('',(-2.72,2.68345,0.47));
#2824 = CIRCLE('',#2825,0.2);
#2825 = AXIS2_PLACEMENT_3D('',#2826,#2827,#2828);
#2826 = CARTESIAN_POINT('',(-2.92,2.68345,0.47));
#2827 = DIRECTION('',(9.95799250103E-17,-1.,0.));
#2828 = DIRECTION('',(2.22044604925E-15,2.211118510737E-31,-1.));
#2829 = ORIENTED_EDGE('',*,*,#2830,.T.);
#2830 = EDGE_CURVE('',#2822,#2831,#2833,.T.);
#2831 = VERTEX_POINT('',#2832);
#2832 = CARTESIAN_POINT('',(-2.72,2.68345,0.565));
#2833 = LINE('',#2834,#2835);
#2834 = CARTESIAN_POINT('',(-2.72,2.68345,0.47));
#2835 = VECTOR('',#2836,1.);
#2836 = DIRECTION('',(0.,0.,1.));
#2837 = ORIENTED_EDGE('',*,*,#2838,.T.);
#2838 = EDGE_CURVE('',#2831,#2839,#2841,.T.);
#2839 = VERTEX_POINT('',#2840);
#2840 = CARTESIAN_POINT('',(-2.25,2.68345,1.035));
#2841 = CIRCLE('',#2842,0.47);
#2842 = AXIS2_PLACEMENT_3D('',#2843,#2844,#2845);
#2843 = CARTESIAN_POINT('',(-2.25,2.68345,0.565));
#2844 = DIRECTION('',(-9.95799250103E-17,1.,0.));
#2845 = DIRECTION('',(-1.,-9.95799250103E-17,-4.724353296277E-16));
#2846 = ORIENTED_EDGE('',*,*,#2847,.T.);
#2847 = EDGE_CURVE('',#2839,#2408,#2848,.T.);
#2848 = LINE('',#2849,#2850);
#2849 = CARTESIAN_POINT('',(-2.25,2.68345,1.035));
#2850 = VECTOR('',#2851,1.);
#2851 = DIRECTION('',(1.,9.95799250103E-17,0.));
#2852 = PLANE('',#2853);
#2853 = AXIS2_PLACEMENT_3D('',#2854,#2855,#2856);
#2854 = CARTESIAN_POINT('',(-2.60537406739,2.68345,0.509896994364));
#2855 = DIRECTION('',(-9.95799250103E-17,1.,0.));
#2856 = DIRECTION('',(0.,0.,1.));
#2857 = ADVANCED_FACE('',(#2858),#2944,.F.);
#2858 = FACE_BOUND('',#2859,.F.);
#2859 = EDGE_LOOP('',(#2860,#2861,#2862,#2871,#2879,#2888,#2896,#2904,
    #2912,#2921,#2929,#2938));
#2860 = ORIENTED_EDGE('',*,*,#2429,.T.);
#2861 = ORIENTED_EDGE('',*,*,#2490,.T.);
#2862 = ORIENTED_EDGE('',*,*,#2863,.T.);
#2863 = EDGE_CURVE('',#2491,#2864,#2866,.T.);
#2864 = VERTEX_POINT('',#2865);
#2865 = CARTESIAN_POINT('',(-2.45,-2.68345,0.565));
#2866 = CIRCLE('',#2867,0.2);
#2867 = AXIS2_PLACEMENT_3D('',#2868,#2869,#2870);
#2868 = CARTESIAN_POINT('',(-2.25,-2.68345,0.565));
#2869 = DIRECTION('',(9.95799250103E-17,-1.,0.));
#2870 = DIRECTION('',(-4.440892098501E-15,-4.422237021476E-31,1.));
#2871 = ORIENTED_EDGE('',*,*,#2872,.T.);
#2872 = EDGE_CURVE('',#2864,#2873,#2875,.T.);
#2873 = VERTEX_POINT('',#2874);
#2874 = CARTESIAN_POINT('',(-2.45,-2.68345,0.47));
#2875 = LINE('',#2876,#2877);
#2876 = CARTESIAN_POINT('',(-2.45,-2.68345,0.565));
#2877 = VECTOR('',#2878,1.);
#2878 = DIRECTION('',(-0.,0.,-1.));
#2879 = ORIENTED_EDGE('',*,*,#2880,.T.);
#2880 = EDGE_CURVE('',#2873,#2881,#2883,.T.);
#2881 = VERTEX_POINT('',#2882);
#2882 = CARTESIAN_POINT('',(-2.92,-2.68345,1.110223024625E-16));
#2883 = CIRCLE('',#2884,0.47);
#2884 = AXIS2_PLACEMENT_3D('',#2885,#2886,#2887);
#2885 = CARTESIAN_POINT('',(-2.92,-2.68345,0.47));
#2886 = DIRECTION('',(-9.95799250103E-17,1.,0.));
#2887 = DIRECTION('',(1.,9.95799250103E-17,0.));
#2888 = ORIENTED_EDGE('',*,*,#2889,.T.);
#2889 = EDGE_CURVE('',#2881,#2890,#2892,.T.);
#2890 = VERTEX_POINT('',#2891);
#2891 = CARTESIAN_POINT('',(-3.5,-2.68345,1.110223024625E-16));
#2892 = LINE('',#2893,#2894);
#2893 = CARTESIAN_POINT('',(-2.92,-2.68345,1.110223024625E-16));
#2894 = VECTOR('',#2895,1.);
#2895 = DIRECTION('',(-1.,-9.95799250103E-17,0.));
#2896 = ORIENTED_EDGE('',*,*,#2897,.T.);
#2897 = EDGE_CURVE('',#2890,#2898,#2900,.T.);
#2898 = VERTEX_POINT('',#2899);
#2899 = CARTESIAN_POINT('',(-3.5,-2.68345,0.27));
#2900 = LINE('',#2901,#2902);
#2901 = CARTESIAN_POINT('',(-3.5,-2.68345,1.110223024625E-16));
#2902 = VECTOR('',#2903,1.);
#2903 = DIRECTION('',(0.,0.,1.));
#2904 = ORIENTED_EDGE('',*,*,#2905,.T.);
#2905 = EDGE_CURVE('',#2898,#2906,#2908,.T.);
#2906 = VERTEX_POINT('',#2907);
#2907 = CARTESIAN_POINT('',(-2.92,-2.68345,0.27));
#2908 = LINE('',#2909,#2910);
#2909 = CARTESIAN_POINT('',(-3.5,-2.68345,0.27));
#2910 = VECTOR('',#2911,1.);
#2911 = DIRECTION('',(1.,9.95799250103E-17,0.));
#2912 = ORIENTED_EDGE('',*,*,#2913,.T.);
#2913 = EDGE_CURVE('',#2906,#2914,#2916,.T.);
#2914 = VERTEX_POINT('',#2915);
#2915 = CARTESIAN_POINT('',(-2.72,-2.68345,0.47));
#2916 = CIRCLE('',#2917,0.2);
#2917 = AXIS2_PLACEMENT_3D('',#2918,#2919,#2920);
#2918 = CARTESIAN_POINT('',(-2.92,-2.68345,0.47));
#2919 = DIRECTION('',(9.95799250103E-17,-1.,0.));
#2920 = DIRECTION('',(2.22044604925E-15,2.211118510737E-31,-1.));
#2921 = ORIENTED_EDGE('',*,*,#2922,.T.);
#2922 = EDGE_CURVE('',#2914,#2923,#2925,.T.);
#2923 = VERTEX_POINT('',#2924);
#2924 = CARTESIAN_POINT('',(-2.72,-2.68345,0.565));
#2925 = LINE('',#2926,#2927);
#2926 = CARTESIAN_POINT('',(-2.72,-2.68345,0.47));
#2927 = VECTOR('',#2928,1.);
#2928 = DIRECTION('',(0.,0.,1.));
#2929 = ORIENTED_EDGE('',*,*,#2930,.T.);
#2930 = EDGE_CURVE('',#2923,#2931,#2933,.T.);
#2931 = VERTEX_POINT('',#2932);
#2932 = CARTESIAN_POINT('',(-2.25,-2.68345,1.035));
#2933 = CIRCLE('',#2934,0.47);
#2934 = AXIS2_PLACEMENT_3D('',#2935,#2936,#2937);
#2935 = CARTESIAN_POINT('',(-2.25,-2.68345,0.565));
#2936 = DIRECTION('',(-9.95799250103E-17,1.,0.));
#2937 = DIRECTION('',(-1.,-9.95799250103E-17,-4.724353296277E-16));
#2938 = ORIENTED_EDGE('',*,*,#2939,.T.);
#2939 = EDGE_CURVE('',#2931,#2430,#2940,.T.);
#2940 = LINE('',#2941,#2942);
#2941 = CARTESIAN_POINT('',(-2.25,-2.68345,1.035));
#2942 = VECTOR('',#2943,1.);
#2943 = DIRECTION('',(1.,9.95799250103E-17,0.));
#2944 = PLANE('',#2945);
#2945 = AXIS2_PLACEMENT_3D('',#2946,#2947,#2948);
#2946 = CARTESIAN_POINT('',(-2.60537406739,-2.68345,0.509896994364));
#2947 = DIRECTION('',(-9.95799250103E-17,1.,0.));
#2948 = DIRECTION('',(0.,0.,1.));
#2949 = ADVANCED_FACE('',(#2950),#2974,.T.);
#2950 = FACE_BOUND('',#2951,.T.);
#2951 = EDGE_LOOP('',(#2952,#2960,#2961,#2968));
#2952 = ORIENTED_EDGE('',*,*,#2953,.F.);
#2953 = EDGE_CURVE('',#2430,#2954,#2956,.T.);
#2954 = VERTEX_POINT('',#2955);
#2955 = CARTESIAN_POINT('',(-1.735,-2.68345,1.035));
#2956 = LINE('',#2957,#2958);
#2957 = CARTESIAN_POINT('',(-2.25,-2.68345,1.035));
#2958 = VECTOR('',#2959,1.);
#2959 = DIRECTION('',(1.,9.95799250103E-17,0.));
#2960 = ORIENTED_EDGE('',*,*,#2445,.T.);
#2961 = ORIENTED_EDGE('',*,*,#2962,.T.);
#2962 = EDGE_CURVE('',#2439,#2963,#2965,.T.);
#2963 = VERTEX_POINT('',#2964);
#2964 = CARTESIAN_POINT('',(-1.735,-3.235,1.035));
#2965 = B_SPLINE_CURVE_WITH_KNOTS('',1,(#2966,#2967),.UNSPECIFIED.,.F.,
  .F.,(2,2),(0.,1.),.PIECEWISE_BEZIER_KNOTS.);
#2966 = CARTESIAN_POINT('',(-1.75,-3.25,1.035));
#2967 = CARTESIAN_POINT('',(-1.735,-3.235,1.035));
#2968 = ORIENTED_EDGE('',*,*,#2969,.F.);
#2969 = EDGE_CURVE('',#2954,#2963,#2970,.T.);
#2970 = LINE('',#2971,#2972);
#2971 = CARTESIAN_POINT('',(-1.735,3.235,1.035));
#2972 = VECTOR('',#2973,1.);
#2973 = DIRECTION('',(2.22044604925E-16,-1.,0.));
#2974 = B_SPLINE_SURFACE_WITH_KNOTS('',1,1,(
    (#2975,#2976)
    ,(#2977,#2978
    )),.UNSPECIFIED.,.F.,.F.,.F.,(2,2),(2,2),(0.,6.5),(0.,1.),
  .PIECEWISE_BEZIER_KNOTS.);
#2975 = CARTESIAN_POINT('',(-1.75,3.25,1.035));
#2976 = CARTESIAN_POINT('',(-1.735,3.235,1.035));
#2977 = CARTESIAN_POINT('',(-1.75,-3.25,1.035));
#2978 = CARTESIAN_POINT('',(-1.735,-3.235,1.035));
#2979 = ADVANCED_FACE('',(#2980),#3066,.F.);
#2980 = FACE_BOUND('',#2981,.F.);
#2981 = EDGE_LOOP('',(#2982,#2983,#2984,#2993,#3001,#3010,#3018,#3026,
    #3034,#3043,#3051,#3060));
#2982 = ORIENTED_EDGE('',*,*,#2521,.T.);
#2983 = ORIENTED_EDGE('',*,*,#2459,.T.);
#2984 = ORIENTED_EDGE('',*,*,#2985,.T.);
#2985 = EDGE_CURVE('',#2460,#2986,#2988,.T.);
#2986 = VERTEX_POINT('',#2987);
#2987 = CARTESIAN_POINT('',(-2.45,1.91675,0.565));
#2988 = CIRCLE('',#2989,0.2);
#2989 = AXIS2_PLACEMENT_3D('',#2990,#2991,#2992);
#2990 = CARTESIAN_POINT('',(-2.25,1.91675,0.565));
#2991 = DIRECTION('',(9.95799250103E-17,-1.,0.));
#2992 = DIRECTION('',(-4.440892098501E-15,-4.422237021476E-31,1.));
#2993 = ORIENTED_EDGE('',*,*,#2994,.T.);
#2994 = EDGE_CURVE('',#2986,#2995,#2997,.T.);
#2995 = VERTEX_POINT('',#2996);
#2996 = CARTESIAN_POINT('',(-2.45,1.91675,0.47));
#2997 = LINE('',#2998,#2999);
#2998 = CARTESIAN_POINT('',(-2.45,1.91675,0.565));
#2999 = VECTOR('',#3000,1.);
#3000 = DIRECTION('',(-0.,0.,-1.));
#3001 = ORIENTED_EDGE('',*,*,#3002,.T.);
#3002 = EDGE_CURVE('',#2995,#3003,#3005,.T.);
#3003 = VERTEX_POINT('',#3004);
#3004 = CARTESIAN_POINT('',(-2.92,1.91675,1.110223024625E-16));
#3005 = CIRCLE('',#3006,0.47);
#3006 = AXIS2_PLACEMENT_3D('',#3007,#3008,#3009);
#3007 = CARTESIAN_POINT('',(-2.92,1.91675,0.47));
#3008 = DIRECTION('',(-9.95799250103E-17,1.,0.));
#3009 = DIRECTION('',(1.,9.95799250103E-17,0.));
#3010 = ORIENTED_EDGE('',*,*,#3011,.T.);
#3011 = EDGE_CURVE('',#3003,#3012,#3014,.T.);
#3012 = VERTEX_POINT('',#3013);
#3013 = CARTESIAN_POINT('',(-3.5,1.91675,1.110223024625E-16));
#3014 = LINE('',#3015,#3016);
#3015 = CARTESIAN_POINT('',(-2.92,1.91675,1.110223024625E-16));
#3016 = VECTOR('',#3017,1.);
#3017 = DIRECTION('',(-1.,-9.95799250103E-17,0.));
#3018 = ORIENTED_EDGE('',*,*,#3019,.T.);
#3019 = EDGE_CURVE('',#3012,#3020,#3022,.T.);
#3020 = VERTEX_POINT('',#3021);
#3021 = CARTESIAN_POINT('',(-3.5,1.91675,0.27));
#3022 = LINE('',#3023,#3024);
#3023 = CARTESIAN_POINT('',(-3.5,1.91675,1.110223024625E-16));
#3024 = VECTOR('',#3025,1.);
#3025 = DIRECTION('',(0.,0.,1.));
#3026 = ORIENTED_EDGE('',*,*,#3027,.T.);
#3027 = EDGE_CURVE('',#3020,#3028,#3030,.T.);
#3028 = VERTEX_POINT('',#3029);
#3029 = CARTESIAN_POINT('',(-2.92,1.91675,0.27));
#3030 = LINE('',#3031,#3032);
#3031 = CARTESIAN_POINT('',(-3.5,1.91675,0.27));
#3032 = VECTOR('',#3033,1.);
#3033 = DIRECTION('',(1.,9.95799250103E-17,0.));
#3034 = ORIENTED_EDGE('',*,*,#3035,.T.);
#3035 = EDGE_CURVE('',#3028,#3036,#3038,.T.);
#3036 = VERTEX_POINT('',#3037);
#3037 = CARTESIAN_POINT('',(-2.72,1.91675,0.47));
#3038 = CIRCLE('',#3039,0.2);
#3039 = AXIS2_PLACEMENT_3D('',#3040,#3041,#3042);
#3040 = CARTESIAN_POINT('',(-2.92,1.91675,0.47));
#3041 = DIRECTION('',(9.95799250103E-17,-1.,0.));
#3042 = DIRECTION('',(2.22044604925E-15,2.211118510737E-31,-1.));
#3043 = ORIENTED_EDGE('',*,*,#3044,.T.);
#3044 = EDGE_CURVE('',#3036,#3045,#3047,.T.);
#3045 = VERTEX_POINT('',#3046);
#3046 = CARTESIAN_POINT('',(-2.72,1.91675,0.565));
#3047 = LINE('',#3048,#3049);
#3048 = CARTESIAN_POINT('',(-2.72,1.91675,0.47));
#3049 = VECTOR('',#3050,1.);
#3050 = DIRECTION('',(0.,0.,1.));
#3051 = ORIENTED_EDGE('',*,*,#3052,.T.);
#3052 = EDGE_CURVE('',#3045,#3053,#3055,.T.);
#3053 = VERTEX_POINT('',#3054);
#3054 = CARTESIAN_POINT('',(-2.25,1.91675,1.035));
#3055 = CIRCLE('',#3056,0.47);
#3056 = AXIS2_PLACEMENT_3D('',#3057,#3058,#3059);
#3057 = CARTESIAN_POINT('',(-2.25,1.91675,0.565));
#3058 = DIRECTION('',(-9.95799250103E-17,1.,0.));
#3059 = DIRECTION('',(-1.,-9.95799250103E-17,-4.724353296277E-16));
#3060 = ORIENTED_EDGE('',*,*,#3061,.T.);
#3061 = EDGE_CURVE('',#3053,#2522,#3062,.T.);
#3062 = LINE('',#3063,#3064);
#3063 = CARTESIAN_POINT('',(-2.25,1.91675,1.035));
#3064 = VECTOR('',#3065,1.);
#3065 = DIRECTION('',(1.,9.95799250103E-17,0.));
#3066 = PLANE('',#3067);
#3067 = AXIS2_PLACEMENT_3D('',#3068,#3069,#3070);
#3068 = CARTESIAN_POINT('',(-2.60537406739,1.91675,0.509896994364));
#3069 = DIRECTION('',(-9.95799250103E-17,1.,0.));
#3070 = DIRECTION('',(0.,0.,1.));
#3071 = ADVANCED_FACE('',(#3072),#3083,.F.);
#3072 = FACE_BOUND('',#3073,.F.);
#3073 = EDGE_LOOP('',(#3074,#3075,#3076,#3082));
#3074 = ORIENTED_EDGE('',*,*,#2476,.T.);
#3075 = ORIENTED_EDGE('',*,*,#2771,.T.);
#3076 = ORIENTED_EDGE('',*,*,#3077,.F.);
#3077 = EDGE_CURVE('',#2986,#2772,#3078,.T.);
#3078 = LINE('',#3079,#3080);
#3079 = CARTESIAN_POINT('',(-2.45,1.91675,0.565));
#3080 = VECTOR('',#3081,1.);
#3081 = DIRECTION('',(-9.95799250103E-17,1.,0.));
#3082 = ORIENTED_EDGE('',*,*,#2985,.F.);
#3083 = CYLINDRICAL_SURFACE('',#3084,0.2);
#3084 = AXIS2_PLACEMENT_3D('',#3085,#3086,#3087);
#3085 = CARTESIAN_POINT('',(-2.25,1.91675,0.565));
#3086 = DIRECTION('',(9.95799250103E-17,-1.,0.));
#3087 = DIRECTION('',(-4.440892098501E-15,-4.422237021476E-31,1.));
#3088 = ADVANCED_FACE('',(#3089),#3108,.F.);
#3089 = FACE_BOUND('',#3090,.F.);
#3090 = EDGE_LOOP('',(#3091,#3092,#3101,#3107));
#3091 = ORIENTED_EDGE('',*,*,#2507,.T.);
#3092 = ORIENTED_EDGE('',*,*,#3093,.T.);
#3093 = EDGE_CURVE('',#2500,#3094,#3096,.T.);
#3094 = VERTEX_POINT('',#3095);
#3095 = CARTESIAN_POINT('',(-2.45,-1.91675,0.565));
#3096 = CIRCLE('',#3097,0.2);
#3097 = AXIS2_PLACEMENT_3D('',#3098,#3099,#3100);
#3098 = CARTESIAN_POINT('',(-2.25,-1.91675,0.565));
#3099 = DIRECTION('',(9.95799250103E-17,-1.,0.));
#3100 = DIRECTION('',(-4.440892098501E-15,-4.422237021476E-31,1.));
#3101 = ORIENTED_EDGE('',*,*,#3102,.F.);
#3102 = EDGE_CURVE('',#2864,#3094,#3103,.T.);
#3103 = LINE('',#3104,#3105);
#3104 = CARTESIAN_POINT('',(-2.45,-2.68345,0.565));
#3105 = VECTOR('',#3106,1.);
#3106 = DIRECTION('',(-9.95799250103E-17,1.,0.));
#3107 = ORIENTED_EDGE('',*,*,#2863,.F.);
#3108 = CYLINDRICAL_SURFACE('',#3109,0.2);
#3109 = AXIS2_PLACEMENT_3D('',#3110,#3111,#3112);
#3110 = CARTESIAN_POINT('',(-2.25,-2.68345,0.565));
#3111 = DIRECTION('',(9.95799250103E-17,-1.,0.));
#3112 = DIRECTION('',(-4.440892098501E-15,-4.422237021476E-31,1.));
#3113 = ADVANCED_FACE('',(#3114),#3192,.T.);
#3114 = FACE_BOUND('',#3115,.T.);
#3115 = EDGE_LOOP('',(#3116,#3117,#3118,#3119,#3127,#3136,#3144,#3152,
    #3160,#3169,#3177,#3186));
#3116 = ORIENTED_EDGE('',*,*,#2561,.T.);
#3117 = ORIENTED_EDGE('',*,*,#2499,.T.);
#3118 = ORIENTED_EDGE('',*,*,#3093,.T.);
#3119 = ORIENTED_EDGE('',*,*,#3120,.T.);
#3120 = EDGE_CURVE('',#3094,#3121,#3123,.T.);
#3121 = VERTEX_POINT('',#3122);
#3122 = CARTESIAN_POINT('',(-2.45,-1.91675,0.47));
#3123 = LINE('',#3124,#3125);
#3124 = CARTESIAN_POINT('',(-2.45,-1.91675,0.565));
#3125 = VECTOR('',#3126,1.);
#3126 = DIRECTION('',(-0.,0.,-1.));
#3127 = ORIENTED_EDGE('',*,*,#3128,.T.);
#3128 = EDGE_CURVE('',#3121,#3129,#3131,.T.);
#3129 = VERTEX_POINT('',#3130);
#3130 = CARTESIAN_POINT('',(-2.92,-1.91675,1.110223024625E-16));
#3131 = CIRCLE('',#3132,0.47);
#3132 = AXIS2_PLACEMENT_3D('',#3133,#3134,#3135);
#3133 = CARTESIAN_POINT('',(-2.92,-1.91675,0.47));
#3134 = DIRECTION('',(-9.95799250103E-17,1.,0.));
#3135 = DIRECTION('',(1.,9.95799250103E-17,0.));
#3136 = ORIENTED_EDGE('',*,*,#3137,.T.);
#3137 = EDGE_CURVE('',#3129,#3138,#3140,.T.);
#3138 = VERTEX_POINT('',#3139);
#3139 = CARTESIAN_POINT('',(-3.5,-1.91675,1.110223024625E-16));
#3140 = LINE('',#3141,#3142);
#3141 = CARTESIAN_POINT('',(-2.92,-1.91675,1.110223024625E-16));
#3142 = VECTOR('',#3143,1.);
#3143 = DIRECTION('',(-1.,-9.95799250103E-17,0.));
#3144 = ORIENTED_EDGE('',*,*,#3145,.T.);
#3145 = EDGE_CURVE('',#3138,#3146,#3148,.T.);
#3146 = VERTEX_POINT('',#3147);
#3147 = CARTESIAN_POINT('',(-3.5,-1.91675,0.27));
#3148 = LINE('',#3149,#3150);
#3149 = CARTESIAN_POINT('',(-3.5,-1.91675,1.110223024625E-16));
#3150 = VECTOR('',#3151,1.);
#3151 = DIRECTION('',(0.,0.,1.));
#3152 = ORIENTED_EDGE('',*,*,#3153,.T.);
#3153 = EDGE_CURVE('',#3146,#3154,#3156,.T.);
#3154 = VERTEX_POINT('',#3155);
#3155 = CARTESIAN_POINT('',(-2.92,-1.91675,0.27));
#3156 = LINE('',#3157,#3158);
#3157 = CARTESIAN_POINT('',(-3.5,-1.91675,0.27));
#3158 = VECTOR('',#3159,1.);
#3159 = DIRECTION('',(1.,9.95799250103E-17,0.));
#3160 = ORIENTED_EDGE('',*,*,#3161,.T.);
#3161 = EDGE_CURVE('',#3154,#3162,#3164,.T.);
#3162 = VERTEX_POINT('',#3163);
#3163 = CARTESIAN_POINT('',(-2.72,-1.91675,0.47));
#3164 = CIRCLE('',#3165,0.2);
#3165 = AXIS2_PLACEMENT_3D('',#3166,#3167,#3168);
#3166 = CARTESIAN_POINT('',(-2.92,-1.91675,0.47));
#3167 = DIRECTION('',(9.95799250103E-17,-1.,0.));
#3168 = DIRECTION('',(2.22044604925E-15,2.211118510737E-31,-1.));
#3169 = ORIENTED_EDGE('',*,*,#3170,.T.);
#3170 = EDGE_CURVE('',#3162,#3171,#3173,.T.);
#3171 = VERTEX_POINT('',#3172);
#3172 = CARTESIAN_POINT('',(-2.72,-1.91675,0.565));
#3173 = LINE('',#3174,#3175);
#3174 = CARTESIAN_POINT('',(-2.72,-1.91675,0.47));
#3175 = VECTOR('',#3176,1.);
#3176 = DIRECTION('',(0.,0.,1.));
#3177 = ORIENTED_EDGE('',*,*,#3178,.T.);
#3178 = EDGE_CURVE('',#3171,#3179,#3181,.T.);
#3179 = VERTEX_POINT('',#3180);
#3180 = CARTESIAN_POINT('',(-2.25,-1.91675,1.035));
#3181 = CIRCLE('',#3182,0.47);
#3182 = AXIS2_PLACEMENT_3D('',#3183,#3184,#3185);
#3183 = CARTESIAN_POINT('',(-2.25,-1.91675,0.565));
#3184 = DIRECTION('',(-9.95799250103E-17,1.,0.));
#3185 = DIRECTION('',(-1.,-9.95799250103E-17,-4.724353296277E-16));
#3186 = ORIENTED_EDGE('',*,*,#3187,.T.);
#3187 = EDGE_CURVE('',#3179,#2562,#3188,.T.);
#3188 = LINE('',#3189,#3190);
#3189 = CARTESIAN_POINT('',(-2.25,-1.91675,1.035));
#3190 = VECTOR('',#3191,1.);
#3191 = DIRECTION('',(1.,9.95799250103E-17,0.));
#3192 = PLANE('',#3193);
#3193 = AXIS2_PLACEMENT_3D('',#3194,#3195,#3196);
#3194 = CARTESIAN_POINT('',(-2.60537406739,-1.91675,0.509896994364));
#3195 = DIRECTION('',(-9.95799250103E-17,1.,0.));
#3196 = DIRECTION('',(0.,0.,1.));
#3197 = ADVANCED_FACE('',(#3198),#3223,.T.);
#3198 = FACE_BOUND('',#3199,.T.);
#3199 = EDGE_LOOP('',(#3200,#3208,#3209,#3217));
#3200 = ORIENTED_EDGE('',*,*,#3201,.F.);
#3201 = EDGE_CURVE('',#2522,#3202,#3204,.T.);
#3202 = VERTEX_POINT('',#3203);
#3203 = CARTESIAN_POINT('',(-1.735,1.91675,1.035));
#3204 = LINE('',#3205,#3206);
#3205 = CARTESIAN_POINT('',(-2.25,1.91675,1.035));
#3206 = VECTOR('',#3207,1.);
#3207 = DIRECTION('',(1.,9.95799250103E-17,0.));
#3208 = ORIENTED_EDGE('',*,*,#2538,.T.);
#3209 = ORIENTED_EDGE('',*,*,#3210,.T.);
#3210 = EDGE_CURVE('',#2531,#3211,#3213,.T.);
#3211 = VERTEX_POINT('',#3212);
#3212 = CARTESIAN_POINT('',(-1.735,0.38335,1.035));
#3213 = LINE('',#3214,#3215);
#3214 = CARTESIAN_POINT('',(-2.25,0.38335,1.035));
#3215 = VECTOR('',#3216,1.);
#3216 = DIRECTION('',(1.,9.95799250103E-17,0.));
#3217 = ORIENTED_EDGE('',*,*,#3218,.F.);
#3218 = EDGE_CURVE('',#3202,#3211,#3219,.T.);
#3219 = LINE('',#3220,#3221);
#3220 = CARTESIAN_POINT('',(-1.735,3.235,1.035));
#3221 = VECTOR('',#3222,1.);
#3222 = DIRECTION('',(2.22044604925E-16,-1.,0.));
#3223 = B_SPLINE_SURFACE_WITH_KNOTS('',1,1,(
    (#3224,#3225)
    ,(#3226,#3227
    )),.UNSPECIFIED.,.F.,.F.,.F.,(2,2),(2,2),(0.,6.5),(0.,1.),
  .PIECEWISE_BEZIER_KNOTS.);
#3224 = CARTESIAN_POINT('',(-1.75,3.25,1.035));
#3225 = CARTESIAN_POINT('',(-1.735,3.235,1.035));
#3226 = CARTESIAN_POINT('',(-1.75,-3.25,1.035));
#3227 = CARTESIAN_POINT('',(-1.735,-3.235,1.035));
#3228 = ADVANCED_FACE('',(#3229),#3315,.T.);
#3229 = FACE_BOUND('',#3230,.T.);
#3230 = EDGE_LOOP('',(#3231,#3232,#3233,#3242,#3250,#3259,#3267,#3275,
    #3283,#3292,#3300,#3309));
#3231 = ORIENTED_EDGE('',*,*,#2530,.T.);
#3232 = ORIENTED_EDGE('',*,*,#2592,.T.);
#3233 = ORIENTED_EDGE('',*,*,#3234,.T.);
#3234 = EDGE_CURVE('',#2593,#3235,#3237,.T.);
#3235 = VERTEX_POINT('',#3236);
#3236 = CARTESIAN_POINT('',(-2.45,0.38335,0.565));
#3237 = CIRCLE('',#3238,0.2);
#3238 = AXIS2_PLACEMENT_3D('',#3239,#3240,#3241);
#3239 = CARTESIAN_POINT('',(-2.25,0.38335,0.565));
#3240 = DIRECTION('',(9.95799250103E-17,-1.,0.));
#3241 = DIRECTION('',(-4.440892098501E-15,-4.422237021476E-31,1.));
#3242 = ORIENTED_EDGE('',*,*,#3243,.T.);
#3243 = EDGE_CURVE('',#3235,#3244,#3246,.T.);
#3244 = VERTEX_POINT('',#3245);
#3245 = CARTESIAN_POINT('',(-2.45,0.38335,0.47));
#3246 = LINE('',#3247,#3248);
#3247 = CARTESIAN_POINT('',(-2.45,0.38335,0.565));
#3248 = VECTOR('',#3249,1.);
#3249 = DIRECTION('',(-0.,0.,-1.));
#3250 = ORIENTED_EDGE('',*,*,#3251,.T.);
#3251 = EDGE_CURVE('',#3244,#3252,#3254,.T.);
#3252 = VERTEX_POINT('',#3253);
#3253 = CARTESIAN_POINT('',(-2.92,0.38335,1.110223024625E-16));
#3254 = CIRCLE('',#3255,0.47);
#3255 = AXIS2_PLACEMENT_3D('',#3256,#3257,#3258);
#3256 = CARTESIAN_POINT('',(-2.92,0.38335,0.47));
#3257 = DIRECTION('',(-9.95799250103E-17,1.,0.));
#3258 = DIRECTION('',(1.,9.95799250103E-17,0.));
#3259 = ORIENTED_EDGE('',*,*,#3260,.T.);
#3260 = EDGE_CURVE('',#3252,#3261,#3263,.T.);
#3261 = VERTEX_POINT('',#3262);
#3262 = CARTESIAN_POINT('',(-3.5,0.38335,1.110223024625E-16));
#3263 = LINE('',#3264,#3265);
#3264 = CARTESIAN_POINT('',(-2.92,0.38335,1.110223024625E-16));
#3265 = VECTOR('',#3266,1.);
#3266 = DIRECTION('',(-1.,-9.95799250103E-17,0.));
#3267 = ORIENTED_EDGE('',*,*,#3268,.T.);
#3268 = EDGE_CURVE('',#3261,#3269,#3271,.T.);
#3269 = VERTEX_POINT('',#3270);
#3270 = CARTESIAN_POINT('',(-3.5,0.38335,0.27));
#3271 = LINE('',#3272,#3273);
#3272 = CARTESIAN_POINT('',(-3.5,0.38335,1.110223024625E-16));
#3273 = VECTOR('',#3274,1.);
#3274 = DIRECTION('',(0.,0.,1.));
#3275 = ORIENTED_EDGE('',*,*,#3276,.T.);
#3276 = EDGE_CURVE('',#3269,#3277,#3279,.T.);
#3277 = VERTEX_POINT('',#3278);
#3278 = CARTESIAN_POINT('',(-2.92,0.38335,0.27));
#3279 = LINE('',#3280,#3281);
#3280 = CARTESIAN_POINT('',(-3.5,0.38335,0.27));
#3281 = VECTOR('',#3282,1.);
#3282 = DIRECTION('',(1.,9.95799250103E-17,0.));
#3283 = ORIENTED_EDGE('',*,*,#3284,.T.);
#3284 = EDGE_CURVE('',#3277,#3285,#3287,.T.);
#3285 = VERTEX_POINT('',#3286);
#3286 = CARTESIAN_POINT('',(-2.72,0.38335,0.47));
#3287 = CIRCLE('',#3288,0.2);
#3288 = AXIS2_PLACEMENT_3D('',#3289,#3290,#3291);
#3289 = CARTESIAN_POINT('',(-2.92,0.38335,0.47));
#3290 = DIRECTION('',(9.95799250103E-17,-1.,0.));
#3291 = DIRECTION('',(2.22044604925E-15,2.211118510737E-31,-1.));
#3292 = ORIENTED_EDGE('',*,*,#3293,.T.);
#3293 = EDGE_CURVE('',#3285,#3294,#3296,.T.);
#3294 = VERTEX_POINT('',#3295);
#3295 = CARTESIAN_POINT('',(-2.72,0.38335,0.565));
#3296 = LINE('',#3297,#3298);
#3297 = CARTESIAN_POINT('',(-2.72,0.38335,0.47));
#3298 = VECTOR('',#3299,1.);
#3299 = DIRECTION('',(0.,0.,1.));
#3300 = ORIENTED_EDGE('',*,*,#3301,.T.);
#3301 = EDGE_CURVE('',#3294,#3302,#3304,.T.);
#3302 = VERTEX_POINT('',#3303);
#3303 = CARTESIAN_POINT('',(-2.25,0.38335,1.035));
#3304 = CIRCLE('',#3305,0.47);
#3305 = AXIS2_PLACEMENT_3D('',#3306,#3307,#3308);
#3306 = CARTESIAN_POINT('',(-2.25,0.38335,0.565));
#3307 = DIRECTION('',(-9.95799250103E-17,1.,0.));
#3308 = DIRECTION('',(-1.,-9.95799250103E-17,-4.724353296277E-16));
#3309 = ORIENTED_EDGE('',*,*,#3310,.T.);
#3310 = EDGE_CURVE('',#3302,#2531,#3311,.T.);
#3311 = LINE('',#3312,#3313);
#3312 = CARTESIAN_POINT('',(-2.25,0.38335,1.035));
#3313 = VECTOR('',#3314,1.);
#3314 = DIRECTION('',(1.,9.95799250103E-17,0.));
#3315 = PLANE('',#3316);
#3316 = AXIS2_PLACEMENT_3D('',#3317,#3318,#3319);
#3317 = CARTESIAN_POINT('',(-2.60537406739,0.38335,0.509896994364));
#3318 = DIRECTION('',(-9.95799250103E-17,1.,0.));
#3319 = DIRECTION('',(0.,0.,1.));
#3320 = ADVANCED_FACE('',(#3321),#3407,.F.);
#3321 = FACE_BOUND('',#3322,.F.);
#3322 = EDGE_LOOP('',(#3323,#3324,#3325,#3334,#3342,#3351,#3359,#3367,
    #3375,#3384,#3392,#3401));
#3323 = ORIENTED_EDGE('',*,*,#2552,.T.);
#3324 = ORIENTED_EDGE('',*,*,#2583,.T.);
#3325 = ORIENTED_EDGE('',*,*,#3326,.T.);
#3326 = EDGE_CURVE('',#2584,#3327,#3329,.T.);
#3327 = VERTEX_POINT('',#3328);
#3328 = CARTESIAN_POINT('',(-2.45,-0.38335,0.565));
#3329 = CIRCLE('',#3330,0.2);
#3330 = AXIS2_PLACEMENT_3D('',#3331,#3332,#3333);
#3331 = CARTESIAN_POINT('',(-2.25,-0.38335,0.565));
#3332 = DIRECTION('',(9.95799250103E-17,-1.,0.));
#3333 = DIRECTION('',(-4.440892098501E-15,-4.422237021476E-31,1.));
#3334 = ORIENTED_EDGE('',*,*,#3335,.T.);
#3335 = EDGE_CURVE('',#3327,#3336,#3338,.T.);
#3336 = VERTEX_POINT('',#3337);
#3337 = CARTESIAN_POINT('',(-2.45,-0.38335,0.47));
#3338 = LINE('',#3339,#3340);
#3339 = CARTESIAN_POINT('',(-2.45,-0.38335,0.565));
#3340 = VECTOR('',#3341,1.);
#3341 = DIRECTION('',(-0.,0.,-1.));
#3342 = ORIENTED_EDGE('',*,*,#3343,.T.);
#3343 = EDGE_CURVE('',#3336,#3344,#3346,.T.);
#3344 = VERTEX_POINT('',#3345);
#3345 = CARTESIAN_POINT('',(-2.92,-0.38335,1.110223024625E-16));
#3346 = CIRCLE('',#3347,0.47);
#3347 = AXIS2_PLACEMENT_3D('',#3348,#3349,#3350);
#3348 = CARTESIAN_POINT('',(-2.92,-0.38335,0.47));
#3349 = DIRECTION('',(-9.95799250103E-17,1.,0.));
#3350 = DIRECTION('',(1.,9.95799250103E-17,0.));
#3351 = ORIENTED_EDGE('',*,*,#3352,.T.);
#3352 = EDGE_CURVE('',#3344,#3353,#3355,.T.);
#3353 = VERTEX_POINT('',#3354);
#3354 = CARTESIAN_POINT('',(-3.5,-0.38335,1.110223024625E-16));
#3355 = LINE('',#3356,#3357);
#3356 = CARTESIAN_POINT('',(-2.92,-0.38335,1.110223024625E-16));
#3357 = VECTOR('',#3358,1.);
#3358 = DIRECTION('',(-1.,-9.95799250103E-17,0.));
#3359 = ORIENTED_EDGE('',*,*,#3360,.T.);
#3360 = EDGE_CURVE('',#3353,#3361,#3363,.T.);
#3361 = VERTEX_POINT('',#3362);
#3362 = CARTESIAN_POINT('',(-3.5,-0.38335,0.27));
#3363 = LINE('',#3364,#3365);
#3364 = CARTESIAN_POINT('',(-3.5,-0.38335,1.110223024625E-16));
#3365 = VECTOR('',#3366,1.);
#3366 = DIRECTION('',(0.,0.,1.));
#3367 = ORIENTED_EDGE('',*,*,#3368,.T.);
#3368 = EDGE_CURVE('',#3361,#3369,#3371,.T.);
#3369 = VERTEX_POINT('',#3370);
#3370 = CARTESIAN_POINT('',(-2.92,-0.38335,0.27));
#3371 = LINE('',#3372,#3373);
#3372 = CARTESIAN_POINT('',(-3.5,-0.38335,0.27));
#3373 = VECTOR('',#3374,1.);
#3374 = DIRECTION('',(1.,9.95799250103E-17,0.));
#3375 = ORIENTED_EDGE('',*,*,#3376,.T.);
#3376 = EDGE_CURVE('',#3369,#3377,#3379,.T.);
#3377 = VERTEX_POINT('',#3378);
#3378 = CARTESIAN_POINT('',(-2.72,-0.38335,0.47));
#3379 = CIRCLE('',#3380,0.2);
#3380 = AXIS2_PLACEMENT_3D('',#3381,#3382,#3383);
#3381 = CARTESIAN_POINT('',(-2.92,-0.38335,0.47));
#3382 = DIRECTION('',(9.95799250103E-17,-1.,0.));
#3383 = DIRECTION('',(2.22044604925E-15,2.211118510737E-31,-1.));
#3384 = ORIENTED_EDGE('',*,*,#3385,.T.);
#3385 = EDGE_CURVE('',#3377,#3386,#3388,.T.);
#3386 = VERTEX_POINT('',#3387);
#3387 = CARTESIAN_POINT('',(-2.72,-0.38335,0.565));
#3388 = LINE('',#3389,#3390);
#3389 = CARTESIAN_POINT('',(-2.72,-0.38335,0.47));
#3390 = VECTOR('',#3391,1.);
#3391 = DIRECTION('',(0.,0.,1.));
#3392 = ORIENTED_EDGE('',*,*,#3393,.T.);
#3393 = EDGE_CURVE('',#3386,#3394,#3396,.T.);
#3394 = VERTEX_POINT('',#3395);
#3395 = CARTESIAN_POINT('',(-2.25,-0.38335,1.035));
#3396 = CIRCLE('',#3397,0.47);
#3397 = AXIS2_PLACEMENT_3D('',#3398,#3399,#3400);
#3398 = CARTESIAN_POINT('',(-2.25,-0.38335,0.565));
#3399 = DIRECTION('',(-9.95799250103E-17,1.,0.));
#3400 = DIRECTION('',(-1.,-9.95799250103E-17,-4.724353296277E-16));
#3401 = ORIENTED_EDGE('',*,*,#3402,.T.);
#3402 = EDGE_CURVE('',#3394,#2553,#3403,.T.);
#3403 = LINE('',#3404,#3405);
#3404 = CARTESIAN_POINT('',(-2.25,-0.38335,1.035));
#3405 = VECTOR('',#3406,1.);
#3406 = DIRECTION('',(1.,9.95799250103E-17,0.));
#3407 = PLANE('',#3408);
#3408 = AXIS2_PLACEMENT_3D('',#3409,#3410,#3411);
#3409 = CARTESIAN_POINT('',(-2.60537406739,-0.38335,0.509896994364));
#3410 = DIRECTION('',(-9.95799250103E-17,1.,0.));
#3411 = DIRECTION('',(0.,0.,1.));
#3412 = ADVANCED_FACE('',(#3413),#3438,.T.);
#3413 = FACE_BOUND('',#3414,.T.);
#3414 = EDGE_LOOP('',(#3415,#3423,#3424,#3432));
#3415 = ORIENTED_EDGE('',*,*,#3416,.F.);
#3416 = EDGE_CURVE('',#2553,#3417,#3419,.T.);
#3417 = VERTEX_POINT('',#3418);
#3418 = CARTESIAN_POINT('',(-1.735,-0.38335,1.035));
#3419 = LINE('',#3420,#3421);
#3420 = CARTESIAN_POINT('',(-2.25,-0.38335,1.035));
#3421 = VECTOR('',#3422,1.);
#3422 = DIRECTION('',(1.,9.95799250103E-17,0.));
#3423 = ORIENTED_EDGE('',*,*,#2569,.T.);
#3424 = ORIENTED_EDGE('',*,*,#3425,.T.);
#3425 = EDGE_CURVE('',#2562,#3426,#3428,.T.);
#3426 = VERTEX_POINT('',#3427);
#3427 = CARTESIAN_POINT('',(-1.735,-1.91675,1.035));
#3428 = LINE('',#3429,#3430);
#3429 = CARTESIAN_POINT('',(-2.25,-1.91675,1.035));
#3430 = VECTOR('',#3431,1.);
#3431 = DIRECTION('',(1.,9.95799250103E-17,0.));
#3432 = ORIENTED_EDGE('',*,*,#3433,.F.);
#3433 = EDGE_CURVE('',#3417,#3426,#3434,.T.);
#3434 = LINE('',#3435,#3436);
#3435 = CARTESIAN_POINT('',(-1.735,3.235,1.035));
#3436 = VECTOR('',#3437,1.);
#3437 = DIRECTION('',(2.22044604925E-16,-1.,0.));
#3438 = B_SPLINE_SURFACE_WITH_KNOTS('',1,1,(
    (#3439,#3440)
    ,(#3441,#3442
    )),.UNSPECIFIED.,.F.,.F.,.F.,(2,2),(2,2),(0.,6.5),(0.,1.),
  .PIECEWISE_BEZIER_KNOTS.);
#3439 = CARTESIAN_POINT('',(-1.75,3.25,1.035));
#3440 = CARTESIAN_POINT('',(-1.735,3.235,1.035));
#3441 = CARTESIAN_POINT('',(-1.75,-3.25,1.035));
#3442 = CARTESIAN_POINT('',(-1.735,-3.235,1.035));
#3443 = ADVANCED_FACE('',(#3444),#3455,.F.);
#3444 = FACE_BOUND('',#3445,.F.);
#3445 = EDGE_LOOP('',(#3446,#3447,#3448,#3454));
#3446 = ORIENTED_EDGE('',*,*,#2600,.T.);
#3447 = ORIENTED_EDGE('',*,*,#3234,.T.);
#3448 = ORIENTED_EDGE('',*,*,#3449,.F.);
#3449 = EDGE_CURVE('',#3327,#3235,#3450,.T.);
#3450 = LINE('',#3451,#3452);
#3451 = CARTESIAN_POINT('',(-2.45,-0.38335,0.565));
#3452 = VECTOR('',#3453,1.);
#3453 = DIRECTION('',(-9.95799250103E-17,1.,0.));
#3454 = ORIENTED_EDGE('',*,*,#3326,.F.);
#3455 = CYLINDRICAL_SURFACE('',#3456,0.2);
#3456 = AXIS2_PLACEMENT_3D('',#3457,#3458,#3459);
#3457 = CARTESIAN_POINT('',(-2.25,-0.38335,0.565));
#3458 = DIRECTION('',(9.95799250103E-17,-1.,0.));
#3459 = DIRECTION('',(-4.440892098501E-15,-4.422237021476E-31,1.));
#3460 = ADVANCED_FACE('',(#3461),#3478,.T.);
#3461 = FACE_BOUND('',#3462,.T.);
#3462 = EDGE_LOOP('',(#3463,#3464,#3471,#3477));
#3463 = ORIENTED_EDGE('',*,*,#2622,.T.);
#3464 = ORIENTED_EDGE('',*,*,#3465,.T.);
#3465 = EDGE_CURVE('',#2616,#3466,#3468,.T.);
#3466 = VERTEX_POINT('',#3467);
#3467 = CARTESIAN_POINT('',(1.735,-3.235,1.035));
#3468 = B_SPLINE_CURVE_WITH_KNOTS('',1,(#3469,#3470),.UNSPECIFIED.,.F.,
  .F.,(2,2),(0.,1.),.PIECEWISE_BEZIER_KNOTS.);
#3469 = CARTESIAN_POINT('',(1.75,-3.25,1.035));
#3470 = CARTESIAN_POINT('',(1.735,-3.235,1.035));
#3471 = ORIENTED_EDGE('',*,*,#3472,.F.);
#3472 = EDGE_CURVE('',#2963,#3466,#3473,.T.);
#3473 = LINE('',#3474,#3475);
#3474 = CARTESIAN_POINT('',(-1.735,-3.235,1.035));
#3475 = VECTOR('',#3476,1.);
#3476 = DIRECTION('',(1.,2.22044604925E-16,0.));
#3477 = ORIENTED_EDGE('',*,*,#2962,.F.);
#3478 = B_SPLINE_SURFACE_WITH_KNOTS('',1,1,(
    (#3479,#3480)
    ,(#3481,#3482
    )),.UNSPECIFIED.,.F.,.F.,.F.,(2,2),(2,2),(0.,3.5),(0.,1.),
  .PIECEWISE_BEZIER_KNOTS.);
#3479 = CARTESIAN_POINT('',(-1.75,-3.25,1.035));
#3480 = CARTESIAN_POINT('',(-1.735,-3.235,1.035));
#3481 = CARTESIAN_POINT('',(1.75,-3.25,1.035));
#3482 = CARTESIAN_POINT('',(1.735,-3.235,1.035));
#3483 = ADVANCED_FACE('',(#3484),#3502,.T.);
#3484 = FACE_BOUND('',#3485,.T.);
#3485 = EDGE_LOOP('',(#3486,#3487,#3488,#3496));
#3486 = ORIENTED_EDGE('',*,*,#3465,.F.);
#3487 = ORIENTED_EDGE('',*,*,#2647,.T.);
#3488 = ORIENTED_EDGE('',*,*,#3489,.T.);
#3489 = EDGE_CURVE('',#2640,#3490,#3492,.T.);
#3490 = VERTEX_POINT('',#3491);
#3491 = CARTESIAN_POINT('',(1.735,-1.15005,1.035));
#3492 = LINE('',#3493,#3494);
#3493 = CARTESIAN_POINT('',(2.25,-1.15005,1.035));
#3494 = VECTOR('',#3495,1.);
#3495 = DIRECTION('',(-1.,-2.22044604925E-16,0.));
#3496 = ORIENTED_EDGE('',*,*,#3497,.F.);
#3497 = EDGE_CURVE('',#3466,#3490,#3498,.T.);
#3498 = LINE('',#3499,#3500);
#3499 = CARTESIAN_POINT('',(1.735,-3.235,1.035));
#3500 = VECTOR('',#3501,1.);
#3501 = DIRECTION('',(-2.22044604925E-16,1.,0.));
#3502 = B_SPLINE_SURFACE_WITH_KNOTS('',1,1,(
    (#3503,#3504)
    ,(#3505,#3506
    )),.UNSPECIFIED.,.F.,.F.,.F.,(2,2),(2,2),(0.,6.5),(0.,1.),
  .PIECEWISE_BEZIER_KNOTS.);
#3503 = CARTESIAN_POINT('',(1.75,-3.25,1.035));
#3504 = CARTESIAN_POINT('',(1.735,-3.235,1.035));
#3505 = CARTESIAN_POINT('',(1.75,3.25,1.035));
#3506 = CARTESIAN_POINT('',(1.735,3.235,1.035));
#3507 = ADVANCED_FACE('',(#3508),#3594,.T.);
#3508 = FACE_BOUND('',#3509,.T.);
#3509 = EDGE_LOOP('',(#3510,#3511,#3512,#3521,#3529,#3538,#3546,#3554,
    #3562,#3571,#3579,#3588));
#3510 = ORIENTED_EDGE('',*,*,#2639,.T.);
#3511 = ORIENTED_EDGE('',*,*,#2708,.T.);
#3512 = ORIENTED_EDGE('',*,*,#3513,.T.);
#3513 = EDGE_CURVE('',#2701,#3514,#3516,.T.);
#3514 = VERTEX_POINT('',#3515);
#3515 = CARTESIAN_POINT('',(2.45,-1.15005,0.565));
#3516 = CIRCLE('',#3517,0.2);
#3517 = AXIS2_PLACEMENT_3D('',#3518,#3519,#3520);
#3518 = CARTESIAN_POINT('',(2.25,-1.15005,0.565));
#3519 = DIRECTION('',(-2.22044604925E-16,1.,0.));
#3520 = DIRECTION('',(4.440892098501E-15,9.860761315262E-31,1.));
#3521 = ORIENTED_EDGE('',*,*,#3522,.T.);
#3522 = EDGE_CURVE('',#3514,#3523,#3525,.T.);
#3523 = VERTEX_POINT('',#3524);
#3524 = CARTESIAN_POINT('',(2.45,-1.15005,0.47));
#3525 = LINE('',#3526,#3527);
#3526 = CARTESIAN_POINT('',(2.45,-1.15005,0.565));
#3527 = VECTOR('',#3528,1.);
#3528 = DIRECTION('',(0.,0.,-1.));
#3529 = ORIENTED_EDGE('',*,*,#3530,.T.);
#3530 = EDGE_CURVE('',#3523,#3531,#3533,.T.);
#3531 = VERTEX_POINT('',#3532);
#3532 = CARTESIAN_POINT('',(2.92,-1.15005,1.110223024625E-16));
#3533 = CIRCLE('',#3534,0.47);
#3534 = AXIS2_PLACEMENT_3D('',#3535,#3536,#3537);
#3535 = CARTESIAN_POINT('',(2.92,-1.15005,0.47));
#3536 = DIRECTION('',(2.22044604925E-16,-1.,0.));
#3537 = DIRECTION('',(-1.,-2.22044604925E-16,0.));
#3538 = ORIENTED_EDGE('',*,*,#3539,.T.);
#3539 = EDGE_CURVE('',#3531,#3540,#3542,.T.);
#3540 = VERTEX_POINT('',#3541);
#3541 = CARTESIAN_POINT('',(3.5,-1.15005,1.110223024625E-16));
#3542 = LINE('',#3543,#3544);
#3543 = CARTESIAN_POINT('',(2.92,-1.15005,1.110223024625E-16));
#3544 = VECTOR('',#3545,1.);
#3545 = DIRECTION('',(1.,2.22044604925E-16,0.));
#3546 = ORIENTED_EDGE('',*,*,#3547,.T.);
#3547 = EDGE_CURVE('',#3540,#3548,#3550,.T.);
#3548 = VERTEX_POINT('',#3549);
#3549 = CARTESIAN_POINT('',(3.5,-1.15005,0.27));
#3550 = LINE('',#3551,#3552);
#3551 = CARTESIAN_POINT('',(3.5,-1.15005,1.110223024625E-16));
#3552 = VECTOR('',#3553,1.);
#3553 = DIRECTION('',(0.,0.,1.));
#3554 = ORIENTED_EDGE('',*,*,#3555,.T.);
#3555 = EDGE_CURVE('',#3548,#3556,#3558,.T.);
#3556 = VERTEX_POINT('',#3557);
#3557 = CARTESIAN_POINT('',(2.92,-1.15005,0.27));
#3558 = LINE('',#3559,#3560);
#3559 = CARTESIAN_POINT('',(3.5,-1.15005,0.27));
#3560 = VECTOR('',#3561,1.);
#3561 = DIRECTION('',(-1.,-2.22044604925E-16,0.));
#3562 = ORIENTED_EDGE('',*,*,#3563,.T.);
#3563 = EDGE_CURVE('',#3556,#3564,#3566,.T.);
#3564 = VERTEX_POINT('',#3565);
#3565 = CARTESIAN_POINT('',(2.72,-1.15005,0.47));
#3566 = CIRCLE('',#3567,0.2);
#3567 = AXIS2_PLACEMENT_3D('',#3568,#3569,#3570);
#3568 = CARTESIAN_POINT('',(2.92,-1.15005,0.47));
#3569 = DIRECTION('',(-2.22044604925E-16,1.,0.));
#3570 = DIRECTION('',(-2.22044604925E-15,-4.93038065763E-31,-1.));
#3571 = ORIENTED_EDGE('',*,*,#3572,.T.);
#3572 = EDGE_CURVE('',#3564,#3573,#3575,.T.);
#3573 = VERTEX_POINT('',#3574);
#3574 = CARTESIAN_POINT('',(2.72,-1.15005,0.565));
#3575 = LINE('',#3576,#3577);
#3576 = CARTESIAN_POINT('',(2.72,-1.15005,0.47));
#3577 = VECTOR('',#3578,1.);
#3578 = DIRECTION('',(0.,0.,1.));
#3579 = ORIENTED_EDGE('',*,*,#3580,.T.);
#3580 = EDGE_CURVE('',#3573,#3581,#3583,.T.);
#3581 = VERTEX_POINT('',#3582);
#3582 = CARTESIAN_POINT('',(2.25,-1.15005,1.035));
#3583 = CIRCLE('',#3584,0.47);
#3584 = AXIS2_PLACEMENT_3D('',#3585,#3586,#3587);
#3585 = CARTESIAN_POINT('',(2.25,-1.15005,0.565));
#3586 = DIRECTION('',(2.22044604925E-16,-1.,0.));
#3587 = DIRECTION('',(1.,2.22044604925E-16,-4.724353296277E-16));
#3588 = ORIENTED_EDGE('',*,*,#3589,.T.);
#3589 = EDGE_CURVE('',#3581,#2640,#3590,.T.);
#3590 = LINE('',#3591,#3592);
#3591 = CARTESIAN_POINT('',(2.25,-1.15005,1.035));
#3592 = VECTOR('',#3593,1.);
#3593 = DIRECTION('',(-1.,-2.22044604925E-16,0.));
#3594 = PLANE('',#3595);
#3595 = AXIS2_PLACEMENT_3D('',#3596,#3597,#3598);
#3596 = CARTESIAN_POINT('',(2.60537406739,-1.15005,0.509896994364));
#3597 = DIRECTION('',(2.22044604925E-16,-1.,0.));
#3598 = DIRECTION('',(0.,0.,1.));
#3599 = ADVANCED_FACE('',(#3600),#3686,.F.);
#3600 = FACE_BOUND('',#3601,.F.);
#3601 = EDGE_LOOP('',(#3602,#3603,#3604,#3613,#3621,#3630,#3638,#3646,
    #3654,#3663,#3671,#3680));
#3602 = ORIENTED_EDGE('',*,*,#2661,.T.);
#3603 = ORIENTED_EDGE('',*,*,#2692,.T.);
#3604 = ORIENTED_EDGE('',*,*,#3605,.T.);
#3605 = EDGE_CURVE('',#2693,#3606,#3608,.T.);
#3606 = VERTEX_POINT('',#3607);
#3607 = CARTESIAN_POINT('',(2.45,1.15005,0.565));
#3608 = CIRCLE('',#3609,0.2);
#3609 = AXIS2_PLACEMENT_3D('',#3610,#3611,#3612);
#3610 = CARTESIAN_POINT('',(2.25,1.15005,0.565));
#3611 = DIRECTION('',(-2.22044604925E-16,1.,0.));
#3612 = DIRECTION('',(4.440892098501E-15,9.860761315262E-31,1.));
#3613 = ORIENTED_EDGE('',*,*,#3614,.T.);
#3614 = EDGE_CURVE('',#3606,#3615,#3617,.T.);
#3615 = VERTEX_POINT('',#3616);
#3616 = CARTESIAN_POINT('',(2.45,1.15005,0.47));
#3617 = LINE('',#3618,#3619);
#3618 = CARTESIAN_POINT('',(2.45,1.15005,0.565));
#3619 = VECTOR('',#3620,1.);
#3620 = DIRECTION('',(0.,0.,-1.));
#3621 = ORIENTED_EDGE('',*,*,#3622,.T.);
#3622 = EDGE_CURVE('',#3615,#3623,#3625,.T.);
#3623 = VERTEX_POINT('',#3624);
#3624 = CARTESIAN_POINT('',(2.92,1.15005,1.110223024625E-16));
#3625 = CIRCLE('',#3626,0.47);
#3626 = AXIS2_PLACEMENT_3D('',#3627,#3628,#3629);
#3627 = CARTESIAN_POINT('',(2.92,1.15005,0.47));
#3628 = DIRECTION('',(2.22044604925E-16,-1.,0.));
#3629 = DIRECTION('',(-1.,-2.22044604925E-16,0.));
#3630 = ORIENTED_EDGE('',*,*,#3631,.T.);
#3631 = EDGE_CURVE('',#3623,#3632,#3634,.T.);
#3632 = VERTEX_POINT('',#3633);
#3633 = CARTESIAN_POINT('',(3.5,1.15005,1.110223024625E-16));
#3634 = LINE('',#3635,#3636);
#3635 = CARTESIAN_POINT('',(2.92,1.15005,1.110223024625E-16));
#3636 = VECTOR('',#3637,1.);
#3637 = DIRECTION('',(1.,2.22044604925E-16,0.));
#3638 = ORIENTED_EDGE('',*,*,#3639,.T.);
#3639 = EDGE_CURVE('',#3632,#3640,#3642,.T.);
#3640 = VERTEX_POINT('',#3641);
#3641 = CARTESIAN_POINT('',(3.5,1.15005,0.27));
#3642 = LINE('',#3643,#3644);
#3643 = CARTESIAN_POINT('',(3.5,1.15005,1.110223024625E-16));
#3644 = VECTOR('',#3645,1.);
#3645 = DIRECTION('',(0.,0.,1.));
#3646 = ORIENTED_EDGE('',*,*,#3647,.T.);
#3647 = EDGE_CURVE('',#3640,#3648,#3650,.T.);
#3648 = VERTEX_POINT('',#3649);
#3649 = CARTESIAN_POINT('',(2.92,1.15005,0.27));
#3650 = LINE('',#3651,#3652);
#3651 = CARTESIAN_POINT('',(3.5,1.15005,0.27));
#3652 = VECTOR('',#3653,1.);
#3653 = DIRECTION('',(-1.,-2.22044604925E-16,0.));
#3654 = ORIENTED_EDGE('',*,*,#3655,.T.);
#3655 = EDGE_CURVE('',#3648,#3656,#3658,.T.);
#3656 = VERTEX_POINT('',#3657);
#3657 = CARTESIAN_POINT('',(2.72,1.15005,0.47));
#3658 = CIRCLE('',#3659,0.2);
#3659 = AXIS2_PLACEMENT_3D('',#3660,#3661,#3662);
#3660 = CARTESIAN_POINT('',(2.92,1.15005,0.47));
#3661 = DIRECTION('',(-2.22044604925E-16,1.,0.));
#3662 = DIRECTION('',(-2.22044604925E-15,-4.93038065763E-31,-1.));
#3663 = ORIENTED_EDGE('',*,*,#3664,.T.);
#3664 = EDGE_CURVE('',#3656,#3665,#3667,.T.);
#3665 = VERTEX_POINT('',#3666);
#3666 = CARTESIAN_POINT('',(2.72,1.15005,0.565));
#3667 = LINE('',#3668,#3669);
#3668 = CARTESIAN_POINT('',(2.72,1.15005,0.47));
#3669 = VECTOR('',#3670,1.);
#3670 = DIRECTION('',(0.,0.,1.));
#3671 = ORIENTED_EDGE('',*,*,#3672,.T.);
#3672 = EDGE_CURVE('',#3665,#3673,#3675,.T.);
#3673 = VERTEX_POINT('',#3674);
#3674 = CARTESIAN_POINT('',(2.25,1.15005,1.035));
#3675 = CIRCLE('',#3676,0.47);
#3676 = AXIS2_PLACEMENT_3D('',#3677,#3678,#3679);
#3677 = CARTESIAN_POINT('',(2.25,1.15005,0.565));
#3678 = DIRECTION('',(2.22044604925E-16,-1.,0.));
#3679 = DIRECTION('',(1.,2.22044604925E-16,-4.724353296277E-16));
#3680 = ORIENTED_EDGE('',*,*,#3681,.T.);
#3681 = EDGE_CURVE('',#3673,#2662,#3682,.T.);
#3682 = LINE('',#3683,#3684);
#3683 = CARTESIAN_POINT('',(2.25,1.15005,1.035));
#3684 = VECTOR('',#3685,1.);
#3685 = DIRECTION('',(-1.,-2.22044604925E-16,0.));
#3686 = PLANE('',#3687);
#3687 = AXIS2_PLACEMENT_3D('',#3688,#3689,#3690);
#3688 = CARTESIAN_POINT('',(2.60537406739,1.15005,0.509896994364));
#3689 = DIRECTION('',(2.22044604925E-16,-1.,0.));
#3690 = DIRECTION('',(0.,0.,1.));
#3691 = ADVANCED_FACE('',(#3692),#3716,.T.);
#3692 = FACE_BOUND('',#3693,.T.);
#3693 = EDGE_LOOP('',(#3694,#3702,#3703,#3710));
#3694 = ORIENTED_EDGE('',*,*,#3695,.F.);
#3695 = EDGE_CURVE('',#2662,#3696,#3698,.T.);
#3696 = VERTEX_POINT('',#3697);
#3697 = CARTESIAN_POINT('',(1.735,1.15005,1.035));
#3698 = LINE('',#3699,#3700);
#3699 = CARTESIAN_POINT('',(2.25,1.15005,1.035));
#3700 = VECTOR('',#3701,1.);
#3701 = DIRECTION('',(-1.,-2.22044604925E-16,0.));
#3702 = ORIENTED_EDGE('',*,*,#2677,.T.);
#3703 = ORIENTED_EDGE('',*,*,#3704,.T.);
#3704 = EDGE_CURVE('',#2671,#3705,#3707,.T.);
#3705 = VERTEX_POINT('',#3706);
#3706 = CARTESIAN_POINT('',(1.735,3.235,1.035));
#3707 = B_SPLINE_CURVE_WITH_KNOTS('',1,(#3708,#3709),.UNSPECIFIED.,.F.,
  .F.,(2,2),(0.,1.),.PIECEWISE_BEZIER_KNOTS.);
#3708 = CARTESIAN_POINT('',(1.75,3.25,1.035));
#3709 = CARTESIAN_POINT('',(1.735,3.235,1.035));
#3710 = ORIENTED_EDGE('',*,*,#3711,.F.);
#3711 = EDGE_CURVE('',#3696,#3705,#3712,.T.);
#3712 = LINE('',#3713,#3714);
#3713 = CARTESIAN_POINT('',(1.735,-3.235,1.035));
#3714 = VECTOR('',#3715,1.);
#3715 = DIRECTION('',(-2.22044604925E-16,1.,0.));
#3716 = B_SPLINE_SURFACE_WITH_KNOTS('',1,1,(
    (#3717,#3718)
    ,(#3719,#3720
    )),.UNSPECIFIED.,.F.,.F.,.F.,(2,2),(2,2),(0.,6.5),(0.,1.),
  .PIECEWISE_BEZIER_KNOTS.);
#3717 = CARTESIAN_POINT('',(1.75,-3.25,1.035));
#3718 = CARTESIAN_POINT('',(1.735,-3.235,1.035));
#3719 = CARTESIAN_POINT('',(1.75,3.25,1.035));
#3720 = CARTESIAN_POINT('',(1.735,3.235,1.035));
#3721 = ADVANCED_FACE('',(#3722),#3733,.F.);
#3722 = FACE_BOUND('',#3723,.F.);
#3723 = EDGE_LOOP('',(#3724,#3730,#3731,#3732));
#3724 = ORIENTED_EDGE('',*,*,#3725,.F.);
#3725 = EDGE_CURVE('',#3606,#3514,#3726,.T.);
#3726 = LINE('',#3727,#3728);
#3727 = CARTESIAN_POINT('',(2.45,-0.38335,0.565));
#3728 = VECTOR('',#3729,1.);
#3729 = DIRECTION('',(2.22044604925E-16,-1.,0.));
#3730 = ORIENTED_EDGE('',*,*,#3605,.F.);
#3731 = ORIENTED_EDGE('',*,*,#2700,.T.);
#3732 = ORIENTED_EDGE('',*,*,#3513,.T.);
#3733 = CYLINDRICAL_SURFACE('',#3734,0.2);
#3734 = AXIS2_PLACEMENT_3D('',#3735,#3736,#3737);
#3735 = CARTESIAN_POINT('',(2.25,1.15005,0.565));
#3736 = DIRECTION('',(-2.22044604925E-16,1.,0.));
#3737 = DIRECTION('',(4.440892098501E-15,9.860761315262E-31,1.));
#3738 = ADVANCED_FACE('',(#3739),#3750,.T.);
#3739 = FACE_BOUND('',#3740,.T.);
#3740 = EDGE_LOOP('',(#3741,#3742,#3743,#3749));
#3741 = ORIENTED_EDGE('',*,*,#2724,.T.);
#3742 = ORIENTED_EDGE('',*,*,#2739,.T.);
#3743 = ORIENTED_EDGE('',*,*,#3744,.F.);
#3744 = EDGE_CURVE('',#3705,#2740,#3745,.T.);
#3745 = LINE('',#3746,#3747);
#3746 = CARTESIAN_POINT('',(1.735,3.235,1.035));
#3747 = VECTOR('',#3748,1.);
#3748 = DIRECTION('',(-1.,-2.22044604925E-16,0.));
#3749 = ORIENTED_EDGE('',*,*,#3704,.F.);
#3750 = B_SPLINE_SURFACE_WITH_KNOTS('',1,1,(
    (#3751,#3752)
    ,(#3753,#3754
    )),.UNSPECIFIED.,.F.,.F.,.F.,(2,2),(2,2),(0.,3.5),(0.,1.),
  .PIECEWISE_BEZIER_KNOTS.);
#3751 = CARTESIAN_POINT('',(1.75,3.25,1.035));
#3752 = CARTESIAN_POINT('',(1.735,3.235,1.035));
#3753 = CARTESIAN_POINT('',(-1.75,3.25,1.035));
#3754 = CARTESIAN_POINT('',(-1.735,3.235,1.035));
#3755 = ADVANCED_FACE('',(#3756),#3800,.T.);
#3756 = FACE_BOUND('',#3757,.T.);
#3757 = EDGE_LOOP('',(#3758,#3759,#3765,#3766,#3772,#3773,#3779,#3780,
    #3787,#3795));
#3758 = ORIENTED_EDGE('',*,*,#2755,.T.);
#3759 = ORIENTED_EDGE('',*,*,#3760,.T.);
#3760 = EDGE_CURVE('',#2748,#3202,#3761,.T.);
#3761 = LINE('',#3762,#3763);
#3762 = CARTESIAN_POINT('',(-1.735,3.235,1.035));
#3763 = VECTOR('',#3764,1.);
#3764 = DIRECTION('',(2.22044604925E-16,-1.,0.));
#3765 = ORIENTED_EDGE('',*,*,#3218,.T.);
#3766 = ORIENTED_EDGE('',*,*,#3767,.T.);
#3767 = EDGE_CURVE('',#3211,#3417,#3768,.T.);
#3768 = LINE('',#3769,#3770);
#3769 = CARTESIAN_POINT('',(-1.735,3.235,1.035));
#3770 = VECTOR('',#3771,1.);
#3771 = DIRECTION('',(2.22044604925E-16,-1.,0.));
#3772 = ORIENTED_EDGE('',*,*,#3433,.T.);
#3773 = ORIENTED_EDGE('',*,*,#3774,.T.);
#3774 = EDGE_CURVE('',#3426,#2954,#3775,.T.);
#3775 = LINE('',#3776,#3777);
#3776 = CARTESIAN_POINT('',(-1.735,3.235,1.035));
#3777 = VECTOR('',#3778,1.);
#3778 = DIRECTION('',(2.22044604925E-16,-1.,0.));
#3779 = ORIENTED_EDGE('',*,*,#2969,.T.);
#3780 = ORIENTED_EDGE('',*,*,#3781,.T.);
#3781 = EDGE_CURVE('',#2963,#3782,#3784,.T.);
#3782 = VERTEX_POINT('',#3783);
#3783 = CARTESIAN_POINT('',(-1.641540344923,-3.141540344923,1.7));
#3784 = B_SPLINE_CURVE_WITH_KNOTS('',1,(#3785,#3786),.UNSPECIFIED.,.F.,
  .F.,(2,2),(0.,1.),.PIECEWISE_BEZIER_KNOTS.);
#3785 = CARTESIAN_POINT('',(-1.735,-3.235,1.035));
#3786 = CARTESIAN_POINT('',(-1.641540344923,-3.141540344923,1.7));
#3787 = ORIENTED_EDGE('',*,*,#3788,.F.);
#3788 = EDGE_CURVE('',#3789,#3782,#3791,.T.);
#3789 = VERTEX_POINT('',#3790);
#3790 = CARTESIAN_POINT('',(-1.641540344923,3.141540344923,1.7));
#3791 = LINE('',#3792,#3793);
#3792 = CARTESIAN_POINT('',(-1.641540344923,3.141540344923,1.7));
#3793 = VECTOR('',#3794,1.);
#3794 = DIRECTION('',(2.22044604925E-16,-1.,0.));
#3795 = ORIENTED_EDGE('',*,*,#3796,.F.);
#3796 = EDGE_CURVE('',#2740,#3789,#3797,.T.);
#3797 = B_SPLINE_CURVE_WITH_KNOTS('',1,(#3798,#3799),.UNSPECIFIED.,.F.,
  .F.,(2,2),(0.,1.),.PIECEWISE_BEZIER_KNOTS.);
#3798 = CARTESIAN_POINT('',(-1.735,3.235,1.035));
#3799 = CARTESIAN_POINT('',(-1.641540344923,3.141540344923,1.7));
#3800 = B_SPLINE_SURFACE_WITH_KNOTS('',1,1,(
    (#3801,#3802)
    ,(#3803,#3804
    )),.UNSPECIFIED.,.F.,.F.,.F.,(2,2),(2,2),(0.,6.47),(0.,1.),
  .PIECEWISE_BEZIER_KNOTS.);
#3801 = CARTESIAN_POINT('',(-1.735,3.235,1.035));
#3802 = CARTESIAN_POINT('',(-1.641540344923,3.141540344923,1.7));
#3803 = CARTESIAN_POINT('',(-1.735,-3.235,1.035));
#3804 = CARTESIAN_POINT('',(-1.641540344923,-3.141540344923,1.7));
#3805 = ADVANCED_FACE('',(#3806),#3819,.F.);
#3806 = FACE_BOUND('',#3807,.F.);
#3807 = EDGE_LOOP('',(#3808,#3809,#3815,#3816,#3817,#3818));
#3808 = ORIENTED_EDGE('',*,*,#3061,.F.);
#3809 = ORIENTED_EDGE('',*,*,#3810,.T.);
#3810 = EDGE_CURVE('',#3053,#2839,#3811,.T.);
#3811 = LINE('',#3812,#3813);
#3812 = CARTESIAN_POINT('',(-2.25,1.91675,1.035));
#3813 = VECTOR('',#3814,1.);
#3814 = DIRECTION('',(-9.95799250103E-17,1.,0.));
#3815 = ORIENTED_EDGE('',*,*,#2847,.T.);
#3816 = ORIENTED_EDGE('',*,*,#2747,.T.);
#3817 = ORIENTED_EDGE('',*,*,#3760,.T.);
#3818 = ORIENTED_EDGE('',*,*,#3201,.F.);
#3819 = PLANE('',#3820);
#3820 = AXIS2_PLACEMENT_3D('',#3821,#3822,#3823);
#3821 = CARTESIAN_POINT('',(-2.25,1.91675,1.035));
#3822 = DIRECTION('',(-0.,0.,-1.));
#3823 = DIRECTION('',(1.,9.95799250103E-17,0.));
#3824 = ADVANCED_FACE('',(#3825),#3836,.T.);
#3825 = FACE_BOUND('',#3826,.T.);
#3826 = EDGE_LOOP('',(#3827,#3828,#3829,#3830));
#3827 = ORIENTED_EDGE('',*,*,#3052,.T.);
#3828 = ORIENTED_EDGE('',*,*,#3810,.T.);
#3829 = ORIENTED_EDGE('',*,*,#2838,.F.);
#3830 = ORIENTED_EDGE('',*,*,#3831,.F.);
#3831 = EDGE_CURVE('',#3045,#2831,#3832,.T.);
#3832 = LINE('',#3833,#3834);
#3833 = CARTESIAN_POINT('',(-2.72,1.91675,0.565));
#3834 = VECTOR('',#3835,1.);
#3835 = DIRECTION('',(-9.95799250103E-17,1.,0.));
#3836 = CYLINDRICAL_SURFACE('',#3837,0.47);
#3837 = AXIS2_PLACEMENT_3D('',#3838,#3839,#3840);
#3838 = CARTESIAN_POINT('',(-2.25,1.91675,0.565));
#3839 = DIRECTION('',(9.95799250103E-17,-1.,-0.));
#3840 = DIRECTION('',(-1.,-9.95799250103E-17,-4.724353296277E-16));
#3841 = ADVANCED_FACE('',(#3842),#3853,.F.);
#3842 = FACE_BOUND('',#3843,.F.);
#3843 = EDGE_LOOP('',(#3844,#3850,#3851,#3852));
#3844 = ORIENTED_EDGE('',*,*,#3845,.T.);
#3845 = EDGE_CURVE('',#3036,#2822,#3846,.T.);
#3846 = LINE('',#3847,#3848);
#3847 = CARTESIAN_POINT('',(-2.72,1.91675,0.47));
#3848 = VECTOR('',#3849,1.);
#3849 = DIRECTION('',(-9.95799250103E-17,1.,0.));
#3850 = ORIENTED_EDGE('',*,*,#2830,.T.);
#3851 = ORIENTED_EDGE('',*,*,#3831,.F.);
#3852 = ORIENTED_EDGE('',*,*,#3044,.F.);
#3853 = PLANE('',#3854);
#3854 = AXIS2_PLACEMENT_3D('',#3855,#3856,#3857);
#3855 = CARTESIAN_POINT('',(-2.72,1.91675,0.47));
#3856 = DIRECTION('',(1.,9.95799250103E-17,0.));
#3857 = DIRECTION('',(0.,-0.,1.));
#3858 = ADVANCED_FACE('',(#3859),#3870,.F.);
#3859 = FACE_BOUND('',#3860,.F.);
#3860 = EDGE_LOOP('',(#3861,#3867,#3868,#3869));
#3861 = ORIENTED_EDGE('',*,*,#3862,.T.);
#3862 = EDGE_CURVE('',#3028,#2814,#3863,.T.);
#3863 = LINE('',#3864,#3865);
#3864 = CARTESIAN_POINT('',(-2.92,1.91675,0.27));
#3865 = VECTOR('',#3866,1.);
#3866 = DIRECTION('',(-9.95799250103E-17,1.,0.));
#3867 = ORIENTED_EDGE('',*,*,#2821,.T.);
#3868 = ORIENTED_EDGE('',*,*,#3845,.F.);
#3869 = ORIENTED_EDGE('',*,*,#3035,.F.);
#3870 = CYLINDRICAL_SURFACE('',#3871,0.2);
#3871 = AXIS2_PLACEMENT_3D('',#3872,#3873,#3874);
#3872 = CARTESIAN_POINT('',(-2.92,1.91675,0.47));
#3873 = DIRECTION('',(9.95799250103E-17,-1.,0.));
#3874 = DIRECTION('',(2.22044604925E-15,2.211118510737E-31,-1.));
#3875 = ADVANCED_FACE('',(#3876),#3887,.F.);
#3876 = FACE_BOUND('',#3877,.F.);
#3877 = EDGE_LOOP('',(#3878,#3884,#3885,#3886));
#3878 = ORIENTED_EDGE('',*,*,#3879,.T.);
#3879 = EDGE_CURVE('',#3020,#2806,#3880,.T.);
#3880 = LINE('',#3881,#3882);
#3881 = CARTESIAN_POINT('',(-3.5,1.91675,0.27));
#3882 = VECTOR('',#3883,1.);
#3883 = DIRECTION('',(-9.95799250103E-17,1.,0.));
#3884 = ORIENTED_EDGE('',*,*,#2813,.T.);
#3885 = ORIENTED_EDGE('',*,*,#3862,.F.);
#3886 = ORIENTED_EDGE('',*,*,#3027,.F.);
#3887 = PLANE('',#3888);
#3888 = AXIS2_PLACEMENT_3D('',#3889,#3890,#3891);
#3889 = CARTESIAN_POINT('',(-3.5,1.91675,0.27));
#3890 = DIRECTION('',(-0.,0.,-1.));
#3891 = DIRECTION('',(1.,9.95799250103E-17,0.));
#3892 = ADVANCED_FACE('',(#3893),#3904,.F.);
#3893 = FACE_BOUND('',#3894,.F.);
#3894 = EDGE_LOOP('',(#3895,#3901,#3902,#3903));
#3895 = ORIENTED_EDGE('',*,*,#3896,.T.);
#3896 = EDGE_CURVE('',#3012,#2798,#3897,.T.);
#3897 = LINE('',#3898,#3899);
#3898 = CARTESIAN_POINT('',(-3.5,1.91675,1.110223024625E-16));
#3899 = VECTOR('',#3900,1.);
#3900 = DIRECTION('',(-9.95799250103E-17,1.,0.));
#3901 = ORIENTED_EDGE('',*,*,#2805,.T.);
#3902 = ORIENTED_EDGE('',*,*,#3879,.F.);
#3903 = ORIENTED_EDGE('',*,*,#3019,.F.);
#3904 = PLANE('',#3905);
#3905 = AXIS2_PLACEMENT_3D('',#3906,#3907,#3908);
#3906 = CARTESIAN_POINT('',(-3.5,1.91675,1.110223024625E-16));
#3907 = DIRECTION('',(1.,9.95799250103E-17,0.));
#3908 = DIRECTION('',(0.,-0.,1.));
#3909 = ADVANCED_FACE('',(#3910),#3921,.F.);
#3910 = FACE_BOUND('',#3911,.F.);
#3911 = EDGE_LOOP('',(#3912,#3918,#3919,#3920));
#3912 = ORIENTED_EDGE('',*,*,#3913,.T.);
#3913 = EDGE_CURVE('',#3003,#2789,#3914,.T.);
#3914 = LINE('',#3915,#3916);
#3915 = CARTESIAN_POINT('',(-2.92,1.91675,1.110223024625E-16));
#3916 = VECTOR('',#3917,1.);
#3917 = DIRECTION('',(-9.95799250103E-17,1.,0.));
#3918 = ORIENTED_EDGE('',*,*,#2797,.T.);
#3919 = ORIENTED_EDGE('',*,*,#3896,.F.);
#3920 = ORIENTED_EDGE('',*,*,#3011,.F.);
#3921 = PLANE('',#3922);
#3922 = AXIS2_PLACEMENT_3D('',#3923,#3924,#3925);
#3923 = CARTESIAN_POINT('',(-2.92,1.91675,1.110223024625E-16));
#3924 = DIRECTION('',(0.,0.,1.));
#3925 = DIRECTION('',(-1.,-9.95799250103E-17,0.));
#3926 = ADVANCED_FACE('',(#3927),#3938,.T.);
#3927 = FACE_BOUND('',#3928,.T.);
#3928 = EDGE_LOOP('',(#3929,#3930,#3931,#3932));
#3929 = ORIENTED_EDGE('',*,*,#3002,.T.);
#3930 = ORIENTED_EDGE('',*,*,#3913,.T.);
#3931 = ORIENTED_EDGE('',*,*,#2788,.F.);
#3932 = ORIENTED_EDGE('',*,*,#3933,.F.);
#3933 = EDGE_CURVE('',#2995,#2781,#3934,.T.);
#3934 = LINE('',#3935,#3936);
#3935 = CARTESIAN_POINT('',(-2.45,1.91675,0.47));
#3936 = VECTOR('',#3937,1.);
#3937 = DIRECTION('',(-9.95799250103E-17,1.,0.));
#3938 = CYLINDRICAL_SURFACE('',#3939,0.47);
#3939 = AXIS2_PLACEMENT_3D('',#3940,#3941,#3942);
#3940 = CARTESIAN_POINT('',(-2.92,1.91675,0.47));
#3941 = DIRECTION('',(9.95799250103E-17,-1.,-0.));
#3942 = DIRECTION('',(1.,9.95799250103E-17,0.));
#3943 = ADVANCED_FACE('',(#3944),#3950,.F.);
#3944 = FACE_BOUND('',#3945,.F.);
#3945 = EDGE_LOOP('',(#3946,#3947,#3948,#3949));
#3946 = ORIENTED_EDGE('',*,*,#3077,.T.);
#3947 = ORIENTED_EDGE('',*,*,#2780,.T.);
#3948 = ORIENTED_EDGE('',*,*,#3933,.F.);
#3949 = ORIENTED_EDGE('',*,*,#2994,.F.);
#3950 = PLANE('',#3951);
#3951 = AXIS2_PLACEMENT_3D('',#3952,#3953,#3954);
#3952 = CARTESIAN_POINT('',(-2.45,1.91675,0.565));
#3953 = DIRECTION('',(-1.,-9.95799250103E-17,0.));
#3954 = DIRECTION('',(-0.,0.,-1.));
#3955 = ADVANCED_FACE('',(#3956),#3969,.F.);
#3956 = FACE_BOUND('',#3957,.F.);
#3957 = EDGE_LOOP('',(#3958,#3959,#3965,#3966,#3967,#3968));
#3958 = ORIENTED_EDGE('',*,*,#2939,.F.);
#3959 = ORIENTED_EDGE('',*,*,#3960,.T.);
#3960 = EDGE_CURVE('',#2931,#3179,#3961,.T.);
#3961 = LINE('',#3962,#3963);
#3962 = CARTESIAN_POINT('',(-2.25,-2.68345,1.035));
#3963 = VECTOR('',#3964,1.);
#3964 = DIRECTION('',(-9.95799250103E-17,1.,0.));
#3965 = ORIENTED_EDGE('',*,*,#3187,.T.);
#3966 = ORIENTED_EDGE('',*,*,#3425,.T.);
#3967 = ORIENTED_EDGE('',*,*,#3774,.T.);
#3968 = ORIENTED_EDGE('',*,*,#2953,.F.);
#3969 = PLANE('',#3970);
#3970 = AXIS2_PLACEMENT_3D('',#3971,#3972,#3973);
#3971 = CARTESIAN_POINT('',(-2.25,-2.68345,1.035));
#3972 = DIRECTION('',(-0.,0.,-1.));
#3973 = DIRECTION('',(1.,9.95799250103E-17,0.));
#3974 = ADVANCED_FACE('',(#3975),#3986,.T.);
#3975 = FACE_BOUND('',#3976,.T.);
#3976 = EDGE_LOOP('',(#3977,#3978,#3979,#3980));
#3977 = ORIENTED_EDGE('',*,*,#2930,.T.);
#3978 = ORIENTED_EDGE('',*,*,#3960,.T.);
#3979 = ORIENTED_EDGE('',*,*,#3178,.F.);
#3980 = ORIENTED_EDGE('',*,*,#3981,.F.);
#3981 = EDGE_CURVE('',#2923,#3171,#3982,.T.);
#3982 = LINE('',#3983,#3984);
#3983 = CARTESIAN_POINT('',(-2.72,-2.68345,0.565));
#3984 = VECTOR('',#3985,1.);
#3985 = DIRECTION('',(-9.95799250103E-17,1.,0.));
#3986 = CYLINDRICAL_SURFACE('',#3987,0.47);
#3987 = AXIS2_PLACEMENT_3D('',#3988,#3989,#3990);
#3988 = CARTESIAN_POINT('',(-2.25,-2.68345,0.565));
#3989 = DIRECTION('',(9.95799250103E-17,-1.,-0.));
#3990 = DIRECTION('',(-1.,-9.95799250103E-17,-4.724353296277E-16));
#3991 = ADVANCED_FACE('',(#3992),#4003,.F.);
#3992 = FACE_BOUND('',#3993,.F.);
#3993 = EDGE_LOOP('',(#3994,#4000,#4001,#4002));
#3994 = ORIENTED_EDGE('',*,*,#3995,.T.);
#3995 = EDGE_CURVE('',#2914,#3162,#3996,.T.);
#3996 = LINE('',#3997,#3998);
#3997 = CARTESIAN_POINT('',(-2.72,-2.68345,0.47));
#3998 = VECTOR('',#3999,1.);
#3999 = DIRECTION('',(-9.95799250103E-17,1.,0.));
#4000 = ORIENTED_EDGE('',*,*,#3170,.T.);
#4001 = ORIENTED_EDGE('',*,*,#3981,.F.);
#4002 = ORIENTED_EDGE('',*,*,#2922,.F.);
#4003 = PLANE('',#4004);
#4004 = AXIS2_PLACEMENT_3D('',#4005,#4006,#4007);
#4005 = CARTESIAN_POINT('',(-2.72,-2.68345,0.47));
#4006 = DIRECTION('',(1.,9.95799250103E-17,0.));
#4007 = DIRECTION('',(0.,-0.,1.));
#4008 = ADVANCED_FACE('',(#4009),#4020,.F.);
#4009 = FACE_BOUND('',#4010,.F.);
#4010 = EDGE_LOOP('',(#4011,#4017,#4018,#4019));
#4011 = ORIENTED_EDGE('',*,*,#4012,.T.);
#4012 = EDGE_CURVE('',#2906,#3154,#4013,.T.);
#4013 = LINE('',#4014,#4015);
#4014 = CARTESIAN_POINT('',(-2.92,-2.68345,0.27));
#4015 = VECTOR('',#4016,1.);
#4016 = DIRECTION('',(-9.95799250103E-17,1.,0.));
#4017 = ORIENTED_EDGE('',*,*,#3161,.T.);
#4018 = ORIENTED_EDGE('',*,*,#3995,.F.);
#4019 = ORIENTED_EDGE('',*,*,#2913,.F.);
#4020 = CYLINDRICAL_SURFACE('',#4021,0.2);
#4021 = AXIS2_PLACEMENT_3D('',#4022,#4023,#4024);
#4022 = CARTESIAN_POINT('',(-2.92,-2.68345,0.47));
#4023 = DIRECTION('',(9.95799250103E-17,-1.,0.));
#4024 = DIRECTION('',(2.22044604925E-15,2.211118510737E-31,-1.));
#4025 = ADVANCED_FACE('',(#4026),#4037,.F.);
#4026 = FACE_BOUND('',#4027,.F.);
#4027 = EDGE_LOOP('',(#4028,#4034,#4035,#4036));
#4028 = ORIENTED_EDGE('',*,*,#4029,.T.);
#4029 = EDGE_CURVE('',#2898,#3146,#4030,.T.);
#4030 = LINE('',#4031,#4032);
#4031 = CARTESIAN_POINT('',(-3.5,-2.68345,0.27));
#4032 = VECTOR('',#4033,1.);
#4033 = DIRECTION('',(-9.95799250103E-17,1.,0.));
#4034 = ORIENTED_EDGE('',*,*,#3153,.T.);
#4035 = ORIENTED_EDGE('',*,*,#4012,.F.);
#4036 = ORIENTED_EDGE('',*,*,#2905,.F.);
#4037 = PLANE('',#4038);
#4038 = AXIS2_PLACEMENT_3D('',#4039,#4040,#4041);
#4039 = CARTESIAN_POINT('',(-3.5,-2.68345,0.27));
#4040 = DIRECTION('',(-0.,0.,-1.));
#4041 = DIRECTION('',(1.,9.95799250103E-17,0.));
#4042 = ADVANCED_FACE('',(#4043),#4054,.F.);
#4043 = FACE_BOUND('',#4044,.F.);
#4044 = EDGE_LOOP('',(#4045,#4051,#4052,#4053));
#4045 = ORIENTED_EDGE('',*,*,#4046,.T.);
#4046 = EDGE_CURVE('',#2890,#3138,#4047,.T.);
#4047 = LINE('',#4048,#4049);
#4048 = CARTESIAN_POINT('',(-3.5,-2.68345,1.110223024625E-16));
#4049 = VECTOR('',#4050,1.);
#4050 = DIRECTION('',(-9.95799250103E-17,1.,0.));
#4051 = ORIENTED_EDGE('',*,*,#3145,.T.);
#4052 = ORIENTED_EDGE('',*,*,#4029,.F.);
#4053 = ORIENTED_EDGE('',*,*,#2897,.F.);
#4054 = PLANE('',#4055);
#4055 = AXIS2_PLACEMENT_3D('',#4056,#4057,#4058);
#4056 = CARTESIAN_POINT('',(-3.5,-2.68345,1.110223024625E-16));
#4057 = DIRECTION('',(1.,9.95799250103E-17,0.));
#4058 = DIRECTION('',(0.,-0.,1.));
#4059 = ADVANCED_FACE('',(#4060),#4071,.F.);
#4060 = FACE_BOUND('',#4061,.F.);
#4061 = EDGE_LOOP('',(#4062,#4068,#4069,#4070));
#4062 = ORIENTED_EDGE('',*,*,#4063,.T.);
#4063 = EDGE_CURVE('',#2881,#3129,#4064,.T.);
#4064 = LINE('',#4065,#4066);
#4065 = CARTESIAN_POINT('',(-2.92,-2.68345,1.110223024625E-16));
#4066 = VECTOR('',#4067,1.);
#4067 = DIRECTION('',(-9.95799250103E-17,1.,0.));
#4068 = ORIENTED_EDGE('',*,*,#3137,.T.);
#4069 = ORIENTED_EDGE('',*,*,#4046,.F.);
#4070 = ORIENTED_EDGE('',*,*,#2889,.F.);
#4071 = PLANE('',#4072);
#4072 = AXIS2_PLACEMENT_3D('',#4073,#4074,#4075);
#4073 = CARTESIAN_POINT('',(-2.92,-2.68345,1.110223024625E-16));
#4074 = DIRECTION('',(0.,0.,1.));
#4075 = DIRECTION('',(-1.,-9.95799250103E-17,0.));
#4076 = ADVANCED_FACE('',(#4077),#4088,.T.);
#4077 = FACE_BOUND('',#4078,.T.);
#4078 = EDGE_LOOP('',(#4079,#4080,#4081,#4082));
#4079 = ORIENTED_EDGE('',*,*,#2880,.T.);
#4080 = ORIENTED_EDGE('',*,*,#4063,.T.);
#4081 = ORIENTED_EDGE('',*,*,#3128,.F.);
#4082 = ORIENTED_EDGE('',*,*,#4083,.F.);
#4083 = EDGE_CURVE('',#2873,#3121,#4084,.T.);
#4084 = LINE('',#4085,#4086);
#4085 = CARTESIAN_POINT('',(-2.45,-2.68345,0.47));
#4086 = VECTOR('',#4087,1.);
#4087 = DIRECTION('',(-9.95799250103E-17,1.,0.));
#4088 = CYLINDRICAL_SURFACE('',#4089,0.47);
#4089 = AXIS2_PLACEMENT_3D('',#4090,#4091,#4092);
#4090 = CARTESIAN_POINT('',(-2.92,-2.68345,0.47));
#4091 = DIRECTION('',(9.95799250103E-17,-1.,-0.));
#4092 = DIRECTION('',(1.,9.95799250103E-17,0.));
#4093 = ADVANCED_FACE('',(#4094),#4100,.F.);
#4094 = FACE_BOUND('',#4095,.F.);
#4095 = EDGE_LOOP('',(#4096,#4097,#4098,#4099));
#4096 = ORIENTED_EDGE('',*,*,#3102,.T.);
#4097 = ORIENTED_EDGE('',*,*,#3120,.T.);
#4098 = ORIENTED_EDGE('',*,*,#4083,.F.);
#4099 = ORIENTED_EDGE('',*,*,#2872,.F.);
#4100 = PLANE('',#4101);
#4101 = AXIS2_PLACEMENT_3D('',#4102,#4103,#4104);
#4102 = CARTESIAN_POINT('',(-2.45,-2.68345,0.565));
#4103 = DIRECTION('',(-1.,-9.95799250103E-17,0.));
#4104 = DIRECTION('',(-0.,0.,-1.));
#4105 = ADVANCED_FACE('',(#4106),#4119,.F.);
#4106 = FACE_BOUND('',#4107,.F.);
#4107 = EDGE_LOOP('',(#4108,#4109,#4115,#4116,#4117,#4118));
#4108 = ORIENTED_EDGE('',*,*,#3402,.F.);
#4109 = ORIENTED_EDGE('',*,*,#4110,.T.);
#4110 = EDGE_CURVE('',#3394,#3302,#4111,.T.);
#4111 = LINE('',#4112,#4113);
#4112 = CARTESIAN_POINT('',(-2.25,-0.38335,1.035));
#4113 = VECTOR('',#4114,1.);
#4114 = DIRECTION('',(-9.95799250103E-17,1.,0.));
#4115 = ORIENTED_EDGE('',*,*,#3310,.T.);
#4116 = ORIENTED_EDGE('',*,*,#3210,.T.);
#4117 = ORIENTED_EDGE('',*,*,#3767,.T.);
#4118 = ORIENTED_EDGE('',*,*,#3416,.F.);
#4119 = PLANE('',#4120);
#4120 = AXIS2_PLACEMENT_3D('',#4121,#4122,#4123);
#4121 = CARTESIAN_POINT('',(-2.25,-0.38335,1.035));
#4122 = DIRECTION('',(-0.,0.,-1.));
#4123 = DIRECTION('',(1.,9.95799250103E-17,0.));
#4124 = ADVANCED_FACE('',(#4125),#4136,.T.);
#4125 = FACE_BOUND('',#4126,.T.);
#4126 = EDGE_LOOP('',(#4127,#4128,#4129,#4130));
#4127 = ORIENTED_EDGE('',*,*,#3393,.T.);
#4128 = ORIENTED_EDGE('',*,*,#4110,.T.);
#4129 = ORIENTED_EDGE('',*,*,#3301,.F.);
#4130 = ORIENTED_EDGE('',*,*,#4131,.F.);
#4131 = EDGE_CURVE('',#3386,#3294,#4132,.T.);
#4132 = LINE('',#4133,#4134);
#4133 = CARTESIAN_POINT('',(-2.72,-0.38335,0.565));
#4134 = VECTOR('',#4135,1.);
#4135 = DIRECTION('',(-9.95799250103E-17,1.,0.));
#4136 = CYLINDRICAL_SURFACE('',#4137,0.47);
#4137 = AXIS2_PLACEMENT_3D('',#4138,#4139,#4140);
#4138 = CARTESIAN_POINT('',(-2.25,-0.38335,0.565));
#4139 = DIRECTION('',(9.95799250103E-17,-1.,-0.));
#4140 = DIRECTION('',(-1.,-9.95799250103E-17,-4.724353296277E-16));
#4141 = ADVANCED_FACE('',(#4142),#4153,.F.);
#4142 = FACE_BOUND('',#4143,.F.);
#4143 = EDGE_LOOP('',(#4144,#4150,#4151,#4152));
#4144 = ORIENTED_EDGE('',*,*,#4145,.T.);
#4145 = EDGE_CURVE('',#3377,#3285,#4146,.T.);
#4146 = LINE('',#4147,#4148);
#4147 = CARTESIAN_POINT('',(-2.72,-0.38335,0.47));
#4148 = VECTOR('',#4149,1.);
#4149 = DIRECTION('',(-9.95799250103E-17,1.,0.));
#4150 = ORIENTED_EDGE('',*,*,#3293,.T.);
#4151 = ORIENTED_EDGE('',*,*,#4131,.F.);
#4152 = ORIENTED_EDGE('',*,*,#3385,.F.);
#4153 = PLANE('',#4154);
#4154 = AXIS2_PLACEMENT_3D('',#4155,#4156,#4157);
#4155 = CARTESIAN_POINT('',(-2.72,-0.38335,0.47));
#4156 = DIRECTION('',(1.,9.95799250103E-17,0.));
#4157 = DIRECTION('',(0.,-0.,1.));
#4158 = ADVANCED_FACE('',(#4159),#4170,.F.);
#4159 = FACE_BOUND('',#4160,.F.);
#4160 = EDGE_LOOP('',(#4161,#4167,#4168,#4169));
#4161 = ORIENTED_EDGE('',*,*,#4162,.T.);
#4162 = EDGE_CURVE('',#3369,#3277,#4163,.T.);
#4163 = LINE('',#4164,#4165);
#4164 = CARTESIAN_POINT('',(-2.92,-0.38335,0.27));
#4165 = VECTOR('',#4166,1.);
#4166 = DIRECTION('',(-9.95799250103E-17,1.,0.));
#4167 = ORIENTED_EDGE('',*,*,#3284,.T.);
#4168 = ORIENTED_EDGE('',*,*,#4145,.F.);
#4169 = ORIENTED_EDGE('',*,*,#3376,.F.);
#4170 = CYLINDRICAL_SURFACE('',#4171,0.2);
#4171 = AXIS2_PLACEMENT_3D('',#4172,#4173,#4174);
#4172 = CARTESIAN_POINT('',(-2.92,-0.38335,0.47));
#4173 = DIRECTION('',(9.95799250103E-17,-1.,0.));
#4174 = DIRECTION('',(2.22044604925E-15,2.211118510737E-31,-1.));
#4175 = ADVANCED_FACE('',(#4176),#4187,.F.);
#4176 = FACE_BOUND('',#4177,.F.);
#4177 = EDGE_LOOP('',(#4178,#4184,#4185,#4186));
#4178 = ORIENTED_EDGE('',*,*,#4179,.T.);
#4179 = EDGE_CURVE('',#3361,#3269,#4180,.T.);
#4180 = LINE('',#4181,#4182);
#4181 = CARTESIAN_POINT('',(-3.5,-0.38335,0.27));
#4182 = VECTOR('',#4183,1.);
#4183 = DIRECTION('',(-9.95799250103E-17,1.,0.));
#4184 = ORIENTED_EDGE('',*,*,#3276,.T.);
#4185 = ORIENTED_EDGE('',*,*,#4162,.F.);
#4186 = ORIENTED_EDGE('',*,*,#3368,.F.);
#4187 = PLANE('',#4188);
#4188 = AXIS2_PLACEMENT_3D('',#4189,#4190,#4191);
#4189 = CARTESIAN_POINT('',(-3.5,-0.38335,0.27));
#4190 = DIRECTION('',(-0.,0.,-1.));
#4191 = DIRECTION('',(1.,9.95799250103E-17,0.));
#4192 = ADVANCED_FACE('',(#4193),#4204,.F.);
#4193 = FACE_BOUND('',#4194,.F.);
#4194 = EDGE_LOOP('',(#4195,#4201,#4202,#4203));
#4195 = ORIENTED_EDGE('',*,*,#4196,.T.);
#4196 = EDGE_CURVE('',#3353,#3261,#4197,.T.);
#4197 = LINE('',#4198,#4199);
#4198 = CARTESIAN_POINT('',(-3.5,-0.38335,1.110223024625E-16));
#4199 = VECTOR('',#4200,1.);
#4200 = DIRECTION('',(-9.95799250103E-17,1.,0.));
#4201 = ORIENTED_EDGE('',*,*,#3268,.T.);
#4202 = ORIENTED_EDGE('',*,*,#4179,.F.);
#4203 = ORIENTED_EDGE('',*,*,#3360,.F.);
#4204 = PLANE('',#4205);
#4205 = AXIS2_PLACEMENT_3D('',#4206,#4207,#4208);
#4206 = CARTESIAN_POINT('',(-3.5,-0.38335,1.110223024625E-16));
#4207 = DIRECTION('',(1.,9.95799250103E-17,0.));
#4208 = DIRECTION('',(0.,-0.,1.));
#4209 = ADVANCED_FACE('',(#4210),#4221,.F.);
#4210 = FACE_BOUND('',#4211,.F.);
#4211 = EDGE_LOOP('',(#4212,#4218,#4219,#4220));
#4212 = ORIENTED_EDGE('',*,*,#4213,.T.);
#4213 = EDGE_CURVE('',#3344,#3252,#4214,.T.);
#4214 = LINE('',#4215,#4216);
#4215 = CARTESIAN_POINT('',(-2.92,-0.38335,1.110223024625E-16));
#4216 = VECTOR('',#4217,1.);
#4217 = DIRECTION('',(-9.95799250103E-17,1.,0.));
#4218 = ORIENTED_EDGE('',*,*,#3260,.T.);
#4219 = ORIENTED_EDGE('',*,*,#4196,.F.);
#4220 = ORIENTED_EDGE('',*,*,#3352,.F.);
#4221 = PLANE('',#4222);
#4222 = AXIS2_PLACEMENT_3D('',#4223,#4224,#4225);
#4223 = CARTESIAN_POINT('',(-2.92,-0.38335,1.110223024625E-16));
#4224 = DIRECTION('',(0.,0.,1.));
#4225 = DIRECTION('',(-1.,-9.95799250103E-17,0.));
#4226 = ADVANCED_FACE('',(#4227),#4238,.T.);
#4227 = FACE_BOUND('',#4228,.T.);
#4228 = EDGE_LOOP('',(#4229,#4230,#4231,#4232));
#4229 = ORIENTED_EDGE('',*,*,#3343,.T.);
#4230 = ORIENTED_EDGE('',*,*,#4213,.T.);
#4231 = ORIENTED_EDGE('',*,*,#3251,.F.);
#4232 = ORIENTED_EDGE('',*,*,#4233,.F.);
#4233 = EDGE_CURVE('',#3336,#3244,#4234,.T.);
#4234 = LINE('',#4235,#4236);
#4235 = CARTESIAN_POINT('',(-2.45,-0.38335,0.47));
#4236 = VECTOR('',#4237,1.);
#4237 = DIRECTION('',(-9.95799250103E-17,1.,0.));
#4238 = CYLINDRICAL_SURFACE('',#4239,0.47);
#4239 = AXIS2_PLACEMENT_3D('',#4240,#4241,#4242);
#4240 = CARTESIAN_POINT('',(-2.92,-0.38335,0.47));
#4241 = DIRECTION('',(9.95799250103E-17,-1.,-0.));
#4242 = DIRECTION('',(1.,9.95799250103E-17,0.));
#4243 = ADVANCED_FACE('',(#4244),#4250,.F.);
#4244 = FACE_BOUND('',#4245,.F.);
#4245 = EDGE_LOOP('',(#4246,#4247,#4248,#4249));
#4246 = ORIENTED_EDGE('',*,*,#3449,.T.);
#4247 = ORIENTED_EDGE('',*,*,#3243,.T.);
#4248 = ORIENTED_EDGE('',*,*,#4233,.F.);
#4249 = ORIENTED_EDGE('',*,*,#3335,.F.);
#4250 = PLANE('',#4251);
#4251 = AXIS2_PLACEMENT_3D('',#4252,#4253,#4254);
#4252 = CARTESIAN_POINT('',(-2.45,-0.38335,0.565));
#4253 = DIRECTION('',(-1.,-9.95799250103E-17,0.));
#4254 = DIRECTION('',(-0.,0.,-1.));
#4255 = ADVANCED_FACE('',(#4256),#4273,.T.);
#4256 = FACE_BOUND('',#4257,.T.);
#4257 = EDGE_LOOP('',(#4258,#4259,#4266,#4272));
#4258 = ORIENTED_EDGE('',*,*,#3472,.T.);
#4259 = ORIENTED_EDGE('',*,*,#4260,.T.);
#4260 = EDGE_CURVE('',#3466,#4261,#4263,.T.);
#4261 = VERTEX_POINT('',#4262);
#4262 = CARTESIAN_POINT('',(1.641540344923,-3.141540344923,1.7));
#4263 = B_SPLINE_CURVE_WITH_KNOTS('',1,(#4264,#4265),.UNSPECIFIED.,.F.,
  .F.,(2,2),(0.,1.),.PIECEWISE_BEZIER_KNOTS.);
#4264 = CARTESIAN_POINT('',(1.735,-3.235,1.035));
#4265 = CARTESIAN_POINT('',(1.641540344923,-3.141540344923,1.7));
#4266 = ORIENTED_EDGE('',*,*,#4267,.F.);
#4267 = EDGE_CURVE('',#3782,#4261,#4268,.T.);
#4268 = LINE('',#4269,#4270);
#4269 = CARTESIAN_POINT('',(-1.641540344923,-3.141540344923,1.7));
#4270 = VECTOR('',#4271,1.);
#4271 = DIRECTION('',(1.,2.22044604925E-16,0.));
#4272 = ORIENTED_EDGE('',*,*,#3781,.F.);
#4273 = B_SPLINE_SURFACE_WITH_KNOTS('',1,1,(
    (#4274,#4275)
    ,(#4276,#4277
    )),.UNSPECIFIED.,.F.,.F.,.F.,(2,2),(2,2),(0.,3.47),(0.,1.),
  .PIECEWISE_BEZIER_KNOTS.);
#4274 = CARTESIAN_POINT('',(-1.735,-3.235,1.035));
#4275 = CARTESIAN_POINT('',(-1.641540344923,-3.141540344923,1.7));
#4276 = CARTESIAN_POINT('',(1.735,-3.235,1.035));
#4277 = CARTESIAN_POINT('',(1.641540344923,-3.141540344923,1.7));
#4278 = ADVANCED_FACE('',(#4279),#4303,.T.);
#4279 = FACE_BOUND('',#4280,.T.);
#4280 = EDGE_LOOP('',(#4281,#4282,#4288,#4289,#4296,#4302));
#4281 = ORIENTED_EDGE('',*,*,#3497,.T.);
#4282 = ORIENTED_EDGE('',*,*,#4283,.T.);
#4283 = EDGE_CURVE('',#3490,#3696,#4284,.T.);
#4284 = LINE('',#4285,#4286);
#4285 = CARTESIAN_POINT('',(1.735,-3.235,1.035));
#4286 = VECTOR('',#4287,1.);
#4287 = DIRECTION('',(-2.22044604925E-16,1.,0.));
#4288 = ORIENTED_EDGE('',*,*,#3711,.T.);
#4289 = ORIENTED_EDGE('',*,*,#4290,.T.);
#4290 = EDGE_CURVE('',#3705,#4291,#4293,.T.);
#4291 = VERTEX_POINT('',#4292);
#4292 = CARTESIAN_POINT('',(1.641540344923,3.141540344923,1.7));
#4293 = B_SPLINE_CURVE_WITH_KNOTS('',1,(#4294,#4295),.UNSPECIFIED.,.F.,
  .F.,(2,2),(0.,1.),.PIECEWISE_BEZIER_KNOTS.);
#4294 = CARTESIAN_POINT('',(1.735,3.235,1.035));
#4295 = CARTESIAN_POINT('',(1.641540344923,3.141540344923,1.7));
#4296 = ORIENTED_EDGE('',*,*,#4297,.F.);
#4297 = EDGE_CURVE('',#4261,#4291,#4298,.T.);
#4298 = LINE('',#4299,#4300);
#4299 = CARTESIAN_POINT('',(1.641540344923,-3.141540344923,1.7));
#4300 = VECTOR('',#4301,1.);
#4301 = DIRECTION('',(-2.22044604925E-16,1.,0.));
#4302 = ORIENTED_EDGE('',*,*,#4260,.F.);
#4303 = B_SPLINE_SURFACE_WITH_KNOTS('',1,1,(
    (#4304,#4305)
    ,(#4306,#4307
    )),.UNSPECIFIED.,.F.,.F.,.F.,(2,2),(2,2),(0.,6.47),(0.,1.),
  .PIECEWISE_BEZIER_KNOTS.);
#4304 = CARTESIAN_POINT('',(1.735,-3.235,1.035));
#4305 = CARTESIAN_POINT('',(1.641540344923,-3.141540344923,1.7));
#4306 = CARTESIAN_POINT('',(1.735,3.235,1.035));
#4307 = CARTESIAN_POINT('',(1.641540344923,3.141540344923,1.7));
#4308 = ADVANCED_FACE('',(#4309),#4322,.T.);
#4309 = FACE_BOUND('',#4310,.T.);
#4310 = EDGE_LOOP('',(#4311,#4317,#4318,#4319,#4320,#4321));
#4311 = ORIENTED_EDGE('',*,*,#4312,.F.);
#4312 = EDGE_CURVE('',#3673,#3581,#4313,.T.);
#4313 = LINE('',#4314,#4315);
#4314 = CARTESIAN_POINT('',(2.25,-0.38335,1.035));
#4315 = VECTOR('',#4316,1.);
#4316 = DIRECTION('',(2.22044604925E-16,-1.,0.));
#4317 = ORIENTED_EDGE('',*,*,#3681,.T.);
#4318 = ORIENTED_EDGE('',*,*,#3695,.T.);
#4319 = ORIENTED_EDGE('',*,*,#4283,.F.);
#4320 = ORIENTED_EDGE('',*,*,#3489,.F.);
#4321 = ORIENTED_EDGE('',*,*,#3589,.F.);
#4322 = PLANE('',#4323);
#4323 = AXIS2_PLACEMENT_3D('',#4324,#4325,#4326);
#4324 = CARTESIAN_POINT('',(1.985,5.780604236138E-16,1.035));
#4325 = DIRECTION('',(0.,0.,1.));
#4326 = DIRECTION('',(2.22044604925E-16,-1.,0.));
#4327 = ADVANCED_FACE('',(#4328),#4339,.T.);
#4328 = FACE_BOUND('',#4329,.T.);
#4329 = EDGE_LOOP('',(#4330,#4331,#4337,#4338));
#4330 = ORIENTED_EDGE('',*,*,#3580,.F.);
#4331 = ORIENTED_EDGE('',*,*,#4332,.F.);
#4332 = EDGE_CURVE('',#3665,#3573,#4333,.T.);
#4333 = LINE('',#4334,#4335);
#4334 = CARTESIAN_POINT('',(2.72,1.15005,0.565));
#4335 = VECTOR('',#4336,1.);
#4336 = DIRECTION('',(2.22044604925E-16,-1.,0.));
#4337 = ORIENTED_EDGE('',*,*,#3672,.T.);
#4338 = ORIENTED_EDGE('',*,*,#4312,.T.);
#4339 = CYLINDRICAL_SURFACE('',#4340,0.47);
#4340 = AXIS2_PLACEMENT_3D('',#4341,#4342,#4343);
#4341 = CARTESIAN_POINT('',(2.25,1.15005,0.565));
#4342 = DIRECTION('',(-2.22044604925E-16,1.,-0.));
#4343 = DIRECTION('',(1.,2.22044604925E-16,-4.724353296277E-16));
#4344 = ADVANCED_FACE('',(#4345),#4356,.T.);
#4345 = FACE_BOUND('',#4346,.T.);
#4346 = EDGE_LOOP('',(#4347,#4348,#4349,#4350));
#4347 = ORIENTED_EDGE('',*,*,#3664,.T.);
#4348 = ORIENTED_EDGE('',*,*,#4332,.T.);
#4349 = ORIENTED_EDGE('',*,*,#3572,.F.);
#4350 = ORIENTED_EDGE('',*,*,#4351,.F.);
#4351 = EDGE_CURVE('',#3656,#3564,#4352,.T.);
#4352 = LINE('',#4353,#4354);
#4353 = CARTESIAN_POINT('',(2.72,-0.38335,0.47));
#4354 = VECTOR('',#4355,1.);
#4355 = DIRECTION('',(2.22044604925E-16,-1.,0.));
#4356 = PLANE('',#4357);
#4357 = AXIS2_PLACEMENT_3D('',#4358,#4359,#4360);
#4358 = CARTESIAN_POINT('',(2.72,6.734922233518E-16,0.5175));
#4359 = DIRECTION('',(1.,2.22044604925E-16,3.322681044155E-29));
#4360 = DIRECTION('',(-3.322681044155E-29,-7.377833997412E-45,1.));
#4361 = ADVANCED_FACE('',(#4362),#4373,.F.);
#4362 = FACE_BOUND('',#4363,.F.);
#4363 = EDGE_LOOP('',(#4364,#4365,#4366,#4372));
#4364 = ORIENTED_EDGE('',*,*,#4351,.F.);
#4365 = ORIENTED_EDGE('',*,*,#3655,.F.);
#4366 = ORIENTED_EDGE('',*,*,#4367,.T.);
#4367 = EDGE_CURVE('',#3648,#3556,#4368,.T.);
#4368 = LINE('',#4369,#4370);
#4369 = CARTESIAN_POINT('',(2.92,1.15005,0.27));
#4370 = VECTOR('',#4371,1.);
#4371 = DIRECTION('',(2.22044604925E-16,-1.,0.));
#4372 = ORIENTED_EDGE('',*,*,#3563,.T.);
#4373 = CYLINDRICAL_SURFACE('',#4374,0.2);
#4374 = AXIS2_PLACEMENT_3D('',#4375,#4376,#4377);
#4375 = CARTESIAN_POINT('',(2.92,1.15005,0.47));
#4376 = DIRECTION('',(-2.22044604925E-16,1.,0.));
#4377 = DIRECTION('',(-2.22044604925E-15,-4.93038065763E-31,-1.));
#4378 = ADVANCED_FACE('',(#4379),#4390,.T.);
#4379 = FACE_BOUND('',#4380,.T.);
#4380 = EDGE_LOOP('',(#4381,#4387,#4388,#4389));
#4381 = ORIENTED_EDGE('',*,*,#4382,.F.);
#4382 = EDGE_CURVE('',#3640,#3548,#4383,.T.);
#4383 = LINE('',#4384,#4385);
#4384 = CARTESIAN_POINT('',(3.5,1.15005,0.27));
#4385 = VECTOR('',#4386,1.);
#4386 = DIRECTION('',(2.22044604925E-16,-1.,0.));
#4387 = ORIENTED_EDGE('',*,*,#3647,.T.);
#4388 = ORIENTED_EDGE('',*,*,#4367,.T.);
#4389 = ORIENTED_EDGE('',*,*,#3555,.F.);
#4390 = PLANE('',#4391);
#4391 = AXIS2_PLACEMENT_3D('',#4392,#4393,#4394);
#4392 = CARTESIAN_POINT('',(3.21,8.091333620657E-16,0.27));
#4393 = DIRECTION('',(0.,0.,1.));
#4394 = DIRECTION('',(2.22044604925E-16,-1.,0.));
#4395 = ADVANCED_FACE('',(#4396),#4407,.T.);
#4396 = FACE_BOUND('',#4397,.T.);
#4397 = EDGE_LOOP('',(#4398,#4404,#4405,#4406));
#4398 = ORIENTED_EDGE('',*,*,#4399,.F.);
#4399 = EDGE_CURVE('',#3632,#3540,#4400,.T.);
#4400 = LINE('',#4401,#4402);
#4401 = CARTESIAN_POINT('',(3.5,1.15005,1.110223024625E-16));
#4402 = VECTOR('',#4403,1.);
#4403 = DIRECTION('',(2.22044604925E-16,-1.,0.));
#4404 = ORIENTED_EDGE('',*,*,#3639,.T.);
#4405 = ORIENTED_EDGE('',*,*,#4382,.T.);
#4406 = ORIENTED_EDGE('',*,*,#3547,.F.);
#4407 = PLANE('',#4408);
#4408 = AXIS2_PLACEMENT_3D('',#4409,#4410,#4411);
#4409 = CARTESIAN_POINT('',(3.5,8.851502638297E-16,0.135));
#4410 = DIRECTION('',(1.,2.22044604925E-16,-6.052706553036E-31));
#4411 = DIRECTION('',(6.052706553036E-31,1.343970835296E-46,1.));
#4412 = ADVANCED_FACE('',(#4413),#4424,.T.);
#4413 = FACE_BOUND('',#4414,.T.);
#4414 = EDGE_LOOP('',(#4415,#4416,#4417,#4418));
#4415 = ORIENTED_EDGE('',*,*,#3631,.T.);
#4416 = ORIENTED_EDGE('',*,*,#4399,.T.);
#4417 = ORIENTED_EDGE('',*,*,#3539,.F.);
#4418 = ORIENTED_EDGE('',*,*,#4419,.F.);
#4419 = EDGE_CURVE('',#3623,#3531,#4420,.T.);
#4420 = LINE('',#4421,#4422);
#4421 = CARTESIAN_POINT('',(2.92,-0.38335,1.110223024625E-16));
#4422 = VECTOR('',#4423,1.);
#4423 = DIRECTION('',(2.22044604925E-16,-1.,0.));
#4424 = PLANE('',#4425);
#4425 = AXIS2_PLACEMENT_3D('',#4426,#4427,#4428);
#4426 = CARTESIAN_POINT('',(3.21,8.476814341682E-16,1.110223024625E-16)
  );
#4427 = DIRECTION('',(-0.,0.,-1.));
#4428 = DIRECTION('',(-2.22044604925E-16,1.,0.));
#4429 = ADVANCED_FACE('',(#4430),#4441,.T.);
#4430 = FACE_BOUND('',#4431,.T.);
#4431 = EDGE_LOOP('',(#4432,#4433,#4439,#4440));
#4432 = ORIENTED_EDGE('',*,*,#3530,.F.);
#4433 = ORIENTED_EDGE('',*,*,#4434,.F.);
#4434 = EDGE_CURVE('',#3615,#3523,#4435,.T.);
#4435 = LINE('',#4436,#4437);
#4436 = CARTESIAN_POINT('',(2.45,1.15005,0.47));
#4437 = VECTOR('',#4438,1.);
#4438 = DIRECTION('',(2.22044604925E-16,-1.,0.));
#4439 = ORIENTED_EDGE('',*,*,#3622,.T.);
#4440 = ORIENTED_EDGE('',*,*,#4419,.T.);
#4441 = CYLINDRICAL_SURFACE('',#4442,0.47);
#4442 = AXIS2_PLACEMENT_3D('',#4443,#4444,#4445);
#4443 = CARTESIAN_POINT('',(2.92,1.15005,0.47));
#4444 = DIRECTION('',(-2.22044604925E-16,1.,-0.));
#4445 = DIRECTION('',(-1.,-2.22044604925E-16,0.));
#4446 = ADVANCED_FACE('',(#4447),#4453,.T.);
#4447 = FACE_BOUND('',#4448,.T.);
#4448 = EDGE_LOOP('',(#4449,#4450,#4451,#4452));
#4449 = ORIENTED_EDGE('',*,*,#3614,.T.);
#4450 = ORIENTED_EDGE('',*,*,#4434,.T.);
#4451 = ORIENTED_EDGE('',*,*,#3522,.F.);
#4452 = ORIENTED_EDGE('',*,*,#3725,.F.);
#4453 = PLANE('',#4454);
#4454 = AXIS2_PLACEMENT_3D('',#4455,#4456,#4457);
#4455 = CARTESIAN_POINT('',(2.45,6.135401800221E-16,0.5175));
#4456 = DIRECTION('',(-1.,-2.22044604925E-16,-0.));
#4457 = DIRECTION('',(0.,0.,-1.));
#4458 = ADVANCED_FACE('',(#4459),#4470,.T.);
#4459 = FACE_BOUND('',#4460,.T.);
#4460 = EDGE_LOOP('',(#4461,#4462,#4463,#4469));
#4461 = ORIENTED_EDGE('',*,*,#3744,.T.);
#4462 = ORIENTED_EDGE('',*,*,#3796,.T.);
#4463 = ORIENTED_EDGE('',*,*,#4464,.F.);
#4464 = EDGE_CURVE('',#4291,#3789,#4465,.T.);
#4465 = LINE('',#4466,#4467);
#4466 = CARTESIAN_POINT('',(1.641540344923,3.141540344923,1.7));
#4467 = VECTOR('',#4468,1.);
#4468 = DIRECTION('',(-1.,-2.22044604925E-16,0.));
#4469 = ORIENTED_EDGE('',*,*,#4290,.F.);
#4470 = B_SPLINE_SURFACE_WITH_KNOTS('',1,1,(
    (#4471,#4472)
    ,(#4473,#4474
    )),.UNSPECIFIED.,.F.,.F.,.F.,(2,2),(2,2),(0.,3.47),(0.,1.),
  .PIECEWISE_BEZIER_KNOTS.);
#4471 = CARTESIAN_POINT('',(1.735,3.235,1.035));
#4472 = CARTESIAN_POINT('',(1.641540344923,3.141540344923,1.7));
#4473 = CARTESIAN_POINT('',(-1.735,3.235,1.035));
#4474 = CARTESIAN_POINT('',(-1.641540344923,3.141540344923,1.7));
#4475 = ADVANCED_FACE('',(#4476),#4482,.F.);
#4476 = FACE_BOUND('',#4477,.T.);
#4477 = EDGE_LOOP('',(#4478,#4479,#4480,#4481));
#4478 = ORIENTED_EDGE('',*,*,#3788,.T.);
#4479 = ORIENTED_EDGE('',*,*,#4267,.T.);
#4480 = ORIENTED_EDGE('',*,*,#4297,.T.);
#4481 = ORIENTED_EDGE('',*,*,#4464,.T.);
#4482 = PLANE('',#4483);
#4483 = AXIS2_PLACEMENT_3D('',#4484,#4485,#4486);
#4484 = CARTESIAN_POINT('',(-1.641540344923,3.141540344923,1.7));
#4485 = DIRECTION('',(0.,0.,-1.));
#4486 = DIRECTION('',(0.463114948424,-0.886298225512,0.));
#4487 = ( GEOMETRIC_REPRESENTATION_CONTEXT(3) 
GLOBAL_UNCERTAINTY_ASSIGNED_CONTEXT((#4491)) 
GLOBAL_UNIT_ASSIGNED_CONTEXT((#4488,#4489,#4490)) REPRESENTATION_CONTEXT
('Context #1','3D Context with UNIT and UNCERTAINTY') );
#4488 = ( LENGTH_UNIT() NAMED_UNIT(*) SI_UNIT(.MILLI.,.METRE.) );
#4489 = ( NAMED_UNIT(*) PLANE_ANGLE_UNIT() SI_UNIT($,.RADIAN.) );
#4490 = ( NAMED_UNIT(*) SI_UNIT($,.STERADIAN.) SOLID_ANGLE_UNIT() );
#4491 = UNCERTAINTY_MEASURE_WITH_UNIT(LENGTH_MEASURE(1.E-06),#4488,
  'distance_accuracy_value','confusion accuracy');
#4492 = CONTEXT_DEPENDENT_SHAPE_REPRESENTATION(#4493,#4495);
#4493 = ( REPRESENTATION_RELATIONSHIP('','',#2196,#2173) 
REPRESENTATION_RELATIONSHIP_WITH_TRANSFORMATION(#4494) 
SHAPE_REPRESENTATION_RELATIONSHIP() );
#4494 = ITEM_DEFINED_TRANSFORMATION('','',#11,#2174);
#4495 = PRODUCT_DEFINITION_SHAPE('Placement','Placement of an item',
  #4496);
#4496 = NEXT_ASSEMBLY_USAGE_OCCURRENCE('7','=>[0:1:1:9]','',#2168,#2191,
  $);
#4497 = PRODUCT_RELATED_PRODUCT_CATEGORY('part',$,(#2193));
#4498 = CONTEXT_DEPENDENT_SHAPE_REPRESENTATION(#4499,#4501);
#4499 = ( REPRESENTATION_RELATIONSHIP('','',#445,#10) 
REPRESENTATION_RELATIONSHIP_WITH_TRANSFORMATION(#4500) 
SHAPE_REPRESENTATION_RELATIONSHIP() );
#4500 = ITEM_DEFINED_TRANSFORMATION('','',#11,#31);
#4501 = PRODUCT_DEFINITION_SHAPE('Placement','Placement of an item',
  #4502);
#4502 = NEXT_ASSEMBLY_USAGE_OCCURRENCE('9','C2','',#5,#440,$);
#4503 = SHAPE_DEFINITION_REPRESENTATION(#4504,#4510);
#4504 = PRODUCT_DEFINITION_SHAPE('','',#4505);
#4505 = PRODUCT_DEFINITION('design','',#4506,#4509);
#4506 = PRODUCT_DEFINITION_FORMATION('','',#4507);
#4507 = PRODUCT('TE_1-770967-0-d-3d','TE_1-770967-0-d-3d','',(#4508));
#4508 = PRODUCT_CONTEXT('',#2,'mechanical');
#4509 = PRODUCT_DEFINITION_CONTEXT('part definition',#2,'design');
#4510 = SHAPE_REPRESENTATION('',(#11,#4511),#4515);
#4511 = AXIS2_PLACEMENT_3D('',#4512,#4513,#4514);
#4512 = CARTESIAN_POINT('',(0.,0.,0.));
#4513 = DIRECTION('',(0.,0.,1.));
#4514 = DIRECTION('',(1.,0.,-0.));
#4515 = ( GEOMETRIC_REPRESENTATION_CONTEXT(3) 
GLOBAL_UNCERTAINTY_ASSIGNED_CONTEXT((#4519)) 
GLOBAL_UNIT_ASSIGNED_CONTEXT((#4516,#4517,#4518)) REPRESENTATION_CONTEXT
('Context #1','3D Context with UNIT and UNCERTAINTY') );
#4516 = ( LENGTH_UNIT() NAMED_UNIT(*) SI_UNIT(.MILLI.,.METRE.) );
#4517 = ( NAMED_UNIT(*) PLANE_ANGLE_UNIT() SI_UNIT($,.RADIAN.) );
#4518 = ( NAMED_UNIT(*) SI_UNIT($,.STERADIAN.) SOLID_ANGLE_UNIT() );
#4519 = UNCERTAINTY_MEASURE_WITH_UNIT(LENGTH_MEASURE(1.E-05),#4516,
  'distance_accuracy_value','confusion accuracy');
#4520 = CONTEXT_DEPENDENT_SHAPE_REPRESENTATION(#4521,#4523);
#4521 = ( REPRESENTATION_RELATIONSHIP('','',#4510,#10) 
REPRESENTATION_RELATIONSHIP_WITH_TRANSFORMATION(#4522) 
SHAPE_REPRESENTATION_RELATIONSHIP() );
#4522 = ITEM_DEFINED_TRANSFORMATION('','',#11,#35);
#4523 = PRODUCT_DEFINITION_SHAPE('Placement','Placement of an item',
  #4524);
#4524 = NEXT_ASSEMBLY_USAGE_OCCURRENCE('11','J1','',#5,#4505,$);
#4525 = PRODUCT_RELATED_PRODUCT_CATEGORY('part',$,(#4507));
#4526 = SHAPE_DEFINITION_REPRESENTATION(#4527,#4533);
#4527 = PRODUCT_DEFINITION_SHAPE('','',#4528);
#4528 = PRODUCT_DEFINITION('design','',#4529,#4532);
#4529 = PRODUCT_DEFINITION_FORMATION('','',#4530);
#4530 = PRODUCT('C-1-770967-0','C-1-770967-0','',(#4531));
#4531 = PRODUCT_CONTEXT('',#2,'mechanical');
#4532 = PRODUCT_DEFINITION_CONTEXT('part definition',#2,'design');
#4533 = ADVANCED_BREP_SHAPE_REPRESENTATION('',(#11,#4534),#8974);
#4534 = MANIFOLD_SOLID_BREP('',#4535);
#4535 = CLOSED_SHELL('',(#4536,#4758,#4789,#4820,#4899,#5272,#5303,#5327
    ,#5351,#5368,#5399,#5411,#5451,#5491,#5513,#5525,#5537,#5559,#5576,
    #5593,#5621,#5661,#5692,#5716,#5740,#5757,#5769,#5968,#6050,#6067,
    #6084,#6115,#6146,#6158,#6175,#6243,#6255,#6279,#6291,#6308,#6376,
    #6388,#6412,#6424,#6448,#6460,#6491,#6515,#6539,#6563,#6587,#6611,
    #6628,#6643,#6665,#6682,#6699,#6711,#6744,#6799,#6894,#6974,#7007,
    #7034,#7105,#7185,#7203,#7221,#7245,#7263,#7330,#7346,#7365,#7377,
    #7395,#7413,#7425,#7443,#7488,#7499,#7531,#7549,#7559,#7591,#7609,
    #7619,#7651,#7669,#7679,#7703,#7720,#7732,#7773,#7802,#7831,#7861,
    #7891,#7922,#7951,#7963,#7987,#8011,#8035,#8052,#8128,#8162,#8238,
    #8269,#8303,#8332,#8349,#8373,#8395,#8424,#8441,#8465,#8487,#8504,
    #8516,#8547,#8581,#8610,#8627,#8651,#8673,#8702,#8719,#8743,#8765,
    #8782,#8794,#8826,#8844,#8854,#8886,#8904,#8914,#8946,#8964));
#4536 = ADVANCED_FACE('',(#4537,#4603,#4653,#4703),#4753,.T.);
#4537 = FACE_BOUND('',#4538,.F.);
#4538 = EDGE_LOOP('',(#4539,#4549,#4557,#4565,#4573,#4581,#4589,#4597));
#4539 = ORIENTED_EDGE('',*,*,#4540,.T.);
#4540 = EDGE_CURVE('',#4541,#4543,#4545,.T.);
#4541 = VERTEX_POINT('',#4542);
#4542 = CARTESIAN_POINT('',(-6.9977,-1.4986,0.));
#4543 = VERTEX_POINT('',#4544);
#4544 = CARTESIAN_POINT('',(-6.9977,1.4986,0.));
#4545 = LINE('',#4546,#4547);
#4546 = CARTESIAN_POINT('',(-6.9977,-1.4986,0.));
#4547 = VECTOR('',#4548,1.);
#4548 = DIRECTION('',(0.,1.,0.));
#4549 = ORIENTED_EDGE('',*,*,#4550,.F.);
#4550 = EDGE_CURVE('',#4551,#4543,#4553,.T.);
#4551 = VERTEX_POINT('',#4552);
#4552 = CARTESIAN_POINT('',(-6.9977,2.8448,0.));
#4553 = LINE('',#4554,#4555);
#4554 = CARTESIAN_POINT('',(-6.9977,2.8448,0.));
#4555 = VECTOR('',#4556,1.);
#4556 = DIRECTION('',(0.,-1.,0.));
#4557 = ORIENTED_EDGE('',*,*,#4558,.F.);
#4558 = EDGE_CURVE('',#4559,#4551,#4561,.T.);
#4559 = VERTEX_POINT('',#4560);
#4560 = CARTESIAN_POINT('',(-1.4986,2.8448,0.));
#4561 = LINE('',#4562,#4563);
#4562 = CARTESIAN_POINT('',(-1.4986,2.8448,0.));
#4563 = VECTOR('',#4564,1.);
#4564 = DIRECTION('',(-1.,0.,0.));
#4565 = ORIENTED_EDGE('',*,*,#4566,.T.);
#4566 = EDGE_CURVE('',#4559,#4567,#4569,.T.);
#4567 = VERTEX_POINT('',#4568);
#4568 = CARTESIAN_POINT('',(1.4986,2.8448,0.));
#4569 = LINE('',#4570,#4571);
#4570 = CARTESIAN_POINT('',(-1.4986,2.8448,0.));
#4571 = VECTOR('',#4572,1.);
#4572 = DIRECTION('',(1.,0.,0.));
#4573 = ORIENTED_EDGE('',*,*,#4574,.F.);
#4574 = EDGE_CURVE('',#4575,#4567,#4577,.T.);
#4575 = VERTEX_POINT('',#4576);
#4576 = CARTESIAN_POINT('',(6.9977,2.8448,0.));
#4577 = LINE('',#4578,#4579);
#4578 = CARTESIAN_POINT('',(6.9977,2.8448,0.));
#4579 = VECTOR('',#4580,1.);
#4580 = DIRECTION('',(-1.,0.,0.));
#4581 = ORIENTED_EDGE('',*,*,#4582,.F.);
#4582 = EDGE_CURVE('',#4583,#4575,#4585,.T.);
#4583 = VERTEX_POINT('',#4584);
#4584 = CARTESIAN_POINT('',(6.9977,-2.8702,0.));
#4585 = LINE('',#4586,#4587);
#4586 = CARTESIAN_POINT('',(6.9977,-2.8702,0.));
#4587 = VECTOR('',#4588,1.);
#4588 = DIRECTION('',(0.,1.,0.));
#4589 = ORIENTED_EDGE('',*,*,#4590,.F.);
#4590 = EDGE_CURVE('',#4591,#4583,#4593,.T.);
#4591 = VERTEX_POINT('',#4592);
#4592 = CARTESIAN_POINT('',(-6.9977,-2.8702,0.));
#4593 = LINE('',#4594,#4595);
#4594 = CARTESIAN_POINT('',(-6.9977,-2.8702,0.));
#4595 = VECTOR('',#4596,1.);
#4596 = DIRECTION('',(1.,0.,0.));
#4597 = ORIENTED_EDGE('',*,*,#4598,.F.);
#4598 = EDGE_CURVE('',#4541,#4591,#4599,.T.);
#4599 = LINE('',#4600,#4601);
#4600 = CARTESIAN_POINT('',(-6.9977,-1.4986,0.));
#4601 = VECTOR('',#4602,1.);
#4602 = DIRECTION('',(0.,-1.,0.));
#4603 = FACE_BOUND('',#4604,.F.);
#4604 = EDGE_LOOP('',(#4605,#4615,#4623,#4631,#4639,#4647));
#4605 = ORIENTED_EDGE('',*,*,#4606,.F.);
#4606 = EDGE_CURVE('',#4607,#4609,#4611,.T.);
#4607 = VERTEX_POINT('',#4608);
#4608 = CARTESIAN_POINT('',(3.281331804126,-1.9812,0.));
#4609 = VERTEX_POINT('',#4610);
#4610 = CARTESIAN_POINT('',(2.1717,-0.871568195874,0.));
#4611 = LINE('',#4612,#4613);
#4612 = CARTESIAN_POINT('',(3.281331804126,-1.9812,0.));
#4613 = VECTOR('',#4614,1.);
#4614 = DIRECTION('',(-0.707106781187,0.707106781187,0.));
#4615 = ORIENTED_EDGE('',*,*,#4616,.F.);
#4616 = EDGE_CURVE('',#4617,#4607,#4619,.T.);
#4617 = VERTEX_POINT('',#4618);
#4618 = CARTESIAN_POINT('',(6.1341,-1.9812,0.));
#4619 = LINE('',#4620,#4621);
#4620 = CARTESIAN_POINT('',(6.1341,-1.9812,0.));
#4621 = VECTOR('',#4622,1.);
#4622 = DIRECTION('',(-1.,0.,0.));
#4623 = ORIENTED_EDGE('',*,*,#4624,.F.);
#4624 = EDGE_CURVE('',#4625,#4617,#4627,.T.);
#4625 = VERTEX_POINT('',#4626);
#4626 = CARTESIAN_POINT('',(6.1341,1.9812,0.));
#4627 = LINE('',#4628,#4629);
#4628 = CARTESIAN_POINT('',(6.1341,1.9812,0.));
#4629 = VECTOR('',#4630,1.);
#4630 = DIRECTION('',(0.,-1.,0.));
#4631 = ORIENTED_EDGE('',*,*,#4632,.F.);
#4632 = EDGE_CURVE('',#4633,#4625,#4635,.T.);
#4633 = VERTEX_POINT('',#4634);
#4634 = CARTESIAN_POINT('',(3.281331804126,1.9812,0.));
#4635 = LINE('',#4636,#4637);
#4636 = CARTESIAN_POINT('',(3.281331804126,1.9812,0.));
#4637 = VECTOR('',#4638,1.);
#4638 = DIRECTION('',(1.,0.,0.));
#4639 = ORIENTED_EDGE('',*,*,#4640,.F.);
#4640 = EDGE_CURVE('',#4641,#4633,#4643,.T.);
#4641 = VERTEX_POINT('',#4642);
#4642 = CARTESIAN_POINT('',(2.1717,0.871568195874,0.));
#4643 = LINE('',#4644,#4645);
#4644 = CARTESIAN_POINT('',(2.1717,0.871568195874,0.));
#4645 = VECTOR('',#4646,1.);
#4646 = DIRECTION('',(0.707106781187,0.707106781187,0.));
#4647 = ORIENTED_EDGE('',*,*,#4648,.F.);
#4648 = EDGE_CURVE('',#4609,#4641,#4649,.T.);
#4649 = LINE('',#4650,#4651);
#4650 = CARTESIAN_POINT('',(2.1717,-0.871568195874,0.));
#4651 = VECTOR('',#4652,1.);
#4652 = DIRECTION('',(0.,1.,0.));
#4653 = FACE_BOUND('',#4654,.F.);
#4654 = EDGE_LOOP('',(#4655,#4665,#4673,#4681,#4689,#4697));
#4655 = ORIENTED_EDGE('',*,*,#4656,.F.);
#4656 = EDGE_CURVE('',#4657,#4659,#4661,.T.);
#4657 = VERTEX_POINT('',#4658);
#4658 = CARTESIAN_POINT('',(1.9939,-1.9812,0.));
#4659 = VERTEX_POINT('',#4660);
#4660 = CARTESIAN_POINT('',(-0.858868195874,-1.9812,0.));
#4661 = LINE('',#4662,#4663);
#4662 = CARTESIAN_POINT('',(1.9939,-1.9812,0.));
#4663 = VECTOR('',#4664,1.);
#4664 = DIRECTION('',(-1.,0.,0.));
#4665 = ORIENTED_EDGE('',*,*,#4666,.F.);
#4666 = EDGE_CURVE('',#4667,#4657,#4669,.T.);
#4667 = VERTEX_POINT('',#4668);
#4668 = CARTESIAN_POINT('',(1.9939,1.9812,0.));
#4669 = LINE('',#4670,#4671);
#4670 = CARTESIAN_POINT('',(1.9939,1.9812,0.));
#4671 = VECTOR('',#4672,1.);
#4672 = DIRECTION('',(0.,-1.,0.));
#4673 = ORIENTED_EDGE('',*,*,#4674,.F.);
#4674 = EDGE_CURVE('',#4675,#4667,#4677,.T.);
#4675 = VERTEX_POINT('',#4676);
#4676 = CARTESIAN_POINT('',(-0.858868195874,1.9812,0.));
#4677 = LINE('',#4678,#4679);
#4678 = CARTESIAN_POINT('',(-0.858868195874,1.9812,0.));
#4679 = VECTOR('',#4680,1.);
#4680 = DIRECTION('',(1.,0.,0.));
#4681 = ORIENTED_EDGE('',*,*,#4682,.F.);
#4682 = EDGE_CURVE('',#4683,#4675,#4685,.T.);
#4683 = VERTEX_POINT('',#4684);
#4684 = CARTESIAN_POINT('',(-1.9685,0.871568195874,0.));
#4685 = LINE('',#4686,#4687);
#4686 = CARTESIAN_POINT('',(-1.9685,0.871568195874,0.));
#4687 = VECTOR('',#4688,1.);
#4688 = DIRECTION('',(0.707106781187,0.707106781187,0.));
#4689 = ORIENTED_EDGE('',*,*,#4690,.F.);
#4690 = EDGE_CURVE('',#4691,#4683,#4693,.T.);
#4691 = VERTEX_POINT('',#4692);
#4692 = CARTESIAN_POINT('',(-1.9685,-0.871568195874,0.));
#4693 = LINE('',#4694,#4695);
#4694 = CARTESIAN_POINT('',(-1.9685,-0.871568195874,0.));
#4695 = VECTOR('',#4696,1.);
#4696 = DIRECTION('',(0.,1.,0.));
#4697 = ORIENTED_EDGE('',*,*,#4698,.F.);
#4698 = EDGE_CURVE('',#4659,#4691,#4699,.T.);
#4699 = LINE('',#4700,#4701);
#4700 = CARTESIAN_POINT('',(-0.858868195874,-1.9812,0.));
#4701 = VECTOR('',#4702,1.);
#4702 = DIRECTION('',(-0.707106781187,0.707106781187,0.));
#4703 = FACE_BOUND('',#4704,.F.);
#4704 = EDGE_LOOP('',(#4705,#4715,#4723,#4731,#4739,#4747));
#4705 = ORIENTED_EDGE('',*,*,#4706,.F.);
#4706 = EDGE_CURVE('',#4707,#4709,#4711,.T.);
#4707 = VERTEX_POINT('',#4708);
#4708 = CARTESIAN_POINT('',(-6.1087,0.871568195874,0.));
#4709 = VERTEX_POINT('',#4710);
#4710 = CARTESIAN_POINT('',(-4.999068195874,1.9812,0.));
#4711 = LINE('',#4712,#4713);
#4712 = CARTESIAN_POINT('',(-6.1087,0.871568195874,0.));
#4713 = VECTOR('',#4714,1.);
#4714 = DIRECTION('',(0.707106781187,0.707106781187,0.));
#4715 = ORIENTED_EDGE('',*,*,#4716,.F.);
#4716 = EDGE_CURVE('',#4717,#4707,#4719,.T.);
#4717 = VERTEX_POINT('',#4718);
#4718 = CARTESIAN_POINT('',(-6.1087,-0.871568195874,0.));
#4719 = LINE('',#4720,#4721);
#4720 = CARTESIAN_POINT('',(-6.1087,-0.871568195874,0.));
#4721 = VECTOR('',#4722,1.);
#4722 = DIRECTION('',(0.,1.,0.));
#4723 = ORIENTED_EDGE('',*,*,#4724,.F.);
#4724 = EDGE_CURVE('',#4725,#4717,#4727,.T.);
#4725 = VERTEX_POINT('',#4726);
#4726 = CARTESIAN_POINT('',(-4.999068195874,-1.9812,0.));
#4727 = LINE('',#4728,#4729);
#4728 = CARTESIAN_POINT('',(-4.999068195874,-1.9812,0.));
#4729 = VECTOR('',#4730,1.);
#4730 = DIRECTION('',(-0.707106781187,0.707106781187,0.));
#4731 = ORIENTED_EDGE('',*,*,#4732,.F.);
#4732 = EDGE_CURVE('',#4733,#4725,#4735,.T.);
#4733 = VERTEX_POINT('',#4734);
#4734 = CARTESIAN_POINT('',(-2.1463,-1.9812,0.));
#4735 = LINE('',#4736,#4737);
#4736 = CARTESIAN_POINT('',(-2.1463,-1.9812,0.));
#4737 = VECTOR('',#4738,1.);
#4738 = DIRECTION('',(-1.,0.,0.));
#4739 = ORIENTED_EDGE('',*,*,#4740,.F.);
#4740 = EDGE_CURVE('',#4741,#4733,#4743,.T.);
#4741 = VERTEX_POINT('',#4742);
#4742 = CARTESIAN_POINT('',(-2.1463,1.9812,0.));
#4743 = LINE('',#4744,#4745);
#4744 = CARTESIAN_POINT('',(-2.1463,1.9812,0.));
#4745 = VECTOR('',#4746,1.);
#4746 = DIRECTION('',(0.,-1.,0.));
#4747 = ORIENTED_EDGE('',*,*,#4748,.F.);
#4748 = EDGE_CURVE('',#4709,#4741,#4749,.T.);
#4749 = LINE('',#4750,#4751);
#4750 = CARTESIAN_POINT('',(-4.999068195874,1.9812,0.));
#4751 = VECTOR('',#4752,1.);
#4752 = DIRECTION('',(1.,0.,0.));
#4753 = PLANE('',#4754);
#4754 = AXIS2_PLACEMENT_3D('',#4755,#4756,#4757);
#4755 = CARTESIAN_POINT('',(0.,0.,0.));
#4756 = DIRECTION('',(0.,0.,1.));
#4757 = DIRECTION('',(1.,0.,-0.));
#4758 = ADVANCED_FACE('',(#4759),#4784,.T.);
#4759 = FACE_BOUND('',#4760,.F.);
#4760 = EDGE_LOOP('',(#4761,#4762,#4770,#4778));
#4761 = ORIENTED_EDGE('',*,*,#4540,.F.);
#4762 = ORIENTED_EDGE('',*,*,#4763,.F.);
#4763 = EDGE_CURVE('',#4764,#4541,#4766,.T.);
#4764 = VERTEX_POINT('',#4765);
#4765 = CARTESIAN_POINT('',(-8.2931,-1.4986,-1.850022927934));
#4766 = LINE('',#4767,#4768);
#4767 = CARTESIAN_POINT('',(-8.2931,-1.4986,-1.850022927934));
#4768 = VECTOR('',#4769,1.);
#4769 = DIRECTION('',(0.573576436351,0.,0.819152044289));
#4770 = ORIENTED_EDGE('',*,*,#4771,.T.);
#4771 = EDGE_CURVE('',#4764,#4772,#4774,.T.);
#4772 = VERTEX_POINT('',#4773);
#4773 = CARTESIAN_POINT('',(-8.2931,1.4986,-1.850022927934));
#4774 = LINE('',#4775,#4776);
#4775 = CARTESIAN_POINT('',(-8.2931,-1.4986,-1.850022927934));
#4776 = VECTOR('',#4777,1.);
#4777 = DIRECTION('',(0.,1.,0.));
#4778 = ORIENTED_EDGE('',*,*,#4779,.T.);
#4779 = EDGE_CURVE('',#4772,#4543,#4780,.T.);
#4780 = LINE('',#4781,#4782);
#4781 = CARTESIAN_POINT('',(-8.2931,1.4986,-1.850022927934));
#4782 = VECTOR('',#4783,1.);
#4783 = DIRECTION('',(0.573576436351,0.,0.819152044289));
#4784 = PLANE('',#4785);
#4785 = AXIS2_PLACEMENT_3D('',#4786,#4787,#4788);
#4786 = CARTESIAN_POINT('',(-8.2931,-1.4986,-1.850022927934));
#4787 = DIRECTION('',(-0.819152044289,0.,0.573576436351));
#4788 = DIRECTION('',(0.573576436351,0.,0.819152044289));
#4789 = ADVANCED_FACE('',(#4790),#4815,.F.);
#4790 = FACE_BOUND('',#4791,.F.);
#4791 = EDGE_LOOP('',(#4792,#4800,#4808,#4814));
#4792 = ORIENTED_EDGE('',*,*,#4793,.T.);
#4793 = EDGE_CURVE('',#4541,#4794,#4796,.T.);
#4794 = VERTEX_POINT('',#4795);
#4795 = CARTESIAN_POINT('',(-6.9977,-1.4986,-2.477467185269));
#4796 = LINE('',#4797,#4798);
#4797 = CARTESIAN_POINT('',(-6.9977,-1.4986,0.));
#4798 = VECTOR('',#4799,1.);
#4799 = DIRECTION('',(0.,0.,-1.));
#4800 = ORIENTED_EDGE('',*,*,#4801,.T.);
#4801 = EDGE_CURVE('',#4794,#4802,#4804,.T.);
#4802 = VERTEX_POINT('',#4803);
#4803 = CARTESIAN_POINT('',(-8.2931,-1.4986,-2.5908));
#4804 = LINE('',#4805,#4806);
#4805 = CARTESIAN_POINT('',(-6.9977,-1.4986,-2.477467185269));
#4806 = VECTOR('',#4807,1.);
#4807 = DIRECTION('',(-0.996194698092,0.,-8.715574274766E-02));
#4808 = ORIENTED_EDGE('',*,*,#4809,.T.);
#4809 = EDGE_CURVE('',#4802,#4764,#4810,.T.);
#4810 = LINE('',#4811,#4812);
#4811 = CARTESIAN_POINT('',(-8.2931,-1.4986,-2.5908));
#4812 = VECTOR('',#4813,1.);
#4813 = DIRECTION('',(0.,0.,1.));
#4814 = ORIENTED_EDGE('',*,*,#4763,.T.);
#4815 = PLANE('',#4816);
#4816 = AXIS2_PLACEMENT_3D('',#4817,#4818,#4819);
#4817 = CARTESIAN_POINT('',(0.,-1.4986,0.));
#4818 = DIRECTION('',(0.,1.,0.));
#4819 = DIRECTION('',(1.,0.,0.));
#4820 = ADVANCED_FACE('',(#4821),#4894,.T.);
#4821 = FACE_BOUND('',#4822,.F.);
#4822 = EDGE_LOOP('',(#4823,#4831,#4839,#4847,#4855,#4863,#4871,#4877,
    #4878,#4886,#4892,#4893));
#4823 = ORIENTED_EDGE('',*,*,#4824,.T.);
#4824 = EDGE_CURVE('',#4591,#4825,#4827,.T.);
#4825 = VERTEX_POINT('',#4826);
#4826 = CARTESIAN_POINT('',(-6.9977,-2.8702,-9.398));
#4827 = LINE('',#4828,#4829);
#4828 = CARTESIAN_POINT('',(-6.9977,-2.8702,0.));
#4829 = VECTOR('',#4830,1.);
#4830 = DIRECTION('',(0.,0.,-1.));
#4831 = ORIENTED_EDGE('',*,*,#4832,.T.);
#4832 = EDGE_CURVE('',#4825,#4833,#4835,.T.);
#4833 = VERTEX_POINT('',#4834);
#4834 = CARTESIAN_POINT('',(-6.9977,-3.6322,-9.398));
#4835 = LINE('',#4836,#4837);
#4836 = CARTESIAN_POINT('',(-6.9977,-2.8702,-9.398));
#4837 = VECTOR('',#4838,1.);
#4838 = DIRECTION('',(0.,-1.,0.));
#4839 = ORIENTED_EDGE('',*,*,#4840,.T.);
#4840 = EDGE_CURVE('',#4833,#4841,#4843,.T.);
#4841 = VERTEX_POINT('',#4842);
#4842 = CARTESIAN_POINT('',(-6.9977,-3.6322,-11.938));
#4843 = LINE('',#4844,#4845);
#4844 = CARTESIAN_POINT('',(-6.9977,-3.6322,-9.398));
#4845 = VECTOR('',#4846,1.);
#4846 = DIRECTION('',(0.,0.,-1.));
#4847 = ORIENTED_EDGE('',*,*,#4848,.F.);
#4848 = EDGE_CURVE('',#4849,#4841,#4851,.T.);
#4849 = VERTEX_POINT('',#4850);
#4850 = CARTESIAN_POINT('',(-6.9977,-2.8702,-11.938));
#4851 = LINE('',#4852,#4853);
#4852 = CARTESIAN_POINT('',(-6.9977,-2.8702,-11.938));
#4853 = VECTOR('',#4854,1.);
#4854 = DIRECTION('',(0.,-1.,0.));
#4855 = ORIENTED_EDGE('',*,*,#4856,.T.);
#4856 = EDGE_CURVE('',#4849,#4857,#4859,.T.);
#4857 = VERTEX_POINT('',#4858);
#4858 = CARTESIAN_POINT('',(-6.9977,-2.8702,-12.7));
#4859 = LINE('',#4860,#4861);
#4860 = CARTESIAN_POINT('',(-6.9977,-2.8702,-11.938));
#4861 = VECTOR('',#4862,1.);
#4862 = DIRECTION('',(0.,0.,-1.));
#4863 = ORIENTED_EDGE('',*,*,#4864,.F.);
#4864 = EDGE_CURVE('',#4865,#4857,#4867,.T.);
#4865 = VERTEX_POINT('',#4866);
#4866 = CARTESIAN_POINT('',(-6.9977,2.8448,-12.7));
#4867 = LINE('',#4868,#4869);
#4868 = CARTESIAN_POINT('',(-6.9977,2.8448,-12.7));
#4869 = VECTOR('',#4870,1.);
#4870 = DIRECTION('',(0.,-1.,0.));
#4871 = ORIENTED_EDGE('',*,*,#4872,.F.);
#4872 = EDGE_CURVE('',#4551,#4865,#4873,.T.);
#4873 = LINE('',#4874,#4875);
#4874 = CARTESIAN_POINT('',(-6.9977,2.8448,0.));
#4875 = VECTOR('',#4876,1.);
#4876 = DIRECTION('',(0.,0.,-1.));
#4877 = ORIENTED_EDGE('',*,*,#4550,.T.);
#4878 = ORIENTED_EDGE('',*,*,#4879,.T.);
#4879 = EDGE_CURVE('',#4543,#4880,#4882,.T.);
#4880 = VERTEX_POINT('',#4881);
#4881 = CARTESIAN_POINT('',(-6.9977,1.4986,-2.477467185269));
#4882 = LINE('',#4883,#4884);
#4883 = CARTESIAN_POINT('',(-6.9977,1.4986,0.));
#4884 = VECTOR('',#4885,1.);
#4885 = DIRECTION('',(0.,0.,-1.));
#4886 = ORIENTED_EDGE('',*,*,#4887,.F.);
#4887 = EDGE_CURVE('',#4794,#4880,#4888,.T.);
#4888 = LINE('',#4889,#4890);
#4889 = CARTESIAN_POINT('',(-6.9977,-1.4986,-2.477467185269));
#4890 = VECTOR('',#4891,1.);
#4891 = DIRECTION('',(0.,1.,0.));
#4892 = ORIENTED_EDGE('',*,*,#4793,.F.);
#4893 = ORIENTED_EDGE('',*,*,#4598,.T.);
#4894 = PLANE('',#4895);
#4895 = AXIS2_PLACEMENT_3D('',#4896,#4897,#4898);
#4896 = CARTESIAN_POINT('',(-6.9977,2.8448,0.));
#4897 = DIRECTION('',(-1.,0.,0.));
#4898 = DIRECTION('',(0.,-1.,0.));
#4899 = ADVANCED_FACE('',(#4900,#5069,#5103,#5137,#5172,#5207,#5227,
    #5247),#5267,.T.);
#4900 = FACE_BOUND('',#4901,.F.);
#4901 = EDGE_LOOP('',(#4902,#4912,#4920,#4928,#4936,#4944,#4952,#4960,
    #4968,#4976,#4984,#4992,#5000,#5006,#5007,#5015,#5023,#5029,#5030,
    #5031,#5039,#5047,#5055,#5063));
#4902 = ORIENTED_EDGE('',*,*,#4903,.F.);
#4903 = EDGE_CURVE('',#4904,#4906,#4908,.T.);
#4904 = VERTEX_POINT('',#4905);
#4905 = CARTESIAN_POINT('',(5.6896,-2.8702,-12.7));
#4906 = VERTEX_POINT('',#4907);
#4907 = CARTESIAN_POINT('',(6.9977,-2.8702,-12.7));
#4908 = LINE('',#4909,#4910);
#4909 = CARTESIAN_POINT('',(5.6896,-2.8702,-12.7));
#4910 = VECTOR('',#4911,1.);
#4911 = DIRECTION('',(1.,0.,0.));
#4912 = ORIENTED_EDGE('',*,*,#4913,.T.);
#4913 = EDGE_CURVE('',#4904,#4914,#4916,.T.);
#4914 = VERTEX_POINT('',#4915);
#4915 = CARTESIAN_POINT('',(5.6896,-2.8702,-14.7066));
#4916 = LINE('',#4917,#4918);
#4917 = CARTESIAN_POINT('',(5.6896,-2.8702,-12.7));
#4918 = VECTOR('',#4919,1.);
#4919 = DIRECTION('',(0.,0.,-1.));
#4920 = ORIENTED_EDGE('',*,*,#4921,.T.);
#4921 = EDGE_CURVE('',#4914,#4922,#4924,.T.);
#4922 = VERTEX_POINT('',#4923);
#4923 = CARTESIAN_POINT('',(2.6162,-2.8702,-14.7066));
#4924 = LINE('',#4925,#4926);
#4925 = CARTESIAN_POINT('',(5.6896,-2.8702,-14.7066));
#4926 = VECTOR('',#4927,1.);
#4927 = DIRECTION('',(-1.,0.,0.));
#4928 = ORIENTED_EDGE('',*,*,#4929,.F.);
#4929 = EDGE_CURVE('',#4930,#4922,#4932,.T.);
#4930 = VERTEX_POINT('',#4931);
#4931 = CARTESIAN_POINT('',(2.6162,-2.8702,-12.7));
#4932 = LINE('',#4933,#4934);
#4933 = CARTESIAN_POINT('',(2.6162,-2.8702,-12.7));
#4934 = VECTOR('',#4935,1.);
#4935 = DIRECTION('',(0.,0.,-1.));
#4936 = ORIENTED_EDGE('',*,*,#4937,.F.);
#4937 = EDGE_CURVE('',#4938,#4930,#4940,.T.);
#4938 = VERTEX_POINT('',#4939);
#4939 = CARTESIAN_POINT('',(1.5494,-2.8702,-12.7));
#4940 = LINE('',#4941,#4942);
#4941 = CARTESIAN_POINT('',(1.5494,-2.8702,-12.7));
#4942 = VECTOR('',#4943,1.);
#4943 = DIRECTION('',(1.,0.,0.));
#4944 = ORIENTED_EDGE('',*,*,#4945,.T.);
#4945 = EDGE_CURVE('',#4938,#4946,#4948,.T.);
#4946 = VERTEX_POINT('',#4947);
#4947 = CARTESIAN_POINT('',(1.5494,-2.8702,-14.7066));
#4948 = LINE('',#4949,#4950);
#4949 = CARTESIAN_POINT('',(1.5494,-2.8702,-12.7));
#4950 = VECTOR('',#4951,1.);
#4951 = DIRECTION('',(0.,0.,-1.));
#4952 = ORIENTED_EDGE('',*,*,#4953,.T.);
#4953 = EDGE_CURVE('',#4946,#4954,#4956,.T.);
#4954 = VERTEX_POINT('',#4955);
#4955 = CARTESIAN_POINT('',(-1.524,-2.8702,-14.7066));
#4956 = LINE('',#4957,#4958);
#4957 = CARTESIAN_POINT('',(1.5494,-2.8702,-14.7066));
#4958 = VECTOR('',#4959,1.);
#4959 = DIRECTION('',(-1.,0.,0.));
#4960 = ORIENTED_EDGE('',*,*,#4961,.F.);
#4961 = EDGE_CURVE('',#4962,#4954,#4964,.T.);
#4962 = VERTEX_POINT('',#4963);
#4963 = CARTESIAN_POINT('',(-1.524,-2.8702,-12.7));
#4964 = LINE('',#4965,#4966);
#4965 = CARTESIAN_POINT('',(-1.524,-2.8702,-12.7));
#4966 = VECTOR('',#4967,1.);
#4967 = DIRECTION('',(0.,0.,-1.));
#4968 = ORIENTED_EDGE('',*,*,#4969,.F.);
#4969 = EDGE_CURVE('',#4970,#4962,#4972,.T.);
#4970 = VERTEX_POINT('',#4971);
#4971 = CARTESIAN_POINT('',(-2.5908,-2.8702,-12.7));
#4972 = LINE('',#4973,#4974);
#4973 = CARTESIAN_POINT('',(-2.5908,-2.8702,-12.7));
#4974 = VECTOR('',#4975,1.);
#4975 = DIRECTION('',(1.,0.,0.));
#4976 = ORIENTED_EDGE('',*,*,#4977,.T.);
#4977 = EDGE_CURVE('',#4970,#4978,#4980,.T.);
#4978 = VERTEX_POINT('',#4979);
#4979 = CARTESIAN_POINT('',(-2.5908,-2.8702,-14.7066));
#4980 = LINE('',#4981,#4982);
#4981 = CARTESIAN_POINT('',(-2.5908,-2.8702,-12.7));
#4982 = VECTOR('',#4983,1.);
#4983 = DIRECTION('',(0.,0.,-1.));
#4984 = ORIENTED_EDGE('',*,*,#4985,.T.);
#4985 = EDGE_CURVE('',#4978,#4986,#4988,.T.);
#4986 = VERTEX_POINT('',#4987);
#4987 = CARTESIAN_POINT('',(-5.6642,-2.8702,-14.7066));
#4988 = LINE('',#4989,#4990);
#4989 = CARTESIAN_POINT('',(-2.5908,-2.8702,-14.7066));
#4990 = VECTOR('',#4991,1.);
#4991 = DIRECTION('',(-1.,0.,0.));
#4992 = ORIENTED_EDGE('',*,*,#4993,.F.);
#4993 = EDGE_CURVE('',#4994,#4986,#4996,.T.);
#4994 = VERTEX_POINT('',#4995);
#4995 = CARTESIAN_POINT('',(-5.6642,-2.8702,-12.7));
#4996 = LINE('',#4997,#4998);
#4997 = CARTESIAN_POINT('',(-5.6642,-2.8702,-12.7));
#4998 = VECTOR('',#4999,1.);
#4999 = DIRECTION('',(0.,0.,-1.));
#5000 = ORIENTED_EDGE('',*,*,#5001,.F.);
#5001 = EDGE_CURVE('',#4857,#4994,#5002,.T.);
#5002 = LINE('',#5003,#5004);
#5003 = CARTESIAN_POINT('',(-6.9977,-2.8702,-12.7));
#5004 = VECTOR('',#5005,1.);
#5005 = DIRECTION('',(1.,0.,0.));
#5006 = ORIENTED_EDGE('',*,*,#4856,.F.);
#5007 = ORIENTED_EDGE('',*,*,#5008,.T.);
#5008 = EDGE_CURVE('',#4849,#5009,#5011,.T.);
#5009 = VERTEX_POINT('',#5010);
#5010 = CARTESIAN_POINT('',(-6.2357,-2.8702,-11.938));
#5011 = LINE('',#5012,#5013);
#5012 = CARTESIAN_POINT('',(-6.9977,-2.8702,-11.938));
#5013 = VECTOR('',#5014,1.);
#5014 = DIRECTION('',(1.,0.,0.));
#5015 = ORIENTED_EDGE('',*,*,#5016,.T.);
#5016 = EDGE_CURVE('',#5009,#5017,#5019,.T.);
#5017 = VERTEX_POINT('',#5018);
#5018 = CARTESIAN_POINT('',(-6.2357,-2.8702,-9.398));
#5019 = LINE('',#5020,#5021);
#5020 = CARTESIAN_POINT('',(-6.2357,-2.8702,-11.938));
#5021 = VECTOR('',#5022,1.);
#5022 = DIRECTION('',(0.,0.,1.));
#5023 = ORIENTED_EDGE('',*,*,#5024,.F.);
#5024 = EDGE_CURVE('',#4825,#5017,#5025,.T.);
#5025 = LINE('',#5026,#5027);
#5026 = CARTESIAN_POINT('',(-6.9977,-2.8702,-9.398));
#5027 = VECTOR('',#5028,1.);
#5028 = DIRECTION('',(1.,0.,0.));
#5029 = ORIENTED_EDGE('',*,*,#4824,.F.);
#5030 = ORIENTED_EDGE('',*,*,#4590,.T.);
#5031 = ORIENTED_EDGE('',*,*,#5032,.T.);
#5032 = EDGE_CURVE('',#4583,#5033,#5035,.T.);
#5033 = VERTEX_POINT('',#5034);
#5034 = CARTESIAN_POINT('',(6.9977,-2.8702,-9.398));
#5035 = LINE('',#5036,#5037);
#5036 = CARTESIAN_POINT('',(6.9977,-2.8702,0.));
#5037 = VECTOR('',#5038,1.);
#5038 = DIRECTION('',(0.,0.,-1.));
#5039 = ORIENTED_EDGE('',*,*,#5040,.T.);
#5040 = EDGE_CURVE('',#5033,#5041,#5043,.T.);
#5041 = VERTEX_POINT('',#5042);
#5042 = CARTESIAN_POINT('',(6.2357,-2.8702,-9.398));
#5043 = LINE('',#5044,#5045);
#5044 = CARTESIAN_POINT('',(6.9977,-2.8702,-9.398));
#5045 = VECTOR('',#5046,1.);
#5046 = DIRECTION('',(-1.,0.,0.));
#5047 = ORIENTED_EDGE('',*,*,#5048,.T.);
#5048 = EDGE_CURVE('',#5041,#5049,#5051,.T.);
#5049 = VERTEX_POINT('',#5050);
#5050 = CARTESIAN_POINT('',(6.2357,-2.8702,-11.938));
#5051 = LINE('',#5052,#5053);
#5052 = CARTESIAN_POINT('',(6.2357,-2.8702,-9.398));
#5053 = VECTOR('',#5054,1.);
#5054 = DIRECTION('',(0.,0.,-1.));
#5055 = ORIENTED_EDGE('',*,*,#5056,.F.);
#5056 = EDGE_CURVE('',#5057,#5049,#5059,.T.);
#5057 = VERTEX_POINT('',#5058);
#5058 = CARTESIAN_POINT('',(6.9977,-2.8702,-11.938));
#5059 = LINE('',#5060,#5061);
#5060 = CARTESIAN_POINT('',(6.9977,-2.8702,-11.938));
#5061 = VECTOR('',#5062,1.);
#5062 = DIRECTION('',(-1.,0.,0.));
#5063 = ORIENTED_EDGE('',*,*,#5064,.T.);
#5064 = EDGE_CURVE('',#5057,#4906,#5065,.T.);
#5065 = LINE('',#5066,#5067);
#5066 = CARTESIAN_POINT('',(6.9977,-2.8702,-11.938));
#5067 = VECTOR('',#5068,1.);
#5068 = DIRECTION('',(0.,0.,-1.));
#5069 = FACE_BOUND('',#5070,.F.);
#5070 = EDGE_LOOP('',(#5071,#5081,#5089,#5097));
#5071 = ORIENTED_EDGE('',*,*,#5072,.T.);
#5072 = EDGE_CURVE('',#5073,#5075,#5077,.T.);
#5073 = VERTEX_POINT('',#5074);
#5074 = CARTESIAN_POINT('',(5.9817,-2.8702,-3.3274));
#5075 = VERTEX_POINT('',#5076);
#5076 = CARTESIAN_POINT('',(5.9817,-2.8702,-0.7874));
#5077 = LINE('',#5078,#5079);
#5078 = CARTESIAN_POINT('',(5.9817,-2.8702,-3.3274));
#5079 = VECTOR('',#5080,1.);
#5080 = DIRECTION('',(0.,0.,1.));
#5081 = ORIENTED_EDGE('',*,*,#5082,.T.);
#5082 = EDGE_CURVE('',#5075,#5083,#5085,.T.);
#5083 = VERTEX_POINT('',#5084);
#5084 = CARTESIAN_POINT('',(5.2197,-2.8702,-0.7874));
#5085 = LINE('',#5086,#5087);
#5086 = CARTESIAN_POINT('',(5.9817,-2.8702,-0.7874));
#5087 = VECTOR('',#5088,1.);
#5088 = DIRECTION('',(-1.,0.,0.));
#5089 = ORIENTED_EDGE('',*,*,#5090,.T.);
#5090 = EDGE_CURVE('',#5083,#5091,#5093,.T.);
#5091 = VERTEX_POINT('',#5092);
#5092 = CARTESIAN_POINT('',(5.2197,-2.8702,-3.3274));
#5093 = LINE('',#5094,#5095);
#5094 = CARTESIAN_POINT('',(5.2197,-2.8702,-0.7874));
#5095 = VECTOR('',#5096,1.);
#5096 = DIRECTION('',(0.,0.,-1.));
#5097 = ORIENTED_EDGE('',*,*,#5098,.T.);
#5098 = EDGE_CURVE('',#5091,#5073,#5099,.T.);
#5099 = LINE('',#5100,#5101);
#5100 = CARTESIAN_POINT('',(5.2197,-2.8702,-3.3274));
#5101 = VECTOR('',#5102,1.);
#5102 = DIRECTION('',(1.,0.,0.));
#5103 = FACE_BOUND('',#5104,.F.);
#5104 = EDGE_LOOP('',(#5105,#5115,#5123,#5131));
#5105 = ORIENTED_EDGE('',*,*,#5106,.T.);
#5106 = EDGE_CURVE('',#5107,#5109,#5111,.T.);
#5107 = VERTEX_POINT('',#5108);
#5108 = CARTESIAN_POINT('',(-5.9817,-2.8702,-3.3274));
#5109 = VERTEX_POINT('',#5110);
#5110 = CARTESIAN_POINT('',(-5.2197,-2.8702,-3.3274));
#5111 = LINE('',#5112,#5113);
#5112 = CARTESIAN_POINT('',(-5.9817,-2.8702,-3.3274));
#5113 = VECTOR('',#5114,1.);
#5114 = DIRECTION('',(1.,0.,0.));
#5115 = ORIENTED_EDGE('',*,*,#5116,.T.);
#5116 = EDGE_CURVE('',#5109,#5117,#5119,.T.);
#5117 = VERTEX_POINT('',#5118);
#5118 = CARTESIAN_POINT('',(-5.2197,-2.8702,-0.7874));
#5119 = LINE('',#5120,#5121);
#5120 = CARTESIAN_POINT('',(-5.2197,-2.8702,-3.3274));
#5121 = VECTOR('',#5122,1.);
#5122 = DIRECTION('',(0.,0.,1.));
#5123 = ORIENTED_EDGE('',*,*,#5124,.T.);
#5124 = EDGE_CURVE('',#5117,#5125,#5127,.T.);
#5125 = VERTEX_POINT('',#5126);
#5126 = CARTESIAN_POINT('',(-5.9817,-2.8702,-0.7874));
#5127 = LINE('',#5128,#5129);
#5128 = CARTESIAN_POINT('',(-5.2197,-2.8702,-0.7874));
#5129 = VECTOR('',#5130,1.);
#5130 = DIRECTION('',(-1.,0.,0.));
#5131 = ORIENTED_EDGE('',*,*,#5132,.T.);
#5132 = EDGE_CURVE('',#5125,#5107,#5133,.T.);
#5133 = LINE('',#5134,#5135);
#5134 = CARTESIAN_POINT('',(-5.9817,-2.8702,-0.7874));
#5135 = VECTOR('',#5136,1.);
#5136 = DIRECTION('',(0.,0.,-1.));
#5137 = FACE_BOUND('',#5138,.F.);
#5138 = EDGE_LOOP('',(#5139,#5149,#5157,#5166));
#5139 = ORIENTED_EDGE('',*,*,#5140,.T.);
#5140 = EDGE_CURVE('',#5141,#5143,#5145,.T.);
#5141 = VERTEX_POINT('',#5142);
#5142 = CARTESIAN_POINT('',(0.508,-2.8702,-5.08));
#5143 = VERTEX_POINT('',#5144);
#5144 = CARTESIAN_POINT('',(0.508,-2.8702,-8.636));
#5145 = LINE('',#5146,#5147);
#5146 = CARTESIAN_POINT('',(0.508,-2.8702,-5.08));
#5147 = VECTOR('',#5148,1.);
#5148 = DIRECTION('',(0.,0.,-1.));
#5149 = ORIENTED_EDGE('',*,*,#5150,.F.);
#5150 = EDGE_CURVE('',#5151,#5143,#5153,.T.);
#5151 = VERTEX_POINT('',#5152);
#5152 = CARTESIAN_POINT('',(1.290722437242,-2.8702,-8.636));
#5153 = LINE('',#5154,#5155);
#5154 = CARTESIAN_POINT('',(1.290722437242,-2.8702,-8.636));
#5155 = VECTOR('',#5156,1.);
#5156 = DIRECTION('',(-1.,0.,0.));
#5157 = ORIENTED_EDGE('',*,*,#5158,.F.);
#5158 = EDGE_CURVE('',#5159,#5151,#5161,.T.);
#5159 = VERTEX_POINT('',#5160);
#5160 = CARTESIAN_POINT('',(1.290722437242,-2.8702,-5.08));
#5161 = CIRCLE('',#5162,2.1971);
#5162 = AXIS2_PLACEMENT_3D('',#5163,#5164,#5165);
#5163 = CARTESIAN_POINT('',(0.,-2.8702,-6.858));
#5164 = DIRECTION('',(0.,1.,0.));
#5165 = DIRECTION('',(0.587466404461,-0.,0.809248554913));
#5166 = ORIENTED_EDGE('',*,*,#5167,.F.);
#5167 = EDGE_CURVE('',#5141,#5159,#5168,.T.);
#5168 = LINE('',#5169,#5170);
#5169 = CARTESIAN_POINT('',(0.508,-2.8702,-5.08));
#5170 = VECTOR('',#5171,1.);
#5171 = DIRECTION('',(1.,0.,0.));
#5172 = FACE_BOUND('',#5173,.F.);
#5173 = EDGE_LOOP('',(#5174,#5184,#5192,#5201));
#5174 = ORIENTED_EDGE('',*,*,#5175,.F.);
#5175 = EDGE_CURVE('',#5176,#5178,#5180,.T.);
#5176 = VERTEX_POINT('',#5177);
#5177 = CARTESIAN_POINT('',(-0.508,-2.8702,-5.08));
#5178 = VERTEX_POINT('',#5179);
#5179 = CARTESIAN_POINT('',(-0.508,-2.8702,-8.636));
#5180 = LINE('',#5181,#5182);
#5181 = CARTESIAN_POINT('',(-0.508,-2.8702,-5.08));
#5182 = VECTOR('',#5183,1.);
#5183 = DIRECTION('',(0.,0.,-1.));
#5184 = ORIENTED_EDGE('',*,*,#5185,.F.);
#5185 = EDGE_CURVE('',#5186,#5176,#5188,.T.);
#5186 = VERTEX_POINT('',#5187);
#5187 = CARTESIAN_POINT('',(-1.290722437242,-2.8702,-5.08));
#5188 = LINE('',#5189,#5190);
#5189 = CARTESIAN_POINT('',(-1.290722437242,-2.8702,-5.08));
#5190 = VECTOR('',#5191,1.);
#5191 = DIRECTION('',(1.,0.,0.));
#5192 = ORIENTED_EDGE('',*,*,#5193,.F.);
#5193 = EDGE_CURVE('',#5194,#5186,#5196,.T.);
#5194 = VERTEX_POINT('',#5195);
#5195 = CARTESIAN_POINT('',(-1.290722437242,-2.8702,-8.636));
#5196 = CIRCLE('',#5197,2.1971);
#5197 = AXIS2_PLACEMENT_3D('',#5198,#5199,#5200);
#5198 = CARTESIAN_POINT('',(0.,-2.8702,-6.858));
#5199 = DIRECTION('',(0.,1.,0.));
#5200 = DIRECTION('',(-0.587466404461,0.,-0.809248554913));
#5201 = ORIENTED_EDGE('',*,*,#5202,.F.);
#5202 = EDGE_CURVE('',#5178,#5194,#5203,.T.);
#5203 = LINE('',#5204,#5205);
#5204 = CARTESIAN_POINT('',(-0.508,-2.8702,-8.636));
#5205 = VECTOR('',#5206,1.);
#5206 = DIRECTION('',(-1.,0.,0.));
#5207 = FACE_BOUND('',#5208,.F.);
#5208 = EDGE_LOOP('',(#5209,#5220));
#5209 = ORIENTED_EDGE('',*,*,#5210,.T.);
#5210 = EDGE_CURVE('',#5211,#5213,#5215,.T.);
#5211 = VERTEX_POINT('',#5212);
#5212 = CARTESIAN_POINT('',(-4.1275,-2.8702,-14.69898));
#5213 = VERTEX_POINT('',#5214);
#5214 = CARTESIAN_POINT('',(-4.1275,-2.8702,-13.69822));
#5215 = CIRCLE('',#5216,0.50038);
#5216 = AXIS2_PLACEMENT_3D('',#5217,#5218,#5219);
#5217 = CARTESIAN_POINT('',(-4.1275,-2.8702,-14.1986));
#5218 = DIRECTION('',(0.,-1.,0.));
#5219 = DIRECTION('',(0.,0.,-1.));
#5220 = ORIENTED_EDGE('',*,*,#5221,.T.);
#5221 = EDGE_CURVE('',#5213,#5211,#5222,.T.);
#5222 = CIRCLE('',#5223,0.50038);
#5223 = AXIS2_PLACEMENT_3D('',#5224,#5225,#5226);
#5224 = CARTESIAN_POINT('',(-4.1275,-2.8702,-14.1986));
#5225 = DIRECTION('',(0.,-1.,0.));
#5226 = DIRECTION('',(0.,0.,1.));
#5227 = FACE_BOUND('',#5228,.F.);
#5228 = EDGE_LOOP('',(#5229,#5240));
#5229 = ORIENTED_EDGE('',*,*,#5230,.T.);
#5230 = EDGE_CURVE('',#5231,#5233,#5235,.T.);
#5231 = VERTEX_POINT('',#5232);
#5232 = CARTESIAN_POINT('',(1.27E-02,-2.8702,-14.69898));
#5233 = VERTEX_POINT('',#5234);
#5234 = CARTESIAN_POINT('',(1.27E-02,-2.8702,-13.69822));
#5235 = CIRCLE('',#5236,0.50038);
#5236 = AXIS2_PLACEMENT_3D('',#5237,#5238,#5239);
#5237 = CARTESIAN_POINT('',(1.27E-02,-2.8702,-14.1986));
#5238 = DIRECTION('',(0.,-1.,0.));
#5239 = DIRECTION('',(0.,0.,-1.));
#5240 = ORIENTED_EDGE('',*,*,#5241,.T.);
#5241 = EDGE_CURVE('',#5233,#5231,#5242,.T.);
#5242 = CIRCLE('',#5243,0.50038);
#5243 = AXIS2_PLACEMENT_3D('',#5244,#5245,#5246);
#5244 = CARTESIAN_POINT('',(1.27E-02,-2.8702,-14.1986));
#5245 = DIRECTION('',(0.,-1.,0.));
#5246 = DIRECTION('',(0.,0.,1.));
#5247 = FACE_BOUND('',#5248,.F.);
#5248 = EDGE_LOOP('',(#5249,#5260));
#5249 = ORIENTED_EDGE('',*,*,#5250,.T.);
#5250 = EDGE_CURVE('',#5251,#5253,#5255,.T.);
#5251 = VERTEX_POINT('',#5252);
#5252 = CARTESIAN_POINT('',(4.1529,-2.8702,-14.69898));
#5253 = VERTEX_POINT('',#5254);
#5254 = CARTESIAN_POINT('',(4.1529,-2.8702,-13.69822));
#5255 = CIRCLE('',#5256,0.50038);
#5256 = AXIS2_PLACEMENT_3D('',#5257,#5258,#5259);
#5257 = CARTESIAN_POINT('',(4.1529,-2.8702,-14.1986));
#5258 = DIRECTION('',(0.,-1.,0.));
#5259 = DIRECTION('',(0.,0.,-1.));
#5260 = ORIENTED_EDGE('',*,*,#5261,.T.);
#5261 = EDGE_CURVE('',#5253,#5251,#5262,.T.);
#5262 = CIRCLE('',#5263,0.50038);
#5263 = AXIS2_PLACEMENT_3D('',#5264,#5265,#5266);
#5264 = CARTESIAN_POINT('',(4.1529,-2.8702,-14.1986));
#5265 = DIRECTION('',(0.,-1.,0.));
#5266 = DIRECTION('',(0.,0.,1.));
#5267 = PLANE('',#5268);
#5268 = AXIS2_PLACEMENT_3D('',#5269,#5270,#5271);
#5269 = CARTESIAN_POINT('',(-6.9977,-2.8702,0.));
#5270 = DIRECTION('',(0.,-1.,0.));
#5271 = DIRECTION('',(1.,0.,0.));
#5272 = ADVANCED_FACE('',(#5273),#5298,.T.);
#5273 = FACE_BOUND('',#5274,.F.);
#5274 = EDGE_LOOP('',(#5275,#5276,#5284,#5292));
#5275 = ORIENTED_EDGE('',*,*,#5106,.F.);
#5276 = ORIENTED_EDGE('',*,*,#5277,.T.);
#5277 = EDGE_CURVE('',#5107,#5278,#5280,.T.);
#5278 = VERTEX_POINT('',#5279);
#5279 = CARTESIAN_POINT('',(-5.9817,-3.6322,-3.3274));
#5280 = LINE('',#5281,#5282);
#5281 = CARTESIAN_POINT('',(-5.9817,-2.8702,-3.3274));
#5282 = VECTOR('',#5283,1.);
#5283 = DIRECTION('',(0.,-1.,0.));
#5284 = ORIENTED_EDGE('',*,*,#5285,.T.);
#5285 = EDGE_CURVE('',#5278,#5286,#5288,.T.);
#5286 = VERTEX_POINT('',#5287);
#5287 = CARTESIAN_POINT('',(-5.2197,-3.6322,-3.3274));
#5288 = LINE('',#5289,#5290);
#5289 = CARTESIAN_POINT('',(-5.9817,-3.6322,-3.3274));
#5290 = VECTOR('',#5291,1.);
#5291 = DIRECTION('',(1.,0.,0.));
#5292 = ORIENTED_EDGE('',*,*,#5293,.F.);
#5293 = EDGE_CURVE('',#5109,#5286,#5294,.T.);
#5294 = LINE('',#5295,#5296);
#5295 = CARTESIAN_POINT('',(-5.2197,-2.8702,-3.3274));
#5296 = VECTOR('',#5297,1.);
#5297 = DIRECTION('',(0.,-1.,0.));
#5298 = PLANE('',#5299);
#5299 = AXIS2_PLACEMENT_3D('',#5300,#5301,#5302);
#5300 = CARTESIAN_POINT('',(-5.9817,-2.8702,-3.3274));
#5301 = DIRECTION('',(0.,0.,-1.));
#5302 = DIRECTION('',(1.,0.,0.));
#5303 = ADVANCED_FACE('',(#5304),#5322,.T.);
#5304 = FACE_BOUND('',#5305,.F.);
#5305 = EDGE_LOOP('',(#5306,#5307,#5315,#5321));
#5306 = ORIENTED_EDGE('',*,*,#5132,.F.);
#5307 = ORIENTED_EDGE('',*,*,#5308,.T.);
#5308 = EDGE_CURVE('',#5125,#5309,#5311,.T.);
#5309 = VERTEX_POINT('',#5310);
#5310 = CARTESIAN_POINT('',(-5.9817,-3.6322,-0.7874));
#5311 = LINE('',#5312,#5313);
#5312 = CARTESIAN_POINT('',(-5.9817,-2.8702,-0.7874));
#5313 = VECTOR('',#5314,1.);
#5314 = DIRECTION('',(0.,-1.,0.));
#5315 = ORIENTED_EDGE('',*,*,#5316,.T.);
#5316 = EDGE_CURVE('',#5309,#5278,#5317,.T.);
#5317 = LINE('',#5318,#5319);
#5318 = CARTESIAN_POINT('',(-5.9817,-3.6322,-0.7874));
#5319 = VECTOR('',#5320,1.);
#5320 = DIRECTION('',(0.,0.,-1.));
#5321 = ORIENTED_EDGE('',*,*,#5277,.F.);
#5322 = PLANE('',#5323);
#5323 = AXIS2_PLACEMENT_3D('',#5324,#5325,#5326);
#5324 = CARTESIAN_POINT('',(-5.9817,-2.8702,-0.7874));
#5325 = DIRECTION('',(-1.,0.,0.));
#5326 = DIRECTION('',(0.,0.,-1.));
#5327 = ADVANCED_FACE('',(#5328),#5346,.T.);
#5328 = FACE_BOUND('',#5329,.F.);
#5329 = EDGE_LOOP('',(#5330,#5331,#5339,#5345));
#5330 = ORIENTED_EDGE('',*,*,#5124,.F.);
#5331 = ORIENTED_EDGE('',*,*,#5332,.T.);
#5332 = EDGE_CURVE('',#5117,#5333,#5335,.T.);
#5333 = VERTEX_POINT('',#5334);
#5334 = CARTESIAN_POINT('',(-5.2197,-3.6322,-0.7874));
#5335 = LINE('',#5336,#5337);
#5336 = CARTESIAN_POINT('',(-5.2197,-2.8702,-0.7874));
#5337 = VECTOR('',#5338,1.);
#5338 = DIRECTION('',(0.,-1.,0.));
#5339 = ORIENTED_EDGE('',*,*,#5340,.T.);
#5340 = EDGE_CURVE('',#5333,#5309,#5341,.T.);
#5341 = LINE('',#5342,#5343);
#5342 = CARTESIAN_POINT('',(-5.2197,-3.6322,-0.7874));
#5343 = VECTOR('',#5344,1.);
#5344 = DIRECTION('',(-1.,0.,0.));
#5345 = ORIENTED_EDGE('',*,*,#5308,.F.);
#5346 = PLANE('',#5347);
#5347 = AXIS2_PLACEMENT_3D('',#5348,#5349,#5350);
#5348 = CARTESIAN_POINT('',(-5.2197,-2.8702,-0.7874));
#5349 = DIRECTION('',(0.,0.,1.));
#5350 = DIRECTION('',(-1.,0.,0.));
#5351 = ADVANCED_FACE('',(#5352),#5363,.T.);
#5352 = FACE_BOUND('',#5353,.F.);
#5353 = EDGE_LOOP('',(#5354,#5355,#5356,#5362));
#5354 = ORIENTED_EDGE('',*,*,#5116,.F.);
#5355 = ORIENTED_EDGE('',*,*,#5293,.T.);
#5356 = ORIENTED_EDGE('',*,*,#5357,.T.);
#5357 = EDGE_CURVE('',#5286,#5333,#5358,.T.);
#5358 = LINE('',#5359,#5360);
#5359 = CARTESIAN_POINT('',(-5.2197,-3.6322,-3.3274));
#5360 = VECTOR('',#5361,1.);
#5361 = DIRECTION('',(0.,0.,1.));
#5362 = ORIENTED_EDGE('',*,*,#5332,.F.);
#5363 = PLANE('',#5364);
#5364 = AXIS2_PLACEMENT_3D('',#5365,#5366,#5367);
#5365 = CARTESIAN_POINT('',(-5.2197,-2.8702,-3.3274));
#5366 = DIRECTION('',(1.,0.,0.));
#5367 = DIRECTION('',(0.,0.,1.));
#5368 = ADVANCED_FACE('',(#5369),#5394,.T.);
#5369 = FACE_BOUND('',#5370,.F.);
#5370 = EDGE_LOOP('',(#5371,#5381,#5387,#5388));
#5371 = ORIENTED_EDGE('',*,*,#5372,.F.);
#5372 = EDGE_CURVE('',#5373,#5375,#5377,.T.);
#5373 = VERTEX_POINT('',#5374);
#5374 = CARTESIAN_POINT('',(-6.2357,-3.6322,-11.938));
#5375 = VERTEX_POINT('',#5376);
#5376 = CARTESIAN_POINT('',(-6.2357,-3.6322,-9.398));
#5377 = LINE('',#5378,#5379);
#5378 = CARTESIAN_POINT('',(-6.2357,-3.6322,-11.938));
#5379 = VECTOR('',#5380,1.);
#5380 = DIRECTION('',(0.,0.,1.));
#5381 = ORIENTED_EDGE('',*,*,#5382,.F.);
#5382 = EDGE_CURVE('',#4841,#5373,#5383,.T.);
#5383 = LINE('',#5384,#5385);
#5384 = CARTESIAN_POINT('',(-6.9977,-3.6322,-11.938));
#5385 = VECTOR('',#5386,1.);
#5386 = DIRECTION('',(1.,0.,0.));
#5387 = ORIENTED_EDGE('',*,*,#4840,.F.);
#5388 = ORIENTED_EDGE('',*,*,#5389,.F.);
#5389 = EDGE_CURVE('',#5375,#4833,#5390,.T.);
#5390 = LINE('',#5391,#5392);
#5391 = CARTESIAN_POINT('',(-6.2357,-3.6322,-9.398));
#5392 = VECTOR('',#5393,1.);
#5393 = DIRECTION('',(-1.,0.,0.));
#5394 = PLANE('',#5395);
#5395 = AXIS2_PLACEMENT_3D('',#5396,#5397,#5398);
#5396 = CARTESIAN_POINT('',(0.,-3.6322,0.));
#5397 = DIRECTION('',(0.,-1.,0.));
#5398 = DIRECTION('',(-1.,0.,0.));
#5399 = ADVANCED_FACE('',(#5400),#5406,.T.);
#5400 = FACE_BOUND('',#5401,.F.);
#5401 = EDGE_LOOP('',(#5402,#5403,#5404,#5405));
#5402 = ORIENTED_EDGE('',*,*,#5285,.F.);
#5403 = ORIENTED_EDGE('',*,*,#5316,.F.);
#5404 = ORIENTED_EDGE('',*,*,#5340,.F.);
#5405 = ORIENTED_EDGE('',*,*,#5357,.F.);
#5406 = PLANE('',#5407);
#5407 = AXIS2_PLACEMENT_3D('',#5408,#5409,#5410);
#5408 = CARTESIAN_POINT('',(0.,-3.6322,0.));
#5409 = DIRECTION('',(0.,-1.,0.));
#5410 = DIRECTION('',(-1.,0.,0.));
#5411 = ADVANCED_FACE('',(#5412),#5446,.T.);
#5412 = FACE_BOUND('',#5413,.F.);
#5413 = EDGE_LOOP('',(#5414,#5424,#5432,#5440));
#5414 = ORIENTED_EDGE('',*,*,#5415,.F.);
#5415 = EDGE_CURVE('',#5416,#5418,#5420,.T.);
#5416 = VERTEX_POINT('',#5417);
#5417 = CARTESIAN_POINT('',(6.2357,-3.6322,-11.938));
#5418 = VERTEX_POINT('',#5419);
#5419 = CARTESIAN_POINT('',(6.9977,-3.6322,-11.938));
#5420 = LINE('',#5421,#5422);
#5421 = CARTESIAN_POINT('',(6.2357,-3.6322,-11.938));
#5422 = VECTOR('',#5423,1.);
#5423 = DIRECTION('',(1.,0.,0.));
#5424 = ORIENTED_EDGE('',*,*,#5425,.F.);
#5425 = EDGE_CURVE('',#5426,#5416,#5428,.T.);
#5426 = VERTEX_POINT('',#5427);
#5427 = CARTESIAN_POINT('',(6.2357,-3.6322,-9.398));
#5428 = LINE('',#5429,#5430);
#5429 = CARTESIAN_POINT('',(6.2357,-3.6322,-9.398));
#5430 = VECTOR('',#5431,1.);
#5431 = DIRECTION('',(0.,0.,-1.));
#5432 = ORIENTED_EDGE('',*,*,#5433,.F.);
#5433 = EDGE_CURVE('',#5434,#5426,#5436,.T.);
#5434 = VERTEX_POINT('',#5435);
#5435 = CARTESIAN_POINT('',(6.9977,-3.6322,-9.398));
#5436 = LINE('',#5437,#5438);
#5437 = CARTESIAN_POINT('',(6.9977,-3.6322,-9.398));
#5438 = VECTOR('',#5439,1.);
#5439 = DIRECTION('',(-1.,0.,0.));
#5440 = ORIENTED_EDGE('',*,*,#5441,.F.);
#5441 = EDGE_CURVE('',#5418,#5434,#5442,.T.);
#5442 = LINE('',#5443,#5444);
#5443 = CARTESIAN_POINT('',(6.9977,-3.6322,-11.938));
#5444 = VECTOR('',#5445,1.);
#5445 = DIRECTION('',(0.,0.,1.));
#5446 = PLANE('',#5447);
#5447 = AXIS2_PLACEMENT_3D('',#5448,#5449,#5450);
#5448 = CARTESIAN_POINT('',(0.,-3.6322,0.));
#5449 = DIRECTION('',(0.,-1.,0.));
#5450 = DIRECTION('',(-1.,0.,0.));
#5451 = ADVANCED_FACE('',(#5452),#5486,.T.);
#5452 = FACE_BOUND('',#5453,.F.);
#5453 = EDGE_LOOP('',(#5454,#5464,#5472,#5480));
#5454 = ORIENTED_EDGE('',*,*,#5455,.F.);
#5455 = EDGE_CURVE('',#5456,#5458,#5460,.T.);
#5456 = VERTEX_POINT('',#5457);
#5457 = CARTESIAN_POINT('',(5.9817,-3.6322,-3.3274));
#5458 = VERTEX_POINT('',#5459);
#5459 = CARTESIAN_POINT('',(5.9817,-3.6322,-0.7874));
#5460 = LINE('',#5461,#5462);
#5461 = CARTESIAN_POINT('',(5.9817,-3.6322,-3.3274));
#5462 = VECTOR('',#5463,1.);
#5463 = DIRECTION('',(0.,0.,1.));
#5464 = ORIENTED_EDGE('',*,*,#5465,.F.);
#5465 = EDGE_CURVE('',#5466,#5456,#5468,.T.);
#5466 = VERTEX_POINT('',#5467);
#5467 = CARTESIAN_POINT('',(5.2197,-3.6322,-3.3274));
#5468 = LINE('',#5469,#5470);
#5469 = CARTESIAN_POINT('',(5.2197,-3.6322,-3.3274));
#5470 = VECTOR('',#5471,1.);
#5471 = DIRECTION('',(1.,0.,0.));
#5472 = ORIENTED_EDGE('',*,*,#5473,.F.);
#5473 = EDGE_CURVE('',#5474,#5466,#5476,.T.);
#5474 = VERTEX_POINT('',#5475);
#5475 = CARTESIAN_POINT('',(5.2197,-3.6322,-0.7874));
#5476 = LINE('',#5477,#5478);
#5477 = CARTESIAN_POINT('',(5.2197,-3.6322,-0.7874));
#5478 = VECTOR('',#5479,1.);
#5479 = DIRECTION('',(0.,0.,-1.));
#5480 = ORIENTED_EDGE('',*,*,#5481,.F.);
#5481 = EDGE_CURVE('',#5458,#5474,#5482,.T.);
#5482 = LINE('',#5483,#5484);
#5483 = CARTESIAN_POINT('',(5.9817,-3.6322,-0.7874));
#5484 = VECTOR('',#5485,1.);
#5485 = DIRECTION('',(-1.,0.,0.));
#5486 = PLANE('',#5487);
#5487 = AXIS2_PLACEMENT_3D('',#5488,#5489,#5490);
#5488 = CARTESIAN_POINT('',(0.,-3.6322,0.));
#5489 = DIRECTION('',(0.,-1.,0.));
#5490 = DIRECTION('',(-1.,0.,0.));
#5491 = ADVANCED_FACE('',(#5492),#5508,.T.);
#5492 = FACE_BOUND('',#5493,.F.);
#5493 = EDGE_LOOP('',(#5494,#5495,#5501,#5502));
#5494 = ORIENTED_EDGE('',*,*,#5016,.F.);
#5495 = ORIENTED_EDGE('',*,*,#5496,.T.);
#5496 = EDGE_CURVE('',#5009,#5373,#5497,.T.);
#5497 = LINE('',#5498,#5499);
#5498 = CARTESIAN_POINT('',(-6.2357,-2.8702,-11.938));
#5499 = VECTOR('',#5500,1.);
#5500 = DIRECTION('',(0.,-1.,0.));
#5501 = ORIENTED_EDGE('',*,*,#5372,.T.);
#5502 = ORIENTED_EDGE('',*,*,#5503,.F.);
#5503 = EDGE_CURVE('',#5017,#5375,#5504,.T.);
#5504 = LINE('',#5505,#5506);
#5505 = CARTESIAN_POINT('',(-6.2357,-2.8702,-9.398));
#5506 = VECTOR('',#5507,1.);
#5507 = DIRECTION('',(0.,-1.,0.));
#5508 = PLANE('',#5509);
#5509 = AXIS2_PLACEMENT_3D('',#5510,#5511,#5512);
#5510 = CARTESIAN_POINT('',(-6.2357,-2.8702,-11.938));
#5511 = DIRECTION('',(1.,0.,0.));
#5512 = DIRECTION('',(0.,0.,1.));
#5513 = ADVANCED_FACE('',(#5514),#5520,.T.);
#5514 = FACE_BOUND('',#5515,.F.);
#5515 = EDGE_LOOP('',(#5516,#5517,#5518,#5519));
#5516 = ORIENTED_EDGE('',*,*,#5008,.F.);
#5517 = ORIENTED_EDGE('',*,*,#4848,.T.);
#5518 = ORIENTED_EDGE('',*,*,#5382,.T.);
#5519 = ORIENTED_EDGE('',*,*,#5496,.F.);
#5520 = PLANE('',#5521);
#5521 = AXIS2_PLACEMENT_3D('',#5522,#5523,#5524);
#5522 = CARTESIAN_POINT('',(-6.9977,-2.8702,-11.938));
#5523 = DIRECTION('',(0.,0.,-1.));
#5524 = DIRECTION('',(1.,0.,0.));
#5525 = ADVANCED_FACE('',(#5526),#5532,.T.);
#5526 = FACE_BOUND('',#5527,.F.);
#5527 = EDGE_LOOP('',(#5528,#5529,#5530,#5531));
#5528 = ORIENTED_EDGE('',*,*,#5024,.T.);
#5529 = ORIENTED_EDGE('',*,*,#5503,.T.);
#5530 = ORIENTED_EDGE('',*,*,#5389,.T.);
#5531 = ORIENTED_EDGE('',*,*,#4832,.F.);
#5532 = PLANE('',#5533);
#5533 = AXIS2_PLACEMENT_3D('',#5534,#5535,#5536);
#5534 = CARTESIAN_POINT('',(-6.2357,-2.8702,-9.398));
#5535 = DIRECTION('',(0.,0.,1.));
#5536 = DIRECTION('',(-1.,0.,0.));
#5537 = ADVANCED_FACE('',(#5538),#5554,.T.);
#5538 = FACE_BOUND('',#5539,.F.);
#5539 = EDGE_LOOP('',(#5540,#5541,#5547,#5548));
#5540 = ORIENTED_EDGE('',*,*,#5056,.T.);
#5541 = ORIENTED_EDGE('',*,*,#5542,.T.);
#5542 = EDGE_CURVE('',#5049,#5416,#5543,.T.);
#5543 = LINE('',#5544,#5545);
#5544 = CARTESIAN_POINT('',(6.2357,-2.8702,-11.938));
#5545 = VECTOR('',#5546,1.);
#5546 = DIRECTION('',(0.,-1.,0.));
#5547 = ORIENTED_EDGE('',*,*,#5415,.T.);
#5548 = ORIENTED_EDGE('',*,*,#5549,.F.);
#5549 = EDGE_CURVE('',#5057,#5418,#5550,.T.);
#5550 = LINE('',#5551,#5552);
#5551 = CARTESIAN_POINT('',(6.9977,-2.8702,-11.938));
#5552 = VECTOR('',#5553,1.);
#5553 = DIRECTION('',(0.,-1.,0.));
#5554 = PLANE('',#5555);
#5555 = AXIS2_PLACEMENT_3D('',#5556,#5557,#5558);
#5556 = CARTESIAN_POINT('',(6.2357,-2.8702,-11.938));
#5557 = DIRECTION('',(0.,0.,-1.));
#5558 = DIRECTION('',(1.,0.,0.));
#5559 = ADVANCED_FACE('',(#5560),#5571,.T.);
#5560 = FACE_BOUND('',#5561,.F.);
#5561 = EDGE_LOOP('',(#5562,#5563,#5569,#5570));
#5562 = ORIENTED_EDGE('',*,*,#5048,.F.);
#5563 = ORIENTED_EDGE('',*,*,#5564,.T.);
#5564 = EDGE_CURVE('',#5041,#5426,#5565,.T.);
#5565 = LINE('',#5566,#5567);
#5566 = CARTESIAN_POINT('',(6.2357,-2.8702,-9.398));
#5567 = VECTOR('',#5568,1.);
#5568 = DIRECTION('',(0.,-1.,0.));
#5569 = ORIENTED_EDGE('',*,*,#5425,.T.);
#5570 = ORIENTED_EDGE('',*,*,#5542,.F.);
#5571 = PLANE('',#5572);
#5572 = AXIS2_PLACEMENT_3D('',#5573,#5574,#5575);
#5573 = CARTESIAN_POINT('',(6.2357,-2.8702,-9.398));
#5574 = DIRECTION('',(-1.,0.,0.));
#5575 = DIRECTION('',(0.,0.,-1.));
#5576 = ADVANCED_FACE('',(#5577),#5588,.T.);
#5577 = FACE_BOUND('',#5578,.F.);
#5578 = EDGE_LOOP('',(#5579,#5580,#5586,#5587));
#5579 = ORIENTED_EDGE('',*,*,#5040,.F.);
#5580 = ORIENTED_EDGE('',*,*,#5581,.T.);
#5581 = EDGE_CURVE('',#5033,#5434,#5582,.T.);
#5582 = LINE('',#5583,#5584);
#5583 = CARTESIAN_POINT('',(6.9977,-2.8702,-9.398));
#5584 = VECTOR('',#5585,1.);
#5585 = DIRECTION('',(0.,-1.,0.));
#5586 = ORIENTED_EDGE('',*,*,#5433,.T.);
#5587 = ORIENTED_EDGE('',*,*,#5564,.F.);
#5588 = PLANE('',#5589);
#5589 = AXIS2_PLACEMENT_3D('',#5590,#5591,#5592);
#5590 = CARTESIAN_POINT('',(6.9977,-2.8702,-9.398));
#5591 = DIRECTION('',(0.,0.,1.));
#5592 = DIRECTION('',(-1.,0.,0.));
#5593 = ADVANCED_FACE('',(#5594),#5616,.T.);
#5594 = FACE_BOUND('',#5595,.F.);
#5595 = EDGE_LOOP('',(#5596,#5597,#5598,#5599,#5600,#5601,#5602,#5610));
#5596 = ORIENTED_EDGE('',*,*,#5064,.F.);
#5597 = ORIENTED_EDGE('',*,*,#5549,.T.);
#5598 = ORIENTED_EDGE('',*,*,#5441,.T.);
#5599 = ORIENTED_EDGE('',*,*,#5581,.F.);
#5600 = ORIENTED_EDGE('',*,*,#5032,.F.);
#5601 = ORIENTED_EDGE('',*,*,#4582,.T.);
#5602 = ORIENTED_EDGE('',*,*,#5603,.T.);
#5603 = EDGE_CURVE('',#4575,#5604,#5606,.T.);
#5604 = VERTEX_POINT('',#5605);
#5605 = CARTESIAN_POINT('',(6.9977,2.8448,-12.7));
#5606 = LINE('',#5607,#5608);
#5607 = CARTESIAN_POINT('',(6.9977,2.8448,0.));
#5608 = VECTOR('',#5609,1.);
#5609 = DIRECTION('',(0.,0.,-1.));
#5610 = ORIENTED_EDGE('',*,*,#5611,.F.);
#5611 = EDGE_CURVE('',#4906,#5604,#5612,.T.);
#5612 = LINE('',#5613,#5614);
#5613 = CARTESIAN_POINT('',(6.9977,-2.8702,-12.7));
#5614 = VECTOR('',#5615,1.);
#5615 = DIRECTION('',(0.,1.,0.));
#5616 = PLANE('',#5617);
#5617 = AXIS2_PLACEMENT_3D('',#5618,#5619,#5620);
#5618 = CARTESIAN_POINT('',(6.9977,-2.8702,0.));
#5619 = DIRECTION('',(1.,0.,0.));
#5620 = DIRECTION('',(-0.,1.,0.));
#5621 = ADVANCED_FACE('',(#5622),#5656,.T.);
#5622 = FACE_BOUND('',#5623,.F.);
#5623 = EDGE_LOOP('',(#5624,#5632,#5633,#5634,#5640,#5641,#5642,#5650));
#5624 = ORIENTED_EDGE('',*,*,#5625,.F.);
#5625 = EDGE_CURVE('',#4559,#5626,#5628,.T.);
#5626 = VERTEX_POINT('',#5627);
#5627 = CARTESIAN_POINT('',(-1.4986,2.8448,-2.477467185269));
#5628 = LINE('',#5629,#5630);
#5629 = CARTESIAN_POINT('',(-1.4986,2.8448,0.));
#5630 = VECTOR('',#5631,1.);
#5631 = DIRECTION('',(0.,0.,-1.));
#5632 = ORIENTED_EDGE('',*,*,#4558,.T.);
#5633 = ORIENTED_EDGE('',*,*,#4872,.T.);
#5634 = ORIENTED_EDGE('',*,*,#5635,.F.);
#5635 = EDGE_CURVE('',#5604,#4865,#5636,.T.);
#5636 = LINE('',#5637,#5638);
#5637 = CARTESIAN_POINT('',(6.9977,2.8448,-12.7));
#5638 = VECTOR('',#5639,1.);
#5639 = DIRECTION('',(-1.,0.,0.));
#5640 = ORIENTED_EDGE('',*,*,#5603,.F.);
#5641 = ORIENTED_EDGE('',*,*,#4574,.T.);
#5642 = ORIENTED_EDGE('',*,*,#5643,.T.);
#5643 = EDGE_CURVE('',#4567,#5644,#5646,.T.);
#5644 = VERTEX_POINT('',#5645);
#5645 = CARTESIAN_POINT('',(1.4986,2.8448,-2.477467185269));
#5646 = LINE('',#5647,#5648);
#5647 = CARTESIAN_POINT('',(1.4986,2.8448,0.));
#5648 = VECTOR('',#5649,1.);
#5649 = DIRECTION('',(0.,0.,-1.));
#5650 = ORIENTED_EDGE('',*,*,#5651,.F.);
#5651 = EDGE_CURVE('',#5626,#5644,#5652,.T.);
#5652 = LINE('',#5653,#5654);
#5653 = CARTESIAN_POINT('',(-1.4986,2.8448,-2.477467185269));
#5654 = VECTOR('',#5655,1.);
#5655 = DIRECTION('',(1.,0.,0.));
#5656 = PLANE('',#5657);
#5657 = AXIS2_PLACEMENT_3D('',#5658,#5659,#5660);
#5658 = CARTESIAN_POINT('',(6.9977,2.8448,0.));
#5659 = DIRECTION('',(0.,1.,0.));
#5660 = DIRECTION('',(-1.,0.,0.));
#5661 = ADVANCED_FACE('',(#5662),#5687,.F.);
#5662 = FACE_BOUND('',#5663,.F.);
#5663 = EDGE_LOOP('',(#5664,#5665,#5673,#5681));
#5664 = ORIENTED_EDGE('',*,*,#5625,.T.);
#5665 = ORIENTED_EDGE('',*,*,#5666,.T.);
#5666 = EDGE_CURVE('',#5626,#5667,#5669,.T.);
#5667 = VERTEX_POINT('',#5668);
#5668 = CARTESIAN_POINT('',(-1.4986,4.1402,-2.5908));
#5669 = LINE('',#5670,#5671);
#5670 = CARTESIAN_POINT('',(-1.4986,2.8448,-2.477467185269));
#5671 = VECTOR('',#5672,1.);
#5672 = DIRECTION('',(0.,0.996194698092,-8.715574274766E-02));
#5673 = ORIENTED_EDGE('',*,*,#5674,.T.);
#5674 = EDGE_CURVE('',#5667,#5675,#5677,.T.);
#5675 = VERTEX_POINT('',#5676);
#5676 = CARTESIAN_POINT('',(-1.4986,4.1402,-1.850022927934));
#5677 = LINE('',#5678,#5679);
#5678 = CARTESIAN_POINT('',(-1.4986,4.1402,-2.5908));
#5679 = VECTOR('',#5680,1.);
#5680 = DIRECTION('',(0.,0.,1.));
#5681 = ORIENTED_EDGE('',*,*,#5682,.T.);
#5682 = EDGE_CURVE('',#5675,#4559,#5683,.T.);
#5683 = LINE('',#5684,#5685);
#5684 = CARTESIAN_POINT('',(-1.4986,4.1402,-1.850022927934));
#5685 = VECTOR('',#5686,1.);
#5686 = DIRECTION('',(0.,-0.573576436351,0.819152044289));
#5687 = PLANE('',#5688);
#5688 = AXIS2_PLACEMENT_3D('',#5689,#5690,#5691);
#5689 = CARTESIAN_POINT('',(-1.4986,0.,0.));
#5690 = DIRECTION('',(1.,0.,0.));
#5691 = DIRECTION('',(0.,0.,-1.));
#5692 = ADVANCED_FACE('',(#5693),#5711,.T.);
#5693 = FACE_BOUND('',#5694,.F.);
#5694 = EDGE_LOOP('',(#5695,#5696,#5704,#5710));
#5695 = ORIENTED_EDGE('',*,*,#5651,.T.);
#5696 = ORIENTED_EDGE('',*,*,#5697,.T.);
#5697 = EDGE_CURVE('',#5644,#5698,#5700,.T.);
#5698 = VERTEX_POINT('',#5699);
#5699 = CARTESIAN_POINT('',(1.4986,4.1402,-2.5908));
#5700 = LINE('',#5701,#5702);
#5701 = CARTESIAN_POINT('',(1.4986,2.8448,-2.477467185269));
#5702 = VECTOR('',#5703,1.);
#5703 = DIRECTION('',(0.,0.996194698092,-8.715574274766E-02));
#5704 = ORIENTED_EDGE('',*,*,#5705,.F.);
#5705 = EDGE_CURVE('',#5667,#5698,#5706,.T.);
#5706 = LINE('',#5707,#5708);
#5707 = CARTESIAN_POINT('',(-1.4986,4.1402,-2.5908));
#5708 = VECTOR('',#5709,1.);
#5709 = DIRECTION('',(1.,0.,0.));
#5710 = ORIENTED_EDGE('',*,*,#5666,.F.);
#5711 = PLANE('',#5712);
#5712 = AXIS2_PLACEMENT_3D('',#5713,#5714,#5715);
#5713 = CARTESIAN_POINT('',(-1.4986,2.8448,-2.477467185269));
#5714 = DIRECTION('',(0.,-8.715574274766E-02,-0.996194698092));
#5715 = DIRECTION('',(0.,0.996194698092,-8.715574274766E-02));
#5716 = ADVANCED_FACE('',(#5717),#5735,.T.);
#5717 = FACE_BOUND('',#5718,.F.);
#5718 = EDGE_LOOP('',(#5719,#5720,#5728,#5734));
#5719 = ORIENTED_EDGE('',*,*,#5643,.F.);
#5720 = ORIENTED_EDGE('',*,*,#5721,.F.);
#5721 = EDGE_CURVE('',#5722,#4567,#5724,.T.);
#5722 = VERTEX_POINT('',#5723);
#5723 = CARTESIAN_POINT('',(1.4986,4.1402,-1.850022927934));
#5724 = LINE('',#5725,#5726);
#5725 = CARTESIAN_POINT('',(1.4986,4.1402,-1.850022927934));
#5726 = VECTOR('',#5727,1.);
#5727 = DIRECTION('',(0.,-0.573576436351,0.819152044289));
#5728 = ORIENTED_EDGE('',*,*,#5729,.F.);
#5729 = EDGE_CURVE('',#5698,#5722,#5730,.T.);
#5730 = LINE('',#5731,#5732);
#5731 = CARTESIAN_POINT('',(1.4986,4.1402,-2.5908));
#5732 = VECTOR('',#5733,1.);
#5733 = DIRECTION('',(0.,0.,1.));
#5734 = ORIENTED_EDGE('',*,*,#5697,.F.);
#5735 = PLANE('',#5736);
#5736 = AXIS2_PLACEMENT_3D('',#5737,#5738,#5739);
#5737 = CARTESIAN_POINT('',(1.4986,0.,0.));
#5738 = DIRECTION('',(1.,0.,0.));
#5739 = DIRECTION('',(0.,0.,-1.));
#5740 = ADVANCED_FACE('',(#5741),#5752,.T.);
#5741 = FACE_BOUND('',#5742,.F.);
#5742 = EDGE_LOOP('',(#5743,#5744,#5745,#5751));
#5743 = ORIENTED_EDGE('',*,*,#4566,.F.);
#5744 = ORIENTED_EDGE('',*,*,#5682,.F.);
#5745 = ORIENTED_EDGE('',*,*,#5746,.T.);
#5746 = EDGE_CURVE('',#5675,#5722,#5747,.T.);
#5747 = LINE('',#5748,#5749);
#5748 = CARTESIAN_POINT('',(-1.4986,4.1402,-1.850022927934));
#5749 = VECTOR('',#5750,1.);
#5750 = DIRECTION('',(1.,0.,0.));
#5751 = ORIENTED_EDGE('',*,*,#5721,.T.);
#5752 = PLANE('',#5753);
#5753 = AXIS2_PLACEMENT_3D('',#5754,#5755,#5756);
#5754 = CARTESIAN_POINT('',(-1.4986,4.1402,-1.850022927934));
#5755 = DIRECTION('',(0.,0.819152044289,0.573576436351));
#5756 = DIRECTION('',(0.,-0.573576436351,0.819152044289));
#5757 = ADVANCED_FACE('',(#5758),#5764,.T.);
#5758 = FACE_BOUND('',#5759,.F.);
#5759 = EDGE_LOOP('',(#5760,#5761,#5762,#5763));
#5760 = ORIENTED_EDGE('',*,*,#5674,.F.);
#5761 = ORIENTED_EDGE('',*,*,#5705,.T.);
#5762 = ORIENTED_EDGE('',*,*,#5729,.T.);
#5763 = ORIENTED_EDGE('',*,*,#5746,.F.);
#5764 = PLANE('',#5765);
#5765 = AXIS2_PLACEMENT_3D('',#5766,#5767,#5768);
#5766 = CARTESIAN_POINT('',(-1.4986,4.1402,-2.5908));
#5767 = DIRECTION('',(0.,1.,0.));
#5768 = DIRECTION('',(0.,-0.,1.));
#5769 = ADVANCED_FACE('',(#5770,#5845,#5903,#5923,#5943),#5963,.F.);
#5770 = FACE_BOUND('',#5771,.F.);
#5771 = EDGE_LOOP('',(#5772,#5782,#5788,#5789,#5797,#5805,#5811,#5812,
    #5813,#5814,#5815,#5816,#5824,#5832,#5838,#5839));
#5772 = ORIENTED_EDGE('',*,*,#5773,.T.);
#5773 = EDGE_CURVE('',#5774,#5776,#5778,.T.);
#5774 = VERTEX_POINT('',#5775);
#5775 = CARTESIAN_POINT('',(-1.524,-0.5969,-12.7));
#5776 = VERTEX_POINT('',#5777);
#5777 = CARTESIAN_POINT('',(1.5494,-0.5969,-12.7));
#5778 = LINE('',#5779,#5780);
#5779 = CARTESIAN_POINT('',(-1.524,-0.5969,-12.7));
#5780 = VECTOR('',#5781,1.);
#5781 = DIRECTION('',(1.,0.,0.));
#5782 = ORIENTED_EDGE('',*,*,#5783,.F.);
#5783 = EDGE_CURVE('',#4938,#5776,#5784,.T.);
#5784 = LINE('',#5785,#5786);
#5785 = CARTESIAN_POINT('',(1.5494,-2.8702,-12.7));
#5786 = VECTOR('',#5787,1.);
#5787 = DIRECTION('',(0.,1.,0.));
#5788 = ORIENTED_EDGE('',*,*,#4937,.T.);
#5789 = ORIENTED_EDGE('',*,*,#5790,.T.);
#5790 = EDGE_CURVE('',#4930,#5791,#5793,.T.);
#5791 = VERTEX_POINT('',#5792);
#5792 = CARTESIAN_POINT('',(2.6162,-0.5969,-12.7));
#5793 = LINE('',#5794,#5795);
#5794 = CARTESIAN_POINT('',(2.6162,-2.8702,-12.7));
#5795 = VECTOR('',#5796,1.);
#5796 = DIRECTION('',(0.,1.,0.));
#5797 = ORIENTED_EDGE('',*,*,#5798,.T.);
#5798 = EDGE_CURVE('',#5791,#5799,#5801,.T.);
#5799 = VERTEX_POINT('',#5800);
#5800 = CARTESIAN_POINT('',(5.6896,-0.5969,-12.7));
#5801 = LINE('',#5802,#5803);
#5802 = CARTESIAN_POINT('',(2.6162,-0.5969,-12.7));
#5803 = VECTOR('',#5804,1.);
#5804 = DIRECTION('',(1.,0.,0.));
#5805 = ORIENTED_EDGE('',*,*,#5806,.F.);
#5806 = EDGE_CURVE('',#4904,#5799,#5807,.T.);
#5807 = LINE('',#5808,#5809);
#5808 = CARTESIAN_POINT('',(5.6896,-2.8702,-12.7));
#5809 = VECTOR('',#5810,1.);
#5810 = DIRECTION('',(0.,1.,0.));
#5811 = ORIENTED_EDGE('',*,*,#4903,.T.);
#5812 = ORIENTED_EDGE('',*,*,#5611,.T.);
#5813 = ORIENTED_EDGE('',*,*,#5635,.T.);
#5814 = ORIENTED_EDGE('',*,*,#4864,.T.);
#5815 = ORIENTED_EDGE('',*,*,#5001,.T.);
#5816 = ORIENTED_EDGE('',*,*,#5817,.T.);
#5817 = EDGE_CURVE('',#4994,#5818,#5820,.T.);
#5818 = VERTEX_POINT('',#5819);
#5819 = CARTESIAN_POINT('',(-5.6642,-0.5969,-12.7));
#5820 = LINE('',#5821,#5822);
#5821 = CARTESIAN_POINT('',(-5.6642,-2.8702,-12.7));
#5822 = VECTOR('',#5823,1.);
#5823 = DIRECTION('',(0.,1.,0.));
#5824 = ORIENTED_EDGE('',*,*,#5825,.T.);
#5825 = EDGE_CURVE('',#5818,#5826,#5828,.T.);
#5826 = VERTEX_POINT('',#5827);
#5827 = CARTESIAN_POINT('',(-2.5908,-0.5969,-12.7));
#5828 = LINE('',#5829,#5830);
#5829 = CARTESIAN_POINT('',(-5.6642,-0.5969,-12.7));
#5830 = VECTOR('',#5831,1.);
#5831 = DIRECTION('',(1.,0.,0.));
#5832 = ORIENTED_EDGE('',*,*,#5833,.F.);
#5833 = EDGE_CURVE('',#4970,#5826,#5834,.T.);
#5834 = LINE('',#5835,#5836);
#5835 = CARTESIAN_POINT('',(-2.5908,-2.8702,-12.7));
#5836 = VECTOR('',#5837,1.);
#5837 = DIRECTION('',(0.,1.,0.));
#5838 = ORIENTED_EDGE('',*,*,#4969,.T.);
#5839 = ORIENTED_EDGE('',*,*,#5840,.T.);
#5840 = EDGE_CURVE('',#4962,#5774,#5841,.T.);
#5841 = LINE('',#5842,#5843);
#5842 = CARTESIAN_POINT('',(-1.524,-2.8702,-12.7));
#5843 = VECTOR('',#5844,1.);
#5844 = DIRECTION('',(0.,1.,0.));
#5845 = FACE_BOUND('',#5846,.F.);
#5846 = EDGE_LOOP('',(#5847,#5857,#5865,#5873,#5881,#5889,#5897));
#5847 = ORIENTED_EDGE('',*,*,#5848,.T.);
#5848 = EDGE_CURVE('',#5849,#5851,#5853,.T.);
#5849 = VERTEX_POINT('',#5850);
#5850 = CARTESIAN_POINT('',(-4.23545,1.27,-12.7));
#5851 = VERTEX_POINT('',#5852);
#5852 = CARTESIAN_POINT('',(-4.23545,2.4638,-12.7));
#5853 = LINE('',#5854,#5855);
#5854 = CARTESIAN_POINT('',(-4.23545,1.27,-12.7));
#5855 = VECTOR('',#5856,1.);
#5856 = DIRECTION('',(0.,1.,0.));
#5857 = ORIENTED_EDGE('',*,*,#5858,.T.);
#5858 = EDGE_CURVE('',#5851,#5859,#5861,.T.);
#5859 = VERTEX_POINT('',#5860);
#5860 = CARTESIAN_POINT('',(-4.086225,2.4638,-12.7));
#5861 = LINE('',#5862,#5863);
#5862 = CARTESIAN_POINT('',(-4.23545,2.4638,-12.7));
#5863 = VECTOR('',#5864,1.);
#5864 = DIRECTION('',(1.,0.,0.));
#5865 = ORIENTED_EDGE('',*,*,#5866,.T.);
#5866 = EDGE_CURVE('',#5859,#5867,#5869,.T.);
#5867 = VERTEX_POINT('',#5868);
#5868 = CARTESIAN_POINT('',(-3.937,2.286000021195,-12.7));
#5869 = LINE('',#5870,#5871);
#5870 = CARTESIAN_POINT('',(-4.086225,2.4638,-12.7));
#5871 = VECTOR('',#5872,1.);
#5872 = DIRECTION('',(0.642871293714,-0.765974216093,0.));
#5873 = ORIENTED_EDGE('',*,*,#5874,.T.);
#5874 = EDGE_CURVE('',#5867,#5875,#5877,.T.);
#5875 = VERTEX_POINT('',#5876);
#5876 = CARTESIAN_POINT('',(-3.937,2.082799974263,-12.7));
#5877 = LINE('',#5878,#5879);
#5878 = CARTESIAN_POINT('',(-3.937,2.286000021195,-12.7));
#5879 = VECTOR('',#5880,1.);
#5880 = DIRECTION('',(0.,-1.,0.));
#5881 = ORIENTED_EDGE('',*,*,#5882,.T.);
#5882 = EDGE_CURVE('',#5875,#5883,#5885,.T.);
#5883 = VERTEX_POINT('',#5884);
#5884 = CARTESIAN_POINT('',(-4.086225,2.260600024223,-12.7));
#5885 = LINE('',#5886,#5887);
#5886 = CARTESIAN_POINT('',(-3.937,2.082799974263,-12.7));
#5887 = VECTOR('',#5888,1.);
#5888 = DIRECTION('',(-0.642871142764,0.765974342782,0.));
#5889 = ORIENTED_EDGE('',*,*,#5890,.T.);
#5890 = EDGE_CURVE('',#5883,#5891,#5893,.T.);
#5891 = VERTEX_POINT('',#5892);
#5892 = CARTESIAN_POINT('',(-4.086225,1.27,-12.7));
#5893 = LINE('',#5894,#5895);
#5894 = CARTESIAN_POINT('',(-4.086225,2.260600024223,-12.7));
#5895 = VECTOR('',#5896,1.);
#5896 = DIRECTION('',(0.,-1.,0.));
#5897 = ORIENTED_EDGE('',*,*,#5898,.T.);
#5898 = EDGE_CURVE('',#5891,#5849,#5899,.T.);
#5899 = LINE('',#5900,#5901);
#5900 = CARTESIAN_POINT('',(-4.086225,1.27,-12.7));
#5901 = VECTOR('',#5902,1.);
#5902 = DIRECTION('',(-1.,0.,0.));
#5903 = FACE_BOUND('',#5904,.F.);
#5904 = EDGE_LOOP('',(#5905,#5916));
#5905 = ORIENTED_EDGE('',*,*,#5906,.T.);
#5906 = EDGE_CURVE('',#5907,#5909,#5911,.T.);
#5907 = VERTEX_POINT('',#5908);
#5908 = CARTESIAN_POINT('',(-4.1275,0.50038,-12.7));
#5909 = VERTEX_POINT('',#5910);
#5910 = CARTESIAN_POINT('',(-4.1275,-0.50038,-12.7));
#5911 = CIRCLE('',#5912,0.50038);
#5912 = AXIS2_PLACEMENT_3D('',#5913,#5914,#5915);
#5913 = CARTESIAN_POINT('',(-4.1275,0.,-12.7));
#5914 = DIRECTION('',(0.,0.,-1.));
#5915 = DIRECTION('',(0.,1.,0.));
#5916 = ORIENTED_EDGE('',*,*,#5917,.T.);
#5917 = EDGE_CURVE('',#5909,#5907,#5918,.T.);
#5918 = CIRCLE('',#5919,0.50038);
#5919 = AXIS2_PLACEMENT_3D('',#5920,#5921,#5922);
#5920 = CARTESIAN_POINT('',(-4.1275,0.,-12.7));
#5921 = DIRECTION('',(0.,0.,-1.));
#5922 = DIRECTION('',(0.,-1.,0.));
#5923 = FACE_BOUND('',#5924,.F.);
#5924 = EDGE_LOOP('',(#5925,#5936));
#5925 = ORIENTED_EDGE('',*,*,#5926,.T.);
#5926 = EDGE_CURVE('',#5927,#5929,#5931,.T.);
#5927 = VERTEX_POINT('',#5928);
#5928 = CARTESIAN_POINT('',(1.27E-02,0.50038,-12.7));
#5929 = VERTEX_POINT('',#5930);
#5930 = CARTESIAN_POINT('',(1.27E-02,-0.50038,-12.7));
#5931 = CIRCLE('',#5932,0.50038);
#5932 = AXIS2_PLACEMENT_3D('',#5933,#5934,#5935);
#5933 = CARTESIAN_POINT('',(1.27E-02,0.,-12.7));
#5934 = DIRECTION('',(0.,0.,-1.));
#5935 = DIRECTION('',(0.,1.,0.));
#5936 = ORIENTED_EDGE('',*,*,#5937,.T.);
#5937 = EDGE_CURVE('',#5929,#5927,#5938,.T.);
#5938 = CIRCLE('',#5939,0.50038);
#5939 = AXIS2_PLACEMENT_3D('',#5940,#5941,#5942);
#5940 = CARTESIAN_POINT('',(1.27E-02,0.,-12.7));
#5941 = DIRECTION('',(0.,0.,-1.));
#5942 = DIRECTION('',(0.,-1.,0.));
#5943 = FACE_BOUND('',#5944,.F.);
#5944 = EDGE_LOOP('',(#5945,#5956));
#5945 = ORIENTED_EDGE('',*,*,#5946,.T.);
#5946 = EDGE_CURVE('',#5947,#5949,#5951,.T.);
#5947 = VERTEX_POINT('',#5948);
#5948 = CARTESIAN_POINT('',(4.1529,0.50038,-12.7));
#5949 = VERTEX_POINT('',#5950);
#5950 = CARTESIAN_POINT('',(4.1529,-0.50038,-12.7));
#5951 = CIRCLE('',#5952,0.50038);
#5952 = AXIS2_PLACEMENT_3D('',#5953,#5954,#5955);
#5953 = CARTESIAN_POINT('',(4.1529,0.,-12.7));
#5954 = DIRECTION('',(0.,0.,-1.));
#5955 = DIRECTION('',(0.,1.,0.));
#5956 = ORIENTED_EDGE('',*,*,#5957,.T.);
#5957 = EDGE_CURVE('',#5949,#5947,#5958,.T.);
#5958 = CIRCLE('',#5959,0.50038);
#5959 = AXIS2_PLACEMENT_3D('',#5960,#5961,#5962);
#5960 = CARTESIAN_POINT('',(4.1529,0.,-12.7));
#5961 = DIRECTION('',(0.,0.,-1.));
#5962 = DIRECTION('',(0.,-1.,0.));
#5963 = PLANE('',#5964);
#5964 = AXIS2_PLACEMENT_3D('',#5965,#5966,#5967);
#5965 = CARTESIAN_POINT('',(0.,0.,-12.7));
#5966 = DIRECTION('',(0.,0.,1.));
#5967 = DIRECTION('',(1.,0.,-0.));
#5968 = ADVANCED_FACE('',(#5969,#5994),#6045,.T.);
#5969 = FACE_BOUND('',#5970,.F.);
#5970 = EDGE_LOOP('',(#5971,#5972,#5980,#5988));
#5971 = ORIENTED_EDGE('',*,*,#5773,.F.);
#5972 = ORIENTED_EDGE('',*,*,#5973,.T.);
#5973 = EDGE_CURVE('',#5774,#5974,#5976,.T.);
#5974 = VERTEX_POINT('',#5975);
#5975 = CARTESIAN_POINT('',(-1.524,-0.5969,-14.7066));
#5976 = LINE('',#5977,#5978);
#5977 = CARTESIAN_POINT('',(-1.524,-0.5969,-12.7));
#5978 = VECTOR('',#5979,1.);
#5979 = DIRECTION('',(0.,0.,-1.));
#5980 = ORIENTED_EDGE('',*,*,#5981,.T.);
#5981 = EDGE_CURVE('',#5974,#5982,#5984,.T.);
#5982 = VERTEX_POINT('',#5983);
#5983 = CARTESIAN_POINT('',(1.5494,-0.5969,-14.7066));
#5984 = LINE('',#5985,#5986);
#5985 = CARTESIAN_POINT('',(-1.524,-0.5969,-14.7066));
#5986 = VECTOR('',#5987,1.);
#5987 = DIRECTION('',(1.,0.,0.));
#5988 = ORIENTED_EDGE('',*,*,#5989,.F.);
#5989 = EDGE_CURVE('',#5776,#5982,#5990,.T.);
#5990 = LINE('',#5991,#5992);
#5991 = CARTESIAN_POINT('',(1.5494,-0.5969,-12.7));
#5992 = VECTOR('',#5993,1.);
#5993 = DIRECTION('',(0.,0.,-1.));
#5994 = FACE_BOUND('',#5995,.F.);
#5995 = EDGE_LOOP('',(#5996,#6024));
#5996 = ORIENTED_EDGE('',*,*,#5997,.T.);
#5997 = EDGE_CURVE('',#5998,#6000,#6002,.T.);
#5998 = VERTEX_POINT('',#5999);
#5999 = CARTESIAN_POINT('',(1.27E-02,-0.5969,-13.12822923581));
#6000 = VERTEX_POINT('',#6001);
#6001 = CARTESIAN_POINT('',(1.27E-02,-0.5969,-14.4840566556));
#6002 = B_SPLINE_CURVE_WITH_KNOTS('',3,(#6003,#6004,#6005,#6006,#6007,
    #6008,#6009,#6010,#6011,#6012,#6013,#6014,#6015,#6016,#6017,#6018,
    #6019,#6020,#6021,#6022,#6023),.UNSPECIFIED.,.F.,.F.,(4,1,1,1,1,1,1,
    1,1,1,1,1,1,1,1,1,1,1,4),(0.,5.555555555556E-02,0.111111111111,
    0.166666666667,0.222222222222,0.277777777778,0.333333333333,
    0.388888888889,0.444444444444,0.5,0.555555555556,0.611111111111,
    0.666666666667,0.722222222222,0.777777777778,0.833333333333,
    0.888888888889,0.944444444444,1.),.UNSPECIFIED.);
#6003 = CARTESIAN_POINT('',(1.27E-02,-0.5969,-13.12822923581));
#6004 = CARTESIAN_POINT('',(3.304090904626E-02,-0.5969,-13.12822923581)
  );
#6005 = CARTESIAN_POINT('',(7.287337514913E-02,-0.5969,-13.13396308674)
  );
#6006 = CARTESIAN_POINT('',(0.131175849031,-0.5969,-13.15814563175));
#6007 = CARTESIAN_POINT('',(0.18478553839,-0.5969,-13.19347917693));
#6008 = CARTESIAN_POINT('',(0.232622550442,-0.5969,-13.2349012812));
#6009 = CARTESIAN_POINT('',(0.276513793052,-0.5969,-13.28102443764));
#6010 = CARTESIAN_POINT('',(0.319120645969,-0.5969,-13.33376143542));
#6011 = CARTESIAN_POINT('',(0.361625697636,-0.5969,-13.39547857239));
#6012 = CARTESIAN_POINT('',(0.403911074102,-0.5969,-13.46860126265));
#6013 = CARTESIAN_POINT('',(0.443827324058,-0.5969,-13.55370434787));
#6014 = CARTESIAN_POINT('',(0.478875915143,-0.5969,-13.65205272203));
#6015 = CARTESIAN_POINT('',(0.505227845781,-0.5969,-13.76541202608));
#6016 = CARTESIAN_POINT('',(0.516943581685,-0.5969,-13.89346680089));
#6017 = CARTESIAN_POINT('',(0.505473670512,-0.5969,-14.03628946569));
#6018 = CARTESIAN_POINT('',(0.461052001887,-0.5969,-14.18114654563));
#6019 = CARTESIAN_POINT('',(0.384072364353,-0.5969,-14.30754579775));
#6020 = CARTESIAN_POINT('',(0.276561748304,-0.5969,-14.40874186223));
#6021 = CARTESIAN_POINT('',(0.141882812445,-0.5969,-14.47241297092));
#6022 = CARTESIAN_POINT('',(5.630685191638E-02,-0.5969,-14.4840566556));
#6023 = CARTESIAN_POINT('',(1.27E-02,-0.5969,-14.4840566556));
#6024 = ORIENTED_EDGE('',*,*,#6025,.T.);
#6025 = EDGE_CURVE('',#6000,#5998,#6026,.T.);
#6026 = B_SPLINE_CURVE_WITH_KNOTS('',3,(#6027,#6028,#6029,#6030,#6031,
    #6032,#6033,#6034,#6035,#6036,#6037,#6038,#6039,#6040,#6041,#6042,
    #6043,#6044),.UNSPECIFIED.,.F.,.F.,(4,1,1,1,1,1,1,1,1,1,1,1,1,1,1,4)
  ,(0.,6.666666666667E-02,0.133333333333,0.2,0.266666666667,
    0.333333333333,0.4,0.466666666667,0.533333333333,0.6,0.666666666667,
    0.733333333333,0.8,0.866666666667,0.933333333333,1.),.UNSPECIFIED.);
#6027 = CARTESIAN_POINT('',(1.27E-02,-0.5969,-14.4840566556));
#6028 = CARTESIAN_POINT('',(-3.0355039104E-02,-0.5969,-14.4840566556));
#6029 = CARTESIAN_POINT('',(-0.113030942227,-0.5969,-14.47207333487));
#6030 = CARTESIAN_POINT('',(-0.230567225772,-0.5969,-14.4198391828));
#6031 = CARTESIAN_POINT('',(-0.330181579388,-0.5969,-14.33799762983));
#6032 = CARTESIAN_POINT('',(-0.409833937781,-0.5969,-14.23115180683));
#6033 = CARTESIAN_POINT('',(-0.468900573834,-0.5969,-14.08975678478));
#6034 = CARTESIAN_POINT('',(-0.492963591062,-0.5969,-13.92657300673));
#6035 = CARTESIAN_POINT('',(-0.481845194997,-0.5969,-13.76589593966));
#6036 = CARTESIAN_POINT('',(-0.443860119792,-0.5969,-13.61620828621));
#6037 = CARTESIAN_POINT('',(-0.390412310636,-0.5969,-13.48903097591));
#6038 = CARTESIAN_POINT('',(-0.330002147344,-0.5969,-13.38371896517));
#6039 = CARTESIAN_POINT('',(-0.266792445385,-0.5969,-13.29776129473));
#6040 = CARTESIAN_POINT('',(-0.202033463985,-0.5969,-13.2284714252));
#6041 = CARTESIAN_POINT('',(-0.134236040373,-0.5969,-13.17392514681));
#6042 = CARTESIAN_POINT('',(-6.122655402116E-02,-0.5969,-13.13680177319)
  );
#6043 = CARTESIAN_POINT('',(-1.21793925903E-02,-0.5969,-13.12822923581)
  );
#6044 = CARTESIAN_POINT('',(1.27E-02,-0.5969,-13.12822923581));
#6045 = PLANE('',#6046);
#6046 = AXIS2_PLACEMENT_3D('',#6047,#6048,#6049);
#6047 = CARTESIAN_POINT('',(-1.524,-0.5969,-12.7));
#6048 = DIRECTION('',(0.,1.,0.));
#6049 = DIRECTION('',(1.,0.,0.));
#6050 = ADVANCED_FACE('',(#6051),#6062,.T.);
#6051 = FACE_BOUND('',#6052,.F.);
#6052 = EDGE_LOOP('',(#6053,#6054,#6055,#6061));
#6053 = ORIENTED_EDGE('',*,*,#5840,.F.);
#6054 = ORIENTED_EDGE('',*,*,#4961,.T.);
#6055 = ORIENTED_EDGE('',*,*,#6056,.T.);
#6056 = EDGE_CURVE('',#4954,#5974,#6057,.T.);
#6057 = LINE('',#6058,#6059);
#6058 = CARTESIAN_POINT('',(-1.524,-2.8702,-14.7066));
#6059 = VECTOR('',#6060,1.);
#6060 = DIRECTION('',(0.,1.,0.));
#6061 = ORIENTED_EDGE('',*,*,#5973,.F.);
#6062 = PLANE('',#6063);
#6063 = AXIS2_PLACEMENT_3D('',#6064,#6065,#6066);
#6064 = CARTESIAN_POINT('',(-1.524,-2.8702,-12.7));
#6065 = DIRECTION('',(-1.,0.,0.));
#6066 = DIRECTION('',(0.,1.,0.));
#6067 = ADVANCED_FACE('',(#6068),#6079,.T.);
#6068 = FACE_BOUND('',#6069,.F.);
#6069 = EDGE_LOOP('',(#6070,#6071,#6072,#6073));
#6070 = ORIENTED_EDGE('',*,*,#5981,.F.);
#6071 = ORIENTED_EDGE('',*,*,#6056,.F.);
#6072 = ORIENTED_EDGE('',*,*,#4953,.F.);
#6073 = ORIENTED_EDGE('',*,*,#6074,.F.);
#6074 = EDGE_CURVE('',#5982,#4946,#6075,.T.);
#6075 = LINE('',#6076,#6077);
#6076 = CARTESIAN_POINT('',(1.5494,-0.5969,-14.7066));
#6077 = VECTOR('',#6078,1.);
#6078 = DIRECTION('',(0.,-1.,0.));
#6079 = PLANE('',#6080);
#6080 = AXIS2_PLACEMENT_3D('',#6081,#6082,#6083);
#6081 = CARTESIAN_POINT('',(0.,0.,-14.7066));
#6082 = DIRECTION('',(0.,0.,-1.));
#6083 = DIRECTION('',(-1.,0.,0.));
#6084 = ADVANCED_FACE('',(#6085),#6110,.T.);
#6085 = FACE_BOUND('',#6086,.F.);
#6086 = EDGE_LOOP('',(#6087,#6095,#6103,#6109));
#6087 = ORIENTED_EDGE('',*,*,#6088,.F.);
#6088 = EDGE_CURVE('',#6089,#4914,#6091,.T.);
#6089 = VERTEX_POINT('',#6090);
#6090 = CARTESIAN_POINT('',(5.6896,-0.5969,-14.7066));
#6091 = LINE('',#6092,#6093);
#6092 = CARTESIAN_POINT('',(5.6896,-0.5969,-14.7066));
#6093 = VECTOR('',#6094,1.);
#6094 = DIRECTION('',(0.,-1.,0.));
#6095 = ORIENTED_EDGE('',*,*,#6096,.F.);
#6096 = EDGE_CURVE('',#6097,#6089,#6099,.T.);
#6097 = VERTEX_POINT('',#6098);
#6098 = CARTESIAN_POINT('',(2.6162,-0.5969,-14.7066));
#6099 = LINE('',#6100,#6101);
#6100 = CARTESIAN_POINT('',(2.6162,-0.5969,-14.7066));
#6101 = VECTOR('',#6102,1.);
#6102 = DIRECTION('',(1.,0.,0.));
#6103 = ORIENTED_EDGE('',*,*,#6104,.F.);
#6104 = EDGE_CURVE('',#4922,#6097,#6105,.T.);
#6105 = LINE('',#6106,#6107);
#6106 = CARTESIAN_POINT('',(2.6162,-2.8702,-14.7066));
#6107 = VECTOR('',#6108,1.);
#6108 = DIRECTION('',(0.,1.,0.));
#6109 = ORIENTED_EDGE('',*,*,#4921,.F.);
#6110 = PLANE('',#6111);
#6111 = AXIS2_PLACEMENT_3D('',#6112,#6113,#6114);
#6112 = CARTESIAN_POINT('',(0.,0.,-14.7066));
#6113 = DIRECTION('',(0.,0.,-1.));
#6114 = DIRECTION('',(-1.,0.,0.));
#6115 = ADVANCED_FACE('',(#6116),#6141,.T.);
#6116 = FACE_BOUND('',#6117,.F.);
#6117 = EDGE_LOOP('',(#6118,#6126,#6134,#6140));
#6118 = ORIENTED_EDGE('',*,*,#6119,.F.);
#6119 = EDGE_CURVE('',#6120,#4978,#6122,.T.);
#6120 = VERTEX_POINT('',#6121);
#6121 = CARTESIAN_POINT('',(-2.5908,-0.5969,-14.7066));
#6122 = LINE('',#6123,#6124);
#6123 = CARTESIAN_POINT('',(-2.5908,-0.5969,-14.7066));
#6124 = VECTOR('',#6125,1.);
#6125 = DIRECTION('',(0.,-1.,0.));
#6126 = ORIENTED_EDGE('',*,*,#6127,.F.);
#6127 = EDGE_CURVE('',#6128,#6120,#6130,.T.);
#6128 = VERTEX_POINT('',#6129);
#6129 = CARTESIAN_POINT('',(-5.6642,-0.5969,-14.7066));
#6130 = LINE('',#6131,#6132);
#6131 = CARTESIAN_POINT('',(-5.6642,-0.5969,-14.7066));
#6132 = VECTOR('',#6133,1.);
#6133 = DIRECTION('',(1.,0.,0.));
#6134 = ORIENTED_EDGE('',*,*,#6135,.F.);
#6135 = EDGE_CURVE('',#4986,#6128,#6136,.T.);
#6136 = LINE('',#6137,#6138);
#6137 = CARTESIAN_POINT('',(-5.6642,-2.8702,-14.7066));
#6138 = VECTOR('',#6139,1.);
#6139 = DIRECTION('',(0.,1.,0.));
#6140 = ORIENTED_EDGE('',*,*,#4985,.F.);
#6141 = PLANE('',#6142);
#6142 = AXIS2_PLACEMENT_3D('',#6143,#6144,#6145);
#6143 = CARTESIAN_POINT('',(0.,0.,-14.7066));
#6144 = DIRECTION('',(0.,0.,-1.));
#6145 = DIRECTION('',(-1.,0.,0.));
#6146 = ADVANCED_FACE('',(#6147),#6153,.T.);
#6147 = FACE_BOUND('',#6148,.F.);
#6148 = EDGE_LOOP('',(#6149,#6150,#6151,#6152));
#6149 = ORIENTED_EDGE('',*,*,#5783,.T.);
#6150 = ORIENTED_EDGE('',*,*,#5989,.T.);
#6151 = ORIENTED_EDGE('',*,*,#6074,.T.);
#6152 = ORIENTED_EDGE('',*,*,#4945,.F.);
#6153 = PLANE('',#6154);
#6154 = AXIS2_PLACEMENT_3D('',#6155,#6156,#6157);
#6155 = CARTESIAN_POINT('',(1.5494,-0.5969,-12.7));
#6156 = DIRECTION('',(1.,0.,0.));
#6157 = DIRECTION('',(0.,-1.,0.));
#6158 = ADVANCED_FACE('',(#6159),#6170,.T.);
#6159 = FACE_BOUND('',#6160,.F.);
#6160 = EDGE_LOOP('',(#6161,#6162,#6168,#6169));
#6161 = ORIENTED_EDGE('',*,*,#5806,.T.);
#6162 = ORIENTED_EDGE('',*,*,#6163,.T.);
#6163 = EDGE_CURVE('',#5799,#6089,#6164,.T.);
#6164 = LINE('',#6165,#6166);
#6165 = CARTESIAN_POINT('',(5.6896,-0.5969,-12.7));
#6166 = VECTOR('',#6167,1.);
#6167 = DIRECTION('',(0.,0.,-1.));
#6168 = ORIENTED_EDGE('',*,*,#6088,.T.);
#6169 = ORIENTED_EDGE('',*,*,#4913,.F.);
#6170 = PLANE('',#6171);
#6171 = AXIS2_PLACEMENT_3D('',#6172,#6173,#6174);
#6172 = CARTESIAN_POINT('',(5.6896,-0.5969,-12.7));
#6173 = DIRECTION('',(1.,0.,0.));
#6174 = DIRECTION('',(0.,-1.,0.));
#6175 = ADVANCED_FACE('',(#6176,#6187),#6238,.T.);
#6176 = FACE_BOUND('',#6177,.F.);
#6177 = EDGE_LOOP('',(#6178,#6179,#6185,#6186));
#6178 = ORIENTED_EDGE('',*,*,#5798,.F.);
#6179 = ORIENTED_EDGE('',*,*,#6180,.T.);
#6180 = EDGE_CURVE('',#5791,#6097,#6181,.T.);
#6181 = LINE('',#6182,#6183);
#6182 = CARTESIAN_POINT('',(2.6162,-0.5969,-12.7));
#6183 = VECTOR('',#6184,1.);
#6184 = DIRECTION('',(0.,0.,-1.));
#6185 = ORIENTED_EDGE('',*,*,#6096,.T.);
#6186 = ORIENTED_EDGE('',*,*,#6163,.F.);
#6187 = FACE_BOUND('',#6188,.F.);
#6188 = EDGE_LOOP('',(#6189,#6217));
#6189 = ORIENTED_EDGE('',*,*,#6190,.T.);
#6190 = EDGE_CURVE('',#6191,#6193,#6195,.T.);
#6191 = VERTEX_POINT('',#6192);
#6192 = CARTESIAN_POINT('',(4.1529,-0.5969,-13.12822923581));
#6193 = VERTEX_POINT('',#6194);
#6194 = CARTESIAN_POINT('',(4.1529,-0.5969,-14.4840566556));
#6195 = B_SPLINE_CURVE_WITH_KNOTS('',3,(#6196,#6197,#6198,#6199,#6200,
    #6201,#6202,#6203,#6204,#6205,#6206,#6207,#6208,#6209,#6210,#6211,
    #6212,#6213,#6214,#6215,#6216),.UNSPECIFIED.,.F.,.F.,(4,1,1,1,1,1,1,
    1,1,1,1,1,1,1,1,1,1,1,4),(0.,5.555555555556E-02,0.111111111111,
    0.166666666667,0.222222222222,0.277777777778,0.333333333333,
    0.388888888889,0.444444444444,0.5,0.555555555556,0.611111111111,
    0.666666666667,0.722222222222,0.777777777778,0.833333333333,
    0.888888888889,0.944444444444,1.),.UNSPECIFIED.);
#6196 = CARTESIAN_POINT('',(4.1529,-0.5969,-13.12822923581));
#6197 = CARTESIAN_POINT('',(4.173240909046,-0.5969,-13.12822923581));
#6198 = CARTESIAN_POINT('',(4.213073375149,-0.5969,-13.13396308674));
#6199 = CARTESIAN_POINT('',(4.271375849031,-0.5969,-13.15814563175));
#6200 = CARTESIAN_POINT('',(4.32498553839,-0.5969,-13.19347917693));
#6201 = CARTESIAN_POINT('',(4.372822550442,-0.5969,-13.2349012812));
#6202 = CARTESIAN_POINT('',(4.416713793052,-0.5969,-13.28102443764));
#6203 = CARTESIAN_POINT('',(4.459320645969,-0.5969,-13.33376143542));
#6204 = CARTESIAN_POINT('',(4.501825697636,-0.5969,-13.39547857239));
#6205 = CARTESIAN_POINT('',(4.544111074102,-0.5969,-13.46860126265));
#6206 = CARTESIAN_POINT('',(4.584027324058,-0.5969,-13.55370434787));
#6207 = CARTESIAN_POINT('',(4.619075915143,-0.5969,-13.65205272203));
#6208 = CARTESIAN_POINT('',(4.645427845781,-0.5969,-13.76541202608));
#6209 = CARTESIAN_POINT('',(4.657143581685,-0.5969,-13.89346680089));
#6210 = CARTESIAN_POINT('',(4.645673670512,-0.5969,-14.03628946569));
#6211 = CARTESIAN_POINT('',(4.601252001887,-0.5969,-14.18114654563));
#6212 = CARTESIAN_POINT('',(4.524272364353,-0.5969,-14.30754579775));
#6213 = CARTESIAN_POINT('',(4.416761748304,-0.5969,-14.40874186223));
#6214 = CARTESIAN_POINT('',(4.282082812445,-0.5969,-14.47241297092));
#6215 = CARTESIAN_POINT('',(4.196506851916,-0.5969,-14.4840566556));
#6216 = CARTESIAN_POINT('',(4.1529,-0.5969,-14.4840566556));
#6217 = ORIENTED_EDGE('',*,*,#6218,.T.);
#6218 = EDGE_CURVE('',#6193,#6191,#6219,.T.);
#6219 = B_SPLINE_CURVE_WITH_KNOTS('',3,(#6220,#6221,#6222,#6223,#6224,
    #6225,#6226,#6227,#6228,#6229,#6230,#6231,#6232,#6233,#6234,#6235,
    #6236,#6237),.UNSPECIFIED.,.F.,.F.,(4,1,1,1,1,1,1,1,1,1,1,1,1,1,1,4)
  ,(0.,6.666666666667E-02,0.133333333333,0.2,0.266666666667,
    0.333333333333,0.4,0.466666666667,0.533333333333,0.6,0.666666666667,
    0.733333333333,0.8,0.866666666667,0.933333333333,1.),.UNSPECIFIED.);
#6220 = CARTESIAN_POINT('',(4.1529,-0.5969,-14.4840566556));
#6221 = CARTESIAN_POINT('',(4.109844960896,-0.5969,-14.4840566556));
#6222 = CARTESIAN_POINT('',(4.027169057773,-0.5969,-14.47207333487));
#6223 = CARTESIAN_POINT('',(3.909632774228,-0.5969,-14.4198391828));
#6224 = CARTESIAN_POINT('',(3.810018420612,-0.5969,-14.33799762983));
#6225 = CARTESIAN_POINT('',(3.730366062219,-0.5969,-14.23115180683));
#6226 = CARTESIAN_POINT('',(3.671299426166,-0.5969,-14.08975678478));
#6227 = CARTESIAN_POINT('',(3.647236408938,-0.5969,-13.92657300673));
#6228 = CARTESIAN_POINT('',(3.658354805003,-0.5969,-13.76589593966));
#6229 = CARTESIAN_POINT('',(3.696339880208,-0.5969,-13.61620828621));
#6230 = CARTESIAN_POINT('',(3.749787689364,-0.5969,-13.48903097591));
#6231 = CARTESIAN_POINT('',(3.810197852656,-0.5969,-13.38371896517));
#6232 = CARTESIAN_POINT('',(3.873407554615,-0.5969,-13.29776129473));
#6233 = CARTESIAN_POINT('',(3.938166536015,-0.5969,-13.2284714252));
#6234 = CARTESIAN_POINT('',(4.005963959627,-0.5969,-13.17392514681));
#6235 = CARTESIAN_POINT('',(4.078973445979,-0.5969,-13.13680177319));
#6236 = CARTESIAN_POINT('',(4.12802060741,-0.5969,-13.12822923581));
#6237 = CARTESIAN_POINT('',(4.1529,-0.5969,-13.12822923581));
#6238 = PLANE('',#6239);
#6239 = AXIS2_PLACEMENT_3D('',#6240,#6241,#6242);
#6240 = CARTESIAN_POINT('',(2.6162,-0.5969,-12.7));
#6241 = DIRECTION('',(0.,1.,0.));
#6242 = DIRECTION('',(1.,0.,0.));
#6243 = ADVANCED_FACE('',(#6244),#6250,.T.);
#6244 = FACE_BOUND('',#6245,.F.);
#6245 = EDGE_LOOP('',(#6246,#6247,#6248,#6249));
#6246 = ORIENTED_EDGE('',*,*,#5790,.F.);
#6247 = ORIENTED_EDGE('',*,*,#4929,.T.);
#6248 = ORIENTED_EDGE('',*,*,#6104,.T.);
#6249 = ORIENTED_EDGE('',*,*,#6180,.F.);
#6250 = PLANE('',#6251);
#6251 = AXIS2_PLACEMENT_3D('',#6252,#6253,#6254);
#6252 = CARTESIAN_POINT('',(2.6162,-2.8702,-12.7));
#6253 = DIRECTION('',(-1.,0.,0.));
#6254 = DIRECTION('',(0.,1.,0.));
#6255 = ADVANCED_FACE('',(#6256),#6274,.T.);
#6256 = FACE_BOUND('',#6257,.T.);
#6257 = EDGE_LOOP('',(#6258,#6265,#6266,#6273));
#6258 = ORIENTED_EDGE('',*,*,#6259,.T.);
#6259 = EDGE_CURVE('',#5949,#6191,#6260,.T.);
#6260 = CIRCLE('',#6261,0.99822);
#6261 = AXIS2_PLACEMENT_3D('',#6262,#6263,#6264);
#6262 = CARTESIAN_POINT('',(4.1529,-1.4986,-12.7));
#6263 = DIRECTION('',(-1.,0.,0.));
#6264 = DIRECTION('',(0.,1.,0.));
#6265 = ORIENTED_EDGE('',*,*,#6190,.T.);
#6266 = ORIENTED_EDGE('',*,*,#6267,.F.);
#6267 = EDGE_CURVE('',#5947,#6193,#6268,.T.);
#6268 = CIRCLE('',#6269,1.99898);
#6269 = AXIS2_PLACEMENT_3D('',#6270,#6271,#6272);
#6270 = CARTESIAN_POINT('',(4.1529,-1.4986,-12.7));
#6271 = DIRECTION('',(-1.,0.,0.));
#6272 = DIRECTION('',(0.,1.,0.));
#6273 = ORIENTED_EDGE('',*,*,#5946,.T.);
#6274 = TOROIDAL_SURFACE('',#6275,1.4986,0.50038);
#6275 = AXIS2_PLACEMENT_3D('',#6276,#6277,#6278);
#6276 = CARTESIAN_POINT('',(4.1529,-1.4986,-12.7));
#6277 = DIRECTION('',(-1.,0.,0.));
#6278 = DIRECTION('',(0.,-1.,0.));
#6279 = ADVANCED_FACE('',(#6280),#6286,.T.);
#6280 = FACE_BOUND('',#6281,.T.);
#6281 = EDGE_LOOP('',(#6282,#6283,#6284,#6285));
#6282 = ORIENTED_EDGE('',*,*,#6267,.T.);
#6283 = ORIENTED_EDGE('',*,*,#6218,.T.);
#6284 = ORIENTED_EDGE('',*,*,#6259,.F.);
#6285 = ORIENTED_EDGE('',*,*,#5957,.T.);
#6286 = TOROIDAL_SURFACE('',#6287,1.4986,0.50038);
#6287 = AXIS2_PLACEMENT_3D('',#6288,#6289,#6290);
#6288 = CARTESIAN_POINT('',(4.1529,-1.4986,-12.7));
#6289 = DIRECTION('',(-1.,0.,0.));
#6290 = DIRECTION('',(0.,-1.,0.));
#6291 = ADVANCED_FACE('',(#6292),#6303,.T.);
#6292 = FACE_BOUND('',#6293,.F.);
#6293 = EDGE_LOOP('',(#6294,#6295,#6301,#6302));
#6294 = ORIENTED_EDGE('',*,*,#5833,.T.);
#6295 = ORIENTED_EDGE('',*,*,#6296,.T.);
#6296 = EDGE_CURVE('',#5826,#6120,#6297,.T.);
#6297 = LINE('',#6298,#6299);
#6298 = CARTESIAN_POINT('',(-2.5908,-0.5969,-12.7));
#6299 = VECTOR('',#6300,1.);
#6300 = DIRECTION('',(0.,0.,-1.));
#6301 = ORIENTED_EDGE('',*,*,#6119,.T.);
#6302 = ORIENTED_EDGE('',*,*,#4977,.F.);
#6303 = PLANE('',#6304);
#6304 = AXIS2_PLACEMENT_3D('',#6305,#6306,#6307);
#6305 = CARTESIAN_POINT('',(-2.5908,-0.5969,-12.7));
#6306 = DIRECTION('',(1.,0.,0.));
#6307 = DIRECTION('',(0.,-1.,0.));
#6308 = ADVANCED_FACE('',(#6309,#6320),#6371,.T.);
#6309 = FACE_BOUND('',#6310,.F.);
#6310 = EDGE_LOOP('',(#6311,#6312,#6318,#6319));
#6311 = ORIENTED_EDGE('',*,*,#5825,.F.);
#6312 = ORIENTED_EDGE('',*,*,#6313,.T.);
#6313 = EDGE_CURVE('',#5818,#6128,#6314,.T.);
#6314 = LINE('',#6315,#6316);
#6315 = CARTESIAN_POINT('',(-5.6642,-0.5969,-12.7));
#6316 = VECTOR('',#6317,1.);
#6317 = DIRECTION('',(0.,0.,-1.));
#6318 = ORIENTED_EDGE('',*,*,#6127,.T.);
#6319 = ORIENTED_EDGE('',*,*,#6296,.F.);
#6320 = FACE_BOUND('',#6321,.F.);
#6321 = EDGE_LOOP('',(#6322,#6350));
#6322 = ORIENTED_EDGE('',*,*,#6323,.T.);
#6323 = EDGE_CURVE('',#6324,#6326,#6328,.T.);
#6324 = VERTEX_POINT('',#6325);
#6325 = CARTESIAN_POINT('',(-4.1275,-0.5969,-13.12822923581));
#6326 = VERTEX_POINT('',#6327);
#6327 = CARTESIAN_POINT('',(-4.1275,-0.5969,-14.4840566556));
#6328 = B_SPLINE_CURVE_WITH_KNOTS('',3,(#6329,#6330,#6331,#6332,#6333,
    #6334,#6335,#6336,#6337,#6338,#6339,#6340,#6341,#6342,#6343,#6344,
    #6345,#6346,#6347,#6348,#6349),.UNSPECIFIED.,.F.,.F.,(4,1,1,1,1,1,1,
    1,1,1,1,1,1,1,1,1,1,1,4),(0.,5.555555555556E-02,0.111111111111,
    0.166666666667,0.222222222222,0.277777777778,0.333333333333,
    0.388888888889,0.444444444444,0.5,0.555555555556,0.611111111111,
    0.666666666667,0.722222222222,0.777777777778,0.833333333333,
    0.888888888889,0.944444444444,1.),.UNSPECIFIED.);
#6329 = CARTESIAN_POINT('',(-4.1275,-0.5969,-13.12822923581));
#6330 = CARTESIAN_POINT('',(-4.107159090954,-0.5969,-13.12822923581));
#6331 = CARTESIAN_POINT('',(-4.067326624851,-0.5969,-13.13396308674));
#6332 = CARTESIAN_POINT('',(-4.009024150969,-0.5969,-13.15814563175));
#6333 = CARTESIAN_POINT('',(-3.95541446161,-0.5969,-13.19347917693));
#6334 = CARTESIAN_POINT('',(-3.907577449558,-0.5969,-13.2349012812));
#6335 = CARTESIAN_POINT('',(-3.863686206948,-0.5969,-13.28102443764));
#6336 = CARTESIAN_POINT('',(-3.821079354031,-0.5969,-13.33376143542));
#6337 = CARTESIAN_POINT('',(-3.778574302364,-0.5969,-13.39547857239));
#6338 = CARTESIAN_POINT('',(-3.736288925898,-0.5969,-13.46860126265));
#6339 = CARTESIAN_POINT('',(-3.696372675942,-0.5969,-13.55370434787));
#6340 = CARTESIAN_POINT('',(-3.661324084857,-0.5969,-13.65205272203));
#6341 = CARTESIAN_POINT('',(-3.634972154219,-0.5969,-13.76541202608));
#6342 = CARTESIAN_POINT('',(-3.623256418315,-0.5969,-13.89346680089));
#6343 = CARTESIAN_POINT('',(-3.634726329488,-0.5969,-14.03628946569));
#6344 = CARTESIAN_POINT('',(-3.679147998113,-0.5969,-14.18114654563));
#6345 = CARTESIAN_POINT('',(-3.756127635647,-0.5969,-14.30754579775));
#6346 = CARTESIAN_POINT('',(-3.863638251696,-0.5969,-14.40874186223));
#6347 = CARTESIAN_POINT('',(-3.998317187555,-0.5969,-14.47241297092));
#6348 = CARTESIAN_POINT('',(-4.083893148084,-0.5969,-14.4840566556));
#6349 = CARTESIAN_POINT('',(-4.1275,-0.5969,-14.4840566556));
#6350 = ORIENTED_EDGE('',*,*,#6351,.T.);
#6351 = EDGE_CURVE('',#6326,#6324,#6352,.T.);
#6352 = B_SPLINE_CURVE_WITH_KNOTS('',3,(#6353,#6354,#6355,#6356,#6357,
    #6358,#6359,#6360,#6361,#6362,#6363,#6364,#6365,#6366,#6367,#6368,
    #6369,#6370),.UNSPECIFIED.,.F.,.F.,(4,1,1,1,1,1,1,1,1,1,1,1,1,1,1,4)
  ,(0.,6.666666666667E-02,0.133333333333,0.2,0.266666666667,
    0.333333333333,0.4,0.466666666667,0.533333333333,0.6,0.666666666667,
    0.733333333333,0.8,0.866666666667,0.933333333333,1.),.UNSPECIFIED.);
#6353 = CARTESIAN_POINT('',(-4.1275,-0.5969,-14.4840566556));
#6354 = CARTESIAN_POINT('',(-4.170555039104,-0.5969,-14.4840566556));
#6355 = CARTESIAN_POINT('',(-4.253230942227,-0.5969,-14.47207333487));
#6356 = CARTESIAN_POINT('',(-4.370767225772,-0.5969,-14.4198391828));
#6357 = CARTESIAN_POINT('',(-4.470381579388,-0.5969,-14.33799762983));
#6358 = CARTESIAN_POINT('',(-4.550033937781,-0.5969,-14.23115180683));
#6359 = CARTESIAN_POINT('',(-4.609100573834,-0.5969,-14.08975678478));
#6360 = CARTESIAN_POINT('',(-4.633163591062,-0.5969,-13.92657300673));
#6361 = CARTESIAN_POINT('',(-4.622045194997,-0.5969,-13.76589593966));
#6362 = CARTESIAN_POINT('',(-4.584060119792,-0.5969,-13.61620828621));
#6363 = CARTESIAN_POINT('',(-4.530612310636,-0.5969,-13.48903097591));
#6364 = CARTESIAN_POINT('',(-4.470202147344,-0.5969,-13.38371896517));
#6365 = CARTESIAN_POINT('',(-4.406992445385,-0.5969,-13.29776129473));
#6366 = CARTESIAN_POINT('',(-4.342233463985,-0.5969,-13.2284714252));
#6367 = CARTESIAN_POINT('',(-4.274436040373,-0.5969,-13.17392514681));
#6368 = CARTESIAN_POINT('',(-4.201426554021,-0.5969,-13.13680177319));
#6369 = CARTESIAN_POINT('',(-4.15237939259,-0.5969,-13.12822923581));
#6370 = CARTESIAN_POINT('',(-4.1275,-0.5969,-13.12822923581));
#6371 = PLANE('',#6372);
#6372 = AXIS2_PLACEMENT_3D('',#6373,#6374,#6375);
#6373 = CARTESIAN_POINT('',(-5.6642,-0.5969,-12.7));
#6374 = DIRECTION('',(0.,1.,0.));
#6375 = DIRECTION('',(1.,0.,0.));
#6376 = ADVANCED_FACE('',(#6377),#6383,.T.);
#6377 = FACE_BOUND('',#6378,.F.);
#6378 = EDGE_LOOP('',(#6379,#6380,#6381,#6382));
#6379 = ORIENTED_EDGE('',*,*,#5817,.F.);
#6380 = ORIENTED_EDGE('',*,*,#4993,.T.);
#6381 = ORIENTED_EDGE('',*,*,#6135,.T.);
#6382 = ORIENTED_EDGE('',*,*,#6313,.F.);
#6383 = PLANE('',#6384);
#6384 = AXIS2_PLACEMENT_3D('',#6385,#6386,#6387);
#6385 = CARTESIAN_POINT('',(-5.6642,-2.8702,-12.7));
#6386 = DIRECTION('',(-1.,0.,0.));
#6387 = DIRECTION('',(0.,1.,0.));
#6388 = ADVANCED_FACE('',(#6389),#6407,.T.);
#6389 = FACE_BOUND('',#6390,.T.);
#6390 = EDGE_LOOP('',(#6391,#6398,#6399,#6406));
#6391 = ORIENTED_EDGE('',*,*,#6392,.T.);
#6392 = EDGE_CURVE('',#5909,#6324,#6393,.T.);
#6393 = CIRCLE('',#6394,0.99822);
#6394 = AXIS2_PLACEMENT_3D('',#6395,#6396,#6397);
#6395 = CARTESIAN_POINT('',(-4.1275,-1.4986,-12.7));
#6396 = DIRECTION('',(-1.,0.,0.));
#6397 = DIRECTION('',(0.,1.,0.));
#6398 = ORIENTED_EDGE('',*,*,#6323,.T.);
#6399 = ORIENTED_EDGE('',*,*,#6400,.F.);
#6400 = EDGE_CURVE('',#5907,#6326,#6401,.T.);
#6401 = CIRCLE('',#6402,1.99898);
#6402 = AXIS2_PLACEMENT_3D('',#6403,#6404,#6405);
#6403 = CARTESIAN_POINT('',(-4.1275,-1.4986,-12.7));
#6404 = DIRECTION('',(-1.,0.,0.));
#6405 = DIRECTION('',(0.,1.,0.));
#6406 = ORIENTED_EDGE('',*,*,#5906,.T.);
#6407 = TOROIDAL_SURFACE('',#6408,1.4986,0.50038);
#6408 = AXIS2_PLACEMENT_3D('',#6409,#6410,#6411);
#6409 = CARTESIAN_POINT('',(-4.1275,-1.4986,-12.7));
#6410 = DIRECTION('',(-1.,0.,0.));
#6411 = DIRECTION('',(0.,-1.,0.));
#6412 = ADVANCED_FACE('',(#6413),#6419,.T.);
#6413 = FACE_BOUND('',#6414,.T.);
#6414 = EDGE_LOOP('',(#6415,#6416,#6417,#6418));
#6415 = ORIENTED_EDGE('',*,*,#6400,.T.);
#6416 = ORIENTED_EDGE('',*,*,#6351,.T.);
#6417 = ORIENTED_EDGE('',*,*,#6392,.F.);
#6418 = ORIENTED_EDGE('',*,*,#5917,.T.);
#6419 = TOROIDAL_SURFACE('',#6420,1.4986,0.50038);
#6420 = AXIS2_PLACEMENT_3D('',#6421,#6422,#6423);
#6421 = CARTESIAN_POINT('',(-4.1275,-1.4986,-12.7));
#6422 = DIRECTION('',(-1.,0.,0.));
#6423 = DIRECTION('',(0.,-1.,0.));
#6424 = ADVANCED_FACE('',(#6425),#6443,.T.);
#6425 = FACE_BOUND('',#6426,.T.);
#6426 = EDGE_LOOP('',(#6427,#6434,#6435,#6442));
#6427 = ORIENTED_EDGE('',*,*,#6428,.T.);
#6428 = EDGE_CURVE('',#5929,#5998,#6429,.T.);
#6429 = CIRCLE('',#6430,0.99822);
#6430 = AXIS2_PLACEMENT_3D('',#6431,#6432,#6433);
#6431 = CARTESIAN_POINT('',(1.27E-02,-1.4986,-12.7));
#6432 = DIRECTION('',(-1.,0.,0.));
#6433 = DIRECTION('',(0.,1.,0.));
#6434 = ORIENTED_EDGE('',*,*,#5997,.T.);
#6435 = ORIENTED_EDGE('',*,*,#6436,.F.);
#6436 = EDGE_CURVE('',#5927,#6000,#6437,.T.);
#6437 = CIRCLE('',#6438,1.99898);
#6438 = AXIS2_PLACEMENT_3D('',#6439,#6440,#6441);
#6439 = CARTESIAN_POINT('',(1.27E-02,-1.4986,-12.7));
#6440 = DIRECTION('',(-1.,0.,0.));
#6441 = DIRECTION('',(0.,1.,0.));
#6442 = ORIENTED_EDGE('',*,*,#5926,.T.);
#6443 = TOROIDAL_SURFACE('',#6444,1.4986,0.50038);
#6444 = AXIS2_PLACEMENT_3D('',#6445,#6446,#6447);
#6445 = CARTESIAN_POINT('',(1.27E-02,-1.4986,-12.7));
#6446 = DIRECTION('',(-1.,0.,0.));
#6447 = DIRECTION('',(0.,-1.,0.));
#6448 = ADVANCED_FACE('',(#6449),#6455,.T.);
#6449 = FACE_BOUND('',#6450,.T.);
#6450 = EDGE_LOOP('',(#6451,#6452,#6453,#6454));
#6451 = ORIENTED_EDGE('',*,*,#6436,.T.);
#6452 = ORIENTED_EDGE('',*,*,#6025,.T.);
#6453 = ORIENTED_EDGE('',*,*,#6428,.F.);
#6454 = ORIENTED_EDGE('',*,*,#5937,.T.);
#6455 = TOROIDAL_SURFACE('',#6456,1.4986,0.50038);
#6456 = AXIS2_PLACEMENT_3D('',#6457,#6458,#6459);
#6457 = CARTESIAN_POINT('',(1.27E-02,-1.4986,-12.7));
#6458 = DIRECTION('',(-1.,0.,0.));
#6459 = DIRECTION('',(0.,-1.,0.));
#6460 = ADVANCED_FACE('',(#6461),#6486,.T.);
#6461 = FACE_BOUND('',#6462,.F.);
#6462 = EDGE_LOOP('',(#6463,#6464,#6472,#6480));
#6463 = ORIENTED_EDGE('',*,*,#5848,.F.);
#6464 = ORIENTED_EDGE('',*,*,#6465,.T.);
#6465 = EDGE_CURVE('',#5849,#6466,#6468,.T.);
#6466 = VERTEX_POINT('',#6467);
#6467 = CARTESIAN_POINT('',(-4.23545,1.27,-12.7889));
#6468 = LINE('',#6469,#6470);
#6469 = CARTESIAN_POINT('',(-4.23545,1.27,-12.7));
#6470 = VECTOR('',#6471,1.);
#6471 = DIRECTION('',(0.,0.,-1.));
#6472 = ORIENTED_EDGE('',*,*,#6473,.T.);
#6473 = EDGE_CURVE('',#6466,#6474,#6476,.T.);
#6474 = VERTEX_POINT('',#6475);
#6475 = CARTESIAN_POINT('',(-4.23545,2.4638,-12.7889));
#6476 = LINE('',#6477,#6478);
#6477 = CARTESIAN_POINT('',(-4.23545,1.27,-12.7889));
#6478 = VECTOR('',#6479,1.);
#6479 = DIRECTION('',(0.,1.,0.));
#6480 = ORIENTED_EDGE('',*,*,#6481,.F.);
#6481 = EDGE_CURVE('',#5851,#6474,#6482,.T.);
#6482 = LINE('',#6483,#6484);
#6483 = CARTESIAN_POINT('',(-4.23545,2.4638,-12.7));
#6484 = VECTOR('',#6485,1.);
#6485 = DIRECTION('',(0.,0.,-1.));
#6486 = PLANE('',#6487);
#6487 = AXIS2_PLACEMENT_3D('',#6488,#6489,#6490);
#6488 = CARTESIAN_POINT('',(-4.23545,1.27,-12.7));
#6489 = DIRECTION('',(-1.,0.,0.));
#6490 = DIRECTION('',(0.,1.,0.));
#6491 = ADVANCED_FACE('',(#6492),#6510,.T.);
#6492 = FACE_BOUND('',#6493,.F.);
#6493 = EDGE_LOOP('',(#6494,#6495,#6503,#6509));
#6494 = ORIENTED_EDGE('',*,*,#5898,.F.);
#6495 = ORIENTED_EDGE('',*,*,#6496,.T.);
#6496 = EDGE_CURVE('',#5891,#6497,#6499,.T.);
#6497 = VERTEX_POINT('',#6498);
#6498 = CARTESIAN_POINT('',(-4.086225,1.27,-12.7889));
#6499 = LINE('',#6500,#6501);
#6500 = CARTESIAN_POINT('',(-4.086225,1.27,-12.7));
#6501 = VECTOR('',#6502,1.);
#6502 = DIRECTION('',(0.,0.,-1.));
#6503 = ORIENTED_EDGE('',*,*,#6504,.T.);
#6504 = EDGE_CURVE('',#6497,#6466,#6505,.T.);
#6505 = LINE('',#6506,#6507);
#6506 = CARTESIAN_POINT('',(-4.086225,1.27,-12.7889));
#6507 = VECTOR('',#6508,1.);
#6508 = DIRECTION('',(-1.,0.,0.));
#6509 = ORIENTED_EDGE('',*,*,#6465,.F.);
#6510 = PLANE('',#6511);
#6511 = AXIS2_PLACEMENT_3D('',#6512,#6513,#6514);
#6512 = CARTESIAN_POINT('',(-4.086225,1.27,-12.7));
#6513 = DIRECTION('',(0.,-1.,0.));
#6514 = DIRECTION('',(-1.,0.,0.));
#6515 = ADVANCED_FACE('',(#6516),#6534,.T.);
#6516 = FACE_BOUND('',#6517,.F.);
#6517 = EDGE_LOOP('',(#6518,#6519,#6527,#6533));
#6518 = ORIENTED_EDGE('',*,*,#5890,.F.);
#6519 = ORIENTED_EDGE('',*,*,#6520,.T.);
#6520 = EDGE_CURVE('',#5883,#6521,#6523,.T.);
#6521 = VERTEX_POINT('',#6522);
#6522 = CARTESIAN_POINT('',(-4.086225,2.260600024223,-12.7889));
#6523 = LINE('',#6524,#6525);
#6524 = CARTESIAN_POINT('',(-4.086225,2.260600024223,-12.7));
#6525 = VECTOR('',#6526,1.);
#6526 = DIRECTION('',(0.,0.,-1.));
#6527 = ORIENTED_EDGE('',*,*,#6528,.T.);
#6528 = EDGE_CURVE('',#6521,#6497,#6529,.T.);
#6529 = LINE('',#6530,#6531);
#6530 = CARTESIAN_POINT('',(-4.086225,2.260600024223,-12.7889));
#6531 = VECTOR('',#6532,1.);
#6532 = DIRECTION('',(0.,-1.,0.));
#6533 = ORIENTED_EDGE('',*,*,#6496,.F.);
#6534 = PLANE('',#6535);
#6535 = AXIS2_PLACEMENT_3D('',#6536,#6537,#6538);
#6536 = CARTESIAN_POINT('',(-4.086225,2.260600024223,-12.7));
#6537 = DIRECTION('',(1.,0.,0.));
#6538 = DIRECTION('',(0.,-1.,0.));
#6539 = ADVANCED_FACE('',(#6540),#6558,.T.);
#6540 = FACE_BOUND('',#6541,.F.);
#6541 = EDGE_LOOP('',(#6542,#6543,#6551,#6557));
#6542 = ORIENTED_EDGE('',*,*,#5882,.F.);
#6543 = ORIENTED_EDGE('',*,*,#6544,.T.);
#6544 = EDGE_CURVE('',#5875,#6545,#6547,.T.);
#6545 = VERTEX_POINT('',#6546);
#6546 = CARTESIAN_POINT('',(-3.937,2.082799974263,-12.7889));
#6547 = LINE('',#6548,#6549);
#6548 = CARTESIAN_POINT('',(-3.937,2.082799974263,-12.7));
#6549 = VECTOR('',#6550,1.);
#6550 = DIRECTION('',(0.,0.,-1.));
#6551 = ORIENTED_EDGE('',*,*,#6552,.T.);
#6552 = EDGE_CURVE('',#6545,#6521,#6553,.T.);
#6553 = LINE('',#6554,#6555);
#6554 = CARTESIAN_POINT('',(-3.937,2.082799974263,-12.7889));
#6555 = VECTOR('',#6556,1.);
#6556 = DIRECTION('',(-0.642871142764,0.765974342782,0.));
#6557 = ORIENTED_EDGE('',*,*,#6520,.F.);
#6558 = PLANE('',#6559);
#6559 = AXIS2_PLACEMENT_3D('',#6560,#6561,#6562);
#6560 = CARTESIAN_POINT('',(-3.937,2.082799974263,-12.7));
#6561 = DIRECTION('',(-0.765974342782,-0.642871142764,0.));
#6562 = DIRECTION('',(-0.642871142764,0.765974342782,0.));
#6563 = ADVANCED_FACE('',(#6564),#6582,.T.);
#6564 = FACE_BOUND('',#6565,.F.);
#6565 = EDGE_LOOP('',(#6566,#6567,#6575,#6581));
#6566 = ORIENTED_EDGE('',*,*,#5874,.F.);
#6567 = ORIENTED_EDGE('',*,*,#6568,.T.);
#6568 = EDGE_CURVE('',#5867,#6569,#6571,.T.);
#6569 = VERTEX_POINT('',#6570);
#6570 = CARTESIAN_POINT('',(-3.937,2.286000021195,-12.7889));
#6571 = LINE('',#6572,#6573);
#6572 = CARTESIAN_POINT('',(-3.937,2.286000021195,-12.7));
#6573 = VECTOR('',#6574,1.);
#6574 = DIRECTION('',(0.,0.,-1.));
#6575 = ORIENTED_EDGE('',*,*,#6576,.T.);
#6576 = EDGE_CURVE('',#6569,#6545,#6577,.T.);
#6577 = LINE('',#6578,#6579);
#6578 = CARTESIAN_POINT('',(-3.937,2.286000021195,-12.7889));
#6579 = VECTOR('',#6580,1.);
#6580 = DIRECTION('',(0.,-1.,0.));
#6581 = ORIENTED_EDGE('',*,*,#6544,.F.);
#6582 = PLANE('',#6583);
#6583 = AXIS2_PLACEMENT_3D('',#6584,#6585,#6586);
#6584 = CARTESIAN_POINT('',(-3.937,2.286000021195,-12.7));
#6585 = DIRECTION('',(1.,0.,0.));
#6586 = DIRECTION('',(0.,-1.,0.));
#6587 = ADVANCED_FACE('',(#6588),#6606,.T.);
#6588 = FACE_BOUND('',#6589,.F.);
#6589 = EDGE_LOOP('',(#6590,#6591,#6599,#6605));
#6590 = ORIENTED_EDGE('',*,*,#5866,.F.);
#6591 = ORIENTED_EDGE('',*,*,#6592,.T.);
#6592 = EDGE_CURVE('',#5859,#6593,#6595,.T.);
#6593 = VERTEX_POINT('',#6594);
#6594 = CARTESIAN_POINT('',(-4.086225,2.4638,-12.7889));
#6595 = LINE('',#6596,#6597);
#6596 = CARTESIAN_POINT('',(-4.086225,2.4638,-12.7));
#6597 = VECTOR('',#6598,1.);
#6598 = DIRECTION('',(0.,0.,-1.));
#6599 = ORIENTED_EDGE('',*,*,#6600,.T.);
#6600 = EDGE_CURVE('',#6593,#6569,#6601,.T.);
#6601 = LINE('',#6602,#6603);
#6602 = CARTESIAN_POINT('',(-4.086225,2.4638,-12.7889));
#6603 = VECTOR('',#6604,1.);
#6604 = DIRECTION('',(0.642871293714,-0.765974216093,0.));
#6605 = ORIENTED_EDGE('',*,*,#6568,.F.);
#6606 = PLANE('',#6607);
#6607 = AXIS2_PLACEMENT_3D('',#6608,#6609,#6610);
#6608 = CARTESIAN_POINT('',(-4.086225,2.4638,-12.7));
#6609 = DIRECTION('',(0.765974216093,0.642871293714,0.));
#6610 = DIRECTION('',(0.642871293714,-0.765974216093,0.));
#6611 = ADVANCED_FACE('',(#6612),#6623,.T.);
#6612 = FACE_BOUND('',#6613,.F.);
#6613 = EDGE_LOOP('',(#6614,#6615,#6616,#6622));
#6614 = ORIENTED_EDGE('',*,*,#5858,.F.);
#6615 = ORIENTED_EDGE('',*,*,#6481,.T.);
#6616 = ORIENTED_EDGE('',*,*,#6617,.T.);
#6617 = EDGE_CURVE('',#6474,#6593,#6618,.T.);
#6618 = LINE('',#6619,#6620);
#6619 = CARTESIAN_POINT('',(-4.23545,2.4638,-12.7889));
#6620 = VECTOR('',#6621,1.);
#6621 = DIRECTION('',(1.,0.,0.));
#6622 = ORIENTED_EDGE('',*,*,#6592,.F.);
#6623 = PLANE('',#6624);
#6624 = AXIS2_PLACEMENT_3D('',#6625,#6626,#6627);
#6625 = CARTESIAN_POINT('',(-4.23545,2.4638,-12.7));
#6626 = DIRECTION('',(0.,1.,0.));
#6627 = DIRECTION('',(1.,0.,0.));
#6628 = ADVANCED_FACE('',(#6629),#6638,.T.);
#6629 = FACE_BOUND('',#6630,.F.);
#6630 = EDGE_LOOP('',(#6631,#6632,#6633,#6634,#6635,#6636,#6637));
#6631 = ORIENTED_EDGE('',*,*,#6473,.F.);
#6632 = ORIENTED_EDGE('',*,*,#6504,.F.);
#6633 = ORIENTED_EDGE('',*,*,#6528,.F.);
#6634 = ORIENTED_EDGE('',*,*,#6552,.F.);
#6635 = ORIENTED_EDGE('',*,*,#6576,.F.);
#6636 = ORIENTED_EDGE('',*,*,#6600,.F.);
#6637 = ORIENTED_EDGE('',*,*,#6617,.F.);
#6638 = PLANE('',#6639);
#6639 = AXIS2_PLACEMENT_3D('',#6640,#6641,#6642);
#6640 = CARTESIAN_POINT('',(0.,0.,-12.7889));
#6641 = DIRECTION('',(0.,0.,-1.));
#6642 = DIRECTION('',(-1.,0.,0.));
#6643 = ADVANCED_FACE('',(#6644),#6660,.T.);
#6644 = FACE_BOUND('',#6645,.F.);
#6645 = EDGE_LOOP('',(#6646,#6647,#6653,#6654));
#6646 = ORIENTED_EDGE('',*,*,#5072,.F.);
#6647 = ORIENTED_EDGE('',*,*,#6648,.T.);
#6648 = EDGE_CURVE('',#5073,#5456,#6649,.T.);
#6649 = LINE('',#6650,#6651);
#6650 = CARTESIAN_POINT('',(5.9817,-2.8702,-3.3274));
#6651 = VECTOR('',#6652,1.);
#6652 = DIRECTION('',(0.,-1.,0.));
#6653 = ORIENTED_EDGE('',*,*,#5455,.T.);
#6654 = ORIENTED_EDGE('',*,*,#6655,.F.);
#6655 = EDGE_CURVE('',#5075,#5458,#6656,.T.);
#6656 = LINE('',#6657,#6658);
#6657 = CARTESIAN_POINT('',(5.9817,-2.8702,-0.7874));
#6658 = VECTOR('',#6659,1.);
#6659 = DIRECTION('',(0.,-1.,0.));
#6660 = PLANE('',#6661);
#6661 = AXIS2_PLACEMENT_3D('',#6662,#6663,#6664);
#6662 = CARTESIAN_POINT('',(5.9817,-2.8702,-3.3274));
#6663 = DIRECTION('',(1.,0.,0.));
#6664 = DIRECTION('',(0.,0.,1.));
#6665 = ADVANCED_FACE('',(#6666),#6677,.T.);
#6666 = FACE_BOUND('',#6667,.F.);
#6667 = EDGE_LOOP('',(#6668,#6669,#6675,#6676));
#6668 = ORIENTED_EDGE('',*,*,#5098,.F.);
#6669 = ORIENTED_EDGE('',*,*,#6670,.T.);
#6670 = EDGE_CURVE('',#5091,#5466,#6671,.T.);
#6671 = LINE('',#6672,#6673);
#6672 = CARTESIAN_POINT('',(5.2197,-2.8702,-3.3274));
#6673 = VECTOR('',#6674,1.);
#6674 = DIRECTION('',(0.,-1.,0.));
#6675 = ORIENTED_EDGE('',*,*,#5465,.T.);
#6676 = ORIENTED_EDGE('',*,*,#6648,.F.);
#6677 = PLANE('',#6678);
#6678 = AXIS2_PLACEMENT_3D('',#6679,#6680,#6681);
#6679 = CARTESIAN_POINT('',(5.2197,-2.8702,-3.3274));
#6680 = DIRECTION('',(0.,0.,-1.));
#6681 = DIRECTION('',(1.,0.,0.));
#6682 = ADVANCED_FACE('',(#6683),#6694,.T.);
#6683 = FACE_BOUND('',#6684,.F.);
#6684 = EDGE_LOOP('',(#6685,#6686,#6692,#6693));
#6685 = ORIENTED_EDGE('',*,*,#5090,.F.);
#6686 = ORIENTED_EDGE('',*,*,#6687,.T.);
#6687 = EDGE_CURVE('',#5083,#5474,#6688,.T.);
#6688 = LINE('',#6689,#6690);
#6689 = CARTESIAN_POINT('',(5.2197,-2.8702,-0.7874));
#6690 = VECTOR('',#6691,1.);
#6691 = DIRECTION('',(0.,-1.,0.));
#6692 = ORIENTED_EDGE('',*,*,#5473,.T.);
#6693 = ORIENTED_EDGE('',*,*,#6670,.F.);
#6694 = PLANE('',#6695);
#6695 = AXIS2_PLACEMENT_3D('',#6696,#6697,#6698);
#6696 = CARTESIAN_POINT('',(5.2197,-2.8702,-0.7874));
#6697 = DIRECTION('',(-1.,0.,0.));
#6698 = DIRECTION('',(0.,0.,-1.));
#6699 = ADVANCED_FACE('',(#6700),#6706,.T.);
#6700 = FACE_BOUND('',#6701,.F.);
#6701 = EDGE_LOOP('',(#6702,#6703,#6704,#6705));
#6702 = ORIENTED_EDGE('',*,*,#5082,.F.);
#6703 = ORIENTED_EDGE('',*,*,#6655,.T.);
#6704 = ORIENTED_EDGE('',*,*,#5481,.T.);
#6705 = ORIENTED_EDGE('',*,*,#6687,.F.);
#6706 = PLANE('',#6707);
#6707 = AXIS2_PLACEMENT_3D('',#6708,#6709,#6710);
#6708 = CARTESIAN_POINT('',(5.9817,-2.8702,-0.7874));
#6709 = DIRECTION('',(0.,0.,1.));
#6710 = DIRECTION('',(-1.,0.,0.));
#6711 = ADVANCED_FACE('',(#6712),#6739,.F.);
#6712 = FACE_BOUND('',#6713,.F.);
#6713 = EDGE_LOOP('',(#6714,#6724,#6731,#6732));
#6714 = ORIENTED_EDGE('',*,*,#6715,.T.);
#6715 = EDGE_CURVE('',#6716,#6718,#6720,.T.);
#6716 = VERTEX_POINT('',#6717);
#6717 = CARTESIAN_POINT('',(0.762,-3.1242,-5.08));
#6718 = VERTEX_POINT('',#6719);
#6719 = CARTESIAN_POINT('',(0.762,-3.1242,-8.636));
#6720 = LINE('',#6721,#6722);
#6721 = CARTESIAN_POINT('',(0.762,-3.1242,-5.08));
#6722 = VECTOR('',#6723,1.);
#6723 = DIRECTION('',(0.,0.,-1.));
#6724 = ORIENTED_EDGE('',*,*,#6725,.T.);
#6725 = EDGE_CURVE('',#6718,#5143,#6726,.T.);
#6726 = CIRCLE('',#6727,0.254);
#6727 = AXIS2_PLACEMENT_3D('',#6728,#6729,#6730);
#6728 = CARTESIAN_POINT('',(0.508,-3.1242,-8.636));
#6729 = DIRECTION('',(0.,0.,1.));
#6730 = DIRECTION('',(1.,0.,-0.));
#6731 = ORIENTED_EDGE('',*,*,#5140,.F.);
#6732 = ORIENTED_EDGE('',*,*,#6733,.T.);
#6733 = EDGE_CURVE('',#5141,#6716,#6734,.T.);
#6734 = CIRCLE('',#6735,0.254);
#6735 = AXIS2_PLACEMENT_3D('',#6736,#6737,#6738);
#6736 = CARTESIAN_POINT('',(0.508,-3.1242,-5.08));
#6737 = DIRECTION('',(0.,0.,-1.));
#6738 = DIRECTION('',(0.,1.,0.));
#6739 = CYLINDRICAL_SURFACE('',#6740,0.254);
#6740 = AXIS2_PLACEMENT_3D('',#6741,#6742,#6743);
#6741 = CARTESIAN_POINT('',(0.508,-3.1242,19.17152376));
#6742 = DIRECTION('',(0.,0.,-1.));
#6743 = DIRECTION('',(0.,1.,0.));
#6744 = ADVANCED_FACE('',(#6745),#6794,.F.);
#6745 = FACE_BOUND('',#6746,.F.);
#6746 = EDGE_LOOP('',(#6747,#6755,#6767,#6775,#6787,#6793));
#6747 = ORIENTED_EDGE('',*,*,#6748,.T.);
#6748 = EDGE_CURVE('',#6716,#6749,#6751,.T.);
#6749 = VERTEX_POINT('',#6750);
#6750 = CARTESIAN_POINT('',(0.762,-6.973701000275,-5.08));
#6751 = LINE('',#6752,#6753);
#6752 = CARTESIAN_POINT('',(0.762,-3.1242,-5.08));
#6753 = VECTOR('',#6754,1.);
#6754 = DIRECTION('',(0.,-1.,0.));
#6755 = ORIENTED_EDGE('',*,*,#6756,.F.);
#6756 = EDGE_CURVE('',#6757,#6749,#6759,.T.);
#6757 = VERTEX_POINT('',#6758);
#6758 = CARTESIAN_POINT('',(0.762,-8.642101308066,-5.897295579019));
#6759 = B_SPLINE_CURVE_WITH_KNOTS('',3,(#6760,#6761,#6762,#6763,#6764,
    #6765,#6766),.UNSPECIFIED.,.F.,.F.,(4,1,1,1,4),(0.,0.25,0.5,0.75,1.)
  ,.QUASI_UNIFORM_KNOTS.);
#6760 = CARTESIAN_POINT('',(0.762,-8.642101308066,-5.897295579019));
#6761 = CARTESIAN_POINT('',(0.762,-8.528695178703,-5.835853713894));
#6762 = CARTESIAN_POINT('',(0.762,-8.288782653233,-5.710390877694));
#6763 = CARTESIAN_POINT('',(0.762,-7.890837059977,-5.512629303198));
#6764 = CARTESIAN_POINT('',(0.762,-7.454946046406,-5.30375590093));
#6765 = CARTESIAN_POINT('',(0.762,-7.138360850419,-5.15604236257));
#6766 = CARTESIAN_POINT('',(0.762,-6.973701000275,-5.08));
#6767 = ORIENTED_EDGE('',*,*,#6768,.F.);
#6768 = EDGE_CURVE('',#6769,#6757,#6771,.T.);
#6769 = VERTEX_POINT('',#6770);
#6770 = CARTESIAN_POINT('',(0.762,-8.642101308066,-7.818704420981));
#6771 = LINE('',#6772,#6773);
#6772 = CARTESIAN_POINT('',(0.762,-8.642101308066,-7.818704420981));
#6773 = VECTOR('',#6774,1.);
#6774 = DIRECTION('',(0.,0.,1.));
#6775 = ORIENTED_EDGE('',*,*,#6776,.F.);
#6776 = EDGE_CURVE('',#6777,#6769,#6779,.T.);
#6777 = VERTEX_POINT('',#6778);
#6778 = CARTESIAN_POINT('',(0.762,-6.973701000275,-8.636));
#6779 = B_SPLINE_CURVE_WITH_KNOTS('',3,(#6780,#6781,#6782,#6783,#6784,
    #6785,#6786),.UNSPECIFIED.,.F.,.F.,(4,1,1,1,4),(0.,0.25,0.5,0.75,1.)
  ,.QUASI_UNIFORM_KNOTS.);
#6780 = CARTESIAN_POINT('',(0.762,-6.973701000275,-8.636));
#6781 = CARTESIAN_POINT('',(0.762,-7.137576010598,-8.560320088108));
#6782 = CARTESIAN_POINT('',(0.762,-7.453001841254,-8.413156700873));
#6783 = CARTESIAN_POINT('',(0.762,-7.888395174466,-8.204559192158));
#6784 = CARTESIAN_POINT('',(0.762,-8.287014522729,-8.006515600327));
#6785 = CARTESIAN_POINT('',(0.762,-8.528001149764,-7.880522301341));
#6786 = CARTESIAN_POINT('',(0.762,-8.642101308066,-7.818704420981));
#6787 = ORIENTED_EDGE('',*,*,#6788,.T.);
#6788 = EDGE_CURVE('',#6777,#6718,#6789,.T.);
#6789 = LINE('',#6790,#6791);
#6790 = CARTESIAN_POINT('',(0.762,-6.973701000275,-8.636));
#6791 = VECTOR('',#6792,1.);
#6792 = DIRECTION('',(0.,1.,0.));
#6793 = ORIENTED_EDGE('',*,*,#6715,.F.);
#6794 = PLANE('',#6795);
#6795 = AXIS2_PLACEMENT_3D('',#6796,#6797,#6798);
#6796 = CARTESIAN_POINT('',(0.762,-8.8646,0.));
#6797 = DIRECTION('',(1.,0.,0.));
#6798 = DIRECTION('',(-0.,1.,0.));
#6799 = ADVANCED_FACE('',(#6800),#6889,.F.);
#6800 = FACE_BOUND('',#6801,.F.);
#6801 = EDGE_LOOP('',(#6802,#6812,#6828,#6829,#6838,#6846,#6858,#6866,
    #6874));
#6802 = ORIENTED_EDGE('',*,*,#6803,.F.);
#6803 = EDGE_CURVE('',#6804,#6806,#6808,.T.);
#6804 = VERTEX_POINT('',#6805);
#6805 = CARTESIAN_POINT('',(-0.78380712551,-3.1242,-5.08));
#6806 = VERTEX_POINT('',#6807);
#6807 = CARTESIAN_POINT('',(-0.78380712551,-5.4356,-5.08));
#6808 = LINE('',#6809,#6810);
#6809 = CARTESIAN_POINT('',(-0.78380712551,-3.1242,-5.08));
#6810 = VECTOR('',#6811,1.);
#6811 = DIRECTION('',(0.,-1.,0.));
#6812 = ORIENTED_EDGE('',*,*,#6813,.F.);
#6813 = EDGE_CURVE('',#5186,#6804,#6814,.T.);
#6814 = B_SPLINE_CURVE_WITH_KNOTS('',3,(#6815,#6816,#6817,#6818,#6819,
    #6820,#6821,#6822,#6823,#6824,#6825,#6826,#6827),.UNSPECIFIED.,.F.,
  .F.,(4,1,1,1,1,1,1,1,1,1,4),(0.,0.1,0.2,0.3,0.4,0.5,0.6,0.7,0.8,0.9,1.
    ),.QUASI_UNIFORM_KNOTS.);
#6815 = CARTESIAN_POINT('',(-1.290722437242,-2.8702,-5.08));
#6816 = CARTESIAN_POINT('',(-1.260048554639,-2.8702,-5.08));
#6817 = CARTESIAN_POINT('',(-1.201718623133,-2.87397858768,-5.08));
#6818 = CARTESIAN_POINT('',(-1.1234566723,-2.887054581418,-5.08));
#6819 = CARTESIAN_POINT('',(-1.053798433339,-2.905153259053,-5.08));
#6820 = CARTESIAN_POINT('',(-0.991923055014,-2.926879342234,-5.08));
#6821 = CARTESIAN_POINT('',(-0.936479111185,-2.951841116487,-5.08));
#6822 = CARTESIAN_POINT('',(-0.886827958151,-2.980277074416,-5.08));
#6823 = CARTESIAN_POINT('',(-0.844778135547,-3.011778904117,-5.08));
#6824 = CARTESIAN_POINT('',(-0.811937377096,-3.045586539319,-5.08));
#6825 = CARTESIAN_POINT('',(-0.788970780795,-3.08441644039,-5.08));
#6826 = CARTESIAN_POINT('',(-0.78380712551,-3.11070652687,-5.08));
#6827 = CARTESIAN_POINT('',(-0.78380712551,-3.1242,-5.08));
#6828 = ORIENTED_EDGE('',*,*,#5185,.T.);
#6829 = ORIENTED_EDGE('',*,*,#6830,.F.);
#6830 = EDGE_CURVE('',#6831,#5176,#6833,.T.);
#6831 = VERTEX_POINT('',#6832);
#6832 = CARTESIAN_POINT('',(-0.762,-3.1242,-5.08));
#6833 = CIRCLE('',#6834,0.254);
#6834 = AXIS2_PLACEMENT_3D('',#6835,#6836,#6837);
#6835 = CARTESIAN_POINT('',(-0.508,-3.1242,-5.08));
#6836 = DIRECTION('',(0.,0.,-1.));
#6837 = DIRECTION('',(-1.,0.,0.));
#6838 = ORIENTED_EDGE('',*,*,#6839,.T.);
#6839 = EDGE_CURVE('',#6831,#6840,#6842,.T.);
#6840 = VERTEX_POINT('',#6841);
#6841 = CARTESIAN_POINT('',(-0.762,-6.973701000275,-5.08));
#6842 = LINE('',#6843,#6844);
#6843 = CARTESIAN_POINT('',(-0.762,-3.1242,-5.08));
#6844 = VECTOR('',#6845,1.);
#6845 = DIRECTION('',(0.,-1.,0.));
#6846 = ORIENTED_EDGE('',*,*,#6847,.T.);
#6847 = EDGE_CURVE('',#6840,#6848,#6850,.T.);
#6848 = VERTEX_POINT('',#6849);
#6849 = CARTESIAN_POINT('',(-1.486835923194,-6.0706,-5.08));
#6850 = B_SPLINE_CURVE_WITH_KNOTS('',3,(#6851,#6852,#6853,#6854,#6855,
    #6856,#6857),.UNSPECIFIED.,.F.,.F.,(4,1,1,1,4),(0.,0.25,0.5,0.75,1.)
  ,.QUASI_UNIFORM_KNOTS.);
#6851 = CARTESIAN_POINT('',(-0.762,-6.973701000275,-5.08));
#6852 = CARTESIAN_POINT('',(-0.820080475415,-6.919801406559,-5.08));
#6853 = CARTESIAN_POINT('',(-0.936948661877,-6.800941875991,-5.08));
#6854 = CARTESIAN_POINT('',(-1.115317830424,-6.590630342561,-5.08));
#6855 = CARTESIAN_POINT('',(-1.297805089821,-6.349000036379,-5.08));
#6856 = CARTESIAN_POINT('',(-1.42315893449,-6.166833669025,-5.08));
#6857 = CARTESIAN_POINT('',(-1.486835923194,-6.0706,-5.08));
#6858 = ORIENTED_EDGE('',*,*,#6859,.F.);
#6859 = EDGE_CURVE('',#6860,#6848,#6862,.T.);
#6860 = VERTEX_POINT('',#6861);
#6861 = CARTESIAN_POINT('',(-1.486835923194,-5.5626,-5.08));
#6862 = LINE('',#6863,#6864);
#6863 = CARTESIAN_POINT('',(-1.486835923194,-5.5626,-5.08));
#6864 = VECTOR('',#6865,1.);
#6865 = DIRECTION('',(0.,-1.,0.));
#6866 = ORIENTED_EDGE('',*,*,#6867,.T.);
#6867 = EDGE_CURVE('',#6860,#6868,#6870,.T.);
#6868 = VERTEX_POINT('',#6869);
#6869 = CARTESIAN_POINT('',(-1.060202815503,-5.5626,-5.08));
#6870 = LINE('',#6871,#6872);
#6871 = CARTESIAN_POINT('',(-1.486835923194,-5.5626,-5.08));
#6872 = VECTOR('',#6873,1.);
#6873 = DIRECTION('',(1.,0.,-2.827127740925E-12));
#6874 = ORIENTED_EDGE('',*,*,#6875,.F.);
#6875 = EDGE_CURVE('',#6806,#6868,#6876,.T.);
#6876 = B_SPLINE_CURVE_WITH_KNOTS('',3,(#6877,#6878,#6879,#6880,#6881,
    #6882,#6883,#6884,#6885,#6886,#6887,#6888),.UNSPECIFIED.,.F.,.F.,(4,
    1,1,1,1,1,1,1,1,4),(0.,0.111111111111,0.222222222222,0.333333333333,
    0.444444444444,0.555555555556,0.666666666667,0.777777777778,
    0.888888888889,1.),.UNSPECIFIED.);
#6877 = CARTESIAN_POINT('',(-0.78380712551,-5.4356,-5.08));
#6878 = CARTESIAN_POINT('',(-0.78380712551,-5.444073932382,-5.08));
#6879 = CARTESIAN_POINT('',(-0.787903320474,-5.460219413704,-5.08));
#6880 = CARTESIAN_POINT('',(-0.804323352784,-5.482643612404,-5.08));
#6881 = CARTESIAN_POINT('',(-0.827131795187,-5.501595929639,-5.08));
#6882 = CARTESIAN_POINT('',(-0.855759419036,-5.518491708624,-5.08));
#6883 = CARTESIAN_POINT('',(-0.888048380358,-5.532628970778,-5.08));
#6884 = CARTESIAN_POINT('',(-0.923911194317,-5.544457774182,-5.08));
#6885 = CARTESIAN_POINT('',(-0.96418249974,-5.554012468462,-5.08));
#6886 = CARTESIAN_POINT('',(-1.009277462352,-5.560723994142,
    -5.079999999999));
#6887 = CARTESIAN_POINT('',(-1.042677185966,-5.5626,-5.080000000001));
#6888 = CARTESIAN_POINT('',(-1.060202815502,-5.5626,-5.080000000001));
#6889 = PLANE('',#6890);
#6890 = AXIS2_PLACEMENT_3D('',#6891,#6892,#6893);
#6891 = CARTESIAN_POINT('',(8.52678,-2.8702,-5.08));
#6892 = DIRECTION('',(0.,0.,-1.));
#6893 = DIRECTION('',(0.,-1.,0.));
#6894 = ADVANCED_FACE('',(#6895),#6969,.F.);
#6895 = FACE_BOUND('',#6896,.F.);
#6896 = EDGE_LOOP('',(#6897,#6898,#6916,#6924,#6941,#6949,#6957,#6967,
    #6968));
#6897 = ORIENTED_EDGE('',*,*,#5167,.T.);
#6898 = ORIENTED_EDGE('',*,*,#6899,.F.);
#6899 = EDGE_CURVE('',#6900,#5159,#6902,.T.);
#6900 = VERTEX_POINT('',#6901);
#6901 = CARTESIAN_POINT('',(0.78380712551,-3.1242,-5.08));
#6902 = B_SPLINE_CURVE_WITH_KNOTS('',3,(#6903,#6904,#6905,#6906,#6907,
    #6908,#6909,#6910,#6911,#6912,#6913,#6914,#6915),.UNSPECIFIED.,.F.,
  .F.,(4,1,1,1,1,1,1,1,1,1,4),(0.,0.1,0.2,0.3,0.4,0.5,0.6,0.7,0.8,0.9,1.
    ),.QUASI_UNIFORM_KNOTS.);
#6903 = CARTESIAN_POINT('',(0.78380712551,-3.1242,-5.08));
#6904 = CARTESIAN_POINT('',(0.78380712551,-3.110625446599,-5.08));
#6905 = CARTESIAN_POINT('',(0.789104821851,-3.084259198584,-5.08));
#6906 = CARTESIAN_POINT('',(0.811473096464,-3.046246002632,-5.08));
#6907 = CARTESIAN_POINT('',(0.844315534354,-3.012134642277,-5.08));
#6908 = CARTESIAN_POINT('',(0.886623967286,-2.980401203063,-5.08));
#6909 = CARTESIAN_POINT('',(0.936362249797,-2.951900978321,-5.08));
#6910 = CARTESIAN_POINT('',(0.991679638466,-2.926980670877,-5.08));
#6911 = CARTESIAN_POINT('',(1.053470498982,-2.90525284896,-5.08));
#6912 = CARTESIAN_POINT('',(1.123174489584,-2.887111630212,-5.08));
#6913 = CARTESIAN_POINT('',(1.201550854901,-2.873993386405,-5.08));
#6914 = CARTESIAN_POINT('',(1.25998675257,-2.8702,-5.08));
#6915 = CARTESIAN_POINT('',(1.290722437242,-2.8702,-5.08));
#6916 = ORIENTED_EDGE('',*,*,#6917,.T.);
#6917 = EDGE_CURVE('',#6900,#6918,#6920,.T.);
#6918 = VERTEX_POINT('',#6919);
#6919 = CARTESIAN_POINT('',(0.78380712551,-5.4356,-5.08));
#6920 = LINE('',#6921,#6922);
#6921 = CARTESIAN_POINT('',(0.78380712551,-3.1242,-5.08));
#6922 = VECTOR('',#6923,1.);
#6923 = DIRECTION('',(0.,-1.,0.));
#6924 = ORIENTED_EDGE('',*,*,#6925,.F.);
#6925 = EDGE_CURVE('',#6926,#6918,#6928,.T.);
#6926 = VERTEX_POINT('',#6927);
#6927 = CARTESIAN_POINT('',(1.060202815503,-5.5626,-5.08));
#6928 = B_SPLINE_CURVE_WITH_KNOTS('',3,(#6929,#6930,#6931,#6932,#6933,
    #6934,#6935,#6936,#6937,#6938,#6939,#6940),.UNSPECIFIED.,.F.,.F.,(4,
    1,1,1,1,1,1,1,1,4),(0.,0.111111111111,0.222222222222,0.333333333333,
    0.444444444444,0.555555555556,0.666666666667,0.777777777778,
    0.888888888889,1.),.UNSPECIFIED.);
#6929 = CARTESIAN_POINT('',(1.060202815501,-5.5626,-5.080000000003));
#6930 = CARTESIAN_POINT('',(1.042753878987,-5.562599999999,
    -5.080000000003));
#6931 = CARTESIAN_POINT('',(1.009478368385,-5.560740166311,
    -5.079999999998));
#6932 = CARTESIAN_POINT('',(0.964476079045,-5.554066854167,-5.08));
#6933 = CARTESIAN_POINT('',(0.924223256644,-5.544545068822,-5.08));
#6934 = CARTESIAN_POINT('',(0.888315541599,-5.532732859736,-5.08));
#6935 = CARTESIAN_POINT('',(0.855948830845,-5.518586651236,-5.08));
#6936 = CARTESIAN_POINT('',(0.82735642045,-5.501747073045,-5.08));
#6937 = CARTESIAN_POINT('',(0.804472864152,-5.482807993311,-5.08));
#6938 = CARTESIAN_POINT('',(0.787926443101,-5.460296919458,-5.08));
#6939 = CARTESIAN_POINT('',(0.78380712551,-5.444102544442,-5.08));
#6940 = CARTESIAN_POINT('',(0.78380712551,-5.4356,-5.08));
#6941 = ORIENTED_EDGE('',*,*,#6942,.T.);
#6942 = EDGE_CURVE('',#6926,#6943,#6945,.T.);
#6943 = VERTEX_POINT('',#6944);
#6944 = CARTESIAN_POINT('',(1.486835923194,-5.5626,-5.08));
#6945 = LINE('',#6946,#6947);
#6946 = CARTESIAN_POINT('',(1.060202815501,-5.5626,-5.080000000003));
#6947 = VECTOR('',#6948,1.);
#6948 = DIRECTION('',(1.,0.,7.956761580105E-12));
#6949 = ORIENTED_EDGE('',*,*,#6950,.T.);
#6950 = EDGE_CURVE('',#6943,#6951,#6953,.T.);
#6951 = VERTEX_POINT('',#6952);
#6952 = CARTESIAN_POINT('',(1.486835923194,-6.0706,-5.08));
#6953 = LINE('',#6954,#6955);
#6954 = CARTESIAN_POINT('',(1.486835923194,-5.5626,-5.08));
#6955 = VECTOR('',#6956,1.);
#6956 = DIRECTION('',(0.,-1.,0.));
#6957 = ORIENTED_EDGE('',*,*,#6958,.T.);
#6958 = EDGE_CURVE('',#6951,#6749,#6959,.T.);
#6959 = B_SPLINE_CURVE_WITH_KNOTS('',3,(#6960,#6961,#6962,#6963,#6964,
    #6965,#6966),.UNSPECIFIED.,.F.,.F.,(4,1,1,1,4),(0.,0.25,0.5,0.75,1.)
  ,.QUASI_UNIFORM_KNOTS.);
#6960 = CARTESIAN_POINT('',(1.486835923194,-6.0706,-5.08));
#6961 = CARTESIAN_POINT('',(1.423145212279,-6.166854407109,-5.08));
#6962 = CARTESIAN_POINT('',(1.297769940588,-6.34904970875,-5.08));
#6963 = CARTESIAN_POINT('',(1.115278654476,-6.590679371348,-5.08));
#6964 = CARTESIAN_POINT('',(0.936917814282,-6.800975002892,-5.08));
#6965 = CARTESIAN_POINT('',(0.820067589493,-6.919813364897,-5.08));
#6966 = CARTESIAN_POINT('',(0.762,-6.973701000275,-5.08));
#6967 = ORIENTED_EDGE('',*,*,#6748,.F.);
#6968 = ORIENTED_EDGE('',*,*,#6733,.F.);
#6969 = PLANE('',#6970);
#6970 = AXIS2_PLACEMENT_3D('',#6971,#6972,#6973);
#6971 = CARTESIAN_POINT('',(8.52678,-2.8702,-5.08));
#6972 = DIRECTION('',(0.,0.,-1.));
#6973 = DIRECTION('',(0.,-1.,0.));
#6974 = ADVANCED_FACE('',(#6975),#7002,.T.);
#6975 = FACE_BOUND('',#6976,.T.);
#6976 = EDGE_LOOP('',(#6977,#6987,#6994,#6995));
#6977 = ORIENTED_EDGE('',*,*,#6978,.T.);
#6978 = EDGE_CURVE('',#6979,#6981,#6983,.T.);
#6979 = VERTEX_POINT('',#6980);
#6980 = CARTESIAN_POINT('',(-0.78380712551,-3.1242,-8.636));
#6981 = VERTEX_POINT('',#6982);
#6982 = CARTESIAN_POINT('',(-0.78380712551,-5.4356,-8.636));
#6983 = LINE('',#6984,#6985);
#6984 = CARTESIAN_POINT('',(-0.78380712551,-3.1242,-8.636));
#6985 = VECTOR('',#6986,1.);
#6986 = DIRECTION('',(0.,-1.,0.));
#6987 = ORIENTED_EDGE('',*,*,#6988,.T.);
#6988 = EDGE_CURVE('',#6981,#6806,#6989,.T.);
#6989 = CIRCLE('',#6990,1.9431);
#6990 = AXIS2_PLACEMENT_3D('',#6991,#6992,#6993);
#6991 = CARTESIAN_POINT('',(0.,-5.4356,-6.858));
#6992 = DIRECTION('',(0.,1.,0.));
#6993 = DIRECTION('',(-0.403379715666,0.,-0.915032679739));
#6994 = ORIENTED_EDGE('',*,*,#6803,.F.);
#6995 = ORIENTED_EDGE('',*,*,#6996,.T.);
#6996 = EDGE_CURVE('',#6804,#6979,#6997,.T.);
#6997 = CIRCLE('',#6998,1.9431);
#6998 = AXIS2_PLACEMENT_3D('',#6999,#7000,#7001);
#6999 = CARTESIAN_POINT('',(0.,-3.1242,-6.858));
#7000 = DIRECTION('',(0.,-1.,0.));
#7001 = DIRECTION('',(-0.403379715666,0.,0.915032679739));
#7002 = CYLINDRICAL_SURFACE('',#7003,1.9431);
#7003 = AXIS2_PLACEMENT_3D('',#7004,#7005,#7006);
#7004 = CARTESIAN_POINT('',(0.,-2.57048,-6.858));
#7005 = DIRECTION('',(0.,-1.,0.));
#7006 = DIRECTION('',(0.,0.,-1.));
#7007 = ADVANCED_FACE('',(#7008),#7029,.F.);
#7008 = FACE_BOUND('',#7009,.F.);
#7009 = EDGE_LOOP('',(#7010,#7011,#7027,#7028));
#7010 = ORIENTED_EDGE('',*,*,#6996,.T.);
#7011 = ORIENTED_EDGE('',*,*,#7012,.T.);
#7012 = EDGE_CURVE('',#6979,#5194,#7013,.T.);
#7013 = B_SPLINE_CURVE_WITH_KNOTS('',3,(#7014,#7015,#7016,#7017,#7018,
    #7019,#7020,#7021,#7022,#7023,#7024,#7025,#7026),.UNSPECIFIED.,.F.,
  .F.,(4,1,1,1,1,1,1,1,1,1,4),(0.,0.1,0.2,0.3,0.4,0.5,0.6,0.7,0.8,0.9,1.
    ),.QUASI_UNIFORM_KNOTS.);
#7014 = CARTESIAN_POINT('',(-0.78380712551,-3.1242,-8.636));
#7015 = CARTESIAN_POINT('',(-0.78380712551,-3.110625446599,-8.636));
#7016 = CARTESIAN_POINT('',(-0.789104821851,-3.084259198584,-8.636));
#7017 = CARTESIAN_POINT('',(-0.811473096464,-3.046246002632,-8.636));
#7018 = CARTESIAN_POINT('',(-0.844315534354,-3.012134642277,-8.636));
#7019 = CARTESIAN_POINT('',(-0.886623967286,-2.980401203063,-8.636));
#7020 = CARTESIAN_POINT('',(-0.936362249797,-2.951900978321,-8.636));
#7021 = CARTESIAN_POINT('',(-0.991679638466,-2.926980670877,-8.636));
#7022 = CARTESIAN_POINT('',(-1.053470498982,-2.90525284896,-8.636));
#7023 = CARTESIAN_POINT('',(-1.123174489584,-2.887111630212,-8.636));
#7024 = CARTESIAN_POINT('',(-1.201550854901,-2.873993386405,-8.636));
#7025 = CARTESIAN_POINT('',(-1.25998675257,-2.8702,-8.636));
#7026 = CARTESIAN_POINT('',(-1.290722437242,-2.8702,-8.636));
#7027 = ORIENTED_EDGE('',*,*,#5193,.T.);
#7028 = ORIENTED_EDGE('',*,*,#6813,.T.);
#7029 = TOROIDAL_SURFACE('',#7030,2.1971,0.254);
#7030 = AXIS2_PLACEMENT_3D('',#7031,#7032,#7033);
#7031 = CARTESIAN_POINT('',(0.,-3.1242,-6.858));
#7032 = DIRECTION('',(0.,-1.,0.));
#7033 = DIRECTION('',(0.999998895961,0.,1.485959642859E-03));
#7034 = ADVANCED_FACE('',(#7035),#7100,.F.);
#7035 = FACE_BOUND('',#7036,.F.);
#7036 = EDGE_LOOP('',(#7037,#7038,#7039,#7040,#7057,#7065,#7073,#7085,
    #7093));
#7037 = ORIENTED_EDGE('',*,*,#5202,.T.);
#7038 = ORIENTED_EDGE('',*,*,#7012,.F.);
#7039 = ORIENTED_EDGE('',*,*,#6978,.T.);
#7040 = ORIENTED_EDGE('',*,*,#7041,.F.);
#7041 = EDGE_CURVE('',#7042,#6981,#7044,.T.);
#7042 = VERTEX_POINT('',#7043);
#7043 = CARTESIAN_POINT('',(-1.060202815503,-5.5626,-8.636));
#7044 = B_SPLINE_CURVE_WITH_KNOTS('',3,(#7045,#7046,#7047,#7048,#7049,
    #7050,#7051,#7052,#7053,#7054,#7055,#7056),.UNSPECIFIED.,.F.,.F.,(4,
    1,1,1,1,1,1,1,1,4),(0.,0.111111111111,0.222222222222,0.333333333333,
    0.444444444444,0.555555555556,0.666666666667,0.777777777778,
    0.888888888889,1.),.UNSPECIFIED.);
#7045 = CARTESIAN_POINT('',(-1.060202815501,-5.5626,-8.635999999997));
#7046 = CARTESIAN_POINT('',(-1.042753878988,-5.562599999999,
    -8.635999999997));
#7047 = CARTESIAN_POINT('',(-1.009478368386,-5.560740166311,
    -8.636000000001));
#7048 = CARTESIAN_POINT('',(-0.964476079046,-5.554066854167,-8.636));
#7049 = CARTESIAN_POINT('',(-0.924223256644,-5.544545068823,-8.636));
#7050 = CARTESIAN_POINT('',(-0.888315541599,-5.532732859736,-8.636));
#7051 = CARTESIAN_POINT('',(-0.855948830846,-5.518586651236,-8.636));
#7052 = CARTESIAN_POINT('',(-0.82735642045,-5.501747073045,-8.636));
#7053 = CARTESIAN_POINT('',(-0.804472864152,-5.482807993312,-8.636));
#7054 = CARTESIAN_POINT('',(-0.787926443101,-5.460296919458,-8.636));
#7055 = CARTESIAN_POINT('',(-0.78380712551,-5.444102544442,-8.636));
#7056 = CARTESIAN_POINT('',(-0.78380712551,-5.4356,-8.636));
#7057 = ORIENTED_EDGE('',*,*,#7058,.F.);
#7058 = EDGE_CURVE('',#7059,#7042,#7061,.T.);
#7059 = VERTEX_POINT('',#7060);
#7060 = CARTESIAN_POINT('',(-1.486835923194,-5.5626,-8.636));
#7061 = LINE('',#7062,#7063);
#7062 = CARTESIAN_POINT('',(-1.486835923194,-5.5626,-8.636));
#7063 = VECTOR('',#7064,1.);
#7064 = DIRECTION('',(1.,0.,6.366241996856E-12));
#7065 = ORIENTED_EDGE('',*,*,#7066,.T.);
#7066 = EDGE_CURVE('',#7059,#7067,#7069,.T.);
#7067 = VERTEX_POINT('',#7068);
#7068 = CARTESIAN_POINT('',(-1.486835923194,-6.0706,-8.636));
#7069 = LINE('',#7070,#7071);
#7070 = CARTESIAN_POINT('',(-1.486835923194,-5.5626,-8.636));
#7071 = VECTOR('',#7072,1.);
#7072 = DIRECTION('',(0.,-1.,0.));
#7073 = ORIENTED_EDGE('',*,*,#7074,.T.);
#7074 = EDGE_CURVE('',#7067,#7075,#7077,.T.);
#7075 = VERTEX_POINT('',#7076);
#7076 = CARTESIAN_POINT('',(-0.762,-6.973701000275,-8.636));
#7077 = B_SPLINE_CURVE_WITH_KNOTS('',3,(#7078,#7079,#7080,#7081,#7082,
    #7083,#7084),.UNSPECIFIED.,.F.,.F.,(4,1,1,1,4),(0.,0.25,0.5,0.75,1.)
  ,.QUASI_UNIFORM_KNOTS.);
#7078 = CARTESIAN_POINT('',(-1.486835923194,-6.0706,-8.636));
#7079 = CARTESIAN_POINT('',(-1.423145212279,-6.166854407109,-8.636));
#7080 = CARTESIAN_POINT('',(-1.297769940588,-6.34904970875,-8.636));
#7081 = CARTESIAN_POINT('',(-1.115278654476,-6.590679371348,-8.636));
#7082 = CARTESIAN_POINT('',(-0.936917814282,-6.800975002892,-8.636));
#7083 = CARTESIAN_POINT('',(-0.820067589493,-6.919813364897,-8.636));
#7084 = CARTESIAN_POINT('',(-0.762,-6.973701000275,-8.636));
#7085 = ORIENTED_EDGE('',*,*,#7086,.T.);
#7086 = EDGE_CURVE('',#7075,#7087,#7089,.T.);
#7087 = VERTEX_POINT('',#7088);
#7088 = CARTESIAN_POINT('',(-0.762,-3.1242,-8.636));
#7089 = LINE('',#7090,#7091);
#7090 = CARTESIAN_POINT('',(-0.762,-6.973701000275,-8.636));
#7091 = VECTOR('',#7092,1.);
#7092 = DIRECTION('',(0.,1.,0.));
#7093 = ORIENTED_EDGE('',*,*,#7094,.F.);
#7094 = EDGE_CURVE('',#5178,#7087,#7095,.T.);
#7095 = CIRCLE('',#7096,0.254);
#7096 = AXIS2_PLACEMENT_3D('',#7097,#7098,#7099);
#7097 = CARTESIAN_POINT('',(-0.508,-3.1242,-8.636));
#7098 = DIRECTION('',(0.,-0.,1.));
#7099 = DIRECTION('',(0.,1.,0.));
#7100 = PLANE('',#7101);
#7101 = AXIS2_PLACEMENT_3D('',#7102,#7103,#7104);
#7102 = CARTESIAN_POINT('',(8.52678,-8.8646,-8.636));
#7103 = DIRECTION('',(0.,0.,1.));
#7104 = DIRECTION('',(0.,1.,0.));
#7105 = ADVANCED_FACE('',(#7106),#7180,.F.);
#7106 = FACE_BOUND('',#7107,.F.);
#7107 = EDGE_LOOP('',(#7108,#7118,#7134,#7135,#7136,#7137,#7149,#7157,
    #7165));
#7108 = ORIENTED_EDGE('',*,*,#7109,.F.);
#7109 = EDGE_CURVE('',#7110,#7112,#7114,.T.);
#7110 = VERTEX_POINT('',#7111);
#7111 = CARTESIAN_POINT('',(0.78380712551,-3.1242,-8.636));
#7112 = VERTEX_POINT('',#7113);
#7113 = CARTESIAN_POINT('',(0.78380712551,-5.4356,-8.636));
#7114 = LINE('',#7115,#7116);
#7115 = CARTESIAN_POINT('',(0.78380712551,-3.1242,-8.636));
#7116 = VECTOR('',#7117,1.);
#7117 = DIRECTION('',(0.,-1.,0.));
#7118 = ORIENTED_EDGE('',*,*,#7119,.F.);
#7119 = EDGE_CURVE('',#5151,#7110,#7120,.T.);
#7120 = B_SPLINE_CURVE_WITH_KNOTS('',3,(#7121,#7122,#7123,#7124,#7125,
    #7126,#7127,#7128,#7129,#7130,#7131,#7132,#7133),.UNSPECIFIED.,.F.,
  .F.,(4,1,1,1,1,1,1,1,1,1,4),(0.,0.1,0.2,0.3,0.4,0.5,0.6,0.7,0.8,0.9,1.
    ),.QUASI_UNIFORM_KNOTS.);
#7121 = CARTESIAN_POINT('',(1.290722437242,-2.8702,-8.636));
#7122 = CARTESIAN_POINT('',(1.260048554639,-2.8702,-8.636));
#7123 = CARTESIAN_POINT('',(1.201718623133,-2.87397858768,-8.636));
#7124 = CARTESIAN_POINT('',(1.1234566723,-2.887054581418,-8.636));
#7125 = CARTESIAN_POINT('',(1.053798433339,-2.905153259053,-8.636));
#7126 = CARTESIAN_POINT('',(0.991923055014,-2.926879342234,-8.636));
#7127 = CARTESIAN_POINT('',(0.936479111185,-2.951841116487,-8.636));
#7128 = CARTESIAN_POINT('',(0.886827958151,-2.980277074416,-8.636));
#7129 = CARTESIAN_POINT('',(0.844778135547,-3.011778904117,-8.636));
#7130 = CARTESIAN_POINT('',(0.811937377096,-3.045586539319,-8.636));
#7131 = CARTESIAN_POINT('',(0.788970780795,-3.08441644039,-8.636));
#7132 = CARTESIAN_POINT('',(0.78380712551,-3.11070652687,-8.636));
#7133 = CARTESIAN_POINT('',(0.78380712551,-3.1242,-8.636));
#7134 = ORIENTED_EDGE('',*,*,#5150,.T.);
#7135 = ORIENTED_EDGE('',*,*,#6725,.F.);
#7136 = ORIENTED_EDGE('',*,*,#6788,.F.);
#7137 = ORIENTED_EDGE('',*,*,#7138,.T.);
#7138 = EDGE_CURVE('',#6777,#7139,#7141,.T.);
#7139 = VERTEX_POINT('',#7140);
#7140 = CARTESIAN_POINT('',(1.486835923194,-6.0706,-8.636));
#7141 = B_SPLINE_CURVE_WITH_KNOTS('',3,(#7142,#7143,#7144,#7145,#7146,
    #7147,#7148),.UNSPECIFIED.,.F.,.F.,(4,1,1,1,4),(0.,0.25,0.5,0.75,1.)
  ,.QUASI_UNIFORM_KNOTS.);
#7142 = CARTESIAN_POINT('',(0.762,-6.973701000275,-8.636));
#7143 = CARTESIAN_POINT('',(0.820080475415,-6.919801406559,-8.636));
#7144 = CARTESIAN_POINT('',(0.936948661877,-6.800941875991,-8.636));
#7145 = CARTESIAN_POINT('',(1.115317830424,-6.590630342561,-8.636));
#7146 = CARTESIAN_POINT('',(1.297805089821,-6.349000036379,-8.636));
#7147 = CARTESIAN_POINT('',(1.42315893449,-6.166833669025,-8.636));
#7148 = CARTESIAN_POINT('',(1.486835923194,-6.0706,-8.636));
#7149 = ORIENTED_EDGE('',*,*,#7150,.F.);
#7150 = EDGE_CURVE('',#7151,#7139,#7153,.T.);
#7151 = VERTEX_POINT('',#7152);
#7152 = CARTESIAN_POINT('',(1.486835923194,-5.5626,-8.636));
#7153 = LINE('',#7154,#7155);
#7154 = CARTESIAN_POINT('',(1.486835923194,-5.5626,-8.636));
#7155 = VECTOR('',#7156,1.);
#7156 = DIRECTION('',(0.,-1.,0.));
#7157 = ORIENTED_EDGE('',*,*,#7158,.F.);
#7158 = EDGE_CURVE('',#7159,#7151,#7161,.T.);
#7159 = VERTEX_POINT('',#7160);
#7160 = CARTESIAN_POINT('',(1.060202815503,-5.5626,-8.636));
#7161 = LINE('',#7162,#7163);
#7162 = CARTESIAN_POINT('',(1.060202815502,-5.5626,-8.635999999999));
#7163 = VECTOR('',#7164,1.);
#7164 = DIRECTION('',(1.,0.,-2.015213293974E-12));
#7165 = ORIENTED_EDGE('',*,*,#7166,.F.);
#7166 = EDGE_CURVE('',#7112,#7159,#7167,.T.);
#7167 = B_SPLINE_CURVE_WITH_KNOTS('',3,(#7168,#7169,#7170,#7171,#7172,
    #7173,#7174,#7175,#7176,#7177,#7178,#7179),.UNSPECIFIED.,.F.,.F.,(4,
    1,1,1,1,1,1,1,1,4),(0.,0.111111111111,0.222222222222,0.333333333333,
    0.444444444444,0.555555555556,0.666666666667,0.777777777778,
    0.888888888889,1.),.UNSPECIFIED.);
#7168 = CARTESIAN_POINT('',(0.78380712551,-5.4356,-8.636));
#7169 = CARTESIAN_POINT('',(0.78380712551,-5.444073932382,-8.636));
#7170 = CARTESIAN_POINT('',(0.787903320474,-5.460219413704,-8.636));
#7171 = CARTESIAN_POINT('',(0.804323352784,-5.482643612404,-8.636));
#7172 = CARTESIAN_POINT('',(0.827131795187,-5.501595929639,-8.636));
#7173 = CARTESIAN_POINT('',(0.855759419036,-5.518491708624,-8.636));
#7174 = CARTESIAN_POINT('',(0.888048380358,-5.532628970778,-8.636));
#7175 = CARTESIAN_POINT('',(0.923911194317,-5.544457774182,-8.636));
#7176 = CARTESIAN_POINT('',(0.964182499741,-5.554012468462,-8.636));
#7177 = CARTESIAN_POINT('',(1.009277462352,-5.560723994142,-8.636));
#7178 = CARTESIAN_POINT('',(1.042677185966,-5.5626,-8.635999999999));
#7179 = CARTESIAN_POINT('',(1.060202815502,-5.5626,-8.635999999999));
#7180 = PLANE('',#7181);
#7181 = AXIS2_PLACEMENT_3D('',#7182,#7183,#7184);
#7182 = CARTESIAN_POINT('',(8.52678,-8.8646,-8.636));
#7183 = DIRECTION('',(0.,0.,1.));
#7184 = DIRECTION('',(0.,1.,0.));
#7185 = ADVANCED_FACE('',(#7186),#7198,.F.);
#7186 = FACE_BOUND('',#7187,.F.);
#7187 = EDGE_LOOP('',(#7188,#7195,#7196,#7197));
#7188 = ORIENTED_EDGE('',*,*,#7189,.F.);
#7189 = EDGE_CURVE('',#7042,#6868,#7190,.T.);
#7190 = CIRCLE('',#7191,2.0701);
#7191 = AXIS2_PLACEMENT_3D('',#7192,#7193,#7194);
#7192 = CARTESIAN_POINT('',(0.,-5.5626,-6.858));
#7193 = DIRECTION('',(0.,1.,0.));
#7194 = DIRECTION('',(-0.512150531618,0.,-0.858895705521));
#7195 = ORIENTED_EDGE('',*,*,#7041,.T.);
#7196 = ORIENTED_EDGE('',*,*,#6988,.T.);
#7197 = ORIENTED_EDGE('',*,*,#6875,.T.);
#7198 = TOROIDAL_SURFACE('',#7199,2.0701,0.127);
#7199 = AXIS2_PLACEMENT_3D('',#7200,#7201,#7202);
#7200 = CARTESIAN_POINT('',(0.,-5.4356,-6.858));
#7201 = DIRECTION('',(0.,-1.,0.));
#7202 = DIRECTION('',(0.999999564444,0.,-9.333331978286E-04));
#7203 = ADVANCED_FACE('',(#7204),#7216,.F.);
#7204 = FACE_BOUND('',#7205,.F.);
#7205 = EDGE_LOOP('',(#7206,#7207,#7208,#7215));
#7206 = ORIENTED_EDGE('',*,*,#7189,.T.);
#7207 = ORIENTED_EDGE('',*,*,#6867,.F.);
#7208 = ORIENTED_EDGE('',*,*,#7209,.F.);
#7209 = EDGE_CURVE('',#7059,#6860,#7210,.T.);
#7210 = CIRCLE('',#7211,2.31775);
#7211 = AXIS2_PLACEMENT_3D('',#7212,#7213,#7214);
#7212 = CARTESIAN_POINT('',(0.,-5.5626,-6.858));
#7213 = DIRECTION('',(0.,1.,0.));
#7214 = DIRECTION('',(-0.641499697204,0.,-0.767123287671));
#7215 = ORIENTED_EDGE('',*,*,#7058,.T.);
#7216 = PLANE('',#7217);
#7217 = AXIS2_PLACEMENT_3D('',#7218,#7219,#7220);
#7218 = CARTESIAN_POINT('',(0.,-5.5626,-6.858));
#7219 = DIRECTION('',(0.,-1.,0.));
#7220 = DIRECTION('',(0.,0.,-1.));
#7221 = ADVANCED_FACE('',(#7222),#7240,.F.);
#7222 = FACE_BOUND('',#7223,.F.);
#7223 = EDGE_LOOP('',(#7224,#7231,#7232,#7239));
#7224 = ORIENTED_EDGE('',*,*,#7225,.T.);
#7225 = EDGE_CURVE('',#6926,#7159,#7226,.T.);
#7226 = CIRCLE('',#7227,2.0701);
#7227 = AXIS2_PLACEMENT_3D('',#7228,#7229,#7230);
#7228 = CARTESIAN_POINT('',(0.,-5.5626,-6.858));
#7229 = DIRECTION('',(0.,1.,0.));
#7230 = DIRECTION('',(0.512150531618,-0.,0.858895705521));
#7231 = ORIENTED_EDGE('',*,*,#7158,.T.);
#7232 = ORIENTED_EDGE('',*,*,#7233,.T.);
#7233 = EDGE_CURVE('',#7151,#6943,#7234,.T.);
#7234 = CIRCLE('',#7235,2.31775);
#7235 = AXIS2_PLACEMENT_3D('',#7236,#7237,#7238);
#7236 = CARTESIAN_POINT('',(0.,-5.5626,-6.858));
#7237 = DIRECTION('',(0.,-1.,0.));
#7238 = DIRECTION('',(0.641499697204,0.,-0.767123287671));
#7239 = ORIENTED_EDGE('',*,*,#6942,.F.);
#7240 = PLANE('',#7241);
#7241 = AXIS2_PLACEMENT_3D('',#7242,#7243,#7244);
#7242 = CARTESIAN_POINT('',(0.,-5.5626,-6.858));
#7243 = DIRECTION('',(0.,-1.,0.));
#7244 = DIRECTION('',(0.,0.,-1.));
#7245 = ADVANCED_FACE('',(#7246),#7258,.T.);
#7246 = FACE_BOUND('',#7247,.T.);
#7247 = EDGE_LOOP('',(#7248,#7249,#7250,#7257));
#7248 = ORIENTED_EDGE('',*,*,#7209,.F.);
#7249 = ORIENTED_EDGE('',*,*,#7066,.T.);
#7250 = ORIENTED_EDGE('',*,*,#7251,.T.);
#7251 = EDGE_CURVE('',#7067,#6848,#7252,.T.);
#7252 = CIRCLE('',#7253,2.31775);
#7253 = AXIS2_PLACEMENT_3D('',#7254,#7255,#7256);
#7254 = CARTESIAN_POINT('',(0.,-6.0706,-6.858));
#7255 = DIRECTION('',(0.,1.,0.));
#7256 = DIRECTION('',(-0.641499697204,0.,-0.767123287671));
#7257 = ORIENTED_EDGE('',*,*,#6859,.F.);
#7258 = CYLINDRICAL_SURFACE('',#7259,2.31775);
#7259 = AXIS2_PLACEMENT_3D('',#7260,#7261,#7262);
#7260 = CARTESIAN_POINT('',(0.,-2.57048,-6.858));
#7261 = DIRECTION('',(0.,-1.,0.));
#7262 = DIRECTION('',(0.,0.,-1.));
#7263 = ADVANCED_FACE('',(#7264),#7325,.T.);
#7264 = FACE_BOUND('',#7265,.T.);
#7265 = EDGE_LOOP('',(#7266,#7278,#7279,#7280,#7281,#7293,#7310));
#7266 = ORIENTED_EDGE('',*,*,#7267,.F.);
#7267 = EDGE_CURVE('',#6840,#7268,#7270,.T.);
#7268 = VERTEX_POINT('',#7269);
#7269 = CARTESIAN_POINT('',(-0.762,-8.642101308066,-5.897295579019));
#7270 = B_SPLINE_CURVE_WITH_KNOTS('',3,(#7271,#7272,#7273,#7274,#7275,
    #7276,#7277),.UNSPECIFIED.,.F.,.F.,(4,1,1,1,4),(0.,0.25,0.5,0.75,1.)
  ,.QUASI_UNIFORM_KNOTS.);
#7271 = CARTESIAN_POINT('',(-0.762,-6.973701000275,-5.08));
#7272 = CARTESIAN_POINT('',(-0.762,-7.137576010598,-5.155679911892));
#7273 = CARTESIAN_POINT('',(-0.762,-7.453001841254,-5.302843299127));
#7274 = CARTESIAN_POINT('',(-0.762,-7.888395174466,-5.511440807842));
#7275 = CARTESIAN_POINT('',(-0.762,-8.287014522729,-5.709484399673));
#7276 = CARTESIAN_POINT('',(-0.762,-8.528001149764,-5.835477698659));
#7277 = CARTESIAN_POINT('',(-0.762,-8.642101308066,-5.897295579019));
#7278 = ORIENTED_EDGE('',*,*,#6847,.T.);
#7279 = ORIENTED_EDGE('',*,*,#7251,.F.);
#7280 = ORIENTED_EDGE('',*,*,#7074,.T.);
#7281 = ORIENTED_EDGE('',*,*,#7282,.F.);
#7282 = EDGE_CURVE('',#7283,#7075,#7285,.T.);
#7283 = VERTEX_POINT('',#7284);
#7284 = CARTESIAN_POINT('',(-0.762,-8.642101308066,-7.818704420981));
#7285 = B_SPLINE_CURVE_WITH_KNOTS('',3,(#7286,#7287,#7288,#7289,#7290,
    #7291,#7292),.UNSPECIFIED.,.F.,.F.,(4,1,1,1,4),(0.,0.25,0.5,0.75,1.)
  ,.QUASI_UNIFORM_KNOTS.);
#7286 = CARTESIAN_POINT('',(-0.762,-8.642101308066,-7.818704420981));
#7287 = CARTESIAN_POINT('',(-0.762,-8.528695178703,-7.880146286106));
#7288 = CARTESIAN_POINT('',(-0.762,-8.288782653233,-8.005609122306));
#7289 = CARTESIAN_POINT('',(-0.762,-7.890837059977,-8.203370696802));
#7290 = CARTESIAN_POINT('',(-0.762,-7.454946046406,-8.41224409907));
#7291 = CARTESIAN_POINT('',(-0.762,-7.138360850419,-8.55995763743));
#7292 = CARTESIAN_POINT('',(-0.762,-6.973701000275,-8.636));
#7293 = ORIENTED_EDGE('',*,*,#7294,.F.);
#7294 = EDGE_CURVE('',#7295,#7283,#7297,.T.);
#7295 = VERTEX_POINT('',#7296);
#7296 = CARTESIAN_POINT('',(-1.189309817746,-8.729038473053,-6.858));
#7297 = B_SPLINE_CURVE_WITH_KNOTS('',3,(#7298,#7299,#7300,#7301,#7302,
    #7303,#7304,#7305,#7306,#7307,#7308,#7309),.UNSPECIFIED.,.F.,.F.,(4,
    1,1,1,1,1,1,1,1,4),(0.,0.111111111111,0.222222222222,0.333333333333,
    0.444444444444,0.555555555556,0.666666666667,0.777777777778,
    0.888888888889,1.),.UNSPECIFIED.);
#7298 = CARTESIAN_POINT('',(-1.189309817746,-8.729038473053,-6.858));
#7299 = CARTESIAN_POINT('',(-1.179178340085,-8.752906738672,
    -6.920483523118));
#7300 = CARTESIAN_POINT('',(-1.151351158868,-8.795214988759,
    -7.039092135559));
#7301 = CARTESIAN_POINT('',(-1.095150448238,-8.839281789449,
    -7.196253431257));
#7302 = CARTESIAN_POINT('',(-1.03035652708,-8.86334920933,
    -7.335052278606));
#7303 = CARTESIAN_POINT('',(-0.962493552768,-8.866901918267,
    -7.456369260577));
#7304 = CARTESIAN_POINT('',(-0.89708369072,-8.85033966491,
    -7.561003031568));
#7305 = CARTESIAN_POINT('',(-0.839771297619,-8.815421107105,
    -7.649375795512));
#7306 = CARTESIAN_POINT('',(-0.795550506759,-8.765626458863,
    -7.721994982448));
#7307 = CARTESIAN_POINT('',(-0.768041502519,-8.705820907177,
    -7.779290015989));
#7308 = CARTESIAN_POINT('',(-0.762,-8.663214262274,-7.807265715753));
#7309 = CARTESIAN_POINT('',(-0.762,-8.642101308066,-7.818704420981));
#7310 = ORIENTED_EDGE('',*,*,#7311,.F.);
#7311 = EDGE_CURVE('',#7268,#7295,#7312,.T.);
#7312 = B_SPLINE_CURVE_WITH_KNOTS('',3,(#7313,#7314,#7315,#7316,#7317,
    #7318,#7319,#7320,#7321,#7322,#7323,#7324),.UNSPECIFIED.,.F.,.F.,(4,
    1,1,1,1,1,1,1,1,4),(0.,0.111111111111,0.222222222222,0.333333333333,
    0.444444444444,0.555555555556,0.666666666667,0.777777777778,
    0.888888888889,1.),.UNSPECIFIED.);
#7313 = CARTESIAN_POINT('',(-0.762,-8.642101308066,-5.897295579019));
#7314 = CARTESIAN_POINT('',(-0.762,-8.663212782722,-5.908733482646));
#7315 = CARTESIAN_POINT('',(-0.768040713913,-8.705816903239,
    -5.936707188917));
#7316 = CARTESIAN_POINT('',(-0.795546563813,-8.765620000557,
    -5.993997801776));
#7317 = CARTESIAN_POINT('',(-0.839764635091,-8.815415464919,
    -6.066613808267));
#7318 = CARTESIAN_POINT('',(-0.897075462103,-8.850336298773,
    -6.154984217262));
#7319 = CARTESIAN_POINT('',(-0.962486520836,-8.866901473142,
    -6.259618844922));
#7320 = CARTESIAN_POINT('',(-1.030351855034,-8.863350354117,
    -6.38093849071));
#7321 = CARTESIAN_POINT('',(-1.095147435852,-8.839283636465,
    -6.519739049446));
#7322 = CARTESIAN_POINT('',(-1.151350012878,-8.795216522876,
    -6.676903455107));
#7323 = CARTESIAN_POINT('',(-1.179178080982,-8.75290734908,
    -6.795514878926));
#7324 = CARTESIAN_POINT('',(-1.189309817746,-8.729038473053,-6.858));
#7325 = CONICAL_SURFACE('',#7326,1.72469958138,0.401425727959);
#7326 = AXIS2_PLACEMENT_3D('',#7327,#7328,#7329);
#7327 = CARTESIAN_POINT('',(0.,-7.467739231759,-6.858));
#7328 = DIRECTION('',(0.,1.,0.));
#7329 = DIRECTION('',(0.,-0.,1.));
#7330 = ADVANCED_FACE('',(#7331),#7341,.T.);
#7331 = FACE_BOUND('',#7332,.T.);
#7332 = EDGE_LOOP('',(#7333,#7334,#7340));
#7333 = ORIENTED_EDGE('',*,*,#7294,.T.);
#7334 = ORIENTED_EDGE('',*,*,#7335,.T.);
#7335 = EDGE_CURVE('',#7283,#7268,#7336,.T.);
#7336 = LINE('',#7337,#7338);
#7337 = CARTESIAN_POINT('',(-0.762,-8.642101308066,-7.818704420981));
#7338 = VECTOR('',#7339,1.);
#7339 = DIRECTION('',(0.,0.,1.));
#7340 = ORIENTED_EDGE('',*,*,#7311,.T.);
#7341 = CYLINDRICAL_SURFACE('',#7342,0.222498691934);
#7342 = AXIS2_PLACEMENT_3D('',#7343,#7344,#7345);
#7343 = CARTESIAN_POINT('',(-0.984498691934,-8.642101308066,-5.08));
#7344 = DIRECTION('',(0.,0.,1.));
#7345 = DIRECTION('',(0.,-1.,0.));
#7346 = ADVANCED_FACE('',(#7347),#7360,.F.);
#7347 = FACE_BOUND('',#7348,.F.);
#7348 = EDGE_LOOP('',(#7349,#7350,#7356,#7357,#7358,#7359));
#7349 = ORIENTED_EDGE('',*,*,#6839,.F.);
#7350 = ORIENTED_EDGE('',*,*,#7351,.T.);
#7351 = EDGE_CURVE('',#6831,#7087,#7352,.T.);
#7352 = LINE('',#7353,#7354);
#7353 = CARTESIAN_POINT('',(-0.762,-3.1242,-5.08));
#7354 = VECTOR('',#7355,1.);
#7355 = DIRECTION('',(0.,0.,-1.));
#7356 = ORIENTED_EDGE('',*,*,#7086,.F.);
#7357 = ORIENTED_EDGE('',*,*,#7282,.F.);
#7358 = ORIENTED_EDGE('',*,*,#7335,.T.);
#7359 = ORIENTED_EDGE('',*,*,#7267,.F.);
#7360 = PLANE('',#7361);
#7361 = AXIS2_PLACEMENT_3D('',#7362,#7363,#7364);
#7362 = CARTESIAN_POINT('',(-0.762,-2.8702,0.));
#7363 = DIRECTION('',(-1.,0.,0.));
#7364 = DIRECTION('',(0.,-1.,0.));
#7365 = ADVANCED_FACE('',(#7366),#7372,.F.);
#7366 = FACE_BOUND('',#7367,.F.);
#7367 = EDGE_LOOP('',(#7368,#7369,#7370,#7371));
#7368 = ORIENTED_EDGE('',*,*,#5175,.T.);
#7369 = ORIENTED_EDGE('',*,*,#7094,.T.);
#7370 = ORIENTED_EDGE('',*,*,#7351,.F.);
#7371 = ORIENTED_EDGE('',*,*,#6830,.T.);
#7372 = CYLINDRICAL_SURFACE('',#7373,0.254);
#7373 = AXIS2_PLACEMENT_3D('',#7374,#7375,#7376);
#7374 = CARTESIAN_POINT('',(-0.508,-3.1242,19.17152376));
#7375 = DIRECTION('',(0.,0.,-1.));
#7376 = DIRECTION('',(-1.,0.,0.));
#7377 = ADVANCED_FACE('',(#7378),#7390,.F.);
#7378 = FACE_BOUND('',#7379,.F.);
#7379 = EDGE_LOOP('',(#7380,#7381,#7382,#7389));
#7380 = ORIENTED_EDGE('',*,*,#7225,.F.);
#7381 = ORIENTED_EDGE('',*,*,#6925,.T.);
#7382 = ORIENTED_EDGE('',*,*,#7383,.T.);
#7383 = EDGE_CURVE('',#6918,#7112,#7384,.T.);
#7384 = CIRCLE('',#7385,1.9431);
#7385 = AXIS2_PLACEMENT_3D('',#7386,#7387,#7388);
#7386 = CARTESIAN_POINT('',(0.,-5.4356,-6.858));
#7387 = DIRECTION('',(0.,1.,0.));
#7388 = DIRECTION('',(0.403379715666,-0.,0.915032679739));
#7389 = ORIENTED_EDGE('',*,*,#7166,.T.);
#7390 = TOROIDAL_SURFACE('',#7391,2.0701,0.127);
#7391 = AXIS2_PLACEMENT_3D('',#7392,#7393,#7394);
#7392 = CARTESIAN_POINT('',(0.,-5.4356,-6.858));
#7393 = DIRECTION('',(0.,-1.,0.));
#7394 = DIRECTION('',(-0.999999564444,0.,9.333331978273E-04));
#7395 = ADVANCED_FACE('',(#7396),#7408,.T.);
#7396 = FACE_BOUND('',#7397,.T.);
#7397 = EDGE_LOOP('',(#7398,#7399,#7400,#7401));
#7398 = ORIENTED_EDGE('',*,*,#6917,.T.);
#7399 = ORIENTED_EDGE('',*,*,#7383,.T.);
#7400 = ORIENTED_EDGE('',*,*,#7109,.F.);
#7401 = ORIENTED_EDGE('',*,*,#7402,.T.);
#7402 = EDGE_CURVE('',#7110,#6900,#7403,.T.);
#7403 = CIRCLE('',#7404,1.9431);
#7404 = AXIS2_PLACEMENT_3D('',#7405,#7406,#7407);
#7405 = CARTESIAN_POINT('',(0.,-3.1242,-6.858));
#7406 = DIRECTION('',(0.,-1.,0.));
#7407 = DIRECTION('',(0.403379715666,0.,-0.915032679739));
#7408 = CYLINDRICAL_SURFACE('',#7409,1.9431);
#7409 = AXIS2_PLACEMENT_3D('',#7410,#7411,#7412);
#7410 = CARTESIAN_POINT('',(0.,-2.57048,-6.858));
#7411 = DIRECTION('',(0.,-1.,0.));
#7412 = DIRECTION('',(0.,0.,-1.));
#7413 = ADVANCED_FACE('',(#7414),#7420,.F.);
#7414 = FACE_BOUND('',#7415,.F.);
#7415 = EDGE_LOOP('',(#7416,#7417,#7418,#7419));
#7416 = ORIENTED_EDGE('',*,*,#7402,.T.);
#7417 = ORIENTED_EDGE('',*,*,#6899,.T.);
#7418 = ORIENTED_EDGE('',*,*,#5158,.T.);
#7419 = ORIENTED_EDGE('',*,*,#7119,.T.);
#7420 = TOROIDAL_SURFACE('',#7421,2.1971,0.254);
#7421 = AXIS2_PLACEMENT_3D('',#7422,#7423,#7424);
#7422 = CARTESIAN_POINT('',(0.,-3.1242,-6.858));
#7423 = DIRECTION('',(0.,-1.,0.));
#7424 = DIRECTION('',(-0.999998895961,-0.,-1.48595964286E-03));
#7425 = ADVANCED_FACE('',(#7426),#7438,.T.);
#7426 = FACE_BOUND('',#7427,.T.);
#7427 = EDGE_LOOP('',(#7428,#7435,#7436,#7437));
#7428 = ORIENTED_EDGE('',*,*,#7429,.F.);
#7429 = EDGE_CURVE('',#7139,#6951,#7430,.T.);
#7430 = CIRCLE('',#7431,2.31775);
#7431 = AXIS2_PLACEMENT_3D('',#7432,#7433,#7434);
#7432 = CARTESIAN_POINT('',(0.,-6.0706,-6.858));
#7433 = DIRECTION('',(0.,-1.,0.));
#7434 = DIRECTION('',(0.641499697204,0.,-0.767123287671));
#7435 = ORIENTED_EDGE('',*,*,#7150,.F.);
#7436 = ORIENTED_EDGE('',*,*,#7233,.T.);
#7437 = ORIENTED_EDGE('',*,*,#6950,.T.);
#7438 = CYLINDRICAL_SURFACE('',#7439,2.31775);
#7439 = AXIS2_PLACEMENT_3D('',#7440,#7441,#7442);
#7440 = CARTESIAN_POINT('',(0.,-2.57048,-6.858));
#7441 = DIRECTION('',(0.,-1.,0.));
#7442 = DIRECTION('',(0.,0.,-1.));
#7443 = ADVANCED_FACE('',(#7444),#7483,.T.);
#7444 = FACE_BOUND('',#7445,.T.);
#7445 = EDGE_LOOP('',(#7446,#7447,#7448,#7449,#7450,#7451,#7468));
#7446 = ORIENTED_EDGE('',*,*,#6776,.F.);
#7447 = ORIENTED_EDGE('',*,*,#7138,.T.);
#7448 = ORIENTED_EDGE('',*,*,#7429,.T.);
#7449 = ORIENTED_EDGE('',*,*,#6958,.T.);
#7450 = ORIENTED_EDGE('',*,*,#6756,.F.);
#7451 = ORIENTED_EDGE('',*,*,#7452,.F.);
#7452 = EDGE_CURVE('',#7453,#6757,#7455,.T.);
#7453 = VERTEX_POINT('',#7454);
#7454 = CARTESIAN_POINT('',(1.189309817746,-8.729038473053,-6.858));
#7455 = B_SPLINE_CURVE_WITH_KNOTS('',3,(#7456,#7457,#7458,#7459,#7460,
    #7461,#7462,#7463,#7464,#7465,#7466,#7467),.UNSPECIFIED.,.F.,.F.,(4,
    1,1,1,1,1,1,1,1,4),(0.,0.111111111111,0.222222222222,0.333333333333,
    0.444444444444,0.555555555556,0.666666666667,0.777777777778,
    0.888888888889,1.),.UNSPECIFIED.);
#7456 = CARTESIAN_POINT('',(1.189309817746,-8.729038473053,-6.858));
#7457 = CARTESIAN_POINT('',(1.179162992565,-8.752942895161,
    -6.79542182464));
#7458 = CARTESIAN_POINT('',(1.151284818891,-8.795301380478,
    -6.676657237922));
#7459 = CARTESIAN_POINT('',(1.094994535488,-8.839376042563,
    -6.519360111166));
#7460 = CARTESIAN_POINT('',(1.030142705663,-8.863394578647,
    -6.380533511792));
#7461 = CARTESIAN_POINT('',(0.96229110579,-8.866878249715,
    -6.259295049879));
#7462 = CARTESIAN_POINT('',(0.896941228659,-8.850274734419,
    -6.154777278066));
#7463 = CARTESIAN_POINT('',(0.839684622855,-8.815343837168,
    -6.066487927969));
#7464 = CARTESIAN_POINT('',(0.795511953333,-8.765559925351,
    -5.993933081438));
#7465 = CARTESIAN_POINT('',(0.76803558919,-8.705787128133,-5.93668701897
    ));
#7466 = CARTESIAN_POINT('',(0.762,-8.6632036848,-5.908728553518));
#7467 = CARTESIAN_POINT('',(0.762,-8.642101308066,-5.897295579019));
#7468 = ORIENTED_EDGE('',*,*,#7469,.F.);
#7469 = EDGE_CURVE('',#6769,#7453,#7470,.T.);
#7470 = B_SPLINE_CURVE_WITH_KNOTS('',3,(#7471,#7472,#7473,#7474,#7475,
    #7476,#7477,#7478,#7479,#7480,#7481,#7482),.UNSPECIFIED.,.F.,.F.,(4,
    1,1,1,1,1,1,1,1,4),(0.,0.111111111111,0.222222222222,0.333333333333,
    0.444444444444,0.555555555556,0.666666666667,0.777777777778,
    0.888888888889,1.),.UNSPECIFIED.);
#7471 = CARTESIAN_POINT('',(0.762,-8.642101308066,-7.818704420981));
#7472 = CARTESIAN_POINT('',(0.762,-8.663202960986,-7.807271838634));
#7473 = CARTESIAN_POINT('',(0.768035205023,-8.705786217769,
    -7.779313797827));
#7474 = CARTESIAN_POINT('',(0.795512500099,-8.765561495055,
    -7.722065638656));
#7475 = CARTESIAN_POINT('',(0.839689137218,-8.815348126741,
    -7.64950493215));
#7476 = CARTESIAN_POINT('',(0.896949220854,-8.850278220528,
    -7.561210388603));
#7477 = CARTESIAN_POINT('',(0.96229982449,-8.86687901243,-7.456690346494
    ));
#7478 = CARTESIAN_POINT('',(1.030149346946,-8.863392912809,
    -7.33545332541));
#7479 = CARTESIAN_POINT('',(1.094997662838,-8.839373983597,
    -7.196631870186));
#7480 = CARTESIAN_POINT('',(1.151285950303,-8.795299875136,
    -7.039338406929));
#7481 = CARTESIAN_POINT('',(1.179163226012,-8.752942345196,
    -6.920576735633));
#7482 = CARTESIAN_POINT('',(1.189309817746,-8.729038473053,-6.858));
#7483 = CONICAL_SURFACE('',#7484,1.724698435956,0.401425727959);
#7484 = AXIS2_PLACEMENT_3D('',#7485,#7486,#7487);
#7485 = CARTESIAN_POINT('',(0.,-7.467741930208,-6.858));
#7486 = DIRECTION('',(0.,1.,0.));
#7487 = DIRECTION('',(0.,-0.,1.));
#7488 = ADVANCED_FACE('',(#7489),#7494,.T.);
#7489 = FACE_BOUND('',#7490,.T.);
#7490 = EDGE_LOOP('',(#7491,#7492,#7493));
#7491 = ORIENTED_EDGE('',*,*,#7452,.T.);
#7492 = ORIENTED_EDGE('',*,*,#6768,.F.);
#7493 = ORIENTED_EDGE('',*,*,#7469,.T.);
#7494 = CYLINDRICAL_SURFACE('',#7495,0.222498691934);
#7495 = AXIS2_PLACEMENT_3D('',#7496,#7497,#7498);
#7496 = CARTESIAN_POINT('',(0.984498691934,-8.642101308066,-5.08));
#7497 = DIRECTION('',(0.,0.,1.));
#7498 = DIRECTION('',(0.,-1.,0.));
#7499 = ADVANCED_FACE('',(#7500),#7526,.T.);
#7500 = FACE_BOUND('',#7501,.T.);
#7501 = EDGE_LOOP('',(#7502,#7510,#7519,#7525));
#7502 = ORIENTED_EDGE('',*,*,#7503,.T.);
#7503 = EDGE_CURVE('',#5213,#7504,#7506,.T.);
#7504 = VERTEX_POINT('',#7505);
#7505 = CARTESIAN_POINT('',(-4.1275,-7.3152,-13.69822));
#7506 = LINE('',#7507,#7508);
#7507 = CARTESIAN_POINT('',(-4.1275,-2.8702,-13.69822));
#7508 = VECTOR('',#7509,1.);
#7509 = DIRECTION('',(0.,-1.,0.));
#7510 = ORIENTED_EDGE('',*,*,#7511,.F.);
#7511 = EDGE_CURVE('',#7512,#7504,#7514,.T.);
#7512 = VERTEX_POINT('',#7513);
#7513 = CARTESIAN_POINT('',(-4.1275,-7.3152,-14.69898));
#7514 = CIRCLE('',#7515,0.50038);
#7515 = AXIS2_PLACEMENT_3D('',#7516,#7517,#7518);
#7516 = CARTESIAN_POINT('',(-4.1275,-7.3152,-14.1986));
#7517 = DIRECTION('',(0.,-1.,0.));
#7518 = DIRECTION('',(0.,0.,-1.));
#7519 = ORIENTED_EDGE('',*,*,#7520,.F.);
#7520 = EDGE_CURVE('',#5211,#7512,#7521,.T.);
#7521 = LINE('',#7522,#7523);
#7522 = CARTESIAN_POINT('',(-4.1275,-2.8702,-14.69898));
#7523 = VECTOR('',#7524,1.);
#7524 = DIRECTION('',(0.,-1.,0.));
#7525 = ORIENTED_EDGE('',*,*,#5210,.T.);
#7526 = CYLINDRICAL_SURFACE('',#7527,0.50038);
#7527 = AXIS2_PLACEMENT_3D('',#7528,#7529,#7530);
#7528 = CARTESIAN_POINT('',(-4.1275,-1.4986,-14.1986));
#7529 = DIRECTION('',(0.,-1.,0.));
#7530 = DIRECTION('',(0.,0.,-1.));
#7531 = ADVANCED_FACE('',(#7532),#7544,.T.);
#7532 = FACE_BOUND('',#7533,.T.);
#7533 = EDGE_LOOP('',(#7534,#7535,#7542,#7543));
#7534 = ORIENTED_EDGE('',*,*,#7520,.T.);
#7535 = ORIENTED_EDGE('',*,*,#7536,.F.);
#7536 = EDGE_CURVE('',#7504,#7512,#7537,.T.);
#7537 = CIRCLE('',#7538,0.50038);
#7538 = AXIS2_PLACEMENT_3D('',#7539,#7540,#7541);
#7539 = CARTESIAN_POINT('',(-4.1275,-7.3152,-14.1986));
#7540 = DIRECTION('',(0.,-1.,0.));
#7541 = DIRECTION('',(0.,0.,1.));
#7542 = ORIENTED_EDGE('',*,*,#7503,.F.);
#7543 = ORIENTED_EDGE('',*,*,#5221,.T.);
#7544 = CYLINDRICAL_SURFACE('',#7545,0.50038);
#7545 = AXIS2_PLACEMENT_3D('',#7546,#7547,#7548);
#7546 = CARTESIAN_POINT('',(-4.1275,-1.4986,-14.1986));
#7547 = DIRECTION('',(0.,-1.,0.));
#7548 = DIRECTION('',(0.,0.,-1.));
#7549 = ADVANCED_FACE('',(#7550),#7554,.T.);
#7550 = FACE_BOUND('',#7551,.F.);
#7551 = EDGE_LOOP('',(#7552,#7553));
#7552 = ORIENTED_EDGE('',*,*,#7511,.F.);
#7553 = ORIENTED_EDGE('',*,*,#7536,.F.);
#7554 = PLANE('',#7555);
#7555 = AXIS2_PLACEMENT_3D('',#7556,#7557,#7558);
#7556 = CARTESIAN_POINT('',(-4.1275,-7.3152,-14.1986));
#7557 = DIRECTION('',(0.,-1.,0.));
#7558 = DIRECTION('',(0.,0.,-1.));
#7559 = ADVANCED_FACE('',(#7560),#7586,.T.);
#7560 = FACE_BOUND('',#7561,.T.);
#7561 = EDGE_LOOP('',(#7562,#7570,#7579,#7585));
#7562 = ORIENTED_EDGE('',*,*,#7563,.T.);
#7563 = EDGE_CURVE('',#5233,#7564,#7566,.T.);
#7564 = VERTEX_POINT('',#7565);
#7565 = CARTESIAN_POINT('',(1.27E-02,-7.3152,-13.69822));
#7566 = LINE('',#7567,#7568);
#7567 = CARTESIAN_POINT('',(1.27E-02,-2.8702,-13.69822));
#7568 = VECTOR('',#7569,1.);
#7569 = DIRECTION('',(0.,-1.,0.));
#7570 = ORIENTED_EDGE('',*,*,#7571,.F.);
#7571 = EDGE_CURVE('',#7572,#7564,#7574,.T.);
#7572 = VERTEX_POINT('',#7573);
#7573 = CARTESIAN_POINT('',(1.27E-02,-7.3152,-14.69898));
#7574 = CIRCLE('',#7575,0.50038);
#7575 = AXIS2_PLACEMENT_3D('',#7576,#7577,#7578);
#7576 = CARTESIAN_POINT('',(1.27E-02,-7.3152,-14.1986));
#7577 = DIRECTION('',(0.,-1.,0.));
#7578 = DIRECTION('',(0.,0.,-1.));
#7579 = ORIENTED_EDGE('',*,*,#7580,.F.);
#7580 = EDGE_CURVE('',#5231,#7572,#7581,.T.);
#7581 = LINE('',#7582,#7583);
#7582 = CARTESIAN_POINT('',(1.27E-02,-2.8702,-14.69898));
#7583 = VECTOR('',#7584,1.);
#7584 = DIRECTION('',(0.,-1.,0.));
#7585 = ORIENTED_EDGE('',*,*,#5230,.T.);
#7586 = CYLINDRICAL_SURFACE('',#7587,0.50038);
#7587 = AXIS2_PLACEMENT_3D('',#7588,#7589,#7590);
#7588 = CARTESIAN_POINT('',(1.27E-02,-1.4986,-14.1986));
#7589 = DIRECTION('',(0.,-1.,0.));
#7590 = DIRECTION('',(0.,0.,-1.));
#7591 = ADVANCED_FACE('',(#7592),#7604,.T.);
#7592 = FACE_BOUND('',#7593,.T.);
#7593 = EDGE_LOOP('',(#7594,#7595,#7602,#7603));
#7594 = ORIENTED_EDGE('',*,*,#7580,.T.);
#7595 = ORIENTED_EDGE('',*,*,#7596,.F.);
#7596 = EDGE_CURVE('',#7564,#7572,#7597,.T.);
#7597 = CIRCLE('',#7598,0.50038);
#7598 = AXIS2_PLACEMENT_3D('',#7599,#7600,#7601);
#7599 = CARTESIAN_POINT('',(1.27E-02,-7.3152,-14.1986));
#7600 = DIRECTION('',(0.,-1.,0.));
#7601 = DIRECTION('',(0.,0.,1.));
#7602 = ORIENTED_EDGE('',*,*,#7563,.F.);
#7603 = ORIENTED_EDGE('',*,*,#5241,.T.);
#7604 = CYLINDRICAL_SURFACE('',#7605,0.50038);
#7605 = AXIS2_PLACEMENT_3D('',#7606,#7607,#7608);
#7606 = CARTESIAN_POINT('',(1.27E-02,-1.4986,-14.1986));
#7607 = DIRECTION('',(0.,-1.,0.));
#7608 = DIRECTION('',(0.,0.,-1.));
#7609 = ADVANCED_FACE('',(#7610),#7614,.T.);
#7610 = FACE_BOUND('',#7611,.F.);
#7611 = EDGE_LOOP('',(#7612,#7613));
#7612 = ORIENTED_EDGE('',*,*,#7571,.F.);
#7613 = ORIENTED_EDGE('',*,*,#7596,.F.);
#7614 = PLANE('',#7615);
#7615 = AXIS2_PLACEMENT_3D('',#7616,#7617,#7618);
#7616 = CARTESIAN_POINT('',(1.27E-02,-7.3152,-14.1986));
#7617 = DIRECTION('',(0.,-1.,0.));
#7618 = DIRECTION('',(0.,0.,-1.));
#7619 = ADVANCED_FACE('',(#7620),#7646,.T.);
#7620 = FACE_BOUND('',#7621,.T.);
#7621 = EDGE_LOOP('',(#7622,#7630,#7639,#7645));
#7622 = ORIENTED_EDGE('',*,*,#7623,.T.);
#7623 = EDGE_CURVE('',#5253,#7624,#7626,.T.);
#7624 = VERTEX_POINT('',#7625);
#7625 = CARTESIAN_POINT('',(4.1529,-7.3152,-13.69822));
#7626 = LINE('',#7627,#7628);
#7627 = CARTESIAN_POINT('',(4.1529,-2.8702,-13.69822));
#7628 = VECTOR('',#7629,1.);
#7629 = DIRECTION('',(0.,-1.,0.));
#7630 = ORIENTED_EDGE('',*,*,#7631,.F.);
#7631 = EDGE_CURVE('',#7632,#7624,#7634,.T.);
#7632 = VERTEX_POINT('',#7633);
#7633 = CARTESIAN_POINT('',(4.1529,-7.3152,-14.69898));
#7634 = CIRCLE('',#7635,0.50038);
#7635 = AXIS2_PLACEMENT_3D('',#7636,#7637,#7638);
#7636 = CARTESIAN_POINT('',(4.1529,-7.3152,-14.1986));
#7637 = DIRECTION('',(0.,-1.,0.));
#7638 = DIRECTION('',(0.,0.,-1.));
#7639 = ORIENTED_EDGE('',*,*,#7640,.F.);
#7640 = EDGE_CURVE('',#5251,#7632,#7641,.T.);
#7641 = LINE('',#7642,#7643);
#7642 = CARTESIAN_POINT('',(4.1529,-2.8702,-14.69898));
#7643 = VECTOR('',#7644,1.);
#7644 = DIRECTION('',(0.,-1.,0.));
#7645 = ORIENTED_EDGE('',*,*,#5250,.T.);
#7646 = CYLINDRICAL_SURFACE('',#7647,0.50038);
#7647 = AXIS2_PLACEMENT_3D('',#7648,#7649,#7650);
#7648 = CARTESIAN_POINT('',(4.1529,-1.4986,-14.1986));
#7649 = DIRECTION('',(0.,-1.,0.));
#7650 = DIRECTION('',(0.,0.,-1.));
#7651 = ADVANCED_FACE('',(#7652),#7664,.T.);
#7652 = FACE_BOUND('',#7653,.T.);
#7653 = EDGE_LOOP('',(#7654,#7655,#7662,#7663));
#7654 = ORIENTED_EDGE('',*,*,#7640,.T.);
#7655 = ORIENTED_EDGE('',*,*,#7656,.F.);
#7656 = EDGE_CURVE('',#7624,#7632,#7657,.T.);
#7657 = CIRCLE('',#7658,0.50038);
#7658 = AXIS2_PLACEMENT_3D('',#7659,#7660,#7661);
#7659 = CARTESIAN_POINT('',(4.1529,-7.3152,-14.1986));
#7660 = DIRECTION('',(0.,-1.,0.));
#7661 = DIRECTION('',(0.,0.,1.));
#7662 = ORIENTED_EDGE('',*,*,#7623,.F.);
#7663 = ORIENTED_EDGE('',*,*,#5261,.T.);
#7664 = CYLINDRICAL_SURFACE('',#7665,0.50038);
#7665 = AXIS2_PLACEMENT_3D('',#7666,#7667,#7668);
#7666 = CARTESIAN_POINT('',(4.1529,-1.4986,-14.1986));
#7667 = DIRECTION('',(0.,-1.,0.));
#7668 = DIRECTION('',(0.,0.,-1.));
#7669 = ADVANCED_FACE('',(#7670),#7674,.T.);
#7670 = FACE_BOUND('',#7671,.F.);
#7671 = EDGE_LOOP('',(#7672,#7673));
#7672 = ORIENTED_EDGE('',*,*,#7631,.F.);
#7673 = ORIENTED_EDGE('',*,*,#7656,.F.);
#7674 = PLANE('',#7675);
#7675 = AXIS2_PLACEMENT_3D('',#7676,#7677,#7678);
#7676 = CARTESIAN_POINT('',(4.1529,-7.3152,-14.1986));
#7677 = DIRECTION('',(0.,-1.,0.));
#7678 = DIRECTION('',(0.,0.,-1.));
#7679 = ADVANCED_FACE('',(#7680),#7698,.T.);
#7680 = FACE_BOUND('',#7681,.F.);
#7681 = EDGE_LOOP('',(#7682,#7683,#7684,#7692));
#7682 = ORIENTED_EDGE('',*,*,#4879,.F.);
#7683 = ORIENTED_EDGE('',*,*,#4779,.F.);
#7684 = ORIENTED_EDGE('',*,*,#7685,.F.);
#7685 = EDGE_CURVE('',#7686,#4772,#7688,.T.);
#7686 = VERTEX_POINT('',#7687);
#7687 = CARTESIAN_POINT('',(-8.2931,1.4986,-2.5908));
#7688 = LINE('',#7689,#7690);
#7689 = CARTESIAN_POINT('',(-8.2931,1.4986,-2.5908));
#7690 = VECTOR('',#7691,1.);
#7691 = DIRECTION('',(0.,0.,1.));
#7692 = ORIENTED_EDGE('',*,*,#7693,.F.);
#7693 = EDGE_CURVE('',#4880,#7686,#7694,.T.);
#7694 = LINE('',#7695,#7696);
#7695 = CARTESIAN_POINT('',(-6.9977,1.4986,-2.477467185269));
#7696 = VECTOR('',#7697,1.);
#7697 = DIRECTION('',(-0.996194698092,0.,-8.715574274766E-02));
#7698 = PLANE('',#7699);
#7699 = AXIS2_PLACEMENT_3D('',#7700,#7701,#7702);
#7700 = CARTESIAN_POINT('',(0.,1.4986,0.));
#7701 = DIRECTION('',(0.,1.,0.));
#7702 = DIRECTION('',(1.,0.,0.));
#7703 = ADVANCED_FACE('',(#7704),#7715,.T.);
#7704 = FACE_BOUND('',#7705,.F.);
#7705 = EDGE_LOOP('',(#7706,#7707,#7713,#7714));
#7706 = ORIENTED_EDGE('',*,*,#4809,.F.);
#7707 = ORIENTED_EDGE('',*,*,#7708,.T.);
#7708 = EDGE_CURVE('',#4802,#7686,#7709,.T.);
#7709 = LINE('',#7710,#7711);
#7710 = CARTESIAN_POINT('',(-8.2931,-1.4986,-2.5908));
#7711 = VECTOR('',#7712,1.);
#7712 = DIRECTION('',(0.,1.,0.));
#7713 = ORIENTED_EDGE('',*,*,#7685,.T.);
#7714 = ORIENTED_EDGE('',*,*,#4771,.F.);
#7715 = PLANE('',#7716);
#7716 = AXIS2_PLACEMENT_3D('',#7717,#7718,#7719);
#7717 = CARTESIAN_POINT('',(-8.2931,-1.4986,-2.5908));
#7718 = DIRECTION('',(-1.,0.,0.));
#7719 = DIRECTION('',(0.,0.,1.));
#7720 = ADVANCED_FACE('',(#7721),#7727,.T.);
#7721 = FACE_BOUND('',#7722,.F.);
#7722 = EDGE_LOOP('',(#7723,#7724,#7725,#7726));
#7723 = ORIENTED_EDGE('',*,*,#4887,.T.);
#7724 = ORIENTED_EDGE('',*,*,#7693,.T.);
#7725 = ORIENTED_EDGE('',*,*,#7708,.F.);
#7726 = ORIENTED_EDGE('',*,*,#4801,.F.);
#7727 = PLANE('',#7728);
#7728 = AXIS2_PLACEMENT_3D('',#7729,#7730,#7731);
#7729 = CARTESIAN_POINT('',(-6.9977,-1.4986,-2.477467185269));
#7730 = DIRECTION('',(8.715574274766E-02,0.,-0.996194698092));
#7731 = DIRECTION('',(-0.996194698092,0.,-8.715574274766E-02));
#7732 = ADVANCED_FACE('',(#7733),#7768,.T.);
#7733 = FACE_BOUND('',#7734,.T.);
#7734 = EDGE_LOOP('',(#7735,#7748,#7756,#7767));
#7735 = ORIENTED_EDGE('',*,*,#7736,.F.);
#7736 = EDGE_CURVE('',#7737,#4607,#7739,.T.);
#7737 = VERTEX_POINT('',#7738);
#7738 = CARTESIAN_POINT('',(3.3655,-1.778,-0.2032));
#7739 = B_SPLINE_CURVE_WITH_KNOTS('',3,(#7740,#7741,#7742,#7743,#7744,
    #7745,#7746,#7747),.UNSPECIFIED.,.F.,.F.,(4,1,1,1,1,4),(0.,0.2,0.4,
    0.6,0.8,1.),.QUASI_UNIFORM_KNOTS.);
#7740 = CARTESIAN_POINT('',(3.3655,-1.778,-0.2032));
#7741 = CARTESIAN_POINT('',(3.3655,-1.778,-0.183115624838));
#7742 = CARTESIAN_POINT('',(3.363011701317,-1.784007284428,
    -0.142453868364));
#7743 = CARTESIAN_POINT('',(3.351662219393,-1.811407357614,
    -8.570735634797E-02));
#7744 = CARTESIAN_POINT('',(3.333205151802,-1.855966660515,
    -3.87528107557E-02));
#7745 = CARTESIAN_POINT('',(3.308828459751,-1.914817201069,
    -7.338126924798E-03));
#7746 = CARTESIAN_POINT('',(3.290593565815,-1.958840129318,0.));
#7747 = CARTESIAN_POINT('',(3.281331804126,-1.9812,0.));
#7748 = ORIENTED_EDGE('',*,*,#7749,.T.);
#7749 = EDGE_CURVE('',#7737,#7750,#7752,.T.);
#7750 = VERTEX_POINT('',#7751);
#7751 = CARTESIAN_POINT('',(2.3749,-0.7874,-0.2032));
#7752 = LINE('',#7753,#7754);
#7753 = CARTESIAN_POINT('',(3.3655,-1.778,-0.2032));
#7754 = VECTOR('',#7755,1.);
#7755 = DIRECTION('',(-0.707106781187,0.707106781187,0.));
#7756 = ORIENTED_EDGE('',*,*,#7757,.T.);
#7757 = EDGE_CURVE('',#7750,#4609,#7758,.T.);
#7758 = B_SPLINE_CURVE_WITH_KNOTS('',3,(#7759,#7760,#7761,#7762,#7763,
    #7764,#7765,#7766),.UNSPECIFIED.,.F.,.F.,(4,1,1,1,1,4),(0.,0.2,0.4,
    0.6,0.8,1.),.QUASI_UNIFORM_KNOTS.);
#7759 = CARTESIAN_POINT('',(2.3749,-0.7874,-0.2032));
#7760 = CARTESIAN_POINT('',(2.3749,-0.7874,-0.183115624838));
#7761 = CARTESIAN_POINT('',(2.368892715572,-0.789888298683,
    -0.142453868364));
#7762 = CARTESIAN_POINT('',(2.341492642386,-0.801237780607,
    -8.570735634797E-02));
#7763 = CARTESIAN_POINT('',(2.296933339485,-0.819694848198,
    -3.87528107557E-02));
#7764 = CARTESIAN_POINT('',(2.238082798931,-0.844071540249,
    -7.338126924797E-03));
#7765 = CARTESIAN_POINT('',(2.194059870682,-0.862306434185,0.));
#7766 = CARTESIAN_POINT('',(2.1717,-0.871568195874,0.));
#7767 = ORIENTED_EDGE('',*,*,#4606,.F.);
#7768 = CYLINDRICAL_SURFACE('',#7769,0.2032);
#7769 = AXIS2_PLACEMENT_3D('',#7770,#7771,#7772);
#7770 = CARTESIAN_POINT('',(26.93078688,-25.63065507587,-0.2032));
#7771 = DIRECTION('',(-0.707106781187,0.707106781187,0.));
#7772 = DIRECTION('',(0.,0.,1.));
#7773 = ADVANCED_FACE('',(#7774),#7797,.T.);
#7774 = FACE_BOUND('',#7775,.T.);
#7775 = EDGE_LOOP('',(#7776,#7777,#7785,#7796));
#7776 = ORIENTED_EDGE('',*,*,#7757,.F.);
#7777 = ORIENTED_EDGE('',*,*,#7778,.T.);
#7778 = EDGE_CURVE('',#7750,#7779,#7781,.T.);
#7779 = VERTEX_POINT('',#7780);
#7780 = CARTESIAN_POINT('',(2.3749,0.7874,-0.2032));
#7781 = LINE('',#7782,#7783);
#7782 = CARTESIAN_POINT('',(2.3749,-0.7874,-0.2032));
#7783 = VECTOR('',#7784,1.);
#7784 = DIRECTION('',(0.,1.,0.));
#7785 = ORIENTED_EDGE('',*,*,#7786,.T.);
#7786 = EDGE_CURVE('',#7779,#4641,#7787,.T.);
#7787 = B_SPLINE_CURVE_WITH_KNOTS('',3,(#7788,#7789,#7790,#7791,#7792,
    #7793,#7794,#7795),.UNSPECIFIED.,.F.,.F.,(4,1,1,1,1,4),(0.,0.2,0.4,
    0.6,0.8,1.),.QUASI_UNIFORM_KNOTS.);
#7788 = CARTESIAN_POINT('',(2.3749,0.7874,-0.2032));
#7789 = CARTESIAN_POINT('',(2.3749,0.7874,-0.183115624838));
#7790 = CARTESIAN_POINT('',(2.368892715572,0.789888298683,
    -0.142453868364));
#7791 = CARTESIAN_POINT('',(2.341492642386,0.801237780607,
    -8.570735634797E-02));
#7792 = CARTESIAN_POINT('',(2.296933339485,0.819694848198,
    -3.87528107557E-02));
#7793 = CARTESIAN_POINT('',(2.238082798931,0.844071540249,
    -7.3381269248E-03));
#7794 = CARTESIAN_POINT('',(2.194059870682,0.862306434185,0.));
#7795 = CARTESIAN_POINT('',(2.1717,0.871568195874,0.));
#7796 = ORIENTED_EDGE('',*,*,#4648,.F.);
#7797 = CYLINDRICAL_SURFACE('',#7798,0.2032);
#7798 = AXIS2_PLACEMENT_3D('',#7799,#7800,#7801);
#7799 = CARTESIAN_POINT('',(2.1717,-25.81831118086,-0.2032));
#7800 = DIRECTION('',(0.,1.,0.));
#7801 = DIRECTION('',(0.,-0.,1.));
#7802 = ADVANCED_FACE('',(#7803),#7826,.T.);
#7803 = FACE_BOUND('',#7804,.T.);
#7804 = EDGE_LOOP('',(#7805,#7806,#7814,#7825));
#7805 = ORIENTED_EDGE('',*,*,#7786,.F.);
#7806 = ORIENTED_EDGE('',*,*,#7807,.T.);
#7807 = EDGE_CURVE('',#7779,#7808,#7810,.T.);
#7808 = VERTEX_POINT('',#7809);
#7809 = CARTESIAN_POINT('',(3.3655,1.778,-0.2032));
#7810 = LINE('',#7811,#7812);
#7811 = CARTESIAN_POINT('',(2.3749,0.7874,-0.2032));
#7812 = VECTOR('',#7813,1.);
#7813 = DIRECTION('',(0.707106781187,0.707106781187,0.));
#7814 = ORIENTED_EDGE('',*,*,#7815,.T.);
#7815 = EDGE_CURVE('',#7808,#4633,#7816,.T.);
#7816 = B_SPLINE_CURVE_WITH_KNOTS('',3,(#7817,#7818,#7819,#7820,#7821,
    #7822,#7823,#7824),.UNSPECIFIED.,.F.,.F.,(4,1,1,1,1,4),(0.,0.2,0.4,
    0.6,0.8,1.),.QUASI_UNIFORM_KNOTS.);
#7817 = CARTESIAN_POINT('',(3.3655,1.778,-0.2032));
#7818 = CARTESIAN_POINT('',(3.3655,1.778,-0.183115624838));
#7819 = CARTESIAN_POINT('',(3.363011701317,1.784007284428,
    -0.142453868364));
#7820 = CARTESIAN_POINT('',(3.351662219393,1.811407357614,
    -8.570735634797E-02));
#7821 = CARTESIAN_POINT('',(3.333205151802,1.855966660515,
    -3.87528107557E-02));
#7822 = CARTESIAN_POINT('',(3.308828459751,1.914817201069,
    -7.338126924801E-03));
#7823 = CARTESIAN_POINT('',(3.290593565815,1.958840129318,0.));
#7824 = CARTESIAN_POINT('',(3.281331804126,1.9812,0.));
#7825 = ORIENTED_EDGE('',*,*,#4640,.F.);
#7826 = CYLINDRICAL_SURFACE('',#7827,0.2032);
#7827 = AXIS2_PLACEMENT_3D('',#7828,#7829,#7830);
#7828 = CARTESIAN_POINT('',(-24.51817937673,-25.81831118086,-0.2032));
#7829 = DIRECTION('',(0.707106781187,0.707106781187,0.));
#7830 = DIRECTION('',(0.,-0.,1.));
#7831 = ADVANCED_FACE('',(#7832),#7856,.T.);
#7832 = FACE_BOUND('',#7833,.T.);
#7833 = EDGE_LOOP('',(#7834,#7835,#7843,#7855));
#7834 = ORIENTED_EDGE('',*,*,#7815,.F.);
#7835 = ORIENTED_EDGE('',*,*,#7836,.T.);
#7836 = EDGE_CURVE('',#7808,#7837,#7839,.T.);
#7837 = VERTEX_POINT('',#7838);
#7838 = CARTESIAN_POINT('',(5.9309,1.778,-0.2032));
#7839 = LINE('',#7840,#7841);
#7840 = CARTESIAN_POINT('',(3.3655,1.778,-0.2032));
#7841 = VECTOR('',#7842,1.);
#7842 = DIRECTION('',(1.,0.,0.));
#7843 = ORIENTED_EDGE('',*,*,#7844,.T.);
#7844 = EDGE_CURVE('',#7837,#4625,#7845,.T.);
#7845 = B_SPLINE_CURVE_WITH_KNOTS('',3,(#7846,#7847,#7848,#7849,#7850,
    #7851,#7852,#7853,#7854),.UNSPECIFIED.,.F.,.F.,(4,1,1,1,1,1,4),(0.,
    0.166666666667,0.333333333333,0.5,0.666666666667,0.833333333333,1.),
  .UNSPECIFIED.);
#7846 = CARTESIAN_POINT('',(5.9309,1.778,-0.2032));
#7847 = CARTESIAN_POINT('',(5.9309,1.778,-0.187018122824));
#7848 = CARTESIAN_POINT('',(5.934798252042,1.781898252042,
    -0.154122865321));
#7849 = CARTESIAN_POINT('',(5.952982076915,1.800082076915,-0.10626184164
    ));
#7850 = CARTESIAN_POINT('',(5.983810979075,1.830910979075,
    -6.310822285487E-02));
#7851 = CARTESIAN_POINT('',(6.02430042514,1.87140042514,
    -2.944969423328E-02));
#7852 = CARTESIAN_POINT('',(6.074707017126,1.921807017126,
    -6.109396357202E-03));
#7853 = CARTESIAN_POINT('',(6.11363231496,1.96073231496,0.));
#7854 = CARTESIAN_POINT('',(6.1341,1.9812,0.));
#7855 = ORIENTED_EDGE('',*,*,#4632,.F.);
#7856 = CYLINDRICAL_SURFACE('',#7857,0.2032);
#7857 = AXIS2_PLACEMENT_3D('',#7858,#7859,#7860);
#7858 = CARTESIAN_POINT('',(-28.22618688,1.9812,-0.2032));
#7859 = DIRECTION('',(1.,0.,0.));
#7860 = DIRECTION('',(0.,0.,1.));
#7861 = ADVANCED_FACE('',(#7862),#7886,.T.);
#7862 = FACE_BOUND('',#7863,.T.);
#7863 = EDGE_LOOP('',(#7864,#7878,#7879,#7880));
#7864 = ORIENTED_EDGE('',*,*,#7865,.T.);
#7865 = EDGE_CURVE('',#7866,#4617,#7868,.T.);
#7866 = VERTEX_POINT('',#7867);
#7867 = CARTESIAN_POINT('',(5.9309,-1.778,-0.2032));
#7868 = B_SPLINE_CURVE_WITH_KNOTS('',3,(#7869,#7870,#7871,#7872,#7873,
    #7874,#7875,#7876,#7877),.UNSPECIFIED.,.F.,.F.,(4,1,1,1,1,1,4),(0.,
    0.166666666667,0.333333333333,0.5,0.666666666667,0.833333333333,1.),
  .UNSPECIFIED.);
#7869 = CARTESIAN_POINT('',(5.9309,-1.778,-0.2032));
#7870 = CARTESIAN_POINT('',(5.9309,-1.778,-0.187018122824));
#7871 = CARTESIAN_POINT('',(5.934798252042,-1.781898252042,
    -0.154122865321));
#7872 = CARTESIAN_POINT('',(5.952982076915,-1.800082076915,
    -0.10626184164));
#7873 = CARTESIAN_POINT('',(5.983810979075,-1.830910979075,
    -6.310822285486E-02));
#7874 = CARTESIAN_POINT('',(6.02430042514,-1.87140042514,
    -2.944969423328E-02));
#7875 = CARTESIAN_POINT('',(6.074707017126,-1.921807017126,
    -6.109396357203E-03));
#7876 = CARTESIAN_POINT('',(6.11363231496,-1.96073231496,0.));
#7877 = CARTESIAN_POINT('',(6.1341,-1.9812,0.));
#7878 = ORIENTED_EDGE('',*,*,#4624,.F.);
#7879 = ORIENTED_EDGE('',*,*,#7844,.F.);
#7880 = ORIENTED_EDGE('',*,*,#7881,.T.);
#7881 = EDGE_CURVE('',#7837,#7866,#7882,.T.);
#7882 = LINE('',#7883,#7884);
#7883 = CARTESIAN_POINT('',(5.9309,1.778,-0.2032));
#7884 = VECTOR('',#7885,1.);
#7885 = DIRECTION('',(0.,-1.,0.));
#7886 = CYLINDRICAL_SURFACE('',#7887,0.2032);
#7887 = AXIS2_PLACEMENT_3D('',#7888,#7889,#7890);
#7888 = CARTESIAN_POINT('',(6.1341,21.09362732044,-0.2032));
#7889 = DIRECTION('',(0.,-1.,0.));
#7890 = DIRECTION('',(0.,0.,1.));
#7891 = ADVANCED_FACE('',(#7892),#7917,.F.);
#7892 = FACE_BOUND('',#7893,.F.);
#7893 = EDGE_LOOP('',(#7894,#7895,#7903,#7911));
#7894 = ORIENTED_EDGE('',*,*,#7881,.T.);
#7895 = ORIENTED_EDGE('',*,*,#7896,.T.);
#7896 = EDGE_CURVE('',#7866,#7897,#7899,.T.);
#7897 = VERTEX_POINT('',#7898);
#7898 = CARTESIAN_POINT('',(5.9309,-1.778,-9.4996));
#7899 = LINE('',#7900,#7901);
#7900 = CARTESIAN_POINT('',(5.9309,-1.778,-0.2032));
#7901 = VECTOR('',#7902,1.);
#7902 = DIRECTION('',(0.,0.,-1.));
#7903 = ORIENTED_EDGE('',*,*,#7904,.T.);
#7904 = EDGE_CURVE('',#7897,#7905,#7907,.T.);
#7905 = VERTEX_POINT('',#7906);
#7906 = CARTESIAN_POINT('',(5.9309,1.778,-9.4996));
#7907 = LINE('',#7908,#7909);
#7908 = CARTESIAN_POINT('',(5.9309,-1.778,-9.4996));
#7909 = VECTOR('',#7910,1.);
#7910 = DIRECTION('',(0.,1.,0.));
#7911 = ORIENTED_EDGE('',*,*,#7912,.F.);
#7912 = EDGE_CURVE('',#7837,#7905,#7913,.T.);
#7913 = LINE('',#7914,#7915);
#7914 = CARTESIAN_POINT('',(5.9309,1.778,-0.2032));
#7915 = VECTOR('',#7916,1.);
#7916 = DIRECTION('',(0.,0.,-1.));
#7917 = PLANE('',#7918);
#7918 = AXIS2_PLACEMENT_3D('',#7919,#7920,#7921);
#7919 = CARTESIAN_POINT('',(5.9309,-1.778,0.));
#7920 = DIRECTION('',(1.,0.,0.));
#7921 = DIRECTION('',(-0.,1.,0.));
#7922 = ADVANCED_FACE('',(#7923),#7946,.F.);
#7923 = FACE_BOUND('',#7924,.F.);
#7924 = EDGE_LOOP('',(#7925,#7931,#7939,#7945));
#7925 = ORIENTED_EDGE('',*,*,#7926,.T.);
#7926 = EDGE_CURVE('',#7866,#7737,#7927,.T.);
#7927 = LINE('',#7928,#7929);
#7928 = CARTESIAN_POINT('',(5.9309,-1.778,-0.2032));
#7929 = VECTOR('',#7930,1.);
#7930 = DIRECTION('',(-1.,0.,0.));
#7931 = ORIENTED_EDGE('',*,*,#7932,.T.);
#7932 = EDGE_CURVE('',#7737,#7933,#7935,.T.);
#7933 = VERTEX_POINT('',#7934);
#7934 = CARTESIAN_POINT('',(3.3655,-1.778,-9.4996));
#7935 = LINE('',#7936,#7937);
#7936 = CARTESIAN_POINT('',(3.3655,-1.778,-0.2032));
#7937 = VECTOR('',#7938,1.);
#7938 = DIRECTION('',(0.,0.,-1.));
#7939 = ORIENTED_EDGE('',*,*,#7940,.T.);
#7940 = EDGE_CURVE('',#7933,#7897,#7941,.T.);
#7941 = LINE('',#7942,#7943);
#7942 = CARTESIAN_POINT('',(3.3655,-1.778,-9.4996));
#7943 = VECTOR('',#7944,1.);
#7944 = DIRECTION('',(1.,0.,0.));
#7945 = ORIENTED_EDGE('',*,*,#7896,.F.);
#7946 = PLANE('',#7947);
#7947 = AXIS2_PLACEMENT_3D('',#7948,#7949,#7950);
#7948 = CARTESIAN_POINT('',(3.3655,-1.778,0.));
#7949 = DIRECTION('',(0.,-1.,0.));
#7950 = DIRECTION('',(1.,0.,0.));
#7951 = ADVANCED_FACE('',(#7952),#7958,.T.);
#7952 = FACE_BOUND('',#7953,.T.);
#7953 = EDGE_LOOP('',(#7954,#7955,#7956,#7957));
#7954 = ORIENTED_EDGE('',*,*,#7736,.T.);
#7955 = ORIENTED_EDGE('',*,*,#4616,.F.);
#7956 = ORIENTED_EDGE('',*,*,#7865,.F.);
#7957 = ORIENTED_EDGE('',*,*,#7926,.T.);
#7958 = CYLINDRICAL_SURFACE('',#7959,0.2032);
#7959 = AXIS2_PLACEMENT_3D('',#7960,#7961,#7962);
#7960 = CARTESIAN_POINT('',(26.93078688,-1.9812,-0.2032));
#7961 = DIRECTION('',(-1.,0.,0.));
#7962 = DIRECTION('',(0.,0.,1.));
#7963 = ADVANCED_FACE('',(#7964),#7982,.F.);
#7964 = FACE_BOUND('',#7965,.F.);
#7965 = EDGE_LOOP('',(#7966,#7967,#7975,#7981));
#7966 = ORIENTED_EDGE('',*,*,#7749,.T.);
#7967 = ORIENTED_EDGE('',*,*,#7968,.T.);
#7968 = EDGE_CURVE('',#7750,#7969,#7971,.T.);
#7969 = VERTEX_POINT('',#7970);
#7970 = CARTESIAN_POINT('',(2.3749,-0.7874,-9.4996));
#7971 = LINE('',#7972,#7973);
#7972 = CARTESIAN_POINT('',(2.3749,-0.7874,-0.2032));
#7973 = VECTOR('',#7974,1.);
#7974 = DIRECTION('',(0.,0.,-1.));
#7975 = ORIENTED_EDGE('',*,*,#7976,.T.);
#7976 = EDGE_CURVE('',#7969,#7933,#7977,.T.);
#7977 = LINE('',#7978,#7979);
#7978 = CARTESIAN_POINT('',(2.3749,-0.7874,-9.4996));
#7979 = VECTOR('',#7980,1.);
#7980 = DIRECTION('',(0.707106781187,-0.707106781187,0.));
#7981 = ORIENTED_EDGE('',*,*,#7932,.F.);
#7982 = PLANE('',#7983);
#7983 = AXIS2_PLACEMENT_3D('',#7984,#7985,#7986);
#7984 = CARTESIAN_POINT('',(2.3749,-0.7874,0.));
#7985 = DIRECTION('',(-0.707106781187,-0.707106781187,0.));
#7986 = DIRECTION('',(0.707106781187,-0.707106781187,0.));
#7987 = ADVANCED_FACE('',(#7988),#8006,.F.);
#7988 = FACE_BOUND('',#7989,.F.);
#7989 = EDGE_LOOP('',(#7990,#7991,#7999,#8005));
#7990 = ORIENTED_EDGE('',*,*,#7778,.T.);
#7991 = ORIENTED_EDGE('',*,*,#7992,.T.);
#7992 = EDGE_CURVE('',#7779,#7993,#7995,.T.);
#7993 = VERTEX_POINT('',#7994);
#7994 = CARTESIAN_POINT('',(2.3749,0.7874,-9.4996));
#7995 = LINE('',#7996,#7997);
#7996 = CARTESIAN_POINT('',(2.3749,0.7874,-0.2032));
#7997 = VECTOR('',#7998,1.);
#7998 = DIRECTION('',(0.,0.,-1.));
#7999 = ORIENTED_EDGE('',*,*,#8000,.T.);
#8000 = EDGE_CURVE('',#7993,#7969,#8001,.T.);
#8001 = LINE('',#8002,#8003);
#8002 = CARTESIAN_POINT('',(2.3749,0.7874,-9.4996));
#8003 = VECTOR('',#8004,1.);
#8004 = DIRECTION('',(0.,-1.,0.));
#8005 = ORIENTED_EDGE('',*,*,#7968,.F.);
#8006 = PLANE('',#8007);
#8007 = AXIS2_PLACEMENT_3D('',#8008,#8009,#8010);
#8008 = CARTESIAN_POINT('',(2.3749,0.7874,0.));
#8009 = DIRECTION('',(-1.,0.,0.));
#8010 = DIRECTION('',(0.,-1.,0.));
#8011 = ADVANCED_FACE('',(#8012),#8030,.F.);
#8012 = FACE_BOUND('',#8013,.F.);
#8013 = EDGE_LOOP('',(#8014,#8015,#8023,#8029));
#8014 = ORIENTED_EDGE('',*,*,#7807,.T.);
#8015 = ORIENTED_EDGE('',*,*,#8016,.T.);
#8016 = EDGE_CURVE('',#7808,#8017,#8019,.T.);
#8017 = VERTEX_POINT('',#8018);
#8018 = CARTESIAN_POINT('',(3.3655,1.778,-9.4996));
#8019 = LINE('',#8020,#8021);
#8020 = CARTESIAN_POINT('',(3.3655,1.778,-0.2032));
#8021 = VECTOR('',#8022,1.);
#8022 = DIRECTION('',(0.,0.,-1.));
#8023 = ORIENTED_EDGE('',*,*,#8024,.T.);
#8024 = EDGE_CURVE('',#8017,#7993,#8025,.T.);
#8025 = LINE('',#8026,#8027);
#8026 = CARTESIAN_POINT('',(3.3655,1.778,-9.4996));
#8027 = VECTOR('',#8028,1.);
#8028 = DIRECTION('',(-0.707106781187,-0.707106781187,0.));
#8029 = ORIENTED_EDGE('',*,*,#7992,.F.);
#8030 = PLANE('',#8031);
#8031 = AXIS2_PLACEMENT_3D('',#8032,#8033,#8034);
#8032 = CARTESIAN_POINT('',(3.3655,1.778,0.));
#8033 = DIRECTION('',(-0.707106781187,0.707106781187,0.));
#8034 = DIRECTION('',(-0.707106781187,-0.707106781187,0.));
#8035 = ADVANCED_FACE('',(#8036),#8047,.F.);
#8036 = FACE_BOUND('',#8037,.F.);
#8037 = EDGE_LOOP('',(#8038,#8039,#8040,#8046));
#8038 = ORIENTED_EDGE('',*,*,#7836,.T.);
#8039 = ORIENTED_EDGE('',*,*,#7912,.T.);
#8040 = ORIENTED_EDGE('',*,*,#8041,.T.);
#8041 = EDGE_CURVE('',#7905,#8017,#8042,.T.);
#8042 = LINE('',#8043,#8044);
#8043 = CARTESIAN_POINT('',(5.9309,1.778,-9.4996));
#8044 = VECTOR('',#8045,1.);
#8045 = DIRECTION('',(-1.,0.,0.));
#8046 = ORIENTED_EDGE('',*,*,#8016,.F.);
#8047 = PLANE('',#8048);
#8048 = AXIS2_PLACEMENT_3D('',#8049,#8050,#8051);
#8049 = CARTESIAN_POINT('',(5.9309,1.778,0.));
#8050 = DIRECTION('',(0.,1.,0.));
#8051 = DIRECTION('',(-1.,0.,0.));
#8052 = ADVANCED_FACE('',(#8053,#8103),#8123,.T.);
#8053 = FACE_BOUND('',#8054,.F.);
#8054 = EDGE_LOOP('',(#8055,#8065,#8073,#8081,#8089,#8097));
#8055 = ORIENTED_EDGE('',*,*,#8056,.F.);
#8056 = EDGE_CURVE('',#8057,#8059,#8061,.T.);
#8057 = VERTEX_POINT('',#8058);
#8058 = CARTESIAN_POINT('',(1.7907,-1.778,-9.4996));
#8059 = VERTEX_POINT('',#8060);
#8060 = CARTESIAN_POINT('',(1.7907,1.778,-9.4996));
#8061 = LINE('',#8062,#8063);
#8062 = CARTESIAN_POINT('',(1.7907,-1.778,-9.4996));
#8063 = VECTOR('',#8064,1.);
#8064 = DIRECTION('',(0.,1.,0.));
#8065 = ORIENTED_EDGE('',*,*,#8066,.F.);
#8066 = EDGE_CURVE('',#8067,#8057,#8069,.T.);
#8067 = VERTEX_POINT('',#8068);
#8068 = CARTESIAN_POINT('',(-0.7747,-1.778,-9.4996));
#8069 = LINE('',#8070,#8071);
#8070 = CARTESIAN_POINT('',(-0.7747,-1.778,-9.4996));
#8071 = VECTOR('',#8072,1.);
#8072 = DIRECTION('',(1.,0.,0.));
#8073 = ORIENTED_EDGE('',*,*,#8074,.F.);
#8074 = EDGE_CURVE('',#8075,#8067,#8077,.T.);
#8075 = VERTEX_POINT('',#8076);
#8076 = CARTESIAN_POINT('',(-1.7653,-0.7874,-9.4996));
#8077 = LINE('',#8078,#8079);
#8078 = CARTESIAN_POINT('',(-1.7653,-0.7874,-9.4996));
#8079 = VECTOR('',#8080,1.);
#8080 = DIRECTION('',(0.707106781187,-0.707106781187,0.));
#8081 = ORIENTED_EDGE('',*,*,#8082,.F.);
#8082 = EDGE_CURVE('',#8083,#8075,#8085,.T.);
#8083 = VERTEX_POINT('',#8084);
#8084 = CARTESIAN_POINT('',(-1.7653,0.7874,-9.4996));
#8085 = LINE('',#8086,#8087);
#8086 = CARTESIAN_POINT('',(-1.7653,0.7874,-9.4996));
#8087 = VECTOR('',#8088,1.);
#8088 = DIRECTION('',(0.,-1.,0.));
#8089 = ORIENTED_EDGE('',*,*,#8090,.F.);
#8090 = EDGE_CURVE('',#8091,#8083,#8093,.T.);
#8091 = VERTEX_POINT('',#8092);
#8092 = CARTESIAN_POINT('',(-0.7747,1.778,-9.4996));
#8093 = LINE('',#8094,#8095);
#8094 = CARTESIAN_POINT('',(-0.7747,1.778,-9.4996));
#8095 = VECTOR('',#8096,1.);
#8096 = DIRECTION('',(-0.707106781187,-0.707106781187,0.));
#8097 = ORIENTED_EDGE('',*,*,#8098,.F.);
#8098 = EDGE_CURVE('',#8059,#8091,#8099,.T.);
#8099 = LINE('',#8100,#8101);
#8100 = CARTESIAN_POINT('',(1.7907,1.778,-9.4996));
#8101 = VECTOR('',#8102,1.);
#8102 = DIRECTION('',(-1.,0.,0.));
#8103 = FACE_BOUND('',#8104,.F.);
#8104 = EDGE_LOOP('',(#8105,#8116));
#8105 = ORIENTED_EDGE('',*,*,#8106,.F.);
#8106 = EDGE_CURVE('',#8107,#8109,#8111,.T.);
#8107 = VERTEX_POINT('',#8108);
#8108 = CARTESIAN_POINT('',(1.27E-02,0.50038,-9.4996));
#8109 = VERTEX_POINT('',#8110);
#8110 = CARTESIAN_POINT('',(1.27E-02,-0.50038,-9.4996));
#8111 = CIRCLE('',#8112,0.50038);
#8112 = AXIS2_PLACEMENT_3D('',#8113,#8114,#8115);
#8113 = CARTESIAN_POINT('',(1.27E-02,0.,-9.4996));
#8114 = DIRECTION('',(0.,0.,-1.));
#8115 = DIRECTION('',(0.,1.,0.));
#8116 = ORIENTED_EDGE('',*,*,#8117,.F.);
#8117 = EDGE_CURVE('',#8109,#8107,#8118,.T.);
#8118 = CIRCLE('',#8119,0.50038);
#8119 = AXIS2_PLACEMENT_3D('',#8120,#8121,#8122);
#8120 = CARTESIAN_POINT('',(1.27E-02,0.,-9.4996));
#8121 = DIRECTION('',(0.,0.,-1.));
#8122 = DIRECTION('',(0.,-1.,0.));
#8123 = PLANE('',#8124);
#8124 = AXIS2_PLACEMENT_3D('',#8125,#8126,#8127);
#8125 = CARTESIAN_POINT('',(0.,0.,-9.4996));
#8126 = DIRECTION('',(0.,0.,1.));
#8127 = DIRECTION('',(1.,0.,-0.));
#8128 = ADVANCED_FACE('',(#8129,#8137),#8157,.T.);
#8129 = FACE_BOUND('',#8130,.F.);
#8130 = EDGE_LOOP('',(#8131,#8132,#8133,#8134,#8135,#8136));
#8131 = ORIENTED_EDGE('',*,*,#7904,.F.);
#8132 = ORIENTED_EDGE('',*,*,#7940,.F.);
#8133 = ORIENTED_EDGE('',*,*,#7976,.F.);
#8134 = ORIENTED_EDGE('',*,*,#8000,.F.);
#8135 = ORIENTED_EDGE('',*,*,#8024,.F.);
#8136 = ORIENTED_EDGE('',*,*,#8041,.F.);
#8137 = FACE_BOUND('',#8138,.F.);
#8138 = EDGE_LOOP('',(#8139,#8150));
#8139 = ORIENTED_EDGE('',*,*,#8140,.F.);
#8140 = EDGE_CURVE('',#8141,#8143,#8145,.T.);
#8141 = VERTEX_POINT('',#8142);
#8142 = CARTESIAN_POINT('',(4.1529,0.50038,-9.4996));
#8143 = VERTEX_POINT('',#8144);
#8144 = CARTESIAN_POINT('',(4.1529,-0.50038,-9.4996));
#8145 = CIRCLE('',#8146,0.50038);
#8146 = AXIS2_PLACEMENT_3D('',#8147,#8148,#8149);
#8147 = CARTESIAN_POINT('',(4.1529,0.,-9.4996));
#8148 = DIRECTION('',(0.,0.,-1.));
#8149 = DIRECTION('',(0.,1.,0.));
#8150 = ORIENTED_EDGE('',*,*,#8151,.F.);
#8151 = EDGE_CURVE('',#8143,#8141,#8152,.T.);
#8152 = CIRCLE('',#8153,0.50038);
#8153 = AXIS2_PLACEMENT_3D('',#8154,#8155,#8156);
#8154 = CARTESIAN_POINT('',(4.1529,0.,-9.4996));
#8155 = DIRECTION('',(0.,0.,-1.));
#8156 = DIRECTION('',(0.,-1.,0.));
#8157 = PLANE('',#8158);
#8158 = AXIS2_PLACEMENT_3D('',#8159,#8160,#8161);
#8159 = CARTESIAN_POINT('',(0.,0.,-9.4996));
#8160 = DIRECTION('',(0.,0.,1.));
#8161 = DIRECTION('',(1.,0.,-0.));
#8162 = ADVANCED_FACE('',(#8163,#8213),#8233,.T.);
#8163 = FACE_BOUND('',#8164,.F.);
#8164 = EDGE_LOOP('',(#8165,#8175,#8183,#8191,#8199,#8207));
#8165 = ORIENTED_EDGE('',*,*,#8166,.F.);
#8166 = EDGE_CURVE('',#8167,#8169,#8171,.T.);
#8167 = VERTEX_POINT('',#8168);
#8168 = CARTESIAN_POINT('',(-2.3495,-1.778,-9.4996));
#8169 = VERTEX_POINT('',#8170);
#8170 = CARTESIAN_POINT('',(-2.3495,1.778,-9.4996));
#8171 = LINE('',#8172,#8173);
#8172 = CARTESIAN_POINT('',(-2.3495,-1.778,-9.4996));
#8173 = VECTOR('',#8174,1.);
#8174 = DIRECTION('',(0.,1.,0.));
#8175 = ORIENTED_EDGE('',*,*,#8176,.F.);
#8176 = EDGE_CURVE('',#8177,#8167,#8179,.T.);
#8177 = VERTEX_POINT('',#8178);
#8178 = CARTESIAN_POINT('',(-4.9149,-1.778,-9.4996));
#8179 = LINE('',#8180,#8181);
#8180 = CARTESIAN_POINT('',(-4.9149,-1.778,-9.4996));
#8181 = VECTOR('',#8182,1.);
#8182 = DIRECTION('',(1.,0.,0.));
#8183 = ORIENTED_EDGE('',*,*,#8184,.F.);
#8184 = EDGE_CURVE('',#8185,#8177,#8187,.T.);
#8185 = VERTEX_POINT('',#8186);
#8186 = CARTESIAN_POINT('',(-5.9055,-0.7874,-9.4996));
#8187 = LINE('',#8188,#8189);
#8188 = CARTESIAN_POINT('',(-5.9055,-0.7874,-9.4996));
#8189 = VECTOR('',#8190,1.);
#8190 = DIRECTION('',(0.707106781187,-0.707106781187,0.));
#8191 = ORIENTED_EDGE('',*,*,#8192,.F.);
#8192 = EDGE_CURVE('',#8193,#8185,#8195,.T.);
#8193 = VERTEX_POINT('',#8194);
#8194 = CARTESIAN_POINT('',(-5.9055,0.7874,-9.4996));
#8195 = LINE('',#8196,#8197);
#8196 = CARTESIAN_POINT('',(-5.9055,0.7874,-9.4996));
#8197 = VECTOR('',#8198,1.);
#8198 = DIRECTION('',(0.,-1.,0.));
#8199 = ORIENTED_EDGE('',*,*,#8200,.F.);
#8200 = EDGE_CURVE('',#8201,#8193,#8203,.T.);
#8201 = VERTEX_POINT('',#8202);
#8202 = CARTESIAN_POINT('',(-4.9149,1.778,-9.4996));
#8203 = LINE('',#8204,#8205);
#8204 = CARTESIAN_POINT('',(-4.9149,1.778,-9.4996));
#8205 = VECTOR('',#8206,1.);
#8206 = DIRECTION('',(-0.707106781187,-0.707106781187,0.));
#8207 = ORIENTED_EDGE('',*,*,#8208,.F.);
#8208 = EDGE_CURVE('',#8169,#8201,#8209,.T.);
#8209 = LINE('',#8210,#8211);
#8210 = CARTESIAN_POINT('',(-2.3495,1.778,-9.4996));
#8211 = VECTOR('',#8212,1.);
#8212 = DIRECTION('',(-1.,0.,0.));
#8213 = FACE_BOUND('',#8214,.F.);
#8214 = EDGE_LOOP('',(#8215,#8226));
#8215 = ORIENTED_EDGE('',*,*,#8216,.F.);
#8216 = EDGE_CURVE('',#8217,#8219,#8221,.T.);
#8217 = VERTEX_POINT('',#8218);
#8218 = CARTESIAN_POINT('',(-4.1275,0.50038,-9.4996));
#8219 = VERTEX_POINT('',#8220);
#8220 = CARTESIAN_POINT('',(-4.1275,-0.50038,-9.4996));
#8221 = CIRCLE('',#8222,0.50038);
#8222 = AXIS2_PLACEMENT_3D('',#8223,#8224,#8225);
#8223 = CARTESIAN_POINT('',(-4.1275,0.,-9.4996));
#8224 = DIRECTION('',(0.,0.,-1.));
#8225 = DIRECTION('',(0.,1.,0.));
#8226 = ORIENTED_EDGE('',*,*,#8227,.F.);
#8227 = EDGE_CURVE('',#8219,#8217,#8228,.T.);
#8228 = CIRCLE('',#8229,0.50038);
#8229 = AXIS2_PLACEMENT_3D('',#8230,#8231,#8232);
#8230 = CARTESIAN_POINT('',(-4.1275,0.,-9.4996));
#8231 = DIRECTION('',(0.,0.,-1.));
#8232 = DIRECTION('',(0.,-1.,0.));
#8233 = PLANE('',#8234);
#8234 = AXIS2_PLACEMENT_3D('',#8235,#8236,#8237);
#8235 = CARTESIAN_POINT('',(0.,0.,-9.4996));
#8236 = DIRECTION('',(0.,0.,1.));
#8237 = DIRECTION('',(1.,0.,-0.));
#8238 = ADVANCED_FACE('',(#8239),#8264,.F.);
#8239 = FACE_BOUND('',#8240,.F.);
#8240 = EDGE_LOOP('',(#8241,#8251,#8257,#8258));
#8241 = ORIENTED_EDGE('',*,*,#8242,.T.);
#8242 = EDGE_CURVE('',#8243,#8245,#8247,.T.);
#8243 = VERTEX_POINT('',#8244);
#8244 = CARTESIAN_POINT('',(1.7907,1.778,-0.2032));
#8245 = VERTEX_POINT('',#8246);
#8246 = CARTESIAN_POINT('',(1.7907,-1.778,-0.2032));
#8247 = LINE('',#8248,#8249);
#8248 = CARTESIAN_POINT('',(1.7907,1.778,-0.2032));
#8249 = VECTOR('',#8250,1.);
#8250 = DIRECTION('',(0.,-1.,0.));
#8251 = ORIENTED_EDGE('',*,*,#8252,.T.);
#8252 = EDGE_CURVE('',#8245,#8057,#8253,.T.);
#8253 = LINE('',#8254,#8255);
#8254 = CARTESIAN_POINT('',(1.7907,-1.778,-0.2032));
#8255 = VECTOR('',#8256,1.);
#8256 = DIRECTION('',(0.,0.,-1.));
#8257 = ORIENTED_EDGE('',*,*,#8056,.T.);
#8258 = ORIENTED_EDGE('',*,*,#8259,.F.);
#8259 = EDGE_CURVE('',#8243,#8059,#8260,.T.);
#8260 = LINE('',#8261,#8262);
#8261 = CARTESIAN_POINT('',(1.7907,1.778,-0.2032));
#8262 = VECTOR('',#8263,1.);
#8263 = DIRECTION('',(0.,0.,-1.));
#8264 = PLANE('',#8265);
#8265 = AXIS2_PLACEMENT_3D('',#8266,#8267,#8268);
#8266 = CARTESIAN_POINT('',(1.7907,-1.778,0.));
#8267 = DIRECTION('',(1.,0.,0.));
#8268 = DIRECTION('',(-0.,1.,0.));
#8269 = ADVANCED_FACE('',(#8270),#8298,.T.);
#8270 = FACE_BOUND('',#8271,.T.);
#8271 = EDGE_LOOP('',(#8272,#8284,#8285,#8297));
#8272 = ORIENTED_EDGE('',*,*,#8273,.T.);
#8273 = EDGE_CURVE('',#8245,#4657,#8274,.T.);
#8274 = B_SPLINE_CURVE_WITH_KNOTS('',3,(#8275,#8276,#8277,#8278,#8279,
    #8280,#8281,#8282,#8283),.UNSPECIFIED.,.F.,.F.,(4,1,1,1,1,1,4),(0.,
    0.166666666667,0.333333333333,0.5,0.666666666667,0.833333333333,1.),
  .UNSPECIFIED.);
#8275 = CARTESIAN_POINT('',(1.7907,-1.778,-0.2032));
#8276 = CARTESIAN_POINT('',(1.7907,-1.778,-0.187018122824));
#8277 = CARTESIAN_POINT('',(1.794598252042,-1.781898252042,
    -0.154122865321));
#8278 = CARTESIAN_POINT('',(1.812782076915,-1.800082076915,
    -0.10626184164));
#8279 = CARTESIAN_POINT('',(1.843610979075,-1.830910979075,
    -6.310822285486E-02));
#8280 = CARTESIAN_POINT('',(1.88410042514,-1.87140042514,
    -2.944969423328E-02));
#8281 = CARTESIAN_POINT('',(1.934507017126,-1.921807017126,
    -6.109396357201E-03));
#8282 = CARTESIAN_POINT('',(1.97343231496,-1.96073231496,0.));
#8283 = CARTESIAN_POINT('',(1.9939,-1.9812,0.));
#8284 = ORIENTED_EDGE('',*,*,#4666,.F.);
#8285 = ORIENTED_EDGE('',*,*,#8286,.F.);
#8286 = EDGE_CURVE('',#8243,#4667,#8287,.T.);
#8287 = B_SPLINE_CURVE_WITH_KNOTS('',3,(#8288,#8289,#8290,#8291,#8292,
    #8293,#8294,#8295,#8296),.UNSPECIFIED.,.F.,.F.,(4,1,1,1,1,1,4),(0.,
    0.166666666667,0.333333333333,0.5,0.666666666667,0.833333333333,1.),
  .UNSPECIFIED.);
#8288 = CARTESIAN_POINT('',(1.7907,1.778,-0.2032));
#8289 = CARTESIAN_POINT('',(1.7907,1.778,-0.187018122824));
#8290 = CARTESIAN_POINT('',(1.794598252042,1.781898252042,
    -0.154122865321));
#8291 = CARTESIAN_POINT('',(1.812782076915,1.800082076915,-0.10626184164
    ));
#8292 = CARTESIAN_POINT('',(1.843610979075,1.830910979075,
    -6.310822285487E-02));
#8293 = CARTESIAN_POINT('',(1.88410042514,1.87140042514,
    -2.944969423328E-02));
#8294 = CARTESIAN_POINT('',(1.934507017126,1.921807017126,
    -6.109396357203E-03));
#8295 = CARTESIAN_POINT('',(1.97343231496,1.96073231496,0.));
#8296 = CARTESIAN_POINT('',(1.9939,1.9812,0.));
#8297 = ORIENTED_EDGE('',*,*,#8242,.T.);
#8298 = CYLINDRICAL_SURFACE('',#8299,0.2032);
#8299 = AXIS2_PLACEMENT_3D('',#8300,#8301,#8302);
#8300 = CARTESIAN_POINT('',(1.9939,21.09362732044,-0.2032));
#8301 = DIRECTION('',(0.,-1.,0.));
#8302 = DIRECTION('',(0.,0.,1.));
#8303 = ADVANCED_FACE('',(#8304),#8327,.T.);
#8304 = FACE_BOUND('',#8305,.T.);
#8305 = EDGE_LOOP('',(#8306,#8319,#8325,#8326));
#8306 = ORIENTED_EDGE('',*,*,#8307,.F.);
#8307 = EDGE_CURVE('',#8308,#4675,#8310,.T.);
#8308 = VERTEX_POINT('',#8309);
#8309 = CARTESIAN_POINT('',(-0.7747,1.778,-0.2032));
#8310 = B_SPLINE_CURVE_WITH_KNOTS('',3,(#8311,#8312,#8313,#8314,#8315,
    #8316,#8317,#8318),.UNSPECIFIED.,.F.,.F.,(4,1,1,1,1,4),(0.,0.2,0.4,
    0.6,0.8,1.),.QUASI_UNIFORM_KNOTS.);
#8311 = CARTESIAN_POINT('',(-0.7747,1.778,-0.2032));
#8312 = CARTESIAN_POINT('',(-0.7747,1.778,-0.183115624838));
#8313 = CARTESIAN_POINT('',(-0.777188298683,1.784007284428,
    -0.142453868364));
#8314 = CARTESIAN_POINT('',(-0.788537780607,1.811407357614,
    -8.570735634797E-02));
#8315 = CARTESIAN_POINT('',(-0.806994848198,1.855966660515,
    -3.875281075571E-02));
#8316 = CARTESIAN_POINT('',(-0.831371540249,1.914817201069,
    -7.338126924801E-03));
#8317 = CARTESIAN_POINT('',(-0.849606434185,1.958840129318,0.));
#8318 = CARTESIAN_POINT('',(-0.858868195874,1.9812,0.));
#8319 = ORIENTED_EDGE('',*,*,#8320,.T.);
#8320 = EDGE_CURVE('',#8308,#8243,#8321,.T.);
#8321 = LINE('',#8322,#8323);
#8322 = CARTESIAN_POINT('',(-0.7747,1.778,-0.2032));
#8323 = VECTOR('',#8324,1.);
#8324 = DIRECTION('',(1.,0.,0.));
#8325 = ORIENTED_EDGE('',*,*,#8286,.T.);
#8326 = ORIENTED_EDGE('',*,*,#4674,.F.);
#8327 = CYLINDRICAL_SURFACE('',#8328,0.2032);
#8328 = AXIS2_PLACEMENT_3D('',#8329,#8330,#8331);
#8329 = CARTESIAN_POINT('',(-28.22618688,1.9812,-0.2032));
#8330 = DIRECTION('',(1.,0.,0.));
#8331 = DIRECTION('',(0.,0.,1.));
#8332 = ADVANCED_FACE('',(#8333),#8344,.F.);
#8333 = FACE_BOUND('',#8334,.F.);
#8334 = EDGE_LOOP('',(#8335,#8336,#8337,#8338));
#8335 = ORIENTED_EDGE('',*,*,#8320,.T.);
#8336 = ORIENTED_EDGE('',*,*,#8259,.T.);
#8337 = ORIENTED_EDGE('',*,*,#8098,.T.);
#8338 = ORIENTED_EDGE('',*,*,#8339,.F.);
#8339 = EDGE_CURVE('',#8308,#8091,#8340,.T.);
#8340 = LINE('',#8341,#8342);
#8341 = CARTESIAN_POINT('',(-0.7747,1.778,-0.2032));
#8342 = VECTOR('',#8343,1.);
#8343 = DIRECTION('',(0.,0.,-1.));
#8344 = PLANE('',#8345);
#8345 = AXIS2_PLACEMENT_3D('',#8346,#8347,#8348);
#8346 = CARTESIAN_POINT('',(1.7907,1.778,0.));
#8347 = DIRECTION('',(0.,1.,0.));
#8348 = DIRECTION('',(-1.,0.,0.));
#8349 = ADVANCED_FACE('',(#8350),#8368,.F.);
#8350 = FACE_BOUND('',#8351,.F.);
#8351 = EDGE_LOOP('',(#8352,#8360,#8361,#8362));
#8352 = ORIENTED_EDGE('',*,*,#8353,.T.);
#8353 = EDGE_CURVE('',#8354,#8308,#8356,.T.);
#8354 = VERTEX_POINT('',#8355);
#8355 = CARTESIAN_POINT('',(-1.7653,0.7874,-0.2032));
#8356 = LINE('',#8357,#8358);
#8357 = CARTESIAN_POINT('',(-1.7653,0.7874,-0.2032));
#8358 = VECTOR('',#8359,1.);
#8359 = DIRECTION('',(0.707106781187,0.707106781187,0.));
#8360 = ORIENTED_EDGE('',*,*,#8339,.T.);
#8361 = ORIENTED_EDGE('',*,*,#8090,.T.);
#8362 = ORIENTED_EDGE('',*,*,#8363,.F.);
#8363 = EDGE_CURVE('',#8354,#8083,#8364,.T.);
#8364 = LINE('',#8365,#8366);
#8365 = CARTESIAN_POINT('',(-1.7653,0.7874,-0.2032));
#8366 = VECTOR('',#8367,1.);
#8367 = DIRECTION('',(0.,0.,-1.));
#8368 = PLANE('',#8369);
#8369 = AXIS2_PLACEMENT_3D('',#8370,#8371,#8372);
#8370 = CARTESIAN_POINT('',(-0.7747,1.778,0.));
#8371 = DIRECTION('',(-0.707106781187,0.707106781187,0.));
#8372 = DIRECTION('',(-0.707106781187,-0.707106781187,0.));
#8373 = ADVANCED_FACE('',(#8374),#8390,.T.);
#8374 = FACE_BOUND('',#8375,.T.);
#8375 = EDGE_LOOP('',(#8376,#8387,#8388,#8389));
#8376 = ORIENTED_EDGE('',*,*,#8377,.F.);
#8377 = EDGE_CURVE('',#8354,#4683,#8378,.T.);
#8378 = B_SPLINE_CURVE_WITH_KNOTS('',3,(#8379,#8380,#8381,#8382,#8383,
    #8384,#8385,#8386),.UNSPECIFIED.,.F.,.F.,(4,1,1,1,1,4),(0.,0.2,0.4,
    0.6,0.8,1.),.QUASI_UNIFORM_KNOTS.);
#8379 = CARTESIAN_POINT('',(-1.7653,0.7874,-0.2032));
#8380 = CARTESIAN_POINT('',(-1.7653,0.7874,-0.183115624838));
#8381 = CARTESIAN_POINT('',(-1.771307284428,0.789888298683,
    -0.142453868364));
#8382 = CARTESIAN_POINT('',(-1.798707357614,0.801237780607,
    -8.570735634797E-02));
#8383 = CARTESIAN_POINT('',(-1.843266660515,0.819694848198,
    -3.87528107557E-02));
#8384 = CARTESIAN_POINT('',(-1.902117201069,0.844071540249,
    -7.338126924798E-03));
#8385 = CARTESIAN_POINT('',(-1.946140129318,0.862306434185,0.));
#8386 = CARTESIAN_POINT('',(-1.9685,0.871568195874,0.));
#8387 = ORIENTED_EDGE('',*,*,#8353,.T.);
#8388 = ORIENTED_EDGE('',*,*,#8307,.T.);
#8389 = ORIENTED_EDGE('',*,*,#4682,.F.);
#8390 = CYLINDRICAL_SURFACE('',#8391,0.2032);
#8391 = AXIS2_PLACEMENT_3D('',#8392,#8393,#8394);
#8392 = CARTESIAN_POINT('',(-28.22618688,-25.38611868413,-0.2032));
#8393 = DIRECTION('',(0.707106781187,0.707106781187,0.));
#8394 = DIRECTION('',(0.,-0.,1.));
#8395 = ADVANCED_FACE('',(#8396),#8419,.T.);
#8396 = FACE_BOUND('',#8397,.T.);
#8397 = EDGE_LOOP('',(#8398,#8399,#8400,#8413));
#8398 = ORIENTED_EDGE('',*,*,#8377,.T.);
#8399 = ORIENTED_EDGE('',*,*,#4690,.F.);
#8400 = ORIENTED_EDGE('',*,*,#8401,.F.);
#8401 = EDGE_CURVE('',#8402,#4691,#8404,.T.);
#8402 = VERTEX_POINT('',#8403);
#8403 = CARTESIAN_POINT('',(-1.7653,-0.7874,-0.2032));
#8404 = B_SPLINE_CURVE_WITH_KNOTS('',3,(#8405,#8406,#8407,#8408,#8409,
    #8410,#8411,#8412),.UNSPECIFIED.,.F.,.F.,(4,1,1,1,1,4),(0.,0.2,0.4,
    0.6,0.8,1.),.QUASI_UNIFORM_KNOTS.);
#8405 = CARTESIAN_POINT('',(-1.7653,-0.7874,-0.2032));
#8406 = CARTESIAN_POINT('',(-1.7653,-0.7874,-0.183115624838));
#8407 = CARTESIAN_POINT('',(-1.771307284428,-0.789888298683,
    -0.142453868364));
#8408 = CARTESIAN_POINT('',(-1.798707357614,-0.801237780607,
    -8.570735634797E-02));
#8409 = CARTESIAN_POINT('',(-1.843266660515,-0.819694848198,
    -3.87528107557E-02));
#8410 = CARTESIAN_POINT('',(-1.902117201069,-0.844071540249,
    -7.338126924799E-03));
#8411 = CARTESIAN_POINT('',(-1.946140129318,-0.862306434185,0.));
#8412 = CARTESIAN_POINT('',(-1.9685,-0.871568195874,0.));
#8413 = ORIENTED_EDGE('',*,*,#8414,.T.);
#8414 = EDGE_CURVE('',#8402,#8354,#8415,.T.);
#8415 = LINE('',#8416,#8417);
#8416 = CARTESIAN_POINT('',(-1.7653,-0.7874,-0.2032));
#8417 = VECTOR('',#8418,1.);
#8418 = DIRECTION('',(0.,1.,0.));
#8419 = CYLINDRICAL_SURFACE('',#8420,0.2032);
#8420 = AXIS2_PLACEMENT_3D('',#8421,#8422,#8423);
#8421 = CARTESIAN_POINT('',(-1.9685,-25.81831118086,-0.2032));
#8422 = DIRECTION('',(0.,1.,0.));
#8423 = DIRECTION('',(0.,-0.,1.));
#8424 = ADVANCED_FACE('',(#8425),#8436,.F.);
#8425 = FACE_BOUND('',#8426,.F.);
#8426 = EDGE_LOOP('',(#8427,#8428,#8429,#8430));
#8427 = ORIENTED_EDGE('',*,*,#8414,.T.);
#8428 = ORIENTED_EDGE('',*,*,#8363,.T.);
#8429 = ORIENTED_EDGE('',*,*,#8082,.T.);
#8430 = ORIENTED_EDGE('',*,*,#8431,.F.);
#8431 = EDGE_CURVE('',#8402,#8075,#8432,.T.);
#8432 = LINE('',#8433,#8434);
#8433 = CARTESIAN_POINT('',(-1.7653,-0.7874,-0.2032));
#8434 = VECTOR('',#8435,1.);
#8435 = DIRECTION('',(0.,0.,-1.));
#8436 = PLANE('',#8437);
#8437 = AXIS2_PLACEMENT_3D('',#8438,#8439,#8440);
#8438 = CARTESIAN_POINT('',(-1.7653,0.7874,0.));
#8439 = DIRECTION('',(-1.,0.,0.));
#8440 = DIRECTION('',(0.,-1.,0.));
#8441 = ADVANCED_FACE('',(#8442),#8460,.F.);
#8442 = FACE_BOUND('',#8443,.F.);
#8443 = EDGE_LOOP('',(#8444,#8452,#8453,#8454));
#8444 = ORIENTED_EDGE('',*,*,#8445,.T.);
#8445 = EDGE_CURVE('',#8446,#8402,#8448,.T.);
#8446 = VERTEX_POINT('',#8447);
#8447 = CARTESIAN_POINT('',(-0.7747,-1.778,-0.2032));
#8448 = LINE('',#8449,#8450);
#8449 = CARTESIAN_POINT('',(-0.7747,-1.778,-0.2032));
#8450 = VECTOR('',#8451,1.);
#8451 = DIRECTION('',(-0.707106781187,0.707106781187,0.));
#8452 = ORIENTED_EDGE('',*,*,#8431,.T.);
#8453 = ORIENTED_EDGE('',*,*,#8074,.T.);
#8454 = ORIENTED_EDGE('',*,*,#8455,.F.);
#8455 = EDGE_CURVE('',#8446,#8067,#8456,.T.);
#8456 = LINE('',#8457,#8458);
#8457 = CARTESIAN_POINT('',(-0.7747,-1.778,-0.2032));
#8458 = VECTOR('',#8459,1.);
#8459 = DIRECTION('',(0.,0.,-1.));
#8460 = PLANE('',#8461);
#8461 = AXIS2_PLACEMENT_3D('',#8462,#8463,#8464);
#8462 = CARTESIAN_POINT('',(-1.7653,-0.7874,0.));
#8463 = DIRECTION('',(-0.707106781187,-0.707106781187,0.));
#8464 = DIRECTION('',(0.707106781187,-0.707106781187,0.));
#8465 = ADVANCED_FACE('',(#8466),#8482,.T.);
#8466 = FACE_BOUND('',#8467,.T.);
#8467 = EDGE_LOOP('',(#8468,#8479,#8480,#8481));
#8468 = ORIENTED_EDGE('',*,*,#8469,.F.);
#8469 = EDGE_CURVE('',#8446,#4659,#8470,.T.);
#8470 = B_SPLINE_CURVE_WITH_KNOTS('',3,(#8471,#8472,#8473,#8474,#8475,
    #8476,#8477,#8478),.UNSPECIFIED.,.F.,.F.,(4,1,1,1,1,4),(0.,0.2,0.4,
    0.6,0.8,1.),.QUASI_UNIFORM_KNOTS.);
#8471 = CARTESIAN_POINT('',(-0.7747,-1.778,-0.2032));
#8472 = CARTESIAN_POINT('',(-0.7747,-1.778,-0.183115624838));
#8473 = CARTESIAN_POINT('',(-0.777188298683,-1.784007284428,
    -0.142453868364));
#8474 = CARTESIAN_POINT('',(-0.788537780607,-1.811407357614,
    -8.570735634796E-02));
#8475 = CARTESIAN_POINT('',(-0.806994848198,-1.855966660515,
    -3.87528107557E-02));
#8476 = CARTESIAN_POINT('',(-0.831371540249,-1.914817201069,
    -7.338126924801E-03));
#8477 = CARTESIAN_POINT('',(-0.849606434185,-1.958840129318,0.));
#8478 = CARTESIAN_POINT('',(-0.858868195874,-1.9812,0.));
#8479 = ORIENTED_EDGE('',*,*,#8445,.T.);
#8480 = ORIENTED_EDGE('',*,*,#8401,.T.);
#8481 = ORIENTED_EDGE('',*,*,#4698,.F.);
#8482 = CYLINDRICAL_SURFACE('',#8483,0.2032);
#8483 = AXIS2_PLACEMENT_3D('',#8484,#8485,#8486);
#8484 = CARTESIAN_POINT('',(22.97824298498,-25.81831118086,-0.2032));
#8485 = DIRECTION('',(-0.707106781187,0.707106781187,0.));
#8486 = DIRECTION('',(0.,0.,1.));
#8487 = ADVANCED_FACE('',(#8488),#8499,.T.);
#8488 = FACE_BOUND('',#8489,.T.);
#8489 = EDGE_LOOP('',(#8490,#8491,#8492,#8493));
#8490 = ORIENTED_EDGE('',*,*,#8469,.T.);
#8491 = ORIENTED_EDGE('',*,*,#4656,.F.);
#8492 = ORIENTED_EDGE('',*,*,#8273,.F.);
#8493 = ORIENTED_EDGE('',*,*,#8494,.T.);
#8494 = EDGE_CURVE('',#8245,#8446,#8495,.T.);
#8495 = LINE('',#8496,#8497);
#8496 = CARTESIAN_POINT('',(1.7907,-1.778,-0.2032));
#8497 = VECTOR('',#8498,1.);
#8498 = DIRECTION('',(-1.,0.,0.));
#8499 = CYLINDRICAL_SURFACE('',#8500,0.2032);
#8500 = AXIS2_PLACEMENT_3D('',#8501,#8502,#8503);
#8501 = CARTESIAN_POINT('',(26.93078688,-1.9812,-0.2032));
#8502 = DIRECTION('',(-1.,0.,0.));
#8503 = DIRECTION('',(0.,0.,1.));
#8504 = ADVANCED_FACE('',(#8505),#8511,.F.);
#8505 = FACE_BOUND('',#8506,.F.);
#8506 = EDGE_LOOP('',(#8507,#8508,#8509,#8510));
#8507 = ORIENTED_EDGE('',*,*,#8494,.T.);
#8508 = ORIENTED_EDGE('',*,*,#8455,.T.);
#8509 = ORIENTED_EDGE('',*,*,#8066,.T.);
#8510 = ORIENTED_EDGE('',*,*,#8252,.F.);
#8511 = PLANE('',#8512);
#8512 = AXIS2_PLACEMENT_3D('',#8513,#8514,#8515);
#8513 = CARTESIAN_POINT('',(-0.7747,-1.778,0.));
#8514 = DIRECTION('',(0.,-1.,0.));
#8515 = DIRECTION('',(1.,0.,0.));
#8516 = ADVANCED_FACE('',(#8517),#8542,.F.);
#8517 = FACE_BOUND('',#8518,.F.);
#8518 = EDGE_LOOP('',(#8519,#8529,#8535,#8536));
#8519 = ORIENTED_EDGE('',*,*,#8520,.T.);
#8520 = EDGE_CURVE('',#8521,#8523,#8525,.T.);
#8521 = VERTEX_POINT('',#8522);
#8522 = CARTESIAN_POINT('',(-2.3495,1.778,-0.2032));
#8523 = VERTEX_POINT('',#8524);
#8524 = CARTESIAN_POINT('',(-2.3495,-1.778,-0.2032));
#8525 = LINE('',#8526,#8527);
#8526 = CARTESIAN_POINT('',(-2.3495,1.778,-0.2032));
#8527 = VECTOR('',#8528,1.);
#8528 = DIRECTION('',(0.,-1.,0.));
#8529 = ORIENTED_EDGE('',*,*,#8530,.T.);
#8530 = EDGE_CURVE('',#8523,#8167,#8531,.T.);
#8531 = LINE('',#8532,#8533);
#8532 = CARTESIAN_POINT('',(-2.3495,-1.778,-0.2032));
#8533 = VECTOR('',#8534,1.);
#8534 = DIRECTION('',(0.,0.,-1.));
#8535 = ORIENTED_EDGE('',*,*,#8166,.T.);
#8536 = ORIENTED_EDGE('',*,*,#8537,.F.);
#8537 = EDGE_CURVE('',#8521,#8169,#8538,.T.);
#8538 = LINE('',#8539,#8540);
#8539 = CARTESIAN_POINT('',(-2.3495,1.778,-0.2032));
#8540 = VECTOR('',#8541,1.);
#8541 = DIRECTION('',(0.,0.,-1.));
#8542 = PLANE('',#8543);
#8543 = AXIS2_PLACEMENT_3D('',#8544,#8545,#8546);
#8544 = CARTESIAN_POINT('',(-2.3495,-1.778,0.));
#8545 = DIRECTION('',(1.,0.,0.));
#8546 = DIRECTION('',(-0.,1.,0.));
#8547 = ADVANCED_FACE('',(#8548),#8576,.T.);
#8548 = FACE_BOUND('',#8549,.T.);
#8549 = EDGE_LOOP('',(#8550,#8562,#8563,#8575));
#8550 = ORIENTED_EDGE('',*,*,#8551,.T.);
#8551 = EDGE_CURVE('',#8523,#4733,#8552,.T.);
#8552 = B_SPLINE_CURVE_WITH_KNOTS('',3,(#8553,#8554,#8555,#8556,#8557,
    #8558,#8559,#8560,#8561),.UNSPECIFIED.,.F.,.F.,(4,1,1,1,1,1,4),(0.,
    0.166666666667,0.333333333333,0.5,0.666666666667,0.833333333333,1.),
  .UNSPECIFIED.);
#8553 = CARTESIAN_POINT('',(-2.3495,-1.778,-0.2032));
#8554 = CARTESIAN_POINT('',(-2.3495,-1.778,-0.187018122824));
#8555 = CARTESIAN_POINT('',(-2.345601747958,-1.781898252042,
    -0.154122865321));
#8556 = CARTESIAN_POINT('',(-2.327417923085,-1.800082076915,
    -0.10626184164));
#8557 = CARTESIAN_POINT('',(-2.296589020925,-1.830910979075,
    -6.310822285486E-02));
#8558 = CARTESIAN_POINT('',(-2.25609957486,-1.87140042514,
    -2.944969423328E-02));
#8559 = CARTESIAN_POINT('',(-2.205692982874,-1.921807017126,
    -6.109396357202E-03));
#8560 = CARTESIAN_POINT('',(-2.16676768504,-1.96073231496,0.));
#8561 = CARTESIAN_POINT('',(-2.1463,-1.9812,0.));
#8562 = ORIENTED_EDGE('',*,*,#4740,.F.);
#8563 = ORIENTED_EDGE('',*,*,#8564,.F.);
#8564 = EDGE_CURVE('',#8521,#4741,#8565,.T.);
#8565 = B_SPLINE_CURVE_WITH_KNOTS('',3,(#8566,#8567,#8568,#8569,#8570,
    #8571,#8572,#8573,#8574),.UNSPECIFIED.,.F.,.F.,(4,1,1,1,1,1,4),(0.,
    0.166666666667,0.333333333333,0.5,0.666666666667,0.833333333333,1.),
  .UNSPECIFIED.);
#8566 = CARTESIAN_POINT('',(-2.3495,1.778,-0.2032));
#8567 = CARTESIAN_POINT('',(-2.3495,1.778,-0.187018122824));
#8568 = CARTESIAN_POINT('',(-2.345601747958,1.781898252042,
    -0.154122865321));
#8569 = CARTESIAN_POINT('',(-2.327417923085,1.800082076915,
    -0.10626184164));
#8570 = CARTESIAN_POINT('',(-2.296589020925,1.830910979075,
    -6.310822285486E-02));
#8571 = CARTESIAN_POINT('',(-2.25609957486,1.87140042514,
    -2.944969423328E-02));
#8572 = CARTESIAN_POINT('',(-2.205692982874,1.921807017126,
    -6.109396357201E-03));
#8573 = CARTESIAN_POINT('',(-2.16676768504,1.96073231496,0.));
#8574 = CARTESIAN_POINT('',(-2.1463,1.9812,0.));
#8575 = ORIENTED_EDGE('',*,*,#8520,.T.);
#8576 = CYLINDRICAL_SURFACE('',#8577,0.2032);
#8577 = AXIS2_PLACEMENT_3D('',#8578,#8579,#8580);
#8578 = CARTESIAN_POINT('',(-2.1463,21.09362732044,-0.2032));
#8579 = DIRECTION('',(0.,-1.,0.));
#8580 = DIRECTION('',(0.,0.,1.));
#8581 = ADVANCED_FACE('',(#8582),#8605,.T.);
#8582 = FACE_BOUND('',#8583,.T.);
#8583 = EDGE_LOOP('',(#8584,#8597,#8603,#8604));
#8584 = ORIENTED_EDGE('',*,*,#8585,.F.);
#8585 = EDGE_CURVE('',#8586,#4709,#8588,.T.);
#8586 = VERTEX_POINT('',#8587);
#8587 = CARTESIAN_POINT('',(-4.9149,1.778,-0.2032));
#8588 = B_SPLINE_CURVE_WITH_KNOTS('',3,(#8589,#8590,#8591,#8592,#8593,
    #8594,#8595,#8596),.UNSPECIFIED.,.F.,.F.,(4,1,1,1,1,4),(0.,0.2,0.4,
    0.6,0.8,1.),.QUASI_UNIFORM_KNOTS.);
#8589 = CARTESIAN_POINT('',(-4.9149,1.778,-0.2032));
#8590 = CARTESIAN_POINT('',(-4.9149,1.778,-0.183115624838));
#8591 = CARTESIAN_POINT('',(-4.917388298683,1.784007284428,
    -0.142453868364));
#8592 = CARTESIAN_POINT('',(-4.928737780607,1.811407357614,
    -8.570735634797E-02));
#8593 = CARTESIAN_POINT('',(-4.947194848198,1.855966660515,
    -3.87528107557E-02));
#8594 = CARTESIAN_POINT('',(-4.971571540249,1.914817201069,
    -7.338126924801E-03));
#8595 = CARTESIAN_POINT('',(-4.989806434185,1.958840129318,0.));
#8596 = CARTESIAN_POINT('',(-4.999068195874,1.9812,0.));
#8597 = ORIENTED_EDGE('',*,*,#8598,.T.);
#8598 = EDGE_CURVE('',#8586,#8521,#8599,.T.);
#8599 = LINE('',#8600,#8601);
#8600 = CARTESIAN_POINT('',(-4.9149,1.778,-0.2032));
#8601 = VECTOR('',#8602,1.);
#8602 = DIRECTION('',(1.,0.,0.));
#8603 = ORIENTED_EDGE('',*,*,#8564,.T.);
#8604 = ORIENTED_EDGE('',*,*,#4748,.F.);
#8605 = CYLINDRICAL_SURFACE('',#8606,0.2032);
#8606 = AXIS2_PLACEMENT_3D('',#8607,#8608,#8609);
#8607 = CARTESIAN_POINT('',(-28.22618688,1.9812,-0.2032));
#8608 = DIRECTION('',(1.,0.,0.));
#8609 = DIRECTION('',(0.,0.,1.));
#8610 = ADVANCED_FACE('',(#8611),#8622,.F.);
#8611 = FACE_BOUND('',#8612,.F.);
#8612 = EDGE_LOOP('',(#8613,#8614,#8615,#8616));
#8613 = ORIENTED_EDGE('',*,*,#8598,.T.);
#8614 = ORIENTED_EDGE('',*,*,#8537,.T.);
#8615 = ORIENTED_EDGE('',*,*,#8208,.T.);
#8616 = ORIENTED_EDGE('',*,*,#8617,.F.);
#8617 = EDGE_CURVE('',#8586,#8201,#8618,.T.);
#8618 = LINE('',#8619,#8620);
#8619 = CARTESIAN_POINT('',(-4.9149,1.778,-0.2032));
#8620 = VECTOR('',#8621,1.);
#8621 = DIRECTION('',(0.,0.,-1.));
#8622 = PLANE('',#8623);
#8623 = AXIS2_PLACEMENT_3D('',#8624,#8625,#8626);
#8624 = CARTESIAN_POINT('',(-2.3495,1.778,0.));
#8625 = DIRECTION('',(0.,1.,0.));
#8626 = DIRECTION('',(-1.,0.,0.));
#8627 = ADVANCED_FACE('',(#8628),#8646,.F.);
#8628 = FACE_BOUND('',#8629,.F.);
#8629 = EDGE_LOOP('',(#8630,#8638,#8639,#8640));
#8630 = ORIENTED_EDGE('',*,*,#8631,.T.);
#8631 = EDGE_CURVE('',#8632,#8586,#8634,.T.);
#8632 = VERTEX_POINT('',#8633);
#8633 = CARTESIAN_POINT('',(-5.9055,0.7874,-0.2032));
#8634 = LINE('',#8635,#8636);
#8635 = CARTESIAN_POINT('',(-5.9055,0.7874,-0.2032));
#8636 = VECTOR('',#8637,1.);
#8637 = DIRECTION('',(0.707106781187,0.707106781187,0.));
#8638 = ORIENTED_EDGE('',*,*,#8617,.T.);
#8639 = ORIENTED_EDGE('',*,*,#8200,.T.);
#8640 = ORIENTED_EDGE('',*,*,#8641,.F.);
#8641 = EDGE_CURVE('',#8632,#8193,#8642,.T.);
#8642 = LINE('',#8643,#8644);
#8643 = CARTESIAN_POINT('',(-5.9055,0.7874,-0.2032));
#8644 = VECTOR('',#8645,1.);
#8645 = DIRECTION('',(0.,0.,-1.));
#8646 = PLANE('',#8647);
#8647 = AXIS2_PLACEMENT_3D('',#8648,#8649,#8650);
#8648 = CARTESIAN_POINT('',(-4.9149,1.778,0.));
#8649 = DIRECTION('',(-0.707106781187,0.707106781187,0.));
#8650 = DIRECTION('',(-0.707106781187,-0.707106781187,0.));
#8651 = ADVANCED_FACE('',(#8652),#8668,.T.);
#8652 = FACE_BOUND('',#8653,.T.);
#8653 = EDGE_LOOP('',(#8654,#8665,#8666,#8667));
#8654 = ORIENTED_EDGE('',*,*,#8655,.F.);
#8655 = EDGE_CURVE('',#8632,#4707,#8656,.T.);
#8656 = B_SPLINE_CURVE_WITH_KNOTS('',3,(#8657,#8658,#8659,#8660,#8661,
    #8662,#8663,#8664),.UNSPECIFIED.,.F.,.F.,(4,1,1,1,1,4),(0.,0.2,0.4,
    0.6,0.8,1.),.QUASI_UNIFORM_KNOTS.);
#8657 = CARTESIAN_POINT('',(-5.9055,0.7874,-0.2032));
#8658 = CARTESIAN_POINT('',(-5.9055,0.7874,-0.183115624838));
#8659 = CARTESIAN_POINT('',(-5.911507284428,0.789888298683,
    -0.142453868364));
#8660 = CARTESIAN_POINT('',(-5.938907357614,0.801237780607,
    -8.570735634797E-02));
#8661 = CARTESIAN_POINT('',(-5.983466660515,0.819694848198,
    -3.87528107557E-02));
#8662 = CARTESIAN_POINT('',(-6.042317201069,0.844071540249,
    -7.338126924798E-03));
#8663 = CARTESIAN_POINT('',(-6.086340129318,0.862306434185,0.));
#8664 = CARTESIAN_POINT('',(-6.1087,0.871568195874,0.));
#8665 = ORIENTED_EDGE('',*,*,#8631,.T.);
#8666 = ORIENTED_EDGE('',*,*,#8585,.T.);
#8667 = ORIENTED_EDGE('',*,*,#4706,.F.);
#8668 = CYLINDRICAL_SURFACE('',#8669,0.2032);
#8669 = AXIS2_PLACEMENT_3D('',#8670,#8671,#8672);
#8670 = CARTESIAN_POINT('',(-28.22618688,-21.24591868413,-0.2032));
#8671 = DIRECTION('',(0.707106781187,0.707106781187,0.));
#8672 = DIRECTION('',(0.,-0.,1.));
#8673 = ADVANCED_FACE('',(#8674),#8697,.T.);
#8674 = FACE_BOUND('',#8675,.T.);
#8675 = EDGE_LOOP('',(#8676,#8689,#8695,#8696));
#8676 = ORIENTED_EDGE('',*,*,#8677,.F.);
#8677 = EDGE_CURVE('',#8678,#4717,#8680,.T.);
#8678 = VERTEX_POINT('',#8679);
#8679 = CARTESIAN_POINT('',(-5.9055,-0.7874,-0.2032));
#8680 = B_SPLINE_CURVE_WITH_KNOTS('',3,(#8681,#8682,#8683,#8684,#8685,
    #8686,#8687,#8688),.UNSPECIFIED.,.F.,.F.,(4,1,1,1,1,4),(0.,0.2,0.4,
    0.6,0.8,1.),.QUASI_UNIFORM_KNOTS.);
#8681 = CARTESIAN_POINT('',(-5.9055,-0.7874,-0.2032));
#8682 = CARTESIAN_POINT('',(-5.9055,-0.7874,-0.183115624838));
#8683 = CARTESIAN_POINT('',(-5.911507284428,-0.789888298683,
    -0.142453868364));
#8684 = CARTESIAN_POINT('',(-5.938907357614,-0.801237780607,
    -8.570735634797E-02));
#8685 = CARTESIAN_POINT('',(-5.983466660515,-0.819694848198,
    -3.87528107557E-02));
#8686 = CARTESIAN_POINT('',(-6.042317201069,-0.844071540249,
    -7.338126924801E-03));
#8687 = CARTESIAN_POINT('',(-6.086340129318,-0.862306434185,0.));
#8688 = CARTESIAN_POINT('',(-6.1087,-0.871568195874,0.));
#8689 = ORIENTED_EDGE('',*,*,#8690,.T.);
#8690 = EDGE_CURVE('',#8678,#8632,#8691,.T.);
#8691 = LINE('',#8692,#8693);
#8692 = CARTESIAN_POINT('',(-5.9055,-0.7874,-0.2032));
#8693 = VECTOR('',#8694,1.);
#8694 = DIRECTION('',(0.,1.,0.));
#8695 = ORIENTED_EDGE('',*,*,#8655,.T.);
#8696 = ORIENTED_EDGE('',*,*,#4716,.F.);
#8697 = CYLINDRICAL_SURFACE('',#8698,0.2032);
#8698 = AXIS2_PLACEMENT_3D('',#8699,#8700,#8701);
#8699 = CARTESIAN_POINT('',(-6.1087,-25.81831118086,-0.2032));
#8700 = DIRECTION('',(0.,1.,0.));
#8701 = DIRECTION('',(0.,-0.,1.));
#8702 = ADVANCED_FACE('',(#8703),#8714,.F.);
#8703 = FACE_BOUND('',#8704,.F.);
#8704 = EDGE_LOOP('',(#8705,#8706,#8707,#8708));
#8705 = ORIENTED_EDGE('',*,*,#8690,.T.);
#8706 = ORIENTED_EDGE('',*,*,#8641,.T.);
#8707 = ORIENTED_EDGE('',*,*,#8192,.T.);
#8708 = ORIENTED_EDGE('',*,*,#8709,.F.);
#8709 = EDGE_CURVE('',#8678,#8185,#8710,.T.);
#8710 = LINE('',#8711,#8712);
#8711 = CARTESIAN_POINT('',(-5.9055,-0.7874,-0.2032));
#8712 = VECTOR('',#8713,1.);
#8713 = DIRECTION('',(0.,0.,-1.));
#8714 = PLANE('',#8715);
#8715 = AXIS2_PLACEMENT_3D('',#8716,#8717,#8718);
#8716 = CARTESIAN_POINT('',(-5.9055,0.7874,0.));
#8717 = DIRECTION('',(-1.,0.,0.));
#8718 = DIRECTION('',(0.,-1.,0.));
#8719 = ADVANCED_FACE('',(#8720),#8738,.F.);
#8720 = FACE_BOUND('',#8721,.F.);
#8721 = EDGE_LOOP('',(#8722,#8730,#8731,#8732));
#8722 = ORIENTED_EDGE('',*,*,#8723,.T.);
#8723 = EDGE_CURVE('',#8724,#8678,#8726,.T.);
#8724 = VERTEX_POINT('',#8725);
#8725 = CARTESIAN_POINT('',(-4.9149,-1.778,-0.2032));
#8726 = LINE('',#8727,#8728);
#8727 = CARTESIAN_POINT('',(-4.9149,-1.778,-0.2032));
#8728 = VECTOR('',#8729,1.);
#8729 = DIRECTION('',(-0.707106781187,0.707106781187,0.));
#8730 = ORIENTED_EDGE('',*,*,#8709,.T.);
#8731 = ORIENTED_EDGE('',*,*,#8184,.T.);
#8732 = ORIENTED_EDGE('',*,*,#8733,.F.);
#8733 = EDGE_CURVE('',#8724,#8177,#8734,.T.);
#8734 = LINE('',#8735,#8736);
#8735 = CARTESIAN_POINT('',(-4.9149,-1.778,-0.2032));
#8736 = VECTOR('',#8737,1.);
#8737 = DIRECTION('',(0.,0.,-1.));
#8738 = PLANE('',#8739);
#8739 = AXIS2_PLACEMENT_3D('',#8740,#8741,#8742);
#8740 = CARTESIAN_POINT('',(-5.9055,-0.7874,0.));
#8741 = DIRECTION('',(-0.707106781187,-0.707106781187,0.));
#8742 = DIRECTION('',(0.707106781187,-0.707106781187,0.));
#8743 = ADVANCED_FACE('',(#8744),#8760,.T.);
#8744 = FACE_BOUND('',#8745,.T.);
#8745 = EDGE_LOOP('',(#8746,#8757,#8758,#8759));
#8746 = ORIENTED_EDGE('',*,*,#8747,.F.);
#8747 = EDGE_CURVE('',#8724,#4725,#8748,.T.);
#8748 = B_SPLINE_CURVE_WITH_KNOTS('',3,(#8749,#8750,#8751,#8752,#8753,
    #8754,#8755,#8756),.UNSPECIFIED.,.F.,.F.,(4,1,1,1,1,4),(0.,0.2,0.4,
    0.6,0.8,1.),.QUASI_UNIFORM_KNOTS.);
#8749 = CARTESIAN_POINT('',(-4.9149,-1.778,-0.2032));
#8750 = CARTESIAN_POINT('',(-4.9149,-1.778,-0.183115624838));
#8751 = CARTESIAN_POINT('',(-4.917388298683,-1.784007284428,
    -0.142453868364));
#8752 = CARTESIAN_POINT('',(-4.928737780607,-1.811407357614,
    -8.570735634797E-02));
#8753 = CARTESIAN_POINT('',(-4.947194848198,-1.855966660515,
    -3.87528107557E-02));
#8754 = CARTESIAN_POINT('',(-4.971571540249,-1.914817201069,
    -7.338126924797E-03));
#8755 = CARTESIAN_POINT('',(-4.989806434185,-1.958840129318,0.));
#8756 = CARTESIAN_POINT('',(-4.999068195874,-1.9812,0.));
#8757 = ORIENTED_EDGE('',*,*,#8723,.T.);
#8758 = ORIENTED_EDGE('',*,*,#8677,.T.);
#8759 = ORIENTED_EDGE('',*,*,#4724,.F.);
#8760 = CYLINDRICAL_SURFACE('',#8761,0.2032);
#8761 = AXIS2_PLACEMENT_3D('',#8762,#8763,#8764);
#8762 = CARTESIAN_POINT('',(18.83804298498,-25.81831118086,-0.2032));
#8763 = DIRECTION('',(-0.707106781187,0.707106781187,0.));
#8764 = DIRECTION('',(0.,0.,1.));
#8765 = ADVANCED_FACE('',(#8766),#8777,.T.);
#8766 = FACE_BOUND('',#8767,.T.);
#8767 = EDGE_LOOP('',(#8768,#8769,#8770,#8771));
#8768 = ORIENTED_EDGE('',*,*,#8747,.T.);
#8769 = ORIENTED_EDGE('',*,*,#4732,.F.);
#8770 = ORIENTED_EDGE('',*,*,#8551,.F.);
#8771 = ORIENTED_EDGE('',*,*,#8772,.T.);
#8772 = EDGE_CURVE('',#8523,#8724,#8773,.T.);
#8773 = LINE('',#8774,#8775);
#8774 = CARTESIAN_POINT('',(-2.3495,-1.778,-0.2032));
#8775 = VECTOR('',#8776,1.);
#8776 = DIRECTION('',(-1.,0.,0.));
#8777 = CYLINDRICAL_SURFACE('',#8778,0.2032);
#8778 = AXIS2_PLACEMENT_3D('',#8779,#8780,#8781);
#8779 = CARTESIAN_POINT('',(26.93078688,-1.9812,-0.2032));
#8780 = DIRECTION('',(-1.,0.,0.));
#8781 = DIRECTION('',(0.,0.,1.));
#8782 = ADVANCED_FACE('',(#8783),#8789,.F.);
#8783 = FACE_BOUND('',#8784,.F.);
#8784 = EDGE_LOOP('',(#8785,#8786,#8787,#8788));
#8785 = ORIENTED_EDGE('',*,*,#8772,.T.);
#8786 = ORIENTED_EDGE('',*,*,#8733,.T.);
#8787 = ORIENTED_EDGE('',*,*,#8176,.T.);
#8788 = ORIENTED_EDGE('',*,*,#8530,.F.);
#8789 = PLANE('',#8790);
#8790 = AXIS2_PLACEMENT_3D('',#8791,#8792,#8793);
#8791 = CARTESIAN_POINT('',(-4.9149,-1.778,0.));
#8792 = DIRECTION('',(0.,-1.,0.));
#8793 = DIRECTION('',(1.,0.,0.));
#8794 = ADVANCED_FACE('',(#8795),#8821,.T.);
#8795 = FACE_BOUND('',#8796,.T.);
#8796 = EDGE_LOOP('',(#8797,#8805,#8814,#8820));
#8797 = ORIENTED_EDGE('',*,*,#8798,.F.);
#8798 = EDGE_CURVE('',#8799,#8217,#8801,.T.);
#8799 = VERTEX_POINT('',#8800);
#8800 = CARTESIAN_POINT('',(-4.1275,0.50038,-2.1082));
#8801 = LINE('',#8802,#8803);
#8802 = CARTESIAN_POINT('',(-4.1275,0.50038,-2.1082));
#8803 = VECTOR('',#8804,1.);
#8804 = DIRECTION('',(0.,0.,-1.));
#8805 = ORIENTED_EDGE('',*,*,#8806,.T.);
#8806 = EDGE_CURVE('',#8799,#8807,#8809,.T.);
#8807 = VERTEX_POINT('',#8808);
#8808 = CARTESIAN_POINT('',(-4.1275,-0.50038,-2.1082));
#8809 = CIRCLE('',#8810,0.50038);
#8810 = AXIS2_PLACEMENT_3D('',#8811,#8812,#8813);
#8811 = CARTESIAN_POINT('',(-4.1275,0.,-2.1082));
#8812 = DIRECTION('',(0.,0.,-1.));
#8813 = DIRECTION('',(0.,1.,0.));
#8814 = ORIENTED_EDGE('',*,*,#8815,.T.);
#8815 = EDGE_CURVE('',#8807,#8219,#8816,.T.);
#8816 = LINE('',#8817,#8818);
#8817 = CARTESIAN_POINT('',(-4.1275,-0.50038,-2.1082));
#8818 = VECTOR('',#8819,1.);
#8819 = DIRECTION('',(0.,0.,-1.));
#8820 = ORIENTED_EDGE('',*,*,#8216,.F.);
#8821 = CYLINDRICAL_SURFACE('',#8822,0.50038);
#8822 = AXIS2_PLACEMENT_3D('',#8823,#8824,#8825);
#8823 = CARTESIAN_POINT('',(-4.1275,0.,-2.1082));
#8824 = DIRECTION('',(0.,0.,-1.));
#8825 = DIRECTION('',(0.,1.,0.));
#8826 = ADVANCED_FACE('',(#8827),#8839,.T.);
#8827 = FACE_BOUND('',#8828,.T.);
#8828 = EDGE_LOOP('',(#8829,#8830,#8837,#8838));
#8829 = ORIENTED_EDGE('',*,*,#8815,.F.);
#8830 = ORIENTED_EDGE('',*,*,#8831,.T.);
#8831 = EDGE_CURVE('',#8807,#8799,#8832,.T.);
#8832 = CIRCLE('',#8833,0.50038);
#8833 = AXIS2_PLACEMENT_3D('',#8834,#8835,#8836);
#8834 = CARTESIAN_POINT('',(-4.1275,0.,-2.1082));
#8835 = DIRECTION('',(0.,0.,-1.));
#8836 = DIRECTION('',(0.,-1.,0.));
#8837 = ORIENTED_EDGE('',*,*,#8798,.T.);
#8838 = ORIENTED_EDGE('',*,*,#8227,.F.);
#8839 = CYLINDRICAL_SURFACE('',#8840,0.50038);
#8840 = AXIS2_PLACEMENT_3D('',#8841,#8842,#8843);
#8841 = CARTESIAN_POINT('',(-4.1275,0.,-2.1082));
#8842 = DIRECTION('',(0.,0.,-1.));
#8843 = DIRECTION('',(0.,1.,0.));
#8844 = ADVANCED_FACE('',(#8845),#8849,.F.);
#8845 = FACE_BOUND('',#8846,.F.);
#8846 = EDGE_LOOP('',(#8847,#8848));
#8847 = ORIENTED_EDGE('',*,*,#8806,.T.);
#8848 = ORIENTED_EDGE('',*,*,#8831,.T.);
#8849 = PLANE('',#8850);
#8850 = AXIS2_PLACEMENT_3D('',#8851,#8852,#8853);
#8851 = CARTESIAN_POINT('',(-4.1275,0.,-2.1082));
#8852 = DIRECTION('',(0.,0.,-1.));
#8853 = DIRECTION('',(0.,1.,0.));
#8854 = ADVANCED_FACE('',(#8855),#8881,.T.);
#8855 = FACE_BOUND('',#8856,.T.);
#8856 = EDGE_LOOP('',(#8857,#8865,#8874,#8880));
#8857 = ORIENTED_EDGE('',*,*,#8858,.F.);
#8858 = EDGE_CURVE('',#8859,#8107,#8861,.T.);
#8859 = VERTEX_POINT('',#8860);
#8860 = CARTESIAN_POINT('',(1.27E-02,0.50038,-2.1082));
#8861 = LINE('',#8862,#8863);
#8862 = CARTESIAN_POINT('',(1.27E-02,0.50038,-2.1082));
#8863 = VECTOR('',#8864,1.);
#8864 = DIRECTION('',(0.,0.,-1.));
#8865 = ORIENTED_EDGE('',*,*,#8866,.T.);
#8866 = EDGE_CURVE('',#8859,#8867,#8869,.T.);
#8867 = VERTEX_POINT('',#8868);
#8868 = CARTESIAN_POINT('',(1.27E-02,-0.50038,-2.1082));
#8869 = CIRCLE('',#8870,0.50038);
#8870 = AXIS2_PLACEMENT_3D('',#8871,#8872,#8873);
#8871 = CARTESIAN_POINT('',(1.27E-02,0.,-2.1082));
#8872 = DIRECTION('',(0.,0.,-1.));
#8873 = DIRECTION('',(0.,1.,0.));
#8874 = ORIENTED_EDGE('',*,*,#8875,.T.);
#8875 = EDGE_CURVE('',#8867,#8109,#8876,.T.);
#8876 = LINE('',#8877,#8878);
#8877 = CARTESIAN_POINT('',(1.27E-02,-0.50038,-2.1082));
#8878 = VECTOR('',#8879,1.);
#8879 = DIRECTION('',(0.,0.,-1.));
#8880 = ORIENTED_EDGE('',*,*,#8106,.F.);
#8881 = CYLINDRICAL_SURFACE('',#8882,0.50038);
#8882 = AXIS2_PLACEMENT_3D('',#8883,#8884,#8885);
#8883 = CARTESIAN_POINT('',(1.27E-02,0.,-2.1082));
#8884 = DIRECTION('',(0.,0.,-1.));
#8885 = DIRECTION('',(0.,1.,0.));
#8886 = ADVANCED_FACE('',(#8887),#8899,.T.);
#8887 = FACE_BOUND('',#8888,.T.);
#8888 = EDGE_LOOP('',(#8889,#8890,#8897,#8898));
#8889 = ORIENTED_EDGE('',*,*,#8875,.F.);
#8890 = ORIENTED_EDGE('',*,*,#8891,.T.);
#8891 = EDGE_CURVE('',#8867,#8859,#8892,.T.);
#8892 = CIRCLE('',#8893,0.50038);
#8893 = AXIS2_PLACEMENT_3D('',#8894,#8895,#8896);
#8894 = CARTESIAN_POINT('',(1.27E-02,0.,-2.1082));
#8895 = DIRECTION('',(0.,0.,-1.));
#8896 = DIRECTION('',(0.,-1.,0.));
#8897 = ORIENTED_EDGE('',*,*,#8858,.T.);
#8898 = ORIENTED_EDGE('',*,*,#8117,.F.);
#8899 = CYLINDRICAL_SURFACE('',#8900,0.50038);
#8900 = AXIS2_PLACEMENT_3D('',#8901,#8902,#8903);
#8901 = CARTESIAN_POINT('',(1.27E-02,0.,-2.1082));
#8902 = DIRECTION('',(0.,0.,-1.));
#8903 = DIRECTION('',(0.,1.,0.));
#8904 = ADVANCED_FACE('',(#8905),#8909,.F.);
#8905 = FACE_BOUND('',#8906,.F.);
#8906 = EDGE_LOOP('',(#8907,#8908));
#8907 = ORIENTED_EDGE('',*,*,#8866,.T.);
#8908 = ORIENTED_EDGE('',*,*,#8891,.T.);
#8909 = PLANE('',#8910);
#8910 = AXIS2_PLACEMENT_3D('',#8911,#8912,#8913);
#8911 = CARTESIAN_POINT('',(1.27E-02,0.,-2.1082));
#8912 = DIRECTION('',(0.,0.,-1.));
#8913 = DIRECTION('',(0.,1.,0.));
#8914 = ADVANCED_FACE('',(#8915),#8941,.T.);
#8915 = FACE_BOUND('',#8916,.T.);
#8916 = EDGE_LOOP('',(#8917,#8925,#8934,#8940));
#8917 = ORIENTED_EDGE('',*,*,#8918,.F.);
#8918 = EDGE_CURVE('',#8919,#8141,#8921,.T.);
#8919 = VERTEX_POINT('',#8920);
#8920 = CARTESIAN_POINT('',(4.1529,0.50038,-2.1082));
#8921 = LINE('',#8922,#8923);
#8922 = CARTESIAN_POINT('',(4.1529,0.50038,-2.1082));
#8923 = VECTOR('',#8924,1.);
#8924 = DIRECTION('',(0.,0.,-1.));
#8925 = ORIENTED_EDGE('',*,*,#8926,.T.);
#8926 = EDGE_CURVE('',#8919,#8927,#8929,.T.);
#8927 = VERTEX_POINT('',#8928);
#8928 = CARTESIAN_POINT('',(4.1529,-0.50038,-2.1082));
#8929 = CIRCLE('',#8930,0.50038);
#8930 = AXIS2_PLACEMENT_3D('',#8931,#8932,#8933);
#8931 = CARTESIAN_POINT('',(4.1529,0.,-2.1082));
#8932 = DIRECTION('',(0.,0.,-1.));
#8933 = DIRECTION('',(0.,1.,0.));
#8934 = ORIENTED_EDGE('',*,*,#8935,.T.);
#8935 = EDGE_CURVE('',#8927,#8143,#8936,.T.);
#8936 = LINE('',#8937,#8938);
#8937 = CARTESIAN_POINT('',(4.1529,-0.50038,-2.1082));
#8938 = VECTOR('',#8939,1.);
#8939 = DIRECTION('',(0.,0.,-1.));
#8940 = ORIENTED_EDGE('',*,*,#8140,.F.);
#8941 = CYLINDRICAL_SURFACE('',#8942,0.50038);
#8942 = AXIS2_PLACEMENT_3D('',#8943,#8944,#8945);
#8943 = CARTESIAN_POINT('',(4.1529,0.,-2.1082));
#8944 = DIRECTION('',(0.,0.,-1.));
#8945 = DIRECTION('',(0.,1.,0.));
#8946 = ADVANCED_FACE('',(#8947),#8959,.T.);
#8947 = FACE_BOUND('',#8948,.T.);
#8948 = EDGE_LOOP('',(#8949,#8950,#8957,#8958));
#8949 = ORIENTED_EDGE('',*,*,#8935,.F.);
#8950 = ORIENTED_EDGE('',*,*,#8951,.T.);
#8951 = EDGE_CURVE('',#8927,#8919,#8952,.T.);
#8952 = CIRCLE('',#8953,0.50038);
#8953 = AXIS2_PLACEMENT_3D('',#8954,#8955,#8956);
#8954 = CARTESIAN_POINT('',(4.1529,0.,-2.1082));
#8955 = DIRECTION('',(0.,0.,-1.));
#8956 = DIRECTION('',(0.,-1.,0.));
#8957 = ORIENTED_EDGE('',*,*,#8918,.T.);
#8958 = ORIENTED_EDGE('',*,*,#8151,.F.);
#8959 = CYLINDRICAL_SURFACE('',#8960,0.50038);
#8960 = AXIS2_PLACEMENT_3D('',#8961,#8962,#8963);
#8961 = CARTESIAN_POINT('',(4.1529,0.,-2.1082));
#8962 = DIRECTION('',(0.,0.,-1.));
#8963 = DIRECTION('',(0.,1.,0.));
#8964 = ADVANCED_FACE('',(#8965),#8969,.F.);
#8965 = FACE_BOUND('',#8966,.F.);
#8966 = EDGE_LOOP('',(#8967,#8968));
#8967 = ORIENTED_EDGE('',*,*,#8926,.T.);
#8968 = ORIENTED_EDGE('',*,*,#8951,.T.);
#8969 = PLANE('',#8970);
#8970 = AXIS2_PLACEMENT_3D('',#8971,#8972,#8973);
#8971 = CARTESIAN_POINT('',(4.1529,0.,-2.1082));
#8972 = DIRECTION('',(0.,0.,-1.));
#8973 = DIRECTION('',(0.,1.,0.));
#8974 = ( GEOMETRIC_REPRESENTATION_CONTEXT(3) 
GLOBAL_UNCERTAINTY_ASSIGNED_CONTEXT((#8978)) 
GLOBAL_UNIT_ASSIGNED_CONTEXT((#8975,#8976,#8977)) REPRESENTATION_CONTEXT
('Context #1','3D Context with UNIT and UNCERTAINTY') );
#8975 = ( LENGTH_UNIT() NAMED_UNIT(*) SI_UNIT(.MILLI.,.METRE.) );
#8976 = ( NAMED_UNIT(*) PLANE_ANGLE_UNIT() SI_UNIT($,.RADIAN.) );
#8977 = ( NAMED_UNIT(*) SI_UNIT($,.STERADIAN.) SOLID_ANGLE_UNIT() );
#8978 = UNCERTAINTY_MEASURE_WITH_UNIT(LENGTH_MEASURE(1.E-05),#8975,
  'distance_accuracy_value','confusion accuracy');
#8979 = CONTEXT_DEPENDENT_SHAPE_REPRESENTATION(#8980,#8982);
#8980 = ( REPRESENTATION_RELATIONSHIP('','',#4533,#4510) 
REPRESENTATION_RELATIONSHIP_WITH_TRANSFORMATION(#8981) 
SHAPE_REPRESENTATION_RELATIONSHIP() );
#8981 = ITEM_DEFINED_TRANSFORMATION('','',#11,#4511);
#8982 = PRODUCT_DEFINITION_SHAPE('Placement','Placement of an item',
  #8983);
#8983 = NEXT_ASSEMBLY_USAGE_OCCURRENCE('10','=>[0:1:1:11]','',#4505,
  #4528,$);
#8984 = PRODUCT_RELATED_PRODUCT_CATEGORY('part',$,(#4530));
#8985 = SHAPE_DEFINITION_REPRESENTATION(#8986,#8992);
#8986 = PRODUCT_DEFINITION_SHAPE('','',#8987);
#8987 = PRODUCT_DEFINITION('design','',#8988,#8991);
#8988 = PRODUCT_DEFINITION_FORMATION('','',#8989);
#8989 = PRODUCT('SOIC-8_3.9x4.9mm_P1.27mm','SOIC-8_3.9x4.9mm_P1.27mm',''
  ,(#8990));
#8990 = PRODUCT_CONTEXT('',#2,'mechanical');
#8991 = PRODUCT_DEFINITION_CONTEXT('part definition',#2,'design');
#8992 = SHAPE_REPRESENTATION('',(#11,#8993),#8997);
#8993 = AXIS2_PLACEMENT_3D('',#8994,#8995,#8996);
#8994 = CARTESIAN_POINT('',(0.,0.,0.));
#8995 = DIRECTION('',(0.,0.,1.));
#8996 = DIRECTION('',(1.,0.,-0.));
#8997 = ( GEOMETRIC_REPRESENTATION_CONTEXT(3) 
GLOBAL_UNCERTAINTY_ASSIGNED_CONTEXT((#9001)) 
GLOBAL_UNIT_ASSIGNED_CONTEXT((#8998,#8999,#9000)) REPRESENTATION_CONTEXT
('Context #1','3D Context with UNIT and UNCERTAINTY') );
#8998 = ( LENGTH_UNIT() NAMED_UNIT(*) SI_UNIT(.MILLI.,.METRE.) );
#8999 = ( NAMED_UNIT(*) PLANE_ANGLE_UNIT() SI_UNIT($,.RADIAN.) );
#9000 = ( NAMED_UNIT(*) SI_UNIT($,.STERADIAN.) SOLID_ANGLE_UNIT() );
#9001 = UNCERTAINTY_MEASURE_WITH_UNIT(LENGTH_MEASURE(2.E-06),#8998,
  'distance_accuracy_value','confusion accuracy');
#9002 = CONTEXT_DEPENDENT_SHAPE_REPRESENTATION(#9003,#9005);
#9003 = ( REPRESENTATION_RELATIONSHIP('','',#8992,#10) 
REPRESENTATION_RELATIONSHIP_WITH_TRANSFORMATION(#9004) 
SHAPE_REPRESENTATION_RELATIONSHIP() );
#9004 = ITEM_DEFINED_TRANSFORMATION('','',#11,#39);
#9005 = PRODUCT_DEFINITION_SHAPE('Placement','Placement of an item',
  #9006);
#9006 = NEXT_ASSEMBLY_USAGE_OCCURRENCE('13','U2','',#5,#8987,$);
#9007 = PRODUCT_RELATED_PRODUCT_CATEGORY('part',$,(#8989));
#9008 = SHAPE_DEFINITION_REPRESENTATION(#9009,#9015);
#9009 = PRODUCT_DEFINITION_SHAPE('','',#9010);
#9010 = PRODUCT_DEFINITION('design','',#9011,#9014);
#9011 = PRODUCT_DEFINITION_FORMATION('','',#9012);
#9012 = PRODUCT('SOIC_8_39x49mm_P127mm','SOIC_8_39x49mm_P127mm','',(
    #9013));
#9013 = PRODUCT_CONTEXT('',#2,'mechanical');
#9014 = PRODUCT_DEFINITION_CONTEXT('part definition',#2,'design');
#9015 = ADVANCED_BREP_SHAPE_REPRESENTATION('',(#11,#9016),#13623);
#9016 = MANIFOLD_SOLID_BREP('',#9017);
#9017 = CLOSED_SHELL('',(#9018,#9060,#9091,#9122,#9206,#9290,#9383,#9400
    ,#9423,#9461,#9478,#9495,#9512,#9529,#9546,#9558,#9582,#9645,#9668,
    #9691,#9721,#9752,#9783,#9814,#9845,#9876,#9899,#9922,#10008,#10025,
    #10117,#10140,#10163,#10186,#10273,#10290,#10313,#10405,#10426,
    #10518,#10535,#10627,#10649,#10674,#10758,#10850,#10867,#10889,
    #10912,#10935,#10958,#11025,#11048,#11067,#11086,#11105,#11122,
    #11139,#11156,#11173,#11190,#11207,#11224,#11236,#11259,#11282,
    #11306,#11336,#11367,#11398,#11429,#11460,#11491,#11522,#11553,
    #11570,#11586,#11603,#11620,#11637,#11654,#11671,#11688,#11705,
    #11717,#11734,#11751,#11768,#11785,#11802,#11819,#11836,#11848,
    #11871,#11887,#11910,#11997,#12020,#12037,#12062,#12078,#12094,
    #12111,#12203,#12295,#12316,#12341,#12425,#12517,#12534,#12556,
    #12648,#12740,#12762,#12787,#12871,#12963,#12980,#13002,#13014,
    #13033,#13052,#13071,#13090,#13099,#13116,#13133,#13150,#13167,
    #13184,#13201,#13218,#13230,#13247,#13264,#13281,#13298,#13315,
    #13332,#13349,#13361,#13378,#13395,#13412,#13429,#13446,#13463,
    #13480,#13492,#13509,#13526,#13543,#13560,#13577,#13594,#13611));
#9018 = ADVANCED_FACE('',(#9019),#9055,.F.);
#9019 = FACE_BOUND('',#9020,.F.);
#9020 = EDGE_LOOP('',(#9021,#9031,#9040,#9048));
#9021 = ORIENTED_EDGE('',*,*,#9022,.T.);
#9022 = EDGE_CURVE('',#9023,#9025,#9027,.T.);
#9023 = VERTEX_POINT('',#9024);
#9024 = CARTESIAN_POINT('',(2.25,2.11,0.825));
#9025 = VERTEX_POINT('',#9026);
#9026 = CARTESIAN_POINT('',(2.25,1.7,0.825));
#9027 = LINE('',#9028,#9029);
#9028 = CARTESIAN_POINT('',(2.25,2.11,0.825));
#9029 = VECTOR('',#9030,1.);
#9030 = DIRECTION('',(2.22044604925E-16,-1.,0.));
#9031 = ORIENTED_EDGE('',*,*,#9032,.T.);
#9032 = EDGE_CURVE('',#9025,#9033,#9035,.T.);
#9033 = VERTEX_POINT('',#9034);
#9034 = CARTESIAN_POINT('',(2.35,1.7,0.725));
#9035 = CIRCLE('',#9036,0.1);
#9036 = AXIS2_PLACEMENT_3D('',#9037,#9038,#9039);
#9037 = CARTESIAN_POINT('',(2.25,1.7,0.725));
#9038 = DIRECTION('',(-2.22044604925E-16,1.,0.));
#9039 = DIRECTION('',(4.440892098501E-15,9.860761315262E-31,1.));
#9040 = ORIENTED_EDGE('',*,*,#9041,.F.);
#9041 = EDGE_CURVE('',#9042,#9033,#9044,.T.);
#9042 = VERTEX_POINT('',#9043);
#9043 = CARTESIAN_POINT('',(2.35,2.11,0.725));
#9044 = LINE('',#9045,#9046);
#9045 = CARTESIAN_POINT('',(2.35,2.11,0.725));
#9046 = VECTOR('',#9047,1.);
#9047 = DIRECTION('',(2.22044604925E-16,-1.,0.));
#9048 = ORIENTED_EDGE('',*,*,#9049,.F.);
#9049 = EDGE_CURVE('',#9023,#9042,#9050,.T.);
#9050 = CIRCLE('',#9051,0.1);
#9051 = AXIS2_PLACEMENT_3D('',#9052,#9053,#9054);
#9052 = CARTESIAN_POINT('',(2.25,2.11,0.725));
#9053 = DIRECTION('',(-2.22044604925E-16,1.,0.));
#9054 = DIRECTION('',(4.440892098501E-15,9.860761315262E-31,1.));
#9055 = CYLINDRICAL_SURFACE('',#9056,0.1);
#9056 = AXIS2_PLACEMENT_3D('',#9057,#9058,#9059);
#9057 = CARTESIAN_POINT('',(2.25,2.11,0.725));
#9058 = DIRECTION('',(-2.22044604925E-16,1.,0.));
#9059 = DIRECTION('',(4.440892098501E-15,9.860761315262E-31,1.));
#9060 = ADVANCED_FACE('',(#9061),#9086,.F.);
#9061 = FACE_BOUND('',#9062,.F.);
#9062 = EDGE_LOOP('',(#9063,#9071,#9079,#9085));
#9063 = ORIENTED_EDGE('',*,*,#9064,.F.);
#9064 = EDGE_CURVE('',#9065,#9023,#9067,.T.);
#9065 = VERTEX_POINT('',#9066);
#9066 = CARTESIAN_POINT('',(1.95,2.11,0.825));
#9067 = LINE('',#9068,#9069);
#9068 = CARTESIAN_POINT('',(1.8,2.11,0.825));
#9069 = VECTOR('',#9070,1.);
#9070 = DIRECTION('',(1.,2.22044604925E-16,0.));
#9071 = ORIENTED_EDGE('',*,*,#9072,.T.);
#9072 = EDGE_CURVE('',#9065,#9073,#9075,.T.);
#9073 = VERTEX_POINT('',#9074);
#9074 = CARTESIAN_POINT('',(1.95,1.7,0.825));
#9075 = LINE('',#9076,#9077);
#9076 = CARTESIAN_POINT('',(1.95,2.275,0.825));
#9077 = VECTOR('',#9078,1.);
#9078 = DIRECTION('',(2.22044604925E-16,-1.,0.));
#9079 = ORIENTED_EDGE('',*,*,#9080,.T.);
#9080 = EDGE_CURVE('',#9073,#9025,#9081,.T.);
#9081 = LINE('',#9082,#9083);
#9082 = CARTESIAN_POINT('',(1.8,1.7,0.825));
#9083 = VECTOR('',#9084,1.);
#9084 = DIRECTION('',(1.,2.22044604925E-16,0.));
#9085 = ORIENTED_EDGE('',*,*,#9022,.F.);
#9086 = PLANE('',#9087);
#9087 = AXIS2_PLACEMENT_3D('',#9088,#9089,#9090);
#9088 = CARTESIAN_POINT('',(1.8,2.11,0.825));
#9089 = DIRECTION('',(0.,0.,1.));
#9090 = DIRECTION('',(1.,2.22044604925E-16,-0.));
#9091 = ADVANCED_FACE('',(#9092),#9117,.F.);
#9092 = FACE_BOUND('',#9093,.F.);
#9093 = EDGE_LOOP('',(#9094,#9095,#9103,#9111));
#9094 = ORIENTED_EDGE('',*,*,#9041,.T.);
#9095 = ORIENTED_EDGE('',*,*,#9096,.T.);
#9096 = EDGE_CURVE('',#9033,#9097,#9099,.T.);
#9097 = VERTEX_POINT('',#9098);
#9098 = CARTESIAN_POINT('',(2.35,1.7,0.3));
#9099 = LINE('',#9100,#9101);
#9100 = CARTESIAN_POINT('',(2.35,1.7,0.725));
#9101 = VECTOR('',#9102,1.);
#9102 = DIRECTION('',(1.044915787883E-15,2.320179133003E-31,-1.));
#9103 = ORIENTED_EDGE('',*,*,#9104,.F.);
#9104 = EDGE_CURVE('',#9105,#9097,#9107,.T.);
#9105 = VERTEX_POINT('',#9106);
#9106 = CARTESIAN_POINT('',(2.35,2.11,0.3));
#9107 = LINE('',#9108,#9109);
#9108 = CARTESIAN_POINT('',(2.35,2.11,0.3));
#9109 = VECTOR('',#9110,1.);
#9110 = DIRECTION('',(2.22044604925E-16,-1.,0.));
#9111 = ORIENTED_EDGE('',*,*,#9112,.F.);
#9112 = EDGE_CURVE('',#9042,#9105,#9113,.T.);
#9113 = LINE('',#9114,#9115);
#9114 = CARTESIAN_POINT('',(2.35,2.11,0.725));
#9115 = VECTOR('',#9116,1.);
#9116 = DIRECTION('',(1.044915787883E-15,2.320179133003E-31,-1.));
#9117 = PLANE('',#9118);
#9118 = AXIS2_PLACEMENT_3D('',#9119,#9120,#9121);
#9119 = CARTESIAN_POINT('',(2.35,2.11,0.725));
#9120 = DIRECTION('',(1.,2.22044604925E-16,1.044915787883E-15));
#9121 = DIRECTION('',(1.044915787883E-15,2.320179133003E-31,-1.));
#9122 = ADVANCED_FACE('',(#9123),#9201,.F.);
#9123 = FACE_BOUND('',#9124,.F.);
#9124 = EDGE_LOOP('',(#9125,#9133,#9134,#9135,#9136,#9145,#9153,#9161,
    #9169,#9178,#9186,#9195));
#9125 = ORIENTED_EDGE('',*,*,#9126,.F.);
#9126 = EDGE_CURVE('',#9065,#9127,#9129,.T.);
#9127 = VERTEX_POINT('',#9128);
#9128 = CARTESIAN_POINT('',(1.95,2.11,1.025));
#9129 = LINE('',#9130,#9131);
#9130 = CARTESIAN_POINT('',(1.95,2.11,0.778829828783));
#9131 = VECTOR('',#9132,1.);
#9132 = DIRECTION('',(0.,0.,1.));
#9133 = ORIENTED_EDGE('',*,*,#9064,.T.);
#9134 = ORIENTED_EDGE('',*,*,#9049,.T.);
#9135 = ORIENTED_EDGE('',*,*,#9112,.T.);
#9136 = ORIENTED_EDGE('',*,*,#9137,.T.);
#9137 = EDGE_CURVE('',#9105,#9138,#9140,.T.);
#9138 = VERTEX_POINT('',#9139);
#9139 = CARTESIAN_POINT('',(2.65,2.11,5.551115123126E-17));
#9140 = CIRCLE('',#9141,0.3);
#9141 = AXIS2_PLACEMENT_3D('',#9142,#9143,#9144);
#9142 = CARTESIAN_POINT('',(2.65,2.11,0.3));
#9143 = DIRECTION('',(2.22044604925E-16,-1.,0.));
#9144 = DIRECTION('',(-1.,-2.22044604925E-16,3.515706244646E-15));
#9145 = ORIENTED_EDGE('',*,*,#9146,.T.);
#9146 = EDGE_CURVE('',#9138,#9147,#9149,.T.);
#9147 = VERTEX_POINT('',#9148);
#9148 = CARTESIAN_POINT('',(3.,2.11,5.551115123126E-17));
#9149 = LINE('',#9150,#9151);
#9150 = CARTESIAN_POINT('',(2.65,2.11,5.551115123126E-17));
#9151 = VECTOR('',#9152,1.);
#9152 = DIRECTION('',(1.,2.22044604925E-16,0.));
#9153 = ORIENTED_EDGE('',*,*,#9154,.T.);
#9154 = EDGE_CURVE('',#9147,#9155,#9157,.T.);
#9155 = VERTEX_POINT('',#9156);
#9156 = CARTESIAN_POINT('',(3.,2.11,0.2));
#9157 = LINE('',#9158,#9159);
#9158 = CARTESIAN_POINT('',(3.,2.11,5.551115123126E-17));
#9159 = VECTOR('',#9160,1.);
#9160 = DIRECTION('',(0.,0.,1.));
#9161 = ORIENTED_EDGE('',*,*,#9162,.T.);
#9162 = EDGE_CURVE('',#9155,#9163,#9165,.T.);
#9163 = VERTEX_POINT('',#9164);
#9164 = CARTESIAN_POINT('',(2.65,2.11,0.2));
#9165 = LINE('',#9166,#9167);
#9166 = CARTESIAN_POINT('',(3.,2.11,0.2));
#9167 = VECTOR('',#9168,1.);
#9168 = DIRECTION('',(-1.,-2.22044604925E-16,0.));
#9169 = ORIENTED_EDGE('',*,*,#9170,.T.);
#9170 = EDGE_CURVE('',#9163,#9171,#9173,.T.);
#9171 = VERTEX_POINT('',#9172);
#9172 = CARTESIAN_POINT('',(2.55,2.11,0.3));
#9173 = CIRCLE('',#9174,0.1);
#9174 = AXIS2_PLACEMENT_3D('',#9175,#9176,#9177);
#9175 = CARTESIAN_POINT('',(2.65,2.11,0.3));
#9176 = DIRECTION('',(-2.22044604925E-16,1.,0.));
#9177 = DIRECTION('',(0.,0.,-1.));
#9178 = ORIENTED_EDGE('',*,*,#9179,.T.);
#9179 = EDGE_CURVE('',#9171,#9180,#9182,.T.);
#9180 = VERTEX_POINT('',#9181);
#9181 = CARTESIAN_POINT('',(2.55,2.11,0.725));
#9182 = LINE('',#9183,#9184);
#9183 = CARTESIAN_POINT('',(2.55,2.11,0.3));
#9184 = VECTOR('',#9185,1.);
#9185 = DIRECTION('',(0.,0.,1.));
#9186 = ORIENTED_EDGE('',*,*,#9187,.T.);
#9187 = EDGE_CURVE('',#9180,#9188,#9190,.T.);
#9188 = VERTEX_POINT('',#9189);
#9189 = CARTESIAN_POINT('',(2.25,2.11,1.025));
#9190 = CIRCLE('',#9191,0.3);
#9191 = AXIS2_PLACEMENT_3D('',#9192,#9193,#9194);
#9192 = CARTESIAN_POINT('',(2.25,2.11,0.725));
#9193 = DIRECTION('',(2.22044604925E-16,-1.,0.));
#9194 = DIRECTION('',(1.,2.22044604925E-16,3.700743415417E-16));
#9195 = ORIENTED_EDGE('',*,*,#9196,.T.);
#9196 = EDGE_CURVE('',#9188,#9127,#9197,.T.);
#9197 = LINE('',#9198,#9199);
#9198 = CARTESIAN_POINT('',(2.25,2.11,1.025));
#9199 = VECTOR('',#9200,1.);
#9200 = DIRECTION('',(-1.,-2.22044604925E-16,0.));
#9201 = PLANE('',#9202);
#9202 = AXIS2_PLACEMENT_3D('',#9203,#9204,#9205);
#9203 = CARTESIAN_POINT('',(2.41578967201,2.11,0.532659657565));
#9204 = DIRECTION('',(2.22044604925E-16,-1.,0.));
#9205 = DIRECTION('',(0.,0.,1.));
#9206 = ADVANCED_FACE('',(#9207),#9285,.T.);
#9207 = FACE_BOUND('',#9208,.T.);
#9208 = EDGE_LOOP('',(#9209,#9217,#9218,#9219,#9220,#9229,#9237,#9245,
    #9253,#9262,#9270,#9279));
#9209 = ORIENTED_EDGE('',*,*,#9210,.F.);
#9210 = EDGE_CURVE('',#9073,#9211,#9213,.T.);
#9211 = VERTEX_POINT('',#9212);
#9212 = CARTESIAN_POINT('',(1.95,1.7,1.025));
#9213 = LINE('',#9214,#9215);
#9214 = CARTESIAN_POINT('',(1.95,1.7,0.778829828783));
#9215 = VECTOR('',#9216,1.);
#9216 = DIRECTION('',(0.,0.,1.));
#9217 = ORIENTED_EDGE('',*,*,#9080,.T.);
#9218 = ORIENTED_EDGE('',*,*,#9032,.T.);
#9219 = ORIENTED_EDGE('',*,*,#9096,.T.);
#9220 = ORIENTED_EDGE('',*,*,#9221,.T.);
#9221 = EDGE_CURVE('',#9097,#9222,#9224,.T.);
#9222 = VERTEX_POINT('',#9223);
#9223 = CARTESIAN_POINT('',(2.65,1.7,5.551115123126E-17));
#9224 = CIRCLE('',#9225,0.3);
#9225 = AXIS2_PLACEMENT_3D('',#9226,#9227,#9228);
#9226 = CARTESIAN_POINT('',(2.65,1.7,0.3));
#9227 = DIRECTION('',(2.22044604925E-16,-1.,0.));
#9228 = DIRECTION('',(-1.,-2.22044604925E-16,3.515706244646E-15));
#9229 = ORIENTED_EDGE('',*,*,#9230,.T.);
#9230 = EDGE_CURVE('',#9222,#9231,#9233,.T.);
#9231 = VERTEX_POINT('',#9232);
#9232 = CARTESIAN_POINT('',(3.,1.7,5.551115123126E-17));
#9233 = LINE('',#9234,#9235);
#9234 = CARTESIAN_POINT('',(2.65,1.7,5.551115123126E-17));
#9235 = VECTOR('',#9236,1.);
#9236 = DIRECTION('',(1.,2.22044604925E-16,0.));
#9237 = ORIENTED_EDGE('',*,*,#9238,.T.);
#9238 = EDGE_CURVE('',#9231,#9239,#9241,.T.);
#9239 = VERTEX_POINT('',#9240);
#9240 = CARTESIAN_POINT('',(3.,1.7,0.2));
#9241 = LINE('',#9242,#9243);
#9242 = CARTESIAN_POINT('',(3.,1.7,5.551115123126E-17));
#9243 = VECTOR('',#9244,1.);
#9244 = DIRECTION('',(0.,0.,1.));
#9245 = ORIENTED_EDGE('',*,*,#9246,.T.);
#9246 = EDGE_CURVE('',#9239,#9247,#9249,.T.);
#9247 = VERTEX_POINT('',#9248);
#9248 = CARTESIAN_POINT('',(2.65,1.7,0.2));
#9249 = LINE('',#9250,#9251);
#9250 = CARTESIAN_POINT('',(3.,1.7,0.2));
#9251 = VECTOR('',#9252,1.);
#9252 = DIRECTION('',(-1.,-2.22044604925E-16,0.));
#9253 = ORIENTED_EDGE('',*,*,#9254,.T.);
#9254 = EDGE_CURVE('',#9247,#9255,#9257,.T.);
#9255 = VERTEX_POINT('',#9256);
#9256 = CARTESIAN_POINT('',(2.55,1.7,0.3));
#9257 = CIRCLE('',#9258,0.1);
#9258 = AXIS2_PLACEMENT_3D('',#9259,#9260,#9261);
#9259 = CARTESIAN_POINT('',(2.65,1.7,0.3));
#9260 = DIRECTION('',(-2.22044604925E-16,1.,0.));
#9261 = DIRECTION('',(0.,0.,-1.));
#9262 = ORIENTED_EDGE('',*,*,#9263,.T.);
#9263 = EDGE_CURVE('',#9255,#9264,#9266,.T.);
#9264 = VERTEX_POINT('',#9265);
#9265 = CARTESIAN_POINT('',(2.55,1.7,0.725));
#9266 = LINE('',#9267,#9268);
#9267 = CARTESIAN_POINT('',(2.55,1.7,0.3));
#9268 = VECTOR('',#9269,1.);
#9269 = DIRECTION('',(0.,0.,1.));
#9270 = ORIENTED_EDGE('',*,*,#9271,.T.);
#9271 = EDGE_CURVE('',#9264,#9272,#9274,.T.);
#9272 = VERTEX_POINT('',#9273);
#9273 = CARTESIAN_POINT('',(2.25,1.7,1.025));
#9274 = CIRCLE('',#9275,0.3);
#9275 = AXIS2_PLACEMENT_3D('',#9276,#9277,#9278);
#9276 = CARTESIAN_POINT('',(2.25,1.7,0.725));
#9277 = DIRECTION('',(2.22044604925E-16,-1.,0.));
#9278 = DIRECTION('',(1.,2.22044604925E-16,3.700743415417E-16));
#9279 = ORIENTED_EDGE('',*,*,#9280,.T.);
#9280 = EDGE_CURVE('',#9272,#9211,#9281,.T.);
#9281 = LINE('',#9282,#9283);
#9282 = CARTESIAN_POINT('',(2.25,1.7,1.025));
#9283 = VECTOR('',#9284,1.);
#9284 = DIRECTION('',(-1.,-2.22044604925E-16,0.));
#9285 = PLANE('',#9286);
#9286 = AXIS2_PLACEMENT_3D('',#9287,#9288,#9289);
#9287 = CARTESIAN_POINT('',(2.41578967201,1.7,0.532659657565));
#9288 = DIRECTION('',(2.22044604925E-16,-1.,0.));
#9289 = DIRECTION('',(0.,0.,1.));
#9290 = ADVANCED_FACE('',(#9291),#9378,.F.);
#9291 = FACE_BOUND('',#9292,.F.);
#9292 = EDGE_LOOP('',(#9293,#9303,#9310,#9318,#9326,#9334,#9342,#9350,
    #9358,#9364,#9365,#9373));
#9293 = ORIENTED_EDGE('',*,*,#9294,.T.);
#9294 = EDGE_CURVE('',#9295,#9297,#9299,.T.);
#9295 = VERTEX_POINT('',#9296);
#9296 = CARTESIAN_POINT('',(1.835171280765,2.217585640382,0.1));
#9297 = VERTEX_POINT('',#9298);
#9298 = CARTESIAN_POINT('',(1.835171280765,-2.217585640382,0.1));
#9299 = LINE('',#9300,#9301);
#9300 = CARTESIAN_POINT('',(1.835171280765,2.217585640382,0.1));
#9301 = VECTOR('',#9302,1.);
#9302 = DIRECTION('',(2.22044604925E-16,-1.,0.));
#9303 = ORIENTED_EDGE('',*,*,#9304,.T.);
#9304 = EDGE_CURVE('',#9297,#9305,#9307,.T.);
#9305 = VERTEX_POINT('',#9306);
#9306 = CARTESIAN_POINT('',(1.95,-2.275,0.825));
#9307 = B_SPLINE_CURVE_WITH_KNOTS('',1,(#9308,#9309),.UNSPECIFIED.,.F.,
  .F.,(2,2),(0.,1.),.PIECEWISE_BEZIER_KNOTS.);
#9308 = CARTESIAN_POINT('',(1.835171280765,-2.217585640382,0.1));
#9309 = CARTESIAN_POINT('',(1.95,-2.275,0.825));
#9310 = ORIENTED_EDGE('',*,*,#9311,.F.);
#9311 = EDGE_CURVE('',#9312,#9305,#9314,.T.);
#9312 = VERTEX_POINT('',#9313);
#9313 = CARTESIAN_POINT('',(1.95,-2.11,0.825));
#9314 = LINE('',#9315,#9316);
#9315 = CARTESIAN_POINT('',(1.95,2.275,0.825));
#9316 = VECTOR('',#9317,1.);
#9317 = DIRECTION('',(2.22044604925E-16,-1.,0.));
#9318 = ORIENTED_EDGE('',*,*,#9319,.F.);
#9319 = EDGE_CURVE('',#9320,#9312,#9322,.T.);
#9320 = VERTEX_POINT('',#9321);
#9321 = CARTESIAN_POINT('',(1.95,-1.7,0.825));
#9322 = LINE('',#9323,#9324);
#9323 = CARTESIAN_POINT('',(1.95,2.275,0.825));
#9324 = VECTOR('',#9325,1.);
#9325 = DIRECTION('',(2.22044604925E-16,-1.,0.));
#9326 = ORIENTED_EDGE('',*,*,#9327,.F.);
#9327 = EDGE_CURVE('',#9328,#9320,#9330,.T.);
#9328 = VERTEX_POINT('',#9329);
#9329 = CARTESIAN_POINT('',(1.95,-0.84,0.825));
#9330 = LINE('',#9331,#9332);
#9331 = CARTESIAN_POINT('',(1.95,2.275,0.825));
#9332 = VECTOR('',#9333,1.);
#9333 = DIRECTION('',(2.22044604925E-16,-1.,0.));
#9334 = ORIENTED_EDGE('',*,*,#9335,.F.);
#9335 = EDGE_CURVE('',#9336,#9328,#9338,.T.);
#9336 = VERTEX_POINT('',#9337);
#9337 = CARTESIAN_POINT('',(1.95,-0.43,0.825));
#9338 = LINE('',#9339,#9340);
#9339 = CARTESIAN_POINT('',(1.95,2.275,0.825));
#9340 = VECTOR('',#9341,1.);
#9341 = DIRECTION('',(2.22044604925E-16,-1.,0.));
#9342 = ORIENTED_EDGE('',*,*,#9343,.F.);
#9343 = EDGE_CURVE('',#9344,#9336,#9346,.T.);
#9344 = VERTEX_POINT('',#9345);
#9345 = CARTESIAN_POINT('',(1.95,0.43,0.825));
#9346 = LINE('',#9347,#9348);
#9347 = CARTESIAN_POINT('',(1.95,2.275,0.825));
#9348 = VECTOR('',#9349,1.);
#9349 = DIRECTION('',(2.22044604925E-16,-1.,0.));
#9350 = ORIENTED_EDGE('',*,*,#9351,.F.);
#9351 = EDGE_CURVE('',#9352,#9344,#9354,.T.);
#9352 = VERTEX_POINT('',#9353);
#9353 = CARTESIAN_POINT('',(1.95,0.84,0.825));
#9354 = LINE('',#9355,#9356);
#9355 = CARTESIAN_POINT('',(1.95,2.275,0.825));
#9356 = VECTOR('',#9357,1.);
#9357 = DIRECTION('',(2.22044604925E-16,-1.,0.));
#9358 = ORIENTED_EDGE('',*,*,#9359,.F.);
#9359 = EDGE_CURVE('',#9073,#9352,#9360,.T.);
#9360 = LINE('',#9361,#9362);
#9361 = CARTESIAN_POINT('',(1.95,2.275,0.825));
#9362 = VECTOR('',#9363,1.);
#9363 = DIRECTION('',(2.22044604925E-16,-1.,0.));
#9364 = ORIENTED_EDGE('',*,*,#9072,.F.);
#9365 = ORIENTED_EDGE('',*,*,#9366,.F.);
#9366 = EDGE_CURVE('',#9367,#9065,#9369,.T.);
#9367 = VERTEX_POINT('',#9368);
#9368 = CARTESIAN_POINT('',(1.95,2.275,0.825));
#9369 = LINE('',#9370,#9371);
#9370 = CARTESIAN_POINT('',(1.95,2.275,0.825));
#9371 = VECTOR('',#9372,1.);
#9372 = DIRECTION('',(2.22044604925E-16,-1.,0.));
#9373 = ORIENTED_EDGE('',*,*,#9374,.F.);
#9374 = EDGE_CURVE('',#9295,#9367,#9375,.T.);
#9375 = B_SPLINE_CURVE_WITH_KNOTS('',1,(#9376,#9377),.UNSPECIFIED.,.F.,
  .F.,(2,2),(0.,1.),.PIECEWISE_BEZIER_KNOTS.);
#9376 = CARTESIAN_POINT('',(1.835171280765,2.217585640382,0.1));
#9377 = CARTESIAN_POINT('',(1.95,2.275,0.825));
#9378 = B_SPLINE_SURFACE_WITH_KNOTS('',1,1,(
    (#9379,#9380)
    ,(#9381,#9382
    )),.UNSPECIFIED.,.F.,.F.,.F.,(2,2),(2,2),(0.,4.55),(0.,1.),
  .PIECEWISE_BEZIER_KNOTS.);
#9379 = CARTESIAN_POINT('',(1.835171280765,2.217585640382,0.1));
#9380 = CARTESIAN_POINT('',(1.95,2.275,0.825));
#9381 = CARTESIAN_POINT('',(1.835171280765,-2.217585640382,0.1));
#9382 = CARTESIAN_POINT('',(1.95,-2.275,0.825));
#9383 = ADVANCED_FACE('',(#9384),#9395,.T.);
#9384 = FACE_BOUND('',#9385,.T.);
#9385 = EDGE_LOOP('',(#9386,#9387,#9393,#9394));
#9386 = ORIENTED_EDGE('',*,*,#9137,.T.);
#9387 = ORIENTED_EDGE('',*,*,#9388,.T.);
#9388 = EDGE_CURVE('',#9138,#9222,#9389,.T.);
#9389 = LINE('',#9390,#9391);
#9390 = CARTESIAN_POINT('',(2.65,2.11,5.551115123126E-17));
#9391 = VECTOR('',#9392,1.);
#9392 = DIRECTION('',(2.22044604925E-16,-1.,0.));
#9393 = ORIENTED_EDGE('',*,*,#9221,.F.);
#9394 = ORIENTED_EDGE('',*,*,#9104,.F.);
#9395 = CYLINDRICAL_SURFACE('',#9396,0.3);
#9396 = AXIS2_PLACEMENT_3D('',#9397,#9398,#9399);
#9397 = CARTESIAN_POINT('',(2.65,2.11,0.3));
#9398 = DIRECTION('',(-2.22044604925E-16,1.,-0.));
#9399 = DIRECTION('',(-1.,-2.22044604925E-16,3.515706244646E-15));
#9400 = ADVANCED_FACE('',(#9401),#9418,.F.);
#9401 = FACE_BOUND('',#9402,.F.);
#9402 = EDGE_LOOP('',(#9403,#9410,#9411,#9412));
#9403 = ORIENTED_EDGE('',*,*,#9404,.F.);
#9404 = EDGE_CURVE('',#9367,#9405,#9407,.T.);
#9405 = VERTEX_POINT('',#9406);
#9406 = CARTESIAN_POINT('',(1.95,2.275,1.025));
#9407 = B_SPLINE_CURVE_WITH_KNOTS('',1,(#9408,#9409),.UNSPECIFIED.,.F.,
  .F.,(2,2),(0.,1.),.PIECEWISE_BEZIER_KNOTS.);
#9408 = CARTESIAN_POINT('',(1.95,2.275,0.825));
#9409 = CARTESIAN_POINT('',(1.95,2.275,1.025));
#9410 = ORIENTED_EDGE('',*,*,#9366,.T.);
#9411 = ORIENTED_EDGE('',*,*,#9126,.T.);
#9412 = ORIENTED_EDGE('',*,*,#9413,.F.);
#9413 = EDGE_CURVE('',#9405,#9127,#9414,.T.);
#9414 = LINE('',#9415,#9416);
#9415 = CARTESIAN_POINT('',(1.95,2.275,1.025));
#9416 = VECTOR('',#9417,1.);
#9417 = DIRECTION('',(2.22044604925E-16,-1.,0.));
#9418 = PLANE('',#9419);
#9419 = AXIS2_PLACEMENT_3D('',#9420,#9421,#9422);
#9420 = CARTESIAN_POINT('',(1.95,2.275,1.025));
#9421 = DIRECTION('',(-1.,-2.22044604925E-16,0.));
#9422 = DIRECTION('',(2.22044604925E-16,-1.,0.));
#9423 = ADVANCED_FACE('',(#9424),#9456,.F.);
#9424 = FACE_BOUND('',#9425,.F.);
#9425 = EDGE_LOOP('',(#9426,#9427,#9433,#9434,#9442,#9450));
#9426 = ORIENTED_EDGE('',*,*,#9196,.F.);
#9427 = ORIENTED_EDGE('',*,*,#9428,.T.);
#9428 = EDGE_CURVE('',#9188,#9272,#9429,.T.);
#9429 = LINE('',#9430,#9431);
#9430 = CARTESIAN_POINT('',(2.25,2.11,1.025));
#9431 = VECTOR('',#9432,1.);
#9432 = DIRECTION('',(2.22044604925E-16,-1.,0.));
#9433 = ORIENTED_EDGE('',*,*,#9280,.T.);
#9434 = ORIENTED_EDGE('',*,*,#9435,.T.);
#9435 = EDGE_CURVE('',#9211,#9436,#9438,.T.);
#9436 = VERTEX_POINT('',#9437);
#9437 = CARTESIAN_POINT('',(1.875,1.7,1.025));
#9438 = LINE('',#9439,#9440);
#9439 = CARTESIAN_POINT('',(2.25,1.7,1.025));
#9440 = VECTOR('',#9441,1.);
#9441 = DIRECTION('',(-1.,-2.22044604925E-16,0.));
#9442 = ORIENTED_EDGE('',*,*,#9443,.F.);
#9443 = EDGE_CURVE('',#9444,#9436,#9446,.T.);
#9444 = VERTEX_POINT('',#9445);
#9445 = CARTESIAN_POINT('',(1.875,2.11,1.025));
#9446 = LINE('',#9447,#9448);
#9447 = CARTESIAN_POINT('',(1.875,2.2375,1.025));
#9448 = VECTOR('',#9449,1.);
#9449 = DIRECTION('',(2.22044604925E-16,-1.,0.));
#9450 = ORIENTED_EDGE('',*,*,#9451,.F.);
#9451 = EDGE_CURVE('',#9127,#9444,#9452,.T.);
#9452 = LINE('',#9453,#9454);
#9453 = CARTESIAN_POINT('',(2.25,2.11,1.025));
#9454 = VECTOR('',#9455,1.);
#9455 = DIRECTION('',(-1.,-2.22044604925E-16,0.));
#9456 = PLANE('',#9457);
#9457 = AXIS2_PLACEMENT_3D('',#9458,#9459,#9460);
#9458 = CARTESIAN_POINT('',(2.25,2.11,1.025));
#9459 = DIRECTION('',(0.,0.,-1.));
#9460 = DIRECTION('',(-1.,-2.22044604925E-16,-0.));
#9461 = ADVANCED_FACE('',(#9462),#9473,.T.);
#9462 = FACE_BOUND('',#9463,.T.);
#9463 = EDGE_LOOP('',(#9464,#9465,#9466,#9467));
#9464 = ORIENTED_EDGE('',*,*,#9187,.T.);
#9465 = ORIENTED_EDGE('',*,*,#9428,.T.);
#9466 = ORIENTED_EDGE('',*,*,#9271,.F.);
#9467 = ORIENTED_EDGE('',*,*,#9468,.F.);
#9468 = EDGE_CURVE('',#9180,#9264,#9469,.T.);
#9469 = LINE('',#9470,#9471);
#9470 = CARTESIAN_POINT('',(2.55,2.11,0.725));
#9471 = VECTOR('',#9472,1.);
#9472 = DIRECTION('',(2.22044604925E-16,-1.,0.));
#9473 = CYLINDRICAL_SURFACE('',#9474,0.3);
#9474 = AXIS2_PLACEMENT_3D('',#9475,#9476,#9477);
#9475 = CARTESIAN_POINT('',(2.25,2.11,0.725));
#9476 = DIRECTION('',(-2.22044604925E-16,1.,-0.));
#9477 = DIRECTION('',(1.,2.22044604925E-16,3.700743415417E-16));
#9478 = ADVANCED_FACE('',(#9479),#9490,.F.);
#9479 = FACE_BOUND('',#9480,.F.);
#9480 = EDGE_LOOP('',(#9481,#9487,#9488,#9489));
#9481 = ORIENTED_EDGE('',*,*,#9482,.T.);
#9482 = EDGE_CURVE('',#9171,#9255,#9483,.T.);
#9483 = LINE('',#9484,#9485);
#9484 = CARTESIAN_POINT('',(2.55,2.11,0.3));
#9485 = VECTOR('',#9486,1.);
#9486 = DIRECTION('',(2.22044604925E-16,-1.,0.));
#9487 = ORIENTED_EDGE('',*,*,#9263,.T.);
#9488 = ORIENTED_EDGE('',*,*,#9468,.F.);
#9489 = ORIENTED_EDGE('',*,*,#9179,.F.);
#9490 = PLANE('',#9491);
#9491 = AXIS2_PLACEMENT_3D('',#9492,#9493,#9494);
#9492 = CARTESIAN_POINT('',(2.55,2.11,0.3));
#9493 = DIRECTION('',(-1.,-2.22044604925E-16,0.));
#9494 = DIRECTION('',(0.,0.,1.));
#9495 = ADVANCED_FACE('',(#9496),#9507,.F.);
#9496 = FACE_BOUND('',#9497,.F.);
#9497 = EDGE_LOOP('',(#9498,#9504,#9505,#9506));
#9498 = ORIENTED_EDGE('',*,*,#9499,.T.);
#9499 = EDGE_CURVE('',#9163,#9247,#9500,.T.);
#9500 = LINE('',#9501,#9502);
#9501 = CARTESIAN_POINT('',(2.65,2.11,0.2));
#9502 = VECTOR('',#9503,1.);
#9503 = DIRECTION('',(2.22044604925E-16,-1.,0.));
#9504 = ORIENTED_EDGE('',*,*,#9254,.T.);
#9505 = ORIENTED_EDGE('',*,*,#9482,.F.);
#9506 = ORIENTED_EDGE('',*,*,#9170,.F.);
#9507 = CYLINDRICAL_SURFACE('',#9508,0.1);
#9508 = AXIS2_PLACEMENT_3D('',#9509,#9510,#9511);
#9509 = CARTESIAN_POINT('',(2.65,2.11,0.3));
#9510 = DIRECTION('',(-2.22044604925E-16,1.,0.));
#9511 = DIRECTION('',(0.,0.,-1.));
#9512 = ADVANCED_FACE('',(#9513),#9524,.F.);
#9513 = FACE_BOUND('',#9514,.F.);
#9514 = EDGE_LOOP('',(#9515,#9521,#9522,#9523));
#9515 = ORIENTED_EDGE('',*,*,#9516,.T.);
#9516 = EDGE_CURVE('',#9155,#9239,#9517,.T.);
#9517 = LINE('',#9518,#9519);
#9518 = CARTESIAN_POINT('',(3.,2.11,0.2));
#9519 = VECTOR('',#9520,1.);
#9520 = DIRECTION('',(2.22044604925E-16,-1.,0.));
#9521 = ORIENTED_EDGE('',*,*,#9246,.T.);
#9522 = ORIENTED_EDGE('',*,*,#9499,.F.);
#9523 = ORIENTED_EDGE('',*,*,#9162,.F.);
#9524 = PLANE('',#9525);
#9525 = AXIS2_PLACEMENT_3D('',#9526,#9527,#9528);
#9526 = CARTESIAN_POINT('',(3.,2.11,0.2));
#9527 = DIRECTION('',(0.,0.,-1.));
#9528 = DIRECTION('',(-1.,-2.22044604925E-16,-0.));
#9529 = ADVANCED_FACE('',(#9530),#9541,.F.);
#9530 = FACE_BOUND('',#9531,.F.);
#9531 = EDGE_LOOP('',(#9532,#9538,#9539,#9540));
#9532 = ORIENTED_EDGE('',*,*,#9533,.T.);
#9533 = EDGE_CURVE('',#9147,#9231,#9534,.T.);
#9534 = LINE('',#9535,#9536);
#9535 = CARTESIAN_POINT('',(3.,2.11,5.551115123126E-17));
#9536 = VECTOR('',#9537,1.);
#9537 = DIRECTION('',(2.22044604925E-16,-1.,0.));
#9538 = ORIENTED_EDGE('',*,*,#9238,.T.);
#9539 = ORIENTED_EDGE('',*,*,#9516,.F.);
#9540 = ORIENTED_EDGE('',*,*,#9154,.F.);
#9541 = PLANE('',#9542);
#9542 = AXIS2_PLACEMENT_3D('',#9543,#9544,#9545);
#9543 = CARTESIAN_POINT('',(3.,2.11,5.551115123126E-17));
#9544 = DIRECTION('',(-1.,-2.22044604925E-16,0.));
#9545 = DIRECTION('',(0.,0.,1.));
#9546 = ADVANCED_FACE('',(#9547),#9553,.F.);
#9547 = FACE_BOUND('',#9548,.F.);
#9548 = EDGE_LOOP('',(#9549,#9550,#9551,#9552));
#9549 = ORIENTED_EDGE('',*,*,#9388,.T.);
#9550 = ORIENTED_EDGE('',*,*,#9230,.T.);
#9551 = ORIENTED_EDGE('',*,*,#9533,.F.);
#9552 = ORIENTED_EDGE('',*,*,#9146,.F.);
#9553 = PLANE('',#9554);
#9554 = AXIS2_PLACEMENT_3D('',#9555,#9556,#9557);
#9555 = CARTESIAN_POINT('',(2.65,2.11,5.551115123126E-17));
#9556 = DIRECTION('',(0.,0.,1.));
#9557 = DIRECTION('',(1.,2.22044604925E-16,-0.));
#9558 = ADVANCED_FACE('',(#9559),#9577,.F.);
#9559 = FACE_BOUND('',#9560,.F.);
#9560 = EDGE_LOOP('',(#9561,#9562,#9563,#9571));
#9561 = ORIENTED_EDGE('',*,*,#9210,.F.);
#9562 = ORIENTED_EDGE('',*,*,#9359,.T.);
#9563 = ORIENTED_EDGE('',*,*,#9564,.T.);
#9564 = EDGE_CURVE('',#9352,#9565,#9567,.T.);
#9565 = VERTEX_POINT('',#9566);
#9566 = CARTESIAN_POINT('',(1.95,0.84,1.025));
#9567 = LINE('',#9568,#9569);
#9568 = CARTESIAN_POINT('',(1.95,0.84,0.778829828783));
#9569 = VECTOR('',#9570,1.);
#9570 = DIRECTION('',(0.,0.,1.));
#9571 = ORIENTED_EDGE('',*,*,#9572,.F.);
#9572 = EDGE_CURVE('',#9211,#9565,#9573,.T.);
#9573 = LINE('',#9574,#9575);
#9574 = CARTESIAN_POINT('',(1.95,2.275,1.025));
#9575 = VECTOR('',#9576,1.);
#9576 = DIRECTION('',(2.22044604925E-16,-1.,0.));
#9577 = PLANE('',#9578);
#9578 = AXIS2_PLACEMENT_3D('',#9579,#9580,#9581);
#9579 = CARTESIAN_POINT('',(1.95,2.275,1.025));
#9580 = DIRECTION('',(-1.,-2.22044604925E-16,0.));
#9581 = DIRECTION('',(2.22044604925E-16,-1.,0.));
#9582 = ADVANCED_FACE('',(#9583),#9640,.F.);
#9583 = FACE_BOUND('',#9584,.T.);
#9584 = EDGE_LOOP('',(#9585,#9595,#9601,#9602,#9610,#9618,#9626,#9634));
#9585 = ORIENTED_EDGE('',*,*,#9586,.T.);
#9586 = EDGE_CURVE('',#9587,#9589,#9591,.T.);
#9587 = VERTEX_POINT('',#9588);
#9588 = CARTESIAN_POINT('',(-1.717585640382,2.335171280765,0.1));
#9589 = VERTEX_POINT('',#9590);
#9590 = CARTESIAN_POINT('',(1.717585640382,2.335171280765,0.1));
#9591 = LINE('',#9592,#9593);
#9592 = CARTESIAN_POINT('',(-1.717585640382,2.335171280765,0.1));
#9593 = VECTOR('',#9594,1.);
#9594 = DIRECTION('',(1.,2.22044604925E-16,0.));
#9595 = ORIENTED_EDGE('',*,*,#9596,.T.);
#9596 = EDGE_CURVE('',#9589,#9295,#9597,.T.);
#9597 = LINE('',#9598,#9599);
#9598 = CARTESIAN_POINT('',(1.717585640382,2.335171280765,0.1));
#9599 = VECTOR('',#9600,1.);
#9600 = DIRECTION('',(0.707106781187,-0.707106781187,0.));
#9601 = ORIENTED_EDGE('',*,*,#9294,.T.);
#9602 = ORIENTED_EDGE('',*,*,#9603,.T.);
#9603 = EDGE_CURVE('',#9297,#9604,#9606,.T.);
#9604 = VERTEX_POINT('',#9605);
#9605 = CARTESIAN_POINT('',(1.717585640382,-2.335171280765,0.1));
#9606 = LINE('',#9607,#9608);
#9607 = CARTESIAN_POINT('',(1.835171280765,-2.217585640382,0.1));
#9608 = VECTOR('',#9609,1.);
#9609 = DIRECTION('',(-0.707106781187,-0.707106781187,0.));
#9610 = ORIENTED_EDGE('',*,*,#9611,.T.);
#9611 = EDGE_CURVE('',#9604,#9612,#9614,.T.);
#9612 = VERTEX_POINT('',#9613);
#9613 = CARTESIAN_POINT('',(-1.717585640382,-2.335171280765,0.1));
#9614 = LINE('',#9615,#9616);
#9615 = CARTESIAN_POINT('',(1.717585640382,-2.335171280765,0.1));
#9616 = VECTOR('',#9617,1.);
#9617 = DIRECTION('',(-1.,-2.22044604925E-16,0.));
#9618 = ORIENTED_EDGE('',*,*,#9619,.T.);
#9619 = EDGE_CURVE('',#9612,#9620,#9622,.T.);
#9620 = VERTEX_POINT('',#9621);
#9621 = CARTESIAN_POINT('',(-1.835171280765,-2.217585640382,0.1));
#9622 = LINE('',#9623,#9624);
#9623 = CARTESIAN_POINT('',(-1.717585640382,-2.335171280765,0.1));
#9624 = VECTOR('',#9625,1.);
#9625 = DIRECTION('',(-0.707106781187,0.707106781187,0.));
#9626 = ORIENTED_EDGE('',*,*,#9627,.T.);
#9627 = EDGE_CURVE('',#9620,#9628,#9630,.T.);
#9628 = VERTEX_POINT('',#9629);
#9629 = CARTESIAN_POINT('',(-1.835171280765,2.217585640382,0.1));
#9630 = LINE('',#9631,#9632);
#9631 = CARTESIAN_POINT('',(-1.835171280765,-2.217585640382,0.1));
#9632 = VECTOR('',#9633,1.);
#9633 = DIRECTION('',(-2.22044604925E-16,1.,0.));
#9634 = ORIENTED_EDGE('',*,*,#9635,.T.);
#9635 = EDGE_CURVE('',#9628,#9587,#9636,.T.);
#9636 = LINE('',#9637,#9638);
#9637 = CARTESIAN_POINT('',(-1.835171280765,2.217585640382,0.1));
#9638 = VECTOR('',#9639,1.);
#9639 = DIRECTION('',(0.707106781187,0.707106781187,0.));
#9640 = PLANE('',#9641);
#9641 = AXIS2_PLACEMENT_3D('',#9642,#9643,#9644);
#9642 = CARTESIAN_POINT('',(-1.717585640382,2.335171280765,0.1));
#9643 = DIRECTION('',(0.,0.,1.));
#9644 = DIRECTION('',(0.592513131498,-0.805560791625,0.));
#9645 = ADVANCED_FACE('',(#9646),#9663,.F.);
#9646 = FACE_BOUND('',#9647,.F.);
#9647 = EDGE_LOOP('',(#9648,#9649,#9650,#9658));
#9648 = ORIENTED_EDGE('',*,*,#9596,.T.);
#9649 = ORIENTED_EDGE('',*,*,#9374,.T.);
#9650 = ORIENTED_EDGE('',*,*,#9651,.F.);
#9651 = EDGE_CURVE('',#9652,#9367,#9654,.T.);
#9652 = VERTEX_POINT('',#9653);
#9653 = CARTESIAN_POINT('',(1.775,2.45,0.825));
#9654 = LINE('',#9655,#9656);
#9655 = CARTESIAN_POINT('',(1.775,2.45,0.825));
#9656 = VECTOR('',#9657,1.);
#9657 = DIRECTION('',(0.707106781187,-0.707106781187,0.));
#9658 = ORIENTED_EDGE('',*,*,#9659,.F.);
#9659 = EDGE_CURVE('',#9589,#9652,#9660,.T.);
#9660 = B_SPLINE_CURVE_WITH_KNOTS('',1,(#9661,#9662),.UNSPECIFIED.,.F.,
  .F.,(2,2),(0.,1.),.PIECEWISE_BEZIER_KNOTS.);
#9661 = CARTESIAN_POINT('',(1.717585640382,2.335171280765,0.1));
#9662 = CARTESIAN_POINT('',(1.775,2.45,0.825));
#9663 = B_SPLINE_SURFACE_WITH_KNOTS('',1,1,(
    (#9664,#9665)
    ,(#9666,#9667
    )),.UNSPECIFIED.,.F.,.F.,.F.,(2,2),(2,2),(0.,0.247487373415),(0.,1.)
  ,.PIECEWISE_BEZIER_KNOTS.);
#9664 = CARTESIAN_POINT('',(1.717585640382,2.335171280765,0.1));
#9665 = CARTESIAN_POINT('',(1.775,2.45,0.825));
#9666 = CARTESIAN_POINT('',(1.835171280765,2.217585640382,0.1));
#9667 = CARTESIAN_POINT('',(1.95,2.275,0.825));
#9668 = ADVANCED_FACE('',(#9669),#9686,.F.);
#9669 = FACE_BOUND('',#9670,.F.);
#9670 = EDGE_LOOP('',(#9671,#9672,#9679,#9685));
#9671 = ORIENTED_EDGE('',*,*,#9603,.T.);
#9672 = ORIENTED_EDGE('',*,*,#9673,.T.);
#9673 = EDGE_CURVE('',#9604,#9674,#9676,.T.);
#9674 = VERTEX_POINT('',#9675);
#9675 = CARTESIAN_POINT('',(1.775,-2.45,0.825));
#9676 = B_SPLINE_CURVE_WITH_KNOTS('',1,(#9677,#9678),.UNSPECIFIED.,.F.,
  .F.,(2,2),(0.,1.),.PIECEWISE_BEZIER_KNOTS.);
#9677 = CARTESIAN_POINT('',(1.717585640382,-2.335171280765,0.1));
#9678 = CARTESIAN_POINT('',(1.775,-2.45,0.825));
#9679 = ORIENTED_EDGE('',*,*,#9680,.F.);
#9680 = EDGE_CURVE('',#9305,#9674,#9681,.T.);
#9681 = LINE('',#9682,#9683);
#9682 = CARTESIAN_POINT('',(1.95,-2.275,0.825));
#9683 = VECTOR('',#9684,1.);
#9684 = DIRECTION('',(-0.707106781187,-0.707106781187,0.));
#9685 = ORIENTED_EDGE('',*,*,#9304,.F.);
#9686 = B_SPLINE_SURFACE_WITH_KNOTS('',1,1,(
    (#9687,#9688)
    ,(#9689,#9690
    )),.UNSPECIFIED.,.F.,.F.,.F.,(2,2),(2,2),(0.,0.247487373415),(0.,1.)
  ,.PIECEWISE_BEZIER_KNOTS.);
#9687 = CARTESIAN_POINT('',(1.835171280765,-2.217585640382,0.1));
#9688 = CARTESIAN_POINT('',(1.95,-2.275,0.825));
#9689 = CARTESIAN_POINT('',(1.717585640382,-2.335171280765,0.1));
#9690 = CARTESIAN_POINT('',(1.775,-2.45,0.825));
#9691 = ADVANCED_FACE('',(#9692),#9716,.F.);
#9692 = FACE_BOUND('',#9693,.F.);
#9693 = EDGE_LOOP('',(#9694,#9702,#9703,#9710));
#9694 = ORIENTED_EDGE('',*,*,#9695,.F.);
#9695 = EDGE_CURVE('',#9312,#9696,#9698,.T.);
#9696 = VERTEX_POINT('',#9697);
#9697 = CARTESIAN_POINT('',(1.95,-2.11,1.025));
#9698 = LINE('',#9699,#9700);
#9699 = CARTESIAN_POINT('',(1.95,-2.11,0.778829828783));
#9700 = VECTOR('',#9701,1.);
#9701 = DIRECTION('',(0.,0.,1.));
#9702 = ORIENTED_EDGE('',*,*,#9311,.T.);
#9703 = ORIENTED_EDGE('',*,*,#9704,.T.);
#9704 = EDGE_CURVE('',#9305,#9705,#9707,.T.);
#9705 = VERTEX_POINT('',#9706);
#9706 = CARTESIAN_POINT('',(1.95,-2.275,1.025));
#9707 = B_SPLINE_CURVE_WITH_KNOTS('',1,(#9708,#9709),.UNSPECIFIED.,.F.,
  .F.,(2,2),(0.,1.),.PIECEWISE_BEZIER_KNOTS.);
#9708 = CARTESIAN_POINT('',(1.95,-2.275,0.825));
#9709 = CARTESIAN_POINT('',(1.95,-2.275,1.025));
#9710 = ORIENTED_EDGE('',*,*,#9711,.F.);
#9711 = EDGE_CURVE('',#9696,#9705,#9712,.T.);
#9712 = LINE('',#9713,#9714);
#9713 = CARTESIAN_POINT('',(1.95,2.275,1.025));
#9714 = VECTOR('',#9715,1.);
#9715 = DIRECTION('',(2.22044604925E-16,-1.,0.));
#9716 = PLANE('',#9717);
#9717 = AXIS2_PLACEMENT_3D('',#9718,#9719,#9720);
#9718 = CARTESIAN_POINT('',(1.95,2.275,1.025));
#9719 = DIRECTION('',(-1.,-2.22044604925E-16,0.));
#9720 = DIRECTION('',(2.22044604925E-16,-1.,0.));
#9721 = ADVANCED_FACE('',(#9722),#9747,.F.);
#9722 = FACE_BOUND('',#9723,.F.);
#9723 = EDGE_LOOP('',(#9724,#9732,#9733,#9741));
#9724 = ORIENTED_EDGE('',*,*,#9725,.F.);
#9725 = EDGE_CURVE('',#9320,#9726,#9728,.T.);
#9726 = VERTEX_POINT('',#9727);
#9727 = CARTESIAN_POINT('',(2.25,-1.7,0.825));
#9728 = LINE('',#9729,#9730);
#9729 = CARTESIAN_POINT('',(1.8,-1.7,0.825));
#9730 = VECTOR('',#9731,1.);
#9731 = DIRECTION('',(1.,2.22044604925E-16,0.));
#9732 = ORIENTED_EDGE('',*,*,#9319,.T.);
#9733 = ORIENTED_EDGE('',*,*,#9734,.T.);
#9734 = EDGE_CURVE('',#9312,#9735,#9737,.T.);
#9735 = VERTEX_POINT('',#9736);
#9736 = CARTESIAN_POINT('',(2.25,-2.11,0.825));
#9737 = LINE('',#9738,#9739);
#9738 = CARTESIAN_POINT('',(1.8,-2.11,0.825));
#9739 = VECTOR('',#9740,1.);
#9740 = DIRECTION('',(1.,2.22044604925E-16,0.));
#9741 = ORIENTED_EDGE('',*,*,#9742,.F.);
#9742 = EDGE_CURVE('',#9726,#9735,#9743,.T.);
#9743 = LINE('',#9744,#9745);
#9744 = CARTESIAN_POINT('',(2.25,-1.7,0.825));
#9745 = VECTOR('',#9746,1.);
#9746 = DIRECTION('',(2.22044604925E-16,-1.,0.));
#9747 = PLANE('',#9748);
#9748 = AXIS2_PLACEMENT_3D('',#9749,#9750,#9751);
#9749 = CARTESIAN_POINT('',(1.8,-1.7,0.825));
#9750 = DIRECTION('',(0.,0.,1.));
#9751 = DIRECTION('',(1.,2.22044604925E-16,-0.));
#9752 = ADVANCED_FACE('',(#9753),#9778,.F.);
#9753 = FACE_BOUND('',#9754,.F.);
#9754 = EDGE_LOOP('',(#9755,#9763,#9764,#9772));
#9755 = ORIENTED_EDGE('',*,*,#9756,.F.);
#9756 = EDGE_CURVE('',#9328,#9757,#9759,.T.);
#9757 = VERTEX_POINT('',#9758);
#9758 = CARTESIAN_POINT('',(1.95,-0.84,1.025));
#9759 = LINE('',#9760,#9761);
#9760 = CARTESIAN_POINT('',(1.95,-0.84,0.778829828783));
#9761 = VECTOR('',#9762,1.);
#9762 = DIRECTION('',(0.,0.,1.));
#9763 = ORIENTED_EDGE('',*,*,#9327,.T.);
#9764 = ORIENTED_EDGE('',*,*,#9765,.T.);
#9765 = EDGE_CURVE('',#9320,#9766,#9768,.T.);
#9766 = VERTEX_POINT('',#9767);
#9767 = CARTESIAN_POINT('',(1.95,-1.7,1.025));
#9768 = LINE('',#9769,#9770);
#9769 = CARTESIAN_POINT('',(1.95,-1.7,0.778829828783));
#9770 = VECTOR('',#9771,1.);
#9771 = DIRECTION('',(0.,0.,1.));
#9772 = ORIENTED_EDGE('',*,*,#9773,.F.);
#9773 = EDGE_CURVE('',#9757,#9766,#9774,.T.);
#9774 = LINE('',#9775,#9776);
#9775 = CARTESIAN_POINT('',(1.95,2.275,1.025));
#9776 = VECTOR('',#9777,1.);
#9777 = DIRECTION('',(2.22044604925E-16,-1.,0.));
#9778 = PLANE('',#9779);
#9779 = AXIS2_PLACEMENT_3D('',#9780,#9781,#9782);
#9780 = CARTESIAN_POINT('',(1.95,2.275,1.025));
#9781 = DIRECTION('',(-1.,-2.22044604925E-16,0.));
#9782 = DIRECTION('',(2.22044604925E-16,-1.,0.));
#9783 = ADVANCED_FACE('',(#9784),#9809,.F.);
#9784 = FACE_BOUND('',#9785,.F.);
#9785 = EDGE_LOOP('',(#9786,#9794,#9795,#9803));
#9786 = ORIENTED_EDGE('',*,*,#9787,.F.);
#9787 = EDGE_CURVE('',#9352,#9788,#9790,.T.);
#9788 = VERTEX_POINT('',#9789);
#9789 = CARTESIAN_POINT('',(2.25,0.84,0.825));
#9790 = LINE('',#9791,#9792);
#9791 = CARTESIAN_POINT('',(1.8,0.84,0.825));
#9792 = VECTOR('',#9793,1.);
#9793 = DIRECTION('',(1.,2.22044604925E-16,0.));
#9794 = ORIENTED_EDGE('',*,*,#9351,.T.);
#9795 = ORIENTED_EDGE('',*,*,#9796,.T.);
#9796 = EDGE_CURVE('',#9344,#9797,#9799,.T.);
#9797 = VERTEX_POINT('',#9798);
#9798 = CARTESIAN_POINT('',(2.25,0.43,0.825));
#9799 = LINE('',#9800,#9801);
#9800 = CARTESIAN_POINT('',(1.8,0.43,0.825));
#9801 = VECTOR('',#9802,1.);
#9802 = DIRECTION('',(1.,2.22044604925E-16,0.));
#9803 = ORIENTED_EDGE('',*,*,#9804,.F.);
#9804 = EDGE_CURVE('',#9788,#9797,#9805,.T.);
#9805 = LINE('',#9806,#9807);
#9806 = CARTESIAN_POINT('',(2.25,0.84,0.825));
#9807 = VECTOR('',#9808,1.);
#9808 = DIRECTION('',(2.22044604925E-16,-1.,0.));
#9809 = PLANE('',#9810);
#9810 = AXIS2_PLACEMENT_3D('',#9811,#9812,#9813);
#9811 = CARTESIAN_POINT('',(1.8,0.84,0.825));
#9812 = DIRECTION('',(0.,0.,1.));
#9813 = DIRECTION('',(1.,2.22044604925E-16,-0.));
#9814 = ADVANCED_FACE('',(#9815),#9840,.F.);
#9815 = FACE_BOUND('',#9816,.F.);
#9816 = EDGE_LOOP('',(#9817,#9825,#9826,#9834));
#9817 = ORIENTED_EDGE('',*,*,#9818,.F.);
#9818 = EDGE_CURVE('',#9336,#9819,#9821,.T.);
#9819 = VERTEX_POINT('',#9820);
#9820 = CARTESIAN_POINT('',(2.25,-0.43,0.825));
#9821 = LINE('',#9822,#9823);
#9822 = CARTESIAN_POINT('',(1.8,-0.43,0.825));
#9823 = VECTOR('',#9824,1.);
#9824 = DIRECTION('',(1.,2.22044604925E-16,0.));
#9825 = ORIENTED_EDGE('',*,*,#9335,.T.);
#9826 = ORIENTED_EDGE('',*,*,#9827,.T.);
#9827 = EDGE_CURVE('',#9328,#9828,#9830,.T.);
#9828 = VERTEX_POINT('',#9829);
#9829 = CARTESIAN_POINT('',(2.25,-0.84,0.825));
#9830 = LINE('',#9831,#9832);
#9831 = CARTESIAN_POINT('',(1.8,-0.84,0.825));
#9832 = VECTOR('',#9833,1.);
#9833 = DIRECTION('',(1.,2.22044604925E-16,0.));
#9834 = ORIENTED_EDGE('',*,*,#9835,.F.);
#9835 = EDGE_CURVE('',#9819,#9828,#9836,.T.);
#9836 = LINE('',#9837,#9838);
#9837 = CARTESIAN_POINT('',(2.25,-0.43,0.825));
#9838 = VECTOR('',#9839,1.);
#9839 = DIRECTION('',(2.22044604925E-16,-1.,0.));
#9840 = PLANE('',#9841);
#9841 = AXIS2_PLACEMENT_3D('',#9842,#9843,#9844);
#9842 = CARTESIAN_POINT('',(1.8,-0.43,0.825));
#9843 = DIRECTION('',(0.,0.,1.));
#9844 = DIRECTION('',(1.,2.22044604925E-16,-0.));
#9845 = ADVANCED_FACE('',(#9846),#9871,.F.);
#9846 = FACE_BOUND('',#9847,.F.);
#9847 = EDGE_LOOP('',(#9848,#9856,#9857,#9865));
#9848 = ORIENTED_EDGE('',*,*,#9849,.F.);
#9849 = EDGE_CURVE('',#9344,#9850,#9852,.T.);
#9850 = VERTEX_POINT('',#9851);
#9851 = CARTESIAN_POINT('',(1.95,0.43,1.025));
#9852 = LINE('',#9853,#9854);
#9853 = CARTESIAN_POINT('',(1.95,0.43,0.778829828783));
#9854 = VECTOR('',#9855,1.);
#9855 = DIRECTION('',(0.,0.,1.));
#9856 = ORIENTED_EDGE('',*,*,#9343,.T.);
#9857 = ORIENTED_EDGE('',*,*,#9858,.T.);
#9858 = EDGE_CURVE('',#9336,#9859,#9861,.T.);
#9859 = VERTEX_POINT('',#9860);
#9860 = CARTESIAN_POINT('',(1.95,-0.43,1.025));
#9861 = LINE('',#9862,#9863);
#9862 = CARTESIAN_POINT('',(1.95,-0.43,0.778829828783));
#9863 = VECTOR('',#9864,1.);
#9864 = DIRECTION('',(0.,0.,1.));
#9865 = ORIENTED_EDGE('',*,*,#9866,.F.);
#9866 = EDGE_CURVE('',#9850,#9859,#9867,.T.);
#9867 = LINE('',#9868,#9869);
#9868 = CARTESIAN_POINT('',(1.95,2.275,1.025));
#9869 = VECTOR('',#9870,1.);
#9870 = DIRECTION('',(2.22044604925E-16,-1.,0.));
#9871 = PLANE('',#9872);
#9872 = AXIS2_PLACEMENT_3D('',#9873,#9874,#9875);
#9873 = CARTESIAN_POINT('',(1.95,2.275,1.025));
#9874 = DIRECTION('',(-1.,-2.22044604925E-16,0.));
#9875 = DIRECTION('',(2.22044604925E-16,-1.,0.));
#9876 = ADVANCED_FACE('',(#9877),#9894,.F.);
#9877 = FACE_BOUND('',#9878,.F.);
#9878 = EDGE_LOOP('',(#9879,#9880,#9881,#9889));
#9879 = ORIENTED_EDGE('',*,*,#9651,.T.);
#9880 = ORIENTED_EDGE('',*,*,#9404,.T.);
#9881 = ORIENTED_EDGE('',*,*,#9882,.F.);
#9882 = EDGE_CURVE('',#9883,#9405,#9885,.T.);
#9883 = VERTEX_POINT('',#9884);
#9884 = CARTESIAN_POINT('',(1.775,2.45,1.025));
#9885 = LINE('',#9886,#9887);
#9886 = CARTESIAN_POINT('',(1.775,2.45,1.025));
#9887 = VECTOR('',#9888,1.);
#9888 = DIRECTION('',(0.707106781187,-0.707106781187,0.));
#9889 = ORIENTED_EDGE('',*,*,#9890,.F.);
#9890 = EDGE_CURVE('',#9652,#9883,#9891,.T.);
#9891 = B_SPLINE_CURVE_WITH_KNOTS('',1,(#9892,#9893),.UNSPECIFIED.,.F.,
  .F.,(2,2),(0.,1.),.PIECEWISE_BEZIER_KNOTS.);
#9892 = CARTESIAN_POINT('',(1.775,2.45,0.825));
#9893 = CARTESIAN_POINT('',(1.775,2.45,1.025));
#9894 = PLANE('',#9895);
#9895 = AXIS2_PLACEMENT_3D('',#9896,#9897,#9898);
#9896 = CARTESIAN_POINT('',(1.775,2.45,1.025));
#9897 = DIRECTION('',(-0.707106781187,-0.707106781187,0.));
#9898 = DIRECTION('',(0.707106781187,-0.707106781187,0.));
#9899 = ADVANCED_FACE('',(#9900),#9917,.F.);
#9900 = FACE_BOUND('',#9901,.F.);
#9901 = EDGE_LOOP('',(#9902,#9909,#9910,#9911));
#9902 = ORIENTED_EDGE('',*,*,#9903,.F.);
#9903 = EDGE_CURVE('',#9405,#9904,#9906,.T.);
#9904 = VERTEX_POINT('',#9905);
#9905 = CARTESIAN_POINT('',(1.875,2.2375,1.025));
#9906 = B_SPLINE_CURVE_WITH_KNOTS('',1,(#9907,#9908),.UNSPECIFIED.,.F.,
  .F.,(2,2),(0.,1.),.PIECEWISE_BEZIER_KNOTS.);
#9907 = CARTESIAN_POINT('',(1.95,2.275,1.025));
#9908 = CARTESIAN_POINT('',(1.875,2.2375,1.025));
#9909 = ORIENTED_EDGE('',*,*,#9413,.T.);
#9910 = ORIENTED_EDGE('',*,*,#9451,.T.);
#9911 = ORIENTED_EDGE('',*,*,#9912,.F.);
#9912 = EDGE_CURVE('',#9904,#9444,#9913,.T.);
#9913 = LINE('',#9914,#9915);
#9914 = CARTESIAN_POINT('',(1.875,2.2375,1.025));
#9915 = VECTOR('',#9916,1.);
#9916 = DIRECTION('',(2.22044604925E-16,-1.,0.));
#9917 = B_SPLINE_SURFACE_WITH_KNOTS('',1,1,(
    (#9918,#9919)
    ,(#9920,#9921
    )),.UNSPECIFIED.,.F.,.F.,.F.,(2,2),(2,2),(0.,4.55),(0.,1.),
  .PIECEWISE_BEZIER_KNOTS.);
#9918 = CARTESIAN_POINT('',(1.95,2.275,1.025));
#9919 = CARTESIAN_POINT('',(1.875,2.2375,1.025));
#9920 = CARTESIAN_POINT('',(1.95,-2.275,1.025));
#9921 = CARTESIAN_POINT('',(1.875,-2.2375,1.025));
#9922 = ADVANCED_FACE('',(#9923),#10003,.F.);
#9923 = FACE_BOUND('',#9924,.F.);
#9924 = EDGE_LOOP('',(#9925,#9926,#9927,#9935,#9943,#9951,#9959,#9967,
    #9975,#9983,#9990,#9998));
#9925 = ORIENTED_EDGE('',*,*,#9912,.T.);
#9926 = ORIENTED_EDGE('',*,*,#9443,.T.);
#9927 = ORIENTED_EDGE('',*,*,#9928,.T.);
#9928 = EDGE_CURVE('',#9436,#9929,#9931,.T.);
#9929 = VERTEX_POINT('',#9930);
#9930 = CARTESIAN_POINT('',(1.875,0.84,1.025));
#9931 = LINE('',#9932,#9933);
#9932 = CARTESIAN_POINT('',(1.875,2.2375,1.025));
#9933 = VECTOR('',#9934,1.);
#9934 = DIRECTION('',(2.22044604925E-16,-1.,0.));
#9935 = ORIENTED_EDGE('',*,*,#9936,.T.);
#9936 = EDGE_CURVE('',#9929,#9937,#9939,.T.);
#9937 = VERTEX_POINT('',#9938);
#9938 = CARTESIAN_POINT('',(1.875,0.43,1.025));
#9939 = LINE('',#9940,#9941);
#9940 = CARTESIAN_POINT('',(1.875,2.2375,1.025));
#9941 = VECTOR('',#9942,1.);
#9942 = DIRECTION('',(2.22044604925E-16,-1.,0.));
#9943 = ORIENTED_EDGE('',*,*,#9944,.T.);
#9944 = EDGE_CURVE('',#9937,#9945,#9947,.T.);
#9945 = VERTEX_POINT('',#9946);
#9946 = CARTESIAN_POINT('',(1.875,-0.43,1.025));
#9947 = LINE('',#9948,#9949);
#9948 = CARTESIAN_POINT('',(1.875,2.2375,1.025));
#9949 = VECTOR('',#9950,1.);
#9950 = DIRECTION('',(2.22044604925E-16,-1.,0.));
#9951 = ORIENTED_EDGE('',*,*,#9952,.T.);
#9952 = EDGE_CURVE('',#9945,#9953,#9955,.T.);
#9953 = VERTEX_POINT('',#9954);
#9954 = CARTESIAN_POINT('',(1.875,-0.84,1.025));
#9955 = LINE('',#9956,#9957);
#9956 = CARTESIAN_POINT('',(1.875,2.2375,1.025));
#9957 = VECTOR('',#9958,1.);
#9958 = DIRECTION('',(2.22044604925E-16,-1.,0.));
#9959 = ORIENTED_EDGE('',*,*,#9960,.T.);
#9960 = EDGE_CURVE('',#9953,#9961,#9963,.T.);
#9961 = VERTEX_POINT('',#9962);
#9962 = CARTESIAN_POINT('',(1.875,-1.7,1.025));
#9963 = LINE('',#9964,#9965);
#9964 = CARTESIAN_POINT('',(1.875,2.2375,1.025));
#9965 = VECTOR('',#9966,1.);
#9966 = DIRECTION('',(2.22044604925E-16,-1.,0.));
#9967 = ORIENTED_EDGE('',*,*,#9968,.T.);
#9968 = EDGE_CURVE('',#9961,#9969,#9971,.T.);
#9969 = VERTEX_POINT('',#9970);
#9970 = CARTESIAN_POINT('',(1.875,-2.11,1.025));
#9971 = LINE('',#9972,#9973);
#9972 = CARTESIAN_POINT('',(1.875,2.2375,1.025));
#9973 = VECTOR('',#9974,1.);
#9974 = DIRECTION('',(2.22044604925E-16,-1.,0.));
#9975 = ORIENTED_EDGE('',*,*,#9976,.T.);
#9976 = EDGE_CURVE('',#9969,#9977,#9979,.T.);
#9977 = VERTEX_POINT('',#9978);
#9978 = CARTESIAN_POINT('',(1.875,-2.2375,1.025));
#9979 = LINE('',#9980,#9981);
#9980 = CARTESIAN_POINT('',(1.875,2.2375,1.025));
#9981 = VECTOR('',#9982,1.);
#9982 = DIRECTION('',(2.22044604925E-16,-1.,0.));
#9983 = ORIENTED_EDGE('',*,*,#9984,.T.);
#9984 = EDGE_CURVE('',#9977,#9985,#9987,.T.);
#9985 = VERTEX_POINT('',#9986);
#9986 = CARTESIAN_POINT('',(1.760171280765,-2.180085640382,1.75));
#9987 = B_SPLINE_CURVE_WITH_KNOTS('',1,(#9988,#9989),.UNSPECIFIED.,.F.,
  .F.,(2,2),(0.,1.),.PIECEWISE_BEZIER_KNOTS.);
#9988 = CARTESIAN_POINT('',(1.875,-2.2375,1.025));
#9989 = CARTESIAN_POINT('',(1.760171280765,-2.180085640382,1.75));
#9990 = ORIENTED_EDGE('',*,*,#9991,.F.);
#9991 = EDGE_CURVE('',#9992,#9985,#9994,.T.);
#9992 = VERTEX_POINT('',#9993);
#9993 = CARTESIAN_POINT('',(1.760171280765,2.180085640382,1.75));
#9994 = LINE('',#9995,#9996);
#9995 = CARTESIAN_POINT('',(1.760171280765,2.180085640382,1.75));
#9996 = VECTOR('',#9997,1.);
#9997 = DIRECTION('',(2.22044604925E-16,-1.,0.));
#9998 = ORIENTED_EDGE('',*,*,#9999,.F.);
#9999 = EDGE_CURVE('',#9904,#9992,#10000,.T.);
#10000 = B_SPLINE_CURVE_WITH_KNOTS('',1,(#10001,#10002),.UNSPECIFIED.,
  .F.,.F.,(2,2),(0.,1.),.PIECEWISE_BEZIER_KNOTS.);
#10001 = CARTESIAN_POINT('',(1.875,2.2375,1.025));
#10002 = CARTESIAN_POINT('',(1.760171280765,2.180085640382,1.75));
#10003 = B_SPLINE_SURFACE_WITH_KNOTS('',1,1,(
    (#10004,#10005)
    ,(#10006,#10007
    )),.UNSPECIFIED.,.F.,.F.,.F.,(2,2),(2,2),(0.,4.475),(0.,1.),
  .PIECEWISE_BEZIER_KNOTS.);
#10004 = CARTESIAN_POINT('',(1.875,2.2375,1.025));
#10005 = CARTESIAN_POINT('',(1.760171280765,2.180085640382,1.75));
#10006 = CARTESIAN_POINT('',(1.875,-2.2375,1.025));
#10007 = CARTESIAN_POINT('',(1.760171280765,-2.180085640382,1.75));
#10008 = ADVANCED_FACE('',(#10009),#10020,.F.);
#10009 = FACE_BOUND('',#10010,.F.);
#10010 = EDGE_LOOP('',(#10011,#10012,#10013,#10019));
#10011 = ORIENTED_EDGE('',*,*,#9435,.F.);
#10012 = ORIENTED_EDGE('',*,*,#9572,.T.);
#10013 = ORIENTED_EDGE('',*,*,#10014,.T.);
#10014 = EDGE_CURVE('',#9565,#9929,#10015,.T.);
#10015 = LINE('',#10016,#10017);
#10016 = CARTESIAN_POINT('',(2.25,0.84,1.025));
#10017 = VECTOR('',#10018,1.);
#10018 = DIRECTION('',(-1.,-2.22044604925E-16,0.));
#10019 = ORIENTED_EDGE('',*,*,#9928,.F.);
#10020 = B_SPLINE_SURFACE_WITH_KNOTS('',1,1,(
    (#10021,#10022)
    ,(#10023,#10024
    )),.UNSPECIFIED.,.F.,.F.,.F.,(2,2),(2,2),(0.,4.55),(0.,1.),
  .PIECEWISE_BEZIER_KNOTS.);
#10021 = CARTESIAN_POINT('',(1.95,2.275,1.025));
#10022 = CARTESIAN_POINT('',(1.875,2.2375,1.025));
#10023 = CARTESIAN_POINT('',(1.95,-2.275,1.025));
#10024 = CARTESIAN_POINT('',(1.875,-2.2375,1.025));
#10025 = ADVANCED_FACE('',(#10026),#10112,.F.);
#10026 = FACE_BOUND('',#10027,.F.);
#10027 = EDGE_LOOP('',(#10028,#10029,#10030,#10039,#10047,#10056,#10064,
    #10072,#10080,#10089,#10097,#10106));
#10028 = ORIENTED_EDGE('',*,*,#9564,.F.);
#10029 = ORIENTED_EDGE('',*,*,#9787,.T.);
#10030 = ORIENTED_EDGE('',*,*,#10031,.T.);
#10031 = EDGE_CURVE('',#9788,#10032,#10034,.T.);
#10032 = VERTEX_POINT('',#10033);
#10033 = CARTESIAN_POINT('',(2.35,0.84,0.725));
#10034 = CIRCLE('',#10035,0.1);
#10035 = AXIS2_PLACEMENT_3D('',#10036,#10037,#10038);
#10036 = CARTESIAN_POINT('',(2.25,0.84,0.725));
#10037 = DIRECTION('',(-2.22044604925E-16,1.,0.));
#10038 = DIRECTION('',(4.440892098501E-15,9.860761315262E-31,1.));
#10039 = ORIENTED_EDGE('',*,*,#10040,.T.);
#10040 = EDGE_CURVE('',#10032,#10041,#10043,.T.);
#10041 = VERTEX_POINT('',#10042);
#10042 = CARTESIAN_POINT('',(2.35,0.84,0.3));
#10043 = LINE('',#10044,#10045);
#10044 = CARTESIAN_POINT('',(2.35,0.84,0.725));
#10045 = VECTOR('',#10046,1.);
#10046 = DIRECTION('',(1.044915787883E-15,2.320179133003E-31,-1.));
#10047 = ORIENTED_EDGE('',*,*,#10048,.T.);
#10048 = EDGE_CURVE('',#10041,#10049,#10051,.T.);
#10049 = VERTEX_POINT('',#10050);
#10050 = CARTESIAN_POINT('',(2.65,0.84,5.551115123126E-17));
#10051 = CIRCLE('',#10052,0.3);
#10052 = AXIS2_PLACEMENT_3D('',#10053,#10054,#10055);
#10053 = CARTESIAN_POINT('',(2.65,0.84,0.3));
#10054 = DIRECTION('',(2.22044604925E-16,-1.,0.));
#10055 = DIRECTION('',(-1.,-2.22044604925E-16,3.515706244646E-15));
#10056 = ORIENTED_EDGE('',*,*,#10057,.T.);
#10057 = EDGE_CURVE('',#10049,#10058,#10060,.T.);
#10058 = VERTEX_POINT('',#10059);
#10059 = CARTESIAN_POINT('',(3.,0.84,5.551115123126E-17));
#10060 = LINE('',#10061,#10062);
#10061 = CARTESIAN_POINT('',(2.65,0.84,5.551115123126E-17));
#10062 = VECTOR('',#10063,1.);
#10063 = DIRECTION('',(1.,2.22044604925E-16,0.));
#10064 = ORIENTED_EDGE('',*,*,#10065,.T.);
#10065 = EDGE_CURVE('',#10058,#10066,#10068,.T.);
#10066 = VERTEX_POINT('',#10067);
#10067 = CARTESIAN_POINT('',(3.,0.84,0.2));
#10068 = LINE('',#10069,#10070);
#10069 = CARTESIAN_POINT('',(3.,0.84,5.551115123126E-17));
#10070 = VECTOR('',#10071,1.);
#10071 = DIRECTION('',(0.,0.,1.));
#10072 = ORIENTED_EDGE('',*,*,#10073,.T.);
#10073 = EDGE_CURVE('',#10066,#10074,#10076,.T.);
#10074 = VERTEX_POINT('',#10075);
#10075 = CARTESIAN_POINT('',(2.65,0.84,0.2));
#10076 = LINE('',#10077,#10078);
#10077 = CARTESIAN_POINT('',(3.,0.84,0.2));
#10078 = VECTOR('',#10079,1.);
#10079 = DIRECTION('',(-1.,-2.22044604925E-16,0.));
#10080 = ORIENTED_EDGE('',*,*,#10081,.T.);
#10081 = EDGE_CURVE('',#10074,#10082,#10084,.T.);
#10082 = VERTEX_POINT('',#10083);
#10083 = CARTESIAN_POINT('',(2.55,0.84,0.3));
#10084 = CIRCLE('',#10085,0.1);
#10085 = AXIS2_PLACEMENT_3D('',#10086,#10087,#10088);
#10086 = CARTESIAN_POINT('',(2.65,0.84,0.3));
#10087 = DIRECTION('',(-2.22044604925E-16,1.,0.));
#10088 = DIRECTION('',(0.,0.,-1.));
#10089 = ORIENTED_EDGE('',*,*,#10090,.T.);
#10090 = EDGE_CURVE('',#10082,#10091,#10093,.T.);
#10091 = VERTEX_POINT('',#10092);
#10092 = CARTESIAN_POINT('',(2.55,0.84,0.725));
#10093 = LINE('',#10094,#10095);
#10094 = CARTESIAN_POINT('',(2.55,0.84,0.3));
#10095 = VECTOR('',#10096,1.);
#10096 = DIRECTION('',(0.,0.,1.));
#10097 = ORIENTED_EDGE('',*,*,#10098,.T.);
#10098 = EDGE_CURVE('',#10091,#10099,#10101,.T.);
#10099 = VERTEX_POINT('',#10100);
#10100 = CARTESIAN_POINT('',(2.25,0.84,1.025));
#10101 = CIRCLE('',#10102,0.3);
#10102 = AXIS2_PLACEMENT_3D('',#10103,#10104,#10105);
#10103 = CARTESIAN_POINT('',(2.25,0.84,0.725));
#10104 = DIRECTION('',(2.22044604925E-16,-1.,0.));
#10105 = DIRECTION('',(1.,2.22044604925E-16,3.700743415417E-16));
#10106 = ORIENTED_EDGE('',*,*,#10107,.T.);
#10107 = EDGE_CURVE('',#10099,#9565,#10108,.T.);
#10108 = LINE('',#10109,#10110);
#10109 = CARTESIAN_POINT('',(2.25,0.84,1.025));
#10110 = VECTOR('',#10111,1.);
#10111 = DIRECTION('',(-1.,-2.22044604925E-16,0.));
#10112 = PLANE('',#10113);
#10113 = AXIS2_PLACEMENT_3D('',#10114,#10115,#10116);
#10114 = CARTESIAN_POINT('',(2.41578967201,0.84,0.532659657565));
#10115 = DIRECTION('',(2.22044604925E-16,-1.,0.));
#10116 = DIRECTION('',(0.,0.,1.));
#10117 = ADVANCED_FACE('',(#10118),#10135,.F.);
#10118 = FACE_BOUND('',#10119,.F.);
#10119 = EDGE_LOOP('',(#10120,#10121,#10122,#10130));
#10120 = ORIENTED_EDGE('',*,*,#9586,.T.);
#10121 = ORIENTED_EDGE('',*,*,#9659,.T.);
#10122 = ORIENTED_EDGE('',*,*,#10123,.F.);
#10123 = EDGE_CURVE('',#10124,#9652,#10126,.T.);
#10124 = VERTEX_POINT('',#10125);
#10125 = CARTESIAN_POINT('',(-1.775,2.45,0.825));
#10126 = LINE('',#10127,#10128);
#10127 = CARTESIAN_POINT('',(-1.775,2.45,0.825));
#10128 = VECTOR('',#10129,1.);
#10129 = DIRECTION('',(1.,2.22044604925E-16,0.));
#10130 = ORIENTED_EDGE('',*,*,#10131,.F.);
#10131 = EDGE_CURVE('',#9587,#10124,#10132,.T.);
#10132 = B_SPLINE_CURVE_WITH_KNOTS('',1,(#10133,#10134),.UNSPECIFIED.,
  .F.,.F.,(2,2),(0.,1.),.PIECEWISE_BEZIER_KNOTS.);
#10133 = CARTESIAN_POINT('',(-1.717585640382,2.335171280765,0.1));
#10134 = CARTESIAN_POINT('',(-1.775,2.45,0.825));
#10135 = B_SPLINE_SURFACE_WITH_KNOTS('',1,1,(
    (#10136,#10137)
    ,(#10138,#10139
    )),.UNSPECIFIED.,.F.,.F.,.F.,(2,2),(2,2),(0.,3.55),(0.,1.),
  .PIECEWISE_BEZIER_KNOTS.);
#10136 = CARTESIAN_POINT('',(-1.717585640382,2.335171280765,0.1));
#10137 = CARTESIAN_POINT('',(-1.775,2.45,0.825));
#10138 = CARTESIAN_POINT('',(1.717585640382,2.335171280765,0.1));
#10139 = CARTESIAN_POINT('',(1.775,2.45,0.825));
#10140 = ADVANCED_FACE('',(#10141),#10158,.F.);
#10141 = FACE_BOUND('',#10142,.F.);
#10142 = EDGE_LOOP('',(#10143,#10144,#10151,#10157));
#10143 = ORIENTED_EDGE('',*,*,#9611,.T.);
#10144 = ORIENTED_EDGE('',*,*,#10145,.T.);
#10145 = EDGE_CURVE('',#9612,#10146,#10148,.T.);
#10146 = VERTEX_POINT('',#10147);
#10147 = CARTESIAN_POINT('',(-1.775,-2.45,0.825));
#10148 = B_SPLINE_CURVE_WITH_KNOTS('',1,(#10149,#10150),.UNSPECIFIED.,
  .F.,.F.,(2,2),(0.,1.),.PIECEWISE_BEZIER_KNOTS.);
#10149 = CARTESIAN_POINT('',(-1.717585640382,-2.335171280765,0.1));
#10150 = CARTESIAN_POINT('',(-1.775,-2.45,0.825));
#10151 = ORIENTED_EDGE('',*,*,#10152,.F.);
#10152 = EDGE_CURVE('',#9674,#10146,#10153,.T.);
#10153 = LINE('',#10154,#10155);
#10154 = CARTESIAN_POINT('',(1.775,-2.45,0.825));
#10155 = VECTOR('',#10156,1.);
#10156 = DIRECTION('',(-1.,-2.22044604925E-16,0.));
#10157 = ORIENTED_EDGE('',*,*,#9673,.F.);
#10158 = B_SPLINE_SURFACE_WITH_KNOTS('',1,1,(
    (#10159,#10160)
    ,(#10161,#10162
    )),.UNSPECIFIED.,.F.,.F.,.F.,(2,2),(2,2),(0.,3.55),(0.,1.),
  .PIECEWISE_BEZIER_KNOTS.);
#10159 = CARTESIAN_POINT('',(1.717585640382,-2.335171280765,0.1));
#10160 = CARTESIAN_POINT('',(1.775,-2.45,0.825));
#10161 = CARTESIAN_POINT('',(-1.717585640382,-2.335171280765,0.1));
#10162 = CARTESIAN_POINT('',(-1.775,-2.45,0.825));
#10163 = ADVANCED_FACE('',(#10164),#10181,.F.);
#10164 = FACE_BOUND('',#10165,.F.);
#10165 = EDGE_LOOP('',(#10166,#10167,#10174,#10180));
#10166 = ORIENTED_EDGE('',*,*,#9619,.T.);
#10167 = ORIENTED_EDGE('',*,*,#10168,.T.);
#10168 = EDGE_CURVE('',#9620,#10169,#10171,.T.);
#10169 = VERTEX_POINT('',#10170);
#10170 = CARTESIAN_POINT('',(-1.95,-2.275,0.825));
#10171 = B_SPLINE_CURVE_WITH_KNOTS('',1,(#10172,#10173),.UNSPECIFIED.,
  .F.,.F.,(2,2),(0.,1.),.PIECEWISE_BEZIER_KNOTS.);
#10172 = CARTESIAN_POINT('',(-1.835171280765,-2.217585640382,0.1));
#10173 = CARTESIAN_POINT('',(-1.95,-2.275,0.825));
#10174 = ORIENTED_EDGE('',*,*,#10175,.F.);
#10175 = EDGE_CURVE('',#10146,#10169,#10176,.T.);
#10176 = LINE('',#10177,#10178);
#10177 = CARTESIAN_POINT('',(-1.775,-2.45,0.825));
#10178 = VECTOR('',#10179,1.);
#10179 = DIRECTION('',(-0.707106781187,0.707106781187,0.));
#10180 = ORIENTED_EDGE('',*,*,#10145,.F.);
#10181 = B_SPLINE_SURFACE_WITH_KNOTS('',1,1,(
    (#10182,#10183)
    ,(#10184,#10185
    )),.UNSPECIFIED.,.F.,.F.,.F.,(2,2),(2,2),(0.,0.247487373415),(0.,1.)
  ,.PIECEWISE_BEZIER_KNOTS.);
#10182 = CARTESIAN_POINT('',(-1.717585640382,-2.335171280765,0.1));
#10183 = CARTESIAN_POINT('',(-1.775,-2.45,0.825));
#10184 = CARTESIAN_POINT('',(-1.835171280765,-2.217585640382,0.1));
#10185 = CARTESIAN_POINT('',(-1.95,-2.275,0.825));
#10186 = ADVANCED_FACE('',(#10187),#10268,.F.);
#10187 = FACE_BOUND('',#10188,.F.);
#10188 = EDGE_LOOP('',(#10189,#10190,#10197,#10205,#10213,#10221,#10229,
    #10237,#10245,#10253,#10261,#10267));
#10189 = ORIENTED_EDGE('',*,*,#9627,.T.);
#10190 = ORIENTED_EDGE('',*,*,#10191,.T.);
#10191 = EDGE_CURVE('',#9628,#10192,#10194,.T.);
#10192 = VERTEX_POINT('',#10193);
#10193 = CARTESIAN_POINT('',(-1.95,2.275,0.825));
#10194 = B_SPLINE_CURVE_WITH_KNOTS('',1,(#10195,#10196),.UNSPECIFIED.,
  .F.,.F.,(2,2),(0.,1.),.PIECEWISE_BEZIER_KNOTS.);
#10195 = CARTESIAN_POINT('',(-1.835171280765,2.217585640382,0.1));
#10196 = CARTESIAN_POINT('',(-1.95,2.275,0.825));
#10197 = ORIENTED_EDGE('',*,*,#10198,.F.);
#10198 = EDGE_CURVE('',#10199,#10192,#10201,.T.);
#10199 = VERTEX_POINT('',#10200);
#10200 = CARTESIAN_POINT('',(-1.95,2.11,0.825));
#10201 = LINE('',#10202,#10203);
#10202 = CARTESIAN_POINT('',(-1.95,-2.275,0.825));
#10203 = VECTOR('',#10204,1.);
#10204 = DIRECTION('',(-2.22044604925E-16,1.,0.));
#10205 = ORIENTED_EDGE('',*,*,#10206,.F.);
#10206 = EDGE_CURVE('',#10207,#10199,#10209,.T.);
#10207 = VERTEX_POINT('',#10208);
#10208 = CARTESIAN_POINT('',(-1.95,1.7,0.825));
#10209 = LINE('',#10210,#10211);
#10210 = CARTESIAN_POINT('',(-1.95,-2.275,0.825));
#10211 = VECTOR('',#10212,1.);
#10212 = DIRECTION('',(-2.22044604925E-16,1.,0.));
#10213 = ORIENTED_EDGE('',*,*,#10214,.F.);
#10214 = EDGE_CURVE('',#10215,#10207,#10217,.T.);
#10215 = VERTEX_POINT('',#10216);
#10216 = CARTESIAN_POINT('',(-1.95,0.84,0.825));
#10217 = LINE('',#10218,#10219);
#10218 = CARTESIAN_POINT('',(-1.95,-2.275,0.825));
#10219 = VECTOR('',#10220,1.);
#10220 = DIRECTION('',(-2.22044604925E-16,1.,0.));
#10221 = ORIENTED_EDGE('',*,*,#10222,.F.);
#10222 = EDGE_CURVE('',#10223,#10215,#10225,.T.);
#10223 = VERTEX_POINT('',#10224);
#10224 = CARTESIAN_POINT('',(-1.95,0.43,0.825));
#10225 = LINE('',#10226,#10227);
#10226 = CARTESIAN_POINT('',(-1.95,-2.275,0.825));
#10227 = VECTOR('',#10228,1.);
#10228 = DIRECTION('',(-2.22044604925E-16,1.,0.));
#10229 = ORIENTED_EDGE('',*,*,#10230,.F.);
#10230 = EDGE_CURVE('',#10231,#10223,#10233,.T.);
#10231 = VERTEX_POINT('',#10232);
#10232 = CARTESIAN_POINT('',(-1.95,-0.43,0.825));
#10233 = LINE('',#10234,#10235);
#10234 = CARTESIAN_POINT('',(-1.95,-2.275,0.825));
#10235 = VECTOR('',#10236,1.);
#10236 = DIRECTION('',(-2.22044604925E-16,1.,0.));
#10237 = ORIENTED_EDGE('',*,*,#10238,.F.);
#10238 = EDGE_CURVE('',#10239,#10231,#10241,.T.);
#10239 = VERTEX_POINT('',#10240);
#10240 = CARTESIAN_POINT('',(-1.95,-0.84,0.825));
#10241 = LINE('',#10242,#10243);
#10242 = CARTESIAN_POINT('',(-1.95,-2.275,0.825));
#10243 = VECTOR('',#10244,1.);
#10244 = DIRECTION('',(-2.22044604925E-16,1.,0.));
#10245 = ORIENTED_EDGE('',*,*,#10246,.F.);
#10246 = EDGE_CURVE('',#10247,#10239,#10249,.T.);
#10247 = VERTEX_POINT('',#10248);
#10248 = CARTESIAN_POINT('',(-1.95,-1.7,0.825));
#10249 = LINE('',#10250,#10251);
#10250 = CARTESIAN_POINT('',(-1.95,-2.275,0.825));
#10251 = VECTOR('',#10252,1.);
#10252 = DIRECTION('',(-2.22044604925E-16,1.,0.));
#10253 = ORIENTED_EDGE('',*,*,#10254,.F.);
#10254 = EDGE_CURVE('',#10255,#10247,#10257,.T.);
#10255 = VERTEX_POINT('',#10256);
#10256 = CARTESIAN_POINT('',(-1.95,-2.11,0.825));
#10257 = LINE('',#10258,#10259);
#10258 = CARTESIAN_POINT('',(-1.95,-2.275,0.825));
#10259 = VECTOR('',#10260,1.);
#10260 = DIRECTION('',(-2.22044604925E-16,1.,0.));
#10261 = ORIENTED_EDGE('',*,*,#10262,.F.);
#10262 = EDGE_CURVE('',#10169,#10255,#10263,.T.);
#10263 = LINE('',#10264,#10265);
#10264 = CARTESIAN_POINT('',(-1.95,-2.275,0.825));
#10265 = VECTOR('',#10266,1.);
#10266 = DIRECTION('',(-2.22044604925E-16,1.,0.));
#10267 = ORIENTED_EDGE('',*,*,#10168,.F.);
#10268 = B_SPLINE_SURFACE_WITH_KNOTS('',1,1,(
    (#10269,#10270)
    ,(#10271,#10272
    )),.UNSPECIFIED.,.F.,.F.,.F.,(2,2),(2,2),(0.,4.55),(0.,1.),
  .PIECEWISE_BEZIER_KNOTS.);
#10269 = CARTESIAN_POINT('',(-1.835171280765,-2.217585640382,0.1));
#10270 = CARTESIAN_POINT('',(-1.95,-2.275,0.825));
#10271 = CARTESIAN_POINT('',(-1.835171280765,2.217585640382,0.1));
#10272 = CARTESIAN_POINT('',(-1.95,2.275,0.825));
#10273 = ADVANCED_FACE('',(#10274),#10285,.F.);
#10274 = FACE_BOUND('',#10275,.F.);
#10275 = EDGE_LOOP('',(#10276,#10277,#10278,#10284));
#10276 = ORIENTED_EDGE('',*,*,#9635,.T.);
#10277 = ORIENTED_EDGE('',*,*,#10131,.T.);
#10278 = ORIENTED_EDGE('',*,*,#10279,.F.);
#10279 = EDGE_CURVE('',#10192,#10124,#10280,.T.);
#10280 = LINE('',#10281,#10282);
#10281 = CARTESIAN_POINT('',(-1.95,2.275,0.825));
#10282 = VECTOR('',#10283,1.);
#10283 = DIRECTION('',(0.707106781187,0.707106781187,0.));
#10284 = ORIENTED_EDGE('',*,*,#10191,.F.);
#10285 = B_SPLINE_SURFACE_WITH_KNOTS('',1,1,(
    (#10286,#10287)
    ,(#10288,#10289
    )),.UNSPECIFIED.,.F.,.F.,.F.,(2,2),(2,2),(0.,0.247487373415),(0.,1.)
  ,.PIECEWISE_BEZIER_KNOTS.);
#10286 = CARTESIAN_POINT('',(-1.835171280765,2.217585640382,0.1));
#10287 = CARTESIAN_POINT('',(-1.95,2.275,0.825));
#10288 = CARTESIAN_POINT('',(-1.717585640382,2.335171280765,0.1));
#10289 = CARTESIAN_POINT('',(-1.775,2.45,0.825));
#10290 = ADVANCED_FACE('',(#10291),#10308,.F.);
#10291 = FACE_BOUND('',#10292,.F.);
#10292 = EDGE_LOOP('',(#10293,#10294,#10301,#10307));
#10293 = ORIENTED_EDGE('',*,*,#9680,.T.);
#10294 = ORIENTED_EDGE('',*,*,#10295,.T.);
#10295 = EDGE_CURVE('',#9674,#10296,#10298,.T.);
#10296 = VERTEX_POINT('',#10297);
#10297 = CARTESIAN_POINT('',(1.775,-2.45,1.025));
#10298 = B_SPLINE_CURVE_WITH_KNOTS('',1,(#10299,#10300),.UNSPECIFIED.,
  .F.,.F.,(2,2),(0.,1.),.PIECEWISE_BEZIER_KNOTS.);
#10299 = CARTESIAN_POINT('',(1.775,-2.45,0.825));
#10300 = CARTESIAN_POINT('',(1.775,-2.45,1.025));
#10301 = ORIENTED_EDGE('',*,*,#10302,.F.);
#10302 = EDGE_CURVE('',#9705,#10296,#10303,.T.);
#10303 = LINE('',#10304,#10305);
#10304 = CARTESIAN_POINT('',(1.95,-2.275,1.025));
#10305 = VECTOR('',#10306,1.);
#10306 = DIRECTION('',(-0.707106781187,-0.707106781187,0.));
#10307 = ORIENTED_EDGE('',*,*,#9704,.F.);
#10308 = PLANE('',#10309);
#10309 = AXIS2_PLACEMENT_3D('',#10310,#10311,#10312);
#10310 = CARTESIAN_POINT('',(1.95,-2.275,1.025));
#10311 = DIRECTION('',(-0.707106781187,0.707106781187,0.));
#10312 = DIRECTION('',(-0.707106781187,-0.707106781187,0.));
#10313 = ADVANCED_FACE('',(#10314),#10400,.T.);
#10314 = FACE_BOUND('',#10315,.T.);
#10315 = EDGE_LOOP('',(#10316,#10317,#10318,#10327,#10335,#10344,#10352,
    #10360,#10368,#10377,#10385,#10394));
#10316 = ORIENTED_EDGE('',*,*,#9695,.F.);
#10317 = ORIENTED_EDGE('',*,*,#9734,.T.);
#10318 = ORIENTED_EDGE('',*,*,#10319,.T.);
#10319 = EDGE_CURVE('',#9735,#10320,#10322,.T.);
#10320 = VERTEX_POINT('',#10321);
#10321 = CARTESIAN_POINT('',(2.35,-2.11,0.725));
#10322 = CIRCLE('',#10323,0.1);
#10323 = AXIS2_PLACEMENT_3D('',#10324,#10325,#10326);
#10324 = CARTESIAN_POINT('',(2.25,-2.11,0.725));
#10325 = DIRECTION('',(-2.22044604925E-16,1.,0.));
#10326 = DIRECTION('',(4.440892098501E-15,9.860761315262E-31,1.));
#10327 = ORIENTED_EDGE('',*,*,#10328,.T.);
#10328 = EDGE_CURVE('',#10320,#10329,#10331,.T.);
#10329 = VERTEX_POINT('',#10330);
#10330 = CARTESIAN_POINT('',(2.35,-2.11,0.3));
#10331 = LINE('',#10332,#10333);
#10332 = CARTESIAN_POINT('',(2.35,-2.11,0.725));
#10333 = VECTOR('',#10334,1.);
#10334 = DIRECTION('',(1.044915787883E-15,2.320179133003E-31,-1.));
#10335 = ORIENTED_EDGE('',*,*,#10336,.T.);
#10336 = EDGE_CURVE('',#10329,#10337,#10339,.T.);
#10337 = VERTEX_POINT('',#10338);
#10338 = CARTESIAN_POINT('',(2.65,-2.11,5.551115123126E-17));
#10339 = CIRCLE('',#10340,0.3);
#10340 = AXIS2_PLACEMENT_3D('',#10341,#10342,#10343);
#10341 = CARTESIAN_POINT('',(2.65,-2.11,0.3));
#10342 = DIRECTION('',(2.22044604925E-16,-1.,0.));
#10343 = DIRECTION('',(-1.,-2.22044604925E-16,3.515706244646E-15));
#10344 = ORIENTED_EDGE('',*,*,#10345,.T.);
#10345 = EDGE_CURVE('',#10337,#10346,#10348,.T.);
#10346 = VERTEX_POINT('',#10347);
#10347 = CARTESIAN_POINT('',(3.,-2.11,5.551115123126E-17));
#10348 = LINE('',#10349,#10350);
#10349 = CARTESIAN_POINT('',(2.65,-2.11,5.551115123126E-17));
#10350 = VECTOR('',#10351,1.);
#10351 = DIRECTION('',(1.,2.22044604925E-16,0.));
#10352 = ORIENTED_EDGE('',*,*,#10353,.T.);
#10353 = EDGE_CURVE('',#10346,#10354,#10356,.T.);
#10354 = VERTEX_POINT('',#10355);
#10355 = CARTESIAN_POINT('',(3.,-2.11,0.2));
#10356 = LINE('',#10357,#10358);
#10357 = CARTESIAN_POINT('',(3.,-2.11,5.551115123126E-17));
#10358 = VECTOR('',#10359,1.);
#10359 = DIRECTION('',(0.,0.,1.));
#10360 = ORIENTED_EDGE('',*,*,#10361,.T.);
#10361 = EDGE_CURVE('',#10354,#10362,#10364,.T.);
#10362 = VERTEX_POINT('',#10363);
#10363 = CARTESIAN_POINT('',(2.65,-2.11,0.2));
#10364 = LINE('',#10365,#10366);
#10365 = CARTESIAN_POINT('',(3.,-2.11,0.2));
#10366 = VECTOR('',#10367,1.);
#10367 = DIRECTION('',(-1.,-2.22044604925E-16,0.));
#10368 = ORIENTED_EDGE('',*,*,#10369,.T.);
#10369 = EDGE_CURVE('',#10362,#10370,#10372,.T.);
#10370 = VERTEX_POINT('',#10371);
#10371 = CARTESIAN_POINT('',(2.55,-2.11,0.3));
#10372 = CIRCLE('',#10373,0.1);
#10373 = AXIS2_PLACEMENT_3D('',#10374,#10375,#10376);
#10374 = CARTESIAN_POINT('',(2.65,-2.11,0.3));
#10375 = DIRECTION('',(-2.22044604925E-16,1.,0.));
#10376 = DIRECTION('',(0.,0.,-1.));
#10377 = ORIENTED_EDGE('',*,*,#10378,.T.);
#10378 = EDGE_CURVE('',#10370,#10379,#10381,.T.);
#10379 = VERTEX_POINT('',#10380);
#10380 = CARTESIAN_POINT('',(2.55,-2.11,0.725));
#10381 = LINE('',#10382,#10383);
#10382 = CARTESIAN_POINT('',(2.55,-2.11,0.3));
#10383 = VECTOR('',#10384,1.);
#10384 = DIRECTION('',(0.,0.,1.));
#10385 = ORIENTED_EDGE('',*,*,#10386,.T.);
#10386 = EDGE_CURVE('',#10379,#10387,#10389,.T.);
#10387 = VERTEX_POINT('',#10388);
#10388 = CARTESIAN_POINT('',(2.25,-2.11,1.025));
#10389 = CIRCLE('',#10390,0.3);
#10390 = AXIS2_PLACEMENT_3D('',#10391,#10392,#10393);
#10391 = CARTESIAN_POINT('',(2.25,-2.11,0.725));
#10392 = DIRECTION('',(2.22044604925E-16,-1.,0.));
#10393 = DIRECTION('',(1.,2.22044604925E-16,3.700743415417E-16));
#10394 = ORIENTED_EDGE('',*,*,#10395,.T.);
#10395 = EDGE_CURVE('',#10387,#9696,#10396,.T.);
#10396 = LINE('',#10397,#10398);
#10397 = CARTESIAN_POINT('',(2.25,-2.11,1.025));
#10398 = VECTOR('',#10399,1.);
#10399 = DIRECTION('',(-1.,-2.22044604925E-16,0.));
#10400 = PLANE('',#10401);
#10401 = AXIS2_PLACEMENT_3D('',#10402,#10403,#10404);
#10402 = CARTESIAN_POINT('',(2.41578967201,-2.11,0.532659657565));
#10403 = DIRECTION('',(2.22044604925E-16,-1.,0.));
#10404 = DIRECTION('',(0.,0.,1.));
#10405 = ADVANCED_FACE('',(#10406),#10421,.F.);
#10406 = FACE_BOUND('',#10407,.F.);
#10407 = EDGE_LOOP('',(#10408,#10414,#10415,#10420));
#10408 = ORIENTED_EDGE('',*,*,#10409,.F.);
#10409 = EDGE_CURVE('',#9696,#9969,#10410,.T.);
#10410 = LINE('',#10411,#10412);
#10411 = CARTESIAN_POINT('',(2.25,-2.11,1.025));
#10412 = VECTOR('',#10413,1.);
#10413 = DIRECTION('',(-1.,-2.22044604925E-16,0.));
#10414 = ORIENTED_EDGE('',*,*,#9711,.T.);
#10415 = ORIENTED_EDGE('',*,*,#10416,.T.);
#10416 = EDGE_CURVE('',#9705,#9977,#10417,.T.);
#10417 = B_SPLINE_CURVE_WITH_KNOTS('',1,(#10418,#10419),.UNSPECIFIED.,
  .F.,.F.,(2,2),(0.,1.),.PIECEWISE_BEZIER_KNOTS.);
#10418 = CARTESIAN_POINT('',(1.95,-2.275,1.025));
#10419 = CARTESIAN_POINT('',(1.875,-2.2375,1.025));
#10420 = ORIENTED_EDGE('',*,*,#9976,.F.);
#10421 = B_SPLINE_SURFACE_WITH_KNOTS('',1,1,(
    (#10422,#10423)
    ,(#10424,#10425
    )),.UNSPECIFIED.,.F.,.F.,.F.,(2,2),(2,2),(0.,4.55),(0.,1.),
  .PIECEWISE_BEZIER_KNOTS.);
#10422 = CARTESIAN_POINT('',(1.95,2.275,1.025));
#10423 = CARTESIAN_POINT('',(1.875,2.2375,1.025));
#10424 = CARTESIAN_POINT('',(1.95,-2.275,1.025));
#10425 = CARTESIAN_POINT('',(1.875,-2.2375,1.025));
#10426 = ADVANCED_FACE('',(#10427),#10513,.F.);
#10427 = FACE_BOUND('',#10428,.F.);
#10428 = EDGE_LOOP('',(#10429,#10430,#10431,#10440,#10448,#10457,#10465,
    #10473,#10481,#10490,#10498,#10507));
#10429 = ORIENTED_EDGE('',*,*,#9765,.F.);
#10430 = ORIENTED_EDGE('',*,*,#9725,.T.);
#10431 = ORIENTED_EDGE('',*,*,#10432,.T.);
#10432 = EDGE_CURVE('',#9726,#10433,#10435,.T.);
#10433 = VERTEX_POINT('',#10434);
#10434 = CARTESIAN_POINT('',(2.35,-1.7,0.725));
#10435 = CIRCLE('',#10436,0.1);
#10436 = AXIS2_PLACEMENT_3D('',#10437,#10438,#10439);
#10437 = CARTESIAN_POINT('',(2.25,-1.7,0.725));
#10438 = DIRECTION('',(-2.22044604925E-16,1.,0.));
#10439 = DIRECTION('',(4.440892098501E-15,9.860761315262E-31,1.));
#10440 = ORIENTED_EDGE('',*,*,#10441,.T.);
#10441 = EDGE_CURVE('',#10433,#10442,#10444,.T.);
#10442 = VERTEX_POINT('',#10443);
#10443 = CARTESIAN_POINT('',(2.35,-1.7,0.3));
#10444 = LINE('',#10445,#10446);
#10445 = CARTESIAN_POINT('',(2.35,-1.7,0.725));
#10446 = VECTOR('',#10447,1.);
#10447 = DIRECTION('',(1.044915787883E-15,2.320179133003E-31,-1.));
#10448 = ORIENTED_EDGE('',*,*,#10449,.T.);
#10449 = EDGE_CURVE('',#10442,#10450,#10452,.T.);
#10450 = VERTEX_POINT('',#10451);
#10451 = CARTESIAN_POINT('',(2.65,-1.7,5.551115123126E-17));
#10452 = CIRCLE('',#10453,0.3);
#10453 = AXIS2_PLACEMENT_3D('',#10454,#10455,#10456);
#10454 = CARTESIAN_POINT('',(2.65,-1.7,0.3));
#10455 = DIRECTION('',(2.22044604925E-16,-1.,0.));
#10456 = DIRECTION('',(-1.,-2.22044604925E-16,3.515706244646E-15));
#10457 = ORIENTED_EDGE('',*,*,#10458,.T.);
#10458 = EDGE_CURVE('',#10450,#10459,#10461,.T.);
#10459 = VERTEX_POINT('',#10460);
#10460 = CARTESIAN_POINT('',(3.,-1.7,5.551115123126E-17));
#10461 = LINE('',#10462,#10463);
#10462 = CARTESIAN_POINT('',(2.65,-1.7,5.551115123126E-17));
#10463 = VECTOR('',#10464,1.);
#10464 = DIRECTION('',(1.,2.22044604925E-16,0.));
#10465 = ORIENTED_EDGE('',*,*,#10466,.T.);
#10466 = EDGE_CURVE('',#10459,#10467,#10469,.T.);
#10467 = VERTEX_POINT('',#10468);
#10468 = CARTESIAN_POINT('',(3.,-1.7,0.2));
#10469 = LINE('',#10470,#10471);
#10470 = CARTESIAN_POINT('',(3.,-1.7,5.551115123126E-17));
#10471 = VECTOR('',#10472,1.);
#10472 = DIRECTION('',(0.,0.,1.));
#10473 = ORIENTED_EDGE('',*,*,#10474,.T.);
#10474 = EDGE_CURVE('',#10467,#10475,#10477,.T.);
#10475 = VERTEX_POINT('',#10476);
#10476 = CARTESIAN_POINT('',(2.65,-1.7,0.2));
#10477 = LINE('',#10478,#10479);
#10478 = CARTESIAN_POINT('',(3.,-1.7,0.2));
#10479 = VECTOR('',#10480,1.);
#10480 = DIRECTION('',(-1.,-2.22044604925E-16,0.));
#10481 = ORIENTED_EDGE('',*,*,#10482,.T.);
#10482 = EDGE_CURVE('',#10475,#10483,#10485,.T.);
#10483 = VERTEX_POINT('',#10484);
#10484 = CARTESIAN_POINT('',(2.55,-1.7,0.3));
#10485 = CIRCLE('',#10486,0.1);
#10486 = AXIS2_PLACEMENT_3D('',#10487,#10488,#10489);
#10487 = CARTESIAN_POINT('',(2.65,-1.7,0.3));
#10488 = DIRECTION('',(-2.22044604925E-16,1.,0.));
#10489 = DIRECTION('',(0.,0.,-1.));
#10490 = ORIENTED_EDGE('',*,*,#10491,.T.);
#10491 = EDGE_CURVE('',#10483,#10492,#10494,.T.);
#10492 = VERTEX_POINT('',#10493);
#10493 = CARTESIAN_POINT('',(2.55,-1.7,0.725));
#10494 = LINE('',#10495,#10496);
#10495 = CARTESIAN_POINT('',(2.55,-1.7,0.3));
#10496 = VECTOR('',#10497,1.);
#10497 = DIRECTION('',(0.,0.,1.));
#10498 = ORIENTED_EDGE('',*,*,#10499,.T.);
#10499 = EDGE_CURVE('',#10492,#10500,#10502,.T.);
#10500 = VERTEX_POINT('',#10501);
#10501 = CARTESIAN_POINT('',(2.25,-1.7,1.025));
#10502 = CIRCLE('',#10503,0.3);
#10503 = AXIS2_PLACEMENT_3D('',#10504,#10505,#10506);
#10504 = CARTESIAN_POINT('',(2.25,-1.7,0.725));
#10505 = DIRECTION('',(2.22044604925E-16,-1.,0.));
#10506 = DIRECTION('',(1.,2.22044604925E-16,3.700743415417E-16));
#10507 = ORIENTED_EDGE('',*,*,#10508,.T.);
#10508 = EDGE_CURVE('',#10500,#9766,#10509,.T.);
#10509 = LINE('',#10510,#10511);
#10510 = CARTESIAN_POINT('',(2.25,-1.7,1.025));
#10511 = VECTOR('',#10512,1.);
#10512 = DIRECTION('',(-1.,-2.22044604925E-16,0.));
#10513 = PLANE('',#10514);
#10514 = AXIS2_PLACEMENT_3D('',#10515,#10516,#10517);
#10515 = CARTESIAN_POINT('',(2.41578967201,-1.7,0.532659657565));
#10516 = DIRECTION('',(2.22044604925E-16,-1.,0.));
#10517 = DIRECTION('',(0.,0.,1.));
#10518 = ADVANCED_FACE('',(#10519),#10530,.F.);
#10519 = FACE_BOUND('',#10520,.F.);
#10520 = EDGE_LOOP('',(#10521,#10522,#10523,#10529));
#10521 = ORIENTED_EDGE('',*,*,#9742,.T.);
#10522 = ORIENTED_EDGE('',*,*,#10319,.T.);
#10523 = ORIENTED_EDGE('',*,*,#10524,.F.);
#10524 = EDGE_CURVE('',#10433,#10320,#10525,.T.);
#10525 = LINE('',#10526,#10527);
#10526 = CARTESIAN_POINT('',(2.35,-1.7,0.725));
#10527 = VECTOR('',#10528,1.);
#10528 = DIRECTION('',(2.22044604925E-16,-1.,0.));
#10529 = ORIENTED_EDGE('',*,*,#10432,.F.);
#10530 = CYLINDRICAL_SURFACE('',#10531,0.1);
#10531 = AXIS2_PLACEMENT_3D('',#10532,#10533,#10534);
#10532 = CARTESIAN_POINT('',(2.25,-1.7,0.725));
#10533 = DIRECTION('',(-2.22044604925E-16,1.,0.));
#10534 = DIRECTION('',(4.440892098501E-15,9.860761315262E-31,1.));
#10535 = ADVANCED_FACE('',(#10536),#10622,.T.);
#10536 = FACE_BOUND('',#10537,.T.);
#10537 = EDGE_LOOP('',(#10538,#10539,#10540,#10549,#10557,#10566,#10574,
    #10582,#10590,#10599,#10607,#10616));
#10538 = ORIENTED_EDGE('',*,*,#9756,.F.);
#10539 = ORIENTED_EDGE('',*,*,#9827,.T.);
#10540 = ORIENTED_EDGE('',*,*,#10541,.T.);
#10541 = EDGE_CURVE('',#9828,#10542,#10544,.T.);
#10542 = VERTEX_POINT('',#10543);
#10543 = CARTESIAN_POINT('',(2.35,-0.84,0.725));
#10544 = CIRCLE('',#10545,0.1);
#10545 = AXIS2_PLACEMENT_3D('',#10546,#10547,#10548);
#10546 = CARTESIAN_POINT('',(2.25,-0.84,0.725));
#10547 = DIRECTION('',(-2.22044604925E-16,1.,0.));
#10548 = DIRECTION('',(4.440892098501E-15,9.860761315262E-31,1.));
#10549 = ORIENTED_EDGE('',*,*,#10550,.T.);
#10550 = EDGE_CURVE('',#10542,#10551,#10553,.T.);
#10551 = VERTEX_POINT('',#10552);
#10552 = CARTESIAN_POINT('',(2.35,-0.84,0.3));
#10553 = LINE('',#10554,#10555);
#10554 = CARTESIAN_POINT('',(2.35,-0.84,0.725));
#10555 = VECTOR('',#10556,1.);
#10556 = DIRECTION('',(1.044915787883E-15,2.320179133003E-31,-1.));
#10557 = ORIENTED_EDGE('',*,*,#10558,.T.);
#10558 = EDGE_CURVE('',#10551,#10559,#10561,.T.);
#10559 = VERTEX_POINT('',#10560);
#10560 = CARTESIAN_POINT('',(2.65,-0.84,5.551115123126E-17));
#10561 = CIRCLE('',#10562,0.3);
#10562 = AXIS2_PLACEMENT_3D('',#10563,#10564,#10565);
#10563 = CARTESIAN_POINT('',(2.65,-0.84,0.3));
#10564 = DIRECTION('',(2.22044604925E-16,-1.,0.));
#10565 = DIRECTION('',(-1.,-2.22044604925E-16,3.515706244646E-15));
#10566 = ORIENTED_EDGE('',*,*,#10567,.T.);
#10567 = EDGE_CURVE('',#10559,#10568,#10570,.T.);
#10568 = VERTEX_POINT('',#10569);
#10569 = CARTESIAN_POINT('',(3.,-0.84,5.551115123126E-17));
#10570 = LINE('',#10571,#10572);
#10571 = CARTESIAN_POINT('',(2.65,-0.84,5.551115123126E-17));
#10572 = VECTOR('',#10573,1.);
#10573 = DIRECTION('',(1.,2.22044604925E-16,0.));
#10574 = ORIENTED_EDGE('',*,*,#10575,.T.);
#10575 = EDGE_CURVE('',#10568,#10576,#10578,.T.);
#10576 = VERTEX_POINT('',#10577);
#10577 = CARTESIAN_POINT('',(3.,-0.84,0.2));
#10578 = LINE('',#10579,#10580);
#10579 = CARTESIAN_POINT('',(3.,-0.84,5.551115123126E-17));
#10580 = VECTOR('',#10581,1.);
#10581 = DIRECTION('',(0.,0.,1.));
#10582 = ORIENTED_EDGE('',*,*,#10583,.T.);
#10583 = EDGE_CURVE('',#10576,#10584,#10586,.T.);
#10584 = VERTEX_POINT('',#10585);
#10585 = CARTESIAN_POINT('',(2.65,-0.84,0.2));
#10586 = LINE('',#10587,#10588);
#10587 = CARTESIAN_POINT('',(3.,-0.84,0.2));
#10588 = VECTOR('',#10589,1.);
#10589 = DIRECTION('',(-1.,-2.22044604925E-16,0.));
#10590 = ORIENTED_EDGE('',*,*,#10591,.T.);
#10591 = EDGE_CURVE('',#10584,#10592,#10594,.T.);
#10592 = VERTEX_POINT('',#10593);
#10593 = CARTESIAN_POINT('',(2.55,-0.84,0.3));
#10594 = CIRCLE('',#10595,0.1);
#10595 = AXIS2_PLACEMENT_3D('',#10596,#10597,#10598);
#10596 = CARTESIAN_POINT('',(2.65,-0.84,0.3));
#10597 = DIRECTION('',(-2.22044604925E-16,1.,0.));
#10598 = DIRECTION('',(0.,0.,-1.));
#10599 = ORIENTED_EDGE('',*,*,#10600,.T.);
#10600 = EDGE_CURVE('',#10592,#10601,#10603,.T.);
#10601 = VERTEX_POINT('',#10602);
#10602 = CARTESIAN_POINT('',(2.55,-0.84,0.725));
#10603 = LINE('',#10604,#10605);
#10604 = CARTESIAN_POINT('',(2.55,-0.84,0.3));
#10605 = VECTOR('',#10606,1.);
#10606 = DIRECTION('',(0.,0.,1.));
#10607 = ORIENTED_EDGE('',*,*,#10608,.T.);
#10608 = EDGE_CURVE('',#10601,#10609,#10611,.T.);
#10609 = VERTEX_POINT('',#10610);
#10610 = CARTESIAN_POINT('',(2.25,-0.84,1.025));
#10611 = CIRCLE('',#10612,0.3);
#10612 = AXIS2_PLACEMENT_3D('',#10613,#10614,#10615);
#10613 = CARTESIAN_POINT('',(2.25,-0.84,0.725));
#10614 = DIRECTION('',(2.22044604925E-16,-1.,0.));
#10615 = DIRECTION('',(1.,2.22044604925E-16,3.700743415417E-16));
#10616 = ORIENTED_EDGE('',*,*,#10617,.T.);
#10617 = EDGE_CURVE('',#10609,#9757,#10618,.T.);
#10618 = LINE('',#10619,#10620);
#10619 = CARTESIAN_POINT('',(2.25,-0.84,1.025));
#10620 = VECTOR('',#10621,1.);
#10621 = DIRECTION('',(-1.,-2.22044604925E-16,0.));
#10622 = PLANE('',#10623);
#10623 = AXIS2_PLACEMENT_3D('',#10624,#10625,#10626);
#10624 = CARTESIAN_POINT('',(2.41578967201,-0.84,0.532659657565));
#10625 = DIRECTION('',(2.22044604925E-16,-1.,0.));
#10626 = DIRECTION('',(0.,0.,1.));
#10627 = ADVANCED_FACE('',(#10628),#10644,.F.);
#10628 = FACE_BOUND('',#10629,.F.);
#10629 = EDGE_LOOP('',(#10630,#10636,#10637,#10643));
#10630 = ORIENTED_EDGE('',*,*,#10631,.F.);
#10631 = EDGE_CURVE('',#9757,#9953,#10632,.T.);
#10632 = LINE('',#10633,#10634);
#10633 = CARTESIAN_POINT('',(2.25,-0.84,1.025));
#10634 = VECTOR('',#10635,1.);
#10635 = DIRECTION('',(-1.,-2.22044604925E-16,0.));
#10636 = ORIENTED_EDGE('',*,*,#9773,.T.);
#10637 = ORIENTED_EDGE('',*,*,#10638,.T.);
#10638 = EDGE_CURVE('',#9766,#9961,#10639,.T.);
#10639 = LINE('',#10640,#10641);
#10640 = CARTESIAN_POINT('',(2.25,-1.7,1.025));
#10641 = VECTOR('',#10642,1.);
#10642 = DIRECTION('',(-1.,-2.22044604925E-16,0.));
#10643 = ORIENTED_EDGE('',*,*,#9960,.F.);
#10644 = B_SPLINE_SURFACE_WITH_KNOTS('',1,1,(
    (#10645,#10646)
    ,(#10647,#10648
    )),.UNSPECIFIED.,.F.,.F.,.F.,(2,2),(2,2),(0.,4.55),(0.,1.),
  .PIECEWISE_BEZIER_KNOTS.);
#10645 = CARTESIAN_POINT('',(1.95,2.275,1.025));
#10646 = CARTESIAN_POINT('',(1.875,2.2375,1.025));
#10647 = CARTESIAN_POINT('',(1.95,-2.275,1.025));
#10648 = CARTESIAN_POINT('',(1.875,-2.2375,1.025));
#10649 = ADVANCED_FACE('',(#10650),#10669,.F.);
#10650 = FACE_BOUND('',#10651,.F.);
#10651 = EDGE_LOOP('',(#10652,#10653,#10662,#10668));
#10652 = ORIENTED_EDGE('',*,*,#9804,.T.);
#10653 = ORIENTED_EDGE('',*,*,#10654,.T.);
#10654 = EDGE_CURVE('',#9797,#10655,#10657,.T.);
#10655 = VERTEX_POINT('',#10656);
#10656 = CARTESIAN_POINT('',(2.35,0.43,0.725));
#10657 = CIRCLE('',#10658,0.1);
#10658 = AXIS2_PLACEMENT_3D('',#10659,#10660,#10661);
#10659 = CARTESIAN_POINT('',(2.25,0.43,0.725));
#10660 = DIRECTION('',(-2.22044604925E-16,1.,0.));
#10661 = DIRECTION('',(4.440892098501E-15,9.860761315262E-31,1.));
#10662 = ORIENTED_EDGE('',*,*,#10663,.F.);
#10663 = EDGE_CURVE('',#10032,#10655,#10664,.T.);
#10664 = LINE('',#10665,#10666);
#10665 = CARTESIAN_POINT('',(2.35,0.84,0.725));
#10666 = VECTOR('',#10667,1.);
#10667 = DIRECTION('',(2.22044604925E-16,-1.,0.));
#10668 = ORIENTED_EDGE('',*,*,#10031,.F.);
#10669 = CYLINDRICAL_SURFACE('',#10670,0.1);
#10670 = AXIS2_PLACEMENT_3D('',#10671,#10672,#10673);
#10671 = CARTESIAN_POINT('',(2.25,0.84,0.725));
#10672 = DIRECTION('',(-2.22044604925E-16,1.,0.));
#10673 = DIRECTION('',(4.440892098501E-15,9.860761315262E-31,1.));
#10674 = ADVANCED_FACE('',(#10675),#10753,.T.);
#10675 = FACE_BOUND('',#10676,.T.);
#10676 = EDGE_LOOP('',(#10677,#10678,#10679,#10680,#10688,#10697,#10705,
    #10713,#10721,#10730,#10738,#10747));
#10677 = ORIENTED_EDGE('',*,*,#9849,.F.);
#10678 = ORIENTED_EDGE('',*,*,#9796,.T.);
#10679 = ORIENTED_EDGE('',*,*,#10654,.T.);
#10680 = ORIENTED_EDGE('',*,*,#10681,.T.);
#10681 = EDGE_CURVE('',#10655,#10682,#10684,.T.);
#10682 = VERTEX_POINT('',#10683);
#10683 = CARTESIAN_POINT('',(2.35,0.43,0.3));
#10684 = LINE('',#10685,#10686);
#10685 = CARTESIAN_POINT('',(2.35,0.43,0.725));
#10686 = VECTOR('',#10687,1.);
#10687 = DIRECTION('',(1.044915787883E-15,2.320179133003E-31,-1.));
#10688 = ORIENTED_EDGE('',*,*,#10689,.T.);
#10689 = EDGE_CURVE('',#10682,#10690,#10692,.T.);
#10690 = VERTEX_POINT('',#10691);
#10691 = CARTESIAN_POINT('',(2.65,0.43,5.551115123126E-17));
#10692 = CIRCLE('',#10693,0.3);
#10693 = AXIS2_PLACEMENT_3D('',#10694,#10695,#10696);
#10694 = CARTESIAN_POINT('',(2.65,0.43,0.3));
#10695 = DIRECTION('',(2.22044604925E-16,-1.,0.));
#10696 = DIRECTION('',(-1.,-2.22044604925E-16,3.515706244646E-15));
#10697 = ORIENTED_EDGE('',*,*,#10698,.T.);
#10698 = EDGE_CURVE('',#10690,#10699,#10701,.T.);
#10699 = VERTEX_POINT('',#10700);
#10700 = CARTESIAN_POINT('',(3.,0.43,5.551115123126E-17));
#10701 = LINE('',#10702,#10703);
#10702 = CARTESIAN_POINT('',(2.65,0.43,5.551115123126E-17));
#10703 = VECTOR('',#10704,1.);
#10704 = DIRECTION('',(1.,2.22044604925E-16,0.));
#10705 = ORIENTED_EDGE('',*,*,#10706,.T.);
#10706 = EDGE_CURVE('',#10699,#10707,#10709,.T.);
#10707 = VERTEX_POINT('',#10708);
#10708 = CARTESIAN_POINT('',(3.,0.43,0.2));
#10709 = LINE('',#10710,#10711);
#10710 = CARTESIAN_POINT('',(3.,0.43,5.551115123126E-17));
#10711 = VECTOR('',#10712,1.);
#10712 = DIRECTION('',(0.,0.,1.));
#10713 = ORIENTED_EDGE('',*,*,#10714,.T.);
#10714 = EDGE_CURVE('',#10707,#10715,#10717,.T.);
#10715 = VERTEX_POINT('',#10716);
#10716 = CARTESIAN_POINT('',(2.65,0.43,0.2));
#10717 = LINE('',#10718,#10719);
#10718 = CARTESIAN_POINT('',(3.,0.43,0.2));
#10719 = VECTOR('',#10720,1.);
#10720 = DIRECTION('',(-1.,-2.22044604925E-16,0.));
#10721 = ORIENTED_EDGE('',*,*,#10722,.T.);
#10722 = EDGE_CURVE('',#10715,#10723,#10725,.T.);
#10723 = VERTEX_POINT('',#10724);
#10724 = CARTESIAN_POINT('',(2.55,0.43,0.3));
#10725 = CIRCLE('',#10726,0.1);
#10726 = AXIS2_PLACEMENT_3D('',#10727,#10728,#10729);
#10727 = CARTESIAN_POINT('',(2.65,0.43,0.3));
#10728 = DIRECTION('',(-2.22044604925E-16,1.,0.));
#10729 = DIRECTION('',(0.,0.,-1.));
#10730 = ORIENTED_EDGE('',*,*,#10731,.T.);
#10731 = EDGE_CURVE('',#10723,#10732,#10734,.T.);
#10732 = VERTEX_POINT('',#10733);
#10733 = CARTESIAN_POINT('',(2.55,0.43,0.725));
#10734 = LINE('',#10735,#10736);
#10735 = CARTESIAN_POINT('',(2.55,0.43,0.3));
#10736 = VECTOR('',#10737,1.);
#10737 = DIRECTION('',(0.,0.,1.));
#10738 = ORIENTED_EDGE('',*,*,#10739,.T.);
#10739 = EDGE_CURVE('',#10732,#10740,#10742,.T.);
#10740 = VERTEX_POINT('',#10741);
#10741 = CARTESIAN_POINT('',(2.25,0.43,1.025));
#10742 = CIRCLE('',#10743,0.3);
#10743 = AXIS2_PLACEMENT_3D('',#10744,#10745,#10746);
#10744 = CARTESIAN_POINT('',(2.25,0.43,0.725));
#10745 = DIRECTION('',(2.22044604925E-16,-1.,0.));
#10746 = DIRECTION('',(1.,2.22044604925E-16,3.700743415417E-16));
#10747 = ORIENTED_EDGE('',*,*,#10748,.T.);
#10748 = EDGE_CURVE('',#10740,#9850,#10749,.T.);
#10749 = LINE('',#10750,#10751);
#10750 = CARTESIAN_POINT('',(2.25,0.43,1.025));
#10751 = VECTOR('',#10752,1.);
#10752 = DIRECTION('',(-1.,-2.22044604925E-16,0.));
#10753 = PLANE('',#10754);
#10754 = AXIS2_PLACEMENT_3D('',#10755,#10756,#10757);
#10755 = CARTESIAN_POINT('',(2.41578967201,0.43,0.532659657565));
#10756 = DIRECTION('',(2.22044604925E-16,-1.,0.));
#10757 = DIRECTION('',(0.,0.,1.));
#10758 = ADVANCED_FACE('',(#10759),#10845,.F.);
#10759 = FACE_BOUND('',#10760,.F.);
#10760 = EDGE_LOOP('',(#10761,#10762,#10763,#10772,#10780,#10789,#10797,
    #10805,#10813,#10822,#10830,#10839));
#10761 = ORIENTED_EDGE('',*,*,#9858,.F.);
#10762 = ORIENTED_EDGE('',*,*,#9818,.T.);
#10763 = ORIENTED_EDGE('',*,*,#10764,.T.);
#10764 = EDGE_CURVE('',#9819,#10765,#10767,.T.);
#10765 = VERTEX_POINT('',#10766);
#10766 = CARTESIAN_POINT('',(2.35,-0.43,0.725));
#10767 = CIRCLE('',#10768,0.1);
#10768 = AXIS2_PLACEMENT_3D('',#10769,#10770,#10771);
#10769 = CARTESIAN_POINT('',(2.25,-0.43,0.725));
#10770 = DIRECTION('',(-2.22044604925E-16,1.,0.));
#10771 = DIRECTION('',(4.440892098501E-15,9.860761315262E-31,1.));
#10772 = ORIENTED_EDGE('',*,*,#10773,.T.);
#10773 = EDGE_CURVE('',#10765,#10774,#10776,.T.);
#10774 = VERTEX_POINT('',#10775);
#10775 = CARTESIAN_POINT('',(2.35,-0.43,0.3));
#10776 = LINE('',#10777,#10778);
#10777 = CARTESIAN_POINT('',(2.35,-0.43,0.725));
#10778 = VECTOR('',#10779,1.);
#10779 = DIRECTION('',(1.044915787883E-15,2.320179133003E-31,-1.));
#10780 = ORIENTED_EDGE('',*,*,#10781,.T.);
#10781 = EDGE_CURVE('',#10774,#10782,#10784,.T.);
#10782 = VERTEX_POINT('',#10783);
#10783 = CARTESIAN_POINT('',(2.65,-0.43,5.551115123126E-17));
#10784 = CIRCLE('',#10785,0.3);
#10785 = AXIS2_PLACEMENT_3D('',#10786,#10787,#10788);
#10786 = CARTESIAN_POINT('',(2.65,-0.43,0.3));
#10787 = DIRECTION('',(2.22044604925E-16,-1.,0.));
#10788 = DIRECTION('',(-1.,-2.22044604925E-16,3.515706244646E-15));
#10789 = ORIENTED_EDGE('',*,*,#10790,.T.);
#10790 = EDGE_CURVE('',#10782,#10791,#10793,.T.);
#10791 = VERTEX_POINT('',#10792);
#10792 = CARTESIAN_POINT('',(3.,-0.43,5.551115123126E-17));
#10793 = LINE('',#10794,#10795);
#10794 = CARTESIAN_POINT('',(2.65,-0.43,5.551115123126E-17));
#10795 = VECTOR('',#10796,1.);
#10796 = DIRECTION('',(1.,2.22044604925E-16,0.));
#10797 = ORIENTED_EDGE('',*,*,#10798,.T.);
#10798 = EDGE_CURVE('',#10791,#10799,#10801,.T.);
#10799 = VERTEX_POINT('',#10800);
#10800 = CARTESIAN_POINT('',(3.,-0.43,0.2));
#10801 = LINE('',#10802,#10803);
#10802 = CARTESIAN_POINT('',(3.,-0.43,5.551115123126E-17));
#10803 = VECTOR('',#10804,1.);
#10804 = DIRECTION('',(0.,0.,1.));
#10805 = ORIENTED_EDGE('',*,*,#10806,.T.);
#10806 = EDGE_CURVE('',#10799,#10807,#10809,.T.);
#10807 = VERTEX_POINT('',#10808);
#10808 = CARTESIAN_POINT('',(2.65,-0.43,0.2));
#10809 = LINE('',#10810,#10811);
#10810 = CARTESIAN_POINT('',(3.,-0.43,0.2));
#10811 = VECTOR('',#10812,1.);
#10812 = DIRECTION('',(-1.,-2.22044604925E-16,0.));
#10813 = ORIENTED_EDGE('',*,*,#10814,.T.);
#10814 = EDGE_CURVE('',#10807,#10815,#10817,.T.);
#10815 = VERTEX_POINT('',#10816);
#10816 = CARTESIAN_POINT('',(2.55,-0.43,0.3));
#10817 = CIRCLE('',#10818,0.1);
#10818 = AXIS2_PLACEMENT_3D('',#10819,#10820,#10821);
#10819 = CARTESIAN_POINT('',(2.65,-0.43,0.3));
#10820 = DIRECTION('',(-2.22044604925E-16,1.,0.));
#10821 = DIRECTION('',(0.,0.,-1.));
#10822 = ORIENTED_EDGE('',*,*,#10823,.T.);
#10823 = EDGE_CURVE('',#10815,#10824,#10826,.T.);
#10824 = VERTEX_POINT('',#10825);
#10825 = CARTESIAN_POINT('',(2.55,-0.43,0.725));
#10826 = LINE('',#10827,#10828);
#10827 = CARTESIAN_POINT('',(2.55,-0.43,0.3));
#10828 = VECTOR('',#10829,1.);
#10829 = DIRECTION('',(0.,0.,1.));
#10830 = ORIENTED_EDGE('',*,*,#10831,.T.);
#10831 = EDGE_CURVE('',#10824,#10832,#10834,.T.);
#10832 = VERTEX_POINT('',#10833);
#10833 = CARTESIAN_POINT('',(2.25,-0.43,1.025));
#10834 = CIRCLE('',#10835,0.3);
#10835 = AXIS2_PLACEMENT_3D('',#10836,#10837,#10838);
#10836 = CARTESIAN_POINT('',(2.25,-0.43,0.725));
#10837 = DIRECTION('',(2.22044604925E-16,-1.,0.));
#10838 = DIRECTION('',(1.,2.22044604925E-16,3.700743415417E-16));
#10839 = ORIENTED_EDGE('',*,*,#10840,.T.);
#10840 = EDGE_CURVE('',#10832,#9859,#10841,.T.);
#10841 = LINE('',#10842,#10843);
#10842 = CARTESIAN_POINT('',(2.25,-0.43,1.025));
#10843 = VECTOR('',#10844,1.);
#10844 = DIRECTION('',(-1.,-2.22044604925E-16,0.));
#10845 = PLANE('',#10846);
#10846 = AXIS2_PLACEMENT_3D('',#10847,#10848,#10849);
#10847 = CARTESIAN_POINT('',(2.41578967201,-0.43,0.532659657565));
#10848 = DIRECTION('',(2.22044604925E-16,-1.,0.));
#10849 = DIRECTION('',(0.,0.,1.));
#10850 = ADVANCED_FACE('',(#10851),#10862,.F.);
#10851 = FACE_BOUND('',#10852,.F.);
#10852 = EDGE_LOOP('',(#10853,#10854,#10855,#10861));
#10853 = ORIENTED_EDGE('',*,*,#9835,.T.);
#10854 = ORIENTED_EDGE('',*,*,#10541,.T.);
#10855 = ORIENTED_EDGE('',*,*,#10856,.F.);
#10856 = EDGE_CURVE('',#10765,#10542,#10857,.T.);
#10857 = LINE('',#10858,#10859);
#10858 = CARTESIAN_POINT('',(2.35,-0.43,0.725));
#10859 = VECTOR('',#10860,1.);
#10860 = DIRECTION('',(2.22044604925E-16,-1.,0.));
#10861 = ORIENTED_EDGE('',*,*,#10764,.F.);
#10862 = CYLINDRICAL_SURFACE('',#10863,0.1);
#10863 = AXIS2_PLACEMENT_3D('',#10864,#10865,#10866);
#10864 = CARTESIAN_POINT('',(2.25,-0.43,0.725));
#10865 = DIRECTION('',(-2.22044604925E-16,1.,0.));
#10866 = DIRECTION('',(4.440892098501E-15,9.860761315262E-31,1.));
#10867 = ADVANCED_FACE('',(#10868),#10884,.F.);
#10868 = FACE_BOUND('',#10869,.F.);
#10869 = EDGE_LOOP('',(#10870,#10876,#10877,#10883));
#10870 = ORIENTED_EDGE('',*,*,#10871,.F.);
#10871 = EDGE_CURVE('',#9850,#9937,#10872,.T.);
#10872 = LINE('',#10873,#10874);
#10873 = CARTESIAN_POINT('',(2.25,0.43,1.025));
#10874 = VECTOR('',#10875,1.);
#10875 = DIRECTION('',(-1.,-2.22044604925E-16,0.));
#10876 = ORIENTED_EDGE('',*,*,#9866,.T.);
#10877 = ORIENTED_EDGE('',*,*,#10878,.T.);
#10878 = EDGE_CURVE('',#9859,#9945,#10879,.T.);
#10879 = LINE('',#10880,#10881);
#10880 = CARTESIAN_POINT('',(2.25,-0.43,1.025));
#10881 = VECTOR('',#10882,1.);
#10882 = DIRECTION('',(-1.,-2.22044604925E-16,0.));
#10883 = ORIENTED_EDGE('',*,*,#9944,.F.);
#10884 = B_SPLINE_SURFACE_WITH_KNOTS('',1,1,(
    (#10885,#10886)
    ,(#10887,#10888
    )),.UNSPECIFIED.,.F.,.F.,.F.,(2,2),(2,2),(0.,4.55),(0.,1.),
  .PIECEWISE_BEZIER_KNOTS.);
#10885 = CARTESIAN_POINT('',(1.95,2.275,1.025));
#10886 = CARTESIAN_POINT('',(1.875,2.2375,1.025));
#10887 = CARTESIAN_POINT('',(1.95,-2.275,1.025));
#10888 = CARTESIAN_POINT('',(1.875,-2.2375,1.025));
#10889 = ADVANCED_FACE('',(#10890),#10907,.F.);
#10890 = FACE_BOUND('',#10891,.F.);
#10891 = EDGE_LOOP('',(#10892,#10893,#10894,#10902));
#10892 = ORIENTED_EDGE('',*,*,#9882,.T.);
#10893 = ORIENTED_EDGE('',*,*,#9903,.T.);
#10894 = ORIENTED_EDGE('',*,*,#10895,.F.);
#10895 = EDGE_CURVE('',#10896,#9904,#10898,.T.);
#10896 = VERTEX_POINT('',#10897);
#10897 = CARTESIAN_POINT('',(1.7375,2.375,1.025));
#10898 = LINE('',#10899,#10900);
#10899 = CARTESIAN_POINT('',(1.7375,2.375,1.025));
#10900 = VECTOR('',#10901,1.);
#10901 = DIRECTION('',(0.707106781187,-0.707106781187,0.));
#10902 = ORIENTED_EDGE('',*,*,#10903,.F.);
#10903 = EDGE_CURVE('',#9883,#10896,#10904,.T.);
#10904 = B_SPLINE_CURVE_WITH_KNOTS('',1,(#10905,#10906),.UNSPECIFIED.,
  .F.,.F.,(2,2),(0.,1.),.PIECEWISE_BEZIER_KNOTS.);
#10905 = CARTESIAN_POINT('',(1.775,2.45,1.025));
#10906 = CARTESIAN_POINT('',(1.7375,2.375,1.025));
#10907 = B_SPLINE_SURFACE_WITH_KNOTS('',1,1,(
    (#10908,#10909)
    ,(#10910,#10911
    )),.UNSPECIFIED.,.F.,.F.,.F.,(2,2),(2,2),(0.,0.247487373415),(0.,1.)
  ,.PIECEWISE_BEZIER_KNOTS.);
#10908 = CARTESIAN_POINT('',(1.775,2.45,1.025));
#10909 = CARTESIAN_POINT('',(1.7375,2.375,1.025));
#10910 = CARTESIAN_POINT('',(1.95,2.275,1.025));
#10911 = CARTESIAN_POINT('',(1.875,2.2375,1.025));
#10912 = ADVANCED_FACE('',(#10913),#10930,.F.);
#10913 = FACE_BOUND('',#10914,.F.);
#10914 = EDGE_LOOP('',(#10915,#10916,#10917,#10925));
#10915 = ORIENTED_EDGE('',*,*,#10123,.T.);
#10916 = ORIENTED_EDGE('',*,*,#9890,.T.);
#10917 = ORIENTED_EDGE('',*,*,#10918,.F.);
#10918 = EDGE_CURVE('',#10919,#9883,#10921,.T.);
#10919 = VERTEX_POINT('',#10920);
#10920 = CARTESIAN_POINT('',(-1.775,2.45,1.025));
#10921 = LINE('',#10922,#10923);
#10922 = CARTESIAN_POINT('',(-1.775,2.45,1.025));
#10923 = VECTOR('',#10924,1.);
#10924 = DIRECTION('',(1.,2.22044604925E-16,0.));
#10925 = ORIENTED_EDGE('',*,*,#10926,.F.);
#10926 = EDGE_CURVE('',#10124,#10919,#10927,.T.);
#10927 = B_SPLINE_CURVE_WITH_KNOTS('',1,(#10928,#10929),.UNSPECIFIED.,
  .F.,.F.,(2,2),(0.,1.),.PIECEWISE_BEZIER_KNOTS.);
#10928 = CARTESIAN_POINT('',(-1.775,2.45,0.825));
#10929 = CARTESIAN_POINT('',(-1.775,2.45,1.025));
#10930 = PLANE('',#10931);
#10931 = AXIS2_PLACEMENT_3D('',#10932,#10933,#10934);
#10932 = CARTESIAN_POINT('',(-1.775,2.45,1.025));
#10933 = DIRECTION('',(2.22044604925E-16,-1.,0.));
#10934 = DIRECTION('',(1.,2.22044604925E-16,0.));
#10935 = ADVANCED_FACE('',(#10936),#10953,.F.);
#10936 = FACE_BOUND('',#10937,.F.);
#10937 = EDGE_LOOP('',(#10938,#10939,#10940,#10948));
#10938 = ORIENTED_EDGE('',*,*,#10895,.T.);
#10939 = ORIENTED_EDGE('',*,*,#9999,.T.);
#10940 = ORIENTED_EDGE('',*,*,#10941,.F.);
#10941 = EDGE_CURVE('',#10942,#9992,#10944,.T.);
#10942 = VERTEX_POINT('',#10943);
#10943 = CARTESIAN_POINT('',(1.680085640382,2.260171280765,1.75));
#10944 = LINE('',#10945,#10946);
#10945 = CARTESIAN_POINT('',(1.680085640382,2.260171280765,1.75));
#10946 = VECTOR('',#10947,1.);
#10947 = DIRECTION('',(0.707106781187,-0.707106781187,0.));
#10948 = ORIENTED_EDGE('',*,*,#10949,.F.);
#10949 = EDGE_CURVE('',#10896,#10942,#10950,.T.);
#10950 = B_SPLINE_CURVE_WITH_KNOTS('',1,(#10951,#10952),.UNSPECIFIED.,
  .F.,.F.,(2,2),(0.,1.),.PIECEWISE_BEZIER_KNOTS.);
#10951 = CARTESIAN_POINT('',(1.7375,2.375,1.025));
#10952 = CARTESIAN_POINT('',(1.680085640382,2.260171280765,1.75));
#10953 = B_SPLINE_SURFACE_WITH_KNOTS('',1,1,(
    (#10954,#10955)
    ,(#10956,#10957
    )),.UNSPECIFIED.,.F.,.F.,.F.,(2,2),(2,2),(0.,0.194454364826),(0.,1.)
  ,.PIECEWISE_BEZIER_KNOTS.);
#10954 = CARTESIAN_POINT('',(1.7375,2.375,1.025));
#10955 = CARTESIAN_POINT('',(1.680085640382,2.260171280765,1.75));
#10956 = CARTESIAN_POINT('',(1.875,2.2375,1.025));
#10957 = CARTESIAN_POINT('',(1.760171280765,2.180085640382,1.75));
#10958 = ADVANCED_FACE('',(#10959,#11009),#11020,.F.);
#10959 = FACE_BOUND('',#10960,.F.);
#10960 = EDGE_LOOP('',(#10961,#10969,#10970,#10971,#10979,#10987,#10995,
    #11003));
#10961 = ORIENTED_EDGE('',*,*,#10962,.T.);
#10962 = EDGE_CURVE('',#10963,#10942,#10965,.T.);
#10963 = VERTEX_POINT('',#10964);
#10964 = CARTESIAN_POINT('',(-1.680085640382,2.260171280765,1.75));
#10965 = LINE('',#10966,#10967);
#10966 = CARTESIAN_POINT('',(-1.680085640382,2.260171280765,1.75));
#10967 = VECTOR('',#10968,1.);
#10968 = DIRECTION('',(1.,2.22044604925E-16,0.));
#10969 = ORIENTED_EDGE('',*,*,#10941,.T.);
#10970 = ORIENTED_EDGE('',*,*,#9991,.T.);
#10971 = ORIENTED_EDGE('',*,*,#10972,.T.);
#10972 = EDGE_CURVE('',#9985,#10973,#10975,.T.);
#10973 = VERTEX_POINT('',#10974);
#10974 = CARTESIAN_POINT('',(1.680085640382,-2.260171280765,1.75));
#10975 = LINE('',#10976,#10977);
#10976 = CARTESIAN_POINT('',(1.760171280765,-2.180085640382,1.75));
#10977 = VECTOR('',#10978,1.);
#10978 = DIRECTION('',(-0.707106781187,-0.707106781187,0.));
#10979 = ORIENTED_EDGE('',*,*,#10980,.T.);
#10980 = EDGE_CURVE('',#10973,#10981,#10983,.T.);
#10981 = VERTEX_POINT('',#10982);
#10982 = CARTESIAN_POINT('',(-1.680085640382,-2.260171280765,1.75));
#10983 = LINE('',#10984,#10985);
#10984 = CARTESIAN_POINT('',(1.680085640382,-2.260171280765,1.75));
#10985 = VECTOR('',#10986,1.);
#10986 = DIRECTION('',(-1.,-2.22044604925E-16,0.));
#10987 = ORIENTED_EDGE('',*,*,#10988,.T.);
#10988 = EDGE_CURVE('',#10981,#10989,#10991,.T.);
#10989 = VERTEX_POINT('',#10990);
#10990 = CARTESIAN_POINT('',(-1.760171280765,-2.180085640382,1.75));
#10991 = LINE('',#10992,#10993);
#10992 = CARTESIAN_POINT('',(-1.680085640382,-2.260171280765,1.75));
#10993 = VECTOR('',#10994,1.);
#10994 = DIRECTION('',(-0.707106781187,0.707106781187,0.));
#10995 = ORIENTED_EDGE('',*,*,#10996,.T.);
#10996 = EDGE_CURVE('',#10989,#10997,#10999,.T.);
#10997 = VERTEX_POINT('',#10998);
#10998 = CARTESIAN_POINT('',(-1.760171280765,2.180085640382,1.75));
#10999 = LINE('',#11000,#11001);
#11000 = CARTESIAN_POINT('',(-1.760171280765,-2.180085640382,1.75));
#11001 = VECTOR('',#11002,1.);
#11002 = DIRECTION('',(-2.22044604925E-16,1.,0.));
#11003 = ORIENTED_EDGE('',*,*,#11004,.T.);
#11004 = EDGE_CURVE('',#10997,#10963,#11005,.T.);
#11005 = LINE('',#11006,#11007);
#11006 = CARTESIAN_POINT('',(-1.760171280765,2.180085640382,1.75));
#11007 = VECTOR('',#11008,1.);
#11008 = DIRECTION('',(0.707106781187,0.707106781187,0.));
#11009 = FACE_BOUND('',#11010,.F.);
#11010 = EDGE_LOOP('',(#11011));
#11011 = ORIENTED_EDGE('',*,*,#11012,.T.);
#11012 = EDGE_CURVE('',#11013,#11013,#11015,.T.);
#11013 = VERTEX_POINT('',#11014);
#11014 = CARTESIAN_POINT('',(-1.110171280765,1.310171280765,1.75));
#11015 = CIRCLE('',#11016,0.3);
#11016 = AXIS2_PLACEMENT_3D('',#11017,#11018,#11019);
#11017 = CARTESIAN_POINT('',(-1.110171280765,1.610171280765,1.75));
#11018 = DIRECTION('',(-0.,0.,1.));
#11019 = DIRECTION('',(2.22044604925E-16,-1.,0.));
#11020 = PLANE('',#11021);
#11021 = AXIS2_PLACEMENT_3D('',#11022,#11023,#11024);
#11022 = CARTESIAN_POINT('',(-1.680085640382,2.260171280765,1.75));
#11023 = DIRECTION('',(0.,0.,-1.));
#11024 = DIRECTION('',(0.596575959062,-0.802556617983,0.));
#11025 = ADVANCED_FACE('',(#11026),#11043,.F.);
#11026 = FACE_BOUND('',#11027,.F.);
#11027 = EDGE_LOOP('',(#11028,#11036,#11041,#11042));
#11028 = ORIENTED_EDGE('',*,*,#11029,.T.);
#11029 = EDGE_CURVE('',#9977,#11030,#11032,.T.);
#11030 = VERTEX_POINT('',#11031);
#11031 = CARTESIAN_POINT('',(1.7375,-2.375,1.025));
#11032 = LINE('',#11033,#11034);
#11033 = CARTESIAN_POINT('',(1.875,-2.2375,1.025));
#11034 = VECTOR('',#11035,1.);
#11035 = DIRECTION('',(-0.707106781187,-0.707106781187,0.));
#11036 = ORIENTED_EDGE('',*,*,#11037,.T.);
#11037 = EDGE_CURVE('',#11030,#10973,#11038,.T.);
#11038 = B_SPLINE_CURVE_WITH_KNOTS('',1,(#11039,#11040),.UNSPECIFIED.,
  .F.,.F.,(2,2),(0.,1.),.PIECEWISE_BEZIER_KNOTS.);
#11039 = CARTESIAN_POINT('',(1.7375,-2.375,1.025));
#11040 = CARTESIAN_POINT('',(1.680085640382,-2.260171280765,1.75));
#11041 = ORIENTED_EDGE('',*,*,#10972,.F.);
#11042 = ORIENTED_EDGE('',*,*,#9984,.F.);
#11043 = B_SPLINE_SURFACE_WITH_KNOTS('',1,1,(
    (#11044,#11045)
    ,(#11046,#11047
    )),.UNSPECIFIED.,.F.,.F.,.F.,(2,2),(2,2),(0.,0.194454364826),(0.,1.)
  ,.PIECEWISE_BEZIER_KNOTS.);
#11044 = CARTESIAN_POINT('',(1.875,-2.2375,1.025));
#11045 = CARTESIAN_POINT('',(1.760171280765,-2.180085640382,1.75));
#11046 = CARTESIAN_POINT('',(1.7375,-2.375,1.025));
#11047 = CARTESIAN_POINT('',(1.680085640382,-2.260171280765,1.75));
#11048 = ADVANCED_FACE('',(#11049),#11062,.F.);
#11049 = FACE_BOUND('',#11050,.F.);
#11050 = EDGE_LOOP('',(#11051,#11052,#11058,#11059,#11060,#11061));
#11051 = ORIENTED_EDGE('',*,*,#10107,.F.);
#11052 = ORIENTED_EDGE('',*,*,#11053,.T.);
#11053 = EDGE_CURVE('',#10099,#10740,#11054,.T.);
#11054 = LINE('',#11055,#11056);
#11055 = CARTESIAN_POINT('',(2.25,0.84,1.025));
#11056 = VECTOR('',#11057,1.);
#11057 = DIRECTION('',(2.22044604925E-16,-1.,0.));
#11058 = ORIENTED_EDGE('',*,*,#10748,.T.);
#11059 = ORIENTED_EDGE('',*,*,#10871,.T.);
#11060 = ORIENTED_EDGE('',*,*,#9936,.F.);
#11061 = ORIENTED_EDGE('',*,*,#10014,.F.);
#11062 = PLANE('',#11063);
#11063 = AXIS2_PLACEMENT_3D('',#11064,#11065,#11066);
#11064 = CARTESIAN_POINT('',(2.25,0.84,1.025));
#11065 = DIRECTION('',(0.,0.,-1.));
#11066 = DIRECTION('',(-1.,-2.22044604925E-16,-0.));
#11067 = ADVANCED_FACE('',(#11068),#11081,.F.);
#11068 = FACE_BOUND('',#11069,.F.);
#11069 = EDGE_LOOP('',(#11070,#11071,#11077,#11078,#11079,#11080));
#11070 = ORIENTED_EDGE('',*,*,#10508,.F.);
#11071 = ORIENTED_EDGE('',*,*,#11072,.T.);
#11072 = EDGE_CURVE('',#10500,#10387,#11073,.T.);
#11073 = LINE('',#11074,#11075);
#11074 = CARTESIAN_POINT('',(2.25,-1.7,1.025));
#11075 = VECTOR('',#11076,1.);
#11076 = DIRECTION('',(2.22044604925E-16,-1.,0.));
#11077 = ORIENTED_EDGE('',*,*,#10395,.T.);
#11078 = ORIENTED_EDGE('',*,*,#10409,.T.);
#11079 = ORIENTED_EDGE('',*,*,#9968,.F.);
#11080 = ORIENTED_EDGE('',*,*,#10638,.F.);
#11081 = PLANE('',#11082);
#11082 = AXIS2_PLACEMENT_3D('',#11083,#11084,#11085);
#11083 = CARTESIAN_POINT('',(2.25,-1.7,1.025));
#11084 = DIRECTION('',(0.,0.,-1.));
#11085 = DIRECTION('',(-1.,-2.22044604925E-16,-0.));
#11086 = ADVANCED_FACE('',(#11087),#11100,.F.);
#11087 = FACE_BOUND('',#11088,.F.);
#11088 = EDGE_LOOP('',(#11089,#11090,#11096,#11097,#11098,#11099));
#11089 = ORIENTED_EDGE('',*,*,#10840,.F.);
#11090 = ORIENTED_EDGE('',*,*,#11091,.T.);
#11091 = EDGE_CURVE('',#10832,#10609,#11092,.T.);
#11092 = LINE('',#11093,#11094);
#11093 = CARTESIAN_POINT('',(2.25,-0.43,1.025));
#11094 = VECTOR('',#11095,1.);
#11095 = DIRECTION('',(2.22044604925E-16,-1.,0.));
#11096 = ORIENTED_EDGE('',*,*,#10617,.T.);
#11097 = ORIENTED_EDGE('',*,*,#10631,.T.);
#11098 = ORIENTED_EDGE('',*,*,#9952,.F.);
#11099 = ORIENTED_EDGE('',*,*,#10878,.F.);
#11100 = PLANE('',#11101);
#11101 = AXIS2_PLACEMENT_3D('',#11102,#11103,#11104);
#11102 = CARTESIAN_POINT('',(2.25,-0.43,1.025));
#11103 = DIRECTION('',(0.,0.,-1.));
#11104 = DIRECTION('',(-1.,-2.22044604925E-16,-0.));
#11105 = ADVANCED_FACE('',(#11106),#11117,.T.);
#11106 = FACE_BOUND('',#11107,.T.);
#11107 = EDGE_LOOP('',(#11108,#11109,#11110,#11111));
#11108 = ORIENTED_EDGE('',*,*,#10098,.T.);
#11109 = ORIENTED_EDGE('',*,*,#11053,.T.);
#11110 = ORIENTED_EDGE('',*,*,#10739,.F.);
#11111 = ORIENTED_EDGE('',*,*,#11112,.F.);
#11112 = EDGE_CURVE('',#10091,#10732,#11113,.T.);
#11113 = LINE('',#11114,#11115);
#11114 = CARTESIAN_POINT('',(2.55,0.84,0.725));
#11115 = VECTOR('',#11116,1.);
#11116 = DIRECTION('',(2.22044604925E-16,-1.,0.));
#11117 = CYLINDRICAL_SURFACE('',#11118,0.3);
#11118 = AXIS2_PLACEMENT_3D('',#11119,#11120,#11121);
#11119 = CARTESIAN_POINT('',(2.25,0.84,0.725));
#11120 = DIRECTION('',(-2.22044604925E-16,1.,-0.));
#11121 = DIRECTION('',(1.,2.22044604925E-16,3.700743415417E-16));
#11122 = ADVANCED_FACE('',(#11123),#11134,.F.);
#11123 = FACE_BOUND('',#11124,.F.);
#11124 = EDGE_LOOP('',(#11125,#11131,#11132,#11133));
#11125 = ORIENTED_EDGE('',*,*,#11126,.T.);
#11126 = EDGE_CURVE('',#10082,#10723,#11127,.T.);
#11127 = LINE('',#11128,#11129);
#11128 = CARTESIAN_POINT('',(2.55,0.84,0.3));
#11129 = VECTOR('',#11130,1.);
#11130 = DIRECTION('',(2.22044604925E-16,-1.,0.));
#11131 = ORIENTED_EDGE('',*,*,#10731,.T.);
#11132 = ORIENTED_EDGE('',*,*,#11112,.F.);
#11133 = ORIENTED_EDGE('',*,*,#10090,.F.);
#11134 = PLANE('',#11135);
#11135 = AXIS2_PLACEMENT_3D('',#11136,#11137,#11138);
#11136 = CARTESIAN_POINT('',(2.55,0.84,0.3));
#11137 = DIRECTION('',(-1.,-2.22044604925E-16,0.));
#11138 = DIRECTION('',(0.,0.,1.));
#11139 = ADVANCED_FACE('',(#11140),#11151,.F.);
#11140 = FACE_BOUND('',#11141,.F.);
#11141 = EDGE_LOOP('',(#11142,#11148,#11149,#11150));
#11142 = ORIENTED_EDGE('',*,*,#11143,.T.);
#11143 = EDGE_CURVE('',#10074,#10715,#11144,.T.);
#11144 = LINE('',#11145,#11146);
#11145 = CARTESIAN_POINT('',(2.65,0.84,0.2));
#11146 = VECTOR('',#11147,1.);
#11147 = DIRECTION('',(2.22044604925E-16,-1.,0.));
#11148 = ORIENTED_EDGE('',*,*,#10722,.T.);
#11149 = ORIENTED_EDGE('',*,*,#11126,.F.);
#11150 = ORIENTED_EDGE('',*,*,#10081,.F.);
#11151 = CYLINDRICAL_SURFACE('',#11152,0.1);
#11152 = AXIS2_PLACEMENT_3D('',#11153,#11154,#11155);
#11153 = CARTESIAN_POINT('',(2.65,0.84,0.3));
#11154 = DIRECTION('',(-2.22044604925E-16,1.,0.));
#11155 = DIRECTION('',(0.,0.,-1.));
#11156 = ADVANCED_FACE('',(#11157),#11168,.F.);
#11157 = FACE_BOUND('',#11158,.F.);
#11158 = EDGE_LOOP('',(#11159,#11165,#11166,#11167));
#11159 = ORIENTED_EDGE('',*,*,#11160,.T.);
#11160 = EDGE_CURVE('',#10066,#10707,#11161,.T.);
#11161 = LINE('',#11162,#11163);
#11162 = CARTESIAN_POINT('',(3.,0.84,0.2));
#11163 = VECTOR('',#11164,1.);
#11164 = DIRECTION('',(2.22044604925E-16,-1.,0.));
#11165 = ORIENTED_EDGE('',*,*,#10714,.T.);
#11166 = ORIENTED_EDGE('',*,*,#11143,.F.);
#11167 = ORIENTED_EDGE('',*,*,#10073,.F.);
#11168 = PLANE('',#11169);
#11169 = AXIS2_PLACEMENT_3D('',#11170,#11171,#11172);
#11170 = CARTESIAN_POINT('',(3.,0.84,0.2));
#11171 = DIRECTION('',(0.,0.,-1.));
#11172 = DIRECTION('',(-1.,-2.22044604925E-16,-0.));
#11173 = ADVANCED_FACE('',(#11174),#11185,.F.);
#11174 = FACE_BOUND('',#11175,.F.);
#11175 = EDGE_LOOP('',(#11176,#11182,#11183,#11184));
#11176 = ORIENTED_EDGE('',*,*,#11177,.T.);
#11177 = EDGE_CURVE('',#10058,#10699,#11178,.T.);
#11178 = LINE('',#11179,#11180);
#11179 = CARTESIAN_POINT('',(3.,0.84,5.551115123126E-17));
#11180 = VECTOR('',#11181,1.);
#11181 = DIRECTION('',(2.22044604925E-16,-1.,0.));
#11182 = ORIENTED_EDGE('',*,*,#10706,.T.);
#11183 = ORIENTED_EDGE('',*,*,#11160,.F.);
#11184 = ORIENTED_EDGE('',*,*,#10065,.F.);
#11185 = PLANE('',#11186);
#11186 = AXIS2_PLACEMENT_3D('',#11187,#11188,#11189);
#11187 = CARTESIAN_POINT('',(3.,0.84,5.551115123126E-17));
#11188 = DIRECTION('',(-1.,-2.22044604925E-16,0.));
#11189 = DIRECTION('',(0.,0.,1.));
#11190 = ADVANCED_FACE('',(#11191),#11202,.F.);
#11191 = FACE_BOUND('',#11192,.F.);
#11192 = EDGE_LOOP('',(#11193,#11199,#11200,#11201));
#11193 = ORIENTED_EDGE('',*,*,#11194,.T.);
#11194 = EDGE_CURVE('',#10049,#10690,#11195,.T.);
#11195 = LINE('',#11196,#11197);
#11196 = CARTESIAN_POINT('',(2.65,0.84,5.551115123126E-17));
#11197 = VECTOR('',#11198,1.);
#11198 = DIRECTION('',(2.22044604925E-16,-1.,0.));
#11199 = ORIENTED_EDGE('',*,*,#10698,.T.);
#11200 = ORIENTED_EDGE('',*,*,#11177,.F.);
#11201 = ORIENTED_EDGE('',*,*,#10057,.F.);
#11202 = PLANE('',#11203);
#11203 = AXIS2_PLACEMENT_3D('',#11204,#11205,#11206);
#11204 = CARTESIAN_POINT('',(2.65,0.84,5.551115123126E-17));
#11205 = DIRECTION('',(0.,0.,1.));
#11206 = DIRECTION('',(1.,2.22044604925E-16,-0.));
#11207 = ADVANCED_FACE('',(#11208),#11219,.T.);
#11208 = FACE_BOUND('',#11209,.T.);
#11209 = EDGE_LOOP('',(#11210,#11211,#11212,#11213));
#11210 = ORIENTED_EDGE('',*,*,#10048,.T.);
#11211 = ORIENTED_EDGE('',*,*,#11194,.T.);
#11212 = ORIENTED_EDGE('',*,*,#10689,.F.);
#11213 = ORIENTED_EDGE('',*,*,#11214,.F.);
#11214 = EDGE_CURVE('',#10041,#10682,#11215,.T.);
#11215 = LINE('',#11216,#11217);
#11216 = CARTESIAN_POINT('',(2.35,0.84,0.3));
#11217 = VECTOR('',#11218,1.);
#11218 = DIRECTION('',(2.22044604925E-16,-1.,0.));
#11219 = CYLINDRICAL_SURFACE('',#11220,0.3);
#11220 = AXIS2_PLACEMENT_3D('',#11221,#11222,#11223);
#11221 = CARTESIAN_POINT('',(2.65,0.84,0.3));
#11222 = DIRECTION('',(-2.22044604925E-16,1.,-0.));
#11223 = DIRECTION('',(-1.,-2.22044604925E-16,3.515706244646E-15));
#11224 = ADVANCED_FACE('',(#11225),#11231,.F.);
#11225 = FACE_BOUND('',#11226,.F.);
#11226 = EDGE_LOOP('',(#11227,#11228,#11229,#11230));
#11227 = ORIENTED_EDGE('',*,*,#10663,.T.);
#11228 = ORIENTED_EDGE('',*,*,#10681,.T.);
#11229 = ORIENTED_EDGE('',*,*,#11214,.F.);
#11230 = ORIENTED_EDGE('',*,*,#10040,.F.);
#11231 = PLANE('',#11232);
#11232 = AXIS2_PLACEMENT_3D('',#11233,#11234,#11235);
#11233 = CARTESIAN_POINT('',(2.35,0.84,0.725));
#11234 = DIRECTION('',(1.,2.22044604925E-16,1.044915787883E-15));
#11235 = DIRECTION('',(1.044915787883E-15,2.320179133003E-31,-1.));
#11236 = ADVANCED_FACE('',(#11237),#11254,.F.);
#11237 = FACE_BOUND('',#11238,.F.);
#11238 = EDGE_LOOP('',(#11239,#11240,#11247,#11253));
#11239 = ORIENTED_EDGE('',*,*,#10152,.T.);
#11240 = ORIENTED_EDGE('',*,*,#11241,.T.);
#11241 = EDGE_CURVE('',#10146,#11242,#11244,.T.);
#11242 = VERTEX_POINT('',#11243);
#11243 = CARTESIAN_POINT('',(-1.775,-2.45,1.025));
#11244 = B_SPLINE_CURVE_WITH_KNOTS('',1,(#11245,#11246),.UNSPECIFIED.,
  .F.,.F.,(2,2),(0.,1.),.PIECEWISE_BEZIER_KNOTS.);
#11245 = CARTESIAN_POINT('',(-1.775,-2.45,0.825));
#11246 = CARTESIAN_POINT('',(-1.775,-2.45,1.025));
#11247 = ORIENTED_EDGE('',*,*,#11248,.F.);
#11248 = EDGE_CURVE('',#10296,#11242,#11249,.T.);
#11249 = LINE('',#11250,#11251);
#11250 = CARTESIAN_POINT('',(1.775,-2.45,1.025));
#11251 = VECTOR('',#11252,1.);
#11252 = DIRECTION('',(-1.,-2.22044604925E-16,0.));
#11253 = ORIENTED_EDGE('',*,*,#10295,.F.);
#11254 = PLANE('',#11255);
#11255 = AXIS2_PLACEMENT_3D('',#11256,#11257,#11258);
#11256 = CARTESIAN_POINT('',(1.775,-2.45,1.025));
#11257 = DIRECTION('',(-2.22044604925E-16,1.,0.));
#11258 = DIRECTION('',(-1.,-2.22044604925E-16,0.));
#11259 = ADVANCED_FACE('',(#11260),#11277,.F.);
#11260 = FACE_BOUND('',#11261,.F.);
#11261 = EDGE_LOOP('',(#11262,#11263,#11270,#11276));
#11262 = ORIENTED_EDGE('',*,*,#10175,.T.);
#11263 = ORIENTED_EDGE('',*,*,#11264,.T.);
#11264 = EDGE_CURVE('',#10169,#11265,#11267,.T.);
#11265 = VERTEX_POINT('',#11266);
#11266 = CARTESIAN_POINT('',(-1.95,-2.275,1.025));
#11267 = B_SPLINE_CURVE_WITH_KNOTS('',1,(#11268,#11269),.UNSPECIFIED.,
  .F.,.F.,(2,2),(0.,1.),.PIECEWISE_BEZIER_KNOTS.);
#11268 = CARTESIAN_POINT('',(-1.95,-2.275,0.825));
#11269 = CARTESIAN_POINT('',(-1.95,-2.275,1.025));
#11270 = ORIENTED_EDGE('',*,*,#11271,.F.);
#11271 = EDGE_CURVE('',#11242,#11265,#11272,.T.);
#11272 = LINE('',#11273,#11274);
#11273 = CARTESIAN_POINT('',(-1.775,-2.45,1.025));
#11274 = VECTOR('',#11275,1.);
#11275 = DIRECTION('',(-0.707106781187,0.707106781187,0.));
#11276 = ORIENTED_EDGE('',*,*,#11241,.F.);
#11277 = PLANE('',#11278);
#11278 = AXIS2_PLACEMENT_3D('',#11279,#11280,#11281);
#11279 = CARTESIAN_POINT('',(-1.775,-2.45,1.025));
#11280 = DIRECTION('',(0.707106781187,0.707106781187,0.));
#11281 = DIRECTION('',(-0.707106781187,0.707106781187,0.));
#11282 = ADVANCED_FACE('',(#11283),#11301,.F.);
#11283 = FACE_BOUND('',#11284,.F.);
#11284 = EDGE_LOOP('',(#11285,#11286,#11287,#11295));
#11285 = ORIENTED_EDGE('',*,*,#11264,.F.);
#11286 = ORIENTED_EDGE('',*,*,#10262,.T.);
#11287 = ORIENTED_EDGE('',*,*,#11288,.T.);
#11288 = EDGE_CURVE('',#10255,#11289,#11291,.T.);
#11289 = VERTEX_POINT('',#11290);
#11290 = CARTESIAN_POINT('',(-1.95,-2.11,1.025));
#11291 = LINE('',#11292,#11293);
#11292 = CARTESIAN_POINT('',(-1.95,-2.11,0.778829828783));
#11293 = VECTOR('',#11294,1.);
#11294 = DIRECTION('',(0.,0.,1.));
#11295 = ORIENTED_EDGE('',*,*,#11296,.F.);
#11296 = EDGE_CURVE('',#11265,#11289,#11297,.T.);
#11297 = LINE('',#11298,#11299);
#11298 = CARTESIAN_POINT('',(-1.95,-2.275,1.025));
#11299 = VECTOR('',#11300,1.);
#11300 = DIRECTION('',(-2.22044604925E-16,1.,0.));
#11301 = PLANE('',#11302);
#11302 = AXIS2_PLACEMENT_3D('',#11303,#11304,#11305);
#11303 = CARTESIAN_POINT('',(-1.95,-2.275,1.025));
#11304 = DIRECTION('',(1.,2.22044604925E-16,0.));
#11305 = DIRECTION('',(-2.22044604925E-16,1.,0.));
#11306 = ADVANCED_FACE('',(#11307),#11331,.F.);
#11307 = FACE_BOUND('',#11308,.F.);
#11308 = EDGE_LOOP('',(#11309,#11317,#11318,#11325));
#11309 = ORIENTED_EDGE('',*,*,#11310,.F.);
#11310 = EDGE_CURVE('',#10199,#11311,#11313,.T.);
#11311 = VERTEX_POINT('',#11312);
#11312 = CARTESIAN_POINT('',(-1.95,2.11,1.025));
#11313 = LINE('',#11314,#11315);
#11314 = CARTESIAN_POINT('',(-1.95,2.11,0.778829828783));
#11315 = VECTOR('',#11316,1.);
#11316 = DIRECTION('',(0.,0.,1.));
#11317 = ORIENTED_EDGE('',*,*,#10198,.T.);
#11318 = ORIENTED_EDGE('',*,*,#11319,.T.);
#11319 = EDGE_CURVE('',#10192,#11320,#11322,.T.);
#11320 = VERTEX_POINT('',#11321);
#11321 = CARTESIAN_POINT('',(-1.95,2.275,1.025));
#11322 = B_SPLINE_CURVE_WITH_KNOTS('',1,(#11323,#11324),.UNSPECIFIED.,
  .F.,.F.,(2,2),(0.,1.),.PIECEWISE_BEZIER_KNOTS.);
#11323 = CARTESIAN_POINT('',(-1.95,2.275,0.825));
#11324 = CARTESIAN_POINT('',(-1.95,2.275,1.025));
#11325 = ORIENTED_EDGE('',*,*,#11326,.F.);
#11326 = EDGE_CURVE('',#11311,#11320,#11327,.T.);
#11327 = LINE('',#11328,#11329);
#11328 = CARTESIAN_POINT('',(-1.95,-2.275,1.025));
#11329 = VECTOR('',#11330,1.);
#11330 = DIRECTION('',(-2.22044604925E-16,1.,0.));
#11331 = PLANE('',#11332);
#11332 = AXIS2_PLACEMENT_3D('',#11333,#11334,#11335);
#11333 = CARTESIAN_POINT('',(-1.95,-2.275,1.025));
#11334 = DIRECTION('',(1.,2.22044604925E-16,0.));
#11335 = DIRECTION('',(-2.22044604925E-16,1.,0.));
#11336 = ADVANCED_FACE('',(#11337),#11362,.F.);
#11337 = FACE_BOUND('',#11338,.F.);
#11338 = EDGE_LOOP('',(#11339,#11347,#11348,#11356));
#11339 = ORIENTED_EDGE('',*,*,#11340,.F.);
#11340 = EDGE_CURVE('',#10255,#11341,#11343,.T.);
#11341 = VERTEX_POINT('',#11342);
#11342 = CARTESIAN_POINT('',(-2.25,-2.11,0.825));
#11343 = LINE('',#11344,#11345);
#11344 = CARTESIAN_POINT('',(-1.8,-2.11,0.825));
#11345 = VECTOR('',#11346,1.);
#11346 = DIRECTION('',(-1.,-9.95799250103E-17,0.));
#11347 = ORIENTED_EDGE('',*,*,#10254,.T.);
#11348 = ORIENTED_EDGE('',*,*,#11349,.T.);
#11349 = EDGE_CURVE('',#10247,#11350,#11352,.T.);
#11350 = VERTEX_POINT('',#11351);
#11351 = CARTESIAN_POINT('',(-2.25,-1.7,0.825));
#11352 = LINE('',#11353,#11354);
#11353 = CARTESIAN_POINT('',(-1.8,-1.7,0.825));
#11354 = VECTOR('',#11355,1.);
#11355 = DIRECTION('',(-1.,-9.95799250103E-17,0.));
#11356 = ORIENTED_EDGE('',*,*,#11357,.F.);
#11357 = EDGE_CURVE('',#11341,#11350,#11358,.T.);
#11358 = LINE('',#11359,#11360);
#11359 = CARTESIAN_POINT('',(-2.25,-2.11,0.825));
#11360 = VECTOR('',#11361,1.);
#11361 = DIRECTION('',(-9.95799250103E-17,1.,0.));
#11362 = PLANE('',#11363);
#11363 = AXIS2_PLACEMENT_3D('',#11364,#11365,#11366);
#11364 = CARTESIAN_POINT('',(-1.8,-2.11,0.825));
#11365 = DIRECTION('',(0.,0.,1.));
#11366 = DIRECTION('',(-1.,-9.95799250103E-17,0.));
#11367 = ADVANCED_FACE('',(#11368),#11393,.F.);
#11368 = FACE_BOUND('',#11369,.F.);
#11369 = EDGE_LOOP('',(#11370,#11378,#11379,#11387));
#11370 = ORIENTED_EDGE('',*,*,#11371,.F.);
#11371 = EDGE_CURVE('',#10207,#11372,#11374,.T.);
#11372 = VERTEX_POINT('',#11373);
#11373 = CARTESIAN_POINT('',(-2.25,1.7,0.825));
#11374 = LINE('',#11375,#11376);
#11375 = CARTESIAN_POINT('',(-1.8,1.7,0.825));
#11376 = VECTOR('',#11377,1.);
#11377 = DIRECTION('',(-1.,-9.95799250103E-17,0.));
#11378 = ORIENTED_EDGE('',*,*,#10206,.T.);
#11379 = ORIENTED_EDGE('',*,*,#11380,.T.);
#11380 = EDGE_CURVE('',#10199,#11381,#11383,.T.);
#11381 = VERTEX_POINT('',#11382);
#11382 = CARTESIAN_POINT('',(-2.25,2.11,0.825));
#11383 = LINE('',#11384,#11385);
#11384 = CARTESIAN_POINT('',(-1.8,2.11,0.825));
#11385 = VECTOR('',#11386,1.);
#11386 = DIRECTION('',(-1.,-9.95799250103E-17,0.));
#11387 = ORIENTED_EDGE('',*,*,#11388,.F.);
#11388 = EDGE_CURVE('',#11372,#11381,#11389,.T.);
#11389 = LINE('',#11390,#11391);
#11390 = CARTESIAN_POINT('',(-2.25,1.7,0.825));
#11391 = VECTOR('',#11392,1.);
#11392 = DIRECTION('',(-9.95799250103E-17,1.,0.));
#11393 = PLANE('',#11394);
#11394 = AXIS2_PLACEMENT_3D('',#11395,#11396,#11397);
#11395 = CARTESIAN_POINT('',(-1.8,1.7,0.825));
#11396 = DIRECTION('',(0.,0.,1.));
#11397 = DIRECTION('',(-1.,-9.95799250103E-17,0.));
#11398 = ADVANCED_FACE('',(#11399),#11424,.F.);
#11399 = FACE_BOUND('',#11400,.F.);
#11400 = EDGE_LOOP('',(#11401,#11409,#11410,#11418));
#11401 = ORIENTED_EDGE('',*,*,#11402,.F.);
#11402 = EDGE_CURVE('',#10247,#11403,#11405,.T.);
#11403 = VERTEX_POINT('',#11404);
#11404 = CARTESIAN_POINT('',(-1.95,-1.7,1.025));
#11405 = LINE('',#11406,#11407);
#11406 = CARTESIAN_POINT('',(-1.95,-1.7,0.778829828783));
#11407 = VECTOR('',#11408,1.);
#11408 = DIRECTION('',(0.,0.,1.));
#11409 = ORIENTED_EDGE('',*,*,#10246,.T.);
#11410 = ORIENTED_EDGE('',*,*,#11411,.T.);
#11411 = EDGE_CURVE('',#10239,#11412,#11414,.T.);
#11412 = VERTEX_POINT('',#11413);
#11413 = CARTESIAN_POINT('',(-1.95,-0.84,1.025));
#11414 = LINE('',#11415,#11416);
#11415 = CARTESIAN_POINT('',(-1.95,-0.84,0.778829828783));
#11416 = VECTOR('',#11417,1.);
#11417 = DIRECTION('',(0.,0.,1.));
#11418 = ORIENTED_EDGE('',*,*,#11419,.F.);
#11419 = EDGE_CURVE('',#11403,#11412,#11420,.T.);
#11420 = LINE('',#11421,#11422);
#11421 = CARTESIAN_POINT('',(-1.95,-2.275,1.025));
#11422 = VECTOR('',#11423,1.);
#11423 = DIRECTION('',(-2.22044604925E-16,1.,0.));
#11424 = PLANE('',#11425);
#11425 = AXIS2_PLACEMENT_3D('',#11426,#11427,#11428);
#11426 = CARTESIAN_POINT('',(-1.95,-2.275,1.025));
#11427 = DIRECTION('',(1.,2.22044604925E-16,0.));
#11428 = DIRECTION('',(-2.22044604925E-16,1.,0.));
#11429 = ADVANCED_FACE('',(#11430),#11455,.F.);
#11430 = FACE_BOUND('',#11431,.F.);
#11431 = EDGE_LOOP('',(#11432,#11440,#11441,#11449));
#11432 = ORIENTED_EDGE('',*,*,#11433,.F.);
#11433 = EDGE_CURVE('',#10215,#11434,#11436,.T.);
#11434 = VERTEX_POINT('',#11435);
#11435 = CARTESIAN_POINT('',(-1.95,0.84,1.025));
#11436 = LINE('',#11437,#11438);
#11437 = CARTESIAN_POINT('',(-1.95,0.84,0.778829828783));
#11438 = VECTOR('',#11439,1.);
#11439 = DIRECTION('',(0.,0.,1.));
#11440 = ORIENTED_EDGE('',*,*,#10214,.T.);
#11441 = ORIENTED_EDGE('',*,*,#11442,.T.);
#11442 = EDGE_CURVE('',#10207,#11443,#11445,.T.);
#11443 = VERTEX_POINT('',#11444);
#11444 = CARTESIAN_POINT('',(-1.95,1.7,1.025));
#11445 = LINE('',#11446,#11447);
#11446 = CARTESIAN_POINT('',(-1.95,1.7,0.778829828783));
#11447 = VECTOR('',#11448,1.);
#11448 = DIRECTION('',(0.,0.,1.));
#11449 = ORIENTED_EDGE('',*,*,#11450,.F.);
#11450 = EDGE_CURVE('',#11434,#11443,#11451,.T.);
#11451 = LINE('',#11452,#11453);
#11452 = CARTESIAN_POINT('',(-1.95,-2.275,1.025));
#11453 = VECTOR('',#11454,1.);
#11454 = DIRECTION('',(-2.22044604925E-16,1.,0.));
#11455 = PLANE('',#11456);
#11456 = AXIS2_PLACEMENT_3D('',#11457,#11458,#11459);
#11457 = CARTESIAN_POINT('',(-1.95,-2.275,1.025));
#11458 = DIRECTION('',(1.,2.22044604925E-16,0.));
#11459 = DIRECTION('',(-2.22044604925E-16,1.,0.));
#11460 = ADVANCED_FACE('',(#11461),#11486,.F.);
#11461 = FACE_BOUND('',#11462,.F.);
#11462 = EDGE_LOOP('',(#11463,#11471,#11472,#11480));
#11463 = ORIENTED_EDGE('',*,*,#11464,.F.);
#11464 = EDGE_CURVE('',#10239,#11465,#11467,.T.);
#11465 = VERTEX_POINT('',#11466);
#11466 = CARTESIAN_POINT('',(-2.25,-0.84,0.825));
#11467 = LINE('',#11468,#11469);
#11468 = CARTESIAN_POINT('',(-1.8,-0.84,0.825));
#11469 = VECTOR('',#11470,1.);
#11470 = DIRECTION('',(-1.,-9.95799250103E-17,0.));
#11471 = ORIENTED_EDGE('',*,*,#10238,.T.);
#11472 = ORIENTED_EDGE('',*,*,#11473,.T.);
#11473 = EDGE_CURVE('',#10231,#11474,#11476,.T.);
#11474 = VERTEX_POINT('',#11475);
#11475 = CARTESIAN_POINT('',(-2.25,-0.43,0.825));
#11476 = LINE('',#11477,#11478);
#11477 = CARTESIAN_POINT('',(-1.8,-0.43,0.825));
#11478 = VECTOR('',#11479,1.);
#11479 = DIRECTION('',(-1.,-9.95799250103E-17,0.));
#11480 = ORIENTED_EDGE('',*,*,#11481,.F.);
#11481 = EDGE_CURVE('',#11465,#11474,#11482,.T.);
#11482 = LINE('',#11483,#11484);
#11483 = CARTESIAN_POINT('',(-2.25,-0.84,0.825));
#11484 = VECTOR('',#11485,1.);
#11485 = DIRECTION('',(-9.95799250103E-17,1.,0.));
#11486 = PLANE('',#11487);
#11487 = AXIS2_PLACEMENT_3D('',#11488,#11489,#11490);
#11488 = CARTESIAN_POINT('',(-1.8,-0.84,0.825));
#11489 = DIRECTION('',(0.,0.,1.));
#11490 = DIRECTION('',(-1.,-9.95799250103E-17,0.));
#11491 = ADVANCED_FACE('',(#11492),#11517,.F.);
#11492 = FACE_BOUND('',#11493,.F.);
#11493 = EDGE_LOOP('',(#11494,#11502,#11503,#11511));
#11494 = ORIENTED_EDGE('',*,*,#11495,.F.);
#11495 = EDGE_CURVE('',#10223,#11496,#11498,.T.);
#11496 = VERTEX_POINT('',#11497);
#11497 = CARTESIAN_POINT('',(-2.25,0.43,0.825));
#11498 = LINE('',#11499,#11500);
#11499 = CARTESIAN_POINT('',(-1.8,0.43,0.825));
#11500 = VECTOR('',#11501,1.);
#11501 = DIRECTION('',(-1.,-9.95799250103E-17,0.));
#11502 = ORIENTED_EDGE('',*,*,#10222,.T.);
#11503 = ORIENTED_EDGE('',*,*,#11504,.T.);
#11504 = EDGE_CURVE('',#10215,#11505,#11507,.T.);
#11505 = VERTEX_POINT('',#11506);
#11506 = CARTESIAN_POINT('',(-2.25,0.84,0.825));
#11507 = LINE('',#11508,#11509);
#11508 = CARTESIAN_POINT('',(-1.8,0.84,0.825));
#11509 = VECTOR('',#11510,1.);
#11510 = DIRECTION('',(-1.,-9.95799250103E-17,0.));
#11511 = ORIENTED_EDGE('',*,*,#11512,.F.);
#11512 = EDGE_CURVE('',#11496,#11505,#11513,.T.);
#11513 = LINE('',#11514,#11515);
#11514 = CARTESIAN_POINT('',(-2.25,0.43,0.825));
#11515 = VECTOR('',#11516,1.);
#11516 = DIRECTION('',(-9.95799250103E-17,1.,0.));
#11517 = PLANE('',#11518);
#11518 = AXIS2_PLACEMENT_3D('',#11519,#11520,#11521);
#11519 = CARTESIAN_POINT('',(-1.8,0.43,0.825));
#11520 = DIRECTION('',(0.,0.,1.));
#11521 = DIRECTION('',(-1.,-9.95799250103E-17,0.));
#11522 = ADVANCED_FACE('',(#11523),#11548,.F.);
#11523 = FACE_BOUND('',#11524,.F.);
#11524 = EDGE_LOOP('',(#11525,#11533,#11534,#11542));
#11525 = ORIENTED_EDGE('',*,*,#11526,.F.);
#11526 = EDGE_CURVE('',#10231,#11527,#11529,.T.);
#11527 = VERTEX_POINT('',#11528);
#11528 = CARTESIAN_POINT('',(-1.95,-0.43,1.025));
#11529 = LINE('',#11530,#11531);
#11530 = CARTESIAN_POINT('',(-1.95,-0.43,0.778829828783));
#11531 = VECTOR('',#11532,1.);
#11532 = DIRECTION('',(0.,0.,1.));
#11533 = ORIENTED_EDGE('',*,*,#10230,.T.);
#11534 = ORIENTED_EDGE('',*,*,#11535,.T.);
#11535 = EDGE_CURVE('',#10223,#11536,#11538,.T.);
#11536 = VERTEX_POINT('',#11537);
#11537 = CARTESIAN_POINT('',(-1.95,0.43,1.025));
#11538 = LINE('',#11539,#11540);
#11539 = CARTESIAN_POINT('',(-1.95,0.43,0.778829828783));
#11540 = VECTOR('',#11541,1.);
#11541 = DIRECTION('',(0.,0.,1.));
#11542 = ORIENTED_EDGE('',*,*,#11543,.F.);
#11543 = EDGE_CURVE('',#11527,#11536,#11544,.T.);
#11544 = LINE('',#11545,#11546);
#11545 = CARTESIAN_POINT('',(-1.95,-2.275,1.025));
#11546 = VECTOR('',#11547,1.);
#11547 = DIRECTION('',(-2.22044604925E-16,1.,0.));
#11548 = PLANE('',#11549);
#11549 = AXIS2_PLACEMENT_3D('',#11550,#11551,#11552);
#11550 = CARTESIAN_POINT('',(-1.95,-2.275,1.025));
#11551 = DIRECTION('',(1.,2.22044604925E-16,0.));
#11552 = DIRECTION('',(-2.22044604925E-16,1.,0.));
#11553 = ADVANCED_FACE('',(#11554),#11565,.F.);
#11554 = FACE_BOUND('',#11555,.F.);
#11555 = EDGE_LOOP('',(#11556,#11557,#11558,#11564));
#11556 = ORIENTED_EDGE('',*,*,#10279,.T.);
#11557 = ORIENTED_EDGE('',*,*,#10926,.T.);
#11558 = ORIENTED_EDGE('',*,*,#11559,.F.);
#11559 = EDGE_CURVE('',#11320,#10919,#11560,.T.);
#11560 = LINE('',#11561,#11562);
#11561 = CARTESIAN_POINT('',(-1.95,2.275,1.025));
#11562 = VECTOR('',#11563,1.);
#11563 = DIRECTION('',(0.707106781187,0.707106781187,0.));
#11564 = ORIENTED_EDGE('',*,*,#11319,.F.);
#11565 = PLANE('',#11566);
#11566 = AXIS2_PLACEMENT_3D('',#11567,#11568,#11569);
#11567 = CARTESIAN_POINT('',(-1.95,2.275,1.025));
#11568 = DIRECTION('',(0.707106781187,-0.707106781187,0.));
#11569 = DIRECTION('',(0.707106781187,0.707106781187,0.));
#11570 = ADVANCED_FACE('',(#11571),#11581,.F.);
#11571 = FACE_BOUND('',#11572,.F.);
#11572 = EDGE_LOOP('',(#11573,#11574,#11579,#11580));
#11573 = ORIENTED_EDGE('',*,*,#10302,.T.);
#11574 = ORIENTED_EDGE('',*,*,#11575,.T.);
#11575 = EDGE_CURVE('',#10296,#11030,#11576,.T.);
#11576 = B_SPLINE_CURVE_WITH_KNOTS('',1,(#11577,#11578),.UNSPECIFIED.,
  .F.,.F.,(2,2),(0.,1.),.PIECEWISE_BEZIER_KNOTS.);
#11577 = CARTESIAN_POINT('',(1.775,-2.45,1.025));
#11578 = CARTESIAN_POINT('',(1.7375,-2.375,1.025));
#11579 = ORIENTED_EDGE('',*,*,#11029,.F.);
#11580 = ORIENTED_EDGE('',*,*,#10416,.F.);
#11581 = B_SPLINE_SURFACE_WITH_KNOTS('',1,1,(
    (#11582,#11583)
    ,(#11584,#11585
    )),.UNSPECIFIED.,.F.,.F.,.F.,(2,2),(2,2),(0.,0.247487373415),(0.,1.)
  ,.PIECEWISE_BEZIER_KNOTS.);
#11582 = CARTESIAN_POINT('',(1.95,-2.275,1.025));
#11583 = CARTESIAN_POINT('',(1.875,-2.2375,1.025));
#11584 = CARTESIAN_POINT('',(1.775,-2.45,1.025));
#11585 = CARTESIAN_POINT('',(1.7375,-2.375,1.025));
#11586 = ADVANCED_FACE('',(#11587),#11598,.T.);
#11587 = FACE_BOUND('',#11588,.T.);
#11588 = EDGE_LOOP('',(#11589,#11590,#11591,#11592));
#11589 = ORIENTED_EDGE('',*,*,#10499,.T.);
#11590 = ORIENTED_EDGE('',*,*,#11072,.T.);
#11591 = ORIENTED_EDGE('',*,*,#10386,.F.);
#11592 = ORIENTED_EDGE('',*,*,#11593,.F.);
#11593 = EDGE_CURVE('',#10492,#10379,#11594,.T.);
#11594 = LINE('',#11595,#11596);
#11595 = CARTESIAN_POINT('',(2.55,-1.7,0.725));
#11596 = VECTOR('',#11597,1.);
#11597 = DIRECTION('',(2.22044604925E-16,-1.,0.));
#11598 = CYLINDRICAL_SURFACE('',#11599,0.3);
#11599 = AXIS2_PLACEMENT_3D('',#11600,#11601,#11602);
#11600 = CARTESIAN_POINT('',(2.25,-1.7,0.725));
#11601 = DIRECTION('',(-2.22044604925E-16,1.,-0.));
#11602 = DIRECTION('',(1.,2.22044604925E-16,3.700743415417E-16));
#11603 = ADVANCED_FACE('',(#11604),#11615,.F.);
#11604 = FACE_BOUND('',#11605,.F.);
#11605 = EDGE_LOOP('',(#11606,#11612,#11613,#11614));
#11606 = ORIENTED_EDGE('',*,*,#11607,.T.);
#11607 = EDGE_CURVE('',#10483,#10370,#11608,.T.);
#11608 = LINE('',#11609,#11610);
#11609 = CARTESIAN_POINT('',(2.55,-1.7,0.3));
#11610 = VECTOR('',#11611,1.);
#11611 = DIRECTION('',(2.22044604925E-16,-1.,0.));
#11612 = ORIENTED_EDGE('',*,*,#10378,.T.);
#11613 = ORIENTED_EDGE('',*,*,#11593,.F.);
#11614 = ORIENTED_EDGE('',*,*,#10491,.F.);
#11615 = PLANE('',#11616);
#11616 = AXIS2_PLACEMENT_3D('',#11617,#11618,#11619);
#11617 = CARTESIAN_POINT('',(2.55,-1.7,0.3));
#11618 = DIRECTION('',(-1.,-2.22044604925E-16,0.));
#11619 = DIRECTION('',(0.,0.,1.));
#11620 = ADVANCED_FACE('',(#11621),#11632,.F.);
#11621 = FACE_BOUND('',#11622,.F.);
#11622 = EDGE_LOOP('',(#11623,#11629,#11630,#11631));
#11623 = ORIENTED_EDGE('',*,*,#11624,.T.);
#11624 = EDGE_CURVE('',#10475,#10362,#11625,.T.);
#11625 = LINE('',#11626,#11627);
#11626 = CARTESIAN_POINT('',(2.65,-1.7,0.2));
#11627 = VECTOR('',#11628,1.);
#11628 = DIRECTION('',(2.22044604925E-16,-1.,0.));
#11629 = ORIENTED_EDGE('',*,*,#10369,.T.);
#11630 = ORIENTED_EDGE('',*,*,#11607,.F.);
#11631 = ORIENTED_EDGE('',*,*,#10482,.F.);
#11632 = CYLINDRICAL_SURFACE('',#11633,0.1);
#11633 = AXIS2_PLACEMENT_3D('',#11634,#11635,#11636);
#11634 = CARTESIAN_POINT('',(2.65,-1.7,0.3));
#11635 = DIRECTION('',(-2.22044604925E-16,1.,0.));
#11636 = DIRECTION('',(0.,0.,-1.));
#11637 = ADVANCED_FACE('',(#11638),#11649,.F.);
#11638 = FACE_BOUND('',#11639,.F.);
#11639 = EDGE_LOOP('',(#11640,#11646,#11647,#11648));
#11640 = ORIENTED_EDGE('',*,*,#11641,.T.);
#11641 = EDGE_CURVE('',#10467,#10354,#11642,.T.);
#11642 = LINE('',#11643,#11644);
#11643 = CARTESIAN_POINT('',(3.,-1.7,0.2));
#11644 = VECTOR('',#11645,1.);
#11645 = DIRECTION('',(2.22044604925E-16,-1.,0.));
#11646 = ORIENTED_EDGE('',*,*,#10361,.T.);
#11647 = ORIENTED_EDGE('',*,*,#11624,.F.);
#11648 = ORIENTED_EDGE('',*,*,#10474,.F.);
#11649 = PLANE('',#11650);
#11650 = AXIS2_PLACEMENT_3D('',#11651,#11652,#11653);
#11651 = CARTESIAN_POINT('',(3.,-1.7,0.2));
#11652 = DIRECTION('',(0.,0.,-1.));
#11653 = DIRECTION('',(-1.,-2.22044604925E-16,-0.));
#11654 = ADVANCED_FACE('',(#11655),#11666,.F.);
#11655 = FACE_BOUND('',#11656,.F.);
#11656 = EDGE_LOOP('',(#11657,#11663,#11664,#11665));
#11657 = ORIENTED_EDGE('',*,*,#11658,.T.);
#11658 = EDGE_CURVE('',#10459,#10346,#11659,.T.);
#11659 = LINE('',#11660,#11661);
#11660 = CARTESIAN_POINT('',(3.,-1.7,5.551115123126E-17));
#11661 = VECTOR('',#11662,1.);
#11662 = DIRECTION('',(2.22044604925E-16,-1.,0.));
#11663 = ORIENTED_EDGE('',*,*,#10353,.T.);
#11664 = ORIENTED_EDGE('',*,*,#11641,.F.);
#11665 = ORIENTED_EDGE('',*,*,#10466,.F.);
#11666 = PLANE('',#11667);
#11667 = AXIS2_PLACEMENT_3D('',#11668,#11669,#11670);
#11668 = CARTESIAN_POINT('',(3.,-1.7,5.551115123126E-17));
#11669 = DIRECTION('',(-1.,-2.22044604925E-16,0.));
#11670 = DIRECTION('',(0.,0.,1.));
#11671 = ADVANCED_FACE('',(#11672),#11683,.F.);
#11672 = FACE_BOUND('',#11673,.F.);
#11673 = EDGE_LOOP('',(#11674,#11680,#11681,#11682));
#11674 = ORIENTED_EDGE('',*,*,#11675,.T.);
#11675 = EDGE_CURVE('',#10450,#10337,#11676,.T.);
#11676 = LINE('',#11677,#11678);
#11677 = CARTESIAN_POINT('',(2.65,-1.7,5.551115123126E-17));
#11678 = VECTOR('',#11679,1.);
#11679 = DIRECTION('',(2.22044604925E-16,-1.,0.));
#11680 = ORIENTED_EDGE('',*,*,#10345,.T.);
#11681 = ORIENTED_EDGE('',*,*,#11658,.F.);
#11682 = ORIENTED_EDGE('',*,*,#10458,.F.);
#11683 = PLANE('',#11684);
#11684 = AXIS2_PLACEMENT_3D('',#11685,#11686,#11687);
#11685 = CARTESIAN_POINT('',(2.65,-1.7,5.551115123126E-17));
#11686 = DIRECTION('',(0.,0.,1.));
#11687 = DIRECTION('',(1.,2.22044604925E-16,-0.));
#11688 = ADVANCED_FACE('',(#11689),#11700,.T.);
#11689 = FACE_BOUND('',#11690,.T.);
#11690 = EDGE_LOOP('',(#11691,#11692,#11693,#11694));
#11691 = ORIENTED_EDGE('',*,*,#10449,.T.);
#11692 = ORIENTED_EDGE('',*,*,#11675,.T.);
#11693 = ORIENTED_EDGE('',*,*,#10336,.F.);
#11694 = ORIENTED_EDGE('',*,*,#11695,.F.);
#11695 = EDGE_CURVE('',#10442,#10329,#11696,.T.);
#11696 = LINE('',#11697,#11698);
#11697 = CARTESIAN_POINT('',(2.35,-1.7,0.3));
#11698 = VECTOR('',#11699,1.);
#11699 = DIRECTION('',(2.22044604925E-16,-1.,0.));
#11700 = CYLINDRICAL_SURFACE('',#11701,0.3);
#11701 = AXIS2_PLACEMENT_3D('',#11702,#11703,#11704);
#11702 = CARTESIAN_POINT('',(2.65,-1.7,0.3));
#11703 = DIRECTION('',(-2.22044604925E-16,1.,-0.));
#11704 = DIRECTION('',(-1.,-2.22044604925E-16,3.515706244646E-15));
#11705 = ADVANCED_FACE('',(#11706),#11712,.F.);
#11706 = FACE_BOUND('',#11707,.F.);
#11707 = EDGE_LOOP('',(#11708,#11709,#11710,#11711));
#11708 = ORIENTED_EDGE('',*,*,#10524,.T.);
#11709 = ORIENTED_EDGE('',*,*,#10328,.T.);
#11710 = ORIENTED_EDGE('',*,*,#11695,.F.);
#11711 = ORIENTED_EDGE('',*,*,#10441,.F.);
#11712 = PLANE('',#11713);
#11713 = AXIS2_PLACEMENT_3D('',#11714,#11715,#11716);
#11714 = CARTESIAN_POINT('',(2.35,-1.7,0.725));
#11715 = DIRECTION('',(1.,2.22044604925E-16,1.044915787883E-15));
#11716 = DIRECTION('',(1.044915787883E-15,2.320179133003E-31,-1.));
#11717 = ADVANCED_FACE('',(#11718),#11729,.T.);
#11718 = FACE_BOUND('',#11719,.T.);
#11719 = EDGE_LOOP('',(#11720,#11721,#11722,#11723));
#11720 = ORIENTED_EDGE('',*,*,#10831,.T.);
#11721 = ORIENTED_EDGE('',*,*,#11091,.T.);
#11722 = ORIENTED_EDGE('',*,*,#10608,.F.);
#11723 = ORIENTED_EDGE('',*,*,#11724,.F.);
#11724 = EDGE_CURVE('',#10824,#10601,#11725,.T.);
#11725 = LINE('',#11726,#11727);
#11726 = CARTESIAN_POINT('',(2.55,-0.43,0.725));
#11727 = VECTOR('',#11728,1.);
#11728 = DIRECTION('',(2.22044604925E-16,-1.,0.));
#11729 = CYLINDRICAL_SURFACE('',#11730,0.3);
#11730 = AXIS2_PLACEMENT_3D('',#11731,#11732,#11733);
#11731 = CARTESIAN_POINT('',(2.25,-0.43,0.725));
#11732 = DIRECTION('',(-2.22044604925E-16,1.,-0.));
#11733 = DIRECTION('',(1.,2.22044604925E-16,3.700743415417E-16));
#11734 = ADVANCED_FACE('',(#11735),#11746,.F.);
#11735 = FACE_BOUND('',#11736,.F.);
#11736 = EDGE_LOOP('',(#11737,#11743,#11744,#11745));
#11737 = ORIENTED_EDGE('',*,*,#11738,.T.);
#11738 = EDGE_CURVE('',#10815,#10592,#11739,.T.);
#11739 = LINE('',#11740,#11741);
#11740 = CARTESIAN_POINT('',(2.55,-0.43,0.3));
#11741 = VECTOR('',#11742,1.);
#11742 = DIRECTION('',(2.22044604925E-16,-1.,0.));
#11743 = ORIENTED_EDGE('',*,*,#10600,.T.);
#11744 = ORIENTED_EDGE('',*,*,#11724,.F.);
#11745 = ORIENTED_EDGE('',*,*,#10823,.F.);
#11746 = PLANE('',#11747);
#11747 = AXIS2_PLACEMENT_3D('',#11748,#11749,#11750);
#11748 = CARTESIAN_POINT('',(2.55,-0.43,0.3));
#11749 = DIRECTION('',(-1.,-2.22044604925E-16,0.));
#11750 = DIRECTION('',(0.,0.,1.));
#11751 = ADVANCED_FACE('',(#11752),#11763,.F.);
#11752 = FACE_BOUND('',#11753,.F.);
#11753 = EDGE_LOOP('',(#11754,#11760,#11761,#11762));
#11754 = ORIENTED_EDGE('',*,*,#11755,.T.);
#11755 = EDGE_CURVE('',#10807,#10584,#11756,.T.);
#11756 = LINE('',#11757,#11758);
#11757 = CARTESIAN_POINT('',(2.65,-0.43,0.2));
#11758 = VECTOR('',#11759,1.);
#11759 = DIRECTION('',(2.22044604925E-16,-1.,0.));
#11760 = ORIENTED_EDGE('',*,*,#10591,.T.);
#11761 = ORIENTED_EDGE('',*,*,#11738,.F.);
#11762 = ORIENTED_EDGE('',*,*,#10814,.F.);
#11763 = CYLINDRICAL_SURFACE('',#11764,0.1);
#11764 = AXIS2_PLACEMENT_3D('',#11765,#11766,#11767);
#11765 = CARTESIAN_POINT('',(2.65,-0.43,0.3));
#11766 = DIRECTION('',(-2.22044604925E-16,1.,0.));
#11767 = DIRECTION('',(0.,0.,-1.));
#11768 = ADVANCED_FACE('',(#11769),#11780,.F.);
#11769 = FACE_BOUND('',#11770,.F.);
#11770 = EDGE_LOOP('',(#11771,#11777,#11778,#11779));
#11771 = ORIENTED_EDGE('',*,*,#11772,.T.);
#11772 = EDGE_CURVE('',#10799,#10576,#11773,.T.);
#11773 = LINE('',#11774,#11775);
#11774 = CARTESIAN_POINT('',(3.,-0.43,0.2));
#11775 = VECTOR('',#11776,1.);
#11776 = DIRECTION('',(2.22044604925E-16,-1.,0.));
#11777 = ORIENTED_EDGE('',*,*,#10583,.T.);
#11778 = ORIENTED_EDGE('',*,*,#11755,.F.);
#11779 = ORIENTED_EDGE('',*,*,#10806,.F.);
#11780 = PLANE('',#11781);
#11781 = AXIS2_PLACEMENT_3D('',#11782,#11783,#11784);
#11782 = CARTESIAN_POINT('',(3.,-0.43,0.2));
#11783 = DIRECTION('',(0.,0.,-1.));
#11784 = DIRECTION('',(-1.,-2.22044604925E-16,-0.));
#11785 = ADVANCED_FACE('',(#11786),#11797,.F.);
#11786 = FACE_BOUND('',#11787,.F.);
#11787 = EDGE_LOOP('',(#11788,#11794,#11795,#11796));
#11788 = ORIENTED_EDGE('',*,*,#11789,.T.);
#11789 = EDGE_CURVE('',#10791,#10568,#11790,.T.);
#11790 = LINE('',#11791,#11792);
#11791 = CARTESIAN_POINT('',(3.,-0.43,5.551115123126E-17));
#11792 = VECTOR('',#11793,1.);
#11793 = DIRECTION('',(2.22044604925E-16,-1.,0.));
#11794 = ORIENTED_EDGE('',*,*,#10575,.T.);
#11795 = ORIENTED_EDGE('',*,*,#11772,.F.);
#11796 = ORIENTED_EDGE('',*,*,#10798,.F.);
#11797 = PLANE('',#11798);
#11798 = AXIS2_PLACEMENT_3D('',#11799,#11800,#11801);
#11799 = CARTESIAN_POINT('',(3.,-0.43,5.551115123126E-17));
#11800 = DIRECTION('',(-1.,-2.22044604925E-16,0.));
#11801 = DIRECTION('',(0.,0.,1.));
#11802 = ADVANCED_FACE('',(#11803),#11814,.F.);
#11803 = FACE_BOUND('',#11804,.F.);
#11804 = EDGE_LOOP('',(#11805,#11811,#11812,#11813));
#11805 = ORIENTED_EDGE('',*,*,#11806,.T.);
#11806 = EDGE_CURVE('',#10782,#10559,#11807,.T.);
#11807 = LINE('',#11808,#11809);
#11808 = CARTESIAN_POINT('',(2.65,-0.43,5.551115123126E-17));
#11809 = VECTOR('',#11810,1.);
#11810 = DIRECTION('',(2.22044604925E-16,-1.,0.));
#11811 = ORIENTED_EDGE('',*,*,#10567,.T.);
#11812 = ORIENTED_EDGE('',*,*,#11789,.F.);
#11813 = ORIENTED_EDGE('',*,*,#10790,.F.);
#11814 = PLANE('',#11815);
#11815 = AXIS2_PLACEMENT_3D('',#11816,#11817,#11818);
#11816 = CARTESIAN_POINT('',(2.65,-0.43,5.551115123126E-17));
#11817 = DIRECTION('',(0.,0.,1.));
#11818 = DIRECTION('',(1.,2.22044604925E-16,-0.));
#11819 = ADVANCED_FACE('',(#11820),#11831,.T.);
#11820 = FACE_BOUND('',#11821,.T.);
#11821 = EDGE_LOOP('',(#11822,#11823,#11824,#11825));
#11822 = ORIENTED_EDGE('',*,*,#10781,.T.);
#11823 = ORIENTED_EDGE('',*,*,#11806,.T.);
#11824 = ORIENTED_EDGE('',*,*,#10558,.F.);
#11825 = ORIENTED_EDGE('',*,*,#11826,.F.);
#11826 = EDGE_CURVE('',#10774,#10551,#11827,.T.);
#11827 = LINE('',#11828,#11829);
#11828 = CARTESIAN_POINT('',(2.35,-0.43,0.3));
#11829 = VECTOR('',#11830,1.);
#11830 = DIRECTION('',(2.22044604925E-16,-1.,0.));
#11831 = CYLINDRICAL_SURFACE('',#11832,0.3);
#11832 = AXIS2_PLACEMENT_3D('',#11833,#11834,#11835);
#11833 = CARTESIAN_POINT('',(2.65,-0.43,0.3));
#11834 = DIRECTION('',(-2.22044604925E-16,1.,-0.));
#11835 = DIRECTION('',(-1.,-2.22044604925E-16,3.515706244646E-15));
#11836 = ADVANCED_FACE('',(#11837),#11843,.F.);
#11837 = FACE_BOUND('',#11838,.F.);
#11838 = EDGE_LOOP('',(#11839,#11840,#11841,#11842));
#11839 = ORIENTED_EDGE('',*,*,#10856,.T.);
#11840 = ORIENTED_EDGE('',*,*,#10550,.T.);
#11841 = ORIENTED_EDGE('',*,*,#11826,.F.);
#11842 = ORIENTED_EDGE('',*,*,#10773,.F.);
#11843 = PLANE('',#11844);
#11844 = AXIS2_PLACEMENT_3D('',#11845,#11846,#11847);
#11845 = CARTESIAN_POINT('',(2.35,-0.43,0.725));
#11846 = DIRECTION('',(1.,2.22044604925E-16,1.044915787883E-15));
#11847 = DIRECTION('',(1.044915787883E-15,2.320179133003E-31,-1.));
#11848 = ADVANCED_FACE('',(#11849),#11866,.F.);
#11849 = FACE_BOUND('',#11850,.F.);
#11850 = EDGE_LOOP('',(#11851,#11852,#11853,#11861));
#11851 = ORIENTED_EDGE('',*,*,#10918,.T.);
#11852 = ORIENTED_EDGE('',*,*,#10903,.T.);
#11853 = ORIENTED_EDGE('',*,*,#11854,.F.);
#11854 = EDGE_CURVE('',#11855,#10896,#11857,.T.);
#11855 = VERTEX_POINT('',#11856);
#11856 = CARTESIAN_POINT('',(-1.7375,2.375,1.025));
#11857 = LINE('',#11858,#11859);
#11858 = CARTESIAN_POINT('',(-1.7375,2.375,1.025));
#11859 = VECTOR('',#11860,1.);
#11860 = DIRECTION('',(1.,2.22044604925E-16,0.));
#11861 = ORIENTED_EDGE('',*,*,#11862,.F.);
#11862 = EDGE_CURVE('',#10919,#11855,#11863,.T.);
#11863 = B_SPLINE_CURVE_WITH_KNOTS('',1,(#11864,#11865),.UNSPECIFIED.,
  .F.,.F.,(2,2),(0.,1.),.PIECEWISE_BEZIER_KNOTS.);
#11864 = CARTESIAN_POINT('',(-1.775,2.45,1.025));
#11865 = CARTESIAN_POINT('',(-1.7375,2.375,1.025));
#11866 = B_SPLINE_SURFACE_WITH_KNOTS('',1,1,(
    (#11867,#11868)
    ,(#11869,#11870
    )),.UNSPECIFIED.,.F.,.F.,.F.,(2,2),(2,2),(0.,3.55),(0.,1.),
  .PIECEWISE_BEZIER_KNOTS.);
#11867 = CARTESIAN_POINT('',(-1.775,2.45,1.025));
#11868 = CARTESIAN_POINT('',(-1.7375,2.375,1.025));
#11869 = CARTESIAN_POINT('',(1.775,2.45,1.025));
#11870 = CARTESIAN_POINT('',(1.7375,2.375,1.025));
#11871 = ADVANCED_FACE('',(#11872),#11882,.F.);
#11872 = FACE_BOUND('',#11873,.F.);
#11873 = EDGE_LOOP('',(#11874,#11875,#11876,#11877));
#11874 = ORIENTED_EDGE('',*,*,#11854,.T.);
#11875 = ORIENTED_EDGE('',*,*,#10949,.T.);
#11876 = ORIENTED_EDGE('',*,*,#10962,.F.);
#11877 = ORIENTED_EDGE('',*,*,#11878,.F.);
#11878 = EDGE_CURVE('',#11855,#10963,#11879,.T.);
#11879 = B_SPLINE_CURVE_WITH_KNOTS('',1,(#11880,#11881),.UNSPECIFIED.,
  .F.,.F.,(2,2),(0.,1.),.PIECEWISE_BEZIER_KNOTS.);
#11880 = CARTESIAN_POINT('',(-1.7375,2.375,1.025));
#11881 = CARTESIAN_POINT('',(-1.680085640382,2.260171280765,1.75));
#11882 = B_SPLINE_SURFACE_WITH_KNOTS('',1,1,(
    (#11883,#11884)
    ,(#11885,#11886
    )),.UNSPECIFIED.,.F.,.F.,.F.,(2,2),(2,2),(0.,3.475),(0.,1.),
  .PIECEWISE_BEZIER_KNOTS.);
#11883 = CARTESIAN_POINT('',(-1.7375,2.375,1.025));
#11884 = CARTESIAN_POINT('',(-1.680085640382,2.260171280765,1.75));
#11885 = CARTESIAN_POINT('',(1.7375,2.375,1.025));
#11886 = CARTESIAN_POINT('',(1.680085640382,2.260171280765,1.75));
#11887 = ADVANCED_FACE('',(#11888),#11905,.F.);
#11888 = FACE_BOUND('',#11889,.F.);
#11889 = EDGE_LOOP('',(#11890,#11898,#11899,#11900));
#11890 = ORIENTED_EDGE('',*,*,#11891,.T.);
#11891 = EDGE_CURVE('',#11892,#11855,#11894,.T.);
#11892 = VERTEX_POINT('',#11893);
#11893 = CARTESIAN_POINT('',(-1.875,2.2375,1.025));
#11894 = LINE('',#11895,#11896);
#11895 = CARTESIAN_POINT('',(-1.875,2.2375,1.025));
#11896 = VECTOR('',#11897,1.);
#11897 = DIRECTION('',(0.707106781187,0.707106781187,0.));
#11898 = ORIENTED_EDGE('',*,*,#11878,.T.);
#11899 = ORIENTED_EDGE('',*,*,#11004,.F.);
#11900 = ORIENTED_EDGE('',*,*,#11901,.F.);
#11901 = EDGE_CURVE('',#11892,#10997,#11902,.T.);
#11902 = B_SPLINE_CURVE_WITH_KNOTS('',1,(#11903,#11904),.UNSPECIFIED.,
  .F.,.F.,(2,2),(0.,1.),.PIECEWISE_BEZIER_KNOTS.);
#11903 = CARTESIAN_POINT('',(-1.875,2.2375,1.025));
#11904 = CARTESIAN_POINT('',(-1.760171280765,2.180085640382,1.75));
#11905 = B_SPLINE_SURFACE_WITH_KNOTS('',1,1,(
    (#11906,#11907)
    ,(#11908,#11909
    )),.UNSPECIFIED.,.F.,.F.,.F.,(2,2),(2,2),(0.,0.194454364826),(0.,1.)
  ,.PIECEWISE_BEZIER_KNOTS.);
#11906 = CARTESIAN_POINT('',(-1.875,2.2375,1.025));
#11907 = CARTESIAN_POINT('',(-1.760171280765,2.180085640382,1.75));
#11908 = CARTESIAN_POINT('',(-1.7375,2.375,1.025));
#11909 = CARTESIAN_POINT('',(-1.680085640382,2.260171280765,1.75));
#11910 = ADVANCED_FACE('',(#11911),#11992,.F.);
#11911 = FACE_BOUND('',#11912,.F.);
#11912 = EDGE_LOOP('',(#11913,#11923,#11931,#11939,#11947,#11955,#11963,
    #11971,#11979,#11985,#11986,#11987));
#11913 = ORIENTED_EDGE('',*,*,#11914,.T.);
#11914 = EDGE_CURVE('',#11915,#11917,#11919,.T.);
#11915 = VERTEX_POINT('',#11916);
#11916 = CARTESIAN_POINT('',(-1.875,-2.2375,1.025));
#11917 = VERTEX_POINT('',#11918);
#11918 = CARTESIAN_POINT('',(-1.875,-2.11,1.025));
#11919 = LINE('',#11920,#11921);
#11920 = CARTESIAN_POINT('',(-1.875,-2.2375,1.025));
#11921 = VECTOR('',#11922,1.);
#11922 = DIRECTION('',(-2.22044604925E-16,1.,0.));
#11923 = ORIENTED_EDGE('',*,*,#11924,.T.);
#11924 = EDGE_CURVE('',#11917,#11925,#11927,.T.);
#11925 = VERTEX_POINT('',#11926);
#11926 = CARTESIAN_POINT('',(-1.875,-1.7,1.025));
#11927 = LINE('',#11928,#11929);
#11928 = CARTESIAN_POINT('',(-1.875,-2.2375,1.025));
#11929 = VECTOR('',#11930,1.);
#11930 = DIRECTION('',(-2.22044604925E-16,1.,0.));
#11931 = ORIENTED_EDGE('',*,*,#11932,.T.);
#11932 = EDGE_CURVE('',#11925,#11933,#11935,.T.);
#11933 = VERTEX_POINT('',#11934);
#11934 = CARTESIAN_POINT('',(-1.875,-0.84,1.025));
#11935 = LINE('',#11936,#11937);
#11936 = CARTESIAN_POINT('',(-1.875,-2.2375,1.025));
#11937 = VECTOR('',#11938,1.);
#11938 = DIRECTION('',(-2.22044604925E-16,1.,0.));
#11939 = ORIENTED_EDGE('',*,*,#11940,.T.);
#11940 = EDGE_CURVE('',#11933,#11941,#11943,.T.);
#11941 = VERTEX_POINT('',#11942);
#11942 = CARTESIAN_POINT('',(-1.875,-0.43,1.025));
#11943 = LINE('',#11944,#11945);
#11944 = CARTESIAN_POINT('',(-1.875,-2.2375,1.025));
#11945 = VECTOR('',#11946,1.);
#11946 = DIRECTION('',(-2.22044604925E-16,1.,0.));
#11947 = ORIENTED_EDGE('',*,*,#11948,.T.);
#11948 = EDGE_CURVE('',#11941,#11949,#11951,.T.);
#11949 = VERTEX_POINT('',#11950);
#11950 = CARTESIAN_POINT('',(-1.875,0.43,1.025));
#11951 = LINE('',#11952,#11953);
#11952 = CARTESIAN_POINT('',(-1.875,-2.2375,1.025));
#11953 = VECTOR('',#11954,1.);
#11954 = DIRECTION('',(-2.22044604925E-16,1.,0.));
#11955 = ORIENTED_EDGE('',*,*,#11956,.T.);
#11956 = EDGE_CURVE('',#11949,#11957,#11959,.T.);
#11957 = VERTEX_POINT('',#11958);
#11958 = CARTESIAN_POINT('',(-1.875,0.84,1.025));
#11959 = LINE('',#11960,#11961);
#11960 = CARTESIAN_POINT('',(-1.875,-2.2375,1.025));
#11961 = VECTOR('',#11962,1.);
#11962 = DIRECTION('',(-2.22044604925E-16,1.,0.));
#11963 = ORIENTED_EDGE('',*,*,#11964,.T.);
#11964 = EDGE_CURVE('',#11957,#11965,#11967,.T.);
#11965 = VERTEX_POINT('',#11966);
#11966 = CARTESIAN_POINT('',(-1.875,1.7,1.025));
#11967 = LINE('',#11968,#11969);
#11968 = CARTESIAN_POINT('',(-1.875,-2.2375,1.025));
#11969 = VECTOR('',#11970,1.);
#11970 = DIRECTION('',(-2.22044604925E-16,1.,0.));
#11971 = ORIENTED_EDGE('',*,*,#11972,.T.);
#11972 = EDGE_CURVE('',#11965,#11973,#11975,.T.);
#11973 = VERTEX_POINT('',#11974);
#11974 = CARTESIAN_POINT('',(-1.875,2.11,1.025));
#11975 = LINE('',#11976,#11977);
#11976 = CARTESIAN_POINT('',(-1.875,-2.2375,1.025));
#11977 = VECTOR('',#11978,1.);
#11978 = DIRECTION('',(-2.22044604925E-16,1.,0.));
#11979 = ORIENTED_EDGE('',*,*,#11980,.T.);
#11980 = EDGE_CURVE('',#11973,#11892,#11981,.T.);
#11981 = LINE('',#11982,#11983);
#11982 = CARTESIAN_POINT('',(-1.875,-2.2375,1.025));
#11983 = VECTOR('',#11984,1.);
#11984 = DIRECTION('',(-2.22044604925E-16,1.,0.));
#11985 = ORIENTED_EDGE('',*,*,#11901,.T.);
#11986 = ORIENTED_EDGE('',*,*,#10996,.F.);
#11987 = ORIENTED_EDGE('',*,*,#11988,.F.);
#11988 = EDGE_CURVE('',#11915,#10989,#11989,.T.);
#11989 = B_SPLINE_CURVE_WITH_KNOTS('',1,(#11990,#11991),.UNSPECIFIED.,
  .F.,.F.,(2,2),(0.,1.),.PIECEWISE_BEZIER_KNOTS.);
#11990 = CARTESIAN_POINT('',(-1.875,-2.2375,1.025));
#11991 = CARTESIAN_POINT('',(-1.760171280765,-2.180085640382,1.75));
#11992 = B_SPLINE_SURFACE_WITH_KNOTS('',1,1,(
    (#11993,#11994)
    ,(#11995,#11996
    )),.UNSPECIFIED.,.F.,.F.,.F.,(2,2),(2,2),(0.,4.475),(0.,1.),
  .PIECEWISE_BEZIER_KNOTS.);
#11993 = CARTESIAN_POINT('',(-1.875,-2.2375,1.025));
#11994 = CARTESIAN_POINT('',(-1.760171280765,-2.180085640382,1.75));
#11995 = CARTESIAN_POINT('',(-1.875,2.2375,1.025));
#11996 = CARTESIAN_POINT('',(-1.760171280765,2.180085640382,1.75));
#11997 = ADVANCED_FACE('',(#11998),#12015,.F.);
#11998 = FACE_BOUND('',#11999,.F.);
#11999 = EDGE_LOOP('',(#12000,#12008,#12009,#12010));
#12000 = ORIENTED_EDGE('',*,*,#12001,.T.);
#12001 = EDGE_CURVE('',#12002,#11915,#12004,.T.);
#12002 = VERTEX_POINT('',#12003);
#12003 = CARTESIAN_POINT('',(-1.7375,-2.375,1.025));
#12004 = LINE('',#12005,#12006);
#12005 = CARTESIAN_POINT('',(-1.7375,-2.375,1.025));
#12006 = VECTOR('',#12007,1.);
#12007 = DIRECTION('',(-0.707106781187,0.707106781187,0.));
#12008 = ORIENTED_EDGE('',*,*,#11988,.T.);
#12009 = ORIENTED_EDGE('',*,*,#10988,.F.);
#12010 = ORIENTED_EDGE('',*,*,#12011,.F.);
#12011 = EDGE_CURVE('',#12002,#10981,#12012,.T.);
#12012 = B_SPLINE_CURVE_WITH_KNOTS('',1,(#12013,#12014),.UNSPECIFIED.,
  .F.,.F.,(2,2),(0.,1.),.PIECEWISE_BEZIER_KNOTS.);
#12013 = CARTESIAN_POINT('',(-1.7375,-2.375,1.025));
#12014 = CARTESIAN_POINT('',(-1.680085640382,-2.260171280765,1.75));
#12015 = B_SPLINE_SURFACE_WITH_KNOTS('',1,1,(
    (#12016,#12017)
    ,(#12018,#12019
    )),.UNSPECIFIED.,.F.,.F.,.F.,(2,2),(2,2),(0.,0.194454364826),(0.,1.)
  ,.PIECEWISE_BEZIER_KNOTS.);
#12016 = CARTESIAN_POINT('',(-1.7375,-2.375,1.025));
#12017 = CARTESIAN_POINT('',(-1.680085640382,-2.260171280765,1.75));
#12018 = CARTESIAN_POINT('',(-1.875,-2.2375,1.025));
#12019 = CARTESIAN_POINT('',(-1.760171280765,-2.180085640382,1.75));
#12020 = ADVANCED_FACE('',(#12021),#12032,.F.);
#12021 = FACE_BOUND('',#12022,.F.);
#12022 = EDGE_LOOP('',(#12023,#12029,#12030,#12031));
#12023 = ORIENTED_EDGE('',*,*,#12024,.T.);
#12024 = EDGE_CURVE('',#11030,#12002,#12025,.T.);
#12025 = LINE('',#12026,#12027);
#12026 = CARTESIAN_POINT('',(1.7375,-2.375,1.025));
#12027 = VECTOR('',#12028,1.);
#12028 = DIRECTION('',(-1.,-2.22044604925E-16,0.));
#12029 = ORIENTED_EDGE('',*,*,#12011,.T.);
#12030 = ORIENTED_EDGE('',*,*,#10980,.F.);
#12031 = ORIENTED_EDGE('',*,*,#11037,.F.);
#12032 = B_SPLINE_SURFACE_WITH_KNOTS('',1,1,(
    (#12033,#12034)
    ,(#12035,#12036
    )),.UNSPECIFIED.,.F.,.F.,.F.,(2,2),(2,2),(0.,3.475),(0.,1.),
  .PIECEWISE_BEZIER_KNOTS.);
#12033 = CARTESIAN_POINT('',(1.7375,-2.375,1.025));
#12034 = CARTESIAN_POINT('',(1.680085640382,-2.260171280765,1.75));
#12035 = CARTESIAN_POINT('',(-1.7375,-2.375,1.025));
#12036 = CARTESIAN_POINT('',(-1.680085640382,-2.260171280765,1.75));
#12037 = ADVANCED_FACE('',(#12038),#12057,.F.);
#12038 = FACE_BOUND('',#12039,.F.);
#12039 = EDGE_LOOP('',(#12040,#12049,#12055,#12056));
#12040 = ORIENTED_EDGE('',*,*,#12041,.T.);
#12041 = EDGE_CURVE('',#12042,#12042,#12044,.T.);
#12042 = VERTEX_POINT('',#12043);
#12043 = CARTESIAN_POINT('',(-1.110171280765,1.310171280765,1.7));
#12044 = CIRCLE('',#12045,0.3);
#12045 = AXIS2_PLACEMENT_3D('',#12046,#12047,#12048);
#12046 = CARTESIAN_POINT('',(-1.110171280765,1.610171280765,1.7));
#12047 = DIRECTION('',(-0.,0.,1.));
#12048 = DIRECTION('',(2.22044604925E-16,-1.,0.));
#12049 = ORIENTED_EDGE('',*,*,#12050,.F.);
#12050 = EDGE_CURVE('',#11013,#12042,#12051,.T.);
#12051 = LINE('',#12052,#12053);
#12052 = CARTESIAN_POINT('',(-1.110171280765,1.310171280765,1.75));
#12053 = VECTOR('',#12054,1.);
#12054 = DIRECTION('',(0.,-0.,-1.));
#12055 = ORIENTED_EDGE('',*,*,#11012,.F.);
#12056 = ORIENTED_EDGE('',*,*,#12050,.T.);
#12057 = CYLINDRICAL_SURFACE('',#12058,0.3);
#12058 = AXIS2_PLACEMENT_3D('',#12059,#12060,#12061);
#12059 = CARTESIAN_POINT('',(-1.110171280765,1.610171280765,1.75));
#12060 = DIRECTION('',(-0.,0.,-1.));
#12061 = DIRECTION('',(2.22044604925E-16,-1.,-0.));
#12062 = ADVANCED_FACE('',(#12063),#12073,.F.);
#12063 = FACE_BOUND('',#12064,.F.);
#12064 = EDGE_LOOP('',(#12065,#12066,#12071,#12072));
#12065 = ORIENTED_EDGE('',*,*,#11248,.T.);
#12066 = ORIENTED_EDGE('',*,*,#12067,.T.);
#12067 = EDGE_CURVE('',#11242,#12002,#12068,.T.);
#12068 = B_SPLINE_CURVE_WITH_KNOTS('',1,(#12069,#12070),.UNSPECIFIED.,
  .F.,.F.,(2,2),(0.,1.),.PIECEWISE_BEZIER_KNOTS.);
#12069 = CARTESIAN_POINT('',(-1.775,-2.45,1.025));
#12070 = CARTESIAN_POINT('',(-1.7375,-2.375,1.025));
#12071 = ORIENTED_EDGE('',*,*,#12024,.F.);
#12072 = ORIENTED_EDGE('',*,*,#11575,.F.);
#12073 = B_SPLINE_SURFACE_WITH_KNOTS('',1,1,(
    (#12074,#12075)
    ,(#12076,#12077
    )),.UNSPECIFIED.,.F.,.F.,.F.,(2,2),(2,2),(0.,3.55),(0.,1.),
  .PIECEWISE_BEZIER_KNOTS.);
#12074 = CARTESIAN_POINT('',(1.775,-2.45,1.025));
#12075 = CARTESIAN_POINT('',(1.7375,-2.375,1.025));
#12076 = CARTESIAN_POINT('',(-1.775,-2.45,1.025));
#12077 = CARTESIAN_POINT('',(-1.7375,-2.375,1.025));
#12078 = ADVANCED_FACE('',(#12079),#12089,.F.);
#12079 = FACE_BOUND('',#12080,.F.);
#12080 = EDGE_LOOP('',(#12081,#12082,#12087,#12088));
#12081 = ORIENTED_EDGE('',*,*,#11271,.T.);
#12082 = ORIENTED_EDGE('',*,*,#12083,.T.);
#12083 = EDGE_CURVE('',#11265,#11915,#12084,.T.);
#12084 = B_SPLINE_CURVE_WITH_KNOTS('',1,(#12085,#12086),.UNSPECIFIED.,
  .F.,.F.,(2,2),(0.,1.),.PIECEWISE_BEZIER_KNOTS.);
#12085 = CARTESIAN_POINT('',(-1.95,-2.275,1.025));
#12086 = CARTESIAN_POINT('',(-1.875,-2.2375,1.025));
#12087 = ORIENTED_EDGE('',*,*,#12001,.F.);
#12088 = ORIENTED_EDGE('',*,*,#12067,.F.);
#12089 = B_SPLINE_SURFACE_WITH_KNOTS('',1,1,(
    (#12090,#12091)
    ,(#12092,#12093
    )),.UNSPECIFIED.,.F.,.F.,.F.,(2,2),(2,2),(0.,0.247487373415),(0.,1.)
  ,.PIECEWISE_BEZIER_KNOTS.);
#12090 = CARTESIAN_POINT('',(-1.775,-2.45,1.025));
#12091 = CARTESIAN_POINT('',(-1.7375,-2.375,1.025));
#12092 = CARTESIAN_POINT('',(-1.95,-2.275,1.025));
#12093 = CARTESIAN_POINT('',(-1.875,-2.2375,1.025));
#12094 = ADVANCED_FACE('',(#12095),#12106,.F.);
#12095 = FACE_BOUND('',#12096,.F.);
#12096 = EDGE_LOOP('',(#12097,#12098,#12099,#12105));
#12097 = ORIENTED_EDGE('',*,*,#12083,.F.);
#12098 = ORIENTED_EDGE('',*,*,#11296,.T.);
#12099 = ORIENTED_EDGE('',*,*,#12100,.T.);
#12100 = EDGE_CURVE('',#11289,#11917,#12101,.T.);
#12101 = LINE('',#12102,#12103);
#12102 = CARTESIAN_POINT('',(-2.25,-2.11,1.025));
#12103 = VECTOR('',#12104,1.);
#12104 = DIRECTION('',(1.,9.95799250103E-17,0.));
#12105 = ORIENTED_EDGE('',*,*,#11914,.F.);
#12106 = B_SPLINE_SURFACE_WITH_KNOTS('',1,1,(
    (#12107,#12108)
    ,(#12109,#12110
    )),.UNSPECIFIED.,.F.,.F.,.F.,(2,2),(2,2),(0.,4.55),(0.,1.),
  .PIECEWISE_BEZIER_KNOTS.);
#12107 = CARTESIAN_POINT('',(-1.95,-2.275,1.025));
#12108 = CARTESIAN_POINT('',(-1.875,-2.2375,1.025));
#12109 = CARTESIAN_POINT('',(-1.95,2.275,1.025));
#12110 = CARTESIAN_POINT('',(-1.875,2.2375,1.025));
#12111 = ADVANCED_FACE('',(#12112),#12198,.F.);
#12112 = FACE_BOUND('',#12113,.F.);
#12113 = EDGE_LOOP('',(#12114,#12115,#12116,#12125,#12133,#12142,#12150,
    #12158,#12166,#12175,#12183,#12192));
#12114 = ORIENTED_EDGE('',*,*,#11288,.F.);
#12115 = ORIENTED_EDGE('',*,*,#11340,.T.);
#12116 = ORIENTED_EDGE('',*,*,#12117,.T.);
#12117 = EDGE_CURVE('',#11341,#12118,#12120,.T.);
#12118 = VERTEX_POINT('',#12119);
#12119 = CARTESIAN_POINT('',(-2.35,-2.11,0.725));
#12120 = CIRCLE('',#12121,0.1);
#12121 = AXIS2_PLACEMENT_3D('',#12122,#12123,#12124);
#12122 = CARTESIAN_POINT('',(-2.25,-2.11,0.725));
#12123 = DIRECTION('',(9.95799250103E-17,-1.,0.));
#12124 = DIRECTION('',(-4.440892098501E-15,-4.422237021476E-31,1.));
#12125 = ORIENTED_EDGE('',*,*,#12126,.T.);
#12126 = EDGE_CURVE('',#12118,#12127,#12129,.T.);
#12127 = VERTEX_POINT('',#12128);
#12128 = CARTESIAN_POINT('',(-2.35,-2.11,0.3));
#12129 = LINE('',#12130,#12131);
#12130 = CARTESIAN_POINT('',(-2.35,-2.11,0.725));
#12131 = VECTOR('',#12132,1.);
#12132 = DIRECTION('',(-1.044915787883E-15,-1.040526357994E-31,-1.));
#12133 = ORIENTED_EDGE('',*,*,#12134,.T.);
#12134 = EDGE_CURVE('',#12127,#12135,#12137,.T.);
#12135 = VERTEX_POINT('',#12136);
#12136 = CARTESIAN_POINT('',(-2.65,-2.11,5.551115123126E-17));
#12137 = CIRCLE('',#12138,0.3);
#12138 = AXIS2_PLACEMENT_3D('',#12139,#12140,#12141);
#12139 = CARTESIAN_POINT('',(-2.65,-2.11,0.3));
#12140 = DIRECTION('',(-9.95799250103E-17,1.,0.));
#12141 = DIRECTION('',(1.,9.95799250103E-17,3.515706244646E-15));
#12142 = ORIENTED_EDGE('',*,*,#12143,.T.);
#12143 = EDGE_CURVE('',#12135,#12144,#12146,.T.);
#12144 = VERTEX_POINT('',#12145);
#12145 = CARTESIAN_POINT('',(-3.,-2.11,5.551115123126E-17));
#12146 = LINE('',#12147,#12148);
#12147 = CARTESIAN_POINT('',(-2.65,-2.11,5.551115123126E-17));
#12148 = VECTOR('',#12149,1.);
#12149 = DIRECTION('',(-1.,-9.95799250103E-17,0.));
#12150 = ORIENTED_EDGE('',*,*,#12151,.T.);
#12151 = EDGE_CURVE('',#12144,#12152,#12154,.T.);
#12152 = VERTEX_POINT('',#12153);
#12153 = CARTESIAN_POINT('',(-3.,-2.11,0.2));
#12154 = LINE('',#12155,#12156);
#12155 = CARTESIAN_POINT('',(-3.,-2.11,5.551115123126E-17));
#12156 = VECTOR('',#12157,1.);
#12157 = DIRECTION('',(0.,0.,1.));
#12158 = ORIENTED_EDGE('',*,*,#12159,.T.);
#12159 = EDGE_CURVE('',#12152,#12160,#12162,.T.);
#12160 = VERTEX_POINT('',#12161);
#12161 = CARTESIAN_POINT('',(-2.65,-2.11,0.2));
#12162 = LINE('',#12163,#12164);
#12163 = CARTESIAN_POINT('',(-3.,-2.11,0.2));
#12164 = VECTOR('',#12165,1.);
#12165 = DIRECTION('',(1.,9.95799250103E-17,0.));
#12166 = ORIENTED_EDGE('',*,*,#12167,.T.);
#12167 = EDGE_CURVE('',#12160,#12168,#12170,.T.);
#12168 = VERTEX_POINT('',#12169);
#12169 = CARTESIAN_POINT('',(-2.55,-2.11,0.3));
#12170 = CIRCLE('',#12171,0.1);
#12171 = AXIS2_PLACEMENT_3D('',#12172,#12173,#12174);
#12172 = CARTESIAN_POINT('',(-2.65,-2.11,0.3));
#12173 = DIRECTION('',(9.95799250103E-17,-1.,-0.));
#12174 = DIRECTION('',(-0.,0.,-1.));
#12175 = ORIENTED_EDGE('',*,*,#12176,.T.);
#12176 = EDGE_CURVE('',#12168,#12177,#12179,.T.);
#12177 = VERTEX_POINT('',#12178);
#12178 = CARTESIAN_POINT('',(-2.55,-2.11,0.725));
#12179 = LINE('',#12180,#12181);
#12180 = CARTESIAN_POINT('',(-2.55,-2.11,0.3));
#12181 = VECTOR('',#12182,1.);
#12182 = DIRECTION('',(0.,0.,1.));
#12183 = ORIENTED_EDGE('',*,*,#12184,.T.);
#12184 = EDGE_CURVE('',#12177,#12185,#12187,.T.);
#12185 = VERTEX_POINT('',#12186);
#12186 = CARTESIAN_POINT('',(-2.25,-2.11,1.025));
#12187 = CIRCLE('',#12188,0.3);
#12188 = AXIS2_PLACEMENT_3D('',#12189,#12190,#12191);
#12189 = CARTESIAN_POINT('',(-2.25,-2.11,0.725));
#12190 = DIRECTION('',(-9.95799250103E-17,1.,0.));
#12191 = DIRECTION('',(-1.,-9.95799250103E-17,3.700743415417E-16));
#12192 = ORIENTED_EDGE('',*,*,#12193,.T.);
#12193 = EDGE_CURVE('',#12185,#11289,#12194,.T.);
#12194 = LINE('',#12195,#12196);
#12195 = CARTESIAN_POINT('',(-2.25,-2.11,1.025));
#12196 = VECTOR('',#12197,1.);
#12197 = DIRECTION('',(1.,9.95799250103E-17,0.));
#12198 = PLANE('',#12199);
#12199 = AXIS2_PLACEMENT_3D('',#12200,#12201,#12202);
#12200 = CARTESIAN_POINT('',(-2.41578967201,-2.11,0.532659657565));
#12201 = DIRECTION('',(-9.95799250103E-17,1.,0.));
#12202 = DIRECTION('',(0.,0.,1.));
#12203 = ADVANCED_FACE('',(#12204),#12290,.T.);
#12204 = FACE_BOUND('',#12205,.T.);
#12205 = EDGE_LOOP('',(#12206,#12207,#12208,#12217,#12225,#12234,#12242,
    #12250,#12258,#12267,#12275,#12284));
#12206 = ORIENTED_EDGE('',*,*,#11310,.F.);
#12207 = ORIENTED_EDGE('',*,*,#11380,.T.);
#12208 = ORIENTED_EDGE('',*,*,#12209,.T.);
#12209 = EDGE_CURVE('',#11381,#12210,#12212,.T.);
#12210 = VERTEX_POINT('',#12211);
#12211 = CARTESIAN_POINT('',(-2.35,2.11,0.725));
#12212 = CIRCLE('',#12213,0.1);
#12213 = AXIS2_PLACEMENT_3D('',#12214,#12215,#12216);
#12214 = CARTESIAN_POINT('',(-2.25,2.11,0.725));
#12215 = DIRECTION('',(9.95799250103E-17,-1.,0.));
#12216 = DIRECTION('',(-4.440892098501E-15,-4.422237021476E-31,1.));
#12217 = ORIENTED_EDGE('',*,*,#12218,.T.);
#12218 = EDGE_CURVE('',#12210,#12219,#12221,.T.);
#12219 = VERTEX_POINT('',#12220);
#12220 = CARTESIAN_POINT('',(-2.35,2.11,0.3));
#12221 = LINE('',#12222,#12223);
#12222 = CARTESIAN_POINT('',(-2.35,2.11,0.725));
#12223 = VECTOR('',#12224,1.);
#12224 = DIRECTION('',(-1.044915787883E-15,-1.040526357994E-31,-1.));
#12225 = ORIENTED_EDGE('',*,*,#12226,.T.);
#12226 = EDGE_CURVE('',#12219,#12227,#12229,.T.);
#12227 = VERTEX_POINT('',#12228);
#12228 = CARTESIAN_POINT('',(-2.65,2.11,5.551115123126E-17));
#12229 = CIRCLE('',#12230,0.3);
#12230 = AXIS2_PLACEMENT_3D('',#12231,#12232,#12233);
#12231 = CARTESIAN_POINT('',(-2.65,2.11,0.3));
#12232 = DIRECTION('',(-9.95799250103E-17,1.,0.));
#12233 = DIRECTION('',(1.,9.95799250103E-17,3.515706244646E-15));
#12234 = ORIENTED_EDGE('',*,*,#12235,.T.);
#12235 = EDGE_CURVE('',#12227,#12236,#12238,.T.);
#12236 = VERTEX_POINT('',#12237);
#12237 = CARTESIAN_POINT('',(-3.,2.11,5.551115123126E-17));
#12238 = LINE('',#12239,#12240);
#12239 = CARTESIAN_POINT('',(-2.65,2.11,5.551115123126E-17));
#12240 = VECTOR('',#12241,1.);
#12241 = DIRECTION('',(-1.,-9.95799250103E-17,0.));
#12242 = ORIENTED_EDGE('',*,*,#12243,.T.);
#12243 = EDGE_CURVE('',#12236,#12244,#12246,.T.);
#12244 = VERTEX_POINT('',#12245);
#12245 = CARTESIAN_POINT('',(-3.,2.11,0.2));
#12246 = LINE('',#12247,#12248);
#12247 = CARTESIAN_POINT('',(-3.,2.11,5.551115123126E-17));
#12248 = VECTOR('',#12249,1.);
#12249 = DIRECTION('',(0.,0.,1.));
#12250 = ORIENTED_EDGE('',*,*,#12251,.T.);
#12251 = EDGE_CURVE('',#12244,#12252,#12254,.T.);
#12252 = VERTEX_POINT('',#12253);
#12253 = CARTESIAN_POINT('',(-2.65,2.11,0.2));
#12254 = LINE('',#12255,#12256);
#12255 = CARTESIAN_POINT('',(-3.,2.11,0.2));
#12256 = VECTOR('',#12257,1.);
#12257 = DIRECTION('',(1.,9.95799250103E-17,0.));
#12258 = ORIENTED_EDGE('',*,*,#12259,.T.);
#12259 = EDGE_CURVE('',#12252,#12260,#12262,.T.);
#12260 = VERTEX_POINT('',#12261);
#12261 = CARTESIAN_POINT('',(-2.55,2.11,0.3));
#12262 = CIRCLE('',#12263,0.1);
#12263 = AXIS2_PLACEMENT_3D('',#12264,#12265,#12266);
#12264 = CARTESIAN_POINT('',(-2.65,2.11,0.3));
#12265 = DIRECTION('',(9.95799250103E-17,-1.,-0.));
#12266 = DIRECTION('',(-0.,0.,-1.));
#12267 = ORIENTED_EDGE('',*,*,#12268,.T.);
#12268 = EDGE_CURVE('',#12260,#12269,#12271,.T.);
#12269 = VERTEX_POINT('',#12270);
#12270 = CARTESIAN_POINT('',(-2.55,2.11,0.725));
#12271 = LINE('',#12272,#12273);
#12272 = CARTESIAN_POINT('',(-2.55,2.11,0.3));
#12273 = VECTOR('',#12274,1.);
#12274 = DIRECTION('',(0.,0.,1.));
#12275 = ORIENTED_EDGE('',*,*,#12276,.T.);
#12276 = EDGE_CURVE('',#12269,#12277,#12279,.T.);
#12277 = VERTEX_POINT('',#12278);
#12278 = CARTESIAN_POINT('',(-2.25,2.11,1.025));
#12279 = CIRCLE('',#12280,0.3);
#12280 = AXIS2_PLACEMENT_3D('',#12281,#12282,#12283);
#12281 = CARTESIAN_POINT('',(-2.25,2.11,0.725));
#12282 = DIRECTION('',(-9.95799250103E-17,1.,0.));
#12283 = DIRECTION('',(-1.,-9.95799250103E-17,3.700743415417E-16));
#12284 = ORIENTED_EDGE('',*,*,#12285,.T.);
#12285 = EDGE_CURVE('',#12277,#11311,#12286,.T.);
#12286 = LINE('',#12287,#12288);
#12287 = CARTESIAN_POINT('',(-2.25,2.11,1.025));
#12288 = VECTOR('',#12289,1.);
#12289 = DIRECTION('',(1.,9.95799250103E-17,0.));
#12290 = PLANE('',#12291);
#12291 = AXIS2_PLACEMENT_3D('',#12292,#12293,#12294);
#12292 = CARTESIAN_POINT('',(-2.41578967201,2.11,0.532659657565));
#12293 = DIRECTION('',(-9.95799250103E-17,1.,0.));
#12294 = DIRECTION('',(0.,0.,1.));
#12295 = ADVANCED_FACE('',(#12296),#12311,.F.);
#12296 = FACE_BOUND('',#12297,.F.);
#12297 = EDGE_LOOP('',(#12298,#12304,#12305,#12310));
#12298 = ORIENTED_EDGE('',*,*,#12299,.F.);
#12299 = EDGE_CURVE('',#11311,#11973,#12300,.T.);
#12300 = LINE('',#12301,#12302);
#12301 = CARTESIAN_POINT('',(-2.25,2.11,1.025));
#12302 = VECTOR('',#12303,1.);
#12303 = DIRECTION('',(1.,9.95799250103E-17,0.));
#12304 = ORIENTED_EDGE('',*,*,#11326,.T.);
#12305 = ORIENTED_EDGE('',*,*,#12306,.T.);
#12306 = EDGE_CURVE('',#11320,#11892,#12307,.T.);
#12307 = B_SPLINE_CURVE_WITH_KNOTS('',1,(#12308,#12309),.UNSPECIFIED.,
  .F.,.F.,(2,2),(0.,1.),.PIECEWISE_BEZIER_KNOTS.);
#12308 = CARTESIAN_POINT('',(-1.95,2.275,1.025));
#12309 = CARTESIAN_POINT('',(-1.875,2.2375,1.025));
#12310 = ORIENTED_EDGE('',*,*,#11980,.F.);
#12311 = B_SPLINE_SURFACE_WITH_KNOTS('',1,1,(
    (#12312,#12313)
    ,(#12314,#12315
    )),.UNSPECIFIED.,.F.,.F.,.F.,(2,2),(2,2),(0.,4.55),(0.,1.),
  .PIECEWISE_BEZIER_KNOTS.);
#12312 = CARTESIAN_POINT('',(-1.95,-2.275,1.025));
#12313 = CARTESIAN_POINT('',(-1.875,-2.2375,1.025));
#12314 = CARTESIAN_POINT('',(-1.95,2.275,1.025));
#12315 = CARTESIAN_POINT('',(-1.875,2.2375,1.025));
#12316 = ADVANCED_FACE('',(#12317),#12336,.F.);
#12317 = FACE_BOUND('',#12318,.F.);
#12318 = EDGE_LOOP('',(#12319,#12320,#12329,#12335));
#12319 = ORIENTED_EDGE('',*,*,#11357,.T.);
#12320 = ORIENTED_EDGE('',*,*,#12321,.T.);
#12321 = EDGE_CURVE('',#11350,#12322,#12324,.T.);
#12322 = VERTEX_POINT('',#12323);
#12323 = CARTESIAN_POINT('',(-2.35,-1.7,0.725));
#12324 = CIRCLE('',#12325,0.1);
#12325 = AXIS2_PLACEMENT_3D('',#12326,#12327,#12328);
#12326 = CARTESIAN_POINT('',(-2.25,-1.7,0.725));
#12327 = DIRECTION('',(9.95799250103E-17,-1.,0.));
#12328 = DIRECTION('',(-4.440892098501E-15,-4.422237021476E-31,1.));
#12329 = ORIENTED_EDGE('',*,*,#12330,.F.);
#12330 = EDGE_CURVE('',#12118,#12322,#12331,.T.);
#12331 = LINE('',#12332,#12333);
#12332 = CARTESIAN_POINT('',(-2.35,-2.11,0.725));
#12333 = VECTOR('',#12334,1.);
#12334 = DIRECTION('',(-9.95799250103E-17,1.,0.));
#12335 = ORIENTED_EDGE('',*,*,#12117,.F.);
#12336 = CYLINDRICAL_SURFACE('',#12337,0.1);
#12337 = AXIS2_PLACEMENT_3D('',#12338,#12339,#12340);
#12338 = CARTESIAN_POINT('',(-2.25,-2.11,0.725));
#12339 = DIRECTION('',(9.95799250103E-17,-1.,0.));
#12340 = DIRECTION('',(-4.440892098501E-15,-4.422237021476E-31,1.));
#12341 = ADVANCED_FACE('',(#12342),#12420,.T.);
#12342 = FACE_BOUND('',#12343,.T.);
#12343 = EDGE_LOOP('',(#12344,#12345,#12346,#12347,#12355,#12364,#12372,
    #12380,#12388,#12397,#12405,#12414));
#12344 = ORIENTED_EDGE('',*,*,#11402,.F.);
#12345 = ORIENTED_EDGE('',*,*,#11349,.T.);
#12346 = ORIENTED_EDGE('',*,*,#12321,.T.);
#12347 = ORIENTED_EDGE('',*,*,#12348,.T.);
#12348 = EDGE_CURVE('',#12322,#12349,#12351,.T.);
#12349 = VERTEX_POINT('',#12350);
#12350 = CARTESIAN_POINT('',(-2.35,-1.7,0.3));
#12351 = LINE('',#12352,#12353);
#12352 = CARTESIAN_POINT('',(-2.35,-1.7,0.725));
#12353 = VECTOR('',#12354,1.);
#12354 = DIRECTION('',(-1.044915787883E-15,-1.040526357994E-31,-1.));
#12355 = ORIENTED_EDGE('',*,*,#12356,.T.);
#12356 = EDGE_CURVE('',#12349,#12357,#12359,.T.);
#12357 = VERTEX_POINT('',#12358);
#12358 = CARTESIAN_POINT('',(-2.65,-1.7,5.551115123126E-17));
#12359 = CIRCLE('',#12360,0.3);
#12360 = AXIS2_PLACEMENT_3D('',#12361,#12362,#12363);
#12361 = CARTESIAN_POINT('',(-2.65,-1.7,0.3));
#12362 = DIRECTION('',(-9.95799250103E-17,1.,0.));
#12363 = DIRECTION('',(1.,9.95799250103E-17,3.515706244646E-15));
#12364 = ORIENTED_EDGE('',*,*,#12365,.T.);
#12365 = EDGE_CURVE('',#12357,#12366,#12368,.T.);
#12366 = VERTEX_POINT('',#12367);
#12367 = CARTESIAN_POINT('',(-3.,-1.7,5.551115123126E-17));
#12368 = LINE('',#12369,#12370);
#12369 = CARTESIAN_POINT('',(-2.65,-1.7,5.551115123126E-17));
#12370 = VECTOR('',#12371,1.);
#12371 = DIRECTION('',(-1.,-9.95799250103E-17,0.));
#12372 = ORIENTED_EDGE('',*,*,#12373,.T.);
#12373 = EDGE_CURVE('',#12366,#12374,#12376,.T.);
#12374 = VERTEX_POINT('',#12375);
#12375 = CARTESIAN_POINT('',(-3.,-1.7,0.2));
#12376 = LINE('',#12377,#12378);
#12377 = CARTESIAN_POINT('',(-3.,-1.7,5.551115123126E-17));
#12378 = VECTOR('',#12379,1.);
#12379 = DIRECTION('',(0.,0.,1.));
#12380 = ORIENTED_EDGE('',*,*,#12381,.T.);
#12381 = EDGE_CURVE('',#12374,#12382,#12384,.T.);
#12382 = VERTEX_POINT('',#12383);
#12383 = CARTESIAN_POINT('',(-2.65,-1.7,0.2));
#12384 = LINE('',#12385,#12386);
#12385 = CARTESIAN_POINT('',(-3.,-1.7,0.2));
#12386 = VECTOR('',#12387,1.);
#12387 = DIRECTION('',(1.,9.95799250103E-17,0.));
#12388 = ORIENTED_EDGE('',*,*,#12389,.T.);
#12389 = EDGE_CURVE('',#12382,#12390,#12392,.T.);
#12390 = VERTEX_POINT('',#12391);
#12391 = CARTESIAN_POINT('',(-2.55,-1.7,0.3));
#12392 = CIRCLE('',#12393,0.1);
#12393 = AXIS2_PLACEMENT_3D('',#12394,#12395,#12396);
#12394 = CARTESIAN_POINT('',(-2.65,-1.7,0.3));
#12395 = DIRECTION('',(9.95799250103E-17,-1.,-0.));
#12396 = DIRECTION('',(-0.,0.,-1.));
#12397 = ORIENTED_EDGE('',*,*,#12398,.T.);
#12398 = EDGE_CURVE('',#12390,#12399,#12401,.T.);
#12399 = VERTEX_POINT('',#12400);
#12400 = CARTESIAN_POINT('',(-2.55,-1.7,0.725));
#12401 = LINE('',#12402,#12403);
#12402 = CARTESIAN_POINT('',(-2.55,-1.7,0.3));
#12403 = VECTOR('',#12404,1.);
#12404 = DIRECTION('',(0.,0.,1.));
#12405 = ORIENTED_EDGE('',*,*,#12406,.T.);
#12406 = EDGE_CURVE('',#12399,#12407,#12409,.T.);
#12407 = VERTEX_POINT('',#12408);
#12408 = CARTESIAN_POINT('',(-2.25,-1.7,1.025));
#12409 = CIRCLE('',#12410,0.3);
#12410 = AXIS2_PLACEMENT_3D('',#12411,#12412,#12413);
#12411 = CARTESIAN_POINT('',(-2.25,-1.7,0.725));
#12412 = DIRECTION('',(-9.95799250103E-17,1.,0.));
#12413 = DIRECTION('',(-1.,-9.95799250103E-17,3.700743415417E-16));
#12414 = ORIENTED_EDGE('',*,*,#12415,.T.);
#12415 = EDGE_CURVE('',#12407,#11403,#12416,.T.);
#12416 = LINE('',#12417,#12418);
#12417 = CARTESIAN_POINT('',(-2.25,-1.7,1.025));
#12418 = VECTOR('',#12419,1.);
#12419 = DIRECTION('',(1.,9.95799250103E-17,0.));
#12420 = PLANE('',#12421);
#12421 = AXIS2_PLACEMENT_3D('',#12422,#12423,#12424);
#12422 = CARTESIAN_POINT('',(-2.41578967201,-1.7,0.532659657565));
#12423 = DIRECTION('',(-9.95799250103E-17,1.,0.));
#12424 = DIRECTION('',(0.,0.,1.));
#12425 = ADVANCED_FACE('',(#12426),#12512,.F.);
#12426 = FACE_BOUND('',#12427,.F.);
#12427 = EDGE_LOOP('',(#12428,#12429,#12430,#12439,#12447,#12456,#12464,
    #12472,#12480,#12489,#12497,#12506));
#12428 = ORIENTED_EDGE('',*,*,#11442,.F.);
#12429 = ORIENTED_EDGE('',*,*,#11371,.T.);
#12430 = ORIENTED_EDGE('',*,*,#12431,.T.);
#12431 = EDGE_CURVE('',#11372,#12432,#12434,.T.);
#12432 = VERTEX_POINT('',#12433);
#12433 = CARTESIAN_POINT('',(-2.35,1.7,0.725));
#12434 = CIRCLE('',#12435,0.1);
#12435 = AXIS2_PLACEMENT_3D('',#12436,#12437,#12438);
#12436 = CARTESIAN_POINT('',(-2.25,1.7,0.725));
#12437 = DIRECTION('',(9.95799250103E-17,-1.,0.));
#12438 = DIRECTION('',(-4.440892098501E-15,-4.422237021476E-31,1.));
#12439 = ORIENTED_EDGE('',*,*,#12440,.T.);
#12440 = EDGE_CURVE('',#12432,#12441,#12443,.T.);
#12441 = VERTEX_POINT('',#12442);
#12442 = CARTESIAN_POINT('',(-2.35,1.7,0.3));
#12443 = LINE('',#12444,#12445);
#12444 = CARTESIAN_POINT('',(-2.35,1.7,0.725));
#12445 = VECTOR('',#12446,1.);
#12446 = DIRECTION('',(-1.044915787883E-15,-1.040526357994E-31,-1.));
#12447 = ORIENTED_EDGE('',*,*,#12448,.T.);
#12448 = EDGE_CURVE('',#12441,#12449,#12451,.T.);
#12449 = VERTEX_POINT('',#12450);
#12450 = CARTESIAN_POINT('',(-2.65,1.7,5.551115123126E-17));
#12451 = CIRCLE('',#12452,0.3);
#12452 = AXIS2_PLACEMENT_3D('',#12453,#12454,#12455);
#12453 = CARTESIAN_POINT('',(-2.65,1.7,0.3));
#12454 = DIRECTION('',(-9.95799250103E-17,1.,0.));
#12455 = DIRECTION('',(1.,9.95799250103E-17,3.515706244646E-15));
#12456 = ORIENTED_EDGE('',*,*,#12457,.T.);
#12457 = EDGE_CURVE('',#12449,#12458,#12460,.T.);
#12458 = VERTEX_POINT('',#12459);
#12459 = CARTESIAN_POINT('',(-3.,1.7,5.551115123126E-17));
#12460 = LINE('',#12461,#12462);
#12461 = CARTESIAN_POINT('',(-2.65,1.7,5.551115123126E-17));
#12462 = VECTOR('',#12463,1.);
#12463 = DIRECTION('',(-1.,-9.95799250103E-17,0.));
#12464 = ORIENTED_EDGE('',*,*,#12465,.T.);
#12465 = EDGE_CURVE('',#12458,#12466,#12468,.T.);
#12466 = VERTEX_POINT('',#12467);
#12467 = CARTESIAN_POINT('',(-3.,1.7,0.2));
#12468 = LINE('',#12469,#12470);
#12469 = CARTESIAN_POINT('',(-3.,1.7,5.551115123126E-17));
#12470 = VECTOR('',#12471,1.);
#12471 = DIRECTION('',(0.,0.,1.));
#12472 = ORIENTED_EDGE('',*,*,#12473,.T.);
#12473 = EDGE_CURVE('',#12466,#12474,#12476,.T.);
#12474 = VERTEX_POINT('',#12475);
#12475 = CARTESIAN_POINT('',(-2.65,1.7,0.2));
#12476 = LINE('',#12477,#12478);
#12477 = CARTESIAN_POINT('',(-3.,1.7,0.2));
#12478 = VECTOR('',#12479,1.);
#12479 = DIRECTION('',(1.,9.95799250103E-17,0.));
#12480 = ORIENTED_EDGE('',*,*,#12481,.T.);
#12481 = EDGE_CURVE('',#12474,#12482,#12484,.T.);
#12482 = VERTEX_POINT('',#12483);
#12483 = CARTESIAN_POINT('',(-2.55,1.7,0.3));
#12484 = CIRCLE('',#12485,0.1);
#12485 = AXIS2_PLACEMENT_3D('',#12486,#12487,#12488);
#12486 = CARTESIAN_POINT('',(-2.65,1.7,0.3));
#12487 = DIRECTION('',(9.95799250103E-17,-1.,-0.));
#12488 = DIRECTION('',(-0.,0.,-1.));
#12489 = ORIENTED_EDGE('',*,*,#12490,.T.);
#12490 = EDGE_CURVE('',#12482,#12491,#12493,.T.);
#12491 = VERTEX_POINT('',#12492);
#12492 = CARTESIAN_POINT('',(-2.55,1.7,0.725));
#12493 = LINE('',#12494,#12495);
#12494 = CARTESIAN_POINT('',(-2.55,1.7,0.3));
#12495 = VECTOR('',#12496,1.);
#12496 = DIRECTION('',(0.,0.,1.));
#12497 = ORIENTED_EDGE('',*,*,#12498,.T.);
#12498 = EDGE_CURVE('',#12491,#12499,#12501,.T.);
#12499 = VERTEX_POINT('',#12500);
#12500 = CARTESIAN_POINT('',(-2.25,1.7,1.025));
#12501 = CIRCLE('',#12502,0.3);
#12502 = AXIS2_PLACEMENT_3D('',#12503,#12504,#12505);
#12503 = CARTESIAN_POINT('',(-2.25,1.7,0.725));
#12504 = DIRECTION('',(-9.95799250103E-17,1.,0.));
#12505 = DIRECTION('',(-1.,-9.95799250103E-17,3.700743415417E-16));
#12506 = ORIENTED_EDGE('',*,*,#12507,.T.);
#12507 = EDGE_CURVE('',#12499,#11443,#12508,.T.);
#12508 = LINE('',#12509,#12510);
#12509 = CARTESIAN_POINT('',(-2.25,1.7,1.025));
#12510 = VECTOR('',#12511,1.);
#12511 = DIRECTION('',(1.,9.95799250103E-17,0.));
#12512 = PLANE('',#12513);
#12513 = AXIS2_PLACEMENT_3D('',#12514,#12515,#12516);
#12514 = CARTESIAN_POINT('',(-2.41578967201,1.7,0.532659657565));
#12515 = DIRECTION('',(-9.95799250103E-17,1.,0.));
#12516 = DIRECTION('',(0.,0.,1.));
#12517 = ADVANCED_FACE('',(#12518),#12529,.F.);
#12518 = FACE_BOUND('',#12519,.F.);
#12519 = EDGE_LOOP('',(#12520,#12521,#12522,#12528));
#12520 = ORIENTED_EDGE('',*,*,#11388,.T.);
#12521 = ORIENTED_EDGE('',*,*,#12209,.T.);
#12522 = ORIENTED_EDGE('',*,*,#12523,.F.);
#12523 = EDGE_CURVE('',#12432,#12210,#12524,.T.);
#12524 = LINE('',#12525,#12526);
#12525 = CARTESIAN_POINT('',(-2.35,1.7,0.725));
#12526 = VECTOR('',#12527,1.);
#12527 = DIRECTION('',(-9.95799250103E-17,1.,0.));
#12528 = ORIENTED_EDGE('',*,*,#12431,.F.);
#12529 = CYLINDRICAL_SURFACE('',#12530,0.1);
#12530 = AXIS2_PLACEMENT_3D('',#12531,#12532,#12533);
#12531 = CARTESIAN_POINT('',(-2.25,1.7,0.725));
#12532 = DIRECTION('',(9.95799250103E-17,-1.,0.));
#12533 = DIRECTION('',(-4.440892098501E-15,-4.422237021476E-31,1.));
#12534 = ADVANCED_FACE('',(#12535),#12551,.F.);
#12535 = FACE_BOUND('',#12536,.F.);
#12536 = EDGE_LOOP('',(#12537,#12543,#12544,#12550));
#12537 = ORIENTED_EDGE('',*,*,#12538,.F.);
#12538 = EDGE_CURVE('',#11403,#11925,#12539,.T.);
#12539 = LINE('',#12540,#12541);
#12540 = CARTESIAN_POINT('',(-2.25,-1.7,1.025));
#12541 = VECTOR('',#12542,1.);
#12542 = DIRECTION('',(1.,9.95799250103E-17,0.));
#12543 = ORIENTED_EDGE('',*,*,#11419,.T.);
#12544 = ORIENTED_EDGE('',*,*,#12545,.T.);
#12545 = EDGE_CURVE('',#11412,#11933,#12546,.T.);
#12546 = LINE('',#12547,#12548);
#12547 = CARTESIAN_POINT('',(-2.25,-0.84,1.025));
#12548 = VECTOR('',#12549,1.);
#12549 = DIRECTION('',(1.,9.95799250103E-17,0.));
#12550 = ORIENTED_EDGE('',*,*,#11932,.F.);
#12551 = B_SPLINE_SURFACE_WITH_KNOTS('',1,1,(
    (#12552,#12553)
    ,(#12554,#12555
    )),.UNSPECIFIED.,.F.,.F.,.F.,(2,2),(2,2),(0.,4.55),(0.,1.),
  .PIECEWISE_BEZIER_KNOTS.);
#12552 = CARTESIAN_POINT('',(-1.95,-2.275,1.025));
#12553 = CARTESIAN_POINT('',(-1.875,-2.2375,1.025));
#12554 = CARTESIAN_POINT('',(-1.95,2.275,1.025));
#12555 = CARTESIAN_POINT('',(-1.875,2.2375,1.025));
#12556 = ADVANCED_FACE('',(#12557),#12643,.F.);
#12557 = FACE_BOUND('',#12558,.F.);
#12558 = EDGE_LOOP('',(#12559,#12560,#12561,#12570,#12578,#12587,#12595,
    #12603,#12611,#12620,#12628,#12637));
#12559 = ORIENTED_EDGE('',*,*,#11411,.F.);
#12560 = ORIENTED_EDGE('',*,*,#11464,.T.);
#12561 = ORIENTED_EDGE('',*,*,#12562,.T.);
#12562 = EDGE_CURVE('',#11465,#12563,#12565,.T.);
#12563 = VERTEX_POINT('',#12564);
#12564 = CARTESIAN_POINT('',(-2.35,-0.84,0.725));
#12565 = CIRCLE('',#12566,0.1);
#12566 = AXIS2_PLACEMENT_3D('',#12567,#12568,#12569);
#12567 = CARTESIAN_POINT('',(-2.25,-0.84,0.725));
#12568 = DIRECTION('',(9.95799250103E-17,-1.,0.));
#12569 = DIRECTION('',(-4.440892098501E-15,-4.422237021476E-31,1.));
#12570 = ORIENTED_EDGE('',*,*,#12571,.T.);
#12571 = EDGE_CURVE('',#12563,#12572,#12574,.T.);
#12572 = VERTEX_POINT('',#12573);
#12573 = CARTESIAN_POINT('',(-2.35,-0.84,0.3));
#12574 = LINE('',#12575,#12576);
#12575 = CARTESIAN_POINT('',(-2.35,-0.84,0.725));
#12576 = VECTOR('',#12577,1.);
#12577 = DIRECTION('',(-1.044915787883E-15,-1.040526357994E-31,-1.));
#12578 = ORIENTED_EDGE('',*,*,#12579,.T.);
#12579 = EDGE_CURVE('',#12572,#12580,#12582,.T.);
#12580 = VERTEX_POINT('',#12581);
#12581 = CARTESIAN_POINT('',(-2.65,-0.84,5.551115123126E-17));
#12582 = CIRCLE('',#12583,0.3);
#12583 = AXIS2_PLACEMENT_3D('',#12584,#12585,#12586);
#12584 = CARTESIAN_POINT('',(-2.65,-0.84,0.3));
#12585 = DIRECTION('',(-9.95799250103E-17,1.,0.));
#12586 = DIRECTION('',(1.,9.95799250103E-17,3.515706244646E-15));
#12587 = ORIENTED_EDGE('',*,*,#12588,.T.);
#12588 = EDGE_CURVE('',#12580,#12589,#12591,.T.);
#12589 = VERTEX_POINT('',#12590);
#12590 = CARTESIAN_POINT('',(-3.,-0.84,5.551115123126E-17));
#12591 = LINE('',#12592,#12593);
#12592 = CARTESIAN_POINT('',(-2.65,-0.84,5.551115123126E-17));
#12593 = VECTOR('',#12594,1.);
#12594 = DIRECTION('',(-1.,-9.95799250103E-17,0.));
#12595 = ORIENTED_EDGE('',*,*,#12596,.T.);
#12596 = EDGE_CURVE('',#12589,#12597,#12599,.T.);
#12597 = VERTEX_POINT('',#12598);
#12598 = CARTESIAN_POINT('',(-3.,-0.84,0.2));
#12599 = LINE('',#12600,#12601);
#12600 = CARTESIAN_POINT('',(-3.,-0.84,5.551115123126E-17));
#12601 = VECTOR('',#12602,1.);
#12602 = DIRECTION('',(0.,0.,1.));
#12603 = ORIENTED_EDGE('',*,*,#12604,.T.);
#12604 = EDGE_CURVE('',#12597,#12605,#12607,.T.);
#12605 = VERTEX_POINT('',#12606);
#12606 = CARTESIAN_POINT('',(-2.65,-0.84,0.2));
#12607 = LINE('',#12608,#12609);
#12608 = CARTESIAN_POINT('',(-3.,-0.84,0.2));
#12609 = VECTOR('',#12610,1.);
#12610 = DIRECTION('',(1.,9.95799250103E-17,0.));
#12611 = ORIENTED_EDGE('',*,*,#12612,.T.);
#12612 = EDGE_CURVE('',#12605,#12613,#12615,.T.);
#12613 = VERTEX_POINT('',#12614);
#12614 = CARTESIAN_POINT('',(-2.55,-0.84,0.3));
#12615 = CIRCLE('',#12616,0.1);
#12616 = AXIS2_PLACEMENT_3D('',#12617,#12618,#12619);
#12617 = CARTESIAN_POINT('',(-2.65,-0.84,0.3));
#12618 = DIRECTION('',(9.95799250103E-17,-1.,-0.));
#12619 = DIRECTION('',(-0.,0.,-1.));
#12620 = ORIENTED_EDGE('',*,*,#12621,.T.);
#12621 = EDGE_CURVE('',#12613,#12622,#12624,.T.);
#12622 = VERTEX_POINT('',#12623);
#12623 = CARTESIAN_POINT('',(-2.55,-0.84,0.725));
#12624 = LINE('',#12625,#12626);
#12625 = CARTESIAN_POINT('',(-2.55,-0.84,0.3));
#12626 = VECTOR('',#12627,1.);
#12627 = DIRECTION('',(0.,0.,1.));
#12628 = ORIENTED_EDGE('',*,*,#12629,.T.);
#12629 = EDGE_CURVE('',#12622,#12630,#12632,.T.);
#12630 = VERTEX_POINT('',#12631);
#12631 = CARTESIAN_POINT('',(-2.25,-0.84,1.025));
#12632 = CIRCLE('',#12633,0.3);
#12633 = AXIS2_PLACEMENT_3D('',#12634,#12635,#12636);
#12634 = CARTESIAN_POINT('',(-2.25,-0.84,0.725));
#12635 = DIRECTION('',(-9.95799250103E-17,1.,0.));
#12636 = DIRECTION('',(-1.,-9.95799250103E-17,3.700743415417E-16));
#12637 = ORIENTED_EDGE('',*,*,#12638,.T.);
#12638 = EDGE_CURVE('',#12630,#11412,#12639,.T.);
#12639 = LINE('',#12640,#12641);
#12640 = CARTESIAN_POINT('',(-2.25,-0.84,1.025));
#12641 = VECTOR('',#12642,1.);
#12642 = DIRECTION('',(1.,9.95799250103E-17,0.));
#12643 = PLANE('',#12644);
#12644 = AXIS2_PLACEMENT_3D('',#12645,#12646,#12647);
#12645 = CARTESIAN_POINT('',(-2.41578967201,-0.84,0.532659657565));
#12646 = DIRECTION('',(-9.95799250103E-17,1.,0.));
#12647 = DIRECTION('',(0.,0.,1.));
#12648 = ADVANCED_FACE('',(#12649),#12735,.T.);
#12649 = FACE_BOUND('',#12650,.T.);
#12650 = EDGE_LOOP('',(#12651,#12652,#12653,#12662,#12670,#12679,#12687,
    #12695,#12703,#12712,#12720,#12729));
#12651 = ORIENTED_EDGE('',*,*,#11433,.F.);
#12652 = ORIENTED_EDGE('',*,*,#11504,.T.);
#12653 = ORIENTED_EDGE('',*,*,#12654,.T.);
#12654 = EDGE_CURVE('',#11505,#12655,#12657,.T.);
#12655 = VERTEX_POINT('',#12656);
#12656 = CARTESIAN_POINT('',(-2.35,0.84,0.725));
#12657 = CIRCLE('',#12658,0.1);
#12658 = AXIS2_PLACEMENT_3D('',#12659,#12660,#12661);
#12659 = CARTESIAN_POINT('',(-2.25,0.84,0.725));
#12660 = DIRECTION('',(9.95799250103E-17,-1.,0.));
#12661 = DIRECTION('',(-4.440892098501E-15,-4.422237021476E-31,1.));
#12662 = ORIENTED_EDGE('',*,*,#12663,.T.);
#12663 = EDGE_CURVE('',#12655,#12664,#12666,.T.);
#12664 = VERTEX_POINT('',#12665);
#12665 = CARTESIAN_POINT('',(-2.35,0.84,0.3));
#12666 = LINE('',#12667,#12668);
#12667 = CARTESIAN_POINT('',(-2.35,0.84,0.725));
#12668 = VECTOR('',#12669,1.);
#12669 = DIRECTION('',(-1.044915787883E-15,-1.040526357994E-31,-1.));
#12670 = ORIENTED_EDGE('',*,*,#12671,.T.);
#12671 = EDGE_CURVE('',#12664,#12672,#12674,.T.);
#12672 = VERTEX_POINT('',#12673);
#12673 = CARTESIAN_POINT('',(-2.65,0.84,5.551115123126E-17));
#12674 = CIRCLE('',#12675,0.3);
#12675 = AXIS2_PLACEMENT_3D('',#12676,#12677,#12678);
#12676 = CARTESIAN_POINT('',(-2.65,0.84,0.3));
#12677 = DIRECTION('',(-9.95799250103E-17,1.,0.));
#12678 = DIRECTION('',(1.,9.95799250103E-17,3.515706244646E-15));
#12679 = ORIENTED_EDGE('',*,*,#12680,.T.);
#12680 = EDGE_CURVE('',#12672,#12681,#12683,.T.);
#12681 = VERTEX_POINT('',#12682);
#12682 = CARTESIAN_POINT('',(-3.,0.84,5.551115123126E-17));
#12683 = LINE('',#12684,#12685);
#12684 = CARTESIAN_POINT('',(-2.65,0.84,5.551115123126E-17));
#12685 = VECTOR('',#12686,1.);
#12686 = DIRECTION('',(-1.,-9.95799250103E-17,0.));
#12687 = ORIENTED_EDGE('',*,*,#12688,.T.);
#12688 = EDGE_CURVE('',#12681,#12689,#12691,.T.);
#12689 = VERTEX_POINT('',#12690);
#12690 = CARTESIAN_POINT('',(-3.,0.84,0.2));
#12691 = LINE('',#12692,#12693);
#12692 = CARTESIAN_POINT('',(-3.,0.84,5.551115123126E-17));
#12693 = VECTOR('',#12694,1.);
#12694 = DIRECTION('',(0.,0.,1.));
#12695 = ORIENTED_EDGE('',*,*,#12696,.T.);
#12696 = EDGE_CURVE('',#12689,#12697,#12699,.T.);
#12697 = VERTEX_POINT('',#12698);
#12698 = CARTESIAN_POINT('',(-2.65,0.84,0.2));
#12699 = LINE('',#12700,#12701);
#12700 = CARTESIAN_POINT('',(-3.,0.84,0.2));
#12701 = VECTOR('',#12702,1.);
#12702 = DIRECTION('',(1.,9.95799250103E-17,0.));
#12703 = ORIENTED_EDGE('',*,*,#12704,.T.);
#12704 = EDGE_CURVE('',#12697,#12705,#12707,.T.);
#12705 = VERTEX_POINT('',#12706);
#12706 = CARTESIAN_POINT('',(-2.55,0.84,0.3));
#12707 = CIRCLE('',#12708,0.1);
#12708 = AXIS2_PLACEMENT_3D('',#12709,#12710,#12711);
#12709 = CARTESIAN_POINT('',(-2.65,0.84,0.3));
#12710 = DIRECTION('',(9.95799250103E-17,-1.,-0.));
#12711 = DIRECTION('',(-0.,0.,-1.));
#12712 = ORIENTED_EDGE('',*,*,#12713,.T.);
#12713 = EDGE_CURVE('',#12705,#12714,#12716,.T.);
#12714 = VERTEX_POINT('',#12715);
#12715 = CARTESIAN_POINT('',(-2.55,0.84,0.725));
#12716 = LINE('',#12717,#12718);
#12717 = CARTESIAN_POINT('',(-2.55,0.84,0.3));
#12718 = VECTOR('',#12719,1.);
#12719 = DIRECTION('',(0.,0.,1.));
#12720 = ORIENTED_EDGE('',*,*,#12721,.T.);
#12721 = EDGE_CURVE('',#12714,#12722,#12724,.T.);
#12722 = VERTEX_POINT('',#12723);
#12723 = CARTESIAN_POINT('',(-2.25,0.84,1.025));
#12724 = CIRCLE('',#12725,0.3);
#12725 = AXIS2_PLACEMENT_3D('',#12726,#12727,#12728);
#12726 = CARTESIAN_POINT('',(-2.25,0.84,0.725));
#12727 = DIRECTION('',(-9.95799250103E-17,1.,0.));
#12728 = DIRECTION('',(-1.,-9.95799250103E-17,3.700743415417E-16));
#12729 = ORIENTED_EDGE('',*,*,#12730,.T.);
#12730 = EDGE_CURVE('',#12722,#11434,#12731,.T.);
#12731 = LINE('',#12732,#12733);
#12732 = CARTESIAN_POINT('',(-2.25,0.84,1.025));
#12733 = VECTOR('',#12734,1.);
#12734 = DIRECTION('',(1.,9.95799250103E-17,0.));
#12735 = PLANE('',#12736);
#12736 = AXIS2_PLACEMENT_3D('',#12737,#12738,#12739);
#12737 = CARTESIAN_POINT('',(-2.41578967201,0.84,0.532659657565));
#12738 = DIRECTION('',(-9.95799250103E-17,1.,0.));
#12739 = DIRECTION('',(0.,0.,1.));
#12740 = ADVANCED_FACE('',(#12741),#12757,.F.);
#12741 = FACE_BOUND('',#12742,.F.);
#12742 = EDGE_LOOP('',(#12743,#12749,#12750,#12756));
#12743 = ORIENTED_EDGE('',*,*,#12744,.F.);
#12744 = EDGE_CURVE('',#11434,#11957,#12745,.T.);
#12745 = LINE('',#12746,#12747);
#12746 = CARTESIAN_POINT('',(-2.25,0.84,1.025));
#12747 = VECTOR('',#12748,1.);
#12748 = DIRECTION('',(1.,9.95799250103E-17,0.));
#12749 = ORIENTED_EDGE('',*,*,#11450,.T.);
#12750 = ORIENTED_EDGE('',*,*,#12751,.T.);
#12751 = EDGE_CURVE('',#11443,#11965,#12752,.T.);
#12752 = LINE('',#12753,#12754);
#12753 = CARTESIAN_POINT('',(-2.25,1.7,1.025));
#12754 = VECTOR('',#12755,1.);
#12755 = DIRECTION('',(1.,9.95799250103E-17,0.));
#12756 = ORIENTED_EDGE('',*,*,#11964,.F.);
#12757 = B_SPLINE_SURFACE_WITH_KNOTS('',1,1,(
    (#12758,#12759)
    ,(#12760,#12761
    )),.UNSPECIFIED.,.F.,.F.,.F.,(2,2),(2,2),(0.,4.55),(0.,1.),
  .PIECEWISE_BEZIER_KNOTS.);
#12758 = CARTESIAN_POINT('',(-1.95,-2.275,1.025));
#12759 = CARTESIAN_POINT('',(-1.875,-2.2375,1.025));
#12760 = CARTESIAN_POINT('',(-1.95,2.275,1.025));
#12761 = CARTESIAN_POINT('',(-1.875,2.2375,1.025));
#12762 = ADVANCED_FACE('',(#12763),#12782,.F.);
#12763 = FACE_BOUND('',#12764,.F.);
#12764 = EDGE_LOOP('',(#12765,#12766,#12775,#12781));
#12765 = ORIENTED_EDGE('',*,*,#11481,.T.);
#12766 = ORIENTED_EDGE('',*,*,#12767,.T.);
#12767 = EDGE_CURVE('',#11474,#12768,#12770,.T.);
#12768 = VERTEX_POINT('',#12769);
#12769 = CARTESIAN_POINT('',(-2.35,-0.43,0.725));
#12770 = CIRCLE('',#12771,0.1);
#12771 = AXIS2_PLACEMENT_3D('',#12772,#12773,#12774);
#12772 = CARTESIAN_POINT('',(-2.25,-0.43,0.725));
#12773 = DIRECTION('',(9.95799250103E-17,-1.,0.));
#12774 = DIRECTION('',(-4.440892098501E-15,-4.422237021476E-31,1.));
#12775 = ORIENTED_EDGE('',*,*,#12776,.F.);
#12776 = EDGE_CURVE('',#12563,#12768,#12777,.T.);
#12777 = LINE('',#12778,#12779);
#12778 = CARTESIAN_POINT('',(-2.35,-0.84,0.725));
#12779 = VECTOR('',#12780,1.);
#12780 = DIRECTION('',(-9.95799250103E-17,1.,0.));
#12781 = ORIENTED_EDGE('',*,*,#12562,.F.);
#12782 = CYLINDRICAL_SURFACE('',#12783,0.1);
#12783 = AXIS2_PLACEMENT_3D('',#12784,#12785,#12786);
#12784 = CARTESIAN_POINT('',(-2.25,-0.84,0.725));
#12785 = DIRECTION('',(9.95799250103E-17,-1.,0.));
#12786 = DIRECTION('',(-4.440892098501E-15,-4.422237021476E-31,1.));
#12787 = ADVANCED_FACE('',(#12788),#12866,.T.);
#12788 = FACE_BOUND('',#12789,.T.);
#12789 = EDGE_LOOP('',(#12790,#12791,#12792,#12793,#12801,#12810,#12818,
    #12826,#12834,#12843,#12851,#12860));
#12790 = ORIENTED_EDGE('',*,*,#11526,.F.);
#12791 = ORIENTED_EDGE('',*,*,#11473,.T.);
#12792 = ORIENTED_EDGE('',*,*,#12767,.T.);
#12793 = ORIENTED_EDGE('',*,*,#12794,.T.);
#12794 = EDGE_CURVE('',#12768,#12795,#12797,.T.);
#12795 = VERTEX_POINT('',#12796);
#12796 = CARTESIAN_POINT('',(-2.35,-0.43,0.3));
#12797 = LINE('',#12798,#12799);
#12798 = CARTESIAN_POINT('',(-2.35,-0.43,0.725));
#12799 = VECTOR('',#12800,1.);
#12800 = DIRECTION('',(-1.044915787883E-15,-1.040526357994E-31,-1.));
#12801 = ORIENTED_EDGE('',*,*,#12802,.T.);
#12802 = EDGE_CURVE('',#12795,#12803,#12805,.T.);
#12803 = VERTEX_POINT('',#12804);
#12804 = CARTESIAN_POINT('',(-2.65,-0.43,5.551115123126E-17));
#12805 = CIRCLE('',#12806,0.3);
#12806 = AXIS2_PLACEMENT_3D('',#12807,#12808,#12809);
#12807 = CARTESIAN_POINT('',(-2.65,-0.43,0.3));
#12808 = DIRECTION('',(-9.95799250103E-17,1.,0.));
#12809 = DIRECTION('',(1.,9.95799250103E-17,3.515706244646E-15));
#12810 = ORIENTED_EDGE('',*,*,#12811,.T.);
#12811 = EDGE_CURVE('',#12803,#12812,#12814,.T.);
#12812 = VERTEX_POINT('',#12813);
#12813 = CARTESIAN_POINT('',(-3.,-0.43,5.551115123126E-17));
#12814 = LINE('',#12815,#12816);
#12815 = CARTESIAN_POINT('',(-2.65,-0.43,5.551115123126E-17));
#12816 = VECTOR('',#12817,1.);
#12817 = DIRECTION('',(-1.,-9.95799250103E-17,0.));
#12818 = ORIENTED_EDGE('',*,*,#12819,.T.);
#12819 = EDGE_CURVE('',#12812,#12820,#12822,.T.);
#12820 = VERTEX_POINT('',#12821);
#12821 = CARTESIAN_POINT('',(-3.,-0.43,0.2));
#12822 = LINE('',#12823,#12824);
#12823 = CARTESIAN_POINT('',(-3.,-0.43,5.551115123126E-17));
#12824 = VECTOR('',#12825,1.);
#12825 = DIRECTION('',(0.,0.,1.));
#12826 = ORIENTED_EDGE('',*,*,#12827,.T.);
#12827 = EDGE_CURVE('',#12820,#12828,#12830,.T.);
#12828 = VERTEX_POINT('',#12829);
#12829 = CARTESIAN_POINT('',(-2.65,-0.43,0.2));
#12830 = LINE('',#12831,#12832);
#12831 = CARTESIAN_POINT('',(-3.,-0.43,0.2));
#12832 = VECTOR('',#12833,1.);
#12833 = DIRECTION('',(1.,9.95799250103E-17,0.));
#12834 = ORIENTED_EDGE('',*,*,#12835,.T.);
#12835 = EDGE_CURVE('',#12828,#12836,#12838,.T.);
#12836 = VERTEX_POINT('',#12837);
#12837 = CARTESIAN_POINT('',(-2.55,-0.43,0.3));
#12838 = CIRCLE('',#12839,0.1);
#12839 = AXIS2_PLACEMENT_3D('',#12840,#12841,#12842);
#12840 = CARTESIAN_POINT('',(-2.65,-0.43,0.3));
#12841 = DIRECTION('',(9.95799250103E-17,-1.,-0.));
#12842 = DIRECTION('',(-0.,0.,-1.));
#12843 = ORIENTED_EDGE('',*,*,#12844,.T.);
#12844 = EDGE_CURVE('',#12836,#12845,#12847,.T.);
#12845 = VERTEX_POINT('',#12846);
#12846 = CARTESIAN_POINT('',(-2.55,-0.43,0.725));
#12847 = LINE('',#12848,#12849);
#12848 = CARTESIAN_POINT('',(-2.55,-0.43,0.3));
#12849 = VECTOR('',#12850,1.);
#12850 = DIRECTION('',(0.,0.,1.));
#12851 = ORIENTED_EDGE('',*,*,#12852,.T.);
#12852 = EDGE_CURVE('',#12845,#12853,#12855,.T.);
#12853 = VERTEX_POINT('',#12854);
#12854 = CARTESIAN_POINT('',(-2.25,-0.43,1.025));
#12855 = CIRCLE('',#12856,0.3);
#12856 = AXIS2_PLACEMENT_3D('',#12857,#12858,#12859);
#12857 = CARTESIAN_POINT('',(-2.25,-0.43,0.725));
#12858 = DIRECTION('',(-9.95799250103E-17,1.,0.));
#12859 = DIRECTION('',(-1.,-9.95799250103E-17,3.700743415417E-16));
#12860 = ORIENTED_EDGE('',*,*,#12861,.T.);
#12861 = EDGE_CURVE('',#12853,#11527,#12862,.T.);
#12862 = LINE('',#12863,#12864);
#12863 = CARTESIAN_POINT('',(-2.25,-0.43,1.025));
#12864 = VECTOR('',#12865,1.);
#12865 = DIRECTION('',(1.,9.95799250103E-17,0.));
#12866 = PLANE('',#12867);
#12867 = AXIS2_PLACEMENT_3D('',#12868,#12869,#12870);
#12868 = CARTESIAN_POINT('',(-2.41578967201,-0.43,0.532659657565));
#12869 = DIRECTION('',(-9.95799250103E-17,1.,0.));
#12870 = DIRECTION('',(0.,0.,1.));
#12871 = ADVANCED_FACE('',(#12872),#12958,.F.);
#12872 = FACE_BOUND('',#12873,.F.);
#12873 = EDGE_LOOP('',(#12874,#12875,#12876,#12885,#12893,#12902,#12910,
    #12918,#12926,#12935,#12943,#12952));
#12874 = ORIENTED_EDGE('',*,*,#11535,.F.);
#12875 = ORIENTED_EDGE('',*,*,#11495,.T.);
#12876 = ORIENTED_EDGE('',*,*,#12877,.T.);
#12877 = EDGE_CURVE('',#11496,#12878,#12880,.T.);
#12878 = VERTEX_POINT('',#12879);
#12879 = CARTESIAN_POINT('',(-2.35,0.43,0.725));
#12880 = CIRCLE('',#12881,0.1);
#12881 = AXIS2_PLACEMENT_3D('',#12882,#12883,#12884);
#12882 = CARTESIAN_POINT('',(-2.25,0.43,0.725));
#12883 = DIRECTION('',(9.95799250103E-17,-1.,0.));
#12884 = DIRECTION('',(-4.440892098501E-15,-4.422237021476E-31,1.));
#12885 = ORIENTED_EDGE('',*,*,#12886,.T.);
#12886 = EDGE_CURVE('',#12878,#12887,#12889,.T.);
#12887 = VERTEX_POINT('',#12888);
#12888 = CARTESIAN_POINT('',(-2.35,0.43,0.3));
#12889 = LINE('',#12890,#12891);
#12890 = CARTESIAN_POINT('',(-2.35,0.43,0.725));
#12891 = VECTOR('',#12892,1.);
#12892 = DIRECTION('',(-1.044915787883E-15,-1.040526357994E-31,-1.));
#12893 = ORIENTED_EDGE('',*,*,#12894,.T.);
#12894 = EDGE_CURVE('',#12887,#12895,#12897,.T.);
#12895 = VERTEX_POINT('',#12896);
#12896 = CARTESIAN_POINT('',(-2.65,0.43,5.551115123126E-17));
#12897 = CIRCLE('',#12898,0.3);
#12898 = AXIS2_PLACEMENT_3D('',#12899,#12900,#12901);
#12899 = CARTESIAN_POINT('',(-2.65,0.43,0.3));
#12900 = DIRECTION('',(-9.95799250103E-17,1.,0.));
#12901 = DIRECTION('',(1.,9.95799250103E-17,3.515706244646E-15));
#12902 = ORIENTED_EDGE('',*,*,#12903,.T.);
#12903 = EDGE_CURVE('',#12895,#12904,#12906,.T.);
#12904 = VERTEX_POINT('',#12905);
#12905 = CARTESIAN_POINT('',(-3.,0.43,5.551115123126E-17));
#12906 = LINE('',#12907,#12908);
#12907 = CARTESIAN_POINT('',(-2.65,0.43,5.551115123126E-17));
#12908 = VECTOR('',#12909,1.);
#12909 = DIRECTION('',(-1.,-9.95799250103E-17,0.));
#12910 = ORIENTED_EDGE('',*,*,#12911,.T.);
#12911 = EDGE_CURVE('',#12904,#12912,#12914,.T.);
#12912 = VERTEX_POINT('',#12913);
#12913 = CARTESIAN_POINT('',(-3.,0.43,0.2));
#12914 = LINE('',#12915,#12916);
#12915 = CARTESIAN_POINT('',(-3.,0.43,5.551115123126E-17));
#12916 = VECTOR('',#12917,1.);
#12917 = DIRECTION('',(0.,0.,1.));
#12918 = ORIENTED_EDGE('',*,*,#12919,.T.);
#12919 = EDGE_CURVE('',#12912,#12920,#12922,.T.);
#12920 = VERTEX_POINT('',#12921);
#12921 = CARTESIAN_POINT('',(-2.65,0.43,0.2));
#12922 = LINE('',#12923,#12924);
#12923 = CARTESIAN_POINT('',(-3.,0.43,0.2));
#12924 = VECTOR('',#12925,1.);
#12925 = DIRECTION('',(1.,9.95799250103E-17,0.));
#12926 = ORIENTED_EDGE('',*,*,#12927,.T.);
#12927 = EDGE_CURVE('',#12920,#12928,#12930,.T.);
#12928 = VERTEX_POINT('',#12929);
#12929 = CARTESIAN_POINT('',(-2.55,0.43,0.3));
#12930 = CIRCLE('',#12931,0.1);
#12931 = AXIS2_PLACEMENT_3D('',#12932,#12933,#12934);
#12932 = CARTESIAN_POINT('',(-2.65,0.43,0.3));
#12933 = DIRECTION('',(9.95799250103E-17,-1.,-0.));
#12934 = DIRECTION('',(-0.,0.,-1.));
#12935 = ORIENTED_EDGE('',*,*,#12936,.T.);
#12936 = EDGE_CURVE('',#12928,#12937,#12939,.T.);
#12937 = VERTEX_POINT('',#12938);
#12938 = CARTESIAN_POINT('',(-2.55,0.43,0.725));
#12939 = LINE('',#12940,#12941);
#12940 = CARTESIAN_POINT('',(-2.55,0.43,0.3));
#12941 = VECTOR('',#12942,1.);
#12942 = DIRECTION('',(0.,0.,1.));
#12943 = ORIENTED_EDGE('',*,*,#12944,.T.);
#12944 = EDGE_CURVE('',#12937,#12945,#12947,.T.);
#12945 = VERTEX_POINT('',#12946);
#12946 = CARTESIAN_POINT('',(-2.25,0.43,1.025));
#12947 = CIRCLE('',#12948,0.3);
#12948 = AXIS2_PLACEMENT_3D('',#12949,#12950,#12951);
#12949 = CARTESIAN_POINT('',(-2.25,0.43,0.725));
#12950 = DIRECTION('',(-9.95799250103E-17,1.,0.));
#12951 = DIRECTION('',(-1.,-9.95799250103E-17,3.700743415417E-16));
#12952 = ORIENTED_EDGE('',*,*,#12953,.T.);
#12953 = EDGE_CURVE('',#12945,#11536,#12954,.T.);
#12954 = LINE('',#12955,#12956);
#12955 = CARTESIAN_POINT('',(-2.25,0.43,1.025));
#12956 = VECTOR('',#12957,1.);
#12957 = DIRECTION('',(1.,9.95799250103E-17,0.));
#12958 = PLANE('',#12959);
#12959 = AXIS2_PLACEMENT_3D('',#12960,#12961,#12962);
#12960 = CARTESIAN_POINT('',(-2.41578967201,0.43,0.532659657565));
#12961 = DIRECTION('',(-9.95799250103E-17,1.,0.));
#12962 = DIRECTION('',(0.,0.,1.));
#12963 = ADVANCED_FACE('',(#12964),#12975,.F.);
#12964 = FACE_BOUND('',#12965,.F.);
#12965 = EDGE_LOOP('',(#12966,#12967,#12968,#12974));
#12966 = ORIENTED_EDGE('',*,*,#11512,.T.);
#12967 = ORIENTED_EDGE('',*,*,#12654,.T.);
#12968 = ORIENTED_EDGE('',*,*,#12969,.F.);
#12969 = EDGE_CURVE('',#12878,#12655,#12970,.T.);
#12970 = LINE('',#12971,#12972);
#12971 = CARTESIAN_POINT('',(-2.35,0.43,0.725));
#12972 = VECTOR('',#12973,1.);
#12973 = DIRECTION('',(-9.95799250103E-17,1.,0.));
#12974 = ORIENTED_EDGE('',*,*,#12877,.F.);
#12975 = CYLINDRICAL_SURFACE('',#12976,0.1);
#12976 = AXIS2_PLACEMENT_3D('',#12977,#12978,#12979);
#12977 = CARTESIAN_POINT('',(-2.25,0.43,0.725));
#12978 = DIRECTION('',(9.95799250103E-17,-1.,0.));
#12979 = DIRECTION('',(-4.440892098501E-15,-4.422237021476E-31,1.));
#12980 = ADVANCED_FACE('',(#12981),#12997,.F.);
#12981 = FACE_BOUND('',#12982,.F.);
#12982 = EDGE_LOOP('',(#12983,#12989,#12990,#12996));
#12983 = ORIENTED_EDGE('',*,*,#12984,.F.);
#12984 = EDGE_CURVE('',#11527,#11941,#12985,.T.);
#12985 = LINE('',#12986,#12987);
#12986 = CARTESIAN_POINT('',(-2.25,-0.43,1.025));
#12987 = VECTOR('',#12988,1.);
#12988 = DIRECTION('',(1.,9.95799250103E-17,0.));
#12989 = ORIENTED_EDGE('',*,*,#11543,.T.);
#12990 = ORIENTED_EDGE('',*,*,#12991,.T.);
#12991 = EDGE_CURVE('',#11536,#11949,#12992,.T.);
#12992 = LINE('',#12993,#12994);
#12993 = CARTESIAN_POINT('',(-2.25,0.43,1.025));
#12994 = VECTOR('',#12995,1.);
#12995 = DIRECTION('',(1.,9.95799250103E-17,0.));
#12996 = ORIENTED_EDGE('',*,*,#11948,.F.);
#12997 = B_SPLINE_SURFACE_WITH_KNOTS('',1,1,(
    (#12998,#12999)
    ,(#13000,#13001
    )),.UNSPECIFIED.,.F.,.F.,.F.,(2,2),(2,2),(0.,4.55),(0.,1.),
  .PIECEWISE_BEZIER_KNOTS.);
#12998 = CARTESIAN_POINT('',(-1.95,-2.275,1.025));
#12999 = CARTESIAN_POINT('',(-1.875,-2.2375,1.025));
#13000 = CARTESIAN_POINT('',(-1.95,2.275,1.025));
#13001 = CARTESIAN_POINT('',(-1.875,2.2375,1.025));
#13002 = ADVANCED_FACE('',(#13003),#13009,.F.);
#13003 = FACE_BOUND('',#13004,.F.);
#13004 = EDGE_LOOP('',(#13005,#13006,#13007,#13008));
#13005 = ORIENTED_EDGE('',*,*,#11559,.T.);
#13006 = ORIENTED_EDGE('',*,*,#11862,.T.);
#13007 = ORIENTED_EDGE('',*,*,#11891,.F.);
#13008 = ORIENTED_EDGE('',*,*,#12306,.F.);
#13009 = B_SPLINE_SURFACE_WITH_KNOTS('',1,1,(
    (#13010,#13011)
    ,(#13012,#13013
    )),.UNSPECIFIED.,.F.,.F.,.F.,(2,2),(2,2),(0.,0.247487373415),(0.,1.)
  ,.PIECEWISE_BEZIER_KNOTS.);
#13010 = CARTESIAN_POINT('',(-1.95,2.275,1.025));
#13011 = CARTESIAN_POINT('',(-1.875,2.2375,1.025));
#13012 = CARTESIAN_POINT('',(-1.775,2.45,1.025));
#13013 = CARTESIAN_POINT('',(-1.7375,2.375,1.025));
#13014 = ADVANCED_FACE('',(#13015),#13028,.F.);
#13015 = FACE_BOUND('',#13016,.F.);
#13016 = EDGE_LOOP('',(#13017,#13018,#13024,#13025,#13026,#13027));
#13017 = ORIENTED_EDGE('',*,*,#12193,.F.);
#13018 = ORIENTED_EDGE('',*,*,#13019,.T.);
#13019 = EDGE_CURVE('',#12185,#12407,#13020,.T.);
#13020 = LINE('',#13021,#13022);
#13021 = CARTESIAN_POINT('',(-2.25,-2.11,1.025));
#13022 = VECTOR('',#13023,1.);
#13023 = DIRECTION('',(-9.95799250103E-17,1.,0.));
#13024 = ORIENTED_EDGE('',*,*,#12415,.T.);
#13025 = ORIENTED_EDGE('',*,*,#12538,.T.);
#13026 = ORIENTED_EDGE('',*,*,#11924,.F.);
#13027 = ORIENTED_EDGE('',*,*,#12100,.F.);
#13028 = PLANE('',#13029);
#13029 = AXIS2_PLACEMENT_3D('',#13030,#13031,#13032);
#13030 = CARTESIAN_POINT('',(-2.25,-2.11,1.025));
#13031 = DIRECTION('',(-0.,0.,-1.));
#13032 = DIRECTION('',(1.,9.95799250103E-17,0.));
#13033 = ADVANCED_FACE('',(#13034),#13047,.F.);
#13034 = FACE_BOUND('',#13035,.F.);
#13035 = EDGE_LOOP('',(#13036,#13037,#13043,#13044,#13045,#13046));
#13036 = ORIENTED_EDGE('',*,*,#12638,.F.);
#13037 = ORIENTED_EDGE('',*,*,#13038,.T.);
#13038 = EDGE_CURVE('',#12630,#12853,#13039,.T.);
#13039 = LINE('',#13040,#13041);
#13040 = CARTESIAN_POINT('',(-2.25,-0.84,1.025));
#13041 = VECTOR('',#13042,1.);
#13042 = DIRECTION('',(-9.95799250103E-17,1.,0.));
#13043 = ORIENTED_EDGE('',*,*,#12861,.T.);
#13044 = ORIENTED_EDGE('',*,*,#12984,.T.);
#13045 = ORIENTED_EDGE('',*,*,#11940,.F.);
#13046 = ORIENTED_EDGE('',*,*,#12545,.F.);
#13047 = PLANE('',#13048);
#13048 = AXIS2_PLACEMENT_3D('',#13049,#13050,#13051);
#13049 = CARTESIAN_POINT('',(-2.25,-0.84,1.025));
#13050 = DIRECTION('',(-0.,0.,-1.));
#13051 = DIRECTION('',(1.,9.95799250103E-17,0.));
#13052 = ADVANCED_FACE('',(#13053),#13066,.F.);
#13053 = FACE_BOUND('',#13054,.F.);
#13054 = EDGE_LOOP('',(#13055,#13056,#13062,#13063,#13064,#13065));
#13055 = ORIENTED_EDGE('',*,*,#12507,.F.);
#13056 = ORIENTED_EDGE('',*,*,#13057,.T.);
#13057 = EDGE_CURVE('',#12499,#12277,#13058,.T.);
#13058 = LINE('',#13059,#13060);
#13059 = CARTESIAN_POINT('',(-2.25,1.7,1.025));
#13060 = VECTOR('',#13061,1.);
#13061 = DIRECTION('',(-9.95799250103E-17,1.,0.));
#13062 = ORIENTED_EDGE('',*,*,#12285,.T.);
#13063 = ORIENTED_EDGE('',*,*,#12299,.T.);
#13064 = ORIENTED_EDGE('',*,*,#11972,.F.);
#13065 = ORIENTED_EDGE('',*,*,#12751,.F.);
#13066 = PLANE('',#13067);
#13067 = AXIS2_PLACEMENT_3D('',#13068,#13069,#13070);
#13068 = CARTESIAN_POINT('',(-2.25,1.7,1.025));
#13069 = DIRECTION('',(-0.,0.,-1.));
#13070 = DIRECTION('',(1.,9.95799250103E-17,0.));
#13071 = ADVANCED_FACE('',(#13072),#13085,.F.);
#13072 = FACE_BOUND('',#13073,.F.);
#13073 = EDGE_LOOP('',(#13074,#13075,#13081,#13082,#13083,#13084));
#13074 = ORIENTED_EDGE('',*,*,#12953,.F.);
#13075 = ORIENTED_EDGE('',*,*,#13076,.T.);
#13076 = EDGE_CURVE('',#12945,#12722,#13077,.T.);
#13077 = LINE('',#13078,#13079);
#13078 = CARTESIAN_POINT('',(-2.25,0.43,1.025));
#13079 = VECTOR('',#13080,1.);
#13080 = DIRECTION('',(-9.95799250103E-17,1.,0.));
#13081 = ORIENTED_EDGE('',*,*,#12730,.T.);
#13082 = ORIENTED_EDGE('',*,*,#12744,.T.);
#13083 = ORIENTED_EDGE('',*,*,#11956,.F.);
#13084 = ORIENTED_EDGE('',*,*,#12991,.F.);
#13085 = PLANE('',#13086);
#13086 = AXIS2_PLACEMENT_3D('',#13087,#13088,#13089);
#13087 = CARTESIAN_POINT('',(-2.25,0.43,1.025));
#13088 = DIRECTION('',(-0.,0.,-1.));
#13089 = DIRECTION('',(1.,9.95799250103E-17,0.));
#13090 = ADVANCED_FACE('',(#13091),#13094,.T.);
#13091 = FACE_BOUND('',#13092,.T.);
#13092 = EDGE_LOOP('',(#13093));
#13093 = ORIENTED_EDGE('',*,*,#12041,.T.);
#13094 = PLANE('',#13095);
#13095 = AXIS2_PLACEMENT_3D('',#13096,#13097,#13098);
#13096 = CARTESIAN_POINT('',(-1.110171280765,1.610171280765,1.7));
#13097 = DIRECTION('',(0.,0.,1.));
#13098 = DIRECTION('',(2.22044604925E-16,-1.,0.));
#13099 = ADVANCED_FACE('',(#13100),#13111,.T.);
#13100 = FACE_BOUND('',#13101,.T.);
#13101 = EDGE_LOOP('',(#13102,#13103,#13104,#13105));
#13102 = ORIENTED_EDGE('',*,*,#12184,.T.);
#13103 = ORIENTED_EDGE('',*,*,#13019,.T.);
#13104 = ORIENTED_EDGE('',*,*,#12406,.F.);
#13105 = ORIENTED_EDGE('',*,*,#13106,.F.);
#13106 = EDGE_CURVE('',#12177,#12399,#13107,.T.);
#13107 = LINE('',#13108,#13109);
#13108 = CARTESIAN_POINT('',(-2.55,-2.11,0.725));
#13109 = VECTOR('',#13110,1.);
#13110 = DIRECTION('',(-9.95799250103E-17,1.,0.));
#13111 = CYLINDRICAL_SURFACE('',#13112,0.3);
#13112 = AXIS2_PLACEMENT_3D('',#13113,#13114,#13115);
#13113 = CARTESIAN_POINT('',(-2.25,-2.11,0.725));
#13114 = DIRECTION('',(9.95799250103E-17,-1.,-0.));
#13115 = DIRECTION('',(-1.,-9.95799250103E-17,3.700743415417E-16));
#13116 = ADVANCED_FACE('',(#13117),#13128,.F.);
#13117 = FACE_BOUND('',#13118,.F.);
#13118 = EDGE_LOOP('',(#13119,#13125,#13126,#13127));
#13119 = ORIENTED_EDGE('',*,*,#13120,.T.);
#13120 = EDGE_CURVE('',#12168,#12390,#13121,.T.);
#13121 = LINE('',#13122,#13123);
#13122 = CARTESIAN_POINT('',(-2.55,-2.11,0.3));
#13123 = VECTOR('',#13124,1.);
#13124 = DIRECTION('',(-9.95799250103E-17,1.,0.));
#13125 = ORIENTED_EDGE('',*,*,#12398,.T.);
#13126 = ORIENTED_EDGE('',*,*,#13106,.F.);
#13127 = ORIENTED_EDGE('',*,*,#12176,.F.);
#13128 = PLANE('',#13129);
#13129 = AXIS2_PLACEMENT_3D('',#13130,#13131,#13132);
#13130 = CARTESIAN_POINT('',(-2.55,-2.11,0.3));
#13131 = DIRECTION('',(1.,9.95799250103E-17,0.));
#13132 = DIRECTION('',(0.,-0.,1.));
#13133 = ADVANCED_FACE('',(#13134),#13145,.F.);
#13134 = FACE_BOUND('',#13135,.F.);
#13135 = EDGE_LOOP('',(#13136,#13142,#13143,#13144));
#13136 = ORIENTED_EDGE('',*,*,#13137,.T.);
#13137 = EDGE_CURVE('',#12160,#12382,#13138,.T.);
#13138 = LINE('',#13139,#13140);
#13139 = CARTESIAN_POINT('',(-2.65,-2.11,0.2));
#13140 = VECTOR('',#13141,1.);
#13141 = DIRECTION('',(-9.95799250103E-17,1.,0.));
#13142 = ORIENTED_EDGE('',*,*,#12389,.T.);
#13143 = ORIENTED_EDGE('',*,*,#13120,.F.);
#13144 = ORIENTED_EDGE('',*,*,#12167,.F.);
#13145 = CYLINDRICAL_SURFACE('',#13146,0.1);
#13146 = AXIS2_PLACEMENT_3D('',#13147,#13148,#13149);
#13147 = CARTESIAN_POINT('',(-2.65,-2.11,0.3));
#13148 = DIRECTION('',(9.95799250103E-17,-1.,0.));
#13149 = DIRECTION('',(0.,-0.,-1.));
#13150 = ADVANCED_FACE('',(#13151),#13162,.F.);
#13151 = FACE_BOUND('',#13152,.F.);
#13152 = EDGE_LOOP('',(#13153,#13159,#13160,#13161));
#13153 = ORIENTED_EDGE('',*,*,#13154,.T.);
#13154 = EDGE_CURVE('',#12152,#12374,#13155,.T.);
#13155 = LINE('',#13156,#13157);
#13156 = CARTESIAN_POINT('',(-3.,-2.11,0.2));
#13157 = VECTOR('',#13158,1.);
#13158 = DIRECTION('',(-9.95799250103E-17,1.,0.));
#13159 = ORIENTED_EDGE('',*,*,#12381,.T.);
#13160 = ORIENTED_EDGE('',*,*,#13137,.F.);
#13161 = ORIENTED_EDGE('',*,*,#12159,.F.);
#13162 = PLANE('',#13163);
#13163 = AXIS2_PLACEMENT_3D('',#13164,#13165,#13166);
#13164 = CARTESIAN_POINT('',(-3.,-2.11,0.2));
#13165 = DIRECTION('',(-0.,0.,-1.));
#13166 = DIRECTION('',(1.,9.95799250103E-17,0.));
#13167 = ADVANCED_FACE('',(#13168),#13179,.F.);
#13168 = FACE_BOUND('',#13169,.F.);
#13169 = EDGE_LOOP('',(#13170,#13176,#13177,#13178));
#13170 = ORIENTED_EDGE('',*,*,#13171,.T.);
#13171 = EDGE_CURVE('',#12144,#12366,#13172,.T.);
#13172 = LINE('',#13173,#13174);
#13173 = CARTESIAN_POINT('',(-3.,-2.11,5.551115123126E-17));
#13174 = VECTOR('',#13175,1.);
#13175 = DIRECTION('',(-9.95799250103E-17,1.,0.));
#13176 = ORIENTED_EDGE('',*,*,#12373,.T.);
#13177 = ORIENTED_EDGE('',*,*,#13154,.F.);
#13178 = ORIENTED_EDGE('',*,*,#12151,.F.);
#13179 = PLANE('',#13180);
#13180 = AXIS2_PLACEMENT_3D('',#13181,#13182,#13183);
#13181 = CARTESIAN_POINT('',(-3.,-2.11,5.551115123126E-17));
#13182 = DIRECTION('',(1.,9.95799250103E-17,0.));
#13183 = DIRECTION('',(0.,-0.,1.));
#13184 = ADVANCED_FACE('',(#13185),#13196,.F.);
#13185 = FACE_BOUND('',#13186,.F.);
#13186 = EDGE_LOOP('',(#13187,#13193,#13194,#13195));
#13187 = ORIENTED_EDGE('',*,*,#13188,.T.);
#13188 = EDGE_CURVE('',#12135,#12357,#13189,.T.);
#13189 = LINE('',#13190,#13191);
#13190 = CARTESIAN_POINT('',(-2.65,-2.11,5.551115123126E-17));
#13191 = VECTOR('',#13192,1.);
#13192 = DIRECTION('',(-9.95799250103E-17,1.,0.));
#13193 = ORIENTED_EDGE('',*,*,#12365,.T.);
#13194 = ORIENTED_EDGE('',*,*,#13171,.F.);
#13195 = ORIENTED_EDGE('',*,*,#12143,.F.);
#13196 = PLANE('',#13197);
#13197 = AXIS2_PLACEMENT_3D('',#13198,#13199,#13200);
#13198 = CARTESIAN_POINT('',(-2.65,-2.11,5.551115123126E-17));
#13199 = DIRECTION('',(0.,0.,1.));
#13200 = DIRECTION('',(-1.,-9.95799250103E-17,0.));
#13201 = ADVANCED_FACE('',(#13202),#13213,.T.);
#13202 = FACE_BOUND('',#13203,.T.);
#13203 = EDGE_LOOP('',(#13204,#13205,#13206,#13207));
#13204 = ORIENTED_EDGE('',*,*,#12134,.T.);
#13205 = ORIENTED_EDGE('',*,*,#13188,.T.);
#13206 = ORIENTED_EDGE('',*,*,#12356,.F.);
#13207 = ORIENTED_EDGE('',*,*,#13208,.F.);
#13208 = EDGE_CURVE('',#12127,#12349,#13209,.T.);
#13209 = LINE('',#13210,#13211);
#13210 = CARTESIAN_POINT('',(-2.35,-2.11,0.3));
#13211 = VECTOR('',#13212,1.);
#13212 = DIRECTION('',(-9.95799250103E-17,1.,0.));
#13213 = CYLINDRICAL_SURFACE('',#13214,0.3);
#13214 = AXIS2_PLACEMENT_3D('',#13215,#13216,#13217);
#13215 = CARTESIAN_POINT('',(-2.65,-2.11,0.3));
#13216 = DIRECTION('',(9.95799250103E-17,-1.,-0.));
#13217 = DIRECTION('',(1.,9.95799250103E-17,3.515706244646E-15));
#13218 = ADVANCED_FACE('',(#13219),#13225,.F.);
#13219 = FACE_BOUND('',#13220,.F.);
#13220 = EDGE_LOOP('',(#13221,#13222,#13223,#13224));
#13221 = ORIENTED_EDGE('',*,*,#12330,.T.);
#13222 = ORIENTED_EDGE('',*,*,#12348,.T.);
#13223 = ORIENTED_EDGE('',*,*,#13208,.F.);
#13224 = ORIENTED_EDGE('',*,*,#12126,.F.);
#13225 = PLANE('',#13226);
#13226 = AXIS2_PLACEMENT_3D('',#13227,#13228,#13229);
#13227 = CARTESIAN_POINT('',(-2.35,-2.11,0.725));
#13228 = DIRECTION('',(-1.,-9.95799250103E-17,1.044915787883E-15));
#13229 = DIRECTION('',(-1.044915787883E-15,-1.040526357994E-31,-1.));
#13230 = ADVANCED_FACE('',(#13231),#13242,.T.);
#13231 = FACE_BOUND('',#13232,.T.);
#13232 = EDGE_LOOP('',(#13233,#13234,#13235,#13236));
#13233 = ORIENTED_EDGE('',*,*,#12498,.T.);
#13234 = ORIENTED_EDGE('',*,*,#13057,.T.);
#13235 = ORIENTED_EDGE('',*,*,#12276,.F.);
#13236 = ORIENTED_EDGE('',*,*,#13237,.F.);
#13237 = EDGE_CURVE('',#12491,#12269,#13238,.T.);
#13238 = LINE('',#13239,#13240);
#13239 = CARTESIAN_POINT('',(-2.55,1.7,0.725));
#13240 = VECTOR('',#13241,1.);
#13241 = DIRECTION('',(-9.95799250103E-17,1.,0.));
#13242 = CYLINDRICAL_SURFACE('',#13243,0.3);
#13243 = AXIS2_PLACEMENT_3D('',#13244,#13245,#13246);
#13244 = CARTESIAN_POINT('',(-2.25,1.7,0.725));
#13245 = DIRECTION('',(9.95799250103E-17,-1.,-0.));
#13246 = DIRECTION('',(-1.,-9.95799250103E-17,3.700743415417E-16));
#13247 = ADVANCED_FACE('',(#13248),#13259,.F.);
#13248 = FACE_BOUND('',#13249,.F.);
#13249 = EDGE_LOOP('',(#13250,#13256,#13257,#13258));
#13250 = ORIENTED_EDGE('',*,*,#13251,.T.);
#13251 = EDGE_CURVE('',#12482,#12260,#13252,.T.);
#13252 = LINE('',#13253,#13254);
#13253 = CARTESIAN_POINT('',(-2.55,1.7,0.3));
#13254 = VECTOR('',#13255,1.);
#13255 = DIRECTION('',(-9.95799250103E-17,1.,0.));
#13256 = ORIENTED_EDGE('',*,*,#12268,.T.);
#13257 = ORIENTED_EDGE('',*,*,#13237,.F.);
#13258 = ORIENTED_EDGE('',*,*,#12490,.F.);
#13259 = PLANE('',#13260);
#13260 = AXIS2_PLACEMENT_3D('',#13261,#13262,#13263);
#13261 = CARTESIAN_POINT('',(-2.55,1.7,0.3));
#13262 = DIRECTION('',(1.,9.95799250103E-17,0.));
#13263 = DIRECTION('',(0.,-0.,1.));
#13264 = ADVANCED_FACE('',(#13265),#13276,.F.);
#13265 = FACE_BOUND('',#13266,.F.);
#13266 = EDGE_LOOP('',(#13267,#13273,#13274,#13275));
#13267 = ORIENTED_EDGE('',*,*,#13268,.T.);
#13268 = EDGE_CURVE('',#12474,#12252,#13269,.T.);
#13269 = LINE('',#13270,#13271);
#13270 = CARTESIAN_POINT('',(-2.65,1.7,0.2));
#13271 = VECTOR('',#13272,1.);
#13272 = DIRECTION('',(-9.95799250103E-17,1.,0.));
#13273 = ORIENTED_EDGE('',*,*,#12259,.T.);
#13274 = ORIENTED_EDGE('',*,*,#13251,.F.);
#13275 = ORIENTED_EDGE('',*,*,#12481,.F.);
#13276 = CYLINDRICAL_SURFACE('',#13277,0.1);
#13277 = AXIS2_PLACEMENT_3D('',#13278,#13279,#13280);
#13278 = CARTESIAN_POINT('',(-2.65,1.7,0.3));
#13279 = DIRECTION('',(9.95799250103E-17,-1.,0.));
#13280 = DIRECTION('',(0.,-0.,-1.));
#13281 = ADVANCED_FACE('',(#13282),#13293,.F.);
#13282 = FACE_BOUND('',#13283,.F.);
#13283 = EDGE_LOOP('',(#13284,#13290,#13291,#13292));
#13284 = ORIENTED_EDGE('',*,*,#13285,.T.);
#13285 = EDGE_CURVE('',#12466,#12244,#13286,.T.);
#13286 = LINE('',#13287,#13288);
#13287 = CARTESIAN_POINT('',(-3.,1.7,0.2));
#13288 = VECTOR('',#13289,1.);
#13289 = DIRECTION('',(-9.95799250103E-17,1.,0.));
#13290 = ORIENTED_EDGE('',*,*,#12251,.T.);
#13291 = ORIENTED_EDGE('',*,*,#13268,.F.);
#13292 = ORIENTED_EDGE('',*,*,#12473,.F.);
#13293 = PLANE('',#13294);
#13294 = AXIS2_PLACEMENT_3D('',#13295,#13296,#13297);
#13295 = CARTESIAN_POINT('',(-3.,1.7,0.2));
#13296 = DIRECTION('',(-0.,0.,-1.));
#13297 = DIRECTION('',(1.,9.95799250103E-17,0.));
#13298 = ADVANCED_FACE('',(#13299),#13310,.F.);
#13299 = FACE_BOUND('',#13300,.F.);
#13300 = EDGE_LOOP('',(#13301,#13307,#13308,#13309));
#13301 = ORIENTED_EDGE('',*,*,#13302,.T.);
#13302 = EDGE_CURVE('',#12458,#12236,#13303,.T.);
#13303 = LINE('',#13304,#13305);
#13304 = CARTESIAN_POINT('',(-3.,1.7,5.551115123126E-17));
#13305 = VECTOR('',#13306,1.);
#13306 = DIRECTION('',(-9.95799250103E-17,1.,0.));
#13307 = ORIENTED_EDGE('',*,*,#12243,.T.);
#13308 = ORIENTED_EDGE('',*,*,#13285,.F.);
#13309 = ORIENTED_EDGE('',*,*,#12465,.F.);
#13310 = PLANE('',#13311);
#13311 = AXIS2_PLACEMENT_3D('',#13312,#13313,#13314);
#13312 = CARTESIAN_POINT('',(-3.,1.7,5.551115123126E-17));
#13313 = DIRECTION('',(1.,9.95799250103E-17,0.));
#13314 = DIRECTION('',(0.,-0.,1.));
#13315 = ADVANCED_FACE('',(#13316),#13327,.F.);
#13316 = FACE_BOUND('',#13317,.F.);
#13317 = EDGE_LOOP('',(#13318,#13324,#13325,#13326));
#13318 = ORIENTED_EDGE('',*,*,#13319,.T.);
#13319 = EDGE_CURVE('',#12449,#12227,#13320,.T.);
#13320 = LINE('',#13321,#13322);
#13321 = CARTESIAN_POINT('',(-2.65,1.7,5.551115123126E-17));
#13322 = VECTOR('',#13323,1.);
#13323 = DIRECTION('',(-9.95799250103E-17,1.,0.));
#13324 = ORIENTED_EDGE('',*,*,#12235,.T.);
#13325 = ORIENTED_EDGE('',*,*,#13302,.F.);
#13326 = ORIENTED_EDGE('',*,*,#12457,.F.);
#13327 = PLANE('',#13328);
#13328 = AXIS2_PLACEMENT_3D('',#13329,#13330,#13331);
#13329 = CARTESIAN_POINT('',(-2.65,1.7,5.551115123126E-17));
#13330 = DIRECTION('',(0.,0.,1.));
#13331 = DIRECTION('',(-1.,-9.95799250103E-17,0.));
#13332 = ADVANCED_FACE('',(#13333),#13344,.T.);
#13333 = FACE_BOUND('',#13334,.T.);
#13334 = EDGE_LOOP('',(#13335,#13336,#13337,#13338));
#13335 = ORIENTED_EDGE('',*,*,#12448,.T.);
#13336 = ORIENTED_EDGE('',*,*,#13319,.T.);
#13337 = ORIENTED_EDGE('',*,*,#12226,.F.);
#13338 = ORIENTED_EDGE('',*,*,#13339,.F.);
#13339 = EDGE_CURVE('',#12441,#12219,#13340,.T.);
#13340 = LINE('',#13341,#13342);
#13341 = CARTESIAN_POINT('',(-2.35,1.7,0.3));
#13342 = VECTOR('',#13343,1.);
#13343 = DIRECTION('',(-9.95799250103E-17,1.,0.));
#13344 = CYLINDRICAL_SURFACE('',#13345,0.3);
#13345 = AXIS2_PLACEMENT_3D('',#13346,#13347,#13348);
#13346 = CARTESIAN_POINT('',(-2.65,1.7,0.3));
#13347 = DIRECTION('',(9.95799250103E-17,-1.,-0.));
#13348 = DIRECTION('',(1.,9.95799250103E-17,3.515706244646E-15));
#13349 = ADVANCED_FACE('',(#13350),#13356,.F.);
#13350 = FACE_BOUND('',#13351,.F.);
#13351 = EDGE_LOOP('',(#13352,#13353,#13354,#13355));
#13352 = ORIENTED_EDGE('',*,*,#12523,.T.);
#13353 = ORIENTED_EDGE('',*,*,#12218,.T.);
#13354 = ORIENTED_EDGE('',*,*,#13339,.F.);
#13355 = ORIENTED_EDGE('',*,*,#12440,.F.);
#13356 = PLANE('',#13357);
#13357 = AXIS2_PLACEMENT_3D('',#13358,#13359,#13360);
#13358 = CARTESIAN_POINT('',(-2.35,1.7,0.725));
#13359 = DIRECTION('',(-1.,-9.95799250103E-17,1.044915787883E-15));
#13360 = DIRECTION('',(-1.044915787883E-15,-1.040526357994E-31,-1.));
#13361 = ADVANCED_FACE('',(#13362),#13373,.T.);
#13362 = FACE_BOUND('',#13363,.T.);
#13363 = EDGE_LOOP('',(#13364,#13365,#13366,#13367));
#13364 = ORIENTED_EDGE('',*,*,#12629,.T.);
#13365 = ORIENTED_EDGE('',*,*,#13038,.T.);
#13366 = ORIENTED_EDGE('',*,*,#12852,.F.);
#13367 = ORIENTED_EDGE('',*,*,#13368,.F.);
#13368 = EDGE_CURVE('',#12622,#12845,#13369,.T.);
#13369 = LINE('',#13370,#13371);
#13370 = CARTESIAN_POINT('',(-2.55,-0.84,0.725));
#13371 = VECTOR('',#13372,1.);
#13372 = DIRECTION('',(-9.95799250103E-17,1.,0.));
#13373 = CYLINDRICAL_SURFACE('',#13374,0.3);
#13374 = AXIS2_PLACEMENT_3D('',#13375,#13376,#13377);
#13375 = CARTESIAN_POINT('',(-2.25,-0.84,0.725));
#13376 = DIRECTION('',(9.95799250103E-17,-1.,-0.));
#13377 = DIRECTION('',(-1.,-9.95799250103E-17,3.700743415417E-16));
#13378 = ADVANCED_FACE('',(#13379),#13390,.F.);
#13379 = FACE_BOUND('',#13380,.F.);
#13380 = EDGE_LOOP('',(#13381,#13387,#13388,#13389));
#13381 = ORIENTED_EDGE('',*,*,#13382,.T.);
#13382 = EDGE_CURVE('',#12613,#12836,#13383,.T.);
#13383 = LINE('',#13384,#13385);
#13384 = CARTESIAN_POINT('',(-2.55,-0.84,0.3));
#13385 = VECTOR('',#13386,1.);
#13386 = DIRECTION('',(-9.95799250103E-17,1.,0.));
#13387 = ORIENTED_EDGE('',*,*,#12844,.T.);
#13388 = ORIENTED_EDGE('',*,*,#13368,.F.);
#13389 = ORIENTED_EDGE('',*,*,#12621,.F.);
#13390 = PLANE('',#13391);
#13391 = AXIS2_PLACEMENT_3D('',#13392,#13393,#13394);
#13392 = CARTESIAN_POINT('',(-2.55,-0.84,0.3));
#13393 = DIRECTION('',(1.,9.95799250103E-17,0.));
#13394 = DIRECTION('',(0.,-0.,1.));
#13395 = ADVANCED_FACE('',(#13396),#13407,.F.);
#13396 = FACE_BOUND('',#13397,.F.);
#13397 = EDGE_LOOP('',(#13398,#13404,#13405,#13406));
#13398 = ORIENTED_EDGE('',*,*,#13399,.T.);
#13399 = EDGE_CURVE('',#12605,#12828,#13400,.T.);
#13400 = LINE('',#13401,#13402);
#13401 = CARTESIAN_POINT('',(-2.65,-0.84,0.2));
#13402 = VECTOR('',#13403,1.);
#13403 = DIRECTION('',(-9.95799250103E-17,1.,0.));
#13404 = ORIENTED_EDGE('',*,*,#12835,.T.);
#13405 = ORIENTED_EDGE('',*,*,#13382,.F.);
#13406 = ORIENTED_EDGE('',*,*,#12612,.F.);
#13407 = CYLINDRICAL_SURFACE('',#13408,0.1);
#13408 = AXIS2_PLACEMENT_3D('',#13409,#13410,#13411);
#13409 = CARTESIAN_POINT('',(-2.65,-0.84,0.3));
#13410 = DIRECTION('',(9.95799250103E-17,-1.,0.));
#13411 = DIRECTION('',(0.,-0.,-1.));
#13412 = ADVANCED_FACE('',(#13413),#13424,.F.);
#13413 = FACE_BOUND('',#13414,.F.);
#13414 = EDGE_LOOP('',(#13415,#13421,#13422,#13423));
#13415 = ORIENTED_EDGE('',*,*,#13416,.T.);
#13416 = EDGE_CURVE('',#12597,#12820,#13417,.T.);
#13417 = LINE('',#13418,#13419);
#13418 = CARTESIAN_POINT('',(-3.,-0.84,0.2));
#13419 = VECTOR('',#13420,1.);
#13420 = DIRECTION('',(-9.95799250103E-17,1.,0.));
#13421 = ORIENTED_EDGE('',*,*,#12827,.T.);
#13422 = ORIENTED_EDGE('',*,*,#13399,.F.);
#13423 = ORIENTED_EDGE('',*,*,#12604,.F.);
#13424 = PLANE('',#13425);
#13425 = AXIS2_PLACEMENT_3D('',#13426,#13427,#13428);
#13426 = CARTESIAN_POINT('',(-3.,-0.84,0.2));
#13427 = DIRECTION('',(-0.,0.,-1.));
#13428 = DIRECTION('',(1.,9.95799250103E-17,0.));
#13429 = ADVANCED_FACE('',(#13430),#13441,.F.);
#13430 = FACE_BOUND('',#13431,.F.);
#13431 = EDGE_LOOP('',(#13432,#13438,#13439,#13440));
#13432 = ORIENTED_EDGE('',*,*,#13433,.T.);
#13433 = EDGE_CURVE('',#12589,#12812,#13434,.T.);
#13434 = LINE('',#13435,#13436);
#13435 = CARTESIAN_POINT('',(-3.,-0.84,5.551115123126E-17));
#13436 = VECTOR('',#13437,1.);
#13437 = DIRECTION('',(-9.95799250103E-17,1.,0.));
#13438 = ORIENTED_EDGE('',*,*,#12819,.T.);
#13439 = ORIENTED_EDGE('',*,*,#13416,.F.);
#13440 = ORIENTED_EDGE('',*,*,#12596,.F.);
#13441 = PLANE('',#13442);
#13442 = AXIS2_PLACEMENT_3D('',#13443,#13444,#13445);
#13443 = CARTESIAN_POINT('',(-3.,-0.84,5.551115123126E-17));
#13444 = DIRECTION('',(1.,9.95799250103E-17,0.));
#13445 = DIRECTION('',(0.,-0.,1.));
#13446 = ADVANCED_FACE('',(#13447),#13458,.F.);
#13447 = FACE_BOUND('',#13448,.F.);
#13448 = EDGE_LOOP('',(#13449,#13455,#13456,#13457));
#13449 = ORIENTED_EDGE('',*,*,#13450,.T.);
#13450 = EDGE_CURVE('',#12580,#12803,#13451,.T.);
#13451 = LINE('',#13452,#13453);
#13452 = CARTESIAN_POINT('',(-2.65,-0.84,5.551115123126E-17));
#13453 = VECTOR('',#13454,1.);
#13454 = DIRECTION('',(-9.95799250103E-17,1.,0.));
#13455 = ORIENTED_EDGE('',*,*,#12811,.T.);
#13456 = ORIENTED_EDGE('',*,*,#13433,.F.);
#13457 = ORIENTED_EDGE('',*,*,#12588,.F.);
#13458 = PLANE('',#13459);
#13459 = AXIS2_PLACEMENT_3D('',#13460,#13461,#13462);
#13460 = CARTESIAN_POINT('',(-2.65,-0.84,5.551115123126E-17));
#13461 = DIRECTION('',(0.,0.,1.));
#13462 = DIRECTION('',(-1.,-9.95799250103E-17,0.));
#13463 = ADVANCED_FACE('',(#13464),#13475,.T.);
#13464 = FACE_BOUND('',#13465,.T.);
#13465 = EDGE_LOOP('',(#13466,#13467,#13468,#13469));
#13466 = ORIENTED_EDGE('',*,*,#12579,.T.);
#13467 = ORIENTED_EDGE('',*,*,#13450,.T.);
#13468 = ORIENTED_EDGE('',*,*,#12802,.F.);
#13469 = ORIENTED_EDGE('',*,*,#13470,.F.);
#13470 = EDGE_CURVE('',#12572,#12795,#13471,.T.);
#13471 = LINE('',#13472,#13473);
#13472 = CARTESIAN_POINT('',(-2.35,-0.84,0.3));
#13473 = VECTOR('',#13474,1.);
#13474 = DIRECTION('',(-9.95799250103E-17,1.,0.));
#13475 = CYLINDRICAL_SURFACE('',#13476,0.3);
#13476 = AXIS2_PLACEMENT_3D('',#13477,#13478,#13479);
#13477 = CARTESIAN_POINT('',(-2.65,-0.84,0.3));
#13478 = DIRECTION('',(9.95799250103E-17,-1.,-0.));
#13479 = DIRECTION('',(1.,9.95799250103E-17,3.515706244646E-15));
#13480 = ADVANCED_FACE('',(#13481),#13487,.F.);
#13481 = FACE_BOUND('',#13482,.F.);
#13482 = EDGE_LOOP('',(#13483,#13484,#13485,#13486));
#13483 = ORIENTED_EDGE('',*,*,#12776,.T.);
#13484 = ORIENTED_EDGE('',*,*,#12794,.T.);
#13485 = ORIENTED_EDGE('',*,*,#13470,.F.);
#13486 = ORIENTED_EDGE('',*,*,#12571,.F.);
#13487 = PLANE('',#13488);
#13488 = AXIS2_PLACEMENT_3D('',#13489,#13490,#13491);
#13489 = CARTESIAN_POINT('',(-2.35,-0.84,0.725));
#13490 = DIRECTION('',(-1.,-9.95799250103E-17,1.044915787883E-15));
#13491 = DIRECTION('',(-1.044915787883E-15,-1.040526357994E-31,-1.));
#13492 = ADVANCED_FACE('',(#13493),#13504,.T.);
#13493 = FACE_BOUND('',#13494,.T.);
#13494 = EDGE_LOOP('',(#13495,#13496,#13497,#13498));
#13495 = ORIENTED_EDGE('',*,*,#12944,.T.);
#13496 = ORIENTED_EDGE('',*,*,#13076,.T.);
#13497 = ORIENTED_EDGE('',*,*,#12721,.F.);
#13498 = ORIENTED_EDGE('',*,*,#13499,.F.);
#13499 = EDGE_CURVE('',#12937,#12714,#13500,.T.);
#13500 = LINE('',#13501,#13502);
#13501 = CARTESIAN_POINT('',(-2.55,0.43,0.725));
#13502 = VECTOR('',#13503,1.);
#13503 = DIRECTION('',(-9.95799250103E-17,1.,0.));
#13504 = CYLINDRICAL_SURFACE('',#13505,0.3);
#13505 = AXIS2_PLACEMENT_3D('',#13506,#13507,#13508);
#13506 = CARTESIAN_POINT('',(-2.25,0.43,0.725));
#13507 = DIRECTION('',(9.95799250103E-17,-1.,-0.));
#13508 = DIRECTION('',(-1.,-9.95799250103E-17,3.700743415417E-16));
#13509 = ADVANCED_FACE('',(#13510),#13521,.F.);
#13510 = FACE_BOUND('',#13511,.F.);
#13511 = EDGE_LOOP('',(#13512,#13518,#13519,#13520));
#13512 = ORIENTED_EDGE('',*,*,#13513,.T.);
#13513 = EDGE_CURVE('',#12928,#12705,#13514,.T.);
#13514 = LINE('',#13515,#13516);
#13515 = CARTESIAN_POINT('',(-2.55,0.43,0.3));
#13516 = VECTOR('',#13517,1.);
#13517 = DIRECTION('',(-9.95799250103E-17,1.,0.));
#13518 = ORIENTED_EDGE('',*,*,#12713,.T.);
#13519 = ORIENTED_EDGE('',*,*,#13499,.F.);
#13520 = ORIENTED_EDGE('',*,*,#12936,.F.);
#13521 = PLANE('',#13522);
#13522 = AXIS2_PLACEMENT_3D('',#13523,#13524,#13525);
#13523 = CARTESIAN_POINT('',(-2.55,0.43,0.3));
#13524 = DIRECTION('',(1.,9.95799250103E-17,0.));
#13525 = DIRECTION('',(0.,-0.,1.));
#13526 = ADVANCED_FACE('',(#13527),#13538,.F.);
#13527 = FACE_BOUND('',#13528,.F.);
#13528 = EDGE_LOOP('',(#13529,#13535,#13536,#13537));
#13529 = ORIENTED_EDGE('',*,*,#13530,.T.);
#13530 = EDGE_CURVE('',#12920,#12697,#13531,.T.);
#13531 = LINE('',#13532,#13533);
#13532 = CARTESIAN_POINT('',(-2.65,0.43,0.2));
#13533 = VECTOR('',#13534,1.);
#13534 = DIRECTION('',(-9.95799250103E-17,1.,0.));
#13535 = ORIENTED_EDGE('',*,*,#12704,.T.);
#13536 = ORIENTED_EDGE('',*,*,#13513,.F.);
#13537 = ORIENTED_EDGE('',*,*,#12927,.F.);
#13538 = CYLINDRICAL_SURFACE('',#13539,0.1);
#13539 = AXIS2_PLACEMENT_3D('',#13540,#13541,#13542);
#13540 = CARTESIAN_POINT('',(-2.65,0.43,0.3));
#13541 = DIRECTION('',(9.95799250103E-17,-1.,0.));
#13542 = DIRECTION('',(0.,-0.,-1.));
#13543 = ADVANCED_FACE('',(#13544),#13555,.F.);
#13544 = FACE_BOUND('',#13545,.F.);
#13545 = EDGE_LOOP('',(#13546,#13552,#13553,#13554));
#13546 = ORIENTED_EDGE('',*,*,#13547,.T.);
#13547 = EDGE_CURVE('',#12912,#12689,#13548,.T.);
#13548 = LINE('',#13549,#13550);
#13549 = CARTESIAN_POINT('',(-3.,0.43,0.2));
#13550 = VECTOR('',#13551,1.);
#13551 = DIRECTION('',(-9.95799250103E-17,1.,0.));
#13552 = ORIENTED_EDGE('',*,*,#12696,.T.);
#13553 = ORIENTED_EDGE('',*,*,#13530,.F.);
#13554 = ORIENTED_EDGE('',*,*,#12919,.F.);
#13555 = PLANE('',#13556);
#13556 = AXIS2_PLACEMENT_3D('',#13557,#13558,#13559);
#13557 = CARTESIAN_POINT('',(-3.,0.43,0.2));
#13558 = DIRECTION('',(-0.,0.,-1.));
#13559 = DIRECTION('',(1.,9.95799250103E-17,0.));
#13560 = ADVANCED_FACE('',(#13561),#13572,.F.);
#13561 = FACE_BOUND('',#13562,.F.);
#13562 = EDGE_LOOP('',(#13563,#13569,#13570,#13571));
#13563 = ORIENTED_EDGE('',*,*,#13564,.T.);
#13564 = EDGE_CURVE('',#12904,#12681,#13565,.T.);
#13565 = LINE('',#13566,#13567);
#13566 = CARTESIAN_POINT('',(-3.,0.43,5.551115123126E-17));
#13567 = VECTOR('',#13568,1.);
#13568 = DIRECTION('',(-9.95799250103E-17,1.,0.));
#13569 = ORIENTED_EDGE('',*,*,#12688,.T.);
#13570 = ORIENTED_EDGE('',*,*,#13547,.F.);
#13571 = ORIENTED_EDGE('',*,*,#12911,.F.);
#13572 = PLANE('',#13573);
#13573 = AXIS2_PLACEMENT_3D('',#13574,#13575,#13576);
#13574 = CARTESIAN_POINT('',(-3.,0.43,5.551115123126E-17));
#13575 = DIRECTION('',(1.,9.95799250103E-17,0.));
#13576 = DIRECTION('',(0.,-0.,1.));
#13577 = ADVANCED_FACE('',(#13578),#13589,.F.);
#13578 = FACE_BOUND('',#13579,.F.);
#13579 = EDGE_LOOP('',(#13580,#13586,#13587,#13588));
#13580 = ORIENTED_EDGE('',*,*,#13581,.T.);
#13581 = EDGE_CURVE('',#12895,#12672,#13582,.T.);
#13582 = LINE('',#13583,#13584);
#13583 = CARTESIAN_POINT('',(-2.65,0.43,5.551115123126E-17));
#13584 = VECTOR('',#13585,1.);
#13585 = DIRECTION('',(-9.95799250103E-17,1.,0.));
#13586 = ORIENTED_EDGE('',*,*,#12680,.T.);
#13587 = ORIENTED_EDGE('',*,*,#13564,.F.);
#13588 = ORIENTED_EDGE('',*,*,#12903,.F.);
#13589 = PLANE('',#13590);
#13590 = AXIS2_PLACEMENT_3D('',#13591,#13592,#13593);
#13591 = CARTESIAN_POINT('',(-2.65,0.43,5.551115123126E-17));
#13592 = DIRECTION('',(0.,0.,1.));
#13593 = DIRECTION('',(-1.,-9.95799250103E-17,0.));
#13594 = ADVANCED_FACE('',(#13595),#13606,.T.);
#13595 = FACE_BOUND('',#13596,.T.);
#13596 = EDGE_LOOP('',(#13597,#13598,#13599,#13600));
#13597 = ORIENTED_EDGE('',*,*,#12894,.T.);
#13598 = ORIENTED_EDGE('',*,*,#13581,.T.);
#13599 = ORIENTED_EDGE('',*,*,#12671,.F.);
#13600 = ORIENTED_EDGE('',*,*,#13601,.F.);
#13601 = EDGE_CURVE('',#12887,#12664,#13602,.T.);
#13602 = LINE('',#13603,#13604);
#13603 = CARTESIAN_POINT('',(-2.35,0.43,0.3));
#13604 = VECTOR('',#13605,1.);
#13605 = DIRECTION('',(-9.95799250103E-17,1.,0.));
#13606 = CYLINDRICAL_SURFACE('',#13607,0.3);
#13607 = AXIS2_PLACEMENT_3D('',#13608,#13609,#13610);
#13608 = CARTESIAN_POINT('',(-2.65,0.43,0.3));
#13609 = DIRECTION('',(9.95799250103E-17,-1.,-0.));
#13610 = DIRECTION('',(1.,9.95799250103E-17,3.515706244646E-15));
#13611 = ADVANCED_FACE('',(#13612),#13618,.F.);
#13612 = FACE_BOUND('',#13613,.F.);
#13613 = EDGE_LOOP('',(#13614,#13615,#13616,#13617));
#13614 = ORIENTED_EDGE('',*,*,#12969,.T.);
#13615 = ORIENTED_EDGE('',*,*,#12663,.T.);
#13616 = ORIENTED_EDGE('',*,*,#13601,.F.);
#13617 = ORIENTED_EDGE('',*,*,#12886,.F.);
#13618 = PLANE('',#13619);
#13619 = AXIS2_PLACEMENT_3D('',#13620,#13621,#13622);
#13620 = CARTESIAN_POINT('',(-2.35,0.43,0.725));
#13621 = DIRECTION('',(-1.,-9.95799250103E-17,1.044915787883E-15));
#13622 = DIRECTION('',(-1.044915787883E-15,-1.040526357994E-31,-1.));
#13623 = ( GEOMETRIC_REPRESENTATION_CONTEXT(3) 
GLOBAL_UNCERTAINTY_ASSIGNED_CONTEXT((#13627)) 
GLOBAL_UNIT_ASSIGNED_CONTEXT((#13624,#13625,#13626)) 
REPRESENTATION_CONTEXT('Context #1',
  '3D Context with UNIT and UNCERTAINTY') );
#13624 = ( LENGTH_UNIT() NAMED_UNIT(*) SI_UNIT(.MILLI.,.METRE.) );
#13625 = ( NAMED_UNIT(*) PLANE_ANGLE_UNIT() SI_UNIT($,.RADIAN.) );
#13626 = ( NAMED_UNIT(*) SI_UNIT($,.STERADIAN.) SOLID_ANGLE_UNIT() );
#13627 = UNCERTAINTY_MEASURE_WITH_UNIT(LENGTH_MEASURE(2.E-06),#13624,
  'distance_accuracy_value','confusion accuracy');
#13628 = CONTEXT_DEPENDENT_SHAPE_REPRESENTATION(#13629,#13631);
#13629 = ( REPRESENTATION_RELATIONSHIP('','',#9015,#8992) 
REPRESENTATION_RELATIONSHIP_WITH_TRANSFORMATION(#13630) 
SHAPE_REPRESENTATION_RELATIONSHIP() );
#13630 = ITEM_DEFINED_TRANSFORMATION('','',#11,#8993);
#13631 = PRODUCT_DEFINITION_SHAPE('Placement','Placement of an item',
  #13632);
#13632 = NEXT_ASSEMBLY_USAGE_OCCURRENCE('12','=>[0:1:1:13]','',#8987,
  #9010,$);
#13633 = PRODUCT_RELATED_PRODUCT_CATEGORY('part',$,(#9012));
#13634 = SHAPE_DEFINITION_REPRESENTATION(#13635,#13641);
#13635 = PRODUCT_DEFINITION_SHAPE('','',#13636);
#13636 = PRODUCT_DEFINITION('design','',#13637,#13640);
#13637 = PRODUCT_DEFINITION_FORMATION('','',#13638);
#13638 = PRODUCT('MQ-8 gas sensor','MQ-8 gas sensor','',(#13639));
#13639 = PRODUCT_CONTEXT('',#2,'mechanical');
#13640 = PRODUCT_DEFINITION_CONTEXT('part definition',#2,'design');
#13641 = SHAPE_REPRESENTATION('',(#11,#13642),#13646);
#13642 = AXIS2_PLACEMENT_3D('',#13643,#13644,#13645);
#13643 = CARTESIAN_POINT('',(0.,0.,0.));
#13644 = DIRECTION('',(0.,0.,1.));
#13645 = DIRECTION('',(1.,0.,-0.));
#13646 = ( GEOMETRIC_REPRESENTATION_CONTEXT(3) 
GLOBAL_UNCERTAINTY_ASSIGNED_CONTEXT((#13650)) 
GLOBAL_UNIT_ASSIGNED_CONTEXT((#13647,#13648,#13649)) 
REPRESENTATION_CONTEXT('Context #1',
  '3D Context with UNIT and UNCERTAINTY') );
#13647 = ( LENGTH_UNIT() NAMED_UNIT(*) SI_UNIT(.MILLI.,.METRE.) );
#13648 = ( NAMED_UNIT(*) PLANE_ANGLE_UNIT() SI_UNIT($,.RADIAN.) );
#13649 = ( NAMED_UNIT(*) SI_UNIT($,.STERADIAN.) SOLID_ANGLE_UNIT() );
#13650 = UNCERTAINTY_MEASURE_WITH_UNIT(LENGTH_MEASURE(1.E-07),#13647,
  'distance_accuracy_value','confusion accuracy');
#13651 = CONTEXT_DEPENDENT_SHAPE_REPRESENTATION(#13652,#13654);
#13652 = ( REPRESENTATION_RELATIONSHIP('','',#13641,#10) 
REPRESENTATION_RELATIONSHIP_WITH_TRANSFORMATION(#13653) 
SHAPE_REPRESENTATION_RELATIONSHIP() );
#13653 = ITEM_DEFINED_TRANSFORMATION('','',#11,#43);
#13654 = PRODUCT_DEFINITION_SHAPE('Placement','Placement of an item',
  #13655);
#13655 = NEXT_ASSEMBLY_USAGE_OCCURRENCE('15','MQ-1','',#5,#13636,$);
#13656 = PRODUCT_RELATED_PRODUCT_CATEGORY('part',$,(#13638));
#13657 = SHAPE_DEFINITION_REPRESENTATION(#13658,#13664);
#13658 = PRODUCT_DEFINITION_SHAPE('','',#13659);
#13659 = PRODUCT_DEFINITION('design','',#13660,#13663);
#13660 = PRODUCT_DEFINITION_FORMATION('','',#13661);
#13661 = PRODUCT('Document','Document','',(#13662));
#13662 = PRODUCT_CONTEXT('',#2,'mechanical');
#13663 = PRODUCT_DEFINITION_CONTEXT('part definition',#2,'design');
#13664 = SHAPE_REPRESENTATION('',(#11,#13665,#13794,#14185,#14209,#14233
    ,#14257,#14281,#14305,#14329,#14353,#14440,#14527,#14614,#14701,
    #14788,#14875,#14962,#15049,#15136,#15223,#15310),#15397);
#13665 = MANIFOLD_SOLID_BREP('',#13666);
#13666 = CLOSED_SHELL('',(#13667,#13689,#13732,#13754));
#13667 = ADVANCED_FACE('',(#13668),#13684,.T.);
#13668 = FACE_BOUND('',#13669,.T.);
#13669 = EDGE_LOOP('',(#13670));
#13670 = ORIENTED_EDGE('',*,*,#13671,.F.);
#13671 = EDGE_CURVE('',#13672,#13672,#13674,.T.);
#13672 = VERTEX_POINT('',#13673);
#13673 = CARTESIAN_POINT('',(7.109611796798,-1.10972017081E-16,7.));
#13674 = ( BOUNDED_CURVE() B_SPLINE_CURVE(2,(#13675,#13676,#13677,#13678
    ,#13679,#13680,#13681,#13682,#13683),.UNSPECIFIED.,.T.,.F.) 
B_SPLINE_CURVE_WITH_KNOTS((1,2,2,2,2,2,1),(-11.16775209534,0.,
    11.167752095348,22.335504190695,33.503256286043,44.671008381391,
55.838760476738),.UNSPECIFIED.) CURVE() GEOMETRIC_REPRESENTATION_ITEM() 
RATIONAL_B_SPLINE_CURVE((1.,0.707106781187,1.,0.707106781187,1.,
0.707106781187,1.,0.707106781187,1.)) REPRESENTATION_ITEM('') );
#13675 = CARTESIAN_POINT('',(7.109611796798,9.338395825344E-16,7.));
#13676 = CARTESIAN_POINT('',(7.109611796798,7.109611796798,7.));
#13677 = CARTESIAN_POINT('',(1.242851249998E-15,7.109611796798,7.));
#13678 = CARTESIAN_POINT('',(-7.109611796798,7.109611796798,7.));
#13679 = CARTESIAN_POINT('',(-7.109611796798,1.678189416504E-15,7.));
#13680 = CARTESIAN_POINT('',(-7.109611796798,-7.109611796798,7.));
#13681 = CARTESIAN_POINT('',(-2.113527583011E-15,-7.109611796798,7.));
#13682 = CARTESIAN_POINT('',(7.109611796798,-7.109611796798,7.));
#13683 = CARTESIAN_POINT('',(7.109611796798,9.338395825344E-16,7.));
#13684 = PLANE('',#13685);
#13685 = AXIS2_PLACEMENT_3D('',#13686,#13687,#13688);
#13686 = CARTESIAN_POINT('',(-7.251804032734,-7.251804032734,7.));
#13687 = DIRECTION('',(0.,0.,-1.));
#13688 = DIRECTION('',(-1.,0.,-0.));
#13689 = ADVANCED_FACE('',(#13690),#13713,.T.);
#13690 = FACE_BOUND('',#13691,.T.);
#13691 = EDGE_LOOP('',(#13692,#13699,#13700,#13701));
#13692 = ORIENTED_EDGE('',*,*,#13693,.F.);
#13693 = EDGE_CURVE('',#13672,#13694,#13696,.T.);
#13694 = VERTEX_POINT('',#13695);
#13695 = CARTESIAN_POINT('',(5.298977890605,-1.945438501505E-15,
    14.242535624771));
#13696 = B_SPLINE_CURVE_WITH_KNOTS('',1,(#13697,#13698),.UNSPECIFIED.,
  .F.,.F.,(2,2),(2.061552812809,9.526987657366),
  .PIECEWISE_BEZIER_KNOTS.);
#13697 = CARTESIAN_POINT('',(7.109611796798,-1.10972017081E-16,7.));
#13698 = CARTESIAN_POINT('',(5.298977890605,-1.945438501505E-15,
    14.242535624771));
#13699 = ORIENTED_EDGE('',*,*,#13671,.T.);
#13700 = ORIENTED_EDGE('',*,*,#13693,.T.);
#13701 = ORIENTED_EDGE('',*,*,#13702,.F.);
#13702 = EDGE_CURVE('',#13694,#13694,#13703,.T.);
#13703 = ( BOUNDED_CURVE() B_SPLINE_CURVE(2,(#13704,#13705,#13706,#13707
    ,#13708,#13709,#13710,#13711,#13712),.UNSPECIFIED.,.T.,.F.) 
B_SPLINE_CURVE_WITH_KNOTS((1,2,2,2,2,2,1),(-6.799546942542,0.,
    6.799546942542,13.599093885084,20.398640827626,27.198187770168,
33.99773471271),.UNSPECIFIED.) CURVE() GEOMETRIC_REPRESENTATION_ITEM() 
RATIONAL_B_SPLINE_CURVE((1.,0.707106781187,1.,0.707106781187,1.,
0.707106781187,1.,0.707106781187,1.)) REPRESENTATION_ITEM('') );
#13704 = CARTESIAN_POINT('',(5.298977890605,9.338395825344E-16,
    14.242535624771));
#13705 = CARTESIAN_POINT('',(5.298977890605,5.298977890605,
    14.242535624771));
#13706 = CARTESIAN_POINT('',(6.885044955861E-16,5.298977890605,
    14.242535624771));
#13707 = CARTESIAN_POINT('',(-5.298977890605,5.298977890605,
    14.242535624771));
#13708 = CARTESIAN_POINT('',(-5.298977890605,1.01297331121E-15,
    14.242535624771));
#13709 = CARTESIAN_POINT('',(-5.298977890605,-5.298977890605,
    14.242535624771));
#13710 = CARTESIAN_POINT('',(-1.337442126834E-15,-5.298977890605,
    14.242535624771));
#13711 = CARTESIAN_POINT('',(5.298977890605,-5.298977890605,
    14.242535624771));
#13712 = CARTESIAN_POINT('',(5.298977890605,9.338395825344E-16,
    14.242535624771));
#13713 = ( BOUNDED_SURFACE() B_SPLINE_SURFACE(2,1,(
    (#13714,#13715)
    ,(#13716,#13717)
    ,(#13718,#13719)
    ,(#13720,#13721)
    ,(#13722,#13723)
    ,(#13724,#13725)
    ,(#13726,#13727)
    ,(#13728,#13729)
    ,(#13730,#13731
)),.UNSPECIFIED.,.T.,.F.,.F.) B_SPLINE_SURFACE_WITH_KNOTS((1,2,2,2,2,2,1
    ),(2,2),(-11.16775209534,0.,11.167752095348,22.335504190695,
    33.503256286043,44.671008381391,55.838760476738),(2.061552812809,
10.307764064044),.UNSPECIFIED.) GEOMETRIC_REPRESENTATION_ITEM() 
RATIONAL_B_SPLINE_SURFACE((
    (1.,1.)
    ,(0.707106781187,0.707106781187)
    ,(1.,1.)
    ,(0.707106781187,0.707106781187)
    ,(1.,1.)
    ,(0.707106781187,0.707106781187)
    ,(1.,1.)
    ,(0.707106781187,0.707106781187)
,(1.,1.))) REPRESENTATION_ITEM('') SURFACE() );
#13714 = CARTESIAN_POINT('',(7.109611796798,9.338395825344E-16,7.));
#13715 = CARTESIAN_POINT('',(5.109611796798,9.338395825344E-16,15.));
#13716 = CARTESIAN_POINT('',(7.109611796798,7.109611796798,7.));
#13717 = CARTESIAN_POINT('',(5.109611796798,5.109611796798,15.));
#13718 = CARTESIAN_POINT('',(-4.98501416028E-16,7.109611796798,7.));
#13719 = CARTESIAN_POINT('',(-6.209660959427E-16,5.109611796798,15.));
#13720 = CARTESIAN_POINT('',(-7.109611796798,7.109611796798,7.));
#13721 = CARTESIAN_POINT('',(-5.109611796798,5.109611796798,15.));
#13722 = CARTESIAN_POINT('',(-7.109611796798,-6.316324952153E-17,7.));
#13723 = CARTESIAN_POINT('',(-5.109611796798,-3.08092609351E-16,15.));
#13724 = CARTESIAN_POINT('',(-7.109611796798,-7.109611796798,7.));
#13725 = CARTESIAN_POINT('',(-5.109611796798,-5.109611796798,15.));
#13726 = CARTESIAN_POINT('',(-3.721749169849E-16,-7.109611796798,7.));
#13727 = CARTESIAN_POINT('',(-4.780877240694E-18,-5.109611796798,15.));
#13728 = CARTESIAN_POINT('',(7.109611796798,-7.109611796798,7.));
#13729 = CARTESIAN_POINT('',(5.109611796798,-5.109611796798,15.));
#13730 = CARTESIAN_POINT('',(7.109611796798,9.338395825344E-16,7.));
#13731 = CARTESIAN_POINT('',(5.109611796798,9.338395825344E-16,15.));
#13732 = ADVANCED_FACE('',(#13733),#13749,.T.);
#13733 = FACE_BOUND('',#13734,.T.);
#13734 = EDGE_LOOP('',(#13735));
#13735 = ORIENTED_EDGE('',*,*,#13736,.T.);
#13736 = EDGE_CURVE('',#13737,#13737,#13739,.T.);
#13737 = VERTEX_POINT('',#13738);
#13738 = CARTESIAN_POINT('',(4.328835390776,-4.972731075198E-16,15.));
#13739 = ( BOUNDED_CURVE() B_SPLINE_CURVE(2,(#13740,#13741,#13742,#13743
    ,#13744,#13745,#13746,#13747,#13748),.UNSPECIFIED.,.T.,.F.) 
B_SPLINE_CURVE_WITH_KNOTS((1,2,2,2,2,2,1),(-6.799546942542,0.,
    6.799546942542,13.599093885084,20.398640827626,27.198187770168,
33.99773471271),.UNSPECIFIED.) CURVE() GEOMETRIC_REPRESENTATION_ITEM() 
RATIONAL_B_SPLINE_CURVE((1.,0.707106781187,1.,0.707106781187,1.,
0.707106781187,1.,0.707106781187,1.)) REPRESENTATION_ITEM('') );
#13740 = CARTESIAN_POINT('',(4.328835390776,1.388822211222E-16,15.));
#13741 = CARTESIAN_POINT('',(4.328835390776,4.328835390776,15.));
#13742 = CARTESIAN_POINT('',(1.261824991453E-16,4.328835390776,15.));
#13743 = CARTESIAN_POINT('',(-4.328835390776,4.328835390776,15.));
#13744 = CARTESIAN_POINT('',(-4.328835390776,3.912472194128E-16,15.));
#13745 = CARTESIAN_POINT('',(-4.328835390776,-4.328835390776,15.));
#13746 = CARTESIAN_POINT('',(-6.563119396802E-16,-4.328835390776,15.));
#13747 = CARTESIAN_POINT('',(4.328835390776,-4.328835390776,15.));
#13748 = CARTESIAN_POINT('',(4.328835390776,1.388822211222E-16,15.));
#13749 = PLANE('',#13750);
#13750 = AXIS2_PLACEMENT_3D('',#13751,#13752,#13753);
#13751 = CARTESIAN_POINT('',(-5.211804032734,-5.211804032734,15.));
#13752 = DIRECTION('',(0.,0.,1.));
#13753 = DIRECTION('',(1.,0.,-0.));
#13754 = ADVANCED_FACE('',(#13755),#13766,.T.);
#13755 = FACE_BOUND('',#13756,.T.);
#13756 = EDGE_LOOP('',(#13757,#13758,#13764,#13765));
#13757 = ORIENTED_EDGE('',*,*,#13702,.T.);
#13758 = ORIENTED_EDGE('',*,*,#13759,.T.);
#13759 = EDGE_CURVE('',#13694,#13737,#13760,.T.);
#13760 = ( BOUNDED_CURVE() B_SPLINE_CURVE(2,(#13761,#13762,#13763),
.UNSPECIFIED.,.F.,.F.) B_SPLINE_CURVE_WITH_KNOTS((3,3),(0.,1.),
.PIECEWISE_BEZIER_KNOTS.) CURVE() GEOMETRIC_REPRESENTATION_ITEM() 
RATIONAL_B_SPLINE_CURVE((1.,0.788205437745,1.)) REPRESENTATION_ITEM('') 
  );
#13761 = CARTESIAN_POINT('',(5.298977890605,-1.945438501505E-15,
    14.242535624771));
#13762 = CARTESIAN_POINT('',(5.109611797271,-2.853597623228E-15,
    14.999999999929));
#13763 = CARTESIAN_POINT('',(4.328835390776,-4.972731075198E-16,15.));
#13764 = ORIENTED_EDGE('',*,*,#13736,.F.);
#13765 = ORIENTED_EDGE('',*,*,#13759,.F.);
#13766 = ( BOUNDED_SURFACE() B_SPLINE_SURFACE(2,2,(
    (#13767,#13768,#13769)
    ,(#13770,#13771,#13772)
    ,(#13773,#13774,#13775)
    ,(#13776,#13777,#13778)
    ,(#13779,#13780,#13781)
    ,(#13782,#13783,#13784)
    ,(#13785,#13786,#13787)
    ,(#13788,#13789,#13790)
    ,(#13791,#13792,#13793
)),.UNSPECIFIED.,.T.,.F.,.F.) B_SPLINE_SURFACE_WITH_KNOTS((1,2,2,2,2,2,1
    ),(3,3),(-6.799546942542,0.,6.799546942542,13.599093885084,
    20.398640827626,27.198187770168,33.99773471271),(0.,1.),
.UNSPECIFIED.) GEOMETRIC_REPRESENTATION_ITEM() RATIONAL_B_SPLINE_SURFACE
((
    (1.,0.788205437745,1.)
    ,(0.707106781187,0.557345409997,0.707106781187)
    ,(1.,0.788205437745,1.)
    ,(0.707106781187,0.557345409997,0.707106781187)
    ,(1.,0.788205437745,1.)
    ,(0.707106781187,0.557345409997,0.707106781187)
    ,(1.,0.788205437745,1.)
    ,(0.707106781187,0.557345409997,0.707106781187)
,(1.,0.788205437745,1.))) REPRESENTATION_ITEM('') SURFACE() );
#13767 = CARTESIAN_POINT('',(5.298977890605,-3.366192216241E-15,
    14.242535624771));
#13768 = CARTESIAN_POINT('',(5.109611797271,-3.245896816275E-15,
    14.999999999929));
#13769 = CARTESIAN_POINT('',(4.328835390776,1.388822211222E-16,15.));
#13770 = CARTESIAN_POINT('',(5.298977890605,5.298977890605,
    14.242535624771));
#13771 = CARTESIAN_POINT('',(5.109611797271,5.109611797271,
    14.999999999929));
#13772 = CARTESIAN_POINT('',(4.328835390776,4.328835390776,15.));
#13773 = CARTESIAN_POINT('',(3.690661031865E-15,5.298977890605,
    14.242535624771));
#13774 = CARTESIAN_POINT('',(3.558770302896E-15,5.109611797271,
    14.999999999929));
#13775 = CARTESIAN_POINT('',(1.261824991453E-16,4.328835390776,15.));
#13776 = CARTESIAN_POINT('',(-5.298977890605,5.298977890605,
    14.242535624771));
#13777 = CARTESIAN_POINT('',(-5.109611797271,5.109611797271,
    14.999999999929));
#13778 = CARTESIAN_POINT('',(-4.328835390776,4.328835390776,15.));
#13779 = CARTESIAN_POINT('',(-5.298977890605,4.01512984749E-15,
    14.242535624771));
#13780 = CARTESIAN_POINT('',(-5.109611797271,3.871643789516E-15,
    14.999999999929));
#13781 = CARTESIAN_POINT('',(-4.328835390776,3.912472194128E-16,15.));
#13782 = CARTESIAN_POINT('',(-5.298977890605,-5.298977890605,
    14.242535624771));
#13783 = CARTESIAN_POINT('',(-5.109611797271,-5.109611797271,
    14.999999999929));
#13784 = CARTESIAN_POINT('',(-4.328835390776,-4.328835390776,15.));
#13785 = CARTESIAN_POINT('',(-4.339598663114E-15,-5.298977890605,
    14.242535624771));
#13786 = CARTESIAN_POINT('',(-4.184517276137E-15,-5.109611797271,
    14.999999999929));
#13787 = CARTESIAN_POINT('',(-6.563119396802E-16,-4.328835390776,15.));
#13788 = CARTESIAN_POINT('',(5.298977890605,-5.298977890605,
    14.242535624771));
#13789 = CARTESIAN_POINT('',(5.109611797271,-5.109611797271,
    14.999999999929));
#13790 = CARTESIAN_POINT('',(4.328835390776,-4.328835390776,15.));
#13791 = CARTESIAN_POINT('',(5.298977890605,-3.366192216241E-15,
    14.242535624771));
#13792 = CARTESIAN_POINT('',(5.109611797271,-3.245896816275E-15,
    14.999999999929));
#13793 = CARTESIAN_POINT('',(4.328835390776,1.388822211222E-16,15.));
#13794 = SHELL_BASED_SURFACE_MODEL('',(#13795));
#13795 = OPEN_SHELL('',(#13796,#13862,#13891,#13944,#13969,#14022,#14065
    ,#14118,#14147,#14156));
#13796 = ADVANCED_FACE('',(#13797),#13834,.T.);
#13797 = FACE_BOUND('',#13798,.T.);
#13798 = EDGE_LOOP('',(#13799,#13809,#13821,#13822));
#13799 = ORIENTED_EDGE('',*,*,#13800,.T.);
#13800 = EDGE_CURVE('',#13801,#13803,#13805,.T.);
#13801 = VERTEX_POINT('',#13802);
#13802 = CARTESIAN_POINT('',(9.5,6.36825223156E-17,1.));
#13803 = VERTEX_POINT('',#13804);
#13804 = CARTESIAN_POINT('',(8.5,-5.012550523952E-16,0.));
#13805 = ( BOUNDED_CURVE() B_SPLINE_CURVE(2,(#13806,#13807,#13808),
.UNSPECIFIED.,.F.,.F.) B_SPLINE_CURVE_WITH_KNOTS((3,3),(0.,
1.570796330621),.PIECEWISE_BEZIER_KNOTS.) CURVE() 
GEOMETRIC_REPRESENTATION_ITEM() RATIONAL_B_SPLINE_CURVE((1.,
0.707106781187,1.)) REPRESENTATION_ITEM('') );
#13806 = CARTESIAN_POINT('',(9.5,6.36825223156E-17,1.));
#13807 = CARTESIAN_POINT('',(9.5,-2.167611503092E-16,-1.665334536938E-16
    ));
#13808 = CARTESIAN_POINT('',(8.5,-5.012550523952E-16,0.));
#13809 = ORIENTED_EDGE('',*,*,#13810,.T.);
#13810 = EDGE_CURVE('',#13803,#13803,#13811,.T.);
#13811 = ( BOUNDED_CURVE() B_SPLINE_CURVE(2,(#13812,#13813,#13814,#13815
    ,#13816,#13817,#13818,#13819,#13820),.UNSPECIFIED.,.T.,.F.) 
B_SPLINE_CURVE_WITH_KNOTS((1,2,2,2,2,2,1),(-13.35143145041,0.,
    13.351431450413,26.702862900826,40.05429435124,53.405725801653,
66.757157252066),.UNSPECIFIED.) CURVE() GEOMETRIC_REPRESENTATION_ITEM() 
RATIONAL_B_SPLINE_CURVE((1.,0.707106781187,1.,0.707106781187,1.,
0.707106781187,1.,0.707106781187,1.)) REPRESENTATION_ITEM('') );
#13812 = CARTESIAN_POINT('',(8.5,1.2331481517E-16,0.));
#13813 = CARTESIAN_POINT('',(8.5,8.5,0.));
#13814 = CARTESIAN_POINT('',(1.025197057941E-15,8.5,0.));
#13815 = CARTESIAN_POINT('',(-8.5,8.5,0.));
#13816 = CARTESIAN_POINT('',(-8.5,1.545671947579E-15,0.));
#13817 = CARTESIAN_POINT('',(-8.5,-8.5,0.));
#13818 = CARTESIAN_POINT('',(-1.438109853743E-15,-8.5,0.));
#13819 = CARTESIAN_POINT('',(8.5,-8.5,0.));
#13820 = CARTESIAN_POINT('',(8.5,1.2331481517E-16,0.));
#13821 = ORIENTED_EDGE('',*,*,#13800,.F.);
#13822 = ORIENTED_EDGE('',*,*,#13823,.F.);
#13823 = EDGE_CURVE('',#13801,#13801,#13824,.T.);
#13824 = ( BOUNDED_CURVE() B_SPLINE_CURVE(2,(#13825,#13826,#13827,#13828
    ,#13829,#13830,#13831,#13832,#13833),.UNSPECIFIED.,.T.,.F.) 
B_SPLINE_CURVE_WITH_KNOTS((1,2,2,2,2,2,1),(-13.35143145041,0.,
    13.351431450413,26.702862900826,40.05429435124,53.405725801653,
66.757157252066),.UNSPECIFIED.) CURVE() GEOMETRIC_REPRESENTATION_ITEM() 
RATIONAL_B_SPLINE_CURVE((1.,0.707106781187,1.,0.707106781187,1.,
0.707106781187,1.,0.707106781187,1.)) REPRESENTATION_ITEM('') );
#13825 = CARTESIAN_POINT('',(9.5,1.273650446312E-16,1.));
#13826 = CARTESIAN_POINT('',(9.5,9.5,1.));
#13827 = CARTESIAN_POINT('',(1.082379168437E-15,9.5,1.));
#13828 = CARTESIAN_POINT('',(-9.5,9.5,1.));
#13829 = CARTESIAN_POINT('',(-9.5,1.664086398032E-15,1.));
#13830 = CARTESIAN_POINT('',(-9.5,-9.5,1.));
#13831 = CARTESIAN_POINT('',(-1.617756644154E-15,-9.5,1.));
#13832 = CARTESIAN_POINT('',(9.5,-9.5,1.));
#13833 = CARTESIAN_POINT('',(9.5,1.273650446312E-16,1.));
#13834 = ( BOUNDED_SURFACE() B_SPLINE_SURFACE(2,2,(
    (#13835,#13836,#13837,#13838,#13839,#13840,#13841,#13842,#13843)
    ,(#13844,#13845,#13846,#13847,#13848,#13849,#13850,#13851,#13852)
    ,(#13853,#13854,#13855,#13856,#13857,#13858,#13859,#13860,#13861
)),.UNSPECIFIED.,.F.,.T.,.F.) B_SPLINE_SURFACE_WITH_KNOTS((3,3),(1,2,2,2
    ,2,2,1),(0.,1.570796330621),(-13.35143145041,0.,13.351431450413,
    26.702862900826,40.05429435124,53.405725801653,66.757157252066),
.UNSPECIFIED.) GEOMETRIC_REPRESENTATION_ITEM() RATIONAL_B_SPLINE_SURFACE
((
    (1.,0.707106781187,1.,0.707106781187,1.,0.707106781187,1.
      ,0.707106781187,1.)
    ,(0.707106781187,0.5,0.707106781187,0.5,0.707106781187,0.5
      ,0.707106781187,0.5,0.707106781187)
    ,(1.,0.707106781187,1.,0.707106781187,1.,0.707106781187,1.
,0.707106781187,1.))) REPRESENTATION_ITEM('') SURFACE() );
#13835 = CARTESIAN_POINT('',(9.5,1.273650446312E-16,1.));
#13836 = CARTESIAN_POINT('',(9.5,9.5,1.));
#13837 = CARTESIAN_POINT('',(1.082379168437E-15,9.5,1.));
#13838 = CARTESIAN_POINT('',(-9.5,9.5,1.));
#13839 = CARTESIAN_POINT('',(-9.5,1.664086398032E-15,1.));
#13840 = CARTESIAN_POINT('',(-9.5,-9.5,1.));
#13841 = CARTESIAN_POINT('',(-1.617756644154E-15,-9.5,1.));
#13842 = CARTESIAN_POINT('',(9.5,-9.5,1.));
#13843 = CARTESIAN_POINT('',(9.5,1.273650446312E-16,1.));
#13844 = CARTESIAN_POINT('',(9.5,1.273650446312E-16,0.));
#13845 = CARTESIAN_POINT('',(9.5,9.5,0.));
#13846 = CARTESIAN_POINT('',(1.082379168437E-15,9.5,0.));
#13847 = CARTESIAN_POINT('',(-9.5,9.5,0.));
#13848 = CARTESIAN_POINT('',(-9.5,1.664086398032E-15,0.));
#13849 = CARTESIAN_POINT('',(-9.5,-9.5,0.));
#13850 = CARTESIAN_POINT('',(-1.617756644154E-15,-9.5,0.));
#13851 = CARTESIAN_POINT('',(9.5,-9.5,0.));
#13852 = CARTESIAN_POINT('',(9.5,1.273650446312E-16,0.));
#13853 = CARTESIAN_POINT('',(8.5,1.2331481517E-16,0.));
#13854 = CARTESIAN_POINT('',(8.5,8.5,0.));
#13855 = CARTESIAN_POINT('',(1.025197057941E-15,8.5,0.));
#13856 = CARTESIAN_POINT('',(-8.5,8.5,0.));
#13857 = CARTESIAN_POINT('',(-8.5,1.545671947579E-15,0.));
#13858 = CARTESIAN_POINT('',(-8.5,-8.5,0.));
#13859 = CARTESIAN_POINT('',(-1.438109853743E-15,-8.5,0.));
#13860 = CARTESIAN_POINT('',(8.5,-8.5,0.));
#13861 = CARTESIAN_POINT('',(8.5,1.2331481517E-16,0.));
#13862 = ADVANCED_FACE('',(#13863),#13886,.T.);
#13863 = FACE_BOUND('',#13864,.T.);
#13864 = EDGE_LOOP('',(#13865,#13872,#13873,#13874));
#13865 = ORIENTED_EDGE('',*,*,#13866,.F.);
#13866 = EDGE_CURVE('',#13801,#13867,#13869,.T.);
#13867 = VERTEX_POINT('',#13868);
#13868 = CARTESIAN_POINT('',(9.5,9.632698216849E-15,4.5));
#13869 = B_SPLINE_CURVE_WITH_KNOTS('',1,(#13870,#13871),.UNSPECIFIED.,
  .F.,.F.,(2,2),(1.,4.5),.PIECEWISE_BEZIER_KNOTS.);
#13870 = CARTESIAN_POINT('',(9.5,6.36825223156E-17,1.));
#13871 = CARTESIAN_POINT('',(9.5,9.632698216849E-15,4.5));
#13872 = ORIENTED_EDGE('',*,*,#13823,.T.);
#13873 = ORIENTED_EDGE('',*,*,#13866,.T.);
#13874 = ORIENTED_EDGE('',*,*,#13875,.F.);
#13875 = EDGE_CURVE('',#13867,#13867,#13876,.T.);
#13876 = ( BOUNDED_CURVE() B_SPLINE_CURVE(2,(#13877,#13878,#13879,#13880
    ,#13881,#13882,#13883,#13884,#13885),.UNSPECIFIED.,.T.,.F.) 
B_SPLINE_CURVE_WITH_KNOTS((1,2,2,2,2,2,1),(-14.13680977102,0.,
    14.136809771026,28.273619542051,42.410429313077,56.547239084103,
70.684048855129),.UNSPECIFIED.) CURVE() GEOMETRIC_REPRESENTATION_ITEM() 
RATIONAL_B_SPLINE_CURVE((1.,0.707106781187,1.,0.707106781187,1.,
0.707106781187,1.,0.707106781187,1.)) REPRESENTATION_ITEM('') );
#13877 = CARTESIAN_POINT('',(9.5,1.925743611841E-14,4.5));
#13878 = CARTESIAN_POINT('',(9.5,9.5,4.5));
#13879 = CARTESIAN_POINT('',(-1.804769190534E-14,9.5,4.5));
#13880 = CARTESIAN_POINT('',(-9.5,9.5,4.5));
#13881 = CARTESIAN_POINT('',(-9.5,-1.746598467575E-14,4.5));
#13882 = CARTESIAN_POINT('',(-9.5,-9.5,4.5));
#13883 = CARTESIAN_POINT('',(1.751231442962E-14,-9.5,4.5));
#13884 = CARTESIAN_POINT('',(9.5,-9.5,4.5));
#13885 = CARTESIAN_POINT('',(9.5,1.925743611841E-14,4.5));
#13886 = CYLINDRICAL_SURFACE('',#13887,9.5);
#13887 = AXIS2_PLACEMENT_3D('',#13888,#13889,#13890);
#13888 = CARTESIAN_POINT('',(3.140184917368E-16,3.140184917368E-16,2.5)
  );
#13889 = DIRECTION('',(0.,0.,1.));
#13890 = DIRECTION('',(1.,0.,-0.));
#13891 = ADVANCED_FACE('',(#13892),#13916,.T.);
#13892 = FACE_BOUND('',#13893,.T.);
#13893 = EDGE_LOOP('',(#13894,#13895,#13903,#13915));
#13894 = ORIENTED_EDGE('',*,*,#13875,.T.);
#13895 = ORIENTED_EDGE('',*,*,#13896,.T.);
#13896 = EDGE_CURVE('',#13867,#13897,#13899,.T.);
#13897 = VERTEX_POINT('',#13898);
#13898 = CARTESIAN_POINT('',(9.,-1.260961161964E-15,5.));
#13899 = ( BOUNDED_CURVE() B_SPLINE_CURVE(2,(#13900,#13901,#13902),
.UNSPECIFIED.,.F.,.F.) B_SPLINE_CURVE_WITH_KNOTS((3,3),(0.,1.),
.PIECEWISE_BEZIER_KNOTS.) CURVE() GEOMETRIC_REPRESENTATION_ITEM() 
RATIONAL_B_SPLINE_CURVE((1.,0.707106781187,1.)) REPRESENTATION_ITEM('') 
  );
#13900 = CARTESIAN_POINT('',(9.5,9.632698216849E-15,4.5));
#13901 = CARTESIAN_POINT('',(9.5,1.378375789609E-14,5.));
#13902 = CARTESIAN_POINT('',(9.,-1.260961161964E-15,5.));
#13903 = ORIENTED_EDGE('',*,*,#13904,.F.);
#13904 = EDGE_CURVE('',#13897,#13897,#13905,.T.);
#13905 = ( BOUNDED_CURVE() B_SPLINE_CURVE(2,(#13906,#13907,#13908,#13909
    ,#13910,#13911,#13912,#13913,#13914),.UNSPECIFIED.,.T.,.F.) 
B_SPLINE_CURVE_WITH_KNOTS((1,2,2,2,2,2,1),(-14.13680977102,0.,
    14.136809771026,28.273619542051,42.410429313077,56.547239084103,
70.684048855129),.UNSPECIFIED.) CURVE() GEOMETRIC_REPRESENTATION_ITEM() 
RATIONAL_B_SPLINE_CURVE((1.,0.707106781187,1.,0.707106781187,1.,
0.707106781187,1.,0.707106781187,1.)) REPRESENTATION_ITEM('') );
#13906 = CARTESIAN_POINT('',(9.,6.165738111521E-17,5.));
#13907 = CARTESIAN_POINT('',(9.,9.,5.));
#13908 = CARTESIAN_POINT('',(1.117470661975E-15,9.,5.));
#13909 = CARTESIAN_POINT('',(-9.,9.,5.));
#13910 = CARTESIAN_POINT('',(-9.,1.668561721591E-15,5.));
#13911 = CARTESIAN_POINT('',(-9.,-9.,5.));
#13912 = CARTESIAN_POINT('',(-1.591615797734E-15,-9.,5.));
#13913 = CARTESIAN_POINT('',(9.,-9.,5.));
#13914 = CARTESIAN_POINT('',(9.,6.165738111521E-17,5.));
#13915 = ORIENTED_EDGE('',*,*,#13896,.F.);
#13916 = ( BOUNDED_SURFACE() B_SPLINE_SURFACE(2,2,(
    (#13917,#13918,#13919)
    ,(#13920,#13921,#13922)
    ,(#13923,#13924,#13925)
    ,(#13926,#13927,#13928)
    ,(#13929,#13930,#13931)
    ,(#13932,#13933,#13934)
    ,(#13935,#13936,#13937)
    ,(#13938,#13939,#13940)
    ,(#13941,#13942,#13943
)),.UNSPECIFIED.,.T.,.F.,.F.) B_SPLINE_SURFACE_WITH_KNOTS((1,2,2,2,2,2,1
    ),(3,3),(-14.13680977102,0.,14.136809771026,28.273619542051,
    42.410429313077,56.547239084103,70.684048855129),(0.,1.),
.UNSPECIFIED.) GEOMETRIC_REPRESENTATION_ITEM() RATIONAL_B_SPLINE_SURFACE
((
    (1.,0.707106781187,1.)
    ,(0.707106781187,0.5,0.707106781187)
    ,(1.,0.707106781187,1.)
    ,(0.707106781187,0.5,0.707106781187)
    ,(1.,0.707106781187,1.)
    ,(0.707106781187,0.5,0.707106781187)
    ,(1.,0.707106781187,1.)
    ,(0.707106781187,0.5,0.707106781187)
,(1.,0.707106781187,1.))) REPRESENTATION_ITEM('') SURFACE() );
#13917 = CARTESIAN_POINT('',(9.5,1.925743611841E-14,4.5));
#13918 = CARTESIAN_POINT('',(9.5,1.925743611841E-14,5.));
#13919 = CARTESIAN_POINT('',(9.,6.165738111521E-17,5.));
#13920 = CARTESIAN_POINT('',(9.5,9.5,4.5));
#13921 = CARTESIAN_POINT('',(9.5,9.5,5.));
#13922 = CARTESIAN_POINT('',(9.,9.,5.));
#13923 = CARTESIAN_POINT('',(-1.804769190534E-14,9.5,4.5));
#13924 = CARTESIAN_POINT('',(-1.804769190534E-14,9.5,5.));
#13925 = CARTESIAN_POINT('',(1.117470661975E-15,9.,5.));
#13926 = CARTESIAN_POINT('',(-9.5,9.5,4.5));
#13927 = CARTESIAN_POINT('',(-9.5,9.5,5.));
#13928 = CARTESIAN_POINT('',(-9.,9.,5.));
#13929 = CARTESIAN_POINT('',(-9.5,-1.746598467575E-14,4.5));
#13930 = CARTESIAN_POINT('',(-9.5,-1.746598467575E-14,5.));
#13931 = CARTESIAN_POINT('',(-9.,1.668561721591E-15,5.));
#13932 = CARTESIAN_POINT('',(-9.5,-9.5,4.5));
#13933 = CARTESIAN_POINT('',(-9.5,-9.5,5.));
#13934 = CARTESIAN_POINT('',(-9.,-9.,5.));
#13935 = CARTESIAN_POINT('',(1.751231442962E-14,-9.5,4.5));
#13936 = CARTESIAN_POINT('',(1.751231442962E-14,-9.5,5.));
#13937 = CARTESIAN_POINT('',(-1.591615797734E-15,-9.,5.));
#13938 = CARTESIAN_POINT('',(9.5,-9.5,4.5));
#13939 = CARTESIAN_POINT('',(9.5,-9.5,5.));
#13940 = CARTESIAN_POINT('',(9.,-9.,5.));
#13941 = CARTESIAN_POINT('',(9.5,1.925743611841E-14,4.5));
#13942 = CARTESIAN_POINT('',(9.5,1.925743611841E-14,5.));
#13943 = CARTESIAN_POINT('',(9.,6.165738111521E-17,5.));
#13944 = ADVANCED_FACE('',(#13945,#13948),#13964,.T.);
#13945 = FACE_BOUND('',#13946,.T.);
#13946 = EDGE_LOOP('',(#13947));
#13947 = ORIENTED_EDGE('',*,*,#13904,.T.);
#13948 = FACE_BOUND('',#13949,.T.);
#13949 = EDGE_LOOP('',(#13950));
#13950 = ORIENTED_EDGE('',*,*,#13951,.T.);
#13951 = EDGE_CURVE('',#13952,#13952,#13954,.T.);
#13952 = VERTEX_POINT('',#13953);
#13953 = CARTESIAN_POINT('',(8.390388207356,2.775701982336E-11,5.));
#13954 = ( BOUNDED_CURVE() B_SPLINE_CURVE(2,(#13955,#13956,#13957,#13958
    ,#13959,#13960,#13961,#13962,#13963),.UNSPECIFIED.,.T.,.F.) 
B_SPLINE_CURVE_WITH_KNOTS((1,2,2,2,2,2,1),(-13.17925799265,0.,
    13.179257992651,26.358515985302,39.537773977953,52.717031970604,
65.896289963255),.UNSPECIFIED.) CURVE() GEOMETRIC_REPRESENTATION_ITEM() 
RATIONAL_B_SPLINE_CURVE((1.,0.707106781187,1.,0.707106781187,1.,
0.707106781187,1.,0.707106781187,1.)) REPRESENTATION_ITEM('') );
#13955 = CARTESIAN_POINT('',(8.390388207356,2.775578679191E-11,5.));
#13956 = CARTESIAN_POINT('',(8.390388207384,-8.390388207328,5.));
#13957 = CARTESIAN_POINT('',(2.775630055501E-11,-8.390388207356,5.));
#13958 = CARTESIAN_POINT('',(-8.390388207328,-8.390388207384,5.));
#13959 = CARTESIAN_POINT('',(-8.390388207356,-2.775681431812E-11,5.));
#13960 = CARTESIAN_POINT('',(-8.390388207384,8.390388207328,5.));
#13961 = CARTESIAN_POINT('',(-2.775732808122E-11,8.390388207356,5.));
#13962 = CARTESIAN_POINT('',(8.390388207328,8.390388207384,5.));
#13963 = CARTESIAN_POINT('',(8.390388207356,2.775578679191E-11,5.));
#13964 = PLANE('',#13965);
#13965 = AXIS2_PLACEMENT_3D('',#13966,#13967,#13968);
#13966 = CARTESIAN_POINT('',(-11.875,-11.875,5.));
#13967 = DIRECTION('',(0.,0.,1.));
#13968 = DIRECTION('',(1.,0.,-0.));
#13969 = ADVANCED_FACE('',(#13970),#13994,.T.);
#13970 = FACE_BOUND('',#13971,.T.);
#13971 = EDGE_LOOP('',(#13972,#13986,#13992,#13993));
#13972 = ORIENTED_EDGE('',*,*,#13973,.T.);
#13973 = EDGE_CURVE('',#13974,#13974,#13976,.T.);
#13974 = VERTEX_POINT('',#13975);
#13975 = CARTESIAN_POINT('',(7.905316953591,6.579909897329E-16,
    5.378732185636));
#13976 = ( BOUNDED_CURVE() B_SPLINE_CURVE(2,(#13977,#13978,#13979,#13980
    ,#13981,#13982,#13983,#13984,#13985),.UNSPECIFIED.,.T.,.F.) 
B_SPLINE_CURVE_WITH_KNOTS((1,2,2,2,2,2,1),(-13.17925799265,
    1.027500245572E-15,13.179257992651,26.358515985302,39.537773977953,
52.717031970604,65.896289963255),.UNSPECIFIED.) CURVE() 
GEOMETRIC_REPRESENTATION_ITEM() RATIONAL_B_SPLINE_CURVE((1.,
    0.707106781187,1.,0.707106781187,1.,0.707106781187,1.,0.707106781187
,1.)) REPRESENTATION_ITEM('') );
#13977 = CARTESIAN_POINT('',(7.905316953591,0.,5.378732185636));
#13978 = CARTESIAN_POINT('',(7.905316953591,-7.905316953591,
    5.378732185636));
#13979 = CARTESIAN_POINT('',(4.84061055173E-16,-7.905316953591,
    5.378732185636));
#13980 = CARTESIAN_POINT('',(-7.905316953591,-7.905316953591,
    5.378732185636));
#13981 = CARTESIAN_POINT('',(-7.905316953591,-9.681221103461E-16,
    5.378732185636));
#13982 = CARTESIAN_POINT('',(-7.905316953591,7.905316953591,
    5.378732185636));
#13983 = CARTESIAN_POINT('',(-1.452183165519E-15,7.905316953591,
    5.378732185636));
#13984 = CARTESIAN_POINT('',(7.905316953591,7.905316953591,
    5.378732185636));
#13985 = CARTESIAN_POINT('',(7.905316953591,0.,5.378732185636));
#13986 = ORIENTED_EDGE('',*,*,#13987,.T.);
#13987 = EDGE_CURVE('',#13974,#13952,#13988,.T.);
#13988 = ( BOUNDED_CURVE() B_SPLINE_CURVE(2,(#13989,#13990,#13991),
.UNSPECIFIED.,.F.,.F.) B_SPLINE_CURVE_WITH_KNOTS((3,3),(0.,
0.662908831834),.PIECEWISE_BEZIER_KNOTS.) CURVE() 
GEOMETRIC_REPRESENTATION_ITEM() RATIONAL_B_SPLINE_CURVE((1.,
0.788205446894,1.)) REPRESENTATION_ITEM('') );
#13989 = CARTESIAN_POINT('',(7.905316953591,6.579909897329E-16,
    5.378732185636));
#13990 = CARTESIAN_POINT('',(8.000000004601,1.441324154208E-15,
    4.99999999965));
#13991 = CARTESIAN_POINT('',(8.390388207356,2.775701982336E-11,5.));
#13992 = ORIENTED_EDGE('',*,*,#13951,.F.);
#13993 = ORIENTED_EDGE('',*,*,#13987,.F.);
#13994 = ( BOUNDED_SURFACE() B_SPLINE_SURFACE(2,2,(
    (#13995,#13996,#13997)
    ,(#13998,#13999,#14000)
    ,(#14001,#14002,#14003)
    ,(#14004,#14005,#14006)
    ,(#14007,#14008,#14009)
    ,(#14010,#14011,#14012)
    ,(#14013,#14014,#14015)
    ,(#14016,#14017,#14018)
    ,(#14019,#14020,#14021
)),.UNSPECIFIED.,.T.,.F.,.F.) B_SPLINE_SURFACE_WITH_KNOTS((1,2,2,2,2,2,1
    ),(3,3),(-13.17925799265,0.,13.179257992651,26.358515985302,
    39.537773977953,52.717031970604,65.896289963255),(0.,0.662908831834)
,.UNSPECIFIED.) GEOMETRIC_REPRESENTATION_ITEM() 
RATIONAL_B_SPLINE_SURFACE((
    (1.,0.788205446894,1.)
    ,(0.707106781187,0.557345416467,0.707106781187)
    ,(1.,0.788205446894,1.)
    ,(0.707106781187,0.557345416467,0.707106781187)
    ,(1.,0.788205446894,1.)
    ,(0.707106781187,0.557345416467,0.707106781187)
    ,(1.,0.788205446894,1.)
    ,(0.707106781187,0.557345416467,0.707106781187)
,(1.,0.788205446894,1.))) REPRESENTATION_ITEM('') SURFACE() );
#13995 = CARTESIAN_POINT('',(7.905316953591,9.681221103112E-16,
    5.378732185636));
#13996 = CARTESIAN_POINT('',(8.000000004601,9.798739907914E-16,
    4.99999999965));
#13997 = CARTESIAN_POINT('',(8.390388207356,2.775578679191E-11,5.));
#13998 = CARTESIAN_POINT('',(7.905316953591,-7.905316953591,
    5.378732185636));
#13999 = CARTESIAN_POINT('',(8.000000004601,-8.000000004601,
    4.99999999965));
#14000 = CARTESIAN_POINT('',(8.390388207384,-8.390388207328,5.));
#14001 = CARTESIAN_POINT('',(1.452183165484E-15,-7.905316953591,
    5.378732185636));
#14002 = CARTESIAN_POINT('',(1.469732710732E-15,-8.000000004601,
    4.99999999965));
#14003 = CARTESIAN_POINT('',(2.775630055501E-11,-8.390388207356,5.));
#14004 = CARTESIAN_POINT('',(-7.905316953591,-7.905316953591,
    5.378732185636));
#14005 = CARTESIAN_POINT('',(-8.000000004601,-8.000000004601,
    4.99999999965));
#14006 = CARTESIAN_POINT('',(-8.390388207328,-8.390388207384,5.));
#14007 = CARTESIAN_POINT('',(-7.905316953591,-1.936244220657E-15,
    5.378732185636));
#14008 = CARTESIAN_POINT('',(-8.000000004601,-1.959591430673E-15,
    4.99999999965));
#14009 = CARTESIAN_POINT('',(-8.390388207356,-2.775681431812E-11,5.));
#14010 = CARTESIAN_POINT('',(-7.905316953591,7.905316953591,
    5.378732185636));
#14011 = CARTESIAN_POINT('',(-8.000000004601,8.000000004601,
    4.99999999965));
#14012 = CARTESIAN_POINT('',(-8.390388207384,8.390388207328,5.));
#14013 = CARTESIAN_POINT('',(-2.42030527583E-15,7.905316953591,
    5.378732185636));
#14014 = CARTESIAN_POINT('',(-2.449450150614E-15,8.000000004601,
    4.99999999965));
#14015 = CARTESIAN_POINT('',(-2.775732808122E-11,8.390388207356,5.));
#14016 = CARTESIAN_POINT('',(7.905316953591,7.905316953591,
    5.378732185636));
#14017 = CARTESIAN_POINT('',(8.000000004601,8.000000004601,4.99999999965
    ));
#14018 = CARTESIAN_POINT('',(8.390388207328,8.390388207384,5.));
#14019 = CARTESIAN_POINT('',(7.905316953591,9.681221103112E-16,
    5.378732185636));
#14020 = CARTESIAN_POINT('',(8.000000004601,9.798739907914E-16,
    4.99999999965));
#14021 = CARTESIAN_POINT('',(8.390388207356,2.775578679191E-11,5.));
#14022 = ADVANCED_FACE('',(#14023),#14046,.T.);
#14023 = FACE_BOUND('',#14024,.T.);
#14024 = EDGE_LOOP('',(#14025,#14032,#14044,#14045));
#14025 = ORIENTED_EDGE('',*,*,#14026,.T.);
#14026 = EDGE_CURVE('',#13974,#14027,#14029,.T.);
#14027 = VERTEX_POINT('',#14028);
#14028 = CARTESIAN_POINT('',(7.59468304687,1.210017000779E-15,
    6.621267812518));
#14029 = B_SPLINE_CURVE_WITH_KNOTS('',1,(#14030,#14031),.UNSPECIFIED.,
  .F.,.F.,(2,2),(0.390388201299,1.671164609607),
  .PIECEWISE_BEZIER_KNOTS.);
#14030 = CARTESIAN_POINT('',(7.905316953591,6.579909897329E-16,
    5.378732185636));
#14031 = CARTESIAN_POINT('',(7.59468304687,1.210017000779E-15,
    6.621267812518));
#14032 = ORIENTED_EDGE('',*,*,#14033,.T.);
#14033 = EDGE_CURVE('',#14027,#14027,#14034,.T.);
#14034 = ( BOUNDED_CURVE() B_SPLINE_CURVE(2,(#14035,#14036,#14037,#14038
    ,#14039,#14040,#14041,#14042,#14043),.UNSPECIFIED.,.T.,.F.) 
B_SPLINE_CURVE_WITH_KNOTS((1,2,2,2,2,2,1),(-11.16746994635,
    8.698649683005E-16,11.16746994635,22.3349398927,33.50240983905,
44.6698797854,55.83734973175),.UNSPECIFIED.) CURVE() 
GEOMETRIC_REPRESENTATION_ITEM() RATIONAL_B_SPLINE_CURVE((1.,
    0.707106781187,1.,0.707106781187,1.,0.707106781187,1.,0.707106781187
,1.)) REPRESENTATION_ITEM('') );
#14035 = CARTESIAN_POINT('',(7.59468304687,0.,6.621267812518));
#14036 = CARTESIAN_POINT('',(7.59468304687,-7.59468304687,6.621267812518
    ));
#14037 = CARTESIAN_POINT('',(4.650402141944E-16,-7.59468304687,
    6.621267812518));
#14038 = CARTESIAN_POINT('',(-7.59468304687,-7.59468304687,
    6.621267812518));
#14039 = CARTESIAN_POINT('',(-7.59468304687,-9.300804283889E-16,
    6.621267812518));
#14040 = CARTESIAN_POINT('',(-7.59468304687,7.59468304687,6.621267812518
    ));
#14041 = CARTESIAN_POINT('',(-1.395120642583E-15,7.59468304687,
    6.621267812518));
#14042 = CARTESIAN_POINT('',(7.59468304687,7.59468304687,6.621267812518)
  );
#14043 = CARTESIAN_POINT('',(7.59468304687,0.,6.621267812518));
#14044 = ORIENTED_EDGE('',*,*,#14026,.F.);
#14045 = ORIENTED_EDGE('',*,*,#13973,.F.);
#14046 = ( BOUNDED_SURFACE() B_SPLINE_SURFACE(1,2,(
    (#14047,#14048,#14049,#14050,#14051,#14052,#14053,#14054,#14055)
    ,(#14056,#14057,#14058,#14059,#14060,#14061,#14062,#14063,#14064
)),.UNSPECIFIED.,.F.,.T.,.F.) B_SPLINE_SURFACE_WITH_KNOTS((2,2),(1,2,2,2
    ,2,2,1),(0.,2.061552812809),(-12.56637061435,0.,12.566370614359,
    25.132741228718,37.699111843078,50.265482457437,62.831853071796),
.UNSPECIFIED.) GEOMETRIC_REPRESENTATION_ITEM() RATIONAL_B_SPLINE_SURFACE
((
    (1.,0.707106781187,1.,0.707106781187,1.,0.707106781187,1.
      ,0.707106781187,1.)
    ,(1.,0.707106781187,1.,0.707106781187,1.,0.707106781187,1.
,0.707106781187,1.))) REPRESENTATION_ITEM('') SURFACE() );
#14047 = CARTESIAN_POINT('',(8.,0.,5.));
#14048 = CARTESIAN_POINT('',(8.,-8.,5.));
#14049 = CARTESIAN_POINT('',(4.898587196589E-16,-8.,5.));
#14050 = CARTESIAN_POINT('',(-8.,-8.,5.));
#14051 = CARTESIAN_POINT('',(-8.,-9.797174393179E-16,5.));
#14052 = CARTESIAN_POINT('',(-8.,8.,5.));
#14053 = CARTESIAN_POINT('',(-1.469576158977E-15,8.,5.));
#14054 = CARTESIAN_POINT('',(8.,8.,5.));
#14055 = CARTESIAN_POINT('',(8.,0.,5.));
#14056 = CARTESIAN_POINT('',(7.5,0.,7.));
#14057 = CARTESIAN_POINT('',(7.5,-7.5,7.));
#14058 = CARTESIAN_POINT('',(4.592425496803E-16,-7.5,7.));
#14059 = CARTESIAN_POINT('',(-7.5,-7.5,7.));
#14060 = CARTESIAN_POINT('',(-7.5,-9.184850993605E-16,7.));
#14061 = CARTESIAN_POINT('',(-7.5,7.5,7.));
#14062 = CARTESIAN_POINT('',(-1.377727649041E-15,7.5,7.));
#14063 = CARTESIAN_POINT('',(7.5,7.5,7.));
#14064 = CARTESIAN_POINT('',(7.5,0.,7.));
#14065 = ADVANCED_FACE('',(#14066),#14090,.T.);
#14066 = FACE_BOUND('',#14067,.T.);
#14067 = EDGE_LOOP('',(#14068,#14076,#14088,#14089));
#14068 = ORIENTED_EDGE('',*,*,#14069,.T.);
#14069 = EDGE_CURVE('',#14027,#14070,#14072,.T.);
#14070 = VERTEX_POINT('',#14071);
#14071 = CARTESIAN_POINT('',(7.109611796798,9.338395825344E-16,7.));
#14072 = ( BOUNDED_CURVE() B_SPLINE_CURVE(2,(#14073,#14074,#14075),
.UNSPECIFIED.,.F.,.F.) B_SPLINE_CURVE_WITH_KNOTS((3,3),(0.,
0.662908831834),.PIECEWISE_BEZIER_KNOTS.) CURVE() 
GEOMETRIC_REPRESENTATION_ITEM() RATIONAL_B_SPLINE_CURVE((1.,
0.788205438016,1.)) REPRESENTATION_ITEM('') );
#14073 = CARTESIAN_POINT('',(7.59468304687,1.210017000779E-15,
    6.621267812518));
#14074 = CARTESIAN_POINT('',(7.5,2.283889546403E-16,7.));
#14075 = CARTESIAN_POINT('',(7.109611796798,9.338395825344E-16,7.));
#14076 = ORIENTED_EDGE('',*,*,#14077,.T.);
#14077 = EDGE_CURVE('',#14070,#14070,#14078,.T.);
#14078 = ( BOUNDED_CURVE() B_SPLINE_CURVE(2,(#14079,#14080,#14081,#14082
    ,#14083,#14084,#14085,#14086,#14087),.UNSPECIFIED.,.T.,.F.) 
B_SPLINE_CURVE_WITH_KNOTS((1,2,2,2,2,2,1),(-11.16746994635,0.,
    11.16746994635,22.3349398927,33.50240983905,44.6698797854,
55.83734973175),.UNSPECIFIED.) CURVE() GEOMETRIC_REPRESENTATION_ITEM() 
RATIONAL_B_SPLINE_CURVE((1.,0.707106781187,1.,0.707106781187,1.,
0.707106781187,1.,0.707106781187,1.)) REPRESENTATION_ITEM('') );
#14079 = CARTESIAN_POINT('',(7.109611796798,4.114337827267E-16,7.));
#14080 = CARTESIAN_POINT('',(7.109611796798,-7.109611796798,7.));
#14081 = CARTESIAN_POINT('',(8.467719492331E-16,-7.109611796798,7.));
#14082 = CARTESIAN_POINT('',(-7.109611796798,-7.109611796798,7.));
#14083 = CARTESIAN_POINT('',(-7.109611796798,-1.28211011574E-15,7.));
#14084 = CARTESIAN_POINT('',(-7.109611796798,7.109611796798,7.));
#14085 = CARTESIAN_POINT('',(-1.717448282246E-15,7.109611796798,7.));
#14086 = CARTESIAN_POINT('',(7.109611796798,7.109611796798,7.));
#14087 = CARTESIAN_POINT('',(7.109611796798,4.114337827267E-16,7.));
#14088 = ORIENTED_EDGE('',*,*,#14069,.F.);
#14089 = ORIENTED_EDGE('',*,*,#14033,.F.);
#14090 = ( BOUNDED_SURFACE() B_SPLINE_SURFACE(2,2,(
    (#14091,#14092,#14093,#14094,#14095,#14096,#14097,#14098,#14099)
    ,(#14100,#14101,#14102,#14103,#14104,#14105,#14106,#14107,#14108)
    ,(#14109,#14110,#14111,#14112,#14113,#14114,#14115,#14116,#14117
)),.UNSPECIFIED.,.F.,.T.,.F.) B_SPLINE_SURFACE_WITH_KNOTS((3,3),(1,2,2,2
    ,2,2,1),(0.,0.662908831834),(-11.16746994635,0.,11.16746994635,
    22.3349398927,33.50240983905,44.6698797854,55.83734973175),
.UNSPECIFIED.) GEOMETRIC_REPRESENTATION_ITEM() RATIONAL_B_SPLINE_SURFACE
((
    (1.,0.707106781187,1.,0.707106781187,1.,0.707106781187,1.
      ,0.707106781187,1.)
    ,(0.788205438016,0.557345410189,0.788205438016,0.557345410189
      ,0.788205438016,0.557345410189,0.788205438016,0.557345410189
      ,0.788205438016)
    ,(1.,0.707106781187,1.,0.707106781187,1.,0.707106781187,1.
,0.707106781187,1.))) REPRESENTATION_ITEM('') SURFACE() );
#14091 = CARTESIAN_POINT('',(7.59468304687,9.309236736882E-16,
    6.621267812518));
#14092 = CARTESIAN_POINT('',(7.59468304687,-7.59468304687,6.621267812518
    ));
#14093 = CARTESIAN_POINT('',(1.395963887883E-15,-7.59468304687,
    6.621267812518));
#14094 = CARTESIAN_POINT('',(-7.59468304687,-7.59468304687,
    6.621267812518));
#14095 = CARTESIAN_POINT('',(-7.59468304687,-1.861004102077E-15,
    6.621267812518));
#14096 = CARTESIAN_POINT('',(-7.59468304687,7.59468304687,6.621267812518
    ));
#14097 = CARTESIAN_POINT('',(-2.326044316272E-15,7.59468304687,
    6.621267812518));
#14098 = CARTESIAN_POINT('',(7.59468304687,7.59468304687,6.621267812518)
  );
#14099 = CARTESIAN_POINT('',(7.59468304687,9.309236736882E-16,
    6.621267812518));
#14100 = CARTESIAN_POINT('',(7.5,-1.723606088092E-16,7.));
#14101 = CARTESIAN_POINT('',(7.5,-7.5,7.));
#14102 = CARTESIAN_POINT('',(2.868819408711E-16,-7.5,7.));
#14103 = CARTESIAN_POINT('',(-7.5,-7.5,7.));
#14104 = CARTESIAN_POINT('',(-7.5,-7.461244905514E-16,7.));
#14105 = CARTESIAN_POINT('',(-7.5,7.5,7.));
#14106 = CARTESIAN_POINT('',(-1.205367040232E-15,7.5,7.));
#14107 = CARTESIAN_POINT('',(7.5,7.5,7.));
#14108 = CARTESIAN_POINT('',(7.5,-1.723606088092E-16,7.));
#14109 = CARTESIAN_POINT('',(7.109611796798,4.114337827267E-16,7.));
#14110 = CARTESIAN_POINT('',(7.109611796798,-7.109611796798,7.));
#14111 = CARTESIAN_POINT('',(8.467719492331E-16,-7.109611796798,7.));
#14112 = CARTESIAN_POINT('',(-7.109611796798,-7.109611796798,7.));
#14113 = CARTESIAN_POINT('',(-7.109611796798,-1.28211011574E-15,7.));
#14114 = CARTESIAN_POINT('',(-7.109611796798,7.109611796798,7.));
#14115 = CARTESIAN_POINT('',(-1.717448282246E-15,7.109611796798,7.));
#14116 = CARTESIAN_POINT('',(7.109611796798,7.109611796798,7.));
#14117 = CARTESIAN_POINT('',(7.109611796798,4.114337827267E-16,7.));
#14118 = ADVANCED_FACE('',(#14119),#14142,.F.);
#14119 = FACE_BOUND('',#14120,.F.);
#14120 = EDGE_LOOP('',(#14121,#14122,#14129,#14141));
#14121 = ORIENTED_EDGE('',*,*,#14077,.T.);
#14122 = ORIENTED_EDGE('',*,*,#14123,.T.);
#14123 = EDGE_CURVE('',#14070,#14124,#14126,.T.);
#14124 = VERTEX_POINT('',#14125);
#14125 = CARTESIAN_POINT('',(7.109611796798,8.293584225729E-16,6.5));
#14126 = B_SPLINE_CURVE_WITH_KNOTS('',1,(#14127,#14128),.UNSPECIFIED.,
  .F.,.F.,(2,2),(0.,0.5),.PIECEWISE_BEZIER_KNOTS.);
#14127 = CARTESIAN_POINT('',(7.109611796798,9.338395825344E-16,7.));
#14128 = CARTESIAN_POINT('',(7.109611796798,8.293584225729E-16,6.5));
#14129 = ORIENTED_EDGE('',*,*,#14130,.F.);
#14130 = EDGE_CURVE('',#14124,#14124,#14131,.T.);
#14131 = ( BOUNDED_CURVE() B_SPLINE_CURVE(2,(#14132,#14133,#14134,#14135
    ,#14136,#14137,#14138,#14139,#14140),.UNSPECIFIED.,.T.,.F.) 
B_SPLINE_CURVE_WITH_KNOTS((1,2,2,2,2,2,1),(-11.16746994635,0.,
    11.16746994635,22.3349398927,33.50240983905,44.6698797854,
55.83734973175),.UNSPECIFIED.) CURVE() GEOMETRIC_REPRESENTATION_ITEM() 
RATIONAL_B_SPLINE_CURVE((1.,0.707106781187,1.,0.707106781187,1.,
0.707106781187,1.,0.707106781187,1.)) REPRESENTATION_ITEM('') );
#14132 = CARTESIAN_POINT('',(7.109611796798,4.114337827267E-16,6.5));
#14133 = CARTESIAN_POINT('',(7.109611796798,-7.109611796798,6.5));
#14134 = CARTESIAN_POINT('',(0.,-7.109611796798,6.5));
#14135 = CARTESIAN_POINT('',(-7.109611796798,-7.109611796798,6.5));
#14136 = CARTESIAN_POINT('',(-7.109611796798,-1.28211011574E-15,6.5));
#14137 = CARTESIAN_POINT('',(-7.109611796798,7.109611796798,6.5));
#14138 = CARTESIAN_POINT('',(-8.881784197001E-16,7.109611796798,6.5));
#14139 = CARTESIAN_POINT('',(7.109611796798,7.109611796798,6.5));
#14140 = CARTESIAN_POINT('',(7.109611796798,4.114337827267E-16,6.5));
#14141 = ORIENTED_EDGE('',*,*,#14123,.F.);
#14142 = CYLINDRICAL_SURFACE('',#14143,7.109611796798);
#14143 = AXIS2_PLACEMENT_3D('',#14144,#14145,#14146);
#14144 = CARTESIAN_POINT('',(0.,0.,6.75));
#14145 = DIRECTION('',(0.,0.,-1.));
#14146 = DIRECTION('',(-1.,0.,-0.));
#14147 = ADVANCED_FACE('',(#14148),#14151,.T.);
#14148 = FACE_BOUND('',#14149,.T.);
#14149 = EDGE_LOOP('',(#14150));
#14150 = ORIENTED_EDGE('',*,*,#14130,.F.);
#14151 = PLANE('',#14152);
#14152 = AXIS2_PLACEMENT_3D('',#14153,#14154,#14155);
#14153 = CARTESIAN_POINT('',(-7.65,-7.65,6.5));
#14154 = DIRECTION('',(0.,0.,1.));
#14155 = DIRECTION('',(1.,0.,-0.));
#14156 = ADVANCED_FACE('',(#14157),#14180,.F.);
#14157 = FACE_BOUND('',#14158,.F.);
#14158 = EDGE_LOOP('',(#14159,#14160,#14167,#14179));
#14159 = ORIENTED_EDGE('',*,*,#13810,.T.);
#14160 = ORIENTED_EDGE('',*,*,#14161,.T.);
#14161 = EDGE_CURVE('',#13803,#14162,#14164,.T.);
#14162 = VERTEX_POINT('',#14163);
#14163 = CARTESIAN_POINT('',(8.5,-3.763410788821E-16,0.5));
#14164 = B_SPLINE_CURVE_WITH_KNOTS('',1,(#14165,#14166),.UNSPECIFIED.,
  .F.,.F.,(2,2),(0.,0.5),.PIECEWISE_BEZIER_KNOTS.);
#14165 = CARTESIAN_POINT('',(8.5,-5.012550523952E-16,0.));
#14166 = CARTESIAN_POINT('',(8.5,-3.763410788821E-16,0.5));
#14167 = ORIENTED_EDGE('',*,*,#14168,.F.);
#14168 = EDGE_CURVE('',#14162,#14162,#14169,.T.);
#14169 = ( BOUNDED_CURVE() B_SPLINE_CURVE(2,(#14170,#14171,#14172,#14173
    ,#14174,#14175,#14176,#14177,#14178),.UNSPECIFIED.,.T.,.F.) 
B_SPLINE_CURVE_WITH_KNOTS((1,2,2,2,2,2,1),(-13.35143145041,0.,
    13.351431450413,26.702862900826,40.05429435124,53.405725801653,
66.757157252066),.UNSPECIFIED.) CURVE() GEOMETRIC_REPRESENTATION_ITEM() 
RATIONAL_B_SPLINE_CURVE((1.,0.707106781187,1.,0.707106781187,1.,
0.707106781187,1.,0.707106781187,1.)) REPRESENTATION_ITEM('') );
#14170 = CARTESIAN_POINT('',(8.5,1.2331481517E-16,0.5));
#14171 = CARTESIAN_POINT('',(8.5,8.5,0.5));
#14172 = CARTESIAN_POINT('',(0.,8.5,0.5));
#14173 = CARTESIAN_POINT('',(-8.5,8.5,0.5));
#14174 = CARTESIAN_POINT('',(-8.5,1.545671947579E-15,0.5));
#14175 = CARTESIAN_POINT('',(-8.5,-8.5,0.5));
#14176 = CARTESIAN_POINT('',(-1.7763568394E-15,-8.5,0.5));
#14177 = CARTESIAN_POINT('',(8.5,-8.5,0.5));
#14178 = CARTESIAN_POINT('',(8.5,1.2331481517E-16,0.5));
#14179 = ORIENTED_EDGE('',*,*,#14161,.F.);
#14180 = CYLINDRICAL_SURFACE('',#14181,8.5);
#14181 = AXIS2_PLACEMENT_3D('',#14182,#14183,#14184);
#14182 = CARTESIAN_POINT('',(0.,0.,0.25));
#14183 = DIRECTION('',(0.,0.,1.));
#14184 = DIRECTION('',(1.,0.,-0.));
#14185 = SHELL_BASED_SURFACE_MODEL('',(#14186));
#14186 = OPEN_SHELL('',(#14187));
#14187 = ADVANCED_FACE('',(#14188),#14204,.T.);
#14188 = FACE_BOUND('',#14189,.T.);
#14189 = EDGE_LOOP('',(#14190));
#14190 = ORIENTED_EDGE('',*,*,#14191,.F.);
#14191 = EDGE_CURVE('',#14192,#14192,#14194,.T.);
#14192 = VERTEX_POINT('',#14193);
#14193 = CARTESIAN_POINT('',(8.5,-3.763410788821E-16,0.5));
#14194 = ( BOUNDED_CURVE() B_SPLINE_CURVE(2,(#14195,#14196,#14197,#14198
    ,#14199,#14200,#14201,#14202,#14203),.UNSPECIFIED.,.T.,.F.) 
B_SPLINE_CURVE_WITH_KNOTS((1,2,2,2,2,2,1),(-13.35143145041,0.,
    13.351431450413,26.702862900826,40.05429435124,53.405725801653,
66.757157252066),.UNSPECIFIED.) CURVE() GEOMETRIC_REPRESENTATION_ITEM() 
RATIONAL_B_SPLINE_CURVE((1.,0.707106781187,1.,0.707106781187,1.,
0.707106781187,1.,0.707106781187,1.)) REPRESENTATION_ITEM('') );
#14195 = CARTESIAN_POINT('',(8.5,1.2331481517E-16,0.5));
#14196 = CARTESIAN_POINT('',(8.5,8.5,0.5));
#14197 = CARTESIAN_POINT('',(0.,8.5,0.5));
#14198 = CARTESIAN_POINT('',(-8.5,8.5,0.5));
#14199 = CARTESIAN_POINT('',(-8.5,1.545671947579E-15,0.5));
#14200 = CARTESIAN_POINT('',(-8.5,-8.5,0.5));
#14201 = CARTESIAN_POINT('',(-1.7763568394E-15,-8.5,0.5));
#14202 = CARTESIAN_POINT('',(8.5,-8.5,0.5));
#14203 = CARTESIAN_POINT('',(8.5,1.2331481517E-16,0.5));
#14204 = PLANE('',#14205);
#14205 = AXIS2_PLACEMENT_3D('',#14206,#14207,#14208);
#14206 = CARTESIAN_POINT('',(-11.875,-11.875,0.5));
#14207 = DIRECTION('',(0.,0.,-1.));
#14208 = DIRECTION('',(-1.,0.,-0.));
#14209 = SHELL_BASED_SURFACE_MODEL('',(#14210));
#14210 = OPEN_SHELL('',(#14211));
#14211 = ADVANCED_FACE('',(#14212),#14228,.T.);
#14212 = FACE_BOUND('',#14213,.T.);
#14213 = EDGE_LOOP('',(#14214));
#14214 = ORIENTED_EDGE('',*,*,#14215,.T.);
#14215 = EDGE_CURVE('',#14216,#14216,#14218,.T.);
#14216 = VERTEX_POINT('',#14217);
#14217 = CARTESIAN_POINT('',(-3.858757210636,3.358757210636,0.5));
#14218 = ( BOUNDED_CURVE() B_SPLINE_CURVE(2,(#14219,#14220,#14221,#14222
    ,#14223,#14224,#14225,#14226,#14227),.UNSPECIFIED.,.T.,.F.) 
B_SPLINE_CURVE_WITH_KNOTS((1,2,2,2,2,2,1),(-1.570796326795,0.,
    1.570796326795,3.14159265359,4.712388980385,6.28318530718,
7.853981633974),.UNSPECIFIED.) CURVE() GEOMETRIC_REPRESENTATION_ITEM() 
RATIONAL_B_SPLINE_CURVE((1.,0.707106781187,1.,0.707106781187,1.,
0.707106781187,1.,0.707106781187,1.)) REPRESENTATION_ITEM('') );
#14219 = CARTESIAN_POINT('',(-3.858757210636,3.358757210636,0.5));
#14220 = CARTESIAN_POINT('',(-3.858757210636,3.858757210636,0.5));
#14221 = CARTESIAN_POINT('',(-3.358757210636,3.858757210636,0.5));
#14222 = CARTESIAN_POINT('',(-2.858757210636,3.858757210636,0.5));
#14223 = CARTESIAN_POINT('',(-2.858757210636,3.358757210636,0.5));
#14224 = CARTESIAN_POINT('',(-2.858757210636,2.858757210636,0.5));
#14225 = CARTESIAN_POINT('',(-3.358757210636,2.858757210636,0.5));
#14226 = CARTESIAN_POINT('',(-3.858757210636,2.858757210636,0.5));
#14227 = CARTESIAN_POINT('',(-3.858757210636,3.358757210636,0.5));
#14228 = PLANE('',#14229);
#14229 = AXIS2_PLACEMENT_3D('',#14230,#14231,#14232);
#14230 = CARTESIAN_POINT('',(-3.868757210636,3.868757210636,0.5));
#14231 = DIRECTION('',(0.,0.,-1.));
#14232 = DIRECTION('',(-1.,0.,-0.));
#14233 = SHELL_BASED_SURFACE_MODEL('',(#14234));
#14234 = OPEN_SHELL('',(#14235));
#14235 = ADVANCED_FACE('',(#14236),#14252,.T.);
#14236 = FACE_BOUND('',#14237,.T.);
#14237 = EDGE_LOOP('',(#14238));
#14238 = ORIENTED_EDGE('',*,*,#14239,.T.);
#14239 = EDGE_CURVE('',#14240,#14240,#14242,.T.);
#14240 = VERTEX_POINT('',#14241);
#14241 = CARTESIAN_POINT('',(2.858757210636,3.358757210636,0.5));
#14242 = ( BOUNDED_CURVE() B_SPLINE_CURVE(2,(#14243,#14244,#14245,#14246
    ,#14247,#14248,#14249,#14250,#14251),.UNSPECIFIED.,.T.,.F.) 
B_SPLINE_CURVE_WITH_KNOTS((1,2,2,2,2,2,1),(-1.570796326795,0.,
    1.570796326795,3.14159265359,4.712388980385,6.28318530718,
7.853981633974),.UNSPECIFIED.) CURVE() GEOMETRIC_REPRESENTATION_ITEM() 
RATIONAL_B_SPLINE_CURVE((1.,0.707106781187,1.,0.707106781187,1.,
0.707106781187,1.,0.707106781187,1.)) REPRESENTATION_ITEM('') );
#14243 = CARTESIAN_POINT('',(2.858757210636,3.358757210636,0.5));
#14244 = CARTESIAN_POINT('',(2.858757210636,3.858757210636,0.5));
#14245 = CARTESIAN_POINT('',(3.358757210636,3.858757210636,0.5));
#14246 = CARTESIAN_POINT('',(3.858757210636,3.858757210636,0.5));
#14247 = CARTESIAN_POINT('',(3.858757210636,3.358757210636,0.5));
#14248 = CARTESIAN_POINT('',(3.858757210636,2.858757210636,0.5));
#14249 = CARTESIAN_POINT('',(3.358757210636,2.858757210636,0.5));
#14250 = CARTESIAN_POINT('',(2.858757210636,2.858757210636,0.5));
#14251 = CARTESIAN_POINT('',(2.858757210636,3.358757210636,0.5));
#14252 = PLANE('',#14253);
#14253 = AXIS2_PLACEMENT_3D('',#14254,#14255,#14256);
#14254 = CARTESIAN_POINT('',(2.848757210636,3.868757210636,0.5));
#14255 = DIRECTION('',(0.,0.,-1.));
#14256 = DIRECTION('',(-1.,0.,-0.));
#14257 = SHELL_BASED_SURFACE_MODEL('',(#14258));
#14258 = OPEN_SHELL('',(#14259));
#14259 = ADVANCED_FACE('',(#14260),#14276,.T.);
#14260 = FACE_BOUND('',#14261,.T.);
#14261 = EDGE_LOOP('',(#14262));
#14262 = ORIENTED_EDGE('',*,*,#14263,.T.);
#14263 = EDGE_CURVE('',#14264,#14264,#14266,.T.);
#14264 = VERTEX_POINT('',#14265);
#14265 = CARTESIAN_POINT('',(-0.5,4.75,0.5));
#14266 = ( BOUNDED_CURVE() B_SPLINE_CURVE(2,(#14267,#14268,#14269,#14270
    ,#14271,#14272,#14273,#14274,#14275),.UNSPECIFIED.,.T.,.F.) 
B_SPLINE_CURVE_WITH_KNOTS((1,2,2,2,2,2,1),(-1.570796326795,0.,
    1.570796326795,3.14159265359,4.712388980385,6.28318530718,
7.853981633974),.UNSPECIFIED.) CURVE() GEOMETRIC_REPRESENTATION_ITEM() 
RATIONAL_B_SPLINE_CURVE((1.,0.707106781187,1.,0.707106781187,1.,
0.707106781187,1.,0.707106781187,1.)) REPRESENTATION_ITEM('') );
#14267 = CARTESIAN_POINT('',(-0.5,4.75,0.5));
#14268 = CARTESIAN_POINT('',(-0.5,5.25,0.5));
#14269 = CARTESIAN_POINT('',(-3.061616997868E-17,5.25,0.5));
#14270 = CARTESIAN_POINT('',(0.5,5.25,0.5));
#14271 = CARTESIAN_POINT('',(0.5,4.75,0.5));
#14272 = CARTESIAN_POINT('',(0.5,4.25,0.5));
#14273 = CARTESIAN_POINT('',(9.184850993605E-17,4.25,0.5));
#14274 = CARTESIAN_POINT('',(-0.5,4.25,0.5));
#14275 = CARTESIAN_POINT('',(-0.5,4.75,0.5));
#14276 = PLANE('',#14277);
#14277 = AXIS2_PLACEMENT_3D('',#14278,#14279,#14280);
#14278 = CARTESIAN_POINT('',(-0.51,5.26,0.5));
#14279 = DIRECTION('',(0.,0.,-1.));
#14280 = DIRECTION('',(-1.,0.,-0.));
#14281 = SHELL_BASED_SURFACE_MODEL('',(#14282));
#14282 = OPEN_SHELL('',(#14283));
#14283 = ADVANCED_FACE('',(#14284),#14300,.T.);
#14284 = FACE_BOUND('',#14285,.T.);
#14285 = EDGE_LOOP('',(#14286));
#14286 = ORIENTED_EDGE('',*,*,#14287,.T.);
#14287 = EDGE_CURVE('',#14288,#14288,#14290,.T.);
#14288 = VERTEX_POINT('',#14289);
#14289 = CARTESIAN_POINT('',(-3.858757210636,-3.358757210636,0.5));
#14290 = ( BOUNDED_CURVE() B_SPLINE_CURVE(2,(#14291,#14292,#14293,#14294
    ,#14295,#14296,#14297,#14298,#14299),.UNSPECIFIED.,.T.,.F.) 
B_SPLINE_CURVE_WITH_KNOTS((1,2,2,2,2,2,1),(-1.570796326795,0.,
    1.570796326795,3.14159265359,4.712388980385,6.28318530718,
7.853981633974),.UNSPECIFIED.) CURVE() GEOMETRIC_REPRESENTATION_ITEM() 
RATIONAL_B_SPLINE_CURVE((1.,0.707106781187,1.,0.707106781187,1.,
0.707106781187,1.,0.707106781187,1.)) REPRESENTATION_ITEM('') );
#14291 = CARTESIAN_POINT('',(-3.858757210636,-3.358757210636,0.5));
#14292 = CARTESIAN_POINT('',(-3.858757210636,-2.858757210636,0.5));
#14293 = CARTESIAN_POINT('',(-3.358757210636,-2.858757210636,0.5));
#14294 = CARTESIAN_POINT('',(-2.858757210636,-2.858757210636,0.5));
#14295 = CARTESIAN_POINT('',(-2.858757210636,-3.358757210636,0.5));
#14296 = CARTESIAN_POINT('',(-2.858757210636,-3.858757210636,0.5));
#14297 = CARTESIAN_POINT('',(-3.358757210636,-3.858757210636,0.5));
#14298 = CARTESIAN_POINT('',(-3.858757210636,-3.858757210636,0.5));
#14299 = CARTESIAN_POINT('',(-3.858757210636,-3.358757210636,0.5));
#14300 = PLANE('',#14301);
#14301 = AXIS2_PLACEMENT_3D('',#14302,#14303,#14304);
#14302 = CARTESIAN_POINT('',(-3.868757210636,-2.848757210636,0.5));
#14303 = DIRECTION('',(0.,0.,-1.));
#14304 = DIRECTION('',(-1.,0.,-0.));
#14305 = SHELL_BASED_SURFACE_MODEL('',(#14306));
#14306 = OPEN_SHELL('',(#14307));
#14307 = ADVANCED_FACE('',(#14308),#14324,.T.);
#14308 = FACE_BOUND('',#14309,.T.);
#14309 = EDGE_LOOP('',(#14310));
#14310 = ORIENTED_EDGE('',*,*,#14311,.T.);
#14311 = EDGE_CURVE('',#14312,#14312,#14314,.T.);
#14312 = VERTEX_POINT('',#14313);
#14313 = CARTESIAN_POINT('',(2.858757210636,-3.358757210636,0.5));
#14314 = ( BOUNDED_CURVE() B_SPLINE_CURVE(2,(#14315,#14316,#14317,#14318
    ,#14319,#14320,#14321,#14322,#14323),.UNSPECIFIED.,.T.,.F.) 
B_SPLINE_CURVE_WITH_KNOTS((1,2,2,2,2,2,1),(-1.570796326795,0.,
    1.570796326795,3.14159265359,4.712388980385,6.28318530718,
7.853981633974),.UNSPECIFIED.) CURVE() GEOMETRIC_REPRESENTATION_ITEM() 
RATIONAL_B_SPLINE_CURVE((1.,0.707106781187,1.,0.707106781187,1.,
0.707106781187,1.,0.707106781187,1.)) REPRESENTATION_ITEM('') );
#14315 = CARTESIAN_POINT('',(2.858757210636,-3.358757210636,0.5));
#14316 = CARTESIAN_POINT('',(2.858757210636,-2.858757210636,0.5));
#14317 = CARTESIAN_POINT('',(3.358757210636,-2.858757210636,0.5));
#14318 = CARTESIAN_POINT('',(3.858757210636,-2.858757210636,0.5));
#14319 = CARTESIAN_POINT('',(3.858757210636,-3.358757210636,0.5));
#14320 = CARTESIAN_POINT('',(3.858757210636,-3.858757210636,0.5));
#14321 = CARTESIAN_POINT('',(3.358757210636,-3.858757210636,0.5));
#14322 = CARTESIAN_POINT('',(2.858757210636,-3.858757210636,0.5));
#14323 = CARTESIAN_POINT('',(2.858757210636,-3.358757210636,0.5));
#14324 = PLANE('',#14325);
#14325 = AXIS2_PLACEMENT_3D('',#14326,#14327,#14328);
#14326 = CARTESIAN_POINT('',(2.848757210636,-2.848757210636,0.5));
#14327 = DIRECTION('',(0.,0.,-1.));
#14328 = DIRECTION('',(-1.,0.,-0.));
#14329 = SHELL_BASED_SURFACE_MODEL('',(#14330));
#14330 = OPEN_SHELL('',(#14331));
#14331 = ADVANCED_FACE('',(#14332),#14348,.T.);
#14332 = FACE_BOUND('',#14333,.T.);
#14333 = EDGE_LOOP('',(#14334));
#14334 = ORIENTED_EDGE('',*,*,#14335,.T.);
#14335 = EDGE_CURVE('',#14336,#14336,#14338,.T.);
#14336 = VERTEX_POINT('',#14337);
#14337 = CARTESIAN_POINT('',(-0.5,-4.75,0.5));
#14338 = ( BOUNDED_CURVE() B_SPLINE_CURVE(2,(#14339,#14340,#14341,#14342
    ,#14343,#14344,#14345,#14346,#14347),.UNSPECIFIED.,.T.,.F.) 
B_SPLINE_CURVE_WITH_KNOTS((1,2,2,2,2,2,1),(-1.570796326795,0.,
    1.570796326795,3.14159265359,4.712388980385,6.28318530718,
7.853981633974),.UNSPECIFIED.) CURVE() GEOMETRIC_REPRESENTATION_ITEM() 
RATIONAL_B_SPLINE_CURVE((1.,0.707106781187,1.,0.707106781187,1.,
0.707106781187,1.,0.707106781187,1.)) REPRESENTATION_ITEM('') );
#14339 = CARTESIAN_POINT('',(-0.5,-4.75,0.5));
#14340 = CARTESIAN_POINT('',(-0.5,-4.25,0.5));
#14341 = CARTESIAN_POINT('',(-3.061616997868E-17,-4.25,0.5));
#14342 = CARTESIAN_POINT('',(0.5,-4.25,0.5));
#14343 = CARTESIAN_POINT('',(0.5,-4.75,0.5));
#14344 = CARTESIAN_POINT('',(0.5,-5.25,0.5));
#14345 = CARTESIAN_POINT('',(9.184850993605E-17,-5.25,0.5));
#14346 = CARTESIAN_POINT('',(-0.5,-5.25,0.5));
#14347 = CARTESIAN_POINT('',(-0.5,-4.75,0.5));
#14348 = PLANE('',#14349);
#14349 = AXIS2_PLACEMENT_3D('',#14350,#14351,#14352);
#14350 = CARTESIAN_POINT('',(-0.51,-4.24,0.5));
#14351 = DIRECTION('',(0.,0.,-1.));
#14352 = DIRECTION('',(-1.,0.,-0.));
#14353 = SHELL_BASED_SURFACE_MODEL('',(#14354));
#14354 = OPEN_SHELL('',(#14355,#14399));
#14355 = ADVANCED_FACE('',(#14356),#14394,.T.);
#14356 = FACE_BOUND('',#14357,.T.);
#14357 = EDGE_LOOP('',(#14358,#14369,#14381,#14382));
#14358 = ORIENTED_EDGE('',*,*,#14359,.T.);
#14359 = EDGE_CURVE('',#14360,#14362,#14364,.T.);
#14360 = VERTEX_POINT('',#14361);
#14361 = CARTESIAN_POINT('',(-3.858757210636,3.358757210636,0.5));
#14362 = VERTEX_POINT('',#14363);
#14363 = CARTESIAN_POINT('',(-3.858757210636,3.358757210636,-3.));
#14364 = ( BOUNDED_CURVE() B_SPLINE_CURVE(3,(#14365,#14366,#14367,#14368
),.UNSPECIFIED.,.F.,.F.) B_SPLINE_CURVE_WITH_KNOTS((4,4),(0.,3.5),
.PIECEWISE_BEZIER_KNOTS.) CURVE() GEOMETRIC_REPRESENTATION_ITEM() 
RATIONAL_B_SPLINE_CURVE((1.,1.,1.,1.)) REPRESENTATION_ITEM('') );
#14365 = CARTESIAN_POINT('',(-3.858757210636,3.358757210636,0.5));
#14366 = CARTESIAN_POINT('',(-3.858757210636,3.358757210636,
    -0.666666666667));
#14367 = CARTESIAN_POINT('',(-3.858757210636,3.358757210636,
    -1.833333333333));
#14368 = CARTESIAN_POINT('',(-3.858757210636,3.358757210636,-3.));
#14369 = ORIENTED_EDGE('',*,*,#14370,.T.);
#14370 = EDGE_CURVE('',#14362,#14362,#14371,.T.);
#14371 = ( BOUNDED_CURVE() B_SPLINE_CURVE(2,(#14372,#14373,#14374,#14375
    ,#14376,#14377,#14378,#14379,#14380),.UNSPECIFIED.,.T.,.F.) 
B_SPLINE_CURVE_WITH_KNOTS((1,2,2,2,2,2,1),(-7.853981633974,
    -6.28318530718,-4.712388980385,-3.14159265359,-1.570796326795,0.,
1.570796326795),.UNSPECIFIED.) CURVE() GEOMETRIC_REPRESENTATION_ITEM() 
RATIONAL_B_SPLINE_CURVE((1.,0.707106781187,1.,0.707106781187,1.,
0.707106781187,1.,0.707106781187,1.)) REPRESENTATION_ITEM('') );
#14372 = CARTESIAN_POINT('',(-3.858757210636,3.358757210636,-3.));
#14373 = CARTESIAN_POINT('',(-3.858757210636,2.858757210636,-3.));
#14374 = CARTESIAN_POINT('',(-3.358757210636,2.858757210636,-3.));
#14375 = CARTESIAN_POINT('',(-2.858757210636,2.858757210636,-3.));
#14376 = CARTESIAN_POINT('',(-2.858757210636,3.358757210636,-3.));
#14377 = CARTESIAN_POINT('',(-2.858757210636,3.858757210636,-3.));
#14378 = CARTESIAN_POINT('',(-3.358757210636,3.858757210636,-3.));
#14379 = CARTESIAN_POINT('',(-3.858757210636,3.858757210636,-3.));
#14380 = CARTESIAN_POINT('',(-3.858757210636,3.358757210636,-3.));
#14381 = ORIENTED_EDGE('',*,*,#14359,.F.);
#14382 = ORIENTED_EDGE('',*,*,#14383,.T.);
#14383 = EDGE_CURVE('',#14360,#14360,#14384,.T.);
#14384 = ( BOUNDED_CURVE() B_SPLINE_CURVE(2,(#14385,#14386,#14387,#14388
    ,#14389,#14390,#14391,#14392,#14393),.UNSPECIFIED.,.T.,.F.) 
B_SPLINE_CURVE_WITH_KNOTS((1,2,2,2,2,2,1),(-1.570796326795,0.,
    1.570796326795,3.14159265359,4.712388980385,6.28318530718,
7.853981633974),.UNSPECIFIED.) CURVE() GEOMETRIC_REPRESENTATION_ITEM() 
RATIONAL_B_SPLINE_CURVE((1.,0.707106781187,1.,0.707106781187,1.,
0.707106781187,1.,0.707106781187,1.)) REPRESENTATION_ITEM('') );
#14385 = CARTESIAN_POINT('',(-3.858757210636,3.358757210636,0.5));
#14386 = CARTESIAN_POINT('',(-3.858757210636,3.858757210636,0.5));
#14387 = CARTESIAN_POINT('',(-3.358757210636,3.858757210636,0.5));
#14388 = CARTESIAN_POINT('',(-2.858757210636,3.858757210636,0.5));
#14389 = CARTESIAN_POINT('',(-2.858757210636,3.358757210636,0.5));
#14390 = CARTESIAN_POINT('',(-2.858757210636,2.858757210636,0.5));
#14391 = CARTESIAN_POINT('',(-3.358757210636,2.858757210636,0.5));
#14392 = CARTESIAN_POINT('',(-3.858757210636,2.858757210636,0.5));
#14393 = CARTESIAN_POINT('',(-3.858757210636,3.358757210636,0.5));
#14394 = CYLINDRICAL_SURFACE('',#14395,0.5);
#14395 = AXIS2_PLACEMENT_3D('',#14396,#14397,#14398);
#14396 = CARTESIAN_POINT('',(-3.358757210636,3.358757210636,-1.25));
#14397 = DIRECTION('',(0.,0.,1.));
#14398 = DIRECTION('',(1.,0.,-0.));
#14399 = ADVANCED_FACE('',(#14400),#14412,.T.);
#14400 = FACE_BOUND('',#14401,.T.);
#14401 = EDGE_LOOP('',(#14402,#14410,#14411));
#14402 = ORIENTED_EDGE('',*,*,#14403,.T.);
#14403 = EDGE_CURVE('',#14404,#14362,#14406,.T.);
#14404 = VERTEX_POINT('',#14405);
#14405 = CARTESIAN_POINT('',(-3.358757210636,3.358757210636,-3.5));
#14406 = ( BOUNDED_CURVE() B_SPLINE_CURVE(2,(#14407,#14408,#14409),
.UNSPECIFIED.,.F.,.F.) B_SPLINE_CURVE_WITH_KNOTS((3,3),(0.,
0.785398163397),.PIECEWISE_BEZIER_KNOTS.) CURVE() 
GEOMETRIC_REPRESENTATION_ITEM() RATIONAL_B_SPLINE_CURVE((1.,
0.707106781187,1.)) REPRESENTATION_ITEM('') );
#14407 = CARTESIAN_POINT('',(-3.358757210636,3.358757210636,-3.5));
#14408 = CARTESIAN_POINT('',(-3.858757210636,3.358757210636,-3.5));
#14409 = CARTESIAN_POINT('',(-3.858757210636,3.358757210636,-3.));
#14410 = ORIENTED_EDGE('',*,*,#14370,.F.);
#14411 = ORIENTED_EDGE('',*,*,#14403,.F.);
#14412 = ( BOUNDED_SURFACE() B_SPLINE_SURFACE(2,2,(
    (#14413,#14414,#14415,#14416,#14417,#14418,#14419,#14420,#14421)
    ,(#14422,#14423,#14424,#14425,#14426,#14427,#14428,#14429,#14430)
    ,(#14431,#14432,#14433,#14434,#14435,#14436,#14437,#14438,#14439
)),.UNSPECIFIED.,.F.,.T.,.F.) B_SPLINE_SURFACE_WITH_KNOTS((3,3),(1,2,2,2
    ,2,2,1),(0.,0.785398163397),(-1.570796326795,0.,1.570796326795,
    3.14159265359,4.712388980385,6.28318530718,7.853981633974),
.UNSPECIFIED.) GEOMETRIC_REPRESENTATION_ITEM() RATIONAL_B_SPLINE_SURFACE
((
    (1.,0.707106781187,1.,0.707106781187,1.,0.707106781187,1.
      ,0.707106781187,1.)
    ,(0.707106781187,0.5,0.707106781187,0.5,0.707106781187,0.5
      ,0.707106781187,0.5,0.707106781187)
    ,(1.,0.707106781187,1.,0.707106781187,1.,0.707106781187,1.
,0.707106781187,1.))) REPRESENTATION_ITEM('') SURFACE() );
#14413 = CARTESIAN_POINT('',(-3.358757210636,3.358757210636,-3.5));
#14414 = CARTESIAN_POINT('',(-3.358757210636,3.358757210636,-3.5));
#14415 = CARTESIAN_POINT('',(-3.358757210636,3.358757210636,-3.5));
#14416 = CARTESIAN_POINT('',(-3.358757210636,3.358757210636,-3.5));
#14417 = CARTESIAN_POINT('',(-3.358757210636,3.358757210636,-3.5));
#14418 = CARTESIAN_POINT('',(-3.358757210636,3.358757210636,-3.5));
#14419 = CARTESIAN_POINT('',(-3.358757210636,3.358757210636,-3.5));
#14420 = CARTESIAN_POINT('',(-3.358757210636,3.358757210636,-3.5));
#14421 = CARTESIAN_POINT('',(-3.358757210636,3.358757210636,-3.5));
#14422 = CARTESIAN_POINT('',(-3.858757210636,3.358757210636,-3.5));
#14423 = CARTESIAN_POINT('',(-3.858757210636,3.858757210636,-3.5));
#14424 = CARTESIAN_POINT('',(-3.358757210636,3.858757210636,-3.5));
#14425 = CARTESIAN_POINT('',(-2.858757210636,3.858757210636,-3.5));
#14426 = CARTESIAN_POINT('',(-2.858757210636,3.358757210636,-3.5));
#14427 = CARTESIAN_POINT('',(-2.858757210636,2.858757210636,-3.5));
#14428 = CARTESIAN_POINT('',(-3.358757210636,2.858757210636,-3.5));
#14429 = CARTESIAN_POINT('',(-3.858757210636,2.858757210636,-3.5));
#14430 = CARTESIAN_POINT('',(-3.858757210636,3.358757210636,-3.5));
#14431 = CARTESIAN_POINT('',(-3.858757210636,3.358757210636,-3.));
#14432 = CARTESIAN_POINT('',(-3.858757210636,3.858757210636,-3.));
#14433 = CARTESIAN_POINT('',(-3.358757210636,3.858757210636,-3.));
#14434 = CARTESIAN_POINT('',(-2.858757210636,3.858757210636,-3.));
#14435 = CARTESIAN_POINT('',(-2.858757210636,3.358757210636,-3.));
#14436 = CARTESIAN_POINT('',(-2.858757210636,2.858757210636,-3.));
#14437 = CARTESIAN_POINT('',(-3.358757210636,2.858757210636,-3.));
#14438 = CARTESIAN_POINT('',(-3.858757210636,2.858757210636,-3.));
#14439 = CARTESIAN_POINT('',(-3.858757210636,3.358757210636,-3.));
#14440 = SHELL_BASED_SURFACE_MODEL('',(#14441));
#14441 = OPEN_SHELL('',(#14442,#14486));
#14442 = ADVANCED_FACE('',(#14443),#14481,.T.);
#14443 = FACE_BOUND('',#14444,.T.);
#14444 = EDGE_LOOP('',(#14445,#14456,#14468,#14469));
#14445 = ORIENTED_EDGE('',*,*,#14446,.T.);
#14446 = EDGE_CURVE('',#14447,#14449,#14451,.T.);
#14447 = VERTEX_POINT('',#14448);
#14448 = CARTESIAN_POINT('',(2.858757210636,3.358757210636,0.5));
#14449 = VERTEX_POINT('',#14450);
#14450 = CARTESIAN_POINT('',(2.858757210636,3.358757210636,-3.));
#14451 = ( BOUNDED_CURVE() B_SPLINE_CURVE(3,(#14452,#14453,#14454,#14455
),.UNSPECIFIED.,.F.,.F.) B_SPLINE_CURVE_WITH_KNOTS((4,4),(0.,3.5),
.PIECEWISE_BEZIER_KNOTS.) CURVE() GEOMETRIC_REPRESENTATION_ITEM() 
RATIONAL_B_SPLINE_CURVE((1.,1.,1.,1.)) REPRESENTATION_ITEM('') );
#14452 = CARTESIAN_POINT('',(2.858757210636,3.358757210636,0.5));
#14453 = CARTESIAN_POINT('',(2.858757210636,3.358757210636,
    -0.666666666667));
#14454 = CARTESIAN_POINT('',(2.858757210636,3.358757210636,
    -1.833333333333));
#14455 = CARTESIAN_POINT('',(2.858757210636,3.358757210636,-3.));
#14456 = ORIENTED_EDGE('',*,*,#14457,.T.);
#14457 = EDGE_CURVE('',#14449,#14449,#14458,.T.);
#14458 = ( BOUNDED_CURVE() B_SPLINE_CURVE(2,(#14459,#14460,#14461,#14462
    ,#14463,#14464,#14465,#14466,#14467),.UNSPECIFIED.,.T.,.F.) 
B_SPLINE_CURVE_WITH_KNOTS((1,2,2,2,2,2,1),(-7.853981633974,
    -6.28318530718,-4.712388980385,-3.14159265359,-1.570796326795,0.,
1.570796326795),.UNSPECIFIED.) CURVE() GEOMETRIC_REPRESENTATION_ITEM() 
RATIONAL_B_SPLINE_CURVE((1.,0.707106781187,1.,0.707106781187,1.,
0.707106781187,1.,0.707106781187,1.)) REPRESENTATION_ITEM('') );
#14459 = CARTESIAN_POINT('',(2.858757210636,3.358757210636,-3.));
#14460 = CARTESIAN_POINT('',(2.858757210636,2.858757210636,-3.));
#14461 = CARTESIAN_POINT('',(3.358757210636,2.858757210636,-3.));
#14462 = CARTESIAN_POINT('',(3.858757210636,2.858757210636,-3.));
#14463 = CARTESIAN_POINT('',(3.858757210636,3.358757210636,-3.));
#14464 = CARTESIAN_POINT('',(3.858757210636,3.858757210636,-3.));
#14465 = CARTESIAN_POINT('',(3.358757210636,3.858757210636,-3.));
#14466 = CARTESIAN_POINT('',(2.858757210636,3.858757210636,-3.));
#14467 = CARTESIAN_POINT('',(2.858757210636,3.358757210636,-3.));
#14468 = ORIENTED_EDGE('',*,*,#14446,.F.);
#14469 = ORIENTED_EDGE('',*,*,#14470,.T.);
#14470 = EDGE_CURVE('',#14447,#14447,#14471,.T.);
#14471 = ( BOUNDED_CURVE() B_SPLINE_CURVE(2,(#14472,#14473,#14474,#14475
    ,#14476,#14477,#14478,#14479,#14480),.UNSPECIFIED.,.T.,.F.) 
B_SPLINE_CURVE_WITH_KNOTS((1,2,2,2,2,2,1),(-1.570796326795,0.,
    1.570796326795,3.14159265359,4.712388980385,6.28318530718,
7.853981633974),.UNSPECIFIED.) CURVE() GEOMETRIC_REPRESENTATION_ITEM() 
RATIONAL_B_SPLINE_CURVE((1.,0.707106781187,1.,0.707106781187,1.,
0.707106781187,1.,0.707106781187,1.)) REPRESENTATION_ITEM('') );
#14472 = CARTESIAN_POINT('',(2.858757210636,3.358757210636,0.5));
#14473 = CARTESIAN_POINT('',(2.858757210636,3.858757210636,0.5));
#14474 = CARTESIAN_POINT('',(3.358757210636,3.858757210636,0.5));
#14475 = CARTESIAN_POINT('',(3.858757210636,3.858757210636,0.5));
#14476 = CARTESIAN_POINT('',(3.858757210636,3.358757210636,0.5));
#14477 = CARTESIAN_POINT('',(3.858757210636,2.858757210636,0.5));
#14478 = CARTESIAN_POINT('',(3.358757210636,2.858757210636,0.5));
#14479 = CARTESIAN_POINT('',(2.858757210636,2.858757210636,0.5));
#14480 = CARTESIAN_POINT('',(2.858757210636,3.358757210636,0.5));
#14481 = CYLINDRICAL_SURFACE('',#14482,0.5);
#14482 = AXIS2_PLACEMENT_3D('',#14483,#14484,#14485);
#14483 = CARTESIAN_POINT('',(3.358757210636,3.358757210636,-1.25));
#14484 = DIRECTION('',(0.,0.,1.));
#14485 = DIRECTION('',(1.,0.,-0.));
#14486 = ADVANCED_FACE('',(#14487),#14499,.T.);
#14487 = FACE_BOUND('',#14488,.T.);
#14488 = EDGE_LOOP('',(#14489,#14497,#14498));
#14489 = ORIENTED_EDGE('',*,*,#14490,.T.);
#14490 = EDGE_CURVE('',#14491,#14449,#14493,.T.);
#14491 = VERTEX_POINT('',#14492);
#14492 = CARTESIAN_POINT('',(3.358757210636,3.358757210636,-3.5));
#14493 = ( BOUNDED_CURVE() B_SPLINE_CURVE(2,(#14494,#14495,#14496),
.UNSPECIFIED.,.F.,.F.) B_SPLINE_CURVE_WITH_KNOTS((3,3),(0.,
0.785398163397),.PIECEWISE_BEZIER_KNOTS.) CURVE() 
GEOMETRIC_REPRESENTATION_ITEM() RATIONAL_B_SPLINE_CURVE((1.,
0.707106781187,1.)) REPRESENTATION_ITEM('') );
#14494 = CARTESIAN_POINT('',(3.358757210636,3.358757210636,-3.5));
#14495 = CARTESIAN_POINT('',(2.858757210636,3.358757210636,-3.5));
#14496 = CARTESIAN_POINT('',(2.858757210636,3.358757210636,-3.));
#14497 = ORIENTED_EDGE('',*,*,#14457,.F.);
#14498 = ORIENTED_EDGE('',*,*,#14490,.F.);
#14499 = ( BOUNDED_SURFACE() B_SPLINE_SURFACE(2,2,(
    (#14500,#14501,#14502,#14503,#14504,#14505,#14506,#14507,#14508)
    ,(#14509,#14510,#14511,#14512,#14513,#14514,#14515,#14516,#14517)
    ,(#14518,#14519,#14520,#14521,#14522,#14523,#14524,#14525,#14526
)),.UNSPECIFIED.,.F.,.T.,.F.) B_SPLINE_SURFACE_WITH_KNOTS((3,3),(1,2,2,2
    ,2,2,1),(0.,0.785398163397),(-1.570796326795,0.,1.570796326795,
    3.14159265359,4.712388980385,6.28318530718,7.853981633974),
.UNSPECIFIED.) GEOMETRIC_REPRESENTATION_ITEM() RATIONAL_B_SPLINE_SURFACE
((
    (1.,0.707106781187,1.,0.707106781187,1.,0.707106781187,1.
      ,0.707106781187,1.)
    ,(0.707106781187,0.5,0.707106781187,0.5,0.707106781187,0.5
      ,0.707106781187,0.5,0.707106781187)
    ,(1.,0.707106781187,1.,0.707106781187,1.,0.707106781187,1.
,0.707106781187,1.))) REPRESENTATION_ITEM('') SURFACE() );
#14500 = CARTESIAN_POINT('',(3.358757210636,3.358757210636,-3.5));
#14501 = CARTESIAN_POINT('',(3.358757210636,3.358757210636,-3.5));
#14502 = CARTESIAN_POINT('',(3.358757210636,3.358757210636,-3.5));
#14503 = CARTESIAN_POINT('',(3.358757210636,3.358757210636,-3.5));
#14504 = CARTESIAN_POINT('',(3.358757210636,3.358757210636,-3.5));
#14505 = CARTESIAN_POINT('',(3.358757210636,3.358757210636,-3.5));
#14506 = CARTESIAN_POINT('',(3.358757210636,3.358757210636,-3.5));
#14507 = CARTESIAN_POINT('',(3.358757210636,3.358757210636,-3.5));
#14508 = CARTESIAN_POINT('',(3.358757210636,3.358757210636,-3.5));
#14509 = CARTESIAN_POINT('',(2.858757210636,3.358757210636,-3.5));
#14510 = CARTESIAN_POINT('',(2.858757210636,3.858757210636,-3.5));
#14511 = CARTESIAN_POINT('',(3.358757210636,3.858757210636,-3.5));
#14512 = CARTESIAN_POINT('',(3.858757210636,3.858757210636,-3.5));
#14513 = CARTESIAN_POINT('',(3.858757210636,3.358757210636,-3.5));
#14514 = CARTESIAN_POINT('',(3.858757210636,2.858757210636,-3.5));
#14515 = CARTESIAN_POINT('',(3.358757210636,2.858757210636,-3.5));
#14516 = CARTESIAN_POINT('',(2.858757210636,2.858757210636,-3.5));
#14517 = CARTESIAN_POINT('',(2.858757210636,3.358757210636,-3.5));
#14518 = CARTESIAN_POINT('',(2.858757210636,3.358757210636,-3.));
#14519 = CARTESIAN_POINT('',(2.858757210636,3.858757210636,-3.));
#14520 = CARTESIAN_POINT('',(3.358757210636,3.858757210636,-3.));
#14521 = CARTESIAN_POINT('',(3.858757210636,3.858757210636,-3.));
#14522 = CARTESIAN_POINT('',(3.858757210636,3.358757210636,-3.));
#14523 = CARTESIAN_POINT('',(3.858757210636,2.858757210636,-3.));
#14524 = CARTESIAN_POINT('',(3.358757210636,2.858757210636,-3.));
#14525 = CARTESIAN_POINT('',(2.858757210636,2.858757210636,-3.));
#14526 = CARTESIAN_POINT('',(2.858757210636,3.358757210636,-3.));
#14527 = SHELL_BASED_SURFACE_MODEL('',(#14528));
#14528 = OPEN_SHELL('',(#14529,#14573));
#14529 = ADVANCED_FACE('',(#14530),#14568,.T.);
#14530 = FACE_BOUND('',#14531,.T.);
#14531 = EDGE_LOOP('',(#14532,#14543,#14555,#14556));
#14532 = ORIENTED_EDGE('',*,*,#14533,.T.);
#14533 = EDGE_CURVE('',#14534,#14536,#14538,.T.);
#14534 = VERTEX_POINT('',#14535);
#14535 = CARTESIAN_POINT('',(-0.5,4.75,0.5));
#14536 = VERTEX_POINT('',#14537);
#14537 = CARTESIAN_POINT('',(-0.5,4.75,-3.));
#14538 = ( BOUNDED_CURVE() B_SPLINE_CURVE(3,(#14539,#14540,#14541,#14542
),.UNSPECIFIED.,.F.,.F.) B_SPLINE_CURVE_WITH_KNOTS((4,4),(0.,3.5),
.PIECEWISE_BEZIER_KNOTS.) CURVE() GEOMETRIC_REPRESENTATION_ITEM() 
RATIONAL_B_SPLINE_CURVE((1.,1.,1.,1.)) REPRESENTATION_ITEM('') );
#14539 = CARTESIAN_POINT('',(-0.5,4.75,0.5));
#14540 = CARTESIAN_POINT('',(-0.5,4.75,-0.666666666667));
#14541 = CARTESIAN_POINT('',(-0.5,4.75,-1.833333333333));
#14542 = CARTESIAN_POINT('',(-0.5,4.75,-3.));
#14543 = ORIENTED_EDGE('',*,*,#14544,.T.);
#14544 = EDGE_CURVE('',#14536,#14536,#14545,.T.);
#14545 = ( BOUNDED_CURVE() B_SPLINE_CURVE(2,(#14546,#14547,#14548,#14549
    ,#14550,#14551,#14552,#14553,#14554),.UNSPECIFIED.,.T.,.F.) 
B_SPLINE_CURVE_WITH_KNOTS((1,2,2,2,2,2,1),(-7.853981633974,
    -6.28318530718,-4.712388980385,-3.14159265359,-1.570796326795,0.,
1.570796326795),.UNSPECIFIED.) CURVE() GEOMETRIC_REPRESENTATION_ITEM() 
RATIONAL_B_SPLINE_CURVE((1.,0.707106781187,1.,0.707106781187,1.,
0.707106781187,1.,0.707106781187,1.)) REPRESENTATION_ITEM('') );
#14546 = CARTESIAN_POINT('',(-0.5,4.75,-3.));
#14547 = CARTESIAN_POINT('',(-0.5,4.25,-3.));
#14548 = CARTESIAN_POINT('',(9.184850993605E-17,4.25,-3.));
#14549 = CARTESIAN_POINT('',(0.5,4.25,-3.));
#14550 = CARTESIAN_POINT('',(0.5,4.75,-3.));
#14551 = CARTESIAN_POINT('',(0.5,5.25,-3.));
#14552 = CARTESIAN_POINT('',(-3.061616997868E-17,5.25,-3.));
#14553 = CARTESIAN_POINT('',(-0.5,5.25,-3.));
#14554 = CARTESIAN_POINT('',(-0.5,4.75,-3.));
#14555 = ORIENTED_EDGE('',*,*,#14533,.F.);
#14556 = ORIENTED_EDGE('',*,*,#14557,.T.);
#14557 = EDGE_CURVE('',#14534,#14534,#14558,.T.);
#14558 = ( BOUNDED_CURVE() B_SPLINE_CURVE(2,(#14559,#14560,#14561,#14562
    ,#14563,#14564,#14565,#14566,#14567),.UNSPECIFIED.,.T.,.F.) 
B_SPLINE_CURVE_WITH_KNOTS((1,2,2,2,2,2,1),(-1.570796326795,0.,
    1.570796326795,3.14159265359,4.712388980385,6.28318530718,
7.853981633974),.UNSPECIFIED.) CURVE() GEOMETRIC_REPRESENTATION_ITEM() 
RATIONAL_B_SPLINE_CURVE((1.,0.707106781187,1.,0.707106781187,1.,
0.707106781187,1.,0.707106781187,1.)) REPRESENTATION_ITEM('') );
#14559 = CARTESIAN_POINT('',(-0.5,4.75,0.5));
#14560 = CARTESIAN_POINT('',(-0.5,5.25,0.5));
#14561 = CARTESIAN_POINT('',(-3.061616997868E-17,5.25,0.5));
#14562 = CARTESIAN_POINT('',(0.5,5.25,0.5));
#14563 = CARTESIAN_POINT('',(0.5,4.75,0.5));
#14564 = CARTESIAN_POINT('',(0.5,4.25,0.5));
#14565 = CARTESIAN_POINT('',(9.184850993605E-17,4.25,0.5));
#14566 = CARTESIAN_POINT('',(-0.5,4.25,0.5));
#14567 = CARTESIAN_POINT('',(-0.5,4.75,0.5));
#14568 = CYLINDRICAL_SURFACE('',#14569,0.5);
#14569 = AXIS2_PLACEMENT_3D('',#14570,#14571,#14572);
#14570 = CARTESIAN_POINT('',(0.,4.75,-1.25));
#14571 = DIRECTION('',(0.,0.,1.));
#14572 = DIRECTION('',(1.,0.,-0.));
#14573 = ADVANCED_FACE('',(#14574),#14586,.T.);
#14574 = FACE_BOUND('',#14575,.T.);
#14575 = EDGE_LOOP('',(#14576,#14584,#14585));
#14576 = ORIENTED_EDGE('',*,*,#14577,.T.);
#14577 = EDGE_CURVE('',#14578,#14536,#14580,.T.);
#14578 = VERTEX_POINT('',#14579);
#14579 = CARTESIAN_POINT('',(0.,4.75,-3.5));
#14580 = ( BOUNDED_CURVE() B_SPLINE_CURVE(2,(#14581,#14582,#14583),
.UNSPECIFIED.,.F.,.F.) B_SPLINE_CURVE_WITH_KNOTS((3,3),(0.,
0.785398163397),.PIECEWISE_BEZIER_KNOTS.) CURVE() 
GEOMETRIC_REPRESENTATION_ITEM() RATIONAL_B_SPLINE_CURVE((1.,
0.707106781187,1.)) REPRESENTATION_ITEM('') );
#14581 = CARTESIAN_POINT('',(0.,4.75,-3.5));
#14582 = CARTESIAN_POINT('',(-0.5,4.75,-3.5));
#14583 = CARTESIAN_POINT('',(-0.5,4.75,-3.));
#14584 = ORIENTED_EDGE('',*,*,#14544,.F.);
#14585 = ORIENTED_EDGE('',*,*,#14577,.F.);
#14586 = ( BOUNDED_SURFACE() B_SPLINE_SURFACE(2,2,(
    (#14587,#14588,#14589,#14590,#14591,#14592,#14593,#14594,#14595)
    ,(#14596,#14597,#14598,#14599,#14600,#14601,#14602,#14603,#14604)
    ,(#14605,#14606,#14607,#14608,#14609,#14610,#14611,#14612,#14613
)),.UNSPECIFIED.,.F.,.T.,.F.) B_SPLINE_SURFACE_WITH_KNOTS((3,3),(1,2,2,2
    ,2,2,1),(0.,0.785398163397),(-1.570796326795,0.,1.570796326795,
    3.14159265359,4.712388980385,6.28318530718,7.853981633974),
.UNSPECIFIED.) GEOMETRIC_REPRESENTATION_ITEM() RATIONAL_B_SPLINE_SURFACE
((
    (1.,0.707106781187,1.,0.707106781187,1.,0.707106781187,1.
      ,0.707106781187,1.)
    ,(0.707106781187,0.5,0.707106781187,0.5,0.707106781187,0.5
      ,0.707106781187,0.5,0.707106781187)
    ,(1.,0.707106781187,1.,0.707106781187,1.,0.707106781187,1.
,0.707106781187,1.))) REPRESENTATION_ITEM('') SURFACE() );
#14587 = CARTESIAN_POINT('',(0.,4.75,-3.5));
#14588 = CARTESIAN_POINT('',(0.,4.75,-3.5));
#14589 = CARTESIAN_POINT('',(0.,4.75,-3.5));
#14590 = CARTESIAN_POINT('',(0.,4.75,-3.5));
#14591 = CARTESIAN_POINT('',(0.,4.75,-3.5));
#14592 = CARTESIAN_POINT('',(0.,4.75,-3.5));
#14593 = CARTESIAN_POINT('',(0.,4.75,-3.5));
#14594 = CARTESIAN_POINT('',(0.,4.75,-3.5));
#14595 = CARTESIAN_POINT('',(0.,4.75,-3.5));
#14596 = CARTESIAN_POINT('',(-0.5,4.75,-3.5));
#14597 = CARTESIAN_POINT('',(-0.5,5.25,-3.5));
#14598 = CARTESIAN_POINT('',(-3.061616997868E-17,5.25,-3.5));
#14599 = CARTESIAN_POINT('',(0.5,5.25,-3.5));
#14600 = CARTESIAN_POINT('',(0.5,4.75,-3.5));
#14601 = CARTESIAN_POINT('',(0.5,4.25,-3.5));
#14602 = CARTESIAN_POINT('',(9.184850993605E-17,4.25,-3.5));
#14603 = CARTESIAN_POINT('',(-0.5,4.25,-3.5));
#14604 = CARTESIAN_POINT('',(-0.5,4.75,-3.5));
#14605 = CARTESIAN_POINT('',(-0.5,4.75,-3.));
#14606 = CARTESIAN_POINT('',(-0.5,5.25,-3.));
#14607 = CARTESIAN_POINT('',(-3.061616997868E-17,5.25,-3.));
#14608 = CARTESIAN_POINT('',(0.5,5.25,-3.));
#14609 = CARTESIAN_POINT('',(0.5,4.75,-3.));
#14610 = CARTESIAN_POINT('',(0.5,4.25,-3.));
#14611 = CARTESIAN_POINT('',(9.184850993605E-17,4.25,-3.));
#14612 = CARTESIAN_POINT('',(-0.5,4.25,-3.));
#14613 = CARTESIAN_POINT('',(-0.5,4.75,-3.));
#14614 = SHELL_BASED_SURFACE_MODEL('',(#14615));
#14615 = OPEN_SHELL('',(#14616,#14660));
#14616 = ADVANCED_FACE('',(#14617),#14655,.T.);
#14617 = FACE_BOUND('',#14618,.T.);
#14618 = EDGE_LOOP('',(#14619,#14630,#14642,#14643));
#14619 = ORIENTED_EDGE('',*,*,#14620,.T.);
#14620 = EDGE_CURVE('',#14621,#14623,#14625,.T.);
#14621 = VERTEX_POINT('',#14622);
#14622 = CARTESIAN_POINT('',(-3.858757210636,-3.358757210636,0.5));
#14623 = VERTEX_POINT('',#14624);
#14624 = CARTESIAN_POINT('',(-3.858757210636,-3.358757210636,-3.));
#14625 = ( BOUNDED_CURVE() B_SPLINE_CURVE(3,(#14626,#14627,#14628,#14629
),.UNSPECIFIED.,.F.,.F.) B_SPLINE_CURVE_WITH_KNOTS((4,4),(0.,3.5),
.PIECEWISE_BEZIER_KNOTS.) CURVE() GEOMETRIC_REPRESENTATION_ITEM() 
RATIONAL_B_SPLINE_CURVE((1.,1.,1.,1.)) REPRESENTATION_ITEM('') );
#14626 = CARTESIAN_POINT('',(-3.858757210636,-3.358757210636,0.5));
#14627 = CARTESIAN_POINT('',(-3.858757210636,-3.358757210636,
    -0.666666666667));
#14628 = CARTESIAN_POINT('',(-3.858757210636,-3.358757210636,
    -1.833333333333));
#14629 = CARTESIAN_POINT('',(-3.858757210636,-3.358757210636,-3.));
#14630 = ORIENTED_EDGE('',*,*,#14631,.T.);
#14631 = EDGE_CURVE('',#14623,#14623,#14632,.T.);
#14632 = ( BOUNDED_CURVE() B_SPLINE_CURVE(2,(#14633,#14634,#14635,#14636
    ,#14637,#14638,#14639,#14640,#14641),.UNSPECIFIED.,.T.,.F.) 
B_SPLINE_CURVE_WITH_KNOTS((1,2,2,2,2,2,1),(-7.853981633974,
    -6.28318530718,-4.712388980385,-3.14159265359,-1.570796326795,0.,
1.570796326795),.UNSPECIFIED.) CURVE() GEOMETRIC_REPRESENTATION_ITEM() 
RATIONAL_B_SPLINE_CURVE((1.,0.707106781187,1.,0.707106781187,1.,
0.707106781187,1.,0.707106781187,1.)) REPRESENTATION_ITEM('') );
#14633 = CARTESIAN_POINT('',(-3.858757210636,-3.358757210636,-3.));
#14634 = CARTESIAN_POINT('',(-3.858757210636,-3.858757210636,-3.));
#14635 = CARTESIAN_POINT('',(-3.358757210636,-3.858757210636,-3.));
#14636 = CARTESIAN_POINT('',(-2.858757210636,-3.858757210636,-3.));
#14637 = CARTESIAN_POINT('',(-2.858757210636,-3.358757210636,-3.));
#14638 = CARTESIAN_POINT('',(-2.858757210636,-2.858757210636,-3.));
#14639 = CARTESIAN_POINT('',(-3.358757210636,-2.858757210636,-3.));
#14640 = CARTESIAN_POINT('',(-3.858757210636,-2.858757210636,-3.));
#14641 = CARTESIAN_POINT('',(-3.858757210636,-3.358757210636,-3.));
#14642 = ORIENTED_EDGE('',*,*,#14620,.F.);
#14643 = ORIENTED_EDGE('',*,*,#14644,.T.);
#14644 = EDGE_CURVE('',#14621,#14621,#14645,.T.);
#14645 = ( BOUNDED_CURVE() B_SPLINE_CURVE(2,(#14646,#14647,#14648,#14649
    ,#14650,#14651,#14652,#14653,#14654),.UNSPECIFIED.,.T.,.F.) 
B_SPLINE_CURVE_WITH_KNOTS((1,2,2,2,2,2,1),(-1.570796326795,0.,
    1.570796326795,3.14159265359,4.712388980385,6.28318530718,
7.853981633974),.UNSPECIFIED.) CURVE() GEOMETRIC_REPRESENTATION_ITEM() 
RATIONAL_B_SPLINE_CURVE((1.,0.707106781187,1.,0.707106781187,1.,
0.707106781187,1.,0.707106781187,1.)) REPRESENTATION_ITEM('') );
#14646 = CARTESIAN_POINT('',(-3.858757210636,-3.358757210636,0.5));
#14647 = CARTESIAN_POINT('',(-3.858757210636,-2.858757210636,0.5));
#14648 = CARTESIAN_POINT('',(-3.358757210636,-2.858757210636,0.5));
#14649 = CARTESIAN_POINT('',(-2.858757210636,-2.858757210636,0.5));
#14650 = CARTESIAN_POINT('',(-2.858757210636,-3.358757210636,0.5));
#14651 = CARTESIAN_POINT('',(-2.858757210636,-3.858757210636,0.5));
#14652 = CARTESIAN_POINT('',(-3.358757210636,-3.858757210636,0.5));
#14653 = CARTESIAN_POINT('',(-3.858757210636,-3.858757210636,0.5));
#14654 = CARTESIAN_POINT('',(-3.858757210636,-3.358757210636,0.5));
#14655 = CYLINDRICAL_SURFACE('',#14656,0.5);
#14656 = AXIS2_PLACEMENT_3D('',#14657,#14658,#14659);
#14657 = CARTESIAN_POINT('',(-3.358757210636,-3.358757210636,-1.25));
#14658 = DIRECTION('',(0.,0.,1.));
#14659 = DIRECTION('',(1.,0.,-0.));
#14660 = ADVANCED_FACE('',(#14661),#14673,.T.);
#14661 = FACE_BOUND('',#14662,.T.);
#14662 = EDGE_LOOP('',(#14663,#14671,#14672));
#14663 = ORIENTED_EDGE('',*,*,#14664,.T.);
#14664 = EDGE_CURVE('',#14665,#14623,#14667,.T.);
#14665 = VERTEX_POINT('',#14666);
#14666 = CARTESIAN_POINT('',(-3.358757210636,-3.358757210636,-3.5));
#14667 = ( BOUNDED_CURVE() B_SPLINE_CURVE(2,(#14668,#14669,#14670),
.UNSPECIFIED.,.F.,.F.) B_SPLINE_CURVE_WITH_KNOTS((3,3),(0.,
0.785398163397),.PIECEWISE_BEZIER_KNOTS.) CURVE() 
GEOMETRIC_REPRESENTATION_ITEM() RATIONAL_B_SPLINE_CURVE((1.,
0.707106781187,1.)) REPRESENTATION_ITEM('') );
#14668 = CARTESIAN_POINT('',(-3.358757210636,-3.358757210636,-3.5));
#14669 = CARTESIAN_POINT('',(-3.858757210636,-3.358757210636,-3.5));
#14670 = CARTESIAN_POINT('',(-3.858757210636,-3.358757210636,-3.));
#14671 = ORIENTED_EDGE('',*,*,#14631,.F.);
#14672 = ORIENTED_EDGE('',*,*,#14664,.F.);
#14673 = ( BOUNDED_SURFACE() B_SPLINE_SURFACE(2,2,(
    (#14674,#14675,#14676,#14677,#14678,#14679,#14680,#14681,#14682)
    ,(#14683,#14684,#14685,#14686,#14687,#14688,#14689,#14690,#14691)
    ,(#14692,#14693,#14694,#14695,#14696,#14697,#14698,#14699,#14700
)),.UNSPECIFIED.,.F.,.T.,.F.) B_SPLINE_SURFACE_WITH_KNOTS((3,3),(1,2,2,2
    ,2,2,1),(0.,0.785398163397),(-1.570796326795,0.,1.570796326795,
    3.14159265359,4.712388980385,6.28318530718,7.853981633974),
.UNSPECIFIED.) GEOMETRIC_REPRESENTATION_ITEM() RATIONAL_B_SPLINE_SURFACE
((
    (1.,0.707106781187,1.,0.707106781187,1.,0.707106781187,1.
      ,0.707106781187,1.)
    ,(0.707106781187,0.5,0.707106781187,0.5,0.707106781187,0.5
      ,0.707106781187,0.5,0.707106781187)
    ,(1.,0.707106781187,1.,0.707106781187,1.,0.707106781187,1.
,0.707106781187,1.))) REPRESENTATION_ITEM('') SURFACE() );
#14674 = CARTESIAN_POINT('',(-3.358757210636,-3.358757210636,-3.5));
#14675 = CARTESIAN_POINT('',(-3.358757210636,-3.358757210636,-3.5));
#14676 = CARTESIAN_POINT('',(-3.358757210636,-3.358757210636,-3.5));
#14677 = CARTESIAN_POINT('',(-3.358757210636,-3.358757210636,-3.5));
#14678 = CARTESIAN_POINT('',(-3.358757210636,-3.358757210636,-3.5));
#14679 = CARTESIAN_POINT('',(-3.358757210636,-3.358757210636,-3.5));
#14680 = CARTESIAN_POINT('',(-3.358757210636,-3.358757210636,-3.5));
#14681 = CARTESIAN_POINT('',(-3.358757210636,-3.358757210636,-3.5));
#14682 = CARTESIAN_POINT('',(-3.358757210636,-3.358757210636,-3.5));
#14683 = CARTESIAN_POINT('',(-3.858757210636,-3.358757210636,-3.5));
#14684 = CARTESIAN_POINT('',(-3.858757210636,-2.858757210636,-3.5));
#14685 = CARTESIAN_POINT('',(-3.358757210636,-2.858757210636,-3.5));
#14686 = CARTESIAN_POINT('',(-2.858757210636,-2.858757210636,-3.5));
#14687 = CARTESIAN_POINT('',(-2.858757210636,-3.358757210636,-3.5));
#14688 = CARTESIAN_POINT('',(-2.858757210636,-3.858757210636,-3.5));
#14689 = CARTESIAN_POINT('',(-3.358757210636,-3.858757210636,-3.5));
#14690 = CARTESIAN_POINT('',(-3.858757210636,-3.858757210636,-3.5));
#14691 = CARTESIAN_POINT('',(-3.858757210636,-3.358757210636,-3.5));
#14692 = CARTESIAN_POINT('',(-3.858757210636,-3.358757210636,-3.));
#14693 = CARTESIAN_POINT('',(-3.858757210636,-2.858757210636,-3.));
#14694 = CARTESIAN_POINT('',(-3.358757210636,-2.858757210636,-3.));
#14695 = CARTESIAN_POINT('',(-2.858757210636,-2.858757210636,-3.));
#14696 = CARTESIAN_POINT('',(-2.858757210636,-3.358757210636,-3.));
#14697 = CARTESIAN_POINT('',(-2.858757210636,-3.858757210636,-3.));
#14698 = CARTESIAN_POINT('',(-3.358757210636,-3.858757210636,-3.));
#14699 = CARTESIAN_POINT('',(-3.858757210636,-3.858757210636,-3.));
#14700 = CARTESIAN_POINT('',(-3.858757210636,-3.358757210636,-3.));
#14701 = SHELL_BASED_SURFACE_MODEL('',(#14702));
#14702 = OPEN_SHELL('',(#14703,#14747));
#14703 = ADVANCED_FACE('',(#14704),#14742,.T.);
#14704 = FACE_BOUND('',#14705,.T.);
#14705 = EDGE_LOOP('',(#14706,#14717,#14729,#14730));
#14706 = ORIENTED_EDGE('',*,*,#14707,.T.);
#14707 = EDGE_CURVE('',#14708,#14710,#14712,.T.);
#14708 = VERTEX_POINT('',#14709);
#14709 = CARTESIAN_POINT('',(2.858757210636,-3.358757210636,0.5));
#14710 = VERTEX_POINT('',#14711);
#14711 = CARTESIAN_POINT('',(2.858757210636,-3.358757210636,-3.));
#14712 = ( BOUNDED_CURVE() B_SPLINE_CURVE(3,(#14713,#14714,#14715,#14716
),.UNSPECIFIED.,.F.,.F.) B_SPLINE_CURVE_WITH_KNOTS((4,4),(0.,3.5),
.PIECEWISE_BEZIER_KNOTS.) CURVE() GEOMETRIC_REPRESENTATION_ITEM() 
RATIONAL_B_SPLINE_CURVE((1.,1.,1.,1.)) REPRESENTATION_ITEM('') );
#14713 = CARTESIAN_POINT('',(2.858757210636,-3.358757210636,0.5));
#14714 = CARTESIAN_POINT('',(2.858757210636,-3.358757210636,
    -0.666666666667));
#14715 = CARTESIAN_POINT('',(2.858757210636,-3.358757210636,
    -1.833333333333));
#14716 = CARTESIAN_POINT('',(2.858757210636,-3.358757210636,-3.));
#14717 = ORIENTED_EDGE('',*,*,#14718,.T.);
#14718 = EDGE_CURVE('',#14710,#14710,#14719,.T.);
#14719 = ( BOUNDED_CURVE() B_SPLINE_CURVE(2,(#14720,#14721,#14722,#14723
    ,#14724,#14725,#14726,#14727,#14728),.UNSPECIFIED.,.T.,.F.) 
B_SPLINE_CURVE_WITH_KNOTS((1,2,2,2,2,2,1),(-7.853981633974,
    -6.28318530718,-4.712388980385,-3.14159265359,-1.570796326795,0.,
1.570796326795),.UNSPECIFIED.) CURVE() GEOMETRIC_REPRESENTATION_ITEM() 
RATIONAL_B_SPLINE_CURVE((1.,0.707106781187,1.,0.707106781187,1.,
0.707106781187,1.,0.707106781187,1.)) REPRESENTATION_ITEM('') );
#14720 = CARTESIAN_POINT('',(2.858757210636,-3.358757210636,-3.));
#14721 = CARTESIAN_POINT('',(2.858757210636,-3.858757210636,-3.));
#14722 = CARTESIAN_POINT('',(3.358757210636,-3.858757210636,-3.));
#14723 = CARTESIAN_POINT('',(3.858757210636,-3.858757210636,-3.));
#14724 = CARTESIAN_POINT('',(3.858757210636,-3.358757210636,-3.));
#14725 = CARTESIAN_POINT('',(3.858757210636,-2.858757210636,-3.));
#14726 = CARTESIAN_POINT('',(3.358757210636,-2.858757210636,-3.));
#14727 = CARTESIAN_POINT('',(2.858757210636,-2.858757210636,-3.));
#14728 = CARTESIAN_POINT('',(2.858757210636,-3.358757210636,-3.));
#14729 = ORIENTED_EDGE('',*,*,#14707,.F.);
#14730 = ORIENTED_EDGE('',*,*,#14731,.T.);
#14731 = EDGE_CURVE('',#14708,#14708,#14732,.T.);
#14732 = ( BOUNDED_CURVE() B_SPLINE_CURVE(2,(#14733,#14734,#14735,#14736
    ,#14737,#14738,#14739,#14740,#14741),.UNSPECIFIED.,.T.,.F.) 
B_SPLINE_CURVE_WITH_KNOTS((1,2,2,2,2,2,1),(-1.570796326795,0.,
    1.570796326795,3.14159265359,4.712388980385,6.28318530718,
7.853981633974),.UNSPECIFIED.) CURVE() GEOMETRIC_REPRESENTATION_ITEM() 
RATIONAL_B_SPLINE_CURVE((1.,0.707106781187,1.,0.707106781187,1.,
0.707106781187,1.,0.707106781187,1.)) REPRESENTATION_ITEM('') );
#14733 = CARTESIAN_POINT('',(2.858757210636,-3.358757210636,0.5));
#14734 = CARTESIAN_POINT('',(2.858757210636,-2.858757210636,0.5));
#14735 = CARTESIAN_POINT('',(3.358757210636,-2.858757210636,0.5));
#14736 = CARTESIAN_POINT('',(3.858757210636,-2.858757210636,0.5));
#14737 = CARTESIAN_POINT('',(3.858757210636,-3.358757210636,0.5));
#14738 = CARTESIAN_POINT('',(3.858757210636,-3.858757210636,0.5));
#14739 = CARTESIAN_POINT('',(3.358757210636,-3.858757210636,0.5));
#14740 = CARTESIAN_POINT('',(2.858757210636,-3.858757210636,0.5));
#14741 = CARTESIAN_POINT('',(2.858757210636,-3.358757210636,0.5));
#14742 = CYLINDRICAL_SURFACE('',#14743,0.5);
#14743 = AXIS2_PLACEMENT_3D('',#14744,#14745,#14746);
#14744 = CARTESIAN_POINT('',(3.358757210636,-3.358757210636,-1.25));
#14745 = DIRECTION('',(0.,0.,1.));
#14746 = DIRECTION('',(1.,0.,-0.));
#14747 = ADVANCED_FACE('',(#14748),#14760,.T.);
#14748 = FACE_BOUND('',#14749,.T.);
#14749 = EDGE_LOOP('',(#14750,#14758,#14759));
#14750 = ORIENTED_EDGE('',*,*,#14751,.T.);
#14751 = EDGE_CURVE('',#14752,#14710,#14754,.T.);
#14752 = VERTEX_POINT('',#14753);
#14753 = CARTESIAN_POINT('',(3.358757210636,-3.358757210636,-3.5));
#14754 = ( BOUNDED_CURVE() B_SPLINE_CURVE(2,(#14755,#14756,#14757),
.UNSPECIFIED.,.F.,.F.) B_SPLINE_CURVE_WITH_KNOTS((3,3),(0.,
0.785398163397),.PIECEWISE_BEZIER_KNOTS.) CURVE() 
GEOMETRIC_REPRESENTATION_ITEM() RATIONAL_B_SPLINE_CURVE((1.,
0.707106781187,1.)) REPRESENTATION_ITEM('') );
#14755 = CARTESIAN_POINT('',(3.358757210636,-3.358757210636,-3.5));
#14756 = CARTESIAN_POINT('',(2.858757210636,-3.358757210636,-3.5));
#14757 = CARTESIAN_POINT('',(2.858757210636,-3.358757210636,-3.));
#14758 = ORIENTED_EDGE('',*,*,#14718,.F.);
#14759 = ORIENTED_EDGE('',*,*,#14751,.F.);
#14760 = ( BOUNDED_SURFACE() B_SPLINE_SURFACE(2,2,(
    (#14761,#14762,#14763,#14764,#14765,#14766,#14767,#14768,#14769)
    ,(#14770,#14771,#14772,#14773,#14774,#14775,#14776,#14777,#14778)
    ,(#14779,#14780,#14781,#14782,#14783,#14784,#14785,#14786,#14787
)),.UNSPECIFIED.,.F.,.T.,.F.) B_SPLINE_SURFACE_WITH_KNOTS((3,3),(1,2,2,2
    ,2,2,1),(0.,0.785398163397),(-1.570796326795,0.,1.570796326795,
    3.14159265359,4.712388980385,6.28318530718,7.853981633974),
.UNSPECIFIED.) GEOMETRIC_REPRESENTATION_ITEM() RATIONAL_B_SPLINE_SURFACE
((
    (1.,0.707106781187,1.,0.707106781187,1.,0.707106781187,1.
      ,0.707106781187,1.)
    ,(0.707106781187,0.5,0.707106781187,0.5,0.707106781187,0.5
      ,0.707106781187,0.5,0.707106781187)
    ,(1.,0.707106781187,1.,0.707106781187,1.,0.707106781187,1.
,0.707106781187,1.))) REPRESENTATION_ITEM('') SURFACE() );
#14761 = CARTESIAN_POINT('',(3.358757210636,-3.358757210636,-3.5));
#14762 = CARTESIAN_POINT('',(3.358757210636,-3.358757210636,-3.5));
#14763 = CARTESIAN_POINT('',(3.358757210636,-3.358757210636,-3.5));
#14764 = CARTESIAN_POINT('',(3.358757210636,-3.358757210636,-3.5));
#14765 = CARTESIAN_POINT('',(3.358757210636,-3.358757210636,-3.5));
#14766 = CARTESIAN_POINT('',(3.358757210636,-3.358757210636,-3.5));
#14767 = CARTESIAN_POINT('',(3.358757210636,-3.358757210636,-3.5));
#14768 = CARTESIAN_POINT('',(3.358757210636,-3.358757210636,-3.5));
#14769 = CARTESIAN_POINT('',(3.358757210636,-3.358757210636,-3.5));
#14770 = CARTESIAN_POINT('',(2.858757210636,-3.358757210636,-3.5));
#14771 = CARTESIAN_POINT('',(2.858757210636,-2.858757210636,-3.5));
#14772 = CARTESIAN_POINT('',(3.358757210636,-2.858757210636,-3.5));
#14773 = CARTESIAN_POINT('',(3.858757210636,-2.858757210636,-3.5));
#14774 = CARTESIAN_POINT('',(3.858757210636,-3.358757210636,-3.5));
#14775 = CARTESIAN_POINT('',(3.858757210636,-3.858757210636,-3.5));
#14776 = CARTESIAN_POINT('',(3.358757210636,-3.858757210636,-3.5));
#14777 = CARTESIAN_POINT('',(2.858757210636,-3.858757210636,-3.5));
#14778 = CARTESIAN_POINT('',(2.858757210636,-3.358757210636,-3.5));
#14779 = CARTESIAN_POINT('',(2.858757210636,-3.358757210636,-3.));
#14780 = CARTESIAN_POINT('',(2.858757210636,-2.858757210636,-3.));
#14781 = CARTESIAN_POINT('',(3.358757210636,-2.858757210636,-3.));
#14782 = CARTESIAN_POINT('',(3.858757210636,-2.858757210636,-3.));
#14783 = CARTESIAN_POINT('',(3.858757210636,-3.358757210636,-3.));
#14784 = CARTESIAN_POINT('',(3.858757210636,-3.858757210636,-3.));
#14785 = CARTESIAN_POINT('',(3.358757210636,-3.858757210636,-3.));
#14786 = CARTESIAN_POINT('',(2.858757210636,-3.858757210636,-3.));
#14787 = CARTESIAN_POINT('',(2.858757210636,-3.358757210636,-3.));
#14788 = SHELL_BASED_SURFACE_MODEL('',(#14789));
#14789 = OPEN_SHELL('',(#14790,#14834));
#14790 = ADVANCED_FACE('',(#14791),#14829,.T.);
#14791 = FACE_BOUND('',#14792,.T.);
#14792 = EDGE_LOOP('',(#14793,#14804,#14816,#14817));
#14793 = ORIENTED_EDGE('',*,*,#14794,.T.);
#14794 = EDGE_CURVE('',#14795,#14797,#14799,.T.);
#14795 = VERTEX_POINT('',#14796);
#14796 = CARTESIAN_POINT('',(-0.5,-4.75,0.5));
#14797 = VERTEX_POINT('',#14798);
#14798 = CARTESIAN_POINT('',(-0.5,-4.75,-3.));
#14799 = ( BOUNDED_CURVE() B_SPLINE_CURVE(3,(#14800,#14801,#14802,#14803
),.UNSPECIFIED.,.F.,.F.) B_SPLINE_CURVE_WITH_KNOTS((4,4),(0.,3.5),
.PIECEWISE_BEZIER_KNOTS.) CURVE() GEOMETRIC_REPRESENTATION_ITEM() 
RATIONAL_B_SPLINE_CURVE((1.,1.,1.,1.)) REPRESENTATION_ITEM('') );
#14800 = CARTESIAN_POINT('',(-0.5,-4.75,0.5));
#14801 = CARTESIAN_POINT('',(-0.5,-4.75,-0.666666666667));
#14802 = CARTESIAN_POINT('',(-0.5,-4.75,-1.833333333333));
#14803 = CARTESIAN_POINT('',(-0.5,-4.75,-3.));
#14804 = ORIENTED_EDGE('',*,*,#14805,.T.);
#14805 = EDGE_CURVE('',#14797,#14797,#14806,.T.);
#14806 = ( BOUNDED_CURVE() B_SPLINE_CURVE(2,(#14807,#14808,#14809,#14810
    ,#14811,#14812,#14813,#14814,#14815),.UNSPECIFIED.,.T.,.F.) 
B_SPLINE_CURVE_WITH_KNOTS((1,2,2,2,2,2,1),(-7.853981633974,
    -6.28318530718,-4.712388980385,-3.14159265359,-1.570796326795,0.,
1.570796326795),.UNSPECIFIED.) CURVE() GEOMETRIC_REPRESENTATION_ITEM() 
RATIONAL_B_SPLINE_CURVE((1.,0.707106781187,1.,0.707106781187,1.,
0.707106781187,1.,0.707106781187,1.)) REPRESENTATION_ITEM('') );
#14807 = CARTESIAN_POINT('',(-0.5,-4.75,-3.));
#14808 = CARTESIAN_POINT('',(-0.5,-5.25,-3.));
#14809 = CARTESIAN_POINT('',(9.184850993605E-17,-5.25,-3.));
#14810 = CARTESIAN_POINT('',(0.5,-5.25,-3.));
#14811 = CARTESIAN_POINT('',(0.5,-4.75,-3.));
#14812 = CARTESIAN_POINT('',(0.5,-4.25,-3.));
#14813 = CARTESIAN_POINT('',(-3.061616997868E-17,-4.25,-3.));
#14814 = CARTESIAN_POINT('',(-0.5,-4.25,-3.));
#14815 = CARTESIAN_POINT('',(-0.5,-4.75,-3.));
#14816 = ORIENTED_EDGE('',*,*,#14794,.F.);
#14817 = ORIENTED_EDGE('',*,*,#14818,.T.);
#14818 = EDGE_CURVE('',#14795,#14795,#14819,.T.);
#14819 = ( BOUNDED_CURVE() B_SPLINE_CURVE(2,(#14820,#14821,#14822,#14823
    ,#14824,#14825,#14826,#14827,#14828),.UNSPECIFIED.,.T.,.F.) 
B_SPLINE_CURVE_WITH_KNOTS((1,2,2,2,2,2,1),(-1.570796326795,0.,
    1.570796326795,3.14159265359,4.712388980385,6.28318530718,
7.853981633974),.UNSPECIFIED.) CURVE() GEOMETRIC_REPRESENTATION_ITEM() 
RATIONAL_B_SPLINE_CURVE((1.,0.707106781187,1.,0.707106781187,1.,
0.707106781187,1.,0.707106781187,1.)) REPRESENTATION_ITEM('') );
#14820 = CARTESIAN_POINT('',(-0.5,-4.75,0.5));
#14821 = CARTESIAN_POINT('',(-0.5,-4.25,0.5));
#14822 = CARTESIAN_POINT('',(-3.061616997868E-17,-4.25,0.5));
#14823 = CARTESIAN_POINT('',(0.5,-4.25,0.5));
#14824 = CARTESIAN_POINT('',(0.5,-4.75,0.5));
#14825 = CARTESIAN_POINT('',(0.5,-5.25,0.5));
#14826 = CARTESIAN_POINT('',(9.184850993605E-17,-5.25,0.5));
#14827 = CARTESIAN_POINT('',(-0.5,-5.25,0.5));
#14828 = CARTESIAN_POINT('',(-0.5,-4.75,0.5));
#14829 = CYLINDRICAL_SURFACE('',#14830,0.5);
#14830 = AXIS2_PLACEMENT_3D('',#14831,#14832,#14833);
#14831 = CARTESIAN_POINT('',(0.,-4.75,-1.25));
#14832 = DIRECTION('',(0.,0.,1.));
#14833 = DIRECTION('',(1.,0.,-0.));
#14834 = ADVANCED_FACE('',(#14835),#14847,.T.);
#14835 = FACE_BOUND('',#14836,.T.);
#14836 = EDGE_LOOP('',(#14837,#14845,#14846));
#14837 = ORIENTED_EDGE('',*,*,#14838,.T.);
#14838 = EDGE_CURVE('',#14839,#14797,#14841,.T.);
#14839 = VERTEX_POINT('',#14840);
#14840 = CARTESIAN_POINT('',(0.,-4.75,-3.5));
#14841 = ( BOUNDED_CURVE() B_SPLINE_CURVE(2,(#14842,#14843,#14844),
.UNSPECIFIED.,.F.,.F.) B_SPLINE_CURVE_WITH_KNOTS((3,3),(0.,
0.785398163397),.PIECEWISE_BEZIER_KNOTS.) CURVE() 
GEOMETRIC_REPRESENTATION_ITEM() RATIONAL_B_SPLINE_CURVE((1.,
0.707106781187,1.)) REPRESENTATION_ITEM('') );
#14842 = CARTESIAN_POINT('',(0.,-4.75,-3.5));
#14843 = CARTESIAN_POINT('',(-0.5,-4.75,-3.5));
#14844 = CARTESIAN_POINT('',(-0.5,-4.75,-3.));
#14845 = ORIENTED_EDGE('',*,*,#14805,.F.);
#14846 = ORIENTED_EDGE('',*,*,#14838,.F.);
#14847 = ( BOUNDED_SURFACE() B_SPLINE_SURFACE(2,2,(
    (#14848,#14849,#14850,#14851,#14852,#14853,#14854,#14855,#14856)
    ,(#14857,#14858,#14859,#14860,#14861,#14862,#14863,#14864,#14865)
    ,(#14866,#14867,#14868,#14869,#14870,#14871,#14872,#14873,#14874
)),.UNSPECIFIED.,.F.,.T.,.F.) B_SPLINE_SURFACE_WITH_KNOTS((3,3),(1,2,2,2
    ,2,2,1),(0.,0.785398163397),(-1.570796326795,0.,1.570796326795,
    3.14159265359,4.712388980385,6.28318530718,7.853981633974),
.UNSPECIFIED.) GEOMETRIC_REPRESENTATION_ITEM() RATIONAL_B_SPLINE_SURFACE
((
    (1.,0.707106781187,1.,0.707106781187,1.,0.707106781187,1.
      ,0.707106781187,1.)
    ,(0.707106781187,0.5,0.707106781187,0.5,0.707106781187,0.5
      ,0.707106781187,0.5,0.707106781187)
    ,(1.,0.707106781187,1.,0.707106781187,1.,0.707106781187,1.
,0.707106781187,1.))) REPRESENTATION_ITEM('') SURFACE() );
#14848 = CARTESIAN_POINT('',(0.,-4.75,-3.5));
#14849 = CARTESIAN_POINT('',(0.,-4.75,-3.5));
#14850 = CARTESIAN_POINT('',(0.,-4.75,-3.5));
#14851 = CARTESIAN_POINT('',(0.,-4.75,-3.5));
#14852 = CARTESIAN_POINT('',(0.,-4.75,-3.5));
#14853 = CARTESIAN_POINT('',(0.,-4.75,-3.5));
#14854 = CARTESIAN_POINT('',(0.,-4.75,-3.5));
#14855 = CARTESIAN_POINT('',(0.,-4.75,-3.5));
#14856 = CARTESIAN_POINT('',(0.,-4.75,-3.5));
#14857 = CARTESIAN_POINT('',(-0.5,-4.75,-3.5));
#14858 = CARTESIAN_POINT('',(-0.5,-4.25,-3.5));
#14859 = CARTESIAN_POINT('',(-3.061616997868E-17,-4.25,-3.5));
#14860 = CARTESIAN_POINT('',(0.5,-4.25,-3.5));
#14861 = CARTESIAN_POINT('',(0.5,-4.75,-3.5));
#14862 = CARTESIAN_POINT('',(0.5,-5.25,-3.5));
#14863 = CARTESIAN_POINT('',(9.184850993605E-17,-5.25,-3.5));
#14864 = CARTESIAN_POINT('',(-0.5,-5.25,-3.5));
#14865 = CARTESIAN_POINT('',(-0.5,-4.75,-3.5));
#14866 = CARTESIAN_POINT('',(-0.5,-4.75,-3.));
#14867 = CARTESIAN_POINT('',(-0.5,-4.25,-3.));
#14868 = CARTESIAN_POINT('',(-3.061616997868E-17,-4.25,-3.));
#14869 = CARTESIAN_POINT('',(0.5,-4.25,-3.));
#14870 = CARTESIAN_POINT('',(0.5,-4.75,-3.));
#14871 = CARTESIAN_POINT('',(0.5,-5.25,-3.));
#14872 = CARTESIAN_POINT('',(9.184850993605E-17,-5.25,-3.));
#14873 = CARTESIAN_POINT('',(-0.5,-5.25,-3.));
#14874 = CARTESIAN_POINT('',(-0.5,-4.75,-3.));
#14875 = SHELL_BASED_SURFACE_MODEL('',(#14876));
#14876 = OPEN_SHELL('',(#14877,#14921));
#14877 = ADVANCED_FACE('',(#14878),#14916,.T.);
#14878 = FACE_BOUND('',#14879,.T.);
#14879 = EDGE_LOOP('',(#14880,#14891,#14903,#14904));
#14880 = ORIENTED_EDGE('',*,*,#14881,.T.);
#14881 = EDGE_CURVE('',#14882,#14884,#14886,.T.);
#14882 = VERTEX_POINT('',#14883);
#14883 = CARTESIAN_POINT('',(-3.858757210636,3.358757210636,0.5));
#14884 = VERTEX_POINT('',#14885);
#14885 = CARTESIAN_POINT('',(-3.858757210636,3.358757210636,-3.));
#14886 = ( BOUNDED_CURVE() B_SPLINE_CURVE(3,(#14887,#14888,#14889,#14890
),.UNSPECIFIED.,.F.,.F.) B_SPLINE_CURVE_WITH_KNOTS((4,4),(0.,3.5),
.PIECEWISE_BEZIER_KNOTS.) CURVE() GEOMETRIC_REPRESENTATION_ITEM() 
RATIONAL_B_SPLINE_CURVE((1.,1.,1.,1.)) REPRESENTATION_ITEM('') );
#14887 = CARTESIAN_POINT('',(-3.858757210636,3.358757210636,0.5));
#14888 = CARTESIAN_POINT('',(-3.858757210636,3.358757210636,
    -0.666666666667));
#14889 = CARTESIAN_POINT('',(-3.858757210636,3.358757210636,
    -1.833333333333));
#14890 = CARTESIAN_POINT('',(-3.858757210636,3.358757210636,-3.));
#14891 = ORIENTED_EDGE('',*,*,#14892,.T.);
#14892 = EDGE_CURVE('',#14884,#14884,#14893,.T.);
#14893 = ( BOUNDED_CURVE() B_SPLINE_CURVE(2,(#14894,#14895,#14896,#14897
    ,#14898,#14899,#14900,#14901,#14902),.UNSPECIFIED.,.T.,.F.) 
B_SPLINE_CURVE_WITH_KNOTS((1,2,2,2,2,2,1),(-7.853981633974,
    -6.28318530718,-4.712388980385,-3.14159265359,-1.570796326795,0.,
1.570796326795),.UNSPECIFIED.) CURVE() GEOMETRIC_REPRESENTATION_ITEM() 
RATIONAL_B_SPLINE_CURVE((1.,0.707106781187,1.,0.707106781187,1.,
0.707106781187,1.,0.707106781187,1.)) REPRESENTATION_ITEM('') );
#14894 = CARTESIAN_POINT('',(-3.858757210636,3.358757210636,-3.));
#14895 = CARTESIAN_POINT('',(-3.858757210636,2.858757210636,-3.));
#14896 = CARTESIAN_POINT('',(-3.358757210636,2.858757210636,-3.));
#14897 = CARTESIAN_POINT('',(-2.858757210636,2.858757210636,-3.));
#14898 = CARTESIAN_POINT('',(-2.858757210636,3.358757210636,-3.));
#14899 = CARTESIAN_POINT('',(-2.858757210636,3.858757210636,-3.));
#14900 = CARTESIAN_POINT('',(-3.358757210636,3.858757210636,-3.));
#14901 = CARTESIAN_POINT('',(-3.858757210636,3.858757210636,-3.));
#14902 = CARTESIAN_POINT('',(-3.858757210636,3.358757210636,-3.));
#14903 = ORIENTED_EDGE('',*,*,#14881,.F.);
#14904 = ORIENTED_EDGE('',*,*,#14905,.T.);
#14905 = EDGE_CURVE('',#14882,#14882,#14906,.T.);
#14906 = ( BOUNDED_CURVE() B_SPLINE_CURVE(2,(#14907,#14908,#14909,#14910
    ,#14911,#14912,#14913,#14914,#14915),.UNSPECIFIED.,.T.,.F.) 
B_SPLINE_CURVE_WITH_KNOTS((1,2,2,2,2,2,1),(-1.570796326795,0.,
    1.570796326795,3.14159265359,4.712388980385,6.28318530718,
7.853981633974),.UNSPECIFIED.) CURVE() GEOMETRIC_REPRESENTATION_ITEM() 
RATIONAL_B_SPLINE_CURVE((1.,0.707106781187,1.,0.707106781187,1.,
0.707106781187,1.,0.707106781187,1.)) REPRESENTATION_ITEM('') );
#14907 = CARTESIAN_POINT('',(-3.858757210636,3.358757210636,0.5));
#14908 = CARTESIAN_POINT('',(-3.858757210636,3.858757210636,0.5));
#14909 = CARTESIAN_POINT('',(-3.358757210636,3.858757210636,0.5));
#14910 = CARTESIAN_POINT('',(-2.858757210636,3.858757210636,0.5));
#14911 = CARTESIAN_POINT('',(-2.858757210636,3.358757210636,0.5));
#14912 = CARTESIAN_POINT('',(-2.858757210636,2.858757210636,0.5));
#14913 = CARTESIAN_POINT('',(-3.358757210636,2.858757210636,0.5));
#14914 = CARTESIAN_POINT('',(-3.858757210636,2.858757210636,0.5));
#14915 = CARTESIAN_POINT('',(-3.858757210636,3.358757210636,0.5));
#14916 = CYLINDRICAL_SURFACE('',#14917,0.5);
#14917 = AXIS2_PLACEMENT_3D('',#14918,#14919,#14920);
#14918 = CARTESIAN_POINT('',(-3.358757210636,3.358757210636,-1.25));
#14919 = DIRECTION('',(0.,0.,1.));
#14920 = DIRECTION('',(1.,0.,-0.));
#14921 = ADVANCED_FACE('',(#14922),#14934,.T.);
#14922 = FACE_BOUND('',#14923,.T.);
#14923 = EDGE_LOOP('',(#14924,#14932,#14933));
#14924 = ORIENTED_EDGE('',*,*,#14925,.T.);
#14925 = EDGE_CURVE('',#14926,#14884,#14928,.T.);
#14926 = VERTEX_POINT('',#14927);
#14927 = CARTESIAN_POINT('',(-3.358757210636,3.358757210636,-3.5));
#14928 = ( BOUNDED_CURVE() B_SPLINE_CURVE(2,(#14929,#14930,#14931),
.UNSPECIFIED.,.F.,.F.) B_SPLINE_CURVE_WITH_KNOTS((3,3),(0.,
0.785398163397),.PIECEWISE_BEZIER_KNOTS.) CURVE() 
GEOMETRIC_REPRESENTATION_ITEM() RATIONAL_B_SPLINE_CURVE((1.,
0.707106781187,1.)) REPRESENTATION_ITEM('') );
#14929 = CARTESIAN_POINT('',(-3.358757210636,3.358757210636,-3.5));
#14930 = CARTESIAN_POINT('',(-3.858757210636,3.358757210636,-3.5));
#14931 = CARTESIAN_POINT('',(-3.858757210636,3.358757210636,-3.));
#14932 = ORIENTED_EDGE('',*,*,#14892,.F.);
#14933 = ORIENTED_EDGE('',*,*,#14925,.F.);
#14934 = ( BOUNDED_SURFACE() B_SPLINE_SURFACE(2,2,(
    (#14935,#14936,#14937,#14938,#14939,#14940,#14941,#14942,#14943)
    ,(#14944,#14945,#14946,#14947,#14948,#14949,#14950,#14951,#14952)
    ,(#14953,#14954,#14955,#14956,#14957,#14958,#14959,#14960,#14961
)),.UNSPECIFIED.,.F.,.T.,.F.) B_SPLINE_SURFACE_WITH_KNOTS((3,3),(1,2,2,2
    ,2,2,1),(0.,0.785398163397),(-1.570796326795,0.,1.570796326795,
    3.14159265359,4.712388980385,6.28318530718,7.853981633974),
.UNSPECIFIED.) GEOMETRIC_REPRESENTATION_ITEM() RATIONAL_B_SPLINE_SURFACE
((
    (1.,0.707106781187,1.,0.707106781187,1.,0.707106781187,1.
      ,0.707106781187,1.)
    ,(0.707106781187,0.5,0.707106781187,0.5,0.707106781187,0.5
      ,0.707106781187,0.5,0.707106781187)
    ,(1.,0.707106781187,1.,0.707106781187,1.,0.707106781187,1.
,0.707106781187,1.))) REPRESENTATION_ITEM('') SURFACE() );
#14935 = CARTESIAN_POINT('',(-3.358757210636,3.358757210636,-3.5));
#14936 = CARTESIAN_POINT('',(-3.358757210636,3.358757210636,-3.5));
#14937 = CARTESIAN_POINT('',(-3.358757210636,3.358757210636,-3.5));
#14938 = CARTESIAN_POINT('',(-3.358757210636,3.358757210636,-3.5));
#14939 = CARTESIAN_POINT('',(-3.358757210636,3.358757210636,-3.5));
#14940 = CARTESIAN_POINT('',(-3.358757210636,3.358757210636,-3.5));
#14941 = CARTESIAN_POINT('',(-3.358757210636,3.358757210636,-3.5));
#14942 = CARTESIAN_POINT('',(-3.358757210636,3.358757210636,-3.5));
#14943 = CARTESIAN_POINT('',(-3.358757210636,3.358757210636,-3.5));
#14944 = CARTESIAN_POINT('',(-3.858757210636,3.358757210636,-3.5));
#14945 = CARTESIAN_POINT('',(-3.858757210636,3.858757210636,-3.5));
#14946 = CARTESIAN_POINT('',(-3.358757210636,3.858757210636,-3.5));
#14947 = CARTESIAN_POINT('',(-2.858757210636,3.858757210636,-3.5));
#14948 = CARTESIAN_POINT('',(-2.858757210636,3.358757210636,-3.5));
#14949 = CARTESIAN_POINT('',(-2.858757210636,2.858757210636,-3.5));
#14950 = CARTESIAN_POINT('',(-3.358757210636,2.858757210636,-3.5));
#14951 = CARTESIAN_POINT('',(-3.858757210636,2.858757210636,-3.5));
#14952 = CARTESIAN_POINT('',(-3.858757210636,3.358757210636,-3.5));
#14953 = CARTESIAN_POINT('',(-3.858757210636,3.358757210636,-3.));
#14954 = CARTESIAN_POINT('',(-3.858757210636,3.858757210636,-3.));
#14955 = CARTESIAN_POINT('',(-3.358757210636,3.858757210636,-3.));
#14956 = CARTESIAN_POINT('',(-2.858757210636,3.858757210636,-3.));
#14957 = CARTESIAN_POINT('',(-2.858757210636,3.358757210636,-3.));
#14958 = CARTESIAN_POINT('',(-2.858757210636,2.858757210636,-3.));
#14959 = CARTESIAN_POINT('',(-3.358757210636,2.858757210636,-3.));
#14960 = CARTESIAN_POINT('',(-3.858757210636,2.858757210636,-3.));
#14961 = CARTESIAN_POINT('',(-3.858757210636,3.358757210636,-3.));
#14962 = SHELL_BASED_SURFACE_MODEL('',(#14963));
#14963 = OPEN_SHELL('',(#14964,#15008));
#14964 = ADVANCED_FACE('',(#14965),#15003,.T.);
#14965 = FACE_BOUND('',#14966,.T.);
#14966 = EDGE_LOOP('',(#14967,#14978,#14990,#14991));
#14967 = ORIENTED_EDGE('',*,*,#14968,.T.);
#14968 = EDGE_CURVE('',#14969,#14971,#14973,.T.);
#14969 = VERTEX_POINT('',#14970);
#14970 = CARTESIAN_POINT('',(2.858757210636,3.358757210636,0.5));
#14971 = VERTEX_POINT('',#14972);
#14972 = CARTESIAN_POINT('',(2.858757210636,3.358757210636,-3.));
#14973 = ( BOUNDED_CURVE() B_SPLINE_CURVE(3,(#14974,#14975,#14976,#14977
),.UNSPECIFIED.,.F.,.F.) B_SPLINE_CURVE_WITH_KNOTS((4,4),(0.,3.5),
.PIECEWISE_BEZIER_KNOTS.) CURVE() GEOMETRIC_REPRESENTATION_ITEM() 
RATIONAL_B_SPLINE_CURVE((1.,1.,1.,1.)) REPRESENTATION_ITEM('') );
#14974 = CARTESIAN_POINT('',(2.858757210636,3.358757210636,0.5));
#14975 = CARTESIAN_POINT('',(2.858757210636,3.358757210636,
    -0.666666666667));
#14976 = CARTESIAN_POINT('',(2.858757210636,3.358757210636,
    -1.833333333333));
#14977 = CARTESIAN_POINT('',(2.858757210636,3.358757210636,-3.));
#14978 = ORIENTED_EDGE('',*,*,#14979,.T.);
#14979 = EDGE_CURVE('',#14971,#14971,#14980,.T.);
#14980 = ( BOUNDED_CURVE() B_SPLINE_CURVE(2,(#14981,#14982,#14983,#14984
    ,#14985,#14986,#14987,#14988,#14989),.UNSPECIFIED.,.T.,.F.) 
B_SPLINE_CURVE_WITH_KNOTS((1,2,2,2,2,2,1),(-7.853981633974,
    -6.28318530718,-4.712388980385,-3.14159265359,-1.570796326795,0.,
1.570796326795),.UNSPECIFIED.) CURVE() GEOMETRIC_REPRESENTATION_ITEM() 
RATIONAL_B_SPLINE_CURVE((1.,0.707106781187,1.,0.707106781187,1.,
0.707106781187,1.,0.707106781187,1.)) REPRESENTATION_ITEM('') );
#14981 = CARTESIAN_POINT('',(2.858757210636,3.358757210636,-3.));
#14982 = CARTESIAN_POINT('',(2.858757210636,2.858757210636,-3.));
#14983 = CARTESIAN_POINT('',(3.358757210636,2.858757210636,-3.));
#14984 = CARTESIAN_POINT('',(3.858757210636,2.858757210636,-3.));
#14985 = CARTESIAN_POINT('',(3.858757210636,3.358757210636,-3.));
#14986 = CARTESIAN_POINT('',(3.858757210636,3.858757210636,-3.));
#14987 = CARTESIAN_POINT('',(3.358757210636,3.858757210636,-3.));
#14988 = CARTESIAN_POINT('',(2.858757210636,3.858757210636,-3.));
#14989 = CARTESIAN_POINT('',(2.858757210636,3.358757210636,-3.));
#14990 = ORIENTED_EDGE('',*,*,#14968,.F.);
#14991 = ORIENTED_EDGE('',*,*,#14992,.T.);
#14992 = EDGE_CURVE('',#14969,#14969,#14993,.T.);
#14993 = ( BOUNDED_CURVE() B_SPLINE_CURVE(2,(#14994,#14995,#14996,#14997
    ,#14998,#14999,#15000,#15001,#15002),.UNSPECIFIED.,.T.,.F.) 
B_SPLINE_CURVE_WITH_KNOTS((1,2,2,2,2,2,1),(-1.570796326795,0.,
    1.570796326795,3.14159265359,4.712388980385,6.28318530718,
7.853981633974),.UNSPECIFIED.) CURVE() GEOMETRIC_REPRESENTATION_ITEM() 
RATIONAL_B_SPLINE_CURVE((1.,0.707106781187,1.,0.707106781187,1.,
0.707106781187,1.,0.707106781187,1.)) REPRESENTATION_ITEM('') );
#14994 = CARTESIAN_POINT('',(2.858757210636,3.358757210636,0.5));
#14995 = CARTESIAN_POINT('',(2.858757210636,3.858757210636,0.5));
#14996 = CARTESIAN_POINT('',(3.358757210636,3.858757210636,0.5));
#14997 = CARTESIAN_POINT('',(3.858757210636,3.858757210636,0.5));
#14998 = CARTESIAN_POINT('',(3.858757210636,3.358757210636,0.5));
#14999 = CARTESIAN_POINT('',(3.858757210636,2.858757210636,0.5));
#15000 = CARTESIAN_POINT('',(3.358757210636,2.858757210636,0.5));
#15001 = CARTESIAN_POINT('',(2.858757210636,2.858757210636,0.5));
#15002 = CARTESIAN_POINT('',(2.858757210636,3.358757210636,0.5));
#15003 = CYLINDRICAL_SURFACE('',#15004,0.5);
#15004 = AXIS2_PLACEMENT_3D('',#15005,#15006,#15007);
#15005 = CARTESIAN_POINT('',(3.358757210636,3.358757210636,-1.25));
#15006 = DIRECTION('',(0.,0.,1.));
#15007 = DIRECTION('',(1.,0.,-0.));
#15008 = ADVANCED_FACE('',(#15009),#15021,.T.);
#15009 = FACE_BOUND('',#15010,.T.);
#15010 = EDGE_LOOP('',(#15011,#15019,#15020));
#15011 = ORIENTED_EDGE('',*,*,#15012,.T.);
#15012 = EDGE_CURVE('',#15013,#14971,#15015,.T.);
#15013 = VERTEX_POINT('',#15014);
#15014 = CARTESIAN_POINT('',(3.358757210636,3.358757210636,-3.5));
#15015 = ( BOUNDED_CURVE() B_SPLINE_CURVE(2,(#15016,#15017,#15018),
.UNSPECIFIED.,.F.,.F.) B_SPLINE_CURVE_WITH_KNOTS((3,3),(0.,
0.785398163397),.PIECEWISE_BEZIER_KNOTS.) CURVE() 
GEOMETRIC_REPRESENTATION_ITEM() RATIONAL_B_SPLINE_CURVE((1.,
0.707106781187,1.)) REPRESENTATION_ITEM('') );
#15016 = CARTESIAN_POINT('',(3.358757210636,3.358757210636,-3.5));
#15017 = CARTESIAN_POINT('',(2.858757210636,3.358757210636,-3.5));
#15018 = CARTESIAN_POINT('',(2.858757210636,3.358757210636,-3.));
#15019 = ORIENTED_EDGE('',*,*,#14979,.F.);
#15020 = ORIENTED_EDGE('',*,*,#15012,.F.);
#15021 = ( BOUNDED_SURFACE() B_SPLINE_SURFACE(2,2,(
    (#15022,#15023,#15024,#15025,#15026,#15027,#15028,#15029,#15030)
    ,(#15031,#15032,#15033,#15034,#15035,#15036,#15037,#15038,#15039)
    ,(#15040,#15041,#15042,#15043,#15044,#15045,#15046,#15047,#15048
)),.UNSPECIFIED.,.F.,.T.,.F.) B_SPLINE_SURFACE_WITH_KNOTS((3,3),(1,2,2,2
    ,2,2,1),(0.,0.785398163397),(-1.570796326795,0.,1.570796326795,
    3.14159265359,4.712388980385,6.28318530718,7.853981633974),
.UNSPECIFIED.) GEOMETRIC_REPRESENTATION_ITEM() RATIONAL_B_SPLINE_SURFACE
((
    (1.,0.707106781187,1.,0.707106781187,1.,0.707106781187,1.
      ,0.707106781187,1.)
    ,(0.707106781187,0.5,0.707106781187,0.5,0.707106781187,0.5
      ,0.707106781187,0.5,0.707106781187)
    ,(1.,0.707106781187,1.,0.707106781187,1.,0.707106781187,1.
,0.707106781187,1.))) REPRESENTATION_ITEM('') SURFACE() );
#15022 = CARTESIAN_POINT('',(3.358757210636,3.358757210636,-3.5));
#15023 = CARTESIAN_POINT('',(3.358757210636,3.358757210636,-3.5));
#15024 = CARTESIAN_POINT('',(3.358757210636,3.358757210636,-3.5));
#15025 = CARTESIAN_POINT('',(3.358757210636,3.358757210636,-3.5));
#15026 = CARTESIAN_POINT('',(3.358757210636,3.358757210636,-3.5));
#15027 = CARTESIAN_POINT('',(3.358757210636,3.358757210636,-3.5));
#15028 = CARTESIAN_POINT('',(3.358757210636,3.358757210636,-3.5));
#15029 = CARTESIAN_POINT('',(3.358757210636,3.358757210636,-3.5));
#15030 = CARTESIAN_POINT('',(3.358757210636,3.358757210636,-3.5));
#15031 = CARTESIAN_POINT('',(2.858757210636,3.358757210636,-3.5));
#15032 = CARTESIAN_POINT('',(2.858757210636,3.858757210636,-3.5));
#15033 = CARTESIAN_POINT('',(3.358757210636,3.858757210636,-3.5));
#15034 = CARTESIAN_POINT('',(3.858757210636,3.858757210636,-3.5));
#15035 = CARTESIAN_POINT('',(3.858757210636,3.358757210636,-3.5));
#15036 = CARTESIAN_POINT('',(3.858757210636,2.858757210636,-3.5));
#15037 = CARTESIAN_POINT('',(3.358757210636,2.858757210636,-3.5));
#15038 = CARTESIAN_POINT('',(2.858757210636,2.858757210636,-3.5));
#15039 = CARTESIAN_POINT('',(2.858757210636,3.358757210636,-3.5));
#15040 = CARTESIAN_POINT('',(2.858757210636,3.358757210636,-3.));
#15041 = CARTESIAN_POINT('',(2.858757210636,3.858757210636,-3.));
#15042 = CARTESIAN_POINT('',(3.358757210636,3.858757210636,-3.));
#15043 = CARTESIAN_POINT('',(3.858757210636,3.858757210636,-3.));
#15044 = CARTESIAN_POINT('',(3.858757210636,3.358757210636,-3.));
#15045 = CARTESIAN_POINT('',(3.858757210636,2.858757210636,-3.));
#15046 = CARTESIAN_POINT('',(3.358757210636,2.858757210636,-3.));
#15047 = CARTESIAN_POINT('',(2.858757210636,2.858757210636,-3.));
#15048 = CARTESIAN_POINT('',(2.858757210636,3.358757210636,-3.));
#15049 = SHELL_BASED_SURFACE_MODEL('',(#15050));
#15050 = OPEN_SHELL('',(#15051,#15095));
#15051 = ADVANCED_FACE('',(#15052),#15090,.T.);
#15052 = FACE_BOUND('',#15053,.T.);
#15053 = EDGE_LOOP('',(#15054,#15065,#15077,#15078));
#15054 = ORIENTED_EDGE('',*,*,#15055,.T.);
#15055 = EDGE_CURVE('',#15056,#15058,#15060,.T.);
#15056 = VERTEX_POINT('',#15057);
#15057 = CARTESIAN_POINT('',(-0.5,4.75,0.5));
#15058 = VERTEX_POINT('',#15059);
#15059 = CARTESIAN_POINT('',(-0.5,4.75,-3.));
#15060 = ( BOUNDED_CURVE() B_SPLINE_CURVE(3,(#15061,#15062,#15063,#15064
),.UNSPECIFIED.,.F.,.F.) B_SPLINE_CURVE_WITH_KNOTS((4,4),(0.,3.5),
.PIECEWISE_BEZIER_KNOTS.) CURVE() GEOMETRIC_REPRESENTATION_ITEM() 
RATIONAL_B_SPLINE_CURVE((1.,1.,1.,1.)) REPRESENTATION_ITEM('') );
#15061 = CARTESIAN_POINT('',(-0.5,4.75,0.5));
#15062 = CARTESIAN_POINT('',(-0.5,4.75,-0.666666666667));
#15063 = CARTESIAN_POINT('',(-0.5,4.75,-1.833333333333));
#15064 = CARTESIAN_POINT('',(-0.5,4.75,-3.));
#15065 = ORIENTED_EDGE('',*,*,#15066,.T.);
#15066 = EDGE_CURVE('',#15058,#15058,#15067,.T.);
#15067 = ( BOUNDED_CURVE() B_SPLINE_CURVE(2,(#15068,#15069,#15070,#15071
    ,#15072,#15073,#15074,#15075,#15076),.UNSPECIFIED.,.T.,.F.) 
B_SPLINE_CURVE_WITH_KNOTS((1,2,2,2,2,2,1),(-7.853981633974,
    -6.28318530718,-4.712388980385,-3.14159265359,-1.570796326795,0.,
1.570796326795),.UNSPECIFIED.) CURVE() GEOMETRIC_REPRESENTATION_ITEM() 
RATIONAL_B_SPLINE_CURVE((1.,0.707106781187,1.,0.707106781187,1.,
0.707106781187,1.,0.707106781187,1.)) REPRESENTATION_ITEM('') );
#15068 = CARTESIAN_POINT('',(-0.5,4.75,-3.));
#15069 = CARTESIAN_POINT('',(-0.5,4.25,-3.));
#15070 = CARTESIAN_POINT('',(9.184850993605E-17,4.25,-3.));
#15071 = CARTESIAN_POINT('',(0.5,4.25,-3.));
#15072 = CARTESIAN_POINT('',(0.5,4.75,-3.));
#15073 = CARTESIAN_POINT('',(0.5,5.25,-3.));
#15074 = CARTESIAN_POINT('',(-3.061616997868E-17,5.25,-3.));
#15075 = CARTESIAN_POINT('',(-0.5,5.25,-3.));
#15076 = CARTESIAN_POINT('',(-0.5,4.75,-3.));
#15077 = ORIENTED_EDGE('',*,*,#15055,.F.);
#15078 = ORIENTED_EDGE('',*,*,#15079,.T.);
#15079 = EDGE_CURVE('',#15056,#15056,#15080,.T.);
#15080 = ( BOUNDED_CURVE() B_SPLINE_CURVE(2,(#15081,#15082,#15083,#15084
    ,#15085,#15086,#15087,#15088,#15089),.UNSPECIFIED.,.T.,.F.) 
B_SPLINE_CURVE_WITH_KNOTS((1,2,2,2,2,2,1),(-1.570796326795,0.,
    1.570796326795,3.14159265359,4.712388980385,6.28318530718,
7.853981633974),.UNSPECIFIED.) CURVE() GEOMETRIC_REPRESENTATION_ITEM() 
RATIONAL_B_SPLINE_CURVE((1.,0.707106781187,1.,0.707106781187,1.,
0.707106781187,1.,0.707106781187,1.)) REPRESENTATION_ITEM('') );
#15081 = CARTESIAN_POINT('',(-0.5,4.75,0.5));
#15082 = CARTESIAN_POINT('',(-0.5,5.25,0.5));
#15083 = CARTESIAN_POINT('',(-3.061616997868E-17,5.25,0.5));
#15084 = CARTESIAN_POINT('',(0.5,5.25,0.5));
#15085 = CARTESIAN_POINT('',(0.5,4.75,0.5));
#15086 = CARTESIAN_POINT('',(0.5,4.25,0.5));
#15087 = CARTESIAN_POINT('',(9.184850993605E-17,4.25,0.5));
#15088 = CARTESIAN_POINT('',(-0.5,4.25,0.5));
#15089 = CARTESIAN_POINT('',(-0.5,4.75,0.5));
#15090 = CYLINDRICAL_SURFACE('',#15091,0.5);
#15091 = AXIS2_PLACEMENT_3D('',#15092,#15093,#15094);
#15092 = CARTESIAN_POINT('',(0.,4.75,-1.25));
#15093 = DIRECTION('',(0.,0.,1.));
#15094 = DIRECTION('',(1.,0.,-0.));
#15095 = ADVANCED_FACE('',(#15096),#15108,.T.);
#15096 = FACE_BOUND('',#15097,.T.);
#15097 = EDGE_LOOP('',(#15098,#15106,#15107));
#15098 = ORIENTED_EDGE('',*,*,#15099,.T.);
#15099 = EDGE_CURVE('',#15100,#15058,#15102,.T.);
#15100 = VERTEX_POINT('',#15101);
#15101 = CARTESIAN_POINT('',(0.,4.75,-3.5));
#15102 = ( BOUNDED_CURVE() B_SPLINE_CURVE(2,(#15103,#15104,#15105),
.UNSPECIFIED.,.F.,.F.) B_SPLINE_CURVE_WITH_KNOTS((3,3),(0.,
0.785398163397),.PIECEWISE_BEZIER_KNOTS.) CURVE() 
GEOMETRIC_REPRESENTATION_ITEM() RATIONAL_B_SPLINE_CURVE((1.,
0.707106781187,1.)) REPRESENTATION_ITEM('') );
#15103 = CARTESIAN_POINT('',(0.,4.75,-3.5));
#15104 = CARTESIAN_POINT('',(-0.5,4.75,-3.5));
#15105 = CARTESIAN_POINT('',(-0.5,4.75,-3.));
#15106 = ORIENTED_EDGE('',*,*,#15066,.F.);
#15107 = ORIENTED_EDGE('',*,*,#15099,.F.);
#15108 = ( BOUNDED_SURFACE() B_SPLINE_SURFACE(2,2,(
    (#15109,#15110,#15111,#15112,#15113,#15114,#15115,#15116,#15117)
    ,(#15118,#15119,#15120,#15121,#15122,#15123,#15124,#15125,#15126)
    ,(#15127,#15128,#15129,#15130,#15131,#15132,#15133,#15134,#15135
)),.UNSPECIFIED.,.F.,.T.,.F.) B_SPLINE_SURFACE_WITH_KNOTS((3,3),(1,2,2,2
    ,2,2,1),(0.,0.785398163397),(-1.570796326795,0.,1.570796326795,
    3.14159265359,4.712388980385,6.28318530718,7.853981633974),
.UNSPECIFIED.) GEOMETRIC_REPRESENTATION_ITEM() RATIONAL_B_SPLINE_SURFACE
((
    (1.,0.707106781187,1.,0.707106781187,1.,0.707106781187,1.
      ,0.707106781187,1.)
    ,(0.707106781187,0.5,0.707106781187,0.5,0.707106781187,0.5
      ,0.707106781187,0.5,0.707106781187)
    ,(1.,0.707106781187,1.,0.707106781187,1.,0.707106781187,1.
,0.707106781187,1.))) REPRESENTATION_ITEM('') SURFACE() );
#15109 = CARTESIAN_POINT('',(0.,4.75,-3.5));
#15110 = CARTESIAN_POINT('',(0.,4.75,-3.5));
#15111 = CARTESIAN_POINT('',(0.,4.75,-3.5));
#15112 = CARTESIAN_POINT('',(0.,4.75,-3.5));
#15113 = CARTESIAN_POINT('',(0.,4.75,-3.5));
#15114 = CARTESIAN_POINT('',(0.,4.75,-3.5));
#15115 = CARTESIAN_POINT('',(0.,4.75,-3.5));
#15116 = CARTESIAN_POINT('',(0.,4.75,-3.5));
#15117 = CARTESIAN_POINT('',(0.,4.75,-3.5));
#15118 = CARTESIAN_POINT('',(-0.5,4.75,-3.5));
#15119 = CARTESIAN_POINT('',(-0.5,5.25,-3.5));
#15120 = CARTESIAN_POINT('',(-3.061616997868E-17,5.25,-3.5));
#15121 = CARTESIAN_POINT('',(0.5,5.25,-3.5));
#15122 = CARTESIAN_POINT('',(0.5,4.75,-3.5));
#15123 = CARTESIAN_POINT('',(0.5,4.25,-3.5));
#15124 = CARTESIAN_POINT('',(9.184850993605E-17,4.25,-3.5));
#15125 = CARTESIAN_POINT('',(-0.5,4.25,-3.5));
#15126 = CARTESIAN_POINT('',(-0.5,4.75,-3.5));
#15127 = CARTESIAN_POINT('',(-0.5,4.75,-3.));
#15128 = CARTESIAN_POINT('',(-0.5,5.25,-3.));
#15129 = CARTESIAN_POINT('',(-3.061616997868E-17,5.25,-3.));
#15130 = CARTESIAN_POINT('',(0.5,5.25,-3.));
#15131 = CARTESIAN_POINT('',(0.5,4.75,-3.));
#15132 = CARTESIAN_POINT('',(0.5,4.25,-3.));
#15133 = CARTESIAN_POINT('',(9.184850993605E-17,4.25,-3.));
#15134 = CARTESIAN_POINT('',(-0.5,4.25,-3.));
#15135 = CARTESIAN_POINT('',(-0.5,4.75,-3.));
#15136 = SHELL_BASED_SURFACE_MODEL('',(#15137));
#15137 = OPEN_SHELL('',(#15138,#15182));
#15138 = ADVANCED_FACE('',(#15139),#15177,.T.);
#15139 = FACE_BOUND('',#15140,.T.);
#15140 = EDGE_LOOP('',(#15141,#15152,#15164,#15165));
#15141 = ORIENTED_EDGE('',*,*,#15142,.T.);
#15142 = EDGE_CURVE('',#15143,#15145,#15147,.T.);
#15143 = VERTEX_POINT('',#15144);
#15144 = CARTESIAN_POINT('',(-3.858757210636,-3.358757210636,0.5));
#15145 = VERTEX_POINT('',#15146);
#15146 = CARTESIAN_POINT('',(-3.858757210636,-3.358757210636,-3.));
#15147 = ( BOUNDED_CURVE() B_SPLINE_CURVE(3,(#15148,#15149,#15150,#15151
),.UNSPECIFIED.,.F.,.F.) B_SPLINE_CURVE_WITH_KNOTS((4,4),(0.,3.5),
.PIECEWISE_BEZIER_KNOTS.) CURVE() GEOMETRIC_REPRESENTATION_ITEM() 
RATIONAL_B_SPLINE_CURVE((1.,1.,1.,1.)) REPRESENTATION_ITEM('') );
#15148 = CARTESIAN_POINT('',(-3.858757210636,-3.358757210636,0.5));
#15149 = CARTESIAN_POINT('',(-3.858757210636,-3.358757210636,
    -0.666666666667));
#15150 = CARTESIAN_POINT('',(-3.858757210636,-3.358757210636,
    -1.833333333333));
#15151 = CARTESIAN_POINT('',(-3.858757210636,-3.358757210636,-3.));
#15152 = ORIENTED_EDGE('',*,*,#15153,.T.);
#15153 = EDGE_CURVE('',#15145,#15145,#15154,.T.);
#15154 = ( BOUNDED_CURVE() B_SPLINE_CURVE(2,(#15155,#15156,#15157,#15158
    ,#15159,#15160,#15161,#15162,#15163),.UNSPECIFIED.,.T.,.F.) 
B_SPLINE_CURVE_WITH_KNOTS((1,2,2,2,2,2,1),(-7.853981633974,
    -6.28318530718,-4.712388980385,-3.14159265359,-1.570796326795,0.,
1.570796326795),.UNSPECIFIED.) CURVE() GEOMETRIC_REPRESENTATION_ITEM() 
RATIONAL_B_SPLINE_CURVE((1.,0.707106781187,1.,0.707106781187,1.,
0.707106781187,1.,0.707106781187,1.)) REPRESENTATION_ITEM('') );
#15155 = CARTESIAN_POINT('',(-3.858757210636,-3.358757210636,-3.));
#15156 = CARTESIAN_POINT('',(-3.858757210636,-3.858757210636,-3.));
#15157 = CARTESIAN_POINT('',(-3.358757210636,-3.858757210636,-3.));
#15158 = CARTESIAN_POINT('',(-2.858757210636,-3.858757210636,-3.));
#15159 = CARTESIAN_POINT('',(-2.858757210636,-3.358757210636,-3.));
#15160 = CARTESIAN_POINT('',(-2.858757210636,-2.858757210636,-3.));
#15161 = CARTESIAN_POINT('',(-3.358757210636,-2.858757210636,-3.));
#15162 = CARTESIAN_POINT('',(-3.858757210636,-2.858757210636,-3.));
#15163 = CARTESIAN_POINT('',(-3.858757210636,-3.358757210636,-3.));
#15164 = ORIENTED_EDGE('',*,*,#15142,.F.);
#15165 = ORIENTED_EDGE('',*,*,#15166,.T.);
#15166 = EDGE_CURVE('',#15143,#15143,#15167,.T.);
#15167 = ( BOUNDED_CURVE() B_SPLINE_CURVE(2,(#15168,#15169,#15170,#15171
    ,#15172,#15173,#15174,#15175,#15176),.UNSPECIFIED.,.T.,.F.) 
B_SPLINE_CURVE_WITH_KNOTS((1,2,2,2,2,2,1),(-1.570796326795,0.,
    1.570796326795,3.14159265359,4.712388980385,6.28318530718,
7.853981633974),.UNSPECIFIED.) CURVE() GEOMETRIC_REPRESENTATION_ITEM() 
RATIONAL_B_SPLINE_CURVE((1.,0.707106781187,1.,0.707106781187,1.,
0.707106781187,1.,0.707106781187,1.)) REPRESENTATION_ITEM('') );
#15168 = CARTESIAN_POINT('',(-3.858757210636,-3.358757210636,0.5));
#15169 = CARTESIAN_POINT('',(-3.858757210636,-2.858757210636,0.5));
#15170 = CARTESIAN_POINT('',(-3.358757210636,-2.858757210636,0.5));
#15171 = CARTESIAN_POINT('',(-2.858757210636,-2.858757210636,0.5));
#15172 = CARTESIAN_POINT('',(-2.858757210636,-3.358757210636,0.5));
#15173 = CARTESIAN_POINT('',(-2.858757210636,-3.858757210636,0.5));
#15174 = CARTESIAN_POINT('',(-3.358757210636,-3.858757210636,0.5));
#15175 = CARTESIAN_POINT('',(-3.858757210636,-3.858757210636,0.5));
#15176 = CARTESIAN_POINT('',(-3.858757210636,-3.358757210636,0.5));
#15177 = CYLINDRICAL_SURFACE('',#15178,0.5);
#15178 = AXIS2_PLACEMENT_3D('',#15179,#15180,#15181);
#15179 = CARTESIAN_POINT('',(-3.358757210636,-3.358757210636,-1.25));
#15180 = DIRECTION('',(0.,0.,1.));
#15181 = DIRECTION('',(1.,0.,-0.));
#15182 = ADVANCED_FACE('',(#15183),#15195,.T.);
#15183 = FACE_BOUND('',#15184,.T.);
#15184 = EDGE_LOOP('',(#15185,#15193,#15194));
#15185 = ORIENTED_EDGE('',*,*,#15186,.T.);
#15186 = EDGE_CURVE('',#15187,#15145,#15189,.T.);
#15187 = VERTEX_POINT('',#15188);
#15188 = CARTESIAN_POINT('',(-3.358757210636,-3.358757210636,-3.5));
#15189 = ( BOUNDED_CURVE() B_SPLINE_CURVE(2,(#15190,#15191,#15192),
.UNSPECIFIED.,.F.,.F.) B_SPLINE_CURVE_WITH_KNOTS((3,3),(0.,
0.785398163397),.PIECEWISE_BEZIER_KNOTS.) CURVE() 
GEOMETRIC_REPRESENTATION_ITEM() RATIONAL_B_SPLINE_CURVE((1.,
0.707106781187,1.)) REPRESENTATION_ITEM('') );
#15190 = CARTESIAN_POINT('',(-3.358757210636,-3.358757210636,-3.5));
#15191 = CARTESIAN_POINT('',(-3.858757210636,-3.358757210636,-3.5));
#15192 = CARTESIAN_POINT('',(-3.858757210636,-3.358757210636,-3.));
#15193 = ORIENTED_EDGE('',*,*,#15153,.F.);
#15194 = ORIENTED_EDGE('',*,*,#15186,.F.);
#15195 = ( BOUNDED_SURFACE() B_SPLINE_SURFACE(2,2,(
    (#15196,#15197,#15198,#15199,#15200,#15201,#15202,#15203,#15204)
    ,(#15205,#15206,#15207,#15208,#15209,#15210,#15211,#15212,#15213)
    ,(#15214,#15215,#15216,#15217,#15218,#15219,#15220,#15221,#15222
)),.UNSPECIFIED.,.F.,.T.,.F.) B_SPLINE_SURFACE_WITH_KNOTS((3,3),(1,2,2,2
    ,2,2,1),(0.,0.785398163397),(-1.570796326795,0.,1.570796326795,
    3.14159265359,4.712388980385,6.28318530718,7.853981633974),
.UNSPECIFIED.) GEOMETRIC_REPRESENTATION_ITEM() RATIONAL_B_SPLINE_SURFACE
((
    (1.,0.707106781187,1.,0.707106781187,1.,0.707106781187,1.
      ,0.707106781187,1.)
    ,(0.707106781187,0.5,0.707106781187,0.5,0.707106781187,0.5
      ,0.707106781187,0.5,0.707106781187)
    ,(1.,0.707106781187,1.,0.707106781187,1.,0.707106781187,1.
,0.707106781187,1.))) REPRESENTATION_ITEM('') SURFACE() );
#15196 = CARTESIAN_POINT('',(-3.358757210636,-3.358757210636,-3.5));
#15197 = CARTESIAN_POINT('',(-3.358757210636,-3.358757210636,-3.5));
#15198 = CARTESIAN_POINT('',(-3.358757210636,-3.358757210636,-3.5));
#15199 = CARTESIAN_POINT('',(-3.358757210636,-3.358757210636,-3.5));
#15200 = CARTESIAN_POINT('',(-3.358757210636,-3.358757210636,-3.5));
#15201 = CARTESIAN_POINT('',(-3.358757210636,-3.358757210636,-3.5));
#15202 = CARTESIAN_POINT('',(-3.358757210636,-3.358757210636,-3.5));
#15203 = CARTESIAN_POINT('',(-3.358757210636,-3.358757210636,-3.5));
#15204 = CARTESIAN_POINT('',(-3.358757210636,-3.358757210636,-3.5));
#15205 = CARTESIAN_POINT('',(-3.858757210636,-3.358757210636,-3.5));
#15206 = CARTESIAN_POINT('',(-3.858757210636,-2.858757210636,-3.5));
#15207 = CARTESIAN_POINT('',(-3.358757210636,-2.858757210636,-3.5));
#15208 = CARTESIAN_POINT('',(-2.858757210636,-2.858757210636,-3.5));
#15209 = CARTESIAN_POINT('',(-2.858757210636,-3.358757210636,-3.5));
#15210 = CARTESIAN_POINT('',(-2.858757210636,-3.858757210636,-3.5));
#15211 = CARTESIAN_POINT('',(-3.358757210636,-3.858757210636,-3.5));
#15212 = CARTESIAN_POINT('',(-3.858757210636,-3.858757210636,-3.5));
#15213 = CARTESIAN_POINT('',(-3.858757210636,-3.358757210636,-3.5));
#15214 = CARTESIAN_POINT('',(-3.858757210636,-3.358757210636,-3.));
#15215 = CARTESIAN_POINT('',(-3.858757210636,-2.858757210636,-3.));
#15216 = CARTESIAN_POINT('',(-3.358757210636,-2.858757210636,-3.));
#15217 = CARTESIAN_POINT('',(-2.858757210636,-2.858757210636,-3.));
#15218 = CARTESIAN_POINT('',(-2.858757210636,-3.358757210636,-3.));
#15219 = CARTESIAN_POINT('',(-2.858757210636,-3.858757210636,-3.));
#15220 = CARTESIAN_POINT('',(-3.358757210636,-3.858757210636,-3.));
#15221 = CARTESIAN_POINT('',(-3.858757210636,-3.858757210636,-3.));
#15222 = CARTESIAN_POINT('',(-3.858757210636,-3.358757210636,-3.));
#15223 = SHELL_BASED_SURFACE_MODEL('',(#15224));
#15224 = OPEN_SHELL('',(#15225,#15269));
#15225 = ADVANCED_FACE('',(#15226),#15264,.T.);
#15226 = FACE_BOUND('',#15227,.T.);
#15227 = EDGE_LOOP('',(#15228,#15239,#15251,#15252));
#15228 = ORIENTED_EDGE('',*,*,#15229,.T.);
#15229 = EDGE_CURVE('',#15230,#15232,#15234,.T.);
#15230 = VERTEX_POINT('',#15231);
#15231 = CARTESIAN_POINT('',(2.858757210636,-3.358757210636,0.5));
#15232 = VERTEX_POINT('',#15233);
#15233 = CARTESIAN_POINT('',(2.858757210636,-3.358757210636,-3.));
#15234 = ( BOUNDED_CURVE() B_SPLINE_CURVE(3,(#15235,#15236,#15237,#15238
),.UNSPECIFIED.,.F.,.F.) B_SPLINE_CURVE_WITH_KNOTS((4,4),(0.,3.5),
.PIECEWISE_BEZIER_KNOTS.) CURVE() GEOMETRIC_REPRESENTATION_ITEM() 
RATIONAL_B_SPLINE_CURVE((1.,1.,1.,1.)) REPRESENTATION_ITEM('') );
#15235 = CARTESIAN_POINT('',(2.858757210636,-3.358757210636,0.5));
#15236 = CARTESIAN_POINT('',(2.858757210636,-3.358757210636,
    -0.666666666667));
#15237 = CARTESIAN_POINT('',(2.858757210636,-3.358757210636,
    -1.833333333333));
#15238 = CARTESIAN_POINT('',(2.858757210636,-3.358757210636,-3.));
#15239 = ORIENTED_EDGE('',*,*,#15240,.T.);
#15240 = EDGE_CURVE('',#15232,#15232,#15241,.T.);
#15241 = ( BOUNDED_CURVE() B_SPLINE_CURVE(2,(#15242,#15243,#15244,#15245
    ,#15246,#15247,#15248,#15249,#15250),.UNSPECIFIED.,.T.,.F.) 
B_SPLINE_CURVE_WITH_KNOTS((1,2,2,2,2,2,1),(-7.853981633974,
    -6.28318530718,-4.712388980385,-3.14159265359,-1.570796326795,0.,
1.570796326795),.UNSPECIFIED.) CURVE() GEOMETRIC_REPRESENTATION_ITEM() 
RATIONAL_B_SPLINE_CURVE((1.,0.707106781187,1.,0.707106781187,1.,
0.707106781187,1.,0.707106781187,1.)) REPRESENTATION_ITEM('') );
#15242 = CARTESIAN_POINT('',(2.858757210636,-3.358757210636,-3.));
#15243 = CARTESIAN_POINT('',(2.858757210636,-3.858757210636,-3.));
#15244 = CARTESIAN_POINT('',(3.358757210636,-3.858757210636,-3.));
#15245 = CARTESIAN_POINT('',(3.858757210636,-3.858757210636,-3.));
#15246 = CARTESIAN_POINT('',(3.858757210636,-3.358757210636,-3.));
#15247 = CARTESIAN_POINT('',(3.858757210636,-2.858757210636,-3.));
#15248 = CARTESIAN_POINT('',(3.358757210636,-2.858757210636,-3.));
#15249 = CARTESIAN_POINT('',(2.858757210636,-2.858757210636,-3.));
#15250 = CARTESIAN_POINT('',(2.858757210636,-3.358757210636,-3.));
#15251 = ORIENTED_EDGE('',*,*,#15229,.F.);
#15252 = ORIENTED_EDGE('',*,*,#15253,.T.);
#15253 = EDGE_CURVE('',#15230,#15230,#15254,.T.);
#15254 = ( BOUNDED_CURVE() B_SPLINE_CURVE(2,(#15255,#15256,#15257,#15258
    ,#15259,#15260,#15261,#15262,#15263),.UNSPECIFIED.,.T.,.F.) 
B_SPLINE_CURVE_WITH_KNOTS((1,2,2,2,2,2,1),(-1.570796326795,0.,
    1.570796326795,3.14159265359,4.712388980385,6.28318530718,
7.853981633974),.UNSPECIFIED.) CURVE() GEOMETRIC_REPRESENTATION_ITEM() 
RATIONAL_B_SPLINE_CURVE((1.,0.707106781187,1.,0.707106781187,1.,
0.707106781187,1.,0.707106781187,1.)) REPRESENTATION_ITEM('') );
#15255 = CARTESIAN_POINT('',(2.858757210636,-3.358757210636,0.5));
#15256 = CARTESIAN_POINT('',(2.858757210636,-2.858757210636,0.5));
#15257 = CARTESIAN_POINT('',(3.358757210636,-2.858757210636,0.5));
#15258 = CARTESIAN_POINT('',(3.858757210636,-2.858757210636,0.5));
#15259 = CARTESIAN_POINT('',(3.858757210636,-3.358757210636,0.5));
#15260 = CARTESIAN_POINT('',(3.858757210636,-3.858757210636,0.5));
#15261 = CARTESIAN_POINT('',(3.358757210636,-3.858757210636,0.5));
#15262 = CARTESIAN_POINT('',(2.858757210636,-3.858757210636,0.5));
#15263 = CARTESIAN_POINT('',(2.858757210636,-3.358757210636,0.5));
#15264 = CYLINDRICAL_SURFACE('',#15265,0.5);
#15265 = AXIS2_PLACEMENT_3D('',#15266,#15267,#15268);
#15266 = CARTESIAN_POINT('',(3.358757210636,-3.358757210636,-1.25));
#15267 = DIRECTION('',(0.,0.,1.));
#15268 = DIRECTION('',(1.,0.,-0.));
#15269 = ADVANCED_FACE('',(#15270),#15282,.T.);
#15270 = FACE_BOUND('',#15271,.T.);
#15271 = EDGE_LOOP('',(#15272,#15280,#15281));
#15272 = ORIENTED_EDGE('',*,*,#15273,.T.);
#15273 = EDGE_CURVE('',#15274,#15232,#15276,.T.);
#15274 = VERTEX_POINT('',#15275);
#15275 = CARTESIAN_POINT('',(3.358757210636,-3.358757210636,-3.5));
#15276 = ( BOUNDED_CURVE() B_SPLINE_CURVE(2,(#15277,#15278,#15279),
.UNSPECIFIED.,.F.,.F.) B_SPLINE_CURVE_WITH_KNOTS((3,3),(0.,
0.785398163397),.PIECEWISE_BEZIER_KNOTS.) CURVE() 
GEOMETRIC_REPRESENTATION_ITEM() RATIONAL_B_SPLINE_CURVE((1.,
0.707106781187,1.)) REPRESENTATION_ITEM('') );
#15277 = CARTESIAN_POINT('',(3.358757210636,-3.358757210636,-3.5));
#15278 = CARTESIAN_POINT('',(2.858757210636,-3.358757210636,-3.5));
#15279 = CARTESIAN_POINT('',(2.858757210636,-3.358757210636,-3.));
#15280 = ORIENTED_EDGE('',*,*,#15240,.F.);
#15281 = ORIENTED_EDGE('',*,*,#15273,.F.);
#15282 = ( BOUNDED_SURFACE() B_SPLINE_SURFACE(2,2,(
    (#15283,#15284,#15285,#15286,#15287,#15288,#15289,#15290,#15291)
    ,(#15292,#15293,#15294,#15295,#15296,#15297,#15298,#15299,#15300)
    ,(#15301,#15302,#15303,#15304,#15305,#15306,#15307,#15308,#15309
)),.UNSPECIFIED.,.F.,.T.,.F.) B_SPLINE_SURFACE_WITH_KNOTS((3,3),(1,2,2,2
    ,2,2,1),(0.,0.785398163397),(-1.570796326795,0.,1.570796326795,
    3.14159265359,4.712388980385,6.28318530718,7.853981633974),
.UNSPECIFIED.) GEOMETRIC_REPRESENTATION_ITEM() RATIONAL_B_SPLINE_SURFACE
((
    (1.,0.707106781187,1.,0.707106781187,1.,0.707106781187,1.
      ,0.707106781187,1.)
    ,(0.707106781187,0.5,0.707106781187,0.5,0.707106781187,0.5
      ,0.707106781187,0.5,0.707106781187)
    ,(1.,0.707106781187,1.,0.707106781187,1.,0.707106781187,1.
,0.707106781187,1.))) REPRESENTATION_ITEM('') SURFACE() );
#15283 = CARTESIAN_POINT('',(3.358757210636,-3.358757210636,-3.5));
#15284 = CARTESIAN_POINT('',(3.358757210636,-3.358757210636,-3.5));
#15285 = CARTESIAN_POINT('',(3.358757210636,-3.358757210636,-3.5));
#15286 = CARTESIAN_POINT('',(3.358757210636,-3.358757210636,-3.5));
#15287 = CARTESIAN_POINT('',(3.358757210636,-3.358757210636,-3.5));
#15288 = CARTESIAN_POINT('',(3.358757210636,-3.358757210636,-3.5));
#15289 = CARTESIAN_POINT('',(3.358757210636,-3.358757210636,-3.5));
#15290 = CARTESIAN_POINT('',(3.358757210636,-3.358757210636,-3.5));
#15291 = CARTESIAN_POINT('',(3.358757210636,-3.358757210636,-3.5));
#15292 = CARTESIAN_POINT('',(2.858757210636,-3.358757210636,-3.5));
#15293 = CARTESIAN_POINT('',(2.858757210636,-2.858757210636,-3.5));
#15294 = CARTESIAN_POINT('',(3.358757210636,-2.858757210636,-3.5));
#15295 = CARTESIAN_POINT('',(3.858757210636,-2.858757210636,-3.5));
#15296 = CARTESIAN_POINT('',(3.858757210636,-3.358757210636,-3.5));
#15297 = CARTESIAN_POINT('',(3.858757210636,-3.858757210636,-3.5));
#15298 = CARTESIAN_POINT('',(3.358757210636,-3.858757210636,-3.5));
#15299 = CARTESIAN_POINT('',(2.858757210636,-3.858757210636,-3.5));
#15300 = CARTESIAN_POINT('',(2.858757210636,-3.358757210636,-3.5));
#15301 = CARTESIAN_POINT('',(2.858757210636,-3.358757210636,-3.));
#15302 = CARTESIAN_POINT('',(2.858757210636,-2.858757210636,-3.));
#15303 = CARTESIAN_POINT('',(3.358757210636,-2.858757210636,-3.));
#15304 = CARTESIAN_POINT('',(3.858757210636,-2.858757210636,-3.));
#15305 = CARTESIAN_POINT('',(3.858757210636,-3.358757210636,-3.));
#15306 = CARTESIAN_POINT('',(3.858757210636,-3.858757210636,-3.));
#15307 = CARTESIAN_POINT('',(3.358757210636,-3.858757210636,-3.));
#15308 = CARTESIAN_POINT('',(2.858757210636,-3.858757210636,-3.));
#15309 = CARTESIAN_POINT('',(2.858757210636,-3.358757210636,-3.));
#15310 = SHELL_BASED_SURFACE_MODEL('',(#15311));
#15311 = OPEN_SHELL('',(#15312,#15356));
#15312 = ADVANCED_FACE('',(#15313),#15351,.T.);
#15313 = FACE_BOUND('',#15314,.T.);
#15314 = EDGE_LOOP('',(#15315,#15326,#15338,#15339));
#15315 = ORIENTED_EDGE('',*,*,#15316,.T.);
#15316 = EDGE_CURVE('',#15317,#15319,#15321,.T.);
#15317 = VERTEX_POINT('',#15318);
#15318 = CARTESIAN_POINT('',(-0.5,-4.75,0.5));
#15319 = VERTEX_POINT('',#15320);
#15320 = CARTESIAN_POINT('',(-0.5,-4.75,-3.));
#15321 = ( BOUNDED_CURVE() B_SPLINE_CURVE(3,(#15322,#15323,#15324,#15325
),.UNSPECIFIED.,.F.,.F.) B_SPLINE_CURVE_WITH_KNOTS((4,4),(0.,3.5),
.PIECEWISE_BEZIER_KNOTS.) CURVE() GEOMETRIC_REPRESENTATION_ITEM() 
RATIONAL_B_SPLINE_CURVE((1.,1.,1.,1.)) REPRESENTATION_ITEM('') );
#15322 = CARTESIAN_POINT('',(-0.5,-4.75,0.5));
#15323 = CARTESIAN_POINT('',(-0.5,-4.75,-0.666666666667));
#15324 = CARTESIAN_POINT('',(-0.5,-4.75,-1.833333333333));
#15325 = CARTESIAN_POINT('',(-0.5,-4.75,-3.));
#15326 = ORIENTED_EDGE('',*,*,#15327,.T.);
#15327 = EDGE_CURVE('',#15319,#15319,#15328,.T.);
#15328 = ( BOUNDED_CURVE() B_SPLINE_CURVE(2,(#15329,#15330,#15331,#15332
    ,#15333,#15334,#15335,#15336,#15337),.UNSPECIFIED.,.T.,.F.) 
B_SPLINE_CURVE_WITH_KNOTS((1,2,2,2,2,2,1),(-7.853981633974,
    -6.28318530718,-4.712388980385,-3.14159265359,-1.570796326795,0.,
1.570796326795),.UNSPECIFIED.) CURVE() GEOMETRIC_REPRESENTATION_ITEM() 
RATIONAL_B_SPLINE_CURVE((1.,0.707106781187,1.,0.707106781187,1.,
0.707106781187,1.,0.707106781187,1.)) REPRESENTATION_ITEM('') );
#15329 = CARTESIAN_POINT('',(-0.5,-4.75,-3.));
#15330 = CARTESIAN_POINT('',(-0.5,-5.25,-3.));
#15331 = CARTESIAN_POINT('',(9.184850993605E-17,-5.25,-3.));
#15332 = CARTESIAN_POINT('',(0.5,-5.25,-3.));
#15333 = CARTESIAN_POINT('',(0.5,-4.75,-3.));
#15334 = CARTESIAN_POINT('',(0.5,-4.25,-3.));
#15335 = CARTESIAN_POINT('',(-3.061616997868E-17,-4.25,-3.));
#15336 = CARTESIAN_POINT('',(-0.5,-4.25,-3.));
#15337 = CARTESIAN_POINT('',(-0.5,-4.75,-3.));
#15338 = ORIENTED_EDGE('',*,*,#15316,.F.);
#15339 = ORIENTED_EDGE('',*,*,#15340,.T.);
#15340 = EDGE_CURVE('',#15317,#15317,#15341,.T.);
#15341 = ( BOUNDED_CURVE() B_SPLINE_CURVE(2,(#15342,#15343,#15344,#15345
    ,#15346,#15347,#15348,#15349,#15350),.UNSPECIFIED.,.T.,.F.) 
B_SPLINE_CURVE_WITH_KNOTS((1,2,2,2,2,2,1),(-1.570796326795,0.,
    1.570796326795,3.14159265359,4.712388980385,6.28318530718,
7.853981633974),.UNSPECIFIED.) CURVE() GEOMETRIC_REPRESENTATION_ITEM() 
RATIONAL_B_SPLINE_CURVE((1.,0.707106781187,1.,0.707106781187,1.,
0.707106781187,1.,0.707106781187,1.)) REPRESENTATION_ITEM('') );
#15342 = CARTESIAN_POINT('',(-0.5,-4.75,0.5));
#15343 = CARTESIAN_POINT('',(-0.5,-4.25,0.5));
#15344 = CARTESIAN_POINT('',(-3.061616997868E-17,-4.25,0.5));
#15345 = CARTESIAN_POINT('',(0.5,-4.25,0.5));
#15346 = CARTESIAN_POINT('',(0.5,-4.75,0.5));
#15347 = CARTESIAN_POINT('',(0.5,-5.25,0.5));
#15348 = CARTESIAN_POINT('',(9.184850993605E-17,-5.25,0.5));
#15349 = CARTESIAN_POINT('',(-0.5,-5.25,0.5));
#15350 = CARTESIAN_POINT('',(-0.5,-4.75,0.5));
#15351 = CYLINDRICAL_SURFACE('',#15352,0.5);
#15352 = AXIS2_PLACEMENT_3D('',#15353,#15354,#15355);
#15353 = CARTESIAN_POINT('',(0.,-4.75,-1.25));
#15354 = DIRECTION('',(0.,0.,1.));
#15355 = DIRECTION('',(1.,0.,-0.));
#15356 = ADVANCED_FACE('',(#15357),#15369,.T.);
#15357 = FACE_BOUND('',#15358,.T.);
#15358 = EDGE_LOOP('',(#15359,#15367,#15368));
#15359 = ORIENTED_EDGE('',*,*,#15360,.T.);
#15360 = EDGE_CURVE('',#15361,#15319,#15363,.T.);
#15361 = VERTEX_POINT('',#15362);
#15362 = CARTESIAN_POINT('',(0.,-4.75,-3.5));
#15363 = ( BOUNDED_CURVE() B_SPLINE_CURVE(2,(#15364,#15365,#15366),
.UNSPECIFIED.,.F.,.F.) B_SPLINE_CURVE_WITH_KNOTS((3,3),(0.,
0.785398163397),.PIECEWISE_BEZIER_KNOTS.) CURVE() 
GEOMETRIC_REPRESENTATION_ITEM() RATIONAL_B_SPLINE_CURVE((1.,
0.707106781187,1.)) REPRESENTATION_ITEM('') );
#15364 = CARTESIAN_POINT('',(0.,-4.75,-3.5));
#15365 = CARTESIAN_POINT('',(-0.5,-4.75,-3.5));
#15366 = CARTESIAN_POINT('',(-0.5,-4.75,-3.));
#15367 = ORIENTED_EDGE('',*,*,#15327,.F.);
#15368 = ORIENTED_EDGE('',*,*,#15360,.F.);
#15369 = ( BOUNDED_SURFACE() B_SPLINE_SURFACE(2,2,(
    (#15370,#15371,#15372,#15373,#15374,#15375,#15376,#15377,#15378)
    ,(#15379,#15380,#15381,#15382,#15383,#15384,#15385,#15386,#15387)
    ,(#15388,#15389,#15390,#15391,#15392,#15393,#15394,#15395,#15396
)),.UNSPECIFIED.,.F.,.T.,.F.) B_SPLINE_SURFACE_WITH_KNOTS((3,3),(1,2,2,2
    ,2,2,1),(0.,0.785398163397),(-1.570796326795,0.,1.570796326795,
    3.14159265359,4.712388980385,6.28318530718,7.853981633974),
.UNSPECIFIED.) GEOMETRIC_REPRESENTATION_ITEM() RATIONAL_B_SPLINE_SURFACE
((
    (1.,0.707106781187,1.,0.707106781187,1.,0.707106781187,1.
      ,0.707106781187,1.)
    ,(0.707106781187,0.5,0.707106781187,0.5,0.707106781187,0.5
      ,0.707106781187,0.5,0.707106781187)
    ,(1.,0.707106781187,1.,0.707106781187,1.,0.707106781187,1.
,0.707106781187,1.))) REPRESENTATION_ITEM('') SURFACE() );
#15370 = CARTESIAN_POINT('',(0.,-4.75,-3.5));
#15371 = CARTESIAN_POINT('',(0.,-4.75,-3.5));
#15372 = CARTESIAN_POINT('',(0.,-4.75,-3.5));
#15373 = CARTESIAN_POINT('',(0.,-4.75,-3.5));
#15374 = CARTESIAN_POINT('',(0.,-4.75,-3.5));
#15375 = CARTESIAN_POINT('',(0.,-4.75,-3.5));
#15376 = CARTESIAN_POINT('',(0.,-4.75,-3.5));
#15377 = CARTESIAN_POINT('',(0.,-4.75,-3.5));
#15378 = CARTESIAN_POINT('',(0.,-4.75,-3.5));
#15379 = CARTESIAN_POINT('',(-0.5,-4.75,-3.5));
#15380 = CARTESIAN_POINT('',(-0.5,-4.25,-3.5));
#15381 = CARTESIAN_POINT('',(-3.061616997868E-17,-4.25,-3.5));
#15382 = CARTESIAN_POINT('',(0.5,-4.25,-3.5));
#15383 = CARTESIAN_POINT('',(0.5,-4.75,-3.5));
#15384 = CARTESIAN_POINT('',(0.5,-5.25,-3.5));
#15385 = CARTESIAN_POINT('',(9.184850993605E-17,-5.25,-3.5));
#15386 = CARTESIAN_POINT('',(-0.5,-5.25,-3.5));
#15387 = CARTESIAN_POINT('',(-0.5,-4.75,-3.5));
#15388 = CARTESIAN_POINT('',(-0.5,-4.75,-3.));
#15389 = CARTESIAN_POINT('',(-0.5,-4.25,-3.));
#15390 = CARTESIAN_POINT('',(-3.061616997868E-17,-4.25,-3.));
#15391 = CARTESIAN_POINT('',(0.5,-4.25,-3.));
#15392 = CARTESIAN_POINT('',(0.5,-4.75,-3.));
#15393 = CARTESIAN_POINT('',(0.5,-5.25,-3.));
#15394 = CARTESIAN_POINT('',(9.184850993605E-17,-5.25,-3.));
#15395 = CARTESIAN_POINT('',(-0.5,-5.25,-3.));
#15396 = CARTESIAN_POINT('',(-0.5,-4.75,-3.));
#15397 = ( GEOMETRIC_REPRESENTATION_CONTEXT(3) 
GLOBAL_UNCERTAINTY_ASSIGNED_CONTEXT((#15401)) 
GLOBAL_UNIT_ASSIGNED_CONTEXT((#15398,#15399,#15400)) 
REPRESENTATION_CONTEXT('Context #1',
  '3D Context with UNIT and UNCERTAINTY') );
#15398 = ( LENGTH_UNIT() NAMED_UNIT(*) SI_UNIT(.MILLI.,.METRE.) );
#15399 = ( NAMED_UNIT(*) PLANE_ANGLE_UNIT() SI_UNIT($,.RADIAN.) );
#15400 = ( NAMED_UNIT(*) SI_UNIT($,.STERADIAN.) SOLID_ANGLE_UNIT() );
#15401 = UNCERTAINTY_MEASURE_WITH_UNIT(LENGTH_MEASURE(1.E-07),#15398,
  'distance_accuracy_value','confusion accuracy');
#15402 = CONTEXT_DEPENDENT_SHAPE_REPRESENTATION(#15403,#15405);
#15403 = ( REPRESENTATION_RELATIONSHIP('','',#13664,#13641) 
REPRESENTATION_RELATIONSHIP_WITH_TRANSFORMATION(#15404) 
SHAPE_REPRESENTATION_RELATIONSHIP() );
#15404 = ITEM_DEFINED_TRANSFORMATION('','',#11,#13642);
#15405 = PRODUCT_DEFINITION_SHAPE('Placement','Placement of an item',
  #15406);
#15406 = NEXT_ASSEMBLY_USAGE_OCCURRENCE('14','=>[0:1:1:15]','',#13636,
  #13659,$);
#15407 = PRODUCT_RELATED_PRODUCT_CATEGORY('part',$,(#13661));
#15408 = CONTEXT_DEPENDENT_SHAPE_REPRESENTATION(#15409,#15411);
#15409 = ( REPRESENTATION_RELATIONSHIP('','',#1341,#10) 
REPRESENTATION_RELATIONSHIP_WITH_TRANSFORMATION(#15410) 
SHAPE_REPRESENTATION_RELATIONSHIP() );
#15410 = ITEM_DEFINED_TRANSFORMATION('','',#11,#47);
#15411 = PRODUCT_DEFINITION_SHAPE('Placement','Placement of an item',
  #15412);
#15412 = NEXT_ASSEMBLY_USAGE_OCCURRENCE('16','R1','',#5,#1336,$);
#15413 = SHAPE_DEFINITION_REPRESENTATION(#15414,#15420);
#15414 = PRODUCT_DEFINITION_SHAPE('','',#15415);
#15415 = PRODUCT_DEFINITION('design','',#15416,#15419);
#15416 = PRODUCT_DEFINITION_FORMATION('','',#15417);
#15417 = PRODUCT('modular sensor_PCB','modular sensor_PCB','',(#15418));
#15418 = PRODUCT_CONTEXT('',#2,'mechanical');
#15419 = PRODUCT_DEFINITION_CONTEXT('part definition',#2,'design');
#15420 = ADVANCED_BREP_SHAPE_REPRESENTATION('',(#11,#15421),#16218);
#15421 = MANIFOLD_SOLID_BREP('',#15422);
#15422 = CLOSED_SHELL('',(#15423,#15465,#15496,#15527,#15722,#15917,
    #15934,#15951,#15968,#15985,#15997,#16014,#16031,#16048,#16065,
    #16082,#16099,#16116,#16133,#16150,#16167,#16184,#16201));
#15423 = ADVANCED_FACE('',(#15424),#15460,.T.);
#15424 = FACE_BOUND('',#15425,.T.);
#15425 = EDGE_LOOP('',(#15426,#15436,#15445,#15453));
#15426 = ORIENTED_EDGE('',*,*,#15427,.T.);
#15427 = EDGE_CURVE('',#15428,#15430,#15432,.T.);
#15428 = VERTEX_POINT('',#15429);
#15429 = CARTESIAN_POINT('',(166.007233,-56.5,0.));
#15430 = VERTEX_POINT('',#15431);
#15431 = CARTESIAN_POINT('',(166.007233,-56.5,1.6));
#15432 = LINE('',#15433,#15434);
#15433 = CARTESIAN_POINT('',(166.007233,-56.5,0.));
#15434 = VECTOR('',#15435,1.);
#15435 = DIRECTION('',(0.,0.,1.));
#15436 = ORIENTED_EDGE('',*,*,#15437,.T.);
#15437 = EDGE_CURVE('',#15430,#15438,#15440,.T.);
#15438 = VERTEX_POINT('',#15439);
#15439 = CARTESIAN_POINT('',(168.5,-58.992767,1.6));
#15440 = CIRCLE('',#15441,2.492768535094);
#15441 = AXIS2_PLACEMENT_3D('',#15442,#15443,#15444);
#15442 = CARTESIAN_POINT('',(166.0072314649,-58.99276853509,1.6));
#15443 = DIRECTION('',(0.,0.,-1.));
#15444 = DIRECTION('',(6.158185957307E-07,1.,0.));
#15445 = ORIENTED_EDGE('',*,*,#15446,.F.);
#15446 = EDGE_CURVE('',#15447,#15438,#15449,.T.);
#15447 = VERTEX_POINT('',#15448);
#15448 = CARTESIAN_POINT('',(168.5,-58.992767,0.));
#15449 = LINE('',#15450,#15451);
#15450 = CARTESIAN_POINT('',(168.5,-58.992767,0.));
#15451 = VECTOR('',#15452,1.);
#15452 = DIRECTION('',(0.,0.,1.));
#15453 = ORIENTED_EDGE('',*,*,#15454,.F.);
#15454 = EDGE_CURVE('',#15428,#15447,#15455,.T.);
#15455 = CIRCLE('',#15456,2.492768535094);
#15456 = AXIS2_PLACEMENT_3D('',#15457,#15458,#15459);
#15457 = CARTESIAN_POINT('',(166.0072314649,-58.99276853509,0.));
#15458 = DIRECTION('',(0.,0.,-1.));
#15459 = DIRECTION('',(6.158185957307E-07,1.,0.));
#15460 = CYLINDRICAL_SURFACE('',#15461,2.492768535094);
#15461 = AXIS2_PLACEMENT_3D('',#15462,#15463,#15464);
#15462 = CARTESIAN_POINT('',(166.0072314649,-58.99276853509,0.));
#15463 = DIRECTION('',(0.,0.,-1.));
#15464 = DIRECTION('',(6.158185957307E-07,1.,0.));
#15465 = ADVANCED_FACE('',(#15466),#15491,.T.);
#15466 = FACE_BOUND('',#15467,.T.);
#15467 = EDGE_LOOP('',(#15468,#15478,#15484,#15485));
#15468 = ORIENTED_EDGE('',*,*,#15469,.T.);
#15469 = EDGE_CURVE('',#15470,#15472,#15474,.T.);
#15470 = VERTEX_POINT('',#15471);
#15471 = CARTESIAN_POINT('',(111.,-56.5,0.));
#15472 = VERTEX_POINT('',#15473);
#15473 = CARTESIAN_POINT('',(111.,-56.5,1.6));
#15474 = LINE('',#15475,#15476);
#15475 = CARTESIAN_POINT('',(111.,-56.5,0.));
#15476 = VECTOR('',#15477,1.);
#15477 = DIRECTION('',(0.,0.,1.));
#15478 = ORIENTED_EDGE('',*,*,#15479,.T.);
#15479 = EDGE_CURVE('',#15472,#15430,#15480,.T.);
#15480 = LINE('',#15481,#15482);
#15481 = CARTESIAN_POINT('',(111.,-56.5,1.6));
#15482 = VECTOR('',#15483,1.);
#15483 = DIRECTION('',(1.,0.,0.));
#15484 = ORIENTED_EDGE('',*,*,#15427,.F.);
#15485 = ORIENTED_EDGE('',*,*,#15486,.F.);
#15486 = EDGE_CURVE('',#15470,#15428,#15487,.T.);
#15487 = LINE('',#15488,#15489);
#15488 = CARTESIAN_POINT('',(111.,-56.5,0.));
#15489 = VECTOR('',#15490,1.);
#15490 = DIRECTION('',(1.,0.,0.));
#15491 = PLANE('',#15492);
#15492 = AXIS2_PLACEMENT_3D('',#15493,#15494,#15495);
#15493 = CARTESIAN_POINT('',(111.,-56.5,0.));
#15494 = DIRECTION('',(0.,1.,0.));
#15495 = DIRECTION('',(1.,0.,0.));
#15496 = ADVANCED_FACE('',(#15497),#15522,.T.);
#15497 = FACE_BOUND('',#15498,.T.);
#15498 = EDGE_LOOP('',(#15499,#15500,#15508,#15516));
#15499 = ORIENTED_EDGE('',*,*,#15446,.T.);
#15500 = ORIENTED_EDGE('',*,*,#15501,.T.);
#15501 = EDGE_CURVE('',#15438,#15502,#15504,.T.);
#15502 = VERTEX_POINT('',#15503);
#15503 = CARTESIAN_POINT('',(168.5,-84.01,1.6));
#15504 = LINE('',#15505,#15506);
#15505 = CARTESIAN_POINT('',(168.5,-58.992767,1.6));
#15506 = VECTOR('',#15507,1.);
#15507 = DIRECTION('',(0.,-1.,0.));
#15508 = ORIENTED_EDGE('',*,*,#15509,.F.);
#15509 = EDGE_CURVE('',#15510,#15502,#15512,.T.);
#15510 = VERTEX_POINT('',#15511);
#15511 = CARTESIAN_POINT('',(168.5,-84.01,0.));
#15512 = LINE('',#15513,#15514);
#15513 = CARTESIAN_POINT('',(168.5,-84.01,0.));
#15514 = VECTOR('',#15515,1.);
#15515 = DIRECTION('',(0.,0.,1.));
#15516 = ORIENTED_EDGE('',*,*,#15517,.F.);
#15517 = EDGE_CURVE('',#15447,#15510,#15518,.T.);
#15518 = LINE('',#15519,#15520);
#15519 = CARTESIAN_POINT('',(168.5,-58.992767,0.));
#15520 = VECTOR('',#15521,1.);
#15521 = DIRECTION('',(0.,-1.,0.));
#15522 = PLANE('',#15523);
#15523 = AXIS2_PLACEMENT_3D('',#15524,#15525,#15526);
#15524 = CARTESIAN_POINT('',(168.5,-58.992767,0.));
#15525 = DIRECTION('',(1.,0.,-0.));
#15526 = DIRECTION('',(0.,-1.,0.));
#15527 = ADVANCED_FACE('',(#15528,#15574,#15585,#15596,#15607,#15618,
    #15629,#15640,#15651,#15662,#15673,#15684,#15695,#15706),#15717,.F.
  );
#15528 = FACE_BOUND('',#15529,.F.);
#15529 = EDGE_LOOP('',(#15530,#15531,#15532,#15541,#15549,#15558,#15566,
    #15573));
#15530 = ORIENTED_EDGE('',*,*,#15454,.F.);
#15531 = ORIENTED_EDGE('',*,*,#15486,.F.);
#15532 = ORIENTED_EDGE('',*,*,#15533,.F.);
#15533 = EDGE_CURVE('',#15534,#15470,#15536,.T.);
#15534 = VERTEX_POINT('',#15535);
#15535 = CARTESIAN_POINT('',(108.5,-59.,0.));
#15536 = CIRCLE('',#15537,2.499999839417);
#15537 = AXIS2_PLACEMENT_3D('',#15538,#15539,#15540);
#15538 = CARTESIAN_POINT('',(110.99999983941,-58.99999983941,0.));
#15539 = DIRECTION('',(0.,0.,-1.));
#15540 = DIRECTION('',(-1.,-6.42331470194E-08,-0.));
#15541 = ORIENTED_EDGE('',*,*,#15542,.F.);
#15542 = EDGE_CURVE('',#15543,#15534,#15545,.T.);
#15543 = VERTEX_POINT('',#15544);
#15544 = CARTESIAN_POINT('',(108.497231,-84.000002,0.));
#15545 = LINE('',#15546,#15547);
#15546 = CARTESIAN_POINT('',(108.497231,-84.000002,0.));
#15547 = VECTOR('',#15548,1.);
#15548 = DIRECTION('',(1.107599904598E-04,0.999999993866,0.));
#15549 = ORIENTED_EDGE('',*,*,#15550,.F.);
#15550 = EDGE_CURVE('',#15551,#15543,#15553,.T.);
#15551 = VERTEX_POINT('',#15552);
#15552 = CARTESIAN_POINT('',(110.989998,-86.492769,0.));
#15553 = CIRCLE('',#15554,2.492768535094);
#15554 = AXIS2_PLACEMENT_3D('',#15555,#15556,#15557);
#15555 = CARTESIAN_POINT('',(110.98999953509,-84.0000004649,0.));
#15556 = DIRECTION('',(0.,0.,-1.));
#15557 = DIRECTION('',(-6.158185729274E-07,-1.,-0.));
#15558 = ORIENTED_EDGE('',*,*,#15559,.F.);
#15559 = EDGE_CURVE('',#15560,#15551,#15562,.T.);
#15560 = VERTEX_POINT('',#15561);
#15561 = CARTESIAN_POINT('',(166.010002,-86.5,0.));
#15562 = LINE('',#15563,#15564);
#15563 = CARTESIAN_POINT('',(166.010002,-86.5,0.));
#15564 = VECTOR('',#15565,1.);
#15565 = DIRECTION('',(-0.999999991364,1.314249256971E-04,0.));
#15566 = ORIENTED_EDGE('',*,*,#15567,.F.);
#15567 = EDGE_CURVE('',#15510,#15560,#15568,.T.);
#15568 = CIRCLE('',#15569,2.489999607893);
#15569 = AXIS2_PLACEMENT_3D('',#15570,#15571,#15572);
#15570 = CARTESIAN_POINT('',(166.0100003921,-84.0100003921,0.));
#15571 = DIRECTION('',(0.,0.,-1.));
#15572 = DIRECTION('',(1.,1.574729656874E-07,0.));
#15573 = ORIENTED_EDGE('',*,*,#15517,.F.);
#15574 = FACE_BOUND('',#15575,.F.);
#15575 = EDGE_LOOP('',(#15576));
#15576 = ORIENTED_EDGE('',*,*,#15577,.T.);
#15577 = EDGE_CURVE('',#15578,#15578,#15580,.T.);
#15578 = VERTEX_POINT('',#15579);
#15579 = CARTESIAN_POINT('',(122.8875,-76.8,0.));
#15580 = CIRCLE('',#15581,0.7);
#15581 = AXIS2_PLACEMENT_3D('',#15582,#15583,#15584);
#15582 = CARTESIAN_POINT('',(122.8875,-76.1,0.));
#15583 = DIRECTION('',(-0.,0.,-1.));
#15584 = DIRECTION('',(-0.,-1.,0.));
#15585 = FACE_BOUND('',#15586,.F.);
#15586 = EDGE_LOOP('',(#15587));
#15587 = ORIENTED_EDGE('',*,*,#15588,.T.);
#15588 = EDGE_CURVE('',#15589,#15589,#15591,.T.);
#15589 = VERTEX_POINT('',#15590);
#15590 = CARTESIAN_POINT('',(115.5475,-73.89,0.));
#15591 = CIRCLE('',#15592,1.93);
#15592 = AXIS2_PLACEMENT_3D('',#15593,#15594,#15595);
#15593 = CARTESIAN_POINT('',(115.5475,-71.96,0.));
#15594 = DIRECTION('',(-0.,0.,-1.));
#15595 = DIRECTION('',(-7.363137158136E-15,-1.,0.));
#15596 = FACE_BOUND('',#15597,.F.);
#15597 = EDGE_LOOP('',(#15598));
#15598 = ORIENTED_EDGE('',*,*,#15599,.T.);
#15599 = EDGE_CURVE('',#15600,#15600,#15602,.T.);
#15600 = VERTEX_POINT('',#15601);
#15601 = CARTESIAN_POINT('',(122.8875,-72.66,0.));
#15602 = CIRCLE('',#15603,0.7);
#15603 = AXIS2_PLACEMENT_3D('',#15604,#15605,#15606);
#15604 = CARTESIAN_POINT('',(122.8875,-71.96,0.));
#15605 = DIRECTION('',(-0.,0.,-1.));
#15606 = DIRECTION('',(-0.,-1.,0.));
#15607 = FACE_BOUND('',#15608,.F.);
#15608 = EDGE_LOOP('',(#15609));
#15609 = ORIENTED_EDGE('',*,*,#15610,.T.);
#15610 = EDGE_CURVE('',#15611,#15611,#15613,.T.);
#15611 = VERTEX_POINT('',#15612);
#15612 = CARTESIAN_POINT('',(144.24,-75.485,0.));
#15613 = CIRCLE('',#15614,0.625);
#15614 = AXIS2_PLACEMENT_3D('',#15615,#15616,#15617);
#15615 = CARTESIAN_POINT('',(144.24,-74.86,0.));
#15616 = DIRECTION('',(-0.,0.,-1.));
#15617 = DIRECTION('',(-0.,-1.,0.));
#15618 = FACE_BOUND('',#15619,.F.);
#15619 = EDGE_LOOP('',(#15620));
#15620 = ORIENTED_EDGE('',*,*,#15621,.T.);
#15621 = EDGE_CURVE('',#15622,#15622,#15624,.T.);
#15622 = VERTEX_POINT('',#15623);
#15623 = CARTESIAN_POINT('',(150.96,-75.485,0.));
#15624 = CIRCLE('',#15625,0.625);
#15625 = AXIS2_PLACEMENT_3D('',#15626,#15627,#15628);
#15626 = CARTESIAN_POINT('',(150.96,-74.86,0.));
#15627 = DIRECTION('',(-0.,0.,-1.));
#15628 = DIRECTION('',(-0.,-1.,0.));
#15629 = FACE_BOUND('',#15630,.F.);
#15630 = EDGE_LOOP('',(#15631));
#15631 = ORIENTED_EDGE('',*,*,#15632,.T.);
#15632 = EDGE_CURVE('',#15633,#15633,#15635,.T.);
#15633 = VERTEX_POINT('',#15634);
#15634 = CARTESIAN_POINT('',(142.85,-72.125,0.));
#15635 = CIRCLE('',#15636,0.625);
#15636 = AXIS2_PLACEMENT_3D('',#15637,#15638,#15639);
#15637 = CARTESIAN_POINT('',(142.85,-71.5,0.));
#15638 = DIRECTION('',(-0.,0.,-1.));
#15639 = DIRECTION('',(-0.,-1.,0.));
#15640 = FACE_BOUND('',#15641,.F.);
#15641 = EDGE_LOOP('',(#15642));
#15642 = ORIENTED_EDGE('',*,*,#15643,.T.);
#15643 = EDGE_CURVE('',#15644,#15644,#15646,.T.);
#15644 = VERTEX_POINT('',#15645);
#15645 = CARTESIAN_POINT('',(152.35,-72.125,0.));
#15646 = CIRCLE('',#15647,0.625);
#15647 = AXIS2_PLACEMENT_3D('',#15648,#15649,#15650);
#15648 = CARTESIAN_POINT('',(152.35,-71.5,0.));
#15649 = DIRECTION('',(-0.,0.,-1.));
#15650 = DIRECTION('',(-0.,-1.,0.));
#15651 = FACE_BOUND('',#15652,.F.);
#15652 = EDGE_LOOP('',(#15653));
#15653 = ORIENTED_EDGE('',*,*,#15654,.T.);
#15654 = EDGE_CURVE('',#15655,#15655,#15657,.T.);
#15655 = VERTEX_POINT('',#15656);
#15656 = CARTESIAN_POINT('',(163.2,-73.3,0.));
#15657 = CIRCLE('',#15658,1.6);
#15658 = AXIS2_PLACEMENT_3D('',#15659,#15660,#15661);
#15659 = CARTESIAN_POINT('',(163.2,-71.7,0.));
#15660 = DIRECTION('',(-0.,0.,-1.));
#15661 = DIRECTION('',(-0.,-1.,0.));
#15662 = FACE_BOUND('',#15663,.F.);
#15663 = EDGE_LOOP('',(#15664));
#15664 = ORIENTED_EDGE('',*,*,#15665,.T.);
#15665 = EDGE_CURVE('',#15666,#15666,#15668,.T.);
#15666 = VERTEX_POINT('',#15667);
#15667 = CARTESIAN_POINT('',(122.8875,-68.52,0.));
#15668 = CIRCLE('',#15669,0.7);
#15669 = AXIS2_PLACEMENT_3D('',#15670,#15671,#15672);
#15670 = CARTESIAN_POINT('',(122.8875,-67.82,0.));
#15671 = DIRECTION('',(-0.,0.,-1.));
#15672 = DIRECTION('',(-0.,-1.,0.));
#15673 = FACE_BOUND('',#15674,.F.);
#15674 = EDGE_LOOP('',(#15675));
#15675 = ORIENTED_EDGE('',*,*,#15676,.T.);
#15676 = EDGE_CURVE('',#15677,#15677,#15679,.T.);
#15677 = VERTEX_POINT('',#15678);
#15678 = CARTESIAN_POINT('',(117.84,-61.05,0.));
#15679 = CIRCLE('',#15680,0.55);
#15680 = AXIS2_PLACEMENT_3D('',#15681,#15682,#15683);
#15681 = CARTESIAN_POINT('',(117.84,-60.5,0.));
#15682 = DIRECTION('',(-0.,0.,-1.));
#15683 = DIRECTION('',(-0.,-1.,0.));
#15684 = FACE_BOUND('',#15685,.F.);
#15685 = EDGE_LOOP('',(#15686));
#15686 = ORIENTED_EDGE('',*,*,#15687,.T.);
#15687 = EDGE_CURVE('',#15688,#15688,#15690,.T.);
#15688 = VERTEX_POINT('',#15689);
#15689 = CARTESIAN_POINT('',(128.,-61.05,0.));
#15690 = CIRCLE('',#15691,0.55);
#15691 = AXIS2_PLACEMENT_3D('',#15692,#15693,#15694);
#15692 = CARTESIAN_POINT('',(128.,-60.5,0.));
#15693 = DIRECTION('',(-0.,0.,-1.));
#15694 = DIRECTION('',(-0.,-1.,0.));
#15695 = FACE_BOUND('',#15696,.F.);
#15696 = EDGE_LOOP('',(#15697));
#15697 = ORIENTED_EDGE('',*,*,#15698,.T.);
#15698 = EDGE_CURVE('',#15699,#15699,#15701,.T.);
#15699 = VERTEX_POINT('',#15700);
#15700 = CARTESIAN_POINT('',(144.24,-68.765,0.));
#15701 = CIRCLE('',#15702,0.625);
#15702 = AXIS2_PLACEMENT_3D('',#15703,#15704,#15705);
#15703 = CARTESIAN_POINT('',(144.24,-68.14,0.));
#15704 = DIRECTION('',(-0.,0.,-1.));
#15705 = DIRECTION('',(-0.,-1.,0.));
#15706 = FACE_BOUND('',#15707,.F.);
#15707 = EDGE_LOOP('',(#15708));
#15708 = ORIENTED_EDGE('',*,*,#15709,.T.);
#15709 = EDGE_CURVE('',#15710,#15710,#15712,.T.);
#15710 = VERTEX_POINT('',#15711);
#15711 = CARTESIAN_POINT('',(150.96,-68.765,0.));
#15712 = CIRCLE('',#15713,0.625);
#15713 = AXIS2_PLACEMENT_3D('',#15714,#15715,#15716);
#15714 = CARTESIAN_POINT('',(150.96,-68.14,0.));
#15715 = DIRECTION('',(-0.,0.,-1.));
#15716 = DIRECTION('',(-0.,-1.,0.));
#15717 = PLANE('',#15718);
#15718 = AXIS2_PLACEMENT_3D('',#15719,#15720,#15721);
#15719 = CARTESIAN_POINT('',(0.,0.,0.));
#15720 = DIRECTION('',(0.,0.,1.));
#15721 = DIRECTION('',(1.,0.,-0.));
#15722 = ADVANCED_FACE('',(#15723,#15769,#15780,#15791,#15802,#15813,
    #15824,#15835,#15846,#15857,#15868,#15879,#15890,#15901),#15912,.T.
  );
#15723 = FACE_BOUND('',#15724,.T.);
#15724 = EDGE_LOOP('',(#15725,#15726,#15727,#15736,#15744,#15753,#15761,
    #15768));
#15725 = ORIENTED_EDGE('',*,*,#15437,.F.);
#15726 = ORIENTED_EDGE('',*,*,#15479,.F.);
#15727 = ORIENTED_EDGE('',*,*,#15728,.F.);
#15728 = EDGE_CURVE('',#15729,#15472,#15731,.T.);
#15729 = VERTEX_POINT('',#15730);
#15730 = CARTESIAN_POINT('',(108.5,-59.,1.6));
#15731 = CIRCLE('',#15732,2.499999839417);
#15732 = AXIS2_PLACEMENT_3D('',#15733,#15734,#15735);
#15733 = CARTESIAN_POINT('',(110.99999983941,-58.99999983941,1.6));
#15734 = DIRECTION('',(0.,0.,-1.));
#15735 = DIRECTION('',(-1.,-6.42331470194E-08,-0.));
#15736 = ORIENTED_EDGE('',*,*,#15737,.F.);
#15737 = EDGE_CURVE('',#15738,#15729,#15740,.T.);
#15738 = VERTEX_POINT('',#15739);
#15739 = CARTESIAN_POINT('',(108.497231,-84.000002,1.6));
#15740 = LINE('',#15741,#15742);
#15741 = CARTESIAN_POINT('',(108.497231,-84.000002,1.6));
#15742 = VECTOR('',#15743,1.);
#15743 = DIRECTION('',(1.107599904598E-04,0.999999993866,0.));
#15744 = ORIENTED_EDGE('',*,*,#15745,.F.);
#15745 = EDGE_CURVE('',#15746,#15738,#15748,.T.);
#15746 = VERTEX_POINT('',#15747);
#15747 = CARTESIAN_POINT('',(110.989998,-86.492769,1.6));
#15748 = CIRCLE('',#15749,2.492768535094);
#15749 = AXIS2_PLACEMENT_3D('',#15750,#15751,#15752);
#15750 = CARTESIAN_POINT('',(110.98999953509,-84.0000004649,1.6));
#15751 = DIRECTION('',(0.,0.,-1.));
#15752 = DIRECTION('',(-6.158185729274E-07,-1.,-0.));
#15753 = ORIENTED_EDGE('',*,*,#15754,.F.);
#15754 = EDGE_CURVE('',#15755,#15746,#15757,.T.);
#15755 = VERTEX_POINT('',#15756);
#15756 = CARTESIAN_POINT('',(166.010002,-86.5,1.6));
#15757 = LINE('',#15758,#15759);
#15758 = CARTESIAN_POINT('',(166.010002,-86.5,1.6));
#15759 = VECTOR('',#15760,1.);
#15760 = DIRECTION('',(-0.999999991364,1.314249256971E-04,0.));
#15761 = ORIENTED_EDGE('',*,*,#15762,.F.);
#15762 = EDGE_CURVE('',#15502,#15755,#15763,.T.);
#15763 = CIRCLE('',#15764,2.489999607893);
#15764 = AXIS2_PLACEMENT_3D('',#15765,#15766,#15767);
#15765 = CARTESIAN_POINT('',(166.0100003921,-84.0100003921,1.6));
#15766 = DIRECTION('',(0.,0.,-1.));
#15767 = DIRECTION('',(1.,1.574729656874E-07,0.));
#15768 = ORIENTED_EDGE('',*,*,#15501,.F.);
#15769 = FACE_BOUND('',#15770,.T.);
#15770 = EDGE_LOOP('',(#15771));
#15771 = ORIENTED_EDGE('',*,*,#15772,.T.);
#15772 = EDGE_CURVE('',#15773,#15773,#15775,.T.);
#15773 = VERTEX_POINT('',#15774);
#15774 = CARTESIAN_POINT('',(122.8875,-76.8,1.6));
#15775 = CIRCLE('',#15776,0.7);
#15776 = AXIS2_PLACEMENT_3D('',#15777,#15778,#15779);
#15777 = CARTESIAN_POINT('',(122.8875,-76.1,1.6));
#15778 = DIRECTION('',(-0.,0.,-1.));
#15779 = DIRECTION('',(-0.,-1.,0.));
#15780 = FACE_BOUND('',#15781,.T.);
#15781 = EDGE_LOOP('',(#15782));
#15782 = ORIENTED_EDGE('',*,*,#15783,.T.);
#15783 = EDGE_CURVE('',#15784,#15784,#15786,.T.);
#15784 = VERTEX_POINT('',#15785);
#15785 = CARTESIAN_POINT('',(115.5475,-73.89,1.6));
#15786 = CIRCLE('',#15787,1.93);
#15787 = AXIS2_PLACEMENT_3D('',#15788,#15789,#15790);
#15788 = CARTESIAN_POINT('',(115.5475,-71.96,1.6));
#15789 = DIRECTION('',(-0.,0.,-1.));
#15790 = DIRECTION('',(-7.363137158136E-15,-1.,0.));
#15791 = FACE_BOUND('',#15792,.T.);
#15792 = EDGE_LOOP('',(#15793));
#15793 = ORIENTED_EDGE('',*,*,#15794,.T.);
#15794 = EDGE_CURVE('',#15795,#15795,#15797,.T.);
#15795 = VERTEX_POINT('',#15796);
#15796 = CARTESIAN_POINT('',(122.8875,-72.66,1.6));
#15797 = CIRCLE('',#15798,0.7);
#15798 = AXIS2_PLACEMENT_3D('',#15799,#15800,#15801);
#15799 = CARTESIAN_POINT('',(122.8875,-71.96,1.6));
#15800 = DIRECTION('',(-0.,0.,-1.));
#15801 = DIRECTION('',(-0.,-1.,0.));
#15802 = FACE_BOUND('',#15803,.T.);
#15803 = EDGE_LOOP('',(#15804));
#15804 = ORIENTED_EDGE('',*,*,#15805,.T.);
#15805 = EDGE_CURVE('',#15806,#15806,#15808,.T.);
#15806 = VERTEX_POINT('',#15807);
#15807 = CARTESIAN_POINT('',(144.24,-75.485,1.6));
#15808 = CIRCLE('',#15809,0.625);
#15809 = AXIS2_PLACEMENT_3D('',#15810,#15811,#15812);
#15810 = CARTESIAN_POINT('',(144.24,-74.86,1.6));
#15811 = DIRECTION('',(-0.,0.,-1.));
#15812 = DIRECTION('',(-0.,-1.,0.));
#15813 = FACE_BOUND('',#15814,.T.);
#15814 = EDGE_LOOP('',(#15815));
#15815 = ORIENTED_EDGE('',*,*,#15816,.T.);
#15816 = EDGE_CURVE('',#15817,#15817,#15819,.T.);
#15817 = VERTEX_POINT('',#15818);
#15818 = CARTESIAN_POINT('',(150.96,-75.485,1.6));
#15819 = CIRCLE('',#15820,0.625);
#15820 = AXIS2_PLACEMENT_3D('',#15821,#15822,#15823);
#15821 = CARTESIAN_POINT('',(150.96,-74.86,1.6));
#15822 = DIRECTION('',(-0.,0.,-1.));
#15823 = DIRECTION('',(-0.,-1.,0.));
#15824 = FACE_BOUND('',#15825,.T.);
#15825 = EDGE_LOOP('',(#15826));
#15826 = ORIENTED_EDGE('',*,*,#15827,.T.);
#15827 = EDGE_CURVE('',#15828,#15828,#15830,.T.);
#15828 = VERTEX_POINT('',#15829);
#15829 = CARTESIAN_POINT('',(142.85,-72.125,1.6));
#15830 = CIRCLE('',#15831,0.625);
#15831 = AXIS2_PLACEMENT_3D('',#15832,#15833,#15834);
#15832 = CARTESIAN_POINT('',(142.85,-71.5,1.6));
#15833 = DIRECTION('',(-0.,0.,-1.));
#15834 = DIRECTION('',(-0.,-1.,0.));
#15835 = FACE_BOUND('',#15836,.T.);
#15836 = EDGE_LOOP('',(#15837));
#15837 = ORIENTED_EDGE('',*,*,#15838,.T.);
#15838 = EDGE_CURVE('',#15839,#15839,#15841,.T.);
#15839 = VERTEX_POINT('',#15840);
#15840 = CARTESIAN_POINT('',(152.35,-72.125,1.6));
#15841 = CIRCLE('',#15842,0.625);
#15842 = AXIS2_PLACEMENT_3D('',#15843,#15844,#15845);
#15843 = CARTESIAN_POINT('',(152.35,-71.5,1.6));
#15844 = DIRECTION('',(-0.,0.,-1.));
#15845 = DIRECTION('',(-0.,-1.,0.));
#15846 = FACE_BOUND('',#15847,.T.);
#15847 = EDGE_LOOP('',(#15848));
#15848 = ORIENTED_EDGE('',*,*,#15849,.T.);
#15849 = EDGE_CURVE('',#15850,#15850,#15852,.T.);
#15850 = VERTEX_POINT('',#15851);
#15851 = CARTESIAN_POINT('',(163.2,-73.3,1.6));
#15852 = CIRCLE('',#15853,1.6);
#15853 = AXIS2_PLACEMENT_3D('',#15854,#15855,#15856);
#15854 = CARTESIAN_POINT('',(163.2,-71.7,1.6));
#15855 = DIRECTION('',(-0.,0.,-1.));
#15856 = DIRECTION('',(-0.,-1.,0.));
#15857 = FACE_BOUND('',#15858,.T.);
#15858 = EDGE_LOOP('',(#15859));
#15859 = ORIENTED_EDGE('',*,*,#15860,.T.);
#15860 = EDGE_CURVE('',#15861,#15861,#15863,.T.);
#15861 = VERTEX_POINT('',#15862);
#15862 = CARTESIAN_POINT('',(122.8875,-68.52,1.6));
#15863 = CIRCLE('',#15864,0.7);
#15864 = AXIS2_PLACEMENT_3D('',#15865,#15866,#15867);
#15865 = CARTESIAN_POINT('',(122.8875,-67.82,1.6));
#15866 = DIRECTION('',(-0.,0.,-1.));
#15867 = DIRECTION('',(-0.,-1.,0.));
#15868 = FACE_BOUND('',#15869,.T.);
#15869 = EDGE_LOOP('',(#15870));
#15870 = ORIENTED_EDGE('',*,*,#15871,.T.);
#15871 = EDGE_CURVE('',#15872,#15872,#15874,.T.);
#15872 = VERTEX_POINT('',#15873);
#15873 = CARTESIAN_POINT('',(117.84,-61.05,1.6));
#15874 = CIRCLE('',#15875,0.55);
#15875 = AXIS2_PLACEMENT_3D('',#15876,#15877,#15878);
#15876 = CARTESIAN_POINT('',(117.84,-60.5,1.6));
#15877 = DIRECTION('',(-0.,0.,-1.));
#15878 = DIRECTION('',(-0.,-1.,0.));
#15879 = FACE_BOUND('',#15880,.T.);
#15880 = EDGE_LOOP('',(#15881));
#15881 = ORIENTED_EDGE('',*,*,#15882,.T.);
#15882 = EDGE_CURVE('',#15883,#15883,#15885,.T.);
#15883 = VERTEX_POINT('',#15884);
#15884 = CARTESIAN_POINT('',(128.,-61.05,1.6));
#15885 = CIRCLE('',#15886,0.55);
#15886 = AXIS2_PLACEMENT_3D('',#15887,#15888,#15889);
#15887 = CARTESIAN_POINT('',(128.,-60.5,1.6));
#15888 = DIRECTION('',(-0.,0.,-1.));
#15889 = DIRECTION('',(-0.,-1.,0.));
#15890 = FACE_BOUND('',#15891,.T.);
#15891 = EDGE_LOOP('',(#15892));
#15892 = ORIENTED_EDGE('',*,*,#15893,.T.);
#15893 = EDGE_CURVE('',#15894,#15894,#15896,.T.);
#15894 = VERTEX_POINT('',#15895);
#15895 = CARTESIAN_POINT('',(144.24,-68.765,1.6));
#15896 = CIRCLE('',#15897,0.625);
#15897 = AXIS2_PLACEMENT_3D('',#15898,#15899,#15900);
#15898 = CARTESIAN_POINT('',(144.24,-68.14,1.6));
#15899 = DIRECTION('',(-0.,0.,-1.));
#15900 = DIRECTION('',(-0.,-1.,0.));
#15901 = FACE_BOUND('',#15902,.T.);
#15902 = EDGE_LOOP('',(#15903));
#15903 = ORIENTED_EDGE('',*,*,#15904,.T.);
#15904 = EDGE_CURVE('',#15905,#15905,#15907,.T.);
#15905 = VERTEX_POINT('',#15906);
#15906 = CARTESIAN_POINT('',(150.96,-68.765,1.6));
#15907 = CIRCLE('',#15908,0.625);
#15908 = AXIS2_PLACEMENT_3D('',#15909,#15910,#15911);
#15909 = CARTESIAN_POINT('',(150.96,-68.14,1.6));
#15910 = DIRECTION('',(-0.,0.,-1.));
#15911 = DIRECTION('',(-0.,-1.,0.));
#15912 = PLANE('',#15913);
#15913 = AXIS2_PLACEMENT_3D('',#15914,#15915,#15916);
#15914 = CARTESIAN_POINT('',(0.,0.,1.6));
#15915 = DIRECTION('',(0.,0.,1.));
#15916 = DIRECTION('',(1.,0.,-0.));
#15917 = ADVANCED_FACE('',(#15918),#15929,.T.);
#15918 = FACE_BOUND('',#15919,.T.);
#15919 = EDGE_LOOP('',(#15920,#15926,#15927,#15928));
#15920 = ORIENTED_EDGE('',*,*,#15921,.T.);
#15921 = EDGE_CURVE('',#15534,#15729,#15922,.T.);
#15922 = LINE('',#15923,#15924);
#15923 = CARTESIAN_POINT('',(108.5,-59.,0.));
#15924 = VECTOR('',#15925,1.);
#15925 = DIRECTION('',(0.,0.,1.));
#15926 = ORIENTED_EDGE('',*,*,#15728,.T.);
#15927 = ORIENTED_EDGE('',*,*,#15469,.F.);
#15928 = ORIENTED_EDGE('',*,*,#15533,.F.);
#15929 = CYLINDRICAL_SURFACE('',#15930,2.499999839417);
#15930 = AXIS2_PLACEMENT_3D('',#15931,#15932,#15933);
#15931 = CARTESIAN_POINT('',(110.99999983941,-58.99999983941,0.));
#15932 = DIRECTION('',(0.,0.,-1.));
#15933 = DIRECTION('',(-1.,-6.42331470194E-08,-0.));
#15934 = ADVANCED_FACE('',(#15935),#15946,.T.);
#15935 = FACE_BOUND('',#15936,.T.);
#15936 = EDGE_LOOP('',(#15937,#15938,#15939,#15945));
#15937 = ORIENTED_EDGE('',*,*,#15509,.T.);
#15938 = ORIENTED_EDGE('',*,*,#15762,.T.);
#15939 = ORIENTED_EDGE('',*,*,#15940,.F.);
#15940 = EDGE_CURVE('',#15560,#15755,#15941,.T.);
#15941 = LINE('',#15942,#15943);
#15942 = CARTESIAN_POINT('',(166.010002,-86.5,0.));
#15943 = VECTOR('',#15944,1.);
#15944 = DIRECTION('',(0.,0.,1.));
#15945 = ORIENTED_EDGE('',*,*,#15567,.F.);
#15946 = CYLINDRICAL_SURFACE('',#15947,2.489999607893);
#15947 = AXIS2_PLACEMENT_3D('',#15948,#15949,#15950);
#15948 = CARTESIAN_POINT('',(166.0100003921,-84.0100003921,0.));
#15949 = DIRECTION('',(0.,0.,-1.));
#15950 = DIRECTION('',(1.,1.574729656874E-07,0.));
#15951 = ADVANCED_FACE('',(#15952),#15963,.T.);
#15952 = FACE_BOUND('',#15953,.T.);
#15953 = EDGE_LOOP('',(#15954,#15960,#15961,#15962));
#15954 = ORIENTED_EDGE('',*,*,#15955,.T.);
#15955 = EDGE_CURVE('',#15543,#15738,#15956,.T.);
#15956 = LINE('',#15957,#15958);
#15957 = CARTESIAN_POINT('',(108.497231,-84.000002,0.));
#15958 = VECTOR('',#15959,1.);
#15959 = DIRECTION('',(0.,0.,1.));
#15960 = ORIENTED_EDGE('',*,*,#15737,.T.);
#15961 = ORIENTED_EDGE('',*,*,#15921,.F.);
#15962 = ORIENTED_EDGE('',*,*,#15542,.F.);
#15963 = PLANE('',#15964);
#15964 = AXIS2_PLACEMENT_3D('',#15965,#15966,#15967);
#15965 = CARTESIAN_POINT('',(108.497231,-84.000002,0.));
#15966 = DIRECTION('',(-0.999999993866,1.107599904598E-04,0.));
#15967 = DIRECTION('',(1.107599904598E-04,0.999999993866,0.));
#15968 = ADVANCED_FACE('',(#15969),#15980,.T.);
#15969 = FACE_BOUND('',#15970,.T.);
#15970 = EDGE_LOOP('',(#15971,#15972,#15973,#15979));
#15971 = ORIENTED_EDGE('',*,*,#15940,.T.);
#15972 = ORIENTED_EDGE('',*,*,#15754,.T.);
#15973 = ORIENTED_EDGE('',*,*,#15974,.F.);
#15974 = EDGE_CURVE('',#15551,#15746,#15975,.T.);
#15975 = LINE('',#15976,#15977);
#15976 = CARTESIAN_POINT('',(110.989998,-86.492769,0.));
#15977 = VECTOR('',#15978,1.);
#15978 = DIRECTION('',(0.,0.,1.));
#15979 = ORIENTED_EDGE('',*,*,#15559,.F.);
#15980 = PLANE('',#15981);
#15981 = AXIS2_PLACEMENT_3D('',#15982,#15983,#15984);
#15982 = CARTESIAN_POINT('',(166.010002,-86.5,0.));
#15983 = DIRECTION('',(-1.314249256971E-04,-0.999999991364,0.));
#15984 = DIRECTION('',(-0.999999991364,1.314249256971E-04,0.));
#15985 = ADVANCED_FACE('',(#15986),#15992,.T.);
#15986 = FACE_BOUND('',#15987,.T.);
#15987 = EDGE_LOOP('',(#15988,#15989,#15990,#15991));
#15988 = ORIENTED_EDGE('',*,*,#15974,.T.);
#15989 = ORIENTED_EDGE('',*,*,#15745,.T.);
#15990 = ORIENTED_EDGE('',*,*,#15955,.F.);
#15991 = ORIENTED_EDGE('',*,*,#15550,.F.);
#15992 = CYLINDRICAL_SURFACE('',#15993,2.492768535094);
#15993 = AXIS2_PLACEMENT_3D('',#15994,#15995,#15996);
#15994 = CARTESIAN_POINT('',(110.98999953509,-84.0000004649,0.));
#15995 = DIRECTION('',(0.,0.,-1.));
#15996 = DIRECTION('',(-6.158185729274E-07,-1.,-0.));
#15997 = ADVANCED_FACE('',(#15998),#16009,.F.);
#15998 = FACE_BOUND('',#15999,.T.);
#15999 = EDGE_LOOP('',(#16000,#16001,#16007,#16008));
#16000 = ORIENTED_EDGE('',*,*,#15577,.T.);
#16001 = ORIENTED_EDGE('',*,*,#16002,.T.);
#16002 = EDGE_CURVE('',#15578,#15773,#16003,.T.);
#16003 = LINE('',#16004,#16005);
#16004 = CARTESIAN_POINT('',(122.8875,-76.8,-4.5E-02));
#16005 = VECTOR('',#16006,1.);
#16006 = DIRECTION('',(0.,0.,1.));
#16007 = ORIENTED_EDGE('',*,*,#15772,.F.);
#16008 = ORIENTED_EDGE('',*,*,#16002,.F.);
#16009 = CYLINDRICAL_SURFACE('',#16010,0.7);
#16010 = AXIS2_PLACEMENT_3D('',#16011,#16012,#16013);
#16011 = CARTESIAN_POINT('',(122.8875,-76.1,-4.5E-02));
#16012 = DIRECTION('',(-0.,-0.,-1.));
#16013 = DIRECTION('',(-0.,-1.,0.));
#16014 = ADVANCED_FACE('',(#16015),#16026,.F.);
#16015 = FACE_BOUND('',#16016,.T.);
#16016 = EDGE_LOOP('',(#16017,#16018,#16024,#16025));
#16017 = ORIENTED_EDGE('',*,*,#15588,.T.);
#16018 = ORIENTED_EDGE('',*,*,#16019,.T.);
#16019 = EDGE_CURVE('',#15589,#15784,#16020,.T.);
#16020 = LINE('',#16021,#16022);
#16021 = CARTESIAN_POINT('',(115.5475,-73.89,-4.5E-02));
#16022 = VECTOR('',#16023,1.);
#16023 = DIRECTION('',(0.,0.,1.));
#16024 = ORIENTED_EDGE('',*,*,#15783,.F.);
#16025 = ORIENTED_EDGE('',*,*,#16019,.F.);
#16026 = CYLINDRICAL_SURFACE('',#16027,1.93);
#16027 = AXIS2_PLACEMENT_3D('',#16028,#16029,#16030);
#16028 = CARTESIAN_POINT('',(115.5475,-71.96,-4.5E-02));
#16029 = DIRECTION('',(-0.,-0.,-1.));
#16030 = DIRECTION('',(-7.363137158136E-15,-1.,0.));
#16031 = ADVANCED_FACE('',(#16032),#16043,.F.);
#16032 = FACE_BOUND('',#16033,.T.);
#16033 = EDGE_LOOP('',(#16034,#16035,#16041,#16042));
#16034 = ORIENTED_EDGE('',*,*,#15599,.T.);
#16035 = ORIENTED_EDGE('',*,*,#16036,.T.);
#16036 = EDGE_CURVE('',#15600,#15795,#16037,.T.);
#16037 = LINE('',#16038,#16039);
#16038 = CARTESIAN_POINT('',(122.8875,-72.66,-4.5E-02));
#16039 = VECTOR('',#16040,1.);
#16040 = DIRECTION('',(0.,0.,1.));
#16041 = ORIENTED_EDGE('',*,*,#15794,.F.);
#16042 = ORIENTED_EDGE('',*,*,#16036,.F.);
#16043 = CYLINDRICAL_SURFACE('',#16044,0.7);
#16044 = AXIS2_PLACEMENT_3D('',#16045,#16046,#16047);
#16045 = CARTESIAN_POINT('',(122.8875,-71.96,-4.5E-02));
#16046 = DIRECTION('',(-0.,-0.,-1.));
#16047 = DIRECTION('',(-0.,-1.,0.));
#16048 = ADVANCED_FACE('',(#16049),#16060,.F.);
#16049 = FACE_BOUND('',#16050,.T.);
#16050 = EDGE_LOOP('',(#16051,#16052,#16058,#16059));
#16051 = ORIENTED_EDGE('',*,*,#15610,.T.);
#16052 = ORIENTED_EDGE('',*,*,#16053,.T.);
#16053 = EDGE_CURVE('',#15611,#15806,#16054,.T.);
#16054 = LINE('',#16055,#16056);
#16055 = CARTESIAN_POINT('',(144.24,-75.485,-4.5E-02));
#16056 = VECTOR('',#16057,1.);
#16057 = DIRECTION('',(0.,0.,1.));
#16058 = ORIENTED_EDGE('',*,*,#15805,.F.);
#16059 = ORIENTED_EDGE('',*,*,#16053,.F.);
#16060 = CYLINDRICAL_SURFACE('',#16061,0.625);
#16061 = AXIS2_PLACEMENT_3D('',#16062,#16063,#16064);
#16062 = CARTESIAN_POINT('',(144.24,-74.86,-4.5E-02));
#16063 = DIRECTION('',(-0.,-0.,-1.));
#16064 = DIRECTION('',(-0.,-1.,0.));
#16065 = ADVANCED_FACE('',(#16066),#16077,.F.);
#16066 = FACE_BOUND('',#16067,.T.);
#16067 = EDGE_LOOP('',(#16068,#16069,#16075,#16076));
#16068 = ORIENTED_EDGE('',*,*,#15621,.T.);
#16069 = ORIENTED_EDGE('',*,*,#16070,.T.);
#16070 = EDGE_CURVE('',#15622,#15817,#16071,.T.);
#16071 = LINE('',#16072,#16073);
#16072 = CARTESIAN_POINT('',(150.96,-75.485,-4.5E-02));
#16073 = VECTOR('',#16074,1.);
#16074 = DIRECTION('',(0.,0.,1.));
#16075 = ORIENTED_EDGE('',*,*,#15816,.F.);
#16076 = ORIENTED_EDGE('',*,*,#16070,.F.);
#16077 = CYLINDRICAL_SURFACE('',#16078,0.625);
#16078 = AXIS2_PLACEMENT_3D('',#16079,#16080,#16081);
#16079 = CARTESIAN_POINT('',(150.96,-74.86,-4.5E-02));
#16080 = DIRECTION('',(-0.,-0.,-1.));
#16081 = DIRECTION('',(-0.,-1.,0.));
#16082 = ADVANCED_FACE('',(#16083),#16094,.F.);
#16083 = FACE_BOUND('',#16084,.T.);
#16084 = EDGE_LOOP('',(#16085,#16086,#16092,#16093));
#16085 = ORIENTED_EDGE('',*,*,#15632,.T.);
#16086 = ORIENTED_EDGE('',*,*,#16087,.T.);
#16087 = EDGE_CURVE('',#15633,#15828,#16088,.T.);
#16088 = LINE('',#16089,#16090);
#16089 = CARTESIAN_POINT('',(142.85,-72.125,-4.5E-02));
#16090 = VECTOR('',#16091,1.);
#16091 = DIRECTION('',(0.,0.,1.));
#16092 = ORIENTED_EDGE('',*,*,#15827,.F.);
#16093 = ORIENTED_EDGE('',*,*,#16087,.F.);
#16094 = CYLINDRICAL_SURFACE('',#16095,0.625);
#16095 = AXIS2_PLACEMENT_3D('',#16096,#16097,#16098);
#16096 = CARTESIAN_POINT('',(142.85,-71.5,-4.5E-02));
#16097 = DIRECTION('',(-0.,-0.,-1.));
#16098 = DIRECTION('',(-0.,-1.,0.));
#16099 = ADVANCED_FACE('',(#16100),#16111,.F.);
#16100 = FACE_BOUND('',#16101,.T.);
#16101 = EDGE_LOOP('',(#16102,#16103,#16109,#16110));
#16102 = ORIENTED_EDGE('',*,*,#15643,.T.);
#16103 = ORIENTED_EDGE('',*,*,#16104,.T.);
#16104 = EDGE_CURVE('',#15644,#15839,#16105,.T.);
#16105 = LINE('',#16106,#16107);
#16106 = CARTESIAN_POINT('',(152.35,-72.125,-4.5E-02));
#16107 = VECTOR('',#16108,1.);
#16108 = DIRECTION('',(0.,0.,1.));
#16109 = ORIENTED_EDGE('',*,*,#15838,.F.);
#16110 = ORIENTED_EDGE('',*,*,#16104,.F.);
#16111 = CYLINDRICAL_SURFACE('',#16112,0.625);
#16112 = AXIS2_PLACEMENT_3D('',#16113,#16114,#16115);
#16113 = CARTESIAN_POINT('',(152.35,-71.5,-4.5E-02));
#16114 = DIRECTION('',(-0.,-0.,-1.));
#16115 = DIRECTION('',(-0.,-1.,0.));
#16116 = ADVANCED_FACE('',(#16117),#16128,.F.);
#16117 = FACE_BOUND('',#16118,.T.);
#16118 = EDGE_LOOP('',(#16119,#16120,#16126,#16127));
#16119 = ORIENTED_EDGE('',*,*,#15654,.T.);
#16120 = ORIENTED_EDGE('',*,*,#16121,.T.);
#16121 = EDGE_CURVE('',#15655,#15850,#16122,.T.);
#16122 = LINE('',#16123,#16124);
#16123 = CARTESIAN_POINT('',(163.2,-73.3,-4.5E-02));
#16124 = VECTOR('',#16125,1.);
#16125 = DIRECTION('',(0.,0.,1.));
#16126 = ORIENTED_EDGE('',*,*,#15849,.F.);
#16127 = ORIENTED_EDGE('',*,*,#16121,.F.);
#16128 = CYLINDRICAL_SURFACE('',#16129,1.6);
#16129 = AXIS2_PLACEMENT_3D('',#16130,#16131,#16132);
#16130 = CARTESIAN_POINT('',(163.2,-71.7,-4.5E-02));
#16131 = DIRECTION('',(-0.,-0.,-1.));
#16132 = DIRECTION('',(-0.,-1.,0.));
#16133 = ADVANCED_FACE('',(#16134),#16145,.F.);
#16134 = FACE_BOUND('',#16135,.T.);
#16135 = EDGE_LOOP('',(#16136,#16137,#16143,#16144));
#16136 = ORIENTED_EDGE('',*,*,#15665,.T.);
#16137 = ORIENTED_EDGE('',*,*,#16138,.T.);
#16138 = EDGE_CURVE('',#15666,#15861,#16139,.T.);
#16139 = LINE('',#16140,#16141);
#16140 = CARTESIAN_POINT('',(122.8875,-68.52,-4.5E-02));
#16141 = VECTOR('',#16142,1.);
#16142 = DIRECTION('',(0.,0.,1.));
#16143 = ORIENTED_EDGE('',*,*,#15860,.F.);
#16144 = ORIENTED_EDGE('',*,*,#16138,.F.);
#16145 = CYLINDRICAL_SURFACE('',#16146,0.7);
#16146 = AXIS2_PLACEMENT_3D('',#16147,#16148,#16149);
#16147 = CARTESIAN_POINT('',(122.8875,-67.82,-4.5E-02));
#16148 = DIRECTION('',(-0.,-0.,-1.));
#16149 = DIRECTION('',(-0.,-1.,0.));
#16150 = ADVANCED_FACE('',(#16151),#16162,.F.);
#16151 = FACE_BOUND('',#16152,.T.);
#16152 = EDGE_LOOP('',(#16153,#16154,#16160,#16161));
#16153 = ORIENTED_EDGE('',*,*,#15676,.T.);
#16154 = ORIENTED_EDGE('',*,*,#16155,.T.);
#16155 = EDGE_CURVE('',#15677,#15872,#16156,.T.);
#16156 = LINE('',#16157,#16158);
#16157 = CARTESIAN_POINT('',(117.84,-61.05,-4.5E-02));
#16158 = VECTOR('',#16159,1.);
#16159 = DIRECTION('',(0.,0.,1.));
#16160 = ORIENTED_EDGE('',*,*,#15871,.F.);
#16161 = ORIENTED_EDGE('',*,*,#16155,.F.);
#16162 = CYLINDRICAL_SURFACE('',#16163,0.55);
#16163 = AXIS2_PLACEMENT_3D('',#16164,#16165,#16166);
#16164 = CARTESIAN_POINT('',(117.84,-60.5,-4.5E-02));
#16165 = DIRECTION('',(-0.,-0.,-1.));
#16166 = DIRECTION('',(-0.,-1.,0.));
#16167 = ADVANCED_FACE('',(#16168),#16179,.F.);
#16168 = FACE_BOUND('',#16169,.T.);
#16169 = EDGE_LOOP('',(#16170,#16171,#16177,#16178));
#16170 = ORIENTED_EDGE('',*,*,#15687,.T.);
#16171 = ORIENTED_EDGE('',*,*,#16172,.T.);
#16172 = EDGE_CURVE('',#15688,#15883,#16173,.T.);
#16173 = LINE('',#16174,#16175);
#16174 = CARTESIAN_POINT('',(128.,-61.05,-4.5E-02));
#16175 = VECTOR('',#16176,1.);
#16176 = DIRECTION('',(0.,0.,1.));
#16177 = ORIENTED_EDGE('',*,*,#15882,.F.);
#16178 = ORIENTED_EDGE('',*,*,#16172,.F.);
#16179 = CYLINDRICAL_SURFACE('',#16180,0.55);
#16180 = AXIS2_PLACEMENT_3D('',#16181,#16182,#16183);
#16181 = CARTESIAN_POINT('',(128.,-60.5,-4.5E-02));
#16182 = DIRECTION('',(-0.,-0.,-1.));
#16183 = DIRECTION('',(-0.,-1.,0.));
#16184 = ADVANCED_FACE('',(#16185),#16196,.F.);
#16185 = FACE_BOUND('',#16186,.T.);
#16186 = EDGE_LOOP('',(#16187,#16188,#16194,#16195));
#16187 = ORIENTED_EDGE('',*,*,#15698,.T.);
#16188 = ORIENTED_EDGE('',*,*,#16189,.T.);
#16189 = EDGE_CURVE('',#15699,#15894,#16190,.T.);
#16190 = LINE('',#16191,#16192);
#16191 = CARTESIAN_POINT('',(144.24,-68.765,-4.5E-02));
#16192 = VECTOR('',#16193,1.);
#16193 = DIRECTION('',(0.,0.,1.));
#16194 = ORIENTED_EDGE('',*,*,#15893,.F.);
#16195 = ORIENTED_EDGE('',*,*,#16189,.F.);
#16196 = CYLINDRICAL_SURFACE('',#16197,0.625);
#16197 = AXIS2_PLACEMENT_3D('',#16198,#16199,#16200);
#16198 = CARTESIAN_POINT('',(144.24,-68.14,-4.5E-02));
#16199 = DIRECTION('',(-0.,-0.,-1.));
#16200 = DIRECTION('',(-0.,-1.,0.));
#16201 = ADVANCED_FACE('',(#16202),#16213,.F.);
#16202 = FACE_BOUND('',#16203,.T.);
#16203 = EDGE_LOOP('',(#16204,#16205,#16211,#16212));
#16204 = ORIENTED_EDGE('',*,*,#15709,.T.);
#16205 = ORIENTED_EDGE('',*,*,#16206,.T.);
#16206 = EDGE_CURVE('',#15710,#15905,#16207,.T.);
#16207 = LINE('',#16208,#16209);
#16208 = CARTESIAN_POINT('',(150.96,-68.765,-4.5E-02));
#16209 = VECTOR('',#16210,1.);
#16210 = DIRECTION('',(0.,0.,1.));
#16211 = ORIENTED_EDGE('',*,*,#15904,.F.);
#16212 = ORIENTED_EDGE('',*,*,#16206,.F.);
#16213 = CYLINDRICAL_SURFACE('',#16214,0.625);
#16214 = AXIS2_PLACEMENT_3D('',#16215,#16216,#16217);
#16215 = CARTESIAN_POINT('',(150.96,-68.14,-4.5E-02));
#16216 = DIRECTION('',(-0.,-0.,-1.));
#16217 = DIRECTION('',(-0.,-1.,0.));
#16218 = ( GEOMETRIC_REPRESENTATION_CONTEXT(3) 
GLOBAL_UNCERTAINTY_ASSIGNED_CONTEXT((#16222)) 
GLOBAL_UNIT_ASSIGNED_CONTEXT((#16219,#16220,#16221)) 
REPRESENTATION_CONTEXT('Context #1',
  '3D Context with UNIT and UNCERTAINTY') );
#16219 = ( LENGTH_UNIT() NAMED_UNIT(*) SI_UNIT(.MILLI.,.METRE.) );
#16220 = ( NAMED_UNIT(*) PLANE_ANGLE_UNIT() SI_UNIT($,.RADIAN.) );
#16221 = ( NAMED_UNIT(*) SI_UNIT($,.STERADIAN.) SOLID_ANGLE_UNIT() );
#16222 = UNCERTAINTY_MEASURE_WITH_UNIT(LENGTH_MEASURE(1.E-07),#16219,
  'distance_accuracy_value','confusion accuracy');
#16223 = CONTEXT_DEPENDENT_SHAPE_REPRESENTATION(#16224,#16226);
#16224 = ( REPRESENTATION_RELATIONSHIP('','',#15420,#10) 
REPRESENTATION_RELATIONSHIP_WITH_TRANSFORMATION(#16225) 
SHAPE_REPRESENTATION_RELATIONSHIP() );
#16225 = ITEM_DEFINED_TRANSFORMATION('','',#11,#51);
#16226 = PRODUCT_DEFINITION_SHAPE('Placement','Placement of an item',
  #16227);
#16227 = NEXT_ASSEMBLY_USAGE_OCCURRENCE('17','=>[0:1:1:16]','',#5,#15415
  ,$);
#16228 = PRODUCT_RELATED_PRODUCT_CATEGORY('part',$,(#15417));
#16229 = MECHANICAL_DESIGN_GEOMETRIC_PRESENTATION_REPRESENTATION('',(
    #16230),#15397);
#16230 = STYLED_ITEM('color',(#16231),#13665);
#16231 = PRESENTATION_STYLE_ASSIGNMENT((#16232,#16238));
#16232 = SURFACE_STYLE_USAGE(.BOTH.,#16233);
#16233 = SURFACE_SIDE_STYLE('',(#16234));
#16234 = SURFACE_STYLE_FILL_AREA(#16235);
#16235 = FILL_AREA_STYLE('',(#16236));
#16236 = FILL_AREA_STYLE_COLOUR('',#16237);
#16237 = DRAUGHTING_PRE_DEFINED_COLOUR('black');
#16238 = CURVE_STYLE('',#16239,POSITIVE_LENGTH_MEASURE(0.1),#16237);
#16239 = DRAUGHTING_PRE_DEFINED_CURVE_FONT('continuous');
#16240 = MECHANICAL_DESIGN_GEOMETRIC_PRESENTATION_REPRESENTATION('',(
    #16241,#16249,#16256,#16263,#16270,#16277,#16284,#16291,#16299,
    #16306,#16313,#16320,#16327,#16334,#16341,#16348,#16355,#16362,
    #16369,#16376,#16383,#16390,#16397,#16404,#16411,#16418,#16425,
    #16432,#16439,#16446,#16453,#16460,#16467,#16474,#16481,#16488,
    #16495,#16502,#16509,#16516,#16523,#16530,#16537,#16544,#16551,
    #16558,#16565,#16572,#16579,#16586,#16593,#16600,#16607,#16614,
    #16621,#16628,#16635,#16642,#16649,#16656,#16663,#16670,#16677,
    #16684,#16691,#16698,#16705,#16712,#16719,#16726,#16733,#16740,
    #16747,#16754,#16761,#16768,#16775,#16782),#4487);
#16241 = STYLED_ITEM('color',(#16242),#2199);
#16242 = PRESENTATION_STYLE_ASSIGNMENT((#16243));
#16243 = SURFACE_STYLE_USAGE(.BOTH.,#16244);
#16244 = SURFACE_SIDE_STYLE('',(#16245));
#16245 = SURFACE_STYLE_FILL_AREA(#16246);
#16246 = FILL_AREA_STYLE('',(#16247));
#16247 = FILL_AREA_STYLE_COLOUR('',#16248);
#16248 = COLOUR_RGB('',0.145098047169,0.14117647753,0.14117647753);
#16249 = STYLED_ITEM('color',(#16250),#2239);
#16250 = PRESENTATION_STYLE_ASSIGNMENT((#16251));
#16251 = SURFACE_STYLE_USAGE(.BOTH.,#16252);
#16252 = SURFACE_SIDE_STYLE('',(#16253));
#16253 = SURFACE_STYLE_FILL_AREA(#16254);
#16254 = FILL_AREA_STYLE('',(#16255));
#16255 = FILL_AREA_STYLE_COLOUR('',#16248);
#16256 = STYLED_ITEM('color',(#16257),#2316);
#16257 = PRESENTATION_STYLE_ASSIGNMENT((#16258));
#16258 = SURFACE_STYLE_USAGE(.BOTH.,#16259);
#16259 = SURFACE_SIDE_STYLE('',(#16260));
#16260 = SURFACE_STYLE_FILL_AREA(#16261);
#16261 = FILL_AREA_STYLE('',(#16262));
#16262 = FILL_AREA_STYLE_COLOUR('',#16248);
#16263 = STYLED_ITEM('color',(#16264),#2339);
#16264 = PRESENTATION_STYLE_ASSIGNMENT((#16265));
#16265 = SURFACE_STYLE_USAGE(.BOTH.,#16266);
#16266 = SURFACE_SIDE_STYLE('',(#16267));
#16267 = SURFACE_STYLE_FILL_AREA(#16268);
#16268 = FILL_AREA_STYLE('',(#16269));
#16269 = FILL_AREA_STYLE_COLOUR('',#16248);
#16270 = STYLED_ITEM('color',(#16271),#2378);
#16271 = PRESENTATION_STYLE_ASSIGNMENT((#16272));
#16272 = SURFACE_STYLE_USAGE(.BOTH.,#16273);
#16273 = SURFACE_SIDE_STYLE('',(#16274));
#16274 = SURFACE_STYLE_FILL_AREA(#16275);
#16275 = FILL_AREA_STYLE('',(#16276));
#16276 = FILL_AREA_STYLE_COLOUR('',#16248);
#16277 = STYLED_ITEM('color',(#16278),#2395);
#16278 = PRESENTATION_STYLE_ASSIGNMENT((#16279));
#16279 = SURFACE_STYLE_USAGE(.BOTH.,#16280);
#16280 = SURFACE_SIDE_STYLE('',(#16281));
#16281 = SURFACE_STYLE_FILL_AREA(#16282);
#16282 = FILL_AREA_STYLE('',(#16283));
#16283 = FILL_AREA_STYLE_COLOUR('',#16248);
#16284 = STYLED_ITEM('color',(#16285),#2425);
#16285 = PRESENTATION_STYLE_ASSIGNMENT((#16286));
#16286 = SURFACE_STYLE_USAGE(.BOTH.,#16287);
#16287 = SURFACE_SIDE_STYLE('',(#16288));
#16288 = SURFACE_STYLE_FILL_AREA(#16289);
#16289 = FILL_AREA_STYLE('',(#16290));
#16290 = FILL_AREA_STYLE_COLOUR('',#16248);
#16291 = STYLED_ITEM('color',(#16292),#2455);
#16292 = PRESENTATION_STYLE_ASSIGNMENT((#16293));
#16293 = SURFACE_STYLE_USAGE(.BOTH.,#16294);
#16294 = SURFACE_SIDE_STYLE('',(#16295));
#16295 = SURFACE_STYLE_FILL_AREA(#16296);
#16296 = FILL_AREA_STYLE('',(#16297));
#16297 = FILL_AREA_STYLE_COLOUR('',#16298);
#16298 = COLOUR_RGB('',0.823529417451,0.819607860991,0.780392170416);
#16299 = STYLED_ITEM('color',(#16300),#2486);
#16300 = PRESENTATION_STYLE_ASSIGNMENT((#16301));
#16301 = SURFACE_STYLE_USAGE(.BOTH.,#16302);
#16302 = SURFACE_SIDE_STYLE('',(#16303));
#16303 = SURFACE_STYLE_FILL_AREA(#16304);
#16304 = FILL_AREA_STYLE('',(#16305));
#16305 = FILL_AREA_STYLE_COLOUR('',#16298);
#16306 = STYLED_ITEM('color',(#16307),#2517);
#16307 = PRESENTATION_STYLE_ASSIGNMENT((#16308));
#16308 = SURFACE_STYLE_USAGE(.BOTH.,#16309);
#16309 = SURFACE_SIDE_STYLE('',(#16310));
#16310 = SURFACE_STYLE_FILL_AREA(#16311);
#16311 = FILL_AREA_STYLE('',(#16312));
#16312 = FILL_AREA_STYLE_COLOUR('',#16248);
#16313 = STYLED_ITEM('color',(#16314),#2548);
#16314 = PRESENTATION_STYLE_ASSIGNMENT((#16315));
#16315 = SURFACE_STYLE_USAGE(.BOTH.,#16316);
#16316 = SURFACE_SIDE_STYLE('',(#16317));
#16317 = SURFACE_STYLE_FILL_AREA(#16318);
#16318 = FILL_AREA_STYLE('',(#16319));
#16319 = FILL_AREA_STYLE_COLOUR('',#16248);
#16320 = STYLED_ITEM('color',(#16321),#2579);
#16321 = PRESENTATION_STYLE_ASSIGNMENT((#16322));
#16322 = SURFACE_STYLE_USAGE(.BOTH.,#16323);
#16323 = SURFACE_SIDE_STYLE('',(#16324));
#16324 = SURFACE_STYLE_FILL_AREA(#16325);
#16325 = FILL_AREA_STYLE('',(#16326));
#16326 = FILL_AREA_STYLE_COLOUR('',#16298);
#16327 = STYLED_ITEM('color',(#16328),#2610);
#16328 = PRESENTATION_STYLE_ASSIGNMENT((#16329));
#16329 = SURFACE_STYLE_USAGE(.BOTH.,#16330);
#16330 = SURFACE_SIDE_STYLE('',(#16331));
#16331 = SURFACE_STYLE_FILL_AREA(#16332);
#16332 = FILL_AREA_STYLE('',(#16333));
#16333 = FILL_AREA_STYLE_COLOUR('',#16248);
#16334 = STYLED_ITEM('color',(#16335),#2633);
#16335 = PRESENTATION_STYLE_ASSIGNMENT((#16336));
#16336 = SURFACE_STYLE_USAGE(.BOTH.,#16337);
#16337 = SURFACE_SIDE_STYLE('',(#16338));
#16338 = SURFACE_STYLE_FILL_AREA(#16339);
#16339 = FILL_AREA_STYLE('',(#16340));
#16340 = FILL_AREA_STYLE_COLOUR('',#16248);
#16341 = STYLED_ITEM('color',(#16342),#2657);
#16342 = PRESENTATION_STYLE_ASSIGNMENT((#16343));
#16343 = SURFACE_STYLE_USAGE(.BOTH.,#16344);
#16344 = SURFACE_SIDE_STYLE('',(#16345));
#16345 = SURFACE_STYLE_FILL_AREA(#16346);
#16346 = FILL_AREA_STYLE('',(#16347));
#16347 = FILL_AREA_STYLE_COLOUR('',#16248);
#16348 = STYLED_ITEM('color',(#16349),#2687);
#16349 = PRESENTATION_STYLE_ASSIGNMENT((#16350));
#16350 = SURFACE_STYLE_USAGE(.BOTH.,#16351);
#16351 = SURFACE_SIDE_STYLE('',(#16352));
#16352 = SURFACE_STYLE_FILL_AREA(#16353);
#16353 = FILL_AREA_STYLE('',(#16354));
#16354 = FILL_AREA_STYLE_COLOUR('',#16298);
#16355 = STYLED_ITEM('color',(#16356),#2718);
#16356 = PRESENTATION_STYLE_ASSIGNMENT((#16357));
#16357 = SURFACE_STYLE_USAGE(.BOTH.,#16358);
#16358 = SURFACE_SIDE_STYLE('',(#16359));
#16359 = SURFACE_STYLE_FILL_AREA(#16360);
#16360 = FILL_AREA_STYLE('',(#16361));
#16361 = FILL_AREA_STYLE_COLOUR('',#16248);
#16362 = STYLED_ITEM('color',(#16363),#2735);
#16363 = PRESENTATION_STYLE_ASSIGNMENT((#16364));
#16364 = SURFACE_STYLE_USAGE(.BOTH.,#16365);
#16365 = SURFACE_SIDE_STYLE('',(#16366));
#16366 = SURFACE_STYLE_FILL_AREA(#16367);
#16367 = FILL_AREA_STYLE('',(#16368));
#16368 = FILL_AREA_STYLE_COLOUR('',#16248);
#16369 = STYLED_ITEM('color',(#16370),#2765);
#16370 = PRESENTATION_STYLE_ASSIGNMENT((#16371));
#16371 = SURFACE_STYLE_USAGE(.BOTH.,#16372);
#16372 = SURFACE_SIDE_STYLE('',(#16373));
#16373 = SURFACE_STYLE_FILL_AREA(#16374);
#16374 = FILL_AREA_STYLE('',(#16375));
#16375 = FILL_AREA_STYLE_COLOUR('',#16298);
#16376 = STYLED_ITEM('color',(#16377),#2857);
#16377 = PRESENTATION_STYLE_ASSIGNMENT((#16378));
#16378 = SURFACE_STYLE_USAGE(.BOTH.,#16379);
#16379 = SURFACE_SIDE_STYLE('',(#16380));
#16380 = SURFACE_STYLE_FILL_AREA(#16381);
#16381 = FILL_AREA_STYLE('',(#16382));
#16382 = FILL_AREA_STYLE_COLOUR('',#16298);
#16383 = STYLED_ITEM('color',(#16384),#2949);
#16384 = PRESENTATION_STYLE_ASSIGNMENT((#16385));
#16385 = SURFACE_STYLE_USAGE(.BOTH.,#16386);
#16386 = SURFACE_SIDE_STYLE('',(#16387));
#16387 = SURFACE_STYLE_FILL_AREA(#16388);
#16388 = FILL_AREA_STYLE('',(#16389));
#16389 = FILL_AREA_STYLE_COLOUR('',#16248);
#16390 = STYLED_ITEM('color',(#16391),#2979);
#16391 = PRESENTATION_STYLE_ASSIGNMENT((#16392));
#16392 = SURFACE_STYLE_USAGE(.BOTH.,#16393);
#16393 = SURFACE_SIDE_STYLE('',(#16394));
#16394 = SURFACE_STYLE_FILL_AREA(#16395);
#16395 = FILL_AREA_STYLE('',(#16396));
#16396 = FILL_AREA_STYLE_COLOUR('',#16298);
#16397 = STYLED_ITEM('color',(#16398),#3071);
#16398 = PRESENTATION_STYLE_ASSIGNMENT((#16399));
#16399 = SURFACE_STYLE_USAGE(.BOTH.,#16400);
#16400 = SURFACE_SIDE_STYLE('',(#16401));
#16401 = SURFACE_STYLE_FILL_AREA(#16402);
#16402 = FILL_AREA_STYLE('',(#16403));
#16403 = FILL_AREA_STYLE_COLOUR('',#16298);
#16404 = STYLED_ITEM('color',(#16405),#3088);
#16405 = PRESENTATION_STYLE_ASSIGNMENT((#16406));
#16406 = SURFACE_STYLE_USAGE(.BOTH.,#16407);
#16407 = SURFACE_SIDE_STYLE('',(#16408));
#16408 = SURFACE_STYLE_FILL_AREA(#16409);
#16409 = FILL_AREA_STYLE('',(#16410));
#16410 = FILL_AREA_STYLE_COLOUR('',#16298);
#16411 = STYLED_ITEM('color',(#16412),#3113);
#16412 = PRESENTATION_STYLE_ASSIGNMENT((#16413));
#16413 = SURFACE_STYLE_USAGE(.BOTH.,#16414);
#16414 = SURFACE_SIDE_STYLE('',(#16415));
#16415 = SURFACE_STYLE_FILL_AREA(#16416);
#16416 = FILL_AREA_STYLE('',(#16417));
#16417 = FILL_AREA_STYLE_COLOUR('',#16298);
#16418 = STYLED_ITEM('color',(#16419),#3197);
#16419 = PRESENTATION_STYLE_ASSIGNMENT((#16420));
#16420 = SURFACE_STYLE_USAGE(.BOTH.,#16421);
#16421 = SURFACE_SIDE_STYLE('',(#16422));
#16422 = SURFACE_STYLE_FILL_AREA(#16423);
#16423 = FILL_AREA_STYLE('',(#16424));
#16424 = FILL_AREA_STYLE_COLOUR('',#16248);
#16425 = STYLED_ITEM('color',(#16426),#3228);
#16426 = PRESENTATION_STYLE_ASSIGNMENT((#16427));
#16427 = SURFACE_STYLE_USAGE(.BOTH.,#16428);
#16428 = SURFACE_SIDE_STYLE('',(#16429));
#16429 = SURFACE_STYLE_FILL_AREA(#16430);
#16430 = FILL_AREA_STYLE('',(#16431));
#16431 = FILL_AREA_STYLE_COLOUR('',#16298);
#16432 = STYLED_ITEM('color',(#16433),#3320);
#16433 = PRESENTATION_STYLE_ASSIGNMENT((#16434));
#16434 = SURFACE_STYLE_USAGE(.BOTH.,#16435);
#16435 = SURFACE_SIDE_STYLE('',(#16436));
#16436 = SURFACE_STYLE_FILL_AREA(#16437);
#16437 = FILL_AREA_STYLE('',(#16438));
#16438 = FILL_AREA_STYLE_COLOUR('',#16298);
#16439 = STYLED_ITEM('color',(#16440),#3412);
#16440 = PRESENTATION_STYLE_ASSIGNMENT((#16441));
#16441 = SURFACE_STYLE_USAGE(.BOTH.,#16442);
#16442 = SURFACE_SIDE_STYLE('',(#16443));
#16443 = SURFACE_STYLE_FILL_AREA(#16444);
#16444 = FILL_AREA_STYLE('',(#16445));
#16445 = FILL_AREA_STYLE_COLOUR('',#16248);
#16446 = STYLED_ITEM('color',(#16447),#3443);
#16447 = PRESENTATION_STYLE_ASSIGNMENT((#16448));
#16448 = SURFACE_STYLE_USAGE(.BOTH.,#16449);
#16449 = SURFACE_SIDE_STYLE('',(#16450));
#16450 = SURFACE_STYLE_FILL_AREA(#16451);
#16451 = FILL_AREA_STYLE('',(#16452));
#16452 = FILL_AREA_STYLE_COLOUR('',#16298);
#16453 = STYLED_ITEM('color',(#16454),#3460);
#16454 = PRESENTATION_STYLE_ASSIGNMENT((#16455));
#16455 = SURFACE_STYLE_USAGE(.BOTH.,#16456);
#16456 = SURFACE_SIDE_STYLE('',(#16457));
#16457 = SURFACE_STYLE_FILL_AREA(#16458);
#16458 = FILL_AREA_STYLE('',(#16459));
#16459 = FILL_AREA_STYLE_COLOUR('',#16248);
#16460 = STYLED_ITEM('color',(#16461),#3483);
#16461 = PRESENTATION_STYLE_ASSIGNMENT((#16462));
#16462 = SURFACE_STYLE_USAGE(.BOTH.,#16463);
#16463 = SURFACE_SIDE_STYLE('',(#16464));
#16464 = SURFACE_STYLE_FILL_AREA(#16465);
#16465 = FILL_AREA_STYLE('',(#16466));
#16466 = FILL_AREA_STYLE_COLOUR('',#16248);
#16467 = STYLED_ITEM('color',(#16468),#3507);
#16468 = PRESENTATION_STYLE_ASSIGNMENT((#16469));
#16469 = SURFACE_STYLE_USAGE(.BOTH.,#16470);
#16470 = SURFACE_SIDE_STYLE('',(#16471));
#16471 = SURFACE_STYLE_FILL_AREA(#16472);
#16472 = FILL_AREA_STYLE('',(#16473));
#16473 = FILL_AREA_STYLE_COLOUR('',#16298);
#16474 = STYLED_ITEM('color',(#16475),#3599);
#16475 = PRESENTATION_STYLE_ASSIGNMENT((#16476));
#16476 = SURFACE_STYLE_USAGE(.BOTH.,#16477);
#16477 = SURFACE_SIDE_STYLE('',(#16478));
#16478 = SURFACE_STYLE_FILL_AREA(#16479);
#16479 = FILL_AREA_STYLE('',(#16480));
#16480 = FILL_AREA_STYLE_COLOUR('',#16298);
#16481 = STYLED_ITEM('color',(#16482),#3691);
#16482 = PRESENTATION_STYLE_ASSIGNMENT((#16483));
#16483 = SURFACE_STYLE_USAGE(.BOTH.,#16484);
#16484 = SURFACE_SIDE_STYLE('',(#16485));
#16485 = SURFACE_STYLE_FILL_AREA(#16486);
#16486 = FILL_AREA_STYLE('',(#16487));
#16487 = FILL_AREA_STYLE_COLOUR('',#16248);
#16488 = STYLED_ITEM('color',(#16489),#3721);
#16489 = PRESENTATION_STYLE_ASSIGNMENT((#16490));
#16490 = SURFACE_STYLE_USAGE(.BOTH.,#16491);
#16491 = SURFACE_SIDE_STYLE('',(#16492));
#16492 = SURFACE_STYLE_FILL_AREA(#16493);
#16493 = FILL_AREA_STYLE('',(#16494));
#16494 = FILL_AREA_STYLE_COLOUR('',#16298);
#16495 = STYLED_ITEM('color',(#16496),#3738);
#16496 = PRESENTATION_STYLE_ASSIGNMENT((#16497));
#16497 = SURFACE_STYLE_USAGE(.BOTH.,#16498);
#16498 = SURFACE_SIDE_STYLE('',(#16499));
#16499 = SURFACE_STYLE_FILL_AREA(#16500);
#16500 = FILL_AREA_STYLE('',(#16501));
#16501 = FILL_AREA_STYLE_COLOUR('',#16248);
#16502 = STYLED_ITEM('color',(#16503),#3755);
#16503 = PRESENTATION_STYLE_ASSIGNMENT((#16504));
#16504 = SURFACE_STYLE_USAGE(.BOTH.,#16505);
#16505 = SURFACE_SIDE_STYLE('',(#16506));
#16506 = SURFACE_STYLE_FILL_AREA(#16507);
#16507 = FILL_AREA_STYLE('',(#16508));
#16508 = FILL_AREA_STYLE_COLOUR('',#16248);
#16509 = STYLED_ITEM('color',(#16510),#3805);
#16510 = PRESENTATION_STYLE_ASSIGNMENT((#16511));
#16511 = SURFACE_STYLE_USAGE(.BOTH.,#16512);
#16512 = SURFACE_SIDE_STYLE('',(#16513));
#16513 = SURFACE_STYLE_FILL_AREA(#16514);
#16514 = FILL_AREA_STYLE('',(#16515));
#16515 = FILL_AREA_STYLE_COLOUR('',#16298);
#16516 = STYLED_ITEM('color',(#16517),#3824);
#16517 = PRESENTATION_STYLE_ASSIGNMENT((#16518));
#16518 = SURFACE_STYLE_USAGE(.BOTH.,#16519);
#16519 = SURFACE_SIDE_STYLE('',(#16520));
#16520 = SURFACE_STYLE_FILL_AREA(#16521);
#16521 = FILL_AREA_STYLE('',(#16522));
#16522 = FILL_AREA_STYLE_COLOUR('',#16298);
#16523 = STYLED_ITEM('color',(#16524),#3841);
#16524 = PRESENTATION_STYLE_ASSIGNMENT((#16525));
#16525 = SURFACE_STYLE_USAGE(.BOTH.,#16526);
#16526 = SURFACE_SIDE_STYLE('',(#16527));
#16527 = SURFACE_STYLE_FILL_AREA(#16528);
#16528 = FILL_AREA_STYLE('',(#16529));
#16529 = FILL_AREA_STYLE_COLOUR('',#16298);
#16530 = STYLED_ITEM('color',(#16531),#3858);
#16531 = PRESENTATION_STYLE_ASSIGNMENT((#16532));
#16532 = SURFACE_STYLE_USAGE(.BOTH.,#16533);
#16533 = SURFACE_SIDE_STYLE('',(#16534));
#16534 = SURFACE_STYLE_FILL_AREA(#16535);
#16535 = FILL_AREA_STYLE('',(#16536));
#16536 = FILL_AREA_STYLE_COLOUR('',#16298);
#16537 = STYLED_ITEM('color',(#16538),#3875);
#16538 = PRESENTATION_STYLE_ASSIGNMENT((#16539));
#16539 = SURFACE_STYLE_USAGE(.BOTH.,#16540);
#16540 = SURFACE_SIDE_STYLE('',(#16541));
#16541 = SURFACE_STYLE_FILL_AREA(#16542);
#16542 = FILL_AREA_STYLE('',(#16543));
#16543 = FILL_AREA_STYLE_COLOUR('',#16298);
#16544 = STYLED_ITEM('color',(#16545),#3892);
#16545 = PRESENTATION_STYLE_ASSIGNMENT((#16546));
#16546 = SURFACE_STYLE_USAGE(.BOTH.,#16547);
#16547 = SURFACE_SIDE_STYLE('',(#16548));
#16548 = SURFACE_STYLE_FILL_AREA(#16549);
#16549 = FILL_AREA_STYLE('',(#16550));
#16550 = FILL_AREA_STYLE_COLOUR('',#16298);
#16551 = STYLED_ITEM('color',(#16552),#3909);
#16552 = PRESENTATION_STYLE_ASSIGNMENT((#16553));
#16553 = SURFACE_STYLE_USAGE(.BOTH.,#16554);
#16554 = SURFACE_SIDE_STYLE('',(#16555));
#16555 = SURFACE_STYLE_FILL_AREA(#16556);
#16556 = FILL_AREA_STYLE('',(#16557));
#16557 = FILL_AREA_STYLE_COLOUR('',#16298);
#16558 = STYLED_ITEM('color',(#16559),#3926);
#16559 = PRESENTATION_STYLE_ASSIGNMENT((#16560));
#16560 = SURFACE_STYLE_USAGE(.BOTH.,#16561);
#16561 = SURFACE_SIDE_STYLE('',(#16562));
#16562 = SURFACE_STYLE_FILL_AREA(#16563);
#16563 = FILL_AREA_STYLE('',(#16564));
#16564 = FILL_AREA_STYLE_COLOUR('',#16298);
#16565 = STYLED_ITEM('color',(#16566),#3943);
#16566 = PRESENTATION_STYLE_ASSIGNMENT((#16567));
#16567 = SURFACE_STYLE_USAGE(.BOTH.,#16568);
#16568 = SURFACE_SIDE_STYLE('',(#16569));
#16569 = SURFACE_STYLE_FILL_AREA(#16570);
#16570 = FILL_AREA_STYLE('',(#16571));
#16571 = FILL_AREA_STYLE_COLOUR('',#16298);
#16572 = STYLED_ITEM('color',(#16573),#3955);
#16573 = PRESENTATION_STYLE_ASSIGNMENT((#16574));
#16574 = SURFACE_STYLE_USAGE(.BOTH.,#16575);
#16575 = SURFACE_SIDE_STYLE('',(#16576));
#16576 = SURFACE_STYLE_FILL_AREA(#16577);
#16577 = FILL_AREA_STYLE('',(#16578));
#16578 = FILL_AREA_STYLE_COLOUR('',#16298);
#16579 = STYLED_ITEM('color',(#16580),#3974);
#16580 = PRESENTATION_STYLE_ASSIGNMENT((#16581));
#16581 = SURFACE_STYLE_USAGE(.BOTH.,#16582);
#16582 = SURFACE_SIDE_STYLE('',(#16583));
#16583 = SURFACE_STYLE_FILL_AREA(#16584);
#16584 = FILL_AREA_STYLE('',(#16585));
#16585 = FILL_AREA_STYLE_COLOUR('',#16298);
#16586 = STYLED_ITEM('color',(#16587),#3991);
#16587 = PRESENTATION_STYLE_ASSIGNMENT((#16588));
#16588 = SURFACE_STYLE_USAGE(.BOTH.,#16589);
#16589 = SURFACE_SIDE_STYLE('',(#16590));
#16590 = SURFACE_STYLE_FILL_AREA(#16591);
#16591 = FILL_AREA_STYLE('',(#16592));
#16592 = FILL_AREA_STYLE_COLOUR('',#16298);
#16593 = STYLED_ITEM('color',(#16594),#4008);
#16594 = PRESENTATION_STYLE_ASSIGNMENT((#16595));
#16595 = SURFACE_STYLE_USAGE(.BOTH.,#16596);
#16596 = SURFACE_SIDE_STYLE('',(#16597));
#16597 = SURFACE_STYLE_FILL_AREA(#16598);
#16598 = FILL_AREA_STYLE('',(#16599));
#16599 = FILL_AREA_STYLE_COLOUR('',#16298);
#16600 = STYLED_ITEM('color',(#16601),#4025);
#16601 = PRESENTATION_STYLE_ASSIGNMENT((#16602));
#16602 = SURFACE_STYLE_USAGE(.BOTH.,#16603);
#16603 = SURFACE_SIDE_STYLE('',(#16604));
#16604 = SURFACE_STYLE_FILL_AREA(#16605);
#16605 = FILL_AREA_STYLE('',(#16606));
#16606 = FILL_AREA_STYLE_COLOUR('',#16298);
#16607 = STYLED_ITEM('color',(#16608),#4042);
#16608 = PRESENTATION_STYLE_ASSIGNMENT((#16609));
#16609 = SURFACE_STYLE_USAGE(.BOTH.,#16610);
#16610 = SURFACE_SIDE_STYLE('',(#16611));
#16611 = SURFACE_STYLE_FILL_AREA(#16612);
#16612 = FILL_AREA_STYLE('',(#16613));
#16613 = FILL_AREA_STYLE_COLOUR('',#16298);
#16614 = STYLED_ITEM('color',(#16615),#4059);
#16615 = PRESENTATION_STYLE_ASSIGNMENT((#16616));
#16616 = SURFACE_STYLE_USAGE(.BOTH.,#16617);
#16617 = SURFACE_SIDE_STYLE('',(#16618));
#16618 = SURFACE_STYLE_FILL_AREA(#16619);
#16619 = FILL_AREA_STYLE('',(#16620));
#16620 = FILL_AREA_STYLE_COLOUR('',#16298);
#16621 = STYLED_ITEM('color',(#16622),#4076);
#16622 = PRESENTATION_STYLE_ASSIGNMENT((#16623));
#16623 = SURFACE_STYLE_USAGE(.BOTH.,#16624);
#16624 = SURFACE_SIDE_STYLE('',(#16625));
#16625 = SURFACE_STYLE_FILL_AREA(#16626);
#16626 = FILL_AREA_STYLE('',(#16627));
#16627 = FILL_AREA_STYLE_COLOUR('',#16298);
#16628 = STYLED_ITEM('color',(#16629),#4093);
#16629 = PRESENTATION_STYLE_ASSIGNMENT((#16630));
#16630 = SURFACE_STYLE_USAGE(.BOTH.,#16631);
#16631 = SURFACE_SIDE_STYLE('',(#16632));
#16632 = SURFACE_STYLE_FILL_AREA(#16633);
#16633 = FILL_AREA_STYLE('',(#16634));
#16634 = FILL_AREA_STYLE_COLOUR('',#16298);
#16635 = STYLED_ITEM('color',(#16636),#4105);
#16636 = PRESENTATION_STYLE_ASSIGNMENT((#16637));
#16637 = SURFACE_STYLE_USAGE(.BOTH.,#16638);
#16638 = SURFACE_SIDE_STYLE('',(#16639));
#16639 = SURFACE_STYLE_FILL_AREA(#16640);
#16640 = FILL_AREA_STYLE('',(#16641));
#16641 = FILL_AREA_STYLE_COLOUR('',#16298);
#16642 = STYLED_ITEM('color',(#16643),#4124);
#16643 = PRESENTATION_STYLE_ASSIGNMENT((#16644));
#16644 = SURFACE_STYLE_USAGE(.BOTH.,#16645);
#16645 = SURFACE_SIDE_STYLE('',(#16646));
#16646 = SURFACE_STYLE_FILL_AREA(#16647);
#16647 = FILL_AREA_STYLE('',(#16648));
#16648 = FILL_AREA_STYLE_COLOUR('',#16298);
#16649 = STYLED_ITEM('color',(#16650),#4141);
#16650 = PRESENTATION_STYLE_ASSIGNMENT((#16651));
#16651 = SURFACE_STYLE_USAGE(.BOTH.,#16652);
#16652 = SURFACE_SIDE_STYLE('',(#16653));
#16653 = SURFACE_STYLE_FILL_AREA(#16654);
#16654 = FILL_AREA_STYLE('',(#16655));
#16655 = FILL_AREA_STYLE_COLOUR('',#16298);
#16656 = STYLED_ITEM('color',(#16657),#4158);
#16657 = PRESENTATION_STYLE_ASSIGNMENT((#16658));
#16658 = SURFACE_STYLE_USAGE(.BOTH.,#16659);
#16659 = SURFACE_SIDE_STYLE('',(#16660));
#16660 = SURFACE_STYLE_FILL_AREA(#16661);
#16661 = FILL_AREA_STYLE('',(#16662));
#16662 = FILL_AREA_STYLE_COLOUR('',#16298);
#16663 = STYLED_ITEM('color',(#16664),#4175);
#16664 = PRESENTATION_STYLE_ASSIGNMENT((#16665));
#16665 = SURFACE_STYLE_USAGE(.BOTH.,#16666);
#16666 = SURFACE_SIDE_STYLE('',(#16667));
#16667 = SURFACE_STYLE_FILL_AREA(#16668);
#16668 = FILL_AREA_STYLE('',(#16669));
#16669 = FILL_AREA_STYLE_COLOUR('',#16298);
#16670 = STYLED_ITEM('color',(#16671),#4192);
#16671 = PRESENTATION_STYLE_ASSIGNMENT((#16672));
#16672 = SURFACE_STYLE_USAGE(.BOTH.,#16673);
#16673 = SURFACE_SIDE_STYLE('',(#16674));
#16674 = SURFACE_STYLE_FILL_AREA(#16675);
#16675 = FILL_AREA_STYLE('',(#16676));
#16676 = FILL_AREA_STYLE_COLOUR('',#16298);
#16677 = STYLED_ITEM('color',(#16678),#4209);
#16678 = PRESENTATION_STYLE_ASSIGNMENT((#16679));
#16679 = SURFACE_STYLE_USAGE(.BOTH.,#16680);
#16680 = SURFACE_SIDE_STYLE('',(#16681));
#16681 = SURFACE_STYLE_FILL_AREA(#16682);
#16682 = FILL_AREA_STYLE('',(#16683));
#16683 = FILL_AREA_STYLE_COLOUR('',#16298);
#16684 = STYLED_ITEM('color',(#16685),#4226);
#16685 = PRESENTATION_STYLE_ASSIGNMENT((#16686));
#16686 = SURFACE_STYLE_USAGE(.BOTH.,#16687);
#16687 = SURFACE_SIDE_STYLE('',(#16688));
#16688 = SURFACE_STYLE_FILL_AREA(#16689);
#16689 = FILL_AREA_STYLE('',(#16690));
#16690 = FILL_AREA_STYLE_COLOUR('',#16298);
#16691 = STYLED_ITEM('color',(#16692),#4243);
#16692 = PRESENTATION_STYLE_ASSIGNMENT((#16693));
#16693 = SURFACE_STYLE_USAGE(.BOTH.,#16694);
#16694 = SURFACE_SIDE_STYLE('',(#16695));
#16695 = SURFACE_STYLE_FILL_AREA(#16696);
#16696 = FILL_AREA_STYLE('',(#16697));
#16697 = FILL_AREA_STYLE_COLOUR('',#16298);
#16698 = STYLED_ITEM('color',(#16699),#4255);
#16699 = PRESENTATION_STYLE_ASSIGNMENT((#16700));
#16700 = SURFACE_STYLE_USAGE(.BOTH.,#16701);
#16701 = SURFACE_SIDE_STYLE('',(#16702));
#16702 = SURFACE_STYLE_FILL_AREA(#16703);
#16703 = FILL_AREA_STYLE('',(#16704));
#16704 = FILL_AREA_STYLE_COLOUR('',#16248);
#16705 = STYLED_ITEM('color',(#16706),#4278);
#16706 = PRESENTATION_STYLE_ASSIGNMENT((#16707));
#16707 = SURFACE_STYLE_USAGE(.BOTH.,#16708);
#16708 = SURFACE_SIDE_STYLE('',(#16709));
#16709 = SURFACE_STYLE_FILL_AREA(#16710);
#16710 = FILL_AREA_STYLE('',(#16711));
#16711 = FILL_AREA_STYLE_COLOUR('',#16248);
#16712 = STYLED_ITEM('color',(#16713),#4308);
#16713 = PRESENTATION_STYLE_ASSIGNMENT((#16714));
#16714 = SURFACE_STYLE_USAGE(.BOTH.,#16715);
#16715 = SURFACE_SIDE_STYLE('',(#16716));
#16716 = SURFACE_STYLE_FILL_AREA(#16717);
#16717 = FILL_AREA_STYLE('',(#16718));
#16718 = FILL_AREA_STYLE_COLOUR('',#16298);
#16719 = STYLED_ITEM('color',(#16720),#4327);
#16720 = PRESENTATION_STYLE_ASSIGNMENT((#16721));
#16721 = SURFACE_STYLE_USAGE(.BOTH.,#16722);
#16722 = SURFACE_SIDE_STYLE('',(#16723));
#16723 = SURFACE_STYLE_FILL_AREA(#16724);
#16724 = FILL_AREA_STYLE('',(#16725));
#16725 = FILL_AREA_STYLE_COLOUR('',#16298);
#16726 = STYLED_ITEM('color',(#16727),#4344);
#16727 = PRESENTATION_STYLE_ASSIGNMENT((#16728));
#16728 = SURFACE_STYLE_USAGE(.BOTH.,#16729);
#16729 = SURFACE_SIDE_STYLE('',(#16730));
#16730 = SURFACE_STYLE_FILL_AREA(#16731);
#16731 = FILL_AREA_STYLE('',(#16732));
#16732 = FILL_AREA_STYLE_COLOUR('',#16298);
#16733 = STYLED_ITEM('color',(#16734),#4361);
#16734 = PRESENTATION_STYLE_ASSIGNMENT((#16735));
#16735 = SURFACE_STYLE_USAGE(.BOTH.,#16736);
#16736 = SURFACE_SIDE_STYLE('',(#16737));
#16737 = SURFACE_STYLE_FILL_AREA(#16738);
#16738 = FILL_AREA_STYLE('',(#16739));
#16739 = FILL_AREA_STYLE_COLOUR('',#16298);
#16740 = STYLED_ITEM('color',(#16741),#4378);
#16741 = PRESENTATION_STYLE_ASSIGNMENT((#16742));
#16742 = SURFACE_STYLE_USAGE(.BOTH.,#16743);
#16743 = SURFACE_SIDE_STYLE('',(#16744));
#16744 = SURFACE_STYLE_FILL_AREA(#16745);
#16745 = FILL_AREA_STYLE('',(#16746));
#16746 = FILL_AREA_STYLE_COLOUR('',#16298);
#16747 = STYLED_ITEM('color',(#16748),#4395);
#16748 = PRESENTATION_STYLE_ASSIGNMENT((#16749));
#16749 = SURFACE_STYLE_USAGE(.BOTH.,#16750);
#16750 = SURFACE_SIDE_STYLE('',(#16751));
#16751 = SURFACE_STYLE_FILL_AREA(#16752);
#16752 = FILL_AREA_STYLE('',(#16753));
#16753 = FILL_AREA_STYLE_COLOUR('',#16298);
#16754 = STYLED_ITEM('color',(#16755),#4412);
#16755 = PRESENTATION_STYLE_ASSIGNMENT((#16756));
#16756 = SURFACE_STYLE_USAGE(.BOTH.,#16757);
#16757 = SURFACE_SIDE_STYLE('',(#16758));
#16758 = SURFACE_STYLE_FILL_AREA(#16759);
#16759 = FILL_AREA_STYLE('',(#16760));
#16760 = FILL_AREA_STYLE_COLOUR('',#16298);
#16761 = STYLED_ITEM('color',(#16762),#4429);
#16762 = PRESENTATION_STYLE_ASSIGNMENT((#16763));
#16763 = SURFACE_STYLE_USAGE(.BOTH.,#16764);
#16764 = SURFACE_SIDE_STYLE('',(#16765));
#16765 = SURFACE_STYLE_FILL_AREA(#16766);
#16766 = FILL_AREA_STYLE('',(#16767));
#16767 = FILL_AREA_STYLE_COLOUR('',#16298);
#16768 = STYLED_ITEM('color',(#16769),#4446);
#16769 = PRESENTATION_STYLE_ASSIGNMENT((#16770));
#16770 = SURFACE_STYLE_USAGE(.BOTH.,#16771);
#16771 = SURFACE_SIDE_STYLE('',(#16772));
#16772 = SURFACE_STYLE_FILL_AREA(#16773);
#16773 = FILL_AREA_STYLE('',(#16774));
#16774 = FILL_AREA_STYLE_COLOUR('',#16298);
#16775 = STYLED_ITEM('color',(#16776),#4458);
#16776 = PRESENTATION_STYLE_ASSIGNMENT((#16777));
#16777 = SURFACE_STYLE_USAGE(.BOTH.,#16778);
#16778 = SURFACE_SIDE_STYLE('',(#16779));
#16779 = SURFACE_STYLE_FILL_AREA(#16780);
#16780 = FILL_AREA_STYLE('',(#16781));
#16781 = FILL_AREA_STYLE_COLOUR('',#16248);
#16782 = STYLED_ITEM('color',(#16783),#4475);
#16783 = PRESENTATION_STYLE_ASSIGNMENT((#16784));
#16784 = SURFACE_STYLE_USAGE(.BOTH.,#16785);
#16785 = SURFACE_SIDE_STYLE('',(#16786));
#16786 = SURFACE_STYLE_FILL_AREA(#16787);
#16787 = FILL_AREA_STYLE('',(#16788));
#16788 = FILL_AREA_STYLE_COLOUR('',#16248);
#16789 = MECHANICAL_DESIGN_GEOMETRIC_PRESENTATION_REPRESENTATION('',(
    #16790,#16798,#16805,#16812,#16820,#16827,#16834,#16841,#16849,
    #16856,#16863,#16870,#16877,#16884,#16891),#427);
#16790 = STYLED_ITEM('color',(#16791),#94);
#16791 = PRESENTATION_STYLE_ASSIGNMENT((#16792));
#16792 = SURFACE_STYLE_USAGE(.BOTH.,#16793);
#16793 = SURFACE_SIDE_STYLE('',(#16794));
#16794 = SURFACE_STYLE_FILL_AREA(#16795);
#16795 = FILL_AREA_STYLE('',(#16796));
#16796 = FILL_AREA_STYLE_COLOUR('',#16797);
#16797 = COLOUR_RGB('',0.894999966383,0.890999961016,0.813000030345);
#16798 = STYLED_ITEM('color',(#16799),#127);
#16799 = PRESENTATION_STYLE_ASSIGNMENT((#16800));
#16800 = SURFACE_STYLE_USAGE(.BOTH.,#16801);
#16801 = SURFACE_SIDE_STYLE('',(#16802));
#16802 = SURFACE_STYLE_FILL_AREA(#16803);
#16803 = FILL_AREA_STYLE('',(#16804));
#16804 = FILL_AREA_STYLE_COLOUR('',#16797);
#16805 = STYLED_ITEM('color',(#16806),#147);
#16806 = PRESENTATION_STYLE_ASSIGNMENT((#16807));
#16807 = SURFACE_STYLE_USAGE(.BOTH.,#16808);
#16808 = SURFACE_SIDE_STYLE('',(#16809));
#16809 = SURFACE_STYLE_FILL_AREA(#16810);
#16810 = FILL_AREA_STYLE('',(#16811));
#16811 = FILL_AREA_STYLE_COLOUR('',#16797);
#16812 = STYLED_ITEM('color',(#16813),#167);
#16813 = PRESENTATION_STYLE_ASSIGNMENT((#16814));
#16814 = SURFACE_STYLE_USAGE(.BOTH.,#16815);
#16815 = SURFACE_SIDE_STYLE('',(#16816));
#16816 = SURFACE_STYLE_FILL_AREA(#16817);
#16817 = FILL_AREA_STYLE('',(#16818));
#16818 = FILL_AREA_STYLE_COLOUR('',#16819);
#16819 = COLOUR_RGB('',0.147999998088,0.144999993226,0.144999993226);
#16820 = STYLED_ITEM('color',(#16821),#192);
#16821 = PRESENTATION_STYLE_ASSIGNMENT((#16822));
#16822 = SURFACE_STYLE_USAGE(.BOTH.,#16823);
#16823 = SURFACE_SIDE_STYLE('',(#16824));
#16824 = SURFACE_STYLE_FILL_AREA(#16825);
#16825 = FILL_AREA_STYLE('',(#16826));
#16826 = FILL_AREA_STYLE_COLOUR('',#16819);
#16827 = STYLED_ITEM('color',(#16828),#217);
#16828 = PRESENTATION_STYLE_ASSIGNMENT((#16829));
#16829 = SURFACE_STYLE_USAGE(.BOTH.,#16830);
#16830 = SURFACE_SIDE_STYLE('',(#16831));
#16831 = SURFACE_STYLE_FILL_AREA(#16832);
#16832 = FILL_AREA_STYLE('',(#16833));
#16833 = FILL_AREA_STYLE_COLOUR('',#16819);
#16834 = STYLED_ITEM('color',(#16835),#237);
#16835 = PRESENTATION_STYLE_ASSIGNMENT((#16836));
#16836 = SURFACE_STYLE_USAGE(.BOTH.,#16837);
#16837 = SURFACE_SIDE_STYLE('',(#16838));
#16838 = SURFACE_STYLE_FILL_AREA(#16839);
#16839 = FILL_AREA_STYLE('',(#16840));
#16840 = FILL_AREA_STYLE_COLOUR('',#16819);
#16841 = STYLED_ITEM('color',(#16842),#257);
#16842 = PRESENTATION_STYLE_ASSIGNMENT((#16843));
#16843 = SURFACE_STYLE_USAGE(.BOTH.,#16844);
#16844 = SURFACE_SIDE_STYLE('',(#16845));
#16845 = SURFACE_STYLE_FILL_AREA(#16846);
#16846 = FILL_AREA_STYLE('',(#16847));
#16847 = FILL_AREA_STYLE_COLOUR('',#16848);
#16848 = COLOUR_RGB('',0.823999987314,0.819999987296,0.781000009244);
#16849 = STYLED_ITEM('color',(#16850),#282);
#16850 = PRESENTATION_STYLE_ASSIGNMENT((#16851));
#16851 = SURFACE_STYLE_USAGE(.BOTH.,#16852);
#16852 = SURFACE_SIDE_STYLE('',(#16853));
#16853 = SURFACE_STYLE_FILL_AREA(#16854);
#16854 = FILL_AREA_STYLE('',(#16855));
#16855 = FILL_AREA_STYLE_COLOUR('',#16848);
#16856 = STYLED_ITEM('color',(#16857),#307);
#16857 = PRESENTATION_STYLE_ASSIGNMENT((#16858));
#16858 = SURFACE_STYLE_USAGE(.BOTH.,#16859);
#16859 = SURFACE_SIDE_STYLE('',(#16860));
#16860 = SURFACE_STYLE_FILL_AREA(#16861);
#16861 = FILL_AREA_STYLE('',(#16862));
#16862 = FILL_AREA_STYLE_COLOUR('',#16848);
#16863 = STYLED_ITEM('color',(#16864),#333);
#16864 = PRESENTATION_STYLE_ASSIGNMENT((#16865));
#16865 = SURFACE_STYLE_USAGE(.BOTH.,#16866);
#16866 = SURFACE_SIDE_STYLE('',(#16867));
#16867 = SURFACE_STYLE_FILL_AREA(#16868);
#16868 = FILL_AREA_STYLE('',(#16869));
#16869 = FILL_AREA_STYLE_COLOUR('',#16848);
#16870 = STYLED_ITEM('color',(#16871),#359);
#16871 = PRESENTATION_STYLE_ASSIGNMENT((#16872));
#16872 = SURFACE_STYLE_USAGE(.BOTH.,#16873);
#16873 = SURFACE_SIDE_STYLE('',(#16874));
#16874 = SURFACE_STYLE_FILL_AREA(#16875);
#16875 = FILL_AREA_STYLE('',(#16876));
#16876 = FILL_AREA_STYLE_COLOUR('',#16848);
#16877 = STYLED_ITEM('color',(#16878),#384);
#16878 = PRESENTATION_STYLE_ASSIGNMENT((#16879));
#16879 = SURFACE_STYLE_USAGE(.BOTH.,#16880);
#16880 = SURFACE_SIDE_STYLE('',(#16881));
#16881 = SURFACE_STYLE_FILL_AREA(#16882);
#16882 = FILL_AREA_STYLE('',(#16883));
#16883 = FILL_AREA_STYLE_COLOUR('',#16848);
#16884 = STYLED_ITEM('color',(#16885),#409);
#16885 = PRESENTATION_STYLE_ASSIGNMENT((#16886));
#16886 = SURFACE_STYLE_USAGE(.BOTH.,#16887);
#16887 = SURFACE_SIDE_STYLE('',(#16888));
#16888 = SURFACE_STYLE_FILL_AREA(#16889);
#16889 = FILL_AREA_STYLE('',(#16890));
#16890 = FILL_AREA_STYLE_COLOUR('',#16848);
#16891 = STYLED_ITEM('color',(#16892),#418);
#16892 = PRESENTATION_STYLE_ASSIGNMENT((#16893));
#16893 = SURFACE_STYLE_USAGE(.BOTH.,#16894);
#16894 = SURFACE_SIDE_STYLE('',(#16895));
#16895 = SURFACE_STYLE_FILL_AREA(#16896);
#16896 = FILL_AREA_STYLE('',(#16897));
#16897 = FILL_AREA_STYLE_COLOUR('',#16848);
#16898 = MECHANICAL_DESIGN_GEOMETRIC_PRESENTATION_REPRESENTATION('',(
    #16899,#16906,#16913,#16920,#16927,#16934,#16941,#16948,#16955,
    #16962,#16969,#16977,#16984,#16991,#16998,#17005,#17012,#17019,
    #17026,#17033,#17040,#17047,#17054,#17061,#17068,#17075,#17082,
    #17089),#1323);
#16899 = STYLED_ITEM('color',(#16900),#471);
#16900 = PRESENTATION_STYLE_ASSIGNMENT((#16901));
#16901 = SURFACE_STYLE_USAGE(.BOTH.,#16902);
#16902 = SURFACE_SIDE_STYLE('',(#16903));
#16903 = SURFACE_STYLE_FILL_AREA(#16904);
#16904 = FILL_AREA_STYLE('',(#16905));
#16905 = FILL_AREA_STYLE_COLOUR('',#16848);
#16906 = STYLED_ITEM('color',(#16907),#547);
#16907 = PRESENTATION_STYLE_ASSIGNMENT((#16908));
#16908 = SURFACE_STYLE_USAGE(.BOTH.,#16909);
#16909 = SURFACE_SIDE_STYLE('',(#16910));
#16910 = SURFACE_STYLE_FILL_AREA(#16911);
#16911 = FILL_AREA_STYLE('',(#16912));
#16912 = FILL_AREA_STYLE_COLOUR('',#16848);
#16913 = STYLED_ITEM('color',(#16914),#578);
#16914 = PRESENTATION_STYLE_ASSIGNMENT((#16915));
#16915 = SURFACE_STYLE_USAGE(.BOTH.,#16916);
#16916 = SURFACE_SIDE_STYLE('',(#16917));
#16917 = SURFACE_STYLE_FILL_AREA(#16918);
#16918 = FILL_AREA_STYLE('',(#16919));
#16919 = FILL_AREA_STYLE_COLOUR('',#16848);
#16920 = STYLED_ITEM('color',(#16921),#603);
#16921 = PRESENTATION_STYLE_ASSIGNMENT((#16922));
#16922 = SURFACE_STYLE_USAGE(.BOTH.,#16923);
#16923 = SURFACE_SIDE_STYLE('',(#16924));
#16924 = SURFACE_STYLE_FILL_AREA(#16925);
#16925 = FILL_AREA_STYLE('',(#16926));
#16926 = FILL_AREA_STYLE_COLOUR('',#16848);
#16927 = STYLED_ITEM('color',(#16928),#628);
#16928 = PRESENTATION_STYLE_ASSIGNMENT((#16929));
#16929 = SURFACE_STYLE_USAGE(.BOTH.,#16930);
#16930 = SURFACE_SIDE_STYLE('',(#16931));
#16931 = SURFACE_STYLE_FILL_AREA(#16932);
#16932 = FILL_AREA_STYLE('',(#16933));
#16933 = FILL_AREA_STYLE_COLOUR('',#16848);
#16934 = STYLED_ITEM('color',(#16935),#652);
#16935 = PRESENTATION_STYLE_ASSIGNMENT((#16936));
#16936 = SURFACE_STYLE_USAGE(.BOTH.,#16937);
#16937 = SURFACE_SIDE_STYLE('',(#16938));
#16938 = SURFACE_STYLE_FILL_AREA(#16939);
#16939 = FILL_AREA_STYLE('',(#16940));
#16940 = FILL_AREA_STYLE_COLOUR('',#16848);
#16941 = STYLED_ITEM('color',(#16942),#676);
#16942 = PRESENTATION_STYLE_ASSIGNMENT((#16943));
#16943 = SURFACE_STYLE_USAGE(.BOTH.,#16944);
#16944 = SURFACE_SIDE_STYLE('',(#16945));
#16945 = SURFACE_STYLE_FILL_AREA(#16946);
#16946 = FILL_AREA_STYLE('',(#16947));
#16947 = FILL_AREA_STYLE_COLOUR('',#16848);
#16948 = STYLED_ITEM('color',(#16949),#701);
#16949 = PRESENTATION_STYLE_ASSIGNMENT((#16950));
#16950 = SURFACE_STYLE_USAGE(.BOTH.,#16951);
#16951 = SURFACE_SIDE_STYLE('',(#16952));
#16952 = SURFACE_STYLE_FILL_AREA(#16953);
#16953 = FILL_AREA_STYLE('',(#16954));
#16954 = FILL_AREA_STYLE_COLOUR('',#16848);
#16955 = STYLED_ITEM('color',(#16956),#726);
#16956 = PRESENTATION_STYLE_ASSIGNMENT((#16957));
#16957 = SURFACE_STYLE_USAGE(.BOTH.,#16958);
#16958 = SURFACE_SIDE_STYLE('',(#16959));
#16959 = SURFACE_STYLE_FILL_AREA(#16960);
#16960 = FILL_AREA_STYLE('',(#16961));
#16961 = FILL_AREA_STYLE_COLOUR('',#16848);
#16962 = STYLED_ITEM('color',(#16963),#743);
#16963 = PRESENTATION_STYLE_ASSIGNMENT((#16964));
#16964 = SURFACE_STYLE_USAGE(.BOTH.,#16965);
#16965 = SURFACE_SIDE_STYLE('',(#16966));
#16966 = SURFACE_STYLE_FILL_AREA(#16967);
#16967 = FILL_AREA_STYLE('',(#16968));
#16968 = FILL_AREA_STYLE_COLOUR('',#16848);
#16969 = STYLED_ITEM('color',(#16970),#829);
#16970 = PRESENTATION_STYLE_ASSIGNMENT((#16971));
#16971 = SURFACE_STYLE_USAGE(.BOTH.,#16972);
#16972 = SURFACE_SIDE_STYLE('',(#16973));
#16973 = SURFACE_STYLE_FILL_AREA(#16974);
#16974 = FILL_AREA_STYLE('',(#16975));
#16975 = FILL_AREA_STYLE_COLOUR('',#16976);
#16976 = COLOUR_RGB('',0.379000005575,0.270000008848,0.214999999939);
#16977 = STYLED_ITEM('color',(#16978),#861);
#16978 = PRESENTATION_STYLE_ASSIGNMENT((#16979));
#16979 = SURFACE_STYLE_USAGE(.BOTH.,#16980);
#16980 = SURFACE_SIDE_STYLE('',(#16981));
#16981 = SURFACE_STYLE_FILL_AREA(#16982);
#16982 = FILL_AREA_STYLE('',(#16983));
#16983 = FILL_AREA_STYLE_COLOUR('',#16976);
#16984 = STYLED_ITEM('color',(#16985),#885);
#16985 = PRESENTATION_STYLE_ASSIGNMENT((#16986));
#16986 = SURFACE_STYLE_USAGE(.BOTH.,#16987);
#16987 = SURFACE_SIDE_STYLE('',(#16988));
#16988 = SURFACE_STYLE_FILL_AREA(#16989);
#16989 = FILL_AREA_STYLE('',(#16990));
#16990 = FILL_AREA_STYLE_COLOUR('',#16976);
#16991 = STYLED_ITEM('color',(#16992),#910);
#16992 = PRESENTATION_STYLE_ASSIGNMENT((#16993));
#16993 = SURFACE_STYLE_USAGE(.BOTH.,#16994);
#16994 = SURFACE_SIDE_STYLE('',(#16995));
#16995 = SURFACE_STYLE_FILL_AREA(#16996);
#16996 = FILL_AREA_STYLE('',(#16997));
#16997 = FILL_AREA_STYLE_COLOUR('',#16976);
#16998 = STYLED_ITEM('color',(#16999),#934);
#16999 = PRESENTATION_STYLE_ASSIGNMENT((#17000));
#17000 = SURFACE_STYLE_USAGE(.BOTH.,#17001);
#17001 = SURFACE_SIDE_STYLE('',(#17002));
#17002 = SURFACE_STYLE_FILL_AREA(#17003);
#17003 = FILL_AREA_STYLE('',(#17004));
#17004 = FILL_AREA_STYLE_COLOUR('',#16976);
#17005 = STYLED_ITEM('color',(#17006),#959);
#17006 = PRESENTATION_STYLE_ASSIGNMENT((#17007));
#17007 = SURFACE_STYLE_USAGE(.BOTH.,#17008);
#17008 = SURFACE_SIDE_STYLE('',(#17009));
#17009 = SURFACE_STYLE_FILL_AREA(#17010);
#17010 = FILL_AREA_STYLE('',(#17011));
#17011 = FILL_AREA_STYLE_COLOUR('',#16976);
#17012 = STYLED_ITEM('color',(#17013),#983);
#17013 = PRESENTATION_STYLE_ASSIGNMENT((#17014));
#17014 = SURFACE_STYLE_USAGE(.BOTH.,#17015);
#17015 = SURFACE_SIDE_STYLE('',(#17016));
#17016 = SURFACE_STYLE_FILL_AREA(#17017);
#17017 = FILL_AREA_STYLE('',(#17018));
#17018 = FILL_AREA_STYLE_COLOUR('',#16976);
#17019 = STYLED_ITEM('color',(#17020),#1008);
#17020 = PRESENTATION_STYLE_ASSIGNMENT((#17021));
#17021 = SURFACE_STYLE_USAGE(.BOTH.,#17022);
#17022 = SURFACE_SIDE_STYLE('',(#17023));
#17023 = SURFACE_STYLE_FILL_AREA(#17024);
#17024 = FILL_AREA_STYLE('',(#17025));
#17025 = FILL_AREA_STYLE_COLOUR('',#16976);
#17026 = STYLED_ITEM('color',(#17027),#1025);
#17027 = PRESENTATION_STYLE_ASSIGNMENT((#17028));
#17028 = SURFACE_STYLE_USAGE(.BOTH.,#17029);
#17029 = SURFACE_SIDE_STYLE('',(#17030));
#17030 = SURFACE_STYLE_FILL_AREA(#17031);
#17031 = FILL_AREA_STYLE('',(#17032));
#17032 = FILL_AREA_STYLE_COLOUR('',#16848);
#17033 = STYLED_ITEM('color',(#17034),#1111);
#17034 = PRESENTATION_STYLE_ASSIGNMENT((#17035));
#17035 = SURFACE_STYLE_USAGE(.BOTH.,#17036);
#17036 = SURFACE_SIDE_STYLE('',(#17037));
#17037 = SURFACE_STYLE_FILL_AREA(#17038);
#17038 = FILL_AREA_STYLE('',(#17039));
#17039 = FILL_AREA_STYLE_COLOUR('',#16848);
#17040 = STYLED_ITEM('color',(#17041),#1142);
#17041 = PRESENTATION_STYLE_ASSIGNMENT((#17042));
#17042 = SURFACE_STYLE_USAGE(.BOTH.,#17043);
#17043 = SURFACE_SIDE_STYLE('',(#17044));
#17044 = SURFACE_STYLE_FILL_AREA(#17045);
#17045 = FILL_AREA_STYLE('',(#17046));
#17046 = FILL_AREA_STYLE_COLOUR('',#16848);
#17047 = STYLED_ITEM('color',(#17048),#1167);
#17048 = PRESENTATION_STYLE_ASSIGNMENT((#17049));
#17049 = SURFACE_STYLE_USAGE(.BOTH.,#17050);
#17050 = SURFACE_SIDE_STYLE('',(#17051));
#17051 = SURFACE_STYLE_FILL_AREA(#17052);
#17052 = FILL_AREA_STYLE('',(#17053));
#17053 = FILL_AREA_STYLE_COLOUR('',#16848);
#17054 = STYLED_ITEM('color',(#17055),#1192);
#17055 = PRESENTATION_STYLE_ASSIGNMENT((#17056));
#17056 = SURFACE_STYLE_USAGE(.BOTH.,#17057);
#17057 = SURFACE_SIDE_STYLE('',(#17058));
#17058 = SURFACE_STYLE_FILL_AREA(#17059);
#17059 = FILL_AREA_STYLE('',(#17060));
#17060 = FILL_AREA_STYLE_COLOUR('',#16848);
#17061 = STYLED_ITEM('color',(#17062),#1216);
#17062 = PRESENTATION_STYLE_ASSIGNMENT((#17063));
#17063 = SURFACE_STYLE_USAGE(.BOTH.,#17064);
#17064 = SURFACE_SIDE_STYLE('',(#17065));
#17065 = SURFACE_STYLE_FILL_AREA(#17066);
#17066 = FILL_AREA_STYLE('',(#17067));
#17067 = FILL_AREA_STYLE_COLOUR('',#16848);
#17068 = STYLED_ITEM('color',(#17069),#1240);
#17069 = PRESENTATION_STYLE_ASSIGNMENT((#17070));
#17070 = SURFACE_STYLE_USAGE(.BOTH.,#17071);
#17071 = SURFACE_SIDE_STYLE('',(#17072));
#17072 = SURFACE_STYLE_FILL_AREA(#17073);
#17073 = FILL_AREA_STYLE('',(#17074));
#17074 = FILL_AREA_STYLE_COLOUR('',#16848);
#17075 = STYLED_ITEM('color',(#17076),#1265);
#17076 = PRESENTATION_STYLE_ASSIGNMENT((#17077));
#17077 = SURFACE_STYLE_USAGE(.BOTH.,#17078);
#17078 = SURFACE_SIDE_STYLE('',(#17079));
#17079 = SURFACE_STYLE_FILL_AREA(#17080);
#17080 = FILL_AREA_STYLE('',(#17081));
#17081 = FILL_AREA_STYLE_COLOUR('',#16848);
#17082 = STYLED_ITEM('color',(#17083),#1290);
#17083 = PRESENTATION_STYLE_ASSIGNMENT((#17084));
#17084 = SURFACE_STYLE_USAGE(.BOTH.,#17085);
#17085 = SURFACE_SIDE_STYLE('',(#17086));
#17086 = SURFACE_STYLE_FILL_AREA(#17087);
#17087 = FILL_AREA_STYLE('',(#17088));
#17088 = FILL_AREA_STYLE_COLOUR('',#16848);
#17089 = STYLED_ITEM('color',(#17090),#1307);
#17090 = PRESENTATION_STYLE_ASSIGNMENT((#17091));
#17091 = SURFACE_STYLE_USAGE(.BOTH.,#17092);
#17092 = SURFACE_SIDE_STYLE('',(#17093));
#17093 = SURFACE_STYLE_FILL_AREA(#17094);
#17094 = FILL_AREA_STYLE('',(#17095));
#17095 = FILL_AREA_STYLE_COLOUR('',#16848);
#17096 = MECHANICAL_DESIGN_GEOMETRIC_PRESENTATION_REPRESENTATION('',(
    #17097,#17104,#17111,#17118,#17125,#17132,#17139,#17146,#17153,
    #17160,#17167,#17174,#17181,#17188,#17196,#17203,#17210,#17217,
    #17224,#17231,#17238,#17245,#17252,#17259,#17266,#17273),#2155);
#17097 = STYLED_ITEM('color',(#17098),#1367);
#17098 = PRESENTATION_STYLE_ASSIGNMENT((#17099));
#17099 = SURFACE_STYLE_USAGE(.BOTH.,#17100);
#17100 = SURFACE_SIDE_STYLE('',(#17101));
#17101 = SURFACE_STYLE_FILL_AREA(#17102);
#17102 = FILL_AREA_STYLE('',(#17103));
#17103 = FILL_AREA_STYLE_COLOUR('',#16848);
#17104 = STYLED_ITEM('color',(#17105),#1407);
#17105 = PRESENTATION_STYLE_ASSIGNMENT((#17106));
#17106 = SURFACE_STYLE_USAGE(.BOTH.,#17107);
#17107 = SURFACE_SIDE_STYLE('',(#17108));
#17108 = SURFACE_STYLE_FILL_AREA(#17109);
#17109 = FILL_AREA_STYLE('',(#17110));
#17110 = FILL_AREA_STYLE_COLOUR('',#16848);
#17111 = STYLED_ITEM('color',(#17112),#1490);
#17112 = PRESENTATION_STYLE_ASSIGNMENT((#17113));
#17113 = SURFACE_STYLE_USAGE(.BOTH.,#17114);
#17114 = SURFACE_SIDE_STYLE('',(#17115));
#17115 = SURFACE_STYLE_FILL_AREA(#17116);
#17116 = FILL_AREA_STYLE('',(#17117));
#17117 = FILL_AREA_STYLE_COLOUR('',#16848);
#17118 = STYLED_ITEM('color',(#17119),#1515);
#17119 = PRESENTATION_STYLE_ASSIGNMENT((#17120));
#17120 = SURFACE_STYLE_USAGE(.BOTH.,#17121);
#17121 = SURFACE_SIDE_STYLE('',(#17122));
#17122 = SURFACE_STYLE_FILL_AREA(#17123);
#17123 = FILL_AREA_STYLE('',(#17124));
#17124 = FILL_AREA_STYLE_COLOUR('',#16848);
#17125 = STYLED_ITEM('color',(#17126),#1540);
#17126 = PRESENTATION_STYLE_ASSIGNMENT((#17127));
#17127 = SURFACE_STYLE_USAGE(.BOTH.,#17128);
#17128 = SURFACE_SIDE_STYLE('',(#17129));
#17129 = SURFACE_STYLE_FILL_AREA(#17130);
#17130 = FILL_AREA_STYLE('',(#17131));
#17131 = FILL_AREA_STYLE_COLOUR('',#16848);
#17132 = STYLED_ITEM('color',(#17133),#1607);
#17133 = PRESENTATION_STYLE_ASSIGNMENT((#17134));
#17134 = SURFACE_STYLE_USAGE(.BOTH.,#17135);
#17135 = SURFACE_SIDE_STYLE('',(#17136));
#17136 = SURFACE_STYLE_FILL_AREA(#17137);
#17137 = FILL_AREA_STYLE('',(#17138));
#17138 = FILL_AREA_STYLE_COLOUR('',#16848);
#17139 = STYLED_ITEM('color',(#17140),#1624);
#17140 = PRESENTATION_STYLE_ASSIGNMENT((#17141));
#17141 = SURFACE_STYLE_USAGE(.BOTH.,#17142);
#17142 = SURFACE_SIDE_STYLE('',(#17143));
#17143 = SURFACE_STYLE_FILL_AREA(#17144);
#17144 = FILL_AREA_STYLE('',(#17145));
#17145 = FILL_AREA_STYLE_COLOUR('',#16848);
#17146 = STYLED_ITEM('color',(#17147),#1641);
#17147 = PRESENTATION_STYLE_ASSIGNMENT((#17148));
#17148 = SURFACE_STYLE_USAGE(.BOTH.,#17149);
#17149 = SURFACE_SIDE_STYLE('',(#17150));
#17150 = SURFACE_STYLE_FILL_AREA(#17151);
#17151 = FILL_AREA_STYLE('',(#17152));
#17152 = FILL_AREA_STYLE_COLOUR('',#16797);
#17153 = STYLED_ITEM('color',(#17154),#1690);
#17154 = PRESENTATION_STYLE_ASSIGNMENT((#17155));
#17155 = SURFACE_STYLE_USAGE(.BOTH.,#17156);
#17156 = SURFACE_SIDE_STYLE('',(#17157));
#17157 = SURFACE_STYLE_FILL_AREA(#17158);
#17158 = FILL_AREA_STYLE('',(#17159));
#17159 = FILL_AREA_STYLE_COLOUR('',#16848);
#17160 = STYLED_ITEM('color',(#17161),#1707);
#17161 = PRESENTATION_STYLE_ASSIGNMENT((#17162));
#17162 = SURFACE_STYLE_USAGE(.BOTH.,#17163);
#17163 = SURFACE_SIDE_STYLE('',(#17164));
#17164 = SURFACE_STYLE_FILL_AREA(#17165);
#17165 = FILL_AREA_STYLE('',(#17166));
#17166 = FILL_AREA_STYLE_COLOUR('',#16848);
#17167 = STYLED_ITEM('color',(#17168),#1724);
#17168 = PRESENTATION_STYLE_ASSIGNMENT((#17169));
#17169 = SURFACE_STYLE_USAGE(.BOTH.,#17170);
#17170 = SURFACE_SIDE_STYLE('',(#17171));
#17171 = SURFACE_STYLE_FILL_AREA(#17172);
#17172 = FILL_AREA_STYLE('',(#17173));
#17173 = FILL_AREA_STYLE_COLOUR('',#16797);
#17174 = STYLED_ITEM('color',(#17175),#1773);
#17175 = PRESENTATION_STYLE_ASSIGNMENT((#17176));
#17176 = SURFACE_STYLE_USAGE(.BOTH.,#17177);
#17177 = SURFACE_SIDE_STYLE('',(#17178));
#17178 = SURFACE_STYLE_FILL_AREA(#17179);
#17179 = FILL_AREA_STYLE('',(#17180));
#17180 = FILL_AREA_STYLE_COLOUR('',#16797);
#17181 = STYLED_ITEM('color',(#17182),#1790);
#17182 = PRESENTATION_STYLE_ASSIGNMENT((#17183));
#17183 = SURFACE_STYLE_USAGE(.BOTH.,#17184);
#17184 = SURFACE_SIDE_STYLE('',(#17185));
#17185 = SURFACE_STYLE_FILL_AREA(#17186);
#17186 = FILL_AREA_STYLE('',(#17187));
#17187 = FILL_AREA_STYLE_COLOUR('',#16848);
#17188 = STYLED_ITEM('color',(#17189),#1859);
#17189 = PRESENTATION_STYLE_ASSIGNMENT((#17190));
#17190 = SURFACE_STYLE_USAGE(.BOTH.,#17191);
#17191 = SURFACE_SIDE_STYLE('',(#17192));
#17192 = SURFACE_STYLE_FILL_AREA(#17193);
#17193 = FILL_AREA_STYLE('',(#17194));
#17194 = FILL_AREA_STYLE_COLOUR('',#17195);
#17195 = COLOUR_RGB('',8.200000279077E-02,8.600000121357E-02,
  9.399999706163E-02);
#17196 = STYLED_ITEM('color',(#17197),#1890);
#17197 = PRESENTATION_STYLE_ASSIGNMENT((#17198));
#17198 = SURFACE_STYLE_USAGE(.BOTH.,#17199);
#17199 = SURFACE_SIDE_STYLE('',(#17200));
#17200 = SURFACE_STYLE_FILL_AREA(#17201);
#17201 = FILL_AREA_STYLE('',(#17202));
#17202 = FILL_AREA_STYLE_COLOUR('',#17195);
#17203 = STYLED_ITEM('color',(#17204),#1914);
#17204 = PRESENTATION_STYLE_ASSIGNMENT((#17205));
#17205 = SURFACE_STYLE_USAGE(.BOTH.,#17206);
#17206 = SURFACE_SIDE_STYLE('',(#17207));
#17207 = SURFACE_STYLE_FILL_AREA(#17208);
#17208 = FILL_AREA_STYLE('',(#17209));
#17209 = FILL_AREA_STYLE_COLOUR('',#16848);
#17210 = STYLED_ITEM('color',(#17211),#1983);
#17211 = PRESENTATION_STYLE_ASSIGNMENT((#17212));
#17212 = SURFACE_STYLE_USAGE(.BOTH.,#17213);
#17213 = SURFACE_SIDE_STYLE('',(#17214));
#17214 = SURFACE_STYLE_FILL_AREA(#17215);
#17215 = FILL_AREA_STYLE('',(#17216));
#17216 = FILL_AREA_STYLE_COLOUR('',#17195);
#17217 = STYLED_ITEM('color',(#17218),#2007);
#17218 = PRESENTATION_STYLE_ASSIGNMENT((#17219));
#17219 = SURFACE_STYLE_USAGE(.BOTH.,#17220);
#17220 = SURFACE_SIDE_STYLE('',(#17221));
#17221 = SURFACE_STYLE_FILL_AREA(#17222);
#17222 = FILL_AREA_STYLE('',(#17223));
#17223 = FILL_AREA_STYLE_COLOUR('',#16848);
#17224 = STYLED_ITEM('color',(#17225),#2024);
#17225 = PRESENTATION_STYLE_ASSIGNMENT((#17226));
#17226 = SURFACE_STYLE_USAGE(.BOTH.,#17227);
#17227 = SURFACE_SIDE_STYLE('',(#17228));
#17228 = SURFACE_STYLE_FILL_AREA(#17229);
#17229 = FILL_AREA_STYLE('',(#17230));
#17230 = FILL_AREA_STYLE_COLOUR('',#16848);
#17231 = STYLED_ITEM('color',(#17232),#2041);
#17232 = PRESENTATION_STYLE_ASSIGNMENT((#17233));
#17233 = SURFACE_STYLE_USAGE(.BOTH.,#17234);
#17234 = SURFACE_SIDE_STYLE('',(#17235));
#17235 = SURFACE_STYLE_FILL_AREA(#17236);
#17236 = FILL_AREA_STYLE('',(#17237));
#17237 = FILL_AREA_STYLE_COLOUR('',#16848);
#17238 = STYLED_ITEM('color',(#17239),#2058);
#17239 = PRESENTATION_STYLE_ASSIGNMENT((#17240));
#17240 = SURFACE_STYLE_USAGE(.BOTH.,#17241);
#17241 = SURFACE_SIDE_STYLE('',(#17242));
#17242 = SURFACE_STYLE_FILL_AREA(#17243);
#17243 = FILL_AREA_STYLE('',(#17244));
#17244 = FILL_AREA_STYLE_COLOUR('',#16848);
#17245 = STYLED_ITEM('color',(#17246),#2075);
#17246 = PRESENTATION_STYLE_ASSIGNMENT((#17247));
#17247 = SURFACE_STYLE_USAGE(.BOTH.,#17248);
#17248 = SURFACE_SIDE_STYLE('',(#17249));
#17249 = SURFACE_STYLE_FILL_AREA(#17250);
#17250 = FILL_AREA_STYLE('',(#17251));
#17251 = FILL_AREA_STYLE_COLOUR('',#16848);
#17252 = STYLED_ITEM('color',(#17253),#2092);
#17253 = PRESENTATION_STYLE_ASSIGNMENT((#17254));
#17254 = SURFACE_STYLE_USAGE(.BOTH.,#17255);
#17255 = SURFACE_SIDE_STYLE('',(#17256));
#17256 = SURFACE_STYLE_FILL_AREA(#17257);
#17257 = FILL_AREA_STYLE('',(#17258));
#17258 = FILL_AREA_STYLE_COLOUR('',#16848);
#17259 = STYLED_ITEM('color',(#17260),#2109);
#17260 = PRESENTATION_STYLE_ASSIGNMENT((#17261));
#17261 = SURFACE_STYLE_USAGE(.BOTH.,#17262);
#17262 = SURFACE_SIDE_STYLE('',(#17263));
#17263 = SURFACE_STYLE_FILL_AREA(#17264);
#17264 = FILL_AREA_STYLE('',(#17265));
#17265 = FILL_AREA_STYLE_COLOUR('',#16848);
#17266 = STYLED_ITEM('color',(#17267),#2126);
#17267 = PRESENTATION_STYLE_ASSIGNMENT((#17268));
#17268 = SURFACE_STYLE_USAGE(.BOTH.,#17269);
#17269 = SURFACE_SIDE_STYLE('',(#17270));
#17270 = SURFACE_STYLE_FILL_AREA(#17271);
#17271 = FILL_AREA_STYLE('',(#17272));
#17272 = FILL_AREA_STYLE_COLOUR('',#17195);
#17273 = STYLED_ITEM('color',(#17274),#2143);
#17274 = PRESENTATION_STYLE_ASSIGNMENT((#17275));
#17275 = SURFACE_STYLE_USAGE(.BOTH.,#17276);
#17276 = SURFACE_SIDE_STYLE('',(#17277));
#17277 = SURFACE_STYLE_FILL_AREA(#17278);
#17278 = FILL_AREA_STYLE('',(#17279));
#17279 = FILL_AREA_STYLE_COLOUR('',#17195);
#17280 = MECHANICAL_DESIGN_GEOMETRIC_PRESENTATION_REPRESENTATION('',(
    #17281,#17288,#17295,#17302,#17309,#17316,#17323,#17330,#17337,
    #17344,#17351,#17358,#17365,#17372,#17379,#17386,#17393,#17400,
    #17407,#17414,#17421,#17428,#17435,#17442,#17449,#17456,#17463,
    #17470,#17477,#17484,#17491,#17498,#17505,#17512,#17519,#17526,
    #17533,#17540,#17547,#17554,#17561,#17568,#17575,#17582,#17589,
    #17596,#17603,#17610,#17617,#17624,#17631,#17638,#17645,#17652,
    #17659,#17666,#17673,#17680,#17687,#17694,#17701,#17708,#17715,
    #17722,#17729,#17736,#17743,#17750,#17757,#17764,#17771,#17778,
    #17785,#17792,#17799,#17806,#17813,#17820,#17827,#17834,#17841,
    #17848,#17855,#17862,#17869,#17876,#17883,#17890,#17897,#17904,
    #17911,#17918,#17925,#17932,#17939,#17946,#17953,#17960,#17967,
    #17975,#17982,#17989,#17996,#18003,#18010,#18017,#18024,#18031,
    #18038,#18045,#18052,#18059,#18066,#18073,#18080,#18087,#18094,
    #18101,#18108,#18115,#18122,#18129,#18136,#18143,#18150,#18157,
    #18164,#18171,#18178,#18185,#18192,#18199,#18206,#18213,#18220,
    #18227,#18234,#18241,#18248,#18255,#18262,#18269,#18276,#18283,
    #18290,#18297,#18304,#18311,#18318,#18325,#18332,#18339,#18346,
    #18353,#18360,#18367),#13623);
#17281 = STYLED_ITEM('color',(#17282),#9018);
#17282 = PRESENTATION_STYLE_ASSIGNMENT((#17283));
#17283 = SURFACE_STYLE_USAGE(.BOTH.,#17284);
#17284 = SURFACE_SIDE_STYLE('',(#17285));
#17285 = SURFACE_STYLE_FILL_AREA(#17286);
#17286 = FILL_AREA_STYLE('',(#17287));
#17287 = FILL_AREA_STYLE_COLOUR('',#16298);
#17288 = STYLED_ITEM('color',(#17289),#9060);
#17289 = PRESENTATION_STYLE_ASSIGNMENT((#17290));
#17290 = SURFACE_STYLE_USAGE(.BOTH.,#17291);
#17291 = SURFACE_SIDE_STYLE('',(#17292));
#17292 = SURFACE_STYLE_FILL_AREA(#17293);
#17293 = FILL_AREA_STYLE('',(#17294));
#17294 = FILL_AREA_STYLE_COLOUR('',#16298);
#17295 = STYLED_ITEM('color',(#17296),#9091);
#17296 = PRESENTATION_STYLE_ASSIGNMENT((#17297));
#17297 = SURFACE_STYLE_USAGE(.BOTH.,#17298);
#17298 = SURFACE_SIDE_STYLE('',(#17299));
#17299 = SURFACE_STYLE_FILL_AREA(#17300);
#17300 = FILL_AREA_STYLE('',(#17301));
#17301 = FILL_AREA_STYLE_COLOUR('',#16298);
#17302 = STYLED_ITEM('color',(#17303),#9122);
#17303 = PRESENTATION_STYLE_ASSIGNMENT((#17304));
#17304 = SURFACE_STYLE_USAGE(.BOTH.,#17305);
#17305 = SURFACE_SIDE_STYLE('',(#17306));
#17306 = SURFACE_STYLE_FILL_AREA(#17307);
#17307 = FILL_AREA_STYLE('',(#17308));
#17308 = FILL_AREA_STYLE_COLOUR('',#16298);
#17309 = STYLED_ITEM('color',(#17310),#9206);
#17310 = PRESENTATION_STYLE_ASSIGNMENT((#17311));
#17311 = SURFACE_STYLE_USAGE(.BOTH.,#17312);
#17312 = SURFACE_SIDE_STYLE('',(#17313));
#17313 = SURFACE_STYLE_FILL_AREA(#17314);
#17314 = FILL_AREA_STYLE('',(#17315));
#17315 = FILL_AREA_STYLE_COLOUR('',#16298);
#17316 = STYLED_ITEM('color',(#17317),#9290);
#17317 = PRESENTATION_STYLE_ASSIGNMENT((#17318));
#17318 = SURFACE_STYLE_USAGE(.BOTH.,#17319);
#17319 = SURFACE_SIDE_STYLE('',(#17320));
#17320 = SURFACE_STYLE_FILL_AREA(#17321);
#17321 = FILL_AREA_STYLE('',(#17322));
#17322 = FILL_AREA_STYLE_COLOUR('',#16248);
#17323 = STYLED_ITEM('color',(#17324),#9383);
#17324 = PRESENTATION_STYLE_ASSIGNMENT((#17325));
#17325 = SURFACE_STYLE_USAGE(.BOTH.,#17326);
#17326 = SURFACE_SIDE_STYLE('',(#17327));
#17327 = SURFACE_STYLE_FILL_AREA(#17328);
#17328 = FILL_AREA_STYLE('',(#17329));
#17329 = FILL_AREA_STYLE_COLOUR('',#16298);
#17330 = STYLED_ITEM('color',(#17331),#9400);
#17331 = PRESENTATION_STYLE_ASSIGNMENT((#17332));
#17332 = SURFACE_STYLE_USAGE(.BOTH.,#17333);
#17333 = SURFACE_SIDE_STYLE('',(#17334));
#17334 = SURFACE_STYLE_FILL_AREA(#17335);
#17335 = FILL_AREA_STYLE('',(#17336));
#17336 = FILL_AREA_STYLE_COLOUR('',#16248);
#17337 = STYLED_ITEM('color',(#17338),#9423);
#17338 = PRESENTATION_STYLE_ASSIGNMENT((#17339));
#17339 = SURFACE_STYLE_USAGE(.BOTH.,#17340);
#17340 = SURFACE_SIDE_STYLE('',(#17341));
#17341 = SURFACE_STYLE_FILL_AREA(#17342);
#17342 = FILL_AREA_STYLE('',(#17343));
#17343 = FILL_AREA_STYLE_COLOUR('',#16298);
#17344 = STYLED_ITEM('color',(#17345),#9461);
#17345 = PRESENTATION_STYLE_ASSIGNMENT((#17346));
#17346 = SURFACE_STYLE_USAGE(.BOTH.,#17347);
#17347 = SURFACE_SIDE_STYLE('',(#17348));
#17348 = SURFACE_STYLE_FILL_AREA(#17349);
#17349 = FILL_AREA_STYLE('',(#17350));
#17350 = FILL_AREA_STYLE_COLOUR('',#16298);
#17351 = STYLED_ITEM('color',(#17352),#9478);
#17352 = PRESENTATION_STYLE_ASSIGNMENT((#17353));
#17353 = SURFACE_STYLE_USAGE(.BOTH.,#17354);
#17354 = SURFACE_SIDE_STYLE('',(#17355));
#17355 = SURFACE_STYLE_FILL_AREA(#17356);
#17356 = FILL_AREA_STYLE('',(#17357));
#17357 = FILL_AREA_STYLE_COLOUR('',#16298);
#17358 = STYLED_ITEM('color',(#17359),#9495);
#17359 = PRESENTATION_STYLE_ASSIGNMENT((#17360));
#17360 = SURFACE_STYLE_USAGE(.BOTH.,#17361);
#17361 = SURFACE_SIDE_STYLE('',(#17362));
#17362 = SURFACE_STYLE_FILL_AREA(#17363);
#17363 = FILL_AREA_STYLE('',(#17364));
#17364 = FILL_AREA_STYLE_COLOUR('',#16298);
#17365 = STYLED_ITEM('color',(#17366),#9512);
#17366 = PRESENTATION_STYLE_ASSIGNMENT((#17367));
#17367 = SURFACE_STYLE_USAGE(.BOTH.,#17368);
#17368 = SURFACE_SIDE_STYLE('',(#17369));
#17369 = SURFACE_STYLE_FILL_AREA(#17370);
#17370 = FILL_AREA_STYLE('',(#17371));
#17371 = FILL_AREA_STYLE_COLOUR('',#16298);
#17372 = STYLED_ITEM('color',(#17373),#9529);
#17373 = PRESENTATION_STYLE_ASSIGNMENT((#17374));
#17374 = SURFACE_STYLE_USAGE(.BOTH.,#17375);
#17375 = SURFACE_SIDE_STYLE('',(#17376));
#17376 = SURFACE_STYLE_FILL_AREA(#17377);
#17377 = FILL_AREA_STYLE('',(#17378));
#17378 = FILL_AREA_STYLE_COLOUR('',#16298);
#17379 = STYLED_ITEM('color',(#17380),#9546);
#17380 = PRESENTATION_STYLE_ASSIGNMENT((#17381));
#17381 = SURFACE_STYLE_USAGE(.BOTH.,#17382);
#17382 = SURFACE_SIDE_STYLE('',(#17383));
#17383 = SURFACE_STYLE_FILL_AREA(#17384);
#17384 = FILL_AREA_STYLE('',(#17385));
#17385 = FILL_AREA_STYLE_COLOUR('',#16298);
#17386 = STYLED_ITEM('color',(#17387),#9558);
#17387 = PRESENTATION_STYLE_ASSIGNMENT((#17388));
#17388 = SURFACE_STYLE_USAGE(.BOTH.,#17389);
#17389 = SURFACE_SIDE_STYLE('',(#17390));
#17390 = SURFACE_STYLE_FILL_AREA(#17391);
#17391 = FILL_AREA_STYLE('',(#17392));
#17392 = FILL_AREA_STYLE_COLOUR('',#16248);
#17393 = STYLED_ITEM('color',(#17394),#9582);
#17394 = PRESENTATION_STYLE_ASSIGNMENT((#17395));
#17395 = SURFACE_STYLE_USAGE(.BOTH.,#17396);
#17396 = SURFACE_SIDE_STYLE('',(#17397));
#17397 = SURFACE_STYLE_FILL_AREA(#17398);
#17398 = FILL_AREA_STYLE('',(#17399));
#17399 = FILL_AREA_STYLE_COLOUR('',#16248);
#17400 = STYLED_ITEM('color',(#17401),#9645);
#17401 = PRESENTATION_STYLE_ASSIGNMENT((#17402));
#17402 = SURFACE_STYLE_USAGE(.BOTH.,#17403);
#17403 = SURFACE_SIDE_STYLE('',(#17404));
#17404 = SURFACE_STYLE_FILL_AREA(#17405);
#17405 = FILL_AREA_STYLE('',(#17406));
#17406 = FILL_AREA_STYLE_COLOUR('',#16248);
#17407 = STYLED_ITEM('color',(#17408),#9668);
#17408 = PRESENTATION_STYLE_ASSIGNMENT((#17409));
#17409 = SURFACE_STYLE_USAGE(.BOTH.,#17410);
#17410 = SURFACE_SIDE_STYLE('',(#17411));
#17411 = SURFACE_STYLE_FILL_AREA(#17412);
#17412 = FILL_AREA_STYLE('',(#17413));
#17413 = FILL_AREA_STYLE_COLOUR('',#16248);
#17414 = STYLED_ITEM('color',(#17415),#9691);
#17415 = PRESENTATION_STYLE_ASSIGNMENT((#17416));
#17416 = SURFACE_STYLE_USAGE(.BOTH.,#17417);
#17417 = SURFACE_SIDE_STYLE('',(#17418));
#17418 = SURFACE_STYLE_FILL_AREA(#17419);
#17419 = FILL_AREA_STYLE('',(#17420));
#17420 = FILL_AREA_STYLE_COLOUR('',#16248);
#17421 = STYLED_ITEM('color',(#17422),#9721);
#17422 = PRESENTATION_STYLE_ASSIGNMENT((#17423));
#17423 = SURFACE_STYLE_USAGE(.BOTH.,#17424);
#17424 = SURFACE_SIDE_STYLE('',(#17425));
#17425 = SURFACE_STYLE_FILL_AREA(#17426);
#17426 = FILL_AREA_STYLE('',(#17427));
#17427 = FILL_AREA_STYLE_COLOUR('',#16298);
#17428 = STYLED_ITEM('color',(#17429),#9752);
#17429 = PRESENTATION_STYLE_ASSIGNMENT((#17430));
#17430 = SURFACE_STYLE_USAGE(.BOTH.,#17431);
#17431 = SURFACE_SIDE_STYLE('',(#17432));
#17432 = SURFACE_STYLE_FILL_AREA(#17433);
#17433 = FILL_AREA_STYLE('',(#17434));
#17434 = FILL_AREA_STYLE_COLOUR('',#16248);
#17435 = STYLED_ITEM('color',(#17436),#9783);
#17436 = PRESENTATION_STYLE_ASSIGNMENT((#17437));
#17437 = SURFACE_STYLE_USAGE(.BOTH.,#17438);
#17438 = SURFACE_SIDE_STYLE('',(#17439));
#17439 = SURFACE_STYLE_FILL_AREA(#17440);
#17440 = FILL_AREA_STYLE('',(#17441));
#17441 = FILL_AREA_STYLE_COLOUR('',#16298);
#17442 = STYLED_ITEM('color',(#17443),#9814);
#17443 = PRESENTATION_STYLE_ASSIGNMENT((#17444));
#17444 = SURFACE_STYLE_USAGE(.BOTH.,#17445);
#17445 = SURFACE_SIDE_STYLE('',(#17446));
#17446 = SURFACE_STYLE_FILL_AREA(#17447);
#17447 = FILL_AREA_STYLE('',(#17448));
#17448 = FILL_AREA_STYLE_COLOUR('',#16298);
#17449 = STYLED_ITEM('color',(#17450),#9845);
#17450 = PRESENTATION_STYLE_ASSIGNMENT((#17451));
#17451 = SURFACE_STYLE_USAGE(.BOTH.,#17452);
#17452 = SURFACE_SIDE_STYLE('',(#17453));
#17453 = SURFACE_STYLE_FILL_AREA(#17454);
#17454 = FILL_AREA_STYLE('',(#17455));
#17455 = FILL_AREA_STYLE_COLOUR('',#16248);
#17456 = STYLED_ITEM('color',(#17457),#9876);
#17457 = PRESENTATION_STYLE_ASSIGNMENT((#17458));
#17458 = SURFACE_STYLE_USAGE(.BOTH.,#17459);
#17459 = SURFACE_SIDE_STYLE('',(#17460));
#17460 = SURFACE_STYLE_FILL_AREA(#17461);
#17461 = FILL_AREA_STYLE('',(#17462));
#17462 = FILL_AREA_STYLE_COLOUR('',#16248);
#17463 = STYLED_ITEM('color',(#17464),#9899);
#17464 = PRESENTATION_STYLE_ASSIGNMENT((#17465));
#17465 = SURFACE_STYLE_USAGE(.BOTH.,#17466);
#17466 = SURFACE_SIDE_STYLE('',(#17467));
#17467 = SURFACE_STYLE_FILL_AREA(#17468);
#17468 = FILL_AREA_STYLE('',(#17469));
#17469 = FILL_AREA_STYLE_COLOUR('',#16248);
#17470 = STYLED_ITEM('color',(#17471),#9922);
#17471 = PRESENTATION_STYLE_ASSIGNMENT((#17472));
#17472 = SURFACE_STYLE_USAGE(.BOTH.,#17473);
#17473 = SURFACE_SIDE_STYLE('',(#17474));
#17474 = SURFACE_STYLE_FILL_AREA(#17475);
#17475 = FILL_AREA_STYLE('',(#17476));
#17476 = FILL_AREA_STYLE_COLOUR('',#16248);
#17477 = STYLED_ITEM('color',(#17478),#10008);
#17478 = PRESENTATION_STYLE_ASSIGNMENT((#17479));
#17479 = SURFACE_STYLE_USAGE(.BOTH.,#17480);
#17480 = SURFACE_SIDE_STYLE('',(#17481));
#17481 = SURFACE_STYLE_FILL_AREA(#17482);
#17482 = FILL_AREA_STYLE('',(#17483));
#17483 = FILL_AREA_STYLE_COLOUR('',#16248);
#17484 = STYLED_ITEM('color',(#17485),#10025);
#17485 = PRESENTATION_STYLE_ASSIGNMENT((#17486));
#17486 = SURFACE_STYLE_USAGE(.BOTH.,#17487);
#17487 = SURFACE_SIDE_STYLE('',(#17488));
#17488 = SURFACE_STYLE_FILL_AREA(#17489);
#17489 = FILL_AREA_STYLE('',(#17490));
#17490 = FILL_AREA_STYLE_COLOUR('',#16298);
#17491 = STYLED_ITEM('color',(#17492),#10117);
#17492 = PRESENTATION_STYLE_ASSIGNMENT((#17493));
#17493 = SURFACE_STYLE_USAGE(.BOTH.,#17494);
#17494 = SURFACE_SIDE_STYLE('',(#17495));
#17495 = SURFACE_STYLE_FILL_AREA(#17496);
#17496 = FILL_AREA_STYLE('',(#17497));
#17497 = FILL_AREA_STYLE_COLOUR('',#16248);
#17498 = STYLED_ITEM('color',(#17499),#10140);
#17499 = PRESENTATION_STYLE_ASSIGNMENT((#17500));
#17500 = SURFACE_STYLE_USAGE(.BOTH.,#17501);
#17501 = SURFACE_SIDE_STYLE('',(#17502));
#17502 = SURFACE_STYLE_FILL_AREA(#17503);
#17503 = FILL_AREA_STYLE('',(#17504));
#17504 = FILL_AREA_STYLE_COLOUR('',#16248);
#17505 = STYLED_ITEM('color',(#17506),#10163);
#17506 = PRESENTATION_STYLE_ASSIGNMENT((#17507));
#17507 = SURFACE_STYLE_USAGE(.BOTH.,#17508);
#17508 = SURFACE_SIDE_STYLE('',(#17509));
#17509 = SURFACE_STYLE_FILL_AREA(#17510);
#17510 = FILL_AREA_STYLE('',(#17511));
#17511 = FILL_AREA_STYLE_COLOUR('',#16248);
#17512 = STYLED_ITEM('color',(#17513),#10186);
#17513 = PRESENTATION_STYLE_ASSIGNMENT((#17514));
#17514 = SURFACE_STYLE_USAGE(.BOTH.,#17515);
#17515 = SURFACE_SIDE_STYLE('',(#17516));
#17516 = SURFACE_STYLE_FILL_AREA(#17517);
#17517 = FILL_AREA_STYLE('',(#17518));
#17518 = FILL_AREA_STYLE_COLOUR('',#16248);
#17519 = STYLED_ITEM('color',(#17520),#10273);
#17520 = PRESENTATION_STYLE_ASSIGNMENT((#17521));
#17521 = SURFACE_STYLE_USAGE(.BOTH.,#17522);
#17522 = SURFACE_SIDE_STYLE('',(#17523));
#17523 = SURFACE_STYLE_FILL_AREA(#17524);
#17524 = FILL_AREA_STYLE('',(#17525));
#17525 = FILL_AREA_STYLE_COLOUR('',#16248);
#17526 = STYLED_ITEM('color',(#17527),#10290);
#17527 = PRESENTATION_STYLE_ASSIGNMENT((#17528));
#17528 = SURFACE_STYLE_USAGE(.BOTH.,#17529);
#17529 = SURFACE_SIDE_STYLE('',(#17530));
#17530 = SURFACE_STYLE_FILL_AREA(#17531);
#17531 = FILL_AREA_STYLE('',(#17532));
#17532 = FILL_AREA_STYLE_COLOUR('',#16248);
#17533 = STYLED_ITEM('color',(#17534),#10313);
#17534 = PRESENTATION_STYLE_ASSIGNMENT((#17535));
#17535 = SURFACE_STYLE_USAGE(.BOTH.,#17536);
#17536 = SURFACE_SIDE_STYLE('',(#17537));
#17537 = SURFACE_STYLE_FILL_AREA(#17538);
#17538 = FILL_AREA_STYLE('',(#17539));
#17539 = FILL_AREA_STYLE_COLOUR('',#16298);
#17540 = STYLED_ITEM('color',(#17541),#10405);
#17541 = PRESENTATION_STYLE_ASSIGNMENT((#17542));
#17542 = SURFACE_STYLE_USAGE(.BOTH.,#17543);
#17543 = SURFACE_SIDE_STYLE('',(#17544));
#17544 = SURFACE_STYLE_FILL_AREA(#17545);
#17545 = FILL_AREA_STYLE('',(#17546));
#17546 = FILL_AREA_STYLE_COLOUR('',#16248);
#17547 = STYLED_ITEM('color',(#17548),#10426);
#17548 = PRESENTATION_STYLE_ASSIGNMENT((#17549));
#17549 = SURFACE_STYLE_USAGE(.BOTH.,#17550);
#17550 = SURFACE_SIDE_STYLE('',(#17551));
#17551 = SURFACE_STYLE_FILL_AREA(#17552);
#17552 = FILL_AREA_STYLE('',(#17553));
#17553 = FILL_AREA_STYLE_COLOUR('',#16298);
#17554 = STYLED_ITEM('color',(#17555),#10518);
#17555 = PRESENTATION_STYLE_ASSIGNMENT((#17556));
#17556 = SURFACE_STYLE_USAGE(.BOTH.,#17557);
#17557 = SURFACE_SIDE_STYLE('',(#17558));
#17558 = SURFACE_STYLE_FILL_AREA(#17559);
#17559 = FILL_AREA_STYLE('',(#17560));
#17560 = FILL_AREA_STYLE_COLOUR('',#16298);
#17561 = STYLED_ITEM('color',(#17562),#10535);
#17562 = PRESENTATION_STYLE_ASSIGNMENT((#17563));
#17563 = SURFACE_STYLE_USAGE(.BOTH.,#17564);
#17564 = SURFACE_SIDE_STYLE('',(#17565));
#17565 = SURFACE_STYLE_FILL_AREA(#17566);
#17566 = FILL_AREA_STYLE('',(#17567));
#17567 = FILL_AREA_STYLE_COLOUR('',#16298);
#17568 = STYLED_ITEM('color',(#17569),#10627);
#17569 = PRESENTATION_STYLE_ASSIGNMENT((#17570));
#17570 = SURFACE_STYLE_USAGE(.BOTH.,#17571);
#17571 = SURFACE_SIDE_STYLE('',(#17572));
#17572 = SURFACE_STYLE_FILL_AREA(#17573);
#17573 = FILL_AREA_STYLE('',(#17574));
#17574 = FILL_AREA_STYLE_COLOUR('',#16248);
#17575 = STYLED_ITEM('color',(#17576),#10649);
#17576 = PRESENTATION_STYLE_ASSIGNMENT((#17577));
#17577 = SURFACE_STYLE_USAGE(.BOTH.,#17578);
#17578 = SURFACE_SIDE_STYLE('',(#17579));
#17579 = SURFACE_STYLE_FILL_AREA(#17580);
#17580 = FILL_AREA_STYLE('',(#17581));
#17581 = FILL_AREA_STYLE_COLOUR('',#16298);
#17582 = STYLED_ITEM('color',(#17583),#10674);
#17583 = PRESENTATION_STYLE_ASSIGNMENT((#17584));
#17584 = SURFACE_STYLE_USAGE(.BOTH.,#17585);
#17585 = SURFACE_SIDE_STYLE('',(#17586));
#17586 = SURFACE_STYLE_FILL_AREA(#17587);
#17587 = FILL_AREA_STYLE('',(#17588));
#17588 = FILL_AREA_STYLE_COLOUR('',#16298);
#17589 = STYLED_ITEM('color',(#17590),#10758);
#17590 = PRESENTATION_STYLE_ASSIGNMENT((#17591));
#17591 = SURFACE_STYLE_USAGE(.BOTH.,#17592);
#17592 = SURFACE_SIDE_STYLE('',(#17593));
#17593 = SURFACE_STYLE_FILL_AREA(#17594);
#17594 = FILL_AREA_STYLE('',(#17595));
#17595 = FILL_AREA_STYLE_COLOUR('',#16298);
#17596 = STYLED_ITEM('color',(#17597),#10850);
#17597 = PRESENTATION_STYLE_ASSIGNMENT((#17598));
#17598 = SURFACE_STYLE_USAGE(.BOTH.,#17599);
#17599 = SURFACE_SIDE_STYLE('',(#17600));
#17600 = SURFACE_STYLE_FILL_AREA(#17601);
#17601 = FILL_AREA_STYLE('',(#17602));
#17602 = FILL_AREA_STYLE_COLOUR('',#16298);
#17603 = STYLED_ITEM('color',(#17604),#10867);
#17604 = PRESENTATION_STYLE_ASSIGNMENT((#17605));
#17605 = SURFACE_STYLE_USAGE(.BOTH.,#17606);
#17606 = SURFACE_SIDE_STYLE('',(#17607));
#17607 = SURFACE_STYLE_FILL_AREA(#17608);
#17608 = FILL_AREA_STYLE('',(#17609));
#17609 = FILL_AREA_STYLE_COLOUR('',#16248);
#17610 = STYLED_ITEM('color',(#17611),#10889);
#17611 = PRESENTATION_STYLE_ASSIGNMENT((#17612));
#17612 = SURFACE_STYLE_USAGE(.BOTH.,#17613);
#17613 = SURFACE_SIDE_STYLE('',(#17614));
#17614 = SURFACE_STYLE_FILL_AREA(#17615);
#17615 = FILL_AREA_STYLE('',(#17616));
#17616 = FILL_AREA_STYLE_COLOUR('',#16248);
#17617 = STYLED_ITEM('color',(#17618),#10912);
#17618 = PRESENTATION_STYLE_ASSIGNMENT((#17619));
#17619 = SURFACE_STYLE_USAGE(.BOTH.,#17620);
#17620 = SURFACE_SIDE_STYLE('',(#17621));
#17621 = SURFACE_STYLE_FILL_AREA(#17622);
#17622 = FILL_AREA_STYLE('',(#17623));
#17623 = FILL_AREA_STYLE_COLOUR('',#16248);
#17624 = STYLED_ITEM('color',(#17625),#10935);
#17625 = PRESENTATION_STYLE_ASSIGNMENT((#17626));
#17626 = SURFACE_STYLE_USAGE(.BOTH.,#17627);
#17627 = SURFACE_SIDE_STYLE('',(#17628));
#17628 = SURFACE_STYLE_FILL_AREA(#17629);
#17629 = FILL_AREA_STYLE('',(#17630));
#17630 = FILL_AREA_STYLE_COLOUR('',#16248);
#17631 = STYLED_ITEM('color',(#17632),#10958);
#17632 = PRESENTATION_STYLE_ASSIGNMENT((#17633));
#17633 = SURFACE_STYLE_USAGE(.BOTH.,#17634);
#17634 = SURFACE_SIDE_STYLE('',(#17635));
#17635 = SURFACE_STYLE_FILL_AREA(#17636);
#17636 = FILL_AREA_STYLE('',(#17637));
#17637 = FILL_AREA_STYLE_COLOUR('',#16248);
#17638 = STYLED_ITEM('color',(#17639),#11025);
#17639 = PRESENTATION_STYLE_ASSIGNMENT((#17640));
#17640 = SURFACE_STYLE_USAGE(.BOTH.,#17641);
#17641 = SURFACE_SIDE_STYLE('',(#17642));
#17642 = SURFACE_STYLE_FILL_AREA(#17643);
#17643 = FILL_AREA_STYLE('',(#17644));
#17644 = FILL_AREA_STYLE_COLOUR('',#16248);
#17645 = STYLED_ITEM('color',(#17646),#11048);
#17646 = PRESENTATION_STYLE_ASSIGNMENT((#17647));
#17647 = SURFACE_STYLE_USAGE(.BOTH.,#17648);
#17648 = SURFACE_SIDE_STYLE('',(#17649));
#17649 = SURFACE_STYLE_FILL_AREA(#17650);
#17650 = FILL_AREA_STYLE('',(#17651));
#17651 = FILL_AREA_STYLE_COLOUR('',#16298);
#17652 = STYLED_ITEM('color',(#17653),#11067);
#17653 = PRESENTATION_STYLE_ASSIGNMENT((#17654));
#17654 = SURFACE_STYLE_USAGE(.BOTH.,#17655);
#17655 = SURFACE_SIDE_STYLE('',(#17656));
#17656 = SURFACE_STYLE_FILL_AREA(#17657);
#17657 = FILL_AREA_STYLE('',(#17658));
#17658 = FILL_AREA_STYLE_COLOUR('',#16298);
#17659 = STYLED_ITEM('color',(#17660),#11086);
#17660 = PRESENTATION_STYLE_ASSIGNMENT((#17661));
#17661 = SURFACE_STYLE_USAGE(.BOTH.,#17662);
#17662 = SURFACE_SIDE_STYLE('',(#17663));
#17663 = SURFACE_STYLE_FILL_AREA(#17664);
#17664 = FILL_AREA_STYLE('',(#17665));
#17665 = FILL_AREA_STYLE_COLOUR('',#16298);
#17666 = STYLED_ITEM('color',(#17667),#11105);
#17667 = PRESENTATION_STYLE_ASSIGNMENT((#17668));
#17668 = SURFACE_STYLE_USAGE(.BOTH.,#17669);
#17669 = SURFACE_SIDE_STYLE('',(#17670));
#17670 = SURFACE_STYLE_FILL_AREA(#17671);
#17671 = FILL_AREA_STYLE('',(#17672));
#17672 = FILL_AREA_STYLE_COLOUR('',#16298);
#17673 = STYLED_ITEM('color',(#17674),#11122);
#17674 = PRESENTATION_STYLE_ASSIGNMENT((#17675));
#17675 = SURFACE_STYLE_USAGE(.BOTH.,#17676);
#17676 = SURFACE_SIDE_STYLE('',(#17677));
#17677 = SURFACE_STYLE_FILL_AREA(#17678);
#17678 = FILL_AREA_STYLE('',(#17679));
#17679 = FILL_AREA_STYLE_COLOUR('',#16298);
#17680 = STYLED_ITEM('color',(#17681),#11139);
#17681 = PRESENTATION_STYLE_ASSIGNMENT((#17682));
#17682 = SURFACE_STYLE_USAGE(.BOTH.,#17683);
#17683 = SURFACE_SIDE_STYLE('',(#17684));
#17684 = SURFACE_STYLE_FILL_AREA(#17685);
#17685 = FILL_AREA_STYLE('',(#17686));
#17686 = FILL_AREA_STYLE_COLOUR('',#16298);
#17687 = STYLED_ITEM('color',(#17688),#11156);
#17688 = PRESENTATION_STYLE_ASSIGNMENT((#17689));
#17689 = SURFACE_STYLE_USAGE(.BOTH.,#17690);
#17690 = SURFACE_SIDE_STYLE('',(#17691));
#17691 = SURFACE_STYLE_FILL_AREA(#17692);
#17692 = FILL_AREA_STYLE('',(#17693));
#17693 = FILL_AREA_STYLE_COLOUR('',#16298);
#17694 = STYLED_ITEM('color',(#17695),#11173);
#17695 = PRESENTATION_STYLE_ASSIGNMENT((#17696));
#17696 = SURFACE_STYLE_USAGE(.BOTH.,#17697);
#17697 = SURFACE_SIDE_STYLE('',(#17698));
#17698 = SURFACE_STYLE_FILL_AREA(#17699);
#17699 = FILL_AREA_STYLE('',(#17700));
#17700 = FILL_AREA_STYLE_COLOUR('',#16298);
#17701 = STYLED_ITEM('color',(#17702),#11190);
#17702 = PRESENTATION_STYLE_ASSIGNMENT((#17703));
#17703 = SURFACE_STYLE_USAGE(.BOTH.,#17704);
#17704 = SURFACE_SIDE_STYLE('',(#17705));
#17705 = SURFACE_STYLE_FILL_AREA(#17706);
#17706 = FILL_AREA_STYLE('',(#17707));
#17707 = FILL_AREA_STYLE_COLOUR('',#16298);
#17708 = STYLED_ITEM('color',(#17709),#11207);
#17709 = PRESENTATION_STYLE_ASSIGNMENT((#17710));
#17710 = SURFACE_STYLE_USAGE(.BOTH.,#17711);
#17711 = SURFACE_SIDE_STYLE('',(#17712));
#17712 = SURFACE_STYLE_FILL_AREA(#17713);
#17713 = FILL_AREA_STYLE('',(#17714));
#17714 = FILL_AREA_STYLE_COLOUR('',#16298);
#17715 = STYLED_ITEM('color',(#17716),#11224);
#17716 = PRESENTATION_STYLE_ASSIGNMENT((#17717));
#17717 = SURFACE_STYLE_USAGE(.BOTH.,#17718);
#17718 = SURFACE_SIDE_STYLE('',(#17719));
#17719 = SURFACE_STYLE_FILL_AREA(#17720);
#17720 = FILL_AREA_STYLE('',(#17721));
#17721 = FILL_AREA_STYLE_COLOUR('',#16298);
#17722 = STYLED_ITEM('color',(#17723),#11236);
#17723 = PRESENTATION_STYLE_ASSIGNMENT((#17724));
#17724 = SURFACE_STYLE_USAGE(.BOTH.,#17725);
#17725 = SURFACE_SIDE_STYLE('',(#17726));
#17726 = SURFACE_STYLE_FILL_AREA(#17727);
#17727 = FILL_AREA_STYLE('',(#17728));
#17728 = FILL_AREA_STYLE_COLOUR('',#16248);
#17729 = STYLED_ITEM('color',(#17730),#11259);
#17730 = PRESENTATION_STYLE_ASSIGNMENT((#17731));
#17731 = SURFACE_STYLE_USAGE(.BOTH.,#17732);
#17732 = SURFACE_SIDE_STYLE('',(#17733));
#17733 = SURFACE_STYLE_FILL_AREA(#17734);
#17734 = FILL_AREA_STYLE('',(#17735));
#17735 = FILL_AREA_STYLE_COLOUR('',#16248);
#17736 = STYLED_ITEM('color',(#17737),#11282);
#17737 = PRESENTATION_STYLE_ASSIGNMENT((#17738));
#17738 = SURFACE_STYLE_USAGE(.BOTH.,#17739);
#17739 = SURFACE_SIDE_STYLE('',(#17740));
#17740 = SURFACE_STYLE_FILL_AREA(#17741);
#17741 = FILL_AREA_STYLE('',(#17742));
#17742 = FILL_AREA_STYLE_COLOUR('',#16248);
#17743 = STYLED_ITEM('color',(#17744),#11306);
#17744 = PRESENTATION_STYLE_ASSIGNMENT((#17745));
#17745 = SURFACE_STYLE_USAGE(.BOTH.,#17746);
#17746 = SURFACE_SIDE_STYLE('',(#17747));
#17747 = SURFACE_STYLE_FILL_AREA(#17748);
#17748 = FILL_AREA_STYLE('',(#17749));
#17749 = FILL_AREA_STYLE_COLOUR('',#16248);
#17750 = STYLED_ITEM('color',(#17751),#11336);
#17751 = PRESENTATION_STYLE_ASSIGNMENT((#17752));
#17752 = SURFACE_STYLE_USAGE(.BOTH.,#17753);
#17753 = SURFACE_SIDE_STYLE('',(#17754));
#17754 = SURFACE_STYLE_FILL_AREA(#17755);
#17755 = FILL_AREA_STYLE('',(#17756));
#17756 = FILL_AREA_STYLE_COLOUR('',#16298);
#17757 = STYLED_ITEM('color',(#17758),#11367);
#17758 = PRESENTATION_STYLE_ASSIGNMENT((#17759));
#17759 = SURFACE_STYLE_USAGE(.BOTH.,#17760);
#17760 = SURFACE_SIDE_STYLE('',(#17761));
#17761 = SURFACE_STYLE_FILL_AREA(#17762);
#17762 = FILL_AREA_STYLE('',(#17763));
#17763 = FILL_AREA_STYLE_COLOUR('',#16298);
#17764 = STYLED_ITEM('color',(#17765),#11398);
#17765 = PRESENTATION_STYLE_ASSIGNMENT((#17766));
#17766 = SURFACE_STYLE_USAGE(.BOTH.,#17767);
#17767 = SURFACE_SIDE_STYLE('',(#17768));
#17768 = SURFACE_STYLE_FILL_AREA(#17769);
#17769 = FILL_AREA_STYLE('',(#17770));
#17770 = FILL_AREA_STYLE_COLOUR('',#16248);
#17771 = STYLED_ITEM('color',(#17772),#11429);
#17772 = PRESENTATION_STYLE_ASSIGNMENT((#17773));
#17773 = SURFACE_STYLE_USAGE(.BOTH.,#17774);
#17774 = SURFACE_SIDE_STYLE('',(#17775));
#17775 = SURFACE_STYLE_FILL_AREA(#17776);
#17776 = FILL_AREA_STYLE('',(#17777));
#17777 = FILL_AREA_STYLE_COLOUR('',#16248);
#17778 = STYLED_ITEM('color',(#17779),#11460);
#17779 = PRESENTATION_STYLE_ASSIGNMENT((#17780));
#17780 = SURFACE_STYLE_USAGE(.BOTH.,#17781);
#17781 = SURFACE_SIDE_STYLE('',(#17782));
#17782 = SURFACE_STYLE_FILL_AREA(#17783);
#17783 = FILL_AREA_STYLE('',(#17784));
#17784 = FILL_AREA_STYLE_COLOUR('',#16298);
#17785 = STYLED_ITEM('color',(#17786),#11491);
#17786 = PRESENTATION_STYLE_ASSIGNMENT((#17787));
#17787 = SURFACE_STYLE_USAGE(.BOTH.,#17788);
#17788 = SURFACE_SIDE_STYLE('',(#17789));
#17789 = SURFACE_STYLE_FILL_AREA(#17790);
#17790 = FILL_AREA_STYLE('',(#17791));
#17791 = FILL_AREA_STYLE_COLOUR('',#16298);
#17792 = STYLED_ITEM('color',(#17793),#11522);
#17793 = PRESENTATION_STYLE_ASSIGNMENT((#17794));
#17794 = SURFACE_STYLE_USAGE(.BOTH.,#17795);
#17795 = SURFACE_SIDE_STYLE('',(#17796));
#17796 = SURFACE_STYLE_FILL_AREA(#17797);
#17797 = FILL_AREA_STYLE('',(#17798));
#17798 = FILL_AREA_STYLE_COLOUR('',#16248);
#17799 = STYLED_ITEM('color',(#17800),#11553);
#17800 = PRESENTATION_STYLE_ASSIGNMENT((#17801));
#17801 = SURFACE_STYLE_USAGE(.BOTH.,#17802);
#17802 = SURFACE_SIDE_STYLE('',(#17803));
#17803 = SURFACE_STYLE_FILL_AREA(#17804);
#17804 = FILL_AREA_STYLE('',(#17805));
#17805 = FILL_AREA_STYLE_COLOUR('',#16248);
#17806 = STYLED_ITEM('color',(#17807),#11570);
#17807 = PRESENTATION_STYLE_ASSIGNMENT((#17808));
#17808 = SURFACE_STYLE_USAGE(.BOTH.,#17809);
#17809 = SURFACE_SIDE_STYLE('',(#17810));
#17810 = SURFACE_STYLE_FILL_AREA(#17811);
#17811 = FILL_AREA_STYLE('',(#17812));
#17812 = FILL_AREA_STYLE_COLOUR('',#16248);
#17813 = STYLED_ITEM('color',(#17814),#11586);
#17814 = PRESENTATION_STYLE_ASSIGNMENT((#17815));
#17815 = SURFACE_STYLE_USAGE(.BOTH.,#17816);
#17816 = SURFACE_SIDE_STYLE('',(#17817));
#17817 = SURFACE_STYLE_FILL_AREA(#17818);
#17818 = FILL_AREA_STYLE('',(#17819));
#17819 = FILL_AREA_STYLE_COLOUR('',#16298);
#17820 = STYLED_ITEM('color',(#17821),#11603);
#17821 = PRESENTATION_STYLE_ASSIGNMENT((#17822));
#17822 = SURFACE_STYLE_USAGE(.BOTH.,#17823);
#17823 = SURFACE_SIDE_STYLE('',(#17824));
#17824 = SURFACE_STYLE_FILL_AREA(#17825);
#17825 = FILL_AREA_STYLE('',(#17826));
#17826 = FILL_AREA_STYLE_COLOUR('',#16298);
#17827 = STYLED_ITEM('color',(#17828),#11620);
#17828 = PRESENTATION_STYLE_ASSIGNMENT((#17829));
#17829 = SURFACE_STYLE_USAGE(.BOTH.,#17830);
#17830 = SURFACE_SIDE_STYLE('',(#17831));
#17831 = SURFACE_STYLE_FILL_AREA(#17832);
#17832 = FILL_AREA_STYLE('',(#17833));
#17833 = FILL_AREA_STYLE_COLOUR('',#16298);
#17834 = STYLED_ITEM('color',(#17835),#11637);
#17835 = PRESENTATION_STYLE_ASSIGNMENT((#17836));
#17836 = SURFACE_STYLE_USAGE(.BOTH.,#17837);
#17837 = SURFACE_SIDE_STYLE('',(#17838));
#17838 = SURFACE_STYLE_FILL_AREA(#17839);
#17839 = FILL_AREA_STYLE('',(#17840));
#17840 = FILL_AREA_STYLE_COLOUR('',#16298);
#17841 = STYLED_ITEM('color',(#17842),#11654);
#17842 = PRESENTATION_STYLE_ASSIGNMENT((#17843));
#17843 = SURFACE_STYLE_USAGE(.BOTH.,#17844);
#17844 = SURFACE_SIDE_STYLE('',(#17845));
#17845 = SURFACE_STYLE_FILL_AREA(#17846);
#17846 = FILL_AREA_STYLE('',(#17847));
#17847 = FILL_AREA_STYLE_COLOUR('',#16298);
#17848 = STYLED_ITEM('color',(#17849),#11671);
#17849 = PRESENTATION_STYLE_ASSIGNMENT((#17850));
#17850 = SURFACE_STYLE_USAGE(.BOTH.,#17851);
#17851 = SURFACE_SIDE_STYLE('',(#17852));
#17852 = SURFACE_STYLE_FILL_AREA(#17853);
#17853 = FILL_AREA_STYLE('',(#17854));
#17854 = FILL_AREA_STYLE_COLOUR('',#16298);
#17855 = STYLED_ITEM('color',(#17856),#11688);
#17856 = PRESENTATION_STYLE_ASSIGNMENT((#17857));
#17857 = SURFACE_STYLE_USAGE(.BOTH.,#17858);
#17858 = SURFACE_SIDE_STYLE('',(#17859));
#17859 = SURFACE_STYLE_FILL_AREA(#17860);
#17860 = FILL_AREA_STYLE('',(#17861));
#17861 = FILL_AREA_STYLE_COLOUR('',#16298);
#17862 = STYLED_ITEM('color',(#17863),#11705);
#17863 = PRESENTATION_STYLE_ASSIGNMENT((#17864));
#17864 = SURFACE_STYLE_USAGE(.BOTH.,#17865);
#17865 = SURFACE_SIDE_STYLE('',(#17866));
#17866 = SURFACE_STYLE_FILL_AREA(#17867);
#17867 = FILL_AREA_STYLE('',(#17868));
#17868 = FILL_AREA_STYLE_COLOUR('',#16298);
#17869 = STYLED_ITEM('color',(#17870),#11717);
#17870 = PRESENTATION_STYLE_ASSIGNMENT((#17871));
#17871 = SURFACE_STYLE_USAGE(.BOTH.,#17872);
#17872 = SURFACE_SIDE_STYLE('',(#17873));
#17873 = SURFACE_STYLE_FILL_AREA(#17874);
#17874 = FILL_AREA_STYLE('',(#17875));
#17875 = FILL_AREA_STYLE_COLOUR('',#16298);
#17876 = STYLED_ITEM('color',(#17877),#11734);
#17877 = PRESENTATION_STYLE_ASSIGNMENT((#17878));
#17878 = SURFACE_STYLE_USAGE(.BOTH.,#17879);
#17879 = SURFACE_SIDE_STYLE('',(#17880));
#17880 = SURFACE_STYLE_FILL_AREA(#17881);
#17881 = FILL_AREA_STYLE('',(#17882));
#17882 = FILL_AREA_STYLE_COLOUR('',#16298);
#17883 = STYLED_ITEM('color',(#17884),#11751);
#17884 = PRESENTATION_STYLE_ASSIGNMENT((#17885));
#17885 = SURFACE_STYLE_USAGE(.BOTH.,#17886);
#17886 = SURFACE_SIDE_STYLE('',(#17887));
#17887 = SURFACE_STYLE_FILL_AREA(#17888);
#17888 = FILL_AREA_STYLE('',(#17889));
#17889 = FILL_AREA_STYLE_COLOUR('',#16298);
#17890 = STYLED_ITEM('color',(#17891),#11768);
#17891 = PRESENTATION_STYLE_ASSIGNMENT((#17892));
#17892 = SURFACE_STYLE_USAGE(.BOTH.,#17893);
#17893 = SURFACE_SIDE_STYLE('',(#17894));
#17894 = SURFACE_STYLE_FILL_AREA(#17895);
#17895 = FILL_AREA_STYLE('',(#17896));
#17896 = FILL_AREA_STYLE_COLOUR('',#16298);
#17897 = STYLED_ITEM('color',(#17898),#11785);
#17898 = PRESENTATION_STYLE_ASSIGNMENT((#17899));
#17899 = SURFACE_STYLE_USAGE(.BOTH.,#17900);
#17900 = SURFACE_SIDE_STYLE('',(#17901));
#17901 = SURFACE_STYLE_FILL_AREA(#17902);
#17902 = FILL_AREA_STYLE('',(#17903));
#17903 = FILL_AREA_STYLE_COLOUR('',#16298);
#17904 = STYLED_ITEM('color',(#17905),#11802);
#17905 = PRESENTATION_STYLE_ASSIGNMENT((#17906));
#17906 = SURFACE_STYLE_USAGE(.BOTH.,#17907);
#17907 = SURFACE_SIDE_STYLE('',(#17908));
#17908 = SURFACE_STYLE_FILL_AREA(#17909);
#17909 = FILL_AREA_STYLE('',(#17910));
#17910 = FILL_AREA_STYLE_COLOUR('',#16298);
#17911 = STYLED_ITEM('color',(#17912),#11819);
#17912 = PRESENTATION_STYLE_ASSIGNMENT((#17913));
#17913 = SURFACE_STYLE_USAGE(.BOTH.,#17914);
#17914 = SURFACE_SIDE_STYLE('',(#17915));
#17915 = SURFACE_STYLE_FILL_AREA(#17916);
#17916 = FILL_AREA_STYLE('',(#17917));
#17917 = FILL_AREA_STYLE_COLOUR('',#16298);
#17918 = STYLED_ITEM('color',(#17919),#11836);
#17919 = PRESENTATION_STYLE_ASSIGNMENT((#17920));
#17920 = SURFACE_STYLE_USAGE(.BOTH.,#17921);
#17921 = SURFACE_SIDE_STYLE('',(#17922));
#17922 = SURFACE_STYLE_FILL_AREA(#17923);
#17923 = FILL_AREA_STYLE('',(#17924));
#17924 = FILL_AREA_STYLE_COLOUR('',#16298);
#17925 = STYLED_ITEM('color',(#17926),#11848);
#17926 = PRESENTATION_STYLE_ASSIGNMENT((#17927));
#17927 = SURFACE_STYLE_USAGE(.BOTH.,#17928);
#17928 = SURFACE_SIDE_STYLE('',(#17929));
#17929 = SURFACE_STYLE_FILL_AREA(#17930);
#17930 = FILL_AREA_STYLE('',(#17931));
#17931 = FILL_AREA_STYLE_COLOUR('',#16248);
#17932 = STYLED_ITEM('color',(#17933),#11871);
#17933 = PRESENTATION_STYLE_ASSIGNMENT((#17934));
#17934 = SURFACE_STYLE_USAGE(.BOTH.,#17935);
#17935 = SURFACE_SIDE_STYLE('',(#17936));
#17936 = SURFACE_STYLE_FILL_AREA(#17937);
#17937 = FILL_AREA_STYLE('',(#17938));
#17938 = FILL_AREA_STYLE_COLOUR('',#16248);
#17939 = STYLED_ITEM('color',(#17940),#11887);
#17940 = PRESENTATION_STYLE_ASSIGNMENT((#17941));
#17941 = SURFACE_STYLE_USAGE(.BOTH.,#17942);
#17942 = SURFACE_SIDE_STYLE('',(#17943));
#17943 = SURFACE_STYLE_FILL_AREA(#17944);
#17944 = FILL_AREA_STYLE('',(#17945));
#17945 = FILL_AREA_STYLE_COLOUR('',#16248);
#17946 = STYLED_ITEM('color',(#17947),#11910);
#17947 = PRESENTATION_STYLE_ASSIGNMENT((#17948));
#17948 = SURFACE_STYLE_USAGE(.BOTH.,#17949);
#17949 = SURFACE_SIDE_STYLE('',(#17950));
#17950 = SURFACE_STYLE_FILL_AREA(#17951);
#17951 = FILL_AREA_STYLE('',(#17952));
#17952 = FILL_AREA_STYLE_COLOUR('',#16248);
#17953 = STYLED_ITEM('color',(#17954),#11997);
#17954 = PRESENTATION_STYLE_ASSIGNMENT((#17955));
#17955 = SURFACE_STYLE_USAGE(.BOTH.,#17956);
#17956 = SURFACE_SIDE_STYLE('',(#17957));
#17957 = SURFACE_STYLE_FILL_AREA(#17958);
#17958 = FILL_AREA_STYLE('',(#17959));
#17959 = FILL_AREA_STYLE_COLOUR('',#16248);
#17960 = STYLED_ITEM('color',(#17961),#12020);
#17961 = PRESENTATION_STYLE_ASSIGNMENT((#17962));
#17962 = SURFACE_STYLE_USAGE(.BOTH.,#17963);
#17963 = SURFACE_SIDE_STYLE('',(#17964));
#17964 = SURFACE_STYLE_FILL_AREA(#17965);
#17965 = FILL_AREA_STYLE('',(#17966));
#17966 = FILL_AREA_STYLE_COLOUR('',#16248);
#17967 = STYLED_ITEM('color',(#17968),#12037);
#17968 = PRESENTATION_STYLE_ASSIGNMENT((#17969));
#17969 = SURFACE_STYLE_USAGE(.BOTH.,#17970);
#17970 = SURFACE_SIDE_STYLE('',(#17971));
#17971 = SURFACE_STYLE_FILL_AREA(#17972);
#17972 = FILL_AREA_STYLE('',(#17973));
#17973 = FILL_AREA_STYLE_COLOUR('',#17974);
#17974 = COLOUR_RGB('',0.690196106937,0.662745111292,0.596078458879);
#17975 = STYLED_ITEM('color',(#17976),#12062);
#17976 = PRESENTATION_STYLE_ASSIGNMENT((#17977));
#17977 = SURFACE_STYLE_USAGE(.BOTH.,#17978);
#17978 = SURFACE_SIDE_STYLE('',(#17979));
#17979 = SURFACE_STYLE_FILL_AREA(#17980);
#17980 = FILL_AREA_STYLE('',(#17981));
#17981 = FILL_AREA_STYLE_COLOUR('',#16248);
#17982 = STYLED_ITEM('color',(#17983),#12078);
#17983 = PRESENTATION_STYLE_ASSIGNMENT((#17984));
#17984 = SURFACE_STYLE_USAGE(.BOTH.,#17985);
#17985 = SURFACE_SIDE_STYLE('',(#17986));
#17986 = SURFACE_STYLE_FILL_AREA(#17987);
#17987 = FILL_AREA_STYLE('',(#17988));
#17988 = FILL_AREA_STYLE_COLOUR('',#16248);
#17989 = STYLED_ITEM('color',(#17990),#12094);
#17990 = PRESENTATION_STYLE_ASSIGNMENT((#17991));
#17991 = SURFACE_STYLE_USAGE(.BOTH.,#17992);
#17992 = SURFACE_SIDE_STYLE('',(#17993));
#17993 = SURFACE_STYLE_FILL_AREA(#17994);
#17994 = FILL_AREA_STYLE('',(#17995));
#17995 = FILL_AREA_STYLE_COLOUR('',#16248);
#17996 = STYLED_ITEM('color',(#17997),#12111);
#17997 = PRESENTATION_STYLE_ASSIGNMENT((#17998));
#17998 = SURFACE_STYLE_USAGE(.BOTH.,#17999);
#17999 = SURFACE_SIDE_STYLE('',(#18000));
#18000 = SURFACE_STYLE_FILL_AREA(#18001);
#18001 = FILL_AREA_STYLE('',(#18002));
#18002 = FILL_AREA_STYLE_COLOUR('',#16298);
#18003 = STYLED_ITEM('color',(#18004),#12203);
#18004 = PRESENTATION_STYLE_ASSIGNMENT((#18005));
#18005 = SURFACE_STYLE_USAGE(.BOTH.,#18006);
#18006 = SURFACE_SIDE_STYLE('',(#18007));
#18007 = SURFACE_STYLE_FILL_AREA(#18008);
#18008 = FILL_AREA_STYLE('',(#18009));
#18009 = FILL_AREA_STYLE_COLOUR('',#16298);
#18010 = STYLED_ITEM('color',(#18011),#12295);
#18011 = PRESENTATION_STYLE_ASSIGNMENT((#18012));
#18012 = SURFACE_STYLE_USAGE(.BOTH.,#18013);
#18013 = SURFACE_SIDE_STYLE('',(#18014));
#18014 = SURFACE_STYLE_FILL_AREA(#18015);
#18015 = FILL_AREA_STYLE('',(#18016));
#18016 = FILL_AREA_STYLE_COLOUR('',#16248);
#18017 = STYLED_ITEM('color',(#18018),#12316);
#18018 = PRESENTATION_STYLE_ASSIGNMENT((#18019));
#18019 = SURFACE_STYLE_USAGE(.BOTH.,#18020);
#18020 = SURFACE_SIDE_STYLE('',(#18021));
#18021 = SURFACE_STYLE_FILL_AREA(#18022);
#18022 = FILL_AREA_STYLE('',(#18023));
#18023 = FILL_AREA_STYLE_COLOUR('',#16298);
#18024 = STYLED_ITEM('color',(#18025),#12341);
#18025 = PRESENTATION_STYLE_ASSIGNMENT((#18026));
#18026 = SURFACE_STYLE_USAGE(.BOTH.,#18027);
#18027 = SURFACE_SIDE_STYLE('',(#18028));
#18028 = SURFACE_STYLE_FILL_AREA(#18029);
#18029 = FILL_AREA_STYLE('',(#18030));
#18030 = FILL_AREA_STYLE_COLOUR('',#16298);
#18031 = STYLED_ITEM('color',(#18032),#12425);
#18032 = PRESENTATION_STYLE_ASSIGNMENT((#18033));
#18033 = SURFACE_STYLE_USAGE(.BOTH.,#18034);
#18034 = SURFACE_SIDE_STYLE('',(#18035));
#18035 = SURFACE_STYLE_FILL_AREA(#18036);
#18036 = FILL_AREA_STYLE('',(#18037));
#18037 = FILL_AREA_STYLE_COLOUR('',#16298);
#18038 = STYLED_ITEM('color',(#18039),#12517);
#18039 = PRESENTATION_STYLE_ASSIGNMENT((#18040));
#18040 = SURFACE_STYLE_USAGE(.BOTH.,#18041);
#18041 = SURFACE_SIDE_STYLE('',(#18042));
#18042 = SURFACE_STYLE_FILL_AREA(#18043);
#18043 = FILL_AREA_STYLE('',(#18044));
#18044 = FILL_AREA_STYLE_COLOUR('',#16298);
#18045 = STYLED_ITEM('color',(#18046),#12534);
#18046 = PRESENTATION_STYLE_ASSIGNMENT((#18047));
#18047 = SURFACE_STYLE_USAGE(.BOTH.,#18048);
#18048 = SURFACE_SIDE_STYLE('',(#18049));
#18049 = SURFACE_STYLE_FILL_AREA(#18050);
#18050 = FILL_AREA_STYLE('',(#18051));
#18051 = FILL_AREA_STYLE_COLOUR('',#16248);
#18052 = STYLED_ITEM('color',(#18053),#12556);
#18053 = PRESENTATION_STYLE_ASSIGNMENT((#18054));
#18054 = SURFACE_STYLE_USAGE(.BOTH.,#18055);
#18055 = SURFACE_SIDE_STYLE('',(#18056));
#18056 = SURFACE_STYLE_FILL_AREA(#18057);
#18057 = FILL_AREA_STYLE('',(#18058));
#18058 = FILL_AREA_STYLE_COLOUR('',#16298);
#18059 = STYLED_ITEM('color',(#18060),#12648);
#18060 = PRESENTATION_STYLE_ASSIGNMENT((#18061));
#18061 = SURFACE_STYLE_USAGE(.BOTH.,#18062);
#18062 = SURFACE_SIDE_STYLE('',(#18063));
#18063 = SURFACE_STYLE_FILL_AREA(#18064);
#18064 = FILL_AREA_STYLE('',(#18065));
#18065 = FILL_AREA_STYLE_COLOUR('',#16298);
#18066 = STYLED_ITEM('color',(#18067),#12740);
#18067 = PRESENTATION_STYLE_ASSIGNMENT((#18068));
#18068 = SURFACE_STYLE_USAGE(.BOTH.,#18069);
#18069 = SURFACE_SIDE_STYLE('',(#18070));
#18070 = SURFACE_STYLE_FILL_AREA(#18071);
#18071 = FILL_AREA_STYLE('',(#18072));
#18072 = FILL_AREA_STYLE_COLOUR('',#16248);
#18073 = STYLED_ITEM('color',(#18074),#12762);
#18074 = PRESENTATION_STYLE_ASSIGNMENT((#18075));
#18075 = SURFACE_STYLE_USAGE(.BOTH.,#18076);
#18076 = SURFACE_SIDE_STYLE('',(#18077));
#18077 = SURFACE_STYLE_FILL_AREA(#18078);
#18078 = FILL_AREA_STYLE('',(#18079));
#18079 = FILL_AREA_STYLE_COLOUR('',#16298);
#18080 = STYLED_ITEM('color',(#18081),#12787);
#18081 = PRESENTATION_STYLE_ASSIGNMENT((#18082));
#18082 = SURFACE_STYLE_USAGE(.BOTH.,#18083);
#18083 = SURFACE_SIDE_STYLE('',(#18084));
#18084 = SURFACE_STYLE_FILL_AREA(#18085);
#18085 = FILL_AREA_STYLE('',(#18086));
#18086 = FILL_AREA_STYLE_COLOUR('',#16298);
#18087 = STYLED_ITEM('color',(#18088),#12871);
#18088 = PRESENTATION_STYLE_ASSIGNMENT((#18089));
#18089 = SURFACE_STYLE_USAGE(.BOTH.,#18090);
#18090 = SURFACE_SIDE_STYLE('',(#18091));
#18091 = SURFACE_STYLE_FILL_AREA(#18092);
#18092 = FILL_AREA_STYLE('',(#18093));
#18093 = FILL_AREA_STYLE_COLOUR('',#16298);
#18094 = STYLED_ITEM('color',(#18095),#12963);
#18095 = PRESENTATION_STYLE_ASSIGNMENT((#18096));
#18096 = SURFACE_STYLE_USAGE(.BOTH.,#18097);
#18097 = SURFACE_SIDE_STYLE('',(#18098));
#18098 = SURFACE_STYLE_FILL_AREA(#18099);
#18099 = FILL_AREA_STYLE('',(#18100));
#18100 = FILL_AREA_STYLE_COLOUR('',#16298);
#18101 = STYLED_ITEM('color',(#18102),#12980);
#18102 = PRESENTATION_STYLE_ASSIGNMENT((#18103));
#18103 = SURFACE_STYLE_USAGE(.BOTH.,#18104);
#18104 = SURFACE_SIDE_STYLE('',(#18105));
#18105 = SURFACE_STYLE_FILL_AREA(#18106);
#18106 = FILL_AREA_STYLE('',(#18107));
#18107 = FILL_AREA_STYLE_COLOUR('',#16248);
#18108 = STYLED_ITEM('color',(#18109),#13002);
#18109 = PRESENTATION_STYLE_ASSIGNMENT((#18110));
#18110 = SURFACE_STYLE_USAGE(.BOTH.,#18111);
#18111 = SURFACE_SIDE_STYLE('',(#18112));
#18112 = SURFACE_STYLE_FILL_AREA(#18113);
#18113 = FILL_AREA_STYLE('',(#18114));
#18114 = FILL_AREA_STYLE_COLOUR('',#16248);
#18115 = STYLED_ITEM('color',(#18116),#13014);
#18116 = PRESENTATION_STYLE_ASSIGNMENT((#18117));
#18117 = SURFACE_STYLE_USAGE(.BOTH.,#18118);
#18118 = SURFACE_SIDE_STYLE('',(#18119));
#18119 = SURFACE_STYLE_FILL_AREA(#18120);
#18120 = FILL_AREA_STYLE('',(#18121));
#18121 = FILL_AREA_STYLE_COLOUR('',#16298);
#18122 = STYLED_ITEM('color',(#18123),#13033);
#18123 = PRESENTATION_STYLE_ASSIGNMENT((#18124));
#18124 = SURFACE_STYLE_USAGE(.BOTH.,#18125);
#18125 = SURFACE_SIDE_STYLE('',(#18126));
#18126 = SURFACE_STYLE_FILL_AREA(#18127);
#18127 = FILL_AREA_STYLE('',(#18128));
#18128 = FILL_AREA_STYLE_COLOUR('',#16298);
#18129 = STYLED_ITEM('color',(#18130),#13052);
#18130 = PRESENTATION_STYLE_ASSIGNMENT((#18131));
#18131 = SURFACE_STYLE_USAGE(.BOTH.,#18132);
#18132 = SURFACE_SIDE_STYLE('',(#18133));
#18133 = SURFACE_STYLE_FILL_AREA(#18134);
#18134 = FILL_AREA_STYLE('',(#18135));
#18135 = FILL_AREA_STYLE_COLOUR('',#16298);
#18136 = STYLED_ITEM('color',(#18137),#13071);
#18137 = PRESENTATION_STYLE_ASSIGNMENT((#18138));
#18138 = SURFACE_STYLE_USAGE(.BOTH.,#18139);
#18139 = SURFACE_SIDE_STYLE('',(#18140));
#18140 = SURFACE_STYLE_FILL_AREA(#18141);
#18141 = FILL_AREA_STYLE('',(#18142));
#18142 = FILL_AREA_STYLE_COLOUR('',#16298);
#18143 = STYLED_ITEM('color',(#18144),#13090);
#18144 = PRESENTATION_STYLE_ASSIGNMENT((#18145));
#18145 = SURFACE_STYLE_USAGE(.BOTH.,#18146);
#18146 = SURFACE_SIDE_STYLE('',(#18147));
#18147 = SURFACE_STYLE_FILL_AREA(#18148);
#18148 = FILL_AREA_STYLE('',(#18149));
#18149 = FILL_AREA_STYLE_COLOUR('',#17974);
#18150 = STYLED_ITEM('color',(#18151),#13099);
#18151 = PRESENTATION_STYLE_ASSIGNMENT((#18152));
#18152 = SURFACE_STYLE_USAGE(.BOTH.,#18153);
#18153 = SURFACE_SIDE_STYLE('',(#18154));
#18154 = SURFACE_STYLE_FILL_AREA(#18155);
#18155 = FILL_AREA_STYLE('',(#18156));
#18156 = FILL_AREA_STYLE_COLOUR('',#16298);
#18157 = STYLED_ITEM('color',(#18158),#13116);
#18158 = PRESENTATION_STYLE_ASSIGNMENT((#18159));
#18159 = SURFACE_STYLE_USAGE(.BOTH.,#18160);
#18160 = SURFACE_SIDE_STYLE('',(#18161));
#18161 = SURFACE_STYLE_FILL_AREA(#18162);
#18162 = FILL_AREA_STYLE('',(#18163));
#18163 = FILL_AREA_STYLE_COLOUR('',#16298);
#18164 = STYLED_ITEM('color',(#18165),#13133);
#18165 = PRESENTATION_STYLE_ASSIGNMENT((#18166));
#18166 = SURFACE_STYLE_USAGE(.BOTH.,#18167);
#18167 = SURFACE_SIDE_STYLE('',(#18168));
#18168 = SURFACE_STYLE_FILL_AREA(#18169);
#18169 = FILL_AREA_STYLE('',(#18170));
#18170 = FILL_AREA_STYLE_COLOUR('',#16298);
#18171 = STYLED_ITEM('color',(#18172),#13150);
#18172 = PRESENTATION_STYLE_ASSIGNMENT((#18173));
#18173 = SURFACE_STYLE_USAGE(.BOTH.,#18174);
#18174 = SURFACE_SIDE_STYLE('',(#18175));
#18175 = SURFACE_STYLE_FILL_AREA(#18176);
#18176 = FILL_AREA_STYLE('',(#18177));
#18177 = FILL_AREA_STYLE_COLOUR('',#16298);
#18178 = STYLED_ITEM('color',(#18179),#13167);
#18179 = PRESENTATION_STYLE_ASSIGNMENT((#18180));
#18180 = SURFACE_STYLE_USAGE(.BOTH.,#18181);
#18181 = SURFACE_SIDE_STYLE('',(#18182));
#18182 = SURFACE_STYLE_FILL_AREA(#18183);
#18183 = FILL_AREA_STYLE('',(#18184));
#18184 = FILL_AREA_STYLE_COLOUR('',#16298);
#18185 = STYLED_ITEM('color',(#18186),#13184);
#18186 = PRESENTATION_STYLE_ASSIGNMENT((#18187));
#18187 = SURFACE_STYLE_USAGE(.BOTH.,#18188);
#18188 = SURFACE_SIDE_STYLE('',(#18189));
#18189 = SURFACE_STYLE_FILL_AREA(#18190);
#18190 = FILL_AREA_STYLE('',(#18191));
#18191 = FILL_AREA_STYLE_COLOUR('',#16298);
#18192 = STYLED_ITEM('color',(#18193),#13201);
#18193 = PRESENTATION_STYLE_ASSIGNMENT((#18194));
#18194 = SURFACE_STYLE_USAGE(.BOTH.,#18195);
#18195 = SURFACE_SIDE_STYLE('',(#18196));
#18196 = SURFACE_STYLE_FILL_AREA(#18197);
#18197 = FILL_AREA_STYLE('',(#18198));
#18198 = FILL_AREA_STYLE_COLOUR('',#16298);
#18199 = STYLED_ITEM('color',(#18200),#13218);
#18200 = PRESENTATION_STYLE_ASSIGNMENT((#18201));
#18201 = SURFACE_STYLE_USAGE(.BOTH.,#18202);
#18202 = SURFACE_SIDE_STYLE('',(#18203));
#18203 = SURFACE_STYLE_FILL_AREA(#18204);
#18204 = FILL_AREA_STYLE('',(#18205));
#18205 = FILL_AREA_STYLE_COLOUR('',#16298);
#18206 = STYLED_ITEM('color',(#18207),#13230);
#18207 = PRESENTATION_STYLE_ASSIGNMENT((#18208));
#18208 = SURFACE_STYLE_USAGE(.BOTH.,#18209);
#18209 = SURFACE_SIDE_STYLE('',(#18210));
#18210 = SURFACE_STYLE_FILL_AREA(#18211);
#18211 = FILL_AREA_STYLE('',(#18212));
#18212 = FILL_AREA_STYLE_COLOUR('',#16298);
#18213 = STYLED_ITEM('color',(#18214),#13247);
#18214 = PRESENTATION_STYLE_ASSIGNMENT((#18215));
#18215 = SURFACE_STYLE_USAGE(.BOTH.,#18216);
#18216 = SURFACE_SIDE_STYLE('',(#18217));
#18217 = SURFACE_STYLE_FILL_AREA(#18218);
#18218 = FILL_AREA_STYLE('',(#18219));
#18219 = FILL_AREA_STYLE_COLOUR('',#16298);
#18220 = STYLED_ITEM('color',(#18221),#13264);
#18221 = PRESENTATION_STYLE_ASSIGNMENT((#18222));
#18222 = SURFACE_STYLE_USAGE(.BOTH.,#18223);
#18223 = SURFACE_SIDE_STYLE('',(#18224));
#18224 = SURFACE_STYLE_FILL_AREA(#18225);
#18225 = FILL_AREA_STYLE('',(#18226));
#18226 = FILL_AREA_STYLE_COLOUR('',#16298);
#18227 = STYLED_ITEM('color',(#18228),#13281);
#18228 = PRESENTATION_STYLE_ASSIGNMENT((#18229));
#18229 = SURFACE_STYLE_USAGE(.BOTH.,#18230);
#18230 = SURFACE_SIDE_STYLE('',(#18231));
#18231 = SURFACE_STYLE_FILL_AREA(#18232);
#18232 = FILL_AREA_STYLE('',(#18233));
#18233 = FILL_AREA_STYLE_COLOUR('',#16298);
#18234 = STYLED_ITEM('color',(#18235),#13298);
#18235 = PRESENTATION_STYLE_ASSIGNMENT((#18236));
#18236 = SURFACE_STYLE_USAGE(.BOTH.,#18237);
#18237 = SURFACE_SIDE_STYLE('',(#18238));
#18238 = SURFACE_STYLE_FILL_AREA(#18239);
#18239 = FILL_AREA_STYLE('',(#18240));
#18240 = FILL_AREA_STYLE_COLOUR('',#16298);
#18241 = STYLED_ITEM('color',(#18242),#13315);
#18242 = PRESENTATION_STYLE_ASSIGNMENT((#18243));
#18243 = SURFACE_STYLE_USAGE(.BOTH.,#18244);
#18244 = SURFACE_SIDE_STYLE('',(#18245));
#18245 = SURFACE_STYLE_FILL_AREA(#18246);
#18246 = FILL_AREA_STYLE('',(#18247));
#18247 = FILL_AREA_STYLE_COLOUR('',#16298);
#18248 = STYLED_ITEM('color',(#18249),#13332);
#18249 = PRESENTATION_STYLE_ASSIGNMENT((#18250));
#18250 = SURFACE_STYLE_USAGE(.BOTH.,#18251);
#18251 = SURFACE_SIDE_STYLE('',(#18252));
#18252 = SURFACE_STYLE_FILL_AREA(#18253);
#18253 = FILL_AREA_STYLE('',(#18254));
#18254 = FILL_AREA_STYLE_COLOUR('',#16298);
#18255 = STYLED_ITEM('color',(#18256),#13349);
#18256 = PRESENTATION_STYLE_ASSIGNMENT((#18257));
#18257 = SURFACE_STYLE_USAGE(.BOTH.,#18258);
#18258 = SURFACE_SIDE_STYLE('',(#18259));
#18259 = SURFACE_STYLE_FILL_AREA(#18260);
#18260 = FILL_AREA_STYLE('',(#18261));
#18261 = FILL_AREA_STYLE_COLOUR('',#16298);
#18262 = STYLED_ITEM('color',(#18263),#13361);
#18263 = PRESENTATION_STYLE_ASSIGNMENT((#18264));
#18264 = SURFACE_STYLE_USAGE(.BOTH.,#18265);
#18265 = SURFACE_SIDE_STYLE('',(#18266));
#18266 = SURFACE_STYLE_FILL_AREA(#18267);
#18267 = FILL_AREA_STYLE('',(#18268));
#18268 = FILL_AREA_STYLE_COLOUR('',#16298);
#18269 = STYLED_ITEM('color',(#18270),#13378);
#18270 = PRESENTATION_STYLE_ASSIGNMENT((#18271));
#18271 = SURFACE_STYLE_USAGE(.BOTH.,#18272);
#18272 = SURFACE_SIDE_STYLE('',(#18273));
#18273 = SURFACE_STYLE_FILL_AREA(#18274);
#18274 = FILL_AREA_STYLE('',(#18275));
#18275 = FILL_AREA_STYLE_COLOUR('',#16298);
#18276 = STYLED_ITEM('color',(#18277),#13395);
#18277 = PRESENTATION_STYLE_ASSIGNMENT((#18278));
#18278 = SURFACE_STYLE_USAGE(.BOTH.,#18279);
#18279 = SURFACE_SIDE_STYLE('',(#18280));
#18280 = SURFACE_STYLE_FILL_AREA(#18281);
#18281 = FILL_AREA_STYLE('',(#18282));
#18282 = FILL_AREA_STYLE_COLOUR('',#16298);
#18283 = STYLED_ITEM('color',(#18284),#13412);
#18284 = PRESENTATION_STYLE_ASSIGNMENT((#18285));
#18285 = SURFACE_STYLE_USAGE(.BOTH.,#18286);
#18286 = SURFACE_SIDE_STYLE('',(#18287));
#18287 = SURFACE_STYLE_FILL_AREA(#18288);
#18288 = FILL_AREA_STYLE('',(#18289));
#18289 = FILL_AREA_STYLE_COLOUR('',#16298);
#18290 = STYLED_ITEM('color',(#18291),#13429);
#18291 = PRESENTATION_STYLE_ASSIGNMENT((#18292));
#18292 = SURFACE_STYLE_USAGE(.BOTH.,#18293);
#18293 = SURFACE_SIDE_STYLE('',(#18294));
#18294 = SURFACE_STYLE_FILL_AREA(#18295);
#18295 = FILL_AREA_STYLE('',(#18296));
#18296 = FILL_AREA_STYLE_COLOUR('',#16298);
#18297 = STYLED_ITEM('color',(#18298),#13446);
#18298 = PRESENTATION_STYLE_ASSIGNMENT((#18299));
#18299 = SURFACE_STYLE_USAGE(.BOTH.,#18300);
#18300 = SURFACE_SIDE_STYLE('',(#18301));
#18301 = SURFACE_STYLE_FILL_AREA(#18302);
#18302 = FILL_AREA_STYLE('',(#18303));
#18303 = FILL_AREA_STYLE_COLOUR('',#16298);
#18304 = STYLED_ITEM('color',(#18305),#13463);
#18305 = PRESENTATION_STYLE_ASSIGNMENT((#18306));
#18306 = SURFACE_STYLE_USAGE(.BOTH.,#18307);
#18307 = SURFACE_SIDE_STYLE('',(#18308));
#18308 = SURFACE_STYLE_FILL_AREA(#18309);
#18309 = FILL_AREA_STYLE('',(#18310));
#18310 = FILL_AREA_STYLE_COLOUR('',#16298);
#18311 = STYLED_ITEM('color',(#18312),#13480);
#18312 = PRESENTATION_STYLE_ASSIGNMENT((#18313));
#18313 = SURFACE_STYLE_USAGE(.BOTH.,#18314);
#18314 = SURFACE_SIDE_STYLE('',(#18315));
#18315 = SURFACE_STYLE_FILL_AREA(#18316);
#18316 = FILL_AREA_STYLE('',(#18317));
#18317 = FILL_AREA_STYLE_COLOUR('',#16298);
#18318 = STYLED_ITEM('color',(#18319),#13492);
#18319 = PRESENTATION_STYLE_ASSIGNMENT((#18320));
#18320 = SURFACE_STYLE_USAGE(.BOTH.,#18321);
#18321 = SURFACE_SIDE_STYLE('',(#18322));
#18322 = SURFACE_STYLE_FILL_AREA(#18323);
#18323 = FILL_AREA_STYLE('',(#18324));
#18324 = FILL_AREA_STYLE_COLOUR('',#16298);
#18325 = STYLED_ITEM('color',(#18326),#13509);
#18326 = PRESENTATION_STYLE_ASSIGNMENT((#18327));
#18327 = SURFACE_STYLE_USAGE(.BOTH.,#18328);
#18328 = SURFACE_SIDE_STYLE('',(#18329));
#18329 = SURFACE_STYLE_FILL_AREA(#18330);
#18330 = FILL_AREA_STYLE('',(#18331));
#18331 = FILL_AREA_STYLE_COLOUR('',#16298);
#18332 = STYLED_ITEM('color',(#18333),#13526);
#18333 = PRESENTATION_STYLE_ASSIGNMENT((#18334));
#18334 = SURFACE_STYLE_USAGE(.BOTH.,#18335);
#18335 = SURFACE_SIDE_STYLE('',(#18336));
#18336 = SURFACE_STYLE_FILL_AREA(#18337);
#18337 = FILL_AREA_STYLE('',(#18338));
#18338 = FILL_AREA_STYLE_COLOUR('',#16298);
#18339 = STYLED_ITEM('color',(#18340),#13543);
#18340 = PRESENTATION_STYLE_ASSIGNMENT((#18341));
#18341 = SURFACE_STYLE_USAGE(.BOTH.,#18342);
#18342 = SURFACE_SIDE_STYLE('',(#18343));
#18343 = SURFACE_STYLE_FILL_AREA(#18344);
#18344 = FILL_AREA_STYLE('',(#18345));
#18345 = FILL_AREA_STYLE_COLOUR('',#16298);
#18346 = STYLED_ITEM('color',(#18347),#13560);
#18347 = PRESENTATION_STYLE_ASSIGNMENT((#18348));
#18348 = SURFACE_STYLE_USAGE(.BOTH.,#18349);
#18349 = SURFACE_SIDE_STYLE('',(#18350));
#18350 = SURFACE_STYLE_FILL_AREA(#18351);
#18351 = FILL_AREA_STYLE('',(#18352));
#18352 = FILL_AREA_STYLE_COLOUR('',#16298);
#18353 = STYLED_ITEM('color',(#18354),#13577);
#18354 = PRESENTATION_STYLE_ASSIGNMENT((#18355));
#18355 = SURFACE_STYLE_USAGE(.BOTH.,#18356);
#18356 = SURFACE_SIDE_STYLE('',(#18357));
#18357 = SURFACE_STYLE_FILL_AREA(#18358);
#18358 = FILL_AREA_STYLE('',(#18359));
#18359 = FILL_AREA_STYLE_COLOUR('',#16298);
#18360 = STYLED_ITEM('color',(#18361),#13594);
#18361 = PRESENTATION_STYLE_ASSIGNMENT((#18362));
#18362 = SURFACE_STYLE_USAGE(.BOTH.,#18363);
#18363 = SURFACE_SIDE_STYLE('',(#18364));
#18364 = SURFACE_STYLE_FILL_AREA(#18365);
#18365 = FILL_AREA_STYLE('',(#18366));
#18366 = FILL_AREA_STYLE_COLOUR('',#16298);
#18367 = STYLED_ITEM('color',(#18368),#13611);
#18368 = PRESENTATION_STYLE_ASSIGNMENT((#18369));
#18369 = SURFACE_STYLE_USAGE(.BOTH.,#18370);
#18370 = SURFACE_SIDE_STYLE('',(#18371));
#18371 = SURFACE_STYLE_FILL_AREA(#18372);
#18372 = FILL_AREA_STYLE('',(#18373));
#18373 = FILL_AREA_STYLE_COLOUR('',#16298);
#18374 = MECHANICAL_DESIGN_GEOMETRIC_PRESENTATION_REPRESENTATION('',(
    #18375),#16218);
#18375 = STYLED_ITEM('color',(#18376),#15421);
#18376 = PRESENTATION_STYLE_ASSIGNMENT((#18377));
#18377 = SURFACE_STYLE_USAGE(.BOTH.,#18378);
#18378 = SURFACE_SIDE_STYLE('',(#18379));
#18379 = SURFACE_STYLE_FILL_AREA(#18380);
#18380 = FILL_AREA_STYLE('',(#18381));
#18381 = FILL_AREA_STYLE_COLOUR('',#18382);
#18382 = COLOUR_RGB('',0.313304153717,0.484529207832,0.410020903123);
ENDSEC;
END-ISO-10303-21;
